admissible_state,ae4_expression,cluster_id,co2_factor,complete_rest_gate_pass,converged_root,cost,max_abs_scaled_independent_rhs,message,nfev,nhe1_factor,optimality,optimizer_success,predecessor_co2_factor,predecessor_nhe1_factor,root_alias,root_id,root_internal_gate_pass,seed_core_sha256,seed_id,selected_cluster,solution_core_sha256
True,1.0,B00,1.0,True,True,3.3071273946018677e-24,2.5478751053409354e-12,`xtol` termination condition is satisfied.,2,1.0,2.6683634308388426e-07,True,,,R03,N_ABS_NKCC_S4_PHIGH_KLOW_AE4NA05_P1_H1:B00,True,cd654899393c3b4a8e9f01428070c71e199a4207e0dac68e99e9d260225b1048,continuation_predecessor,True,2d7ab96634e977e3556efa0365f890fe54b3c9e1b3fd20c3747d19a6e8c12cd5
True,1.0,B00,1.0,True,True,3.754402011313824e-24,2.738694687698384e-12,`xtol` termination condition is satisfied.,193,1.0,3.6951441684530844e-08,True,,,R03,N_ABS_NKCC_S4_PHIGH_KLOW_AE4NA05_P1_H1:B00,True,ad9a3125472395044b8d7022c0c00a674ccf394ad7a82f06410ffa0ac36ce14f,inherited_saved_rest,True,e3cd5dd78410e9615afa1e1c93c22a33131d4dc2e6b3525c787e4ddc8c5e067e
True,1.0,B00,1.0,True,True,1.1405266065805631e-23,4.718447854656915e-12,`xtol` termination condition is satisfied.,84,0.5,5.032316330096249e-07,True,1.0,1.0,R03,N_ABS_NKCC_S4_PHIGH_KLOW_AE4NA05_P1_H1:B00,True,2d7ab96634e977e3556efa0365f890fe54b3c9e1b3fd20c3747d19a6e8c12cd5,continuation_predecessor,True,3e07dbe0ed7168a1ec314830cbc79d6ce985005dc162e938e4f4acdf2e167948
True,1.0,B00,1.0,True,True,1.1405266065805631e-23,4.718447854656915e-12,`xtol` termination condition is satisfied.,84,0.5,5.032316330096249e-07,True,1.0,1.0,R03,N_ABS_NKCC_S4_PHIGH_KLOW_AE4NA05_P1_H1:B00,True,cd654899393c3b4a8e9f01428070c71e199a4207e0dac68e99e9d260225b1048,task24_baseline_anchor,True,3e07dbe0ed7168a1ec314830cbc79d6ce985005dc162e938e4f4acdf2e167948
True,1.0,B00,1.0,True,True,1.1405271109999415e-23,4.718447854656915e-12,`xtol` termination condition is satisfied.,172,0.5,5.032315890381295e-07,True,1.0,1.0,R03,N_ABS_NKCC_S4_PHIGH_KLOW_AE4NA05_P1_H1:B00,True,ad9a3125472395044b8d7022c0c00a674ccf394ad7a82f06410ffa0ac36ce14f,inherited_saved_rest,True,6816b6cc37025ecea63423cb07d47ecf6fddbd343d8dcecf84b0bc02bbfa4ee6
True,1.0,B00,1.0,True,True,7.229192228626619e-23,1.199344443203465e-11,`xtol` termination condition is satisfied.,64,0.25,1.2732109848832715e-06,True,1.0,0.5,R03,N_ABS_NKCC_S4_PHIGH_KLOW_AE4NA05_P1_H1:B00,True,3e07dbe0ed7168a1ec314830cbc79d6ce985005dc162e938e4f4acdf2e167948,continuation_predecessor,True,a5bfb09c2f98c9f4a3383224d2aa0137a9894ce609ba7b7b7e58c0fc83f65078
True,1.0,B00,1.0,True,True,7.229195114105314e-23,1.199344443203465e-11,`xtol` termination condition is satisfied.,106,0.25,1.2732112385589215e-06,True,1.0,0.5,R03,N_ABS_NKCC_S4_PHIGH_KLOW_AE4NA05_P1_H1:B00,True,cd654899393c3b4a8e9f01428070c71e199a4207e0dac68e99e9d260225b1048,task24_baseline_anchor,True,a4e31c83c8630f059b58fa81057722ea3fda2f5720a74fb2eaf8b3253a9d1af3
True,1.0,B00,1.0,True,True,7.229193198244889e-23,1.199344443203465e-11,`xtol` termination condition is satisfied.,141,0.25,1.2732113559029546e-06,True,1.0,0.5,R03,N_ABS_NKCC_S4_PHIGH_KLOW_AE4NA05_P1_H1:B00,True,ad9a3125472395044b8d7022c0c00a674ccf394ad7a82f06410ffa0ac36ce14f,inherited_saved_rest,True,778366b3d9173f67e4a677de04cb7e78afeb51d814d266a4a4f3b631a03f0613
True,1.0,B00,2.0,True,True,1.1745674973602823e-23,4.378008372496467e-12,`xtol` termination condition is satisfied.,61,1.0,4.794954773385077e-07,True,1.0,1.0,R03,N_ABS_NKCC_S4_PHIGH_KLOW_AE4NA05_P1_H1:B00,True,2d7ab96634e977e3556efa0365f890fe54b3c9e1b3fd20c3747d19a6e8c12cd5,continuation_predecessor,True,0140dac520265d4d9f92296897c38a8d6986c92a7a02ad01e0a64b41a9b3c6b2
True,1.0,B00,2.0,True,True,1.1745674973602823e-23,4.378008372496467e-12,`xtol` termination condition is satisfied.,61,1.0,4.794954773385077e-07,True,1.0,1.0,R03,N_ABS_NKCC_S4_PHIGH_KLOW_AE4NA05_P1_H1:B00,True,cd654899393c3b4a8e9f01428070c71e199a4207e0dac68e99e9d260225b1048,task24_baseline_anchor,True,0140dac520265d4d9f92296897c38a8d6986c92a7a02ad01e0a64b41a9b3c6b2
True,1.0,B00,2.0,True,True,1.1745866547227369e-23,4.378008372496467e-12,`xtol` termination condition is satisfied.,141,1.0,4.794949937875048e-07,True,1.0,1.0,R03,N_ABS_NKCC_S4_PHIGH_KLOW_AE4NA05_P1_H1:B00,True,ad9a3125472395044b8d7022c0c00a674ccf394ad7a82f06410ffa0ac36ce14f,inherited_saved_rest,True,b56ac2f1913b525a6df03e91fcee6f203bdd4261cb7fe139550925fc9018aca0
True,1.0,B00,5.0,True,True,5.576230408969929e-23,1.0560129160008813e-11,`xtol` termination condition is satisfied.,35,1.0,6.490179092644236e-07,True,2.0,1.0,R03,N_ABS_NKCC_S4_PHIGH_KLOW_AE4NA05_P1_H1:B00,True,0140dac520265d4d9f92296897c38a8d6986c92a7a02ad01e0a64b41a9b3c6b2,continuation_predecessor,True,608a809e0c4a4d74b56dd5515a7a858128d1763e45e1bdf14340583fc3106f23
True,1.0,B00,5.0,True,True,5.576229808806006e-23,1.0560129160008813e-11,`xtol` termination condition is satisfied.,63,1.0,6.490179085072694e-07,True,2.0,1.0,R03,N_ABS_NKCC_S4_PHIGH_KLOW_AE4NA05_P1_H1:B00,True,cd654899393c3b4a8e9f01428070c71e199a4207e0dac68e99e9d260225b1048,task24_baseline_anchor,True,2e0521df90110a9dfe7d7863f5892fb7df22bc3d0059185cd76066b138eba5a1
True,1.0,B00,5.0,True,True,5.576220017524871e-23,1.0560129160008813e-11,`xtol` termination condition is satisfied.,137,1.0,6.490178677169697e-07,True,2.0,1.0,R03,N_ABS_NKCC_S4_PHIGH_KLOW_AE4NA05_P1_H1:B00,True,ad9a3125472395044b8d7022c0c00a674ccf394ad7a82f06410ffa0ac36ce14f,inherited_saved_rest,True,eb2f3732459f954fafdbb558d79e39ec3de1aff584c20af19b6231a8e8ed43b9
True,1.0,B00,10.0,True,True,3.8447937551373836e-22,2.772738635914429e-11,`xtol` termination condition is satisfied.,20,1.0,1.7013204843123446e-06,True,5.0,1.0,R03,N_ABS_NKCC_S4_PHIGH_KLOW_AE4NA05_P1_H1:B00,True,608a809e0c4a4d74b56dd5515a7a858128d1763e45e1bdf14340583fc3106f23,continuation_predecessor,True,1b85774c2ae941a6c64a4b9caa639df05e9ea18d414720d885d9897c36c82663
True,1.0,B00,10.0,True,True,1.4058039732277548e-24,1.5482407023093003e-12,`xtol` termination condition is satisfied.,64,1.0,1.595091825436936e-07,True,5.0,1.0,R03,N_ABS_NKCC_S4_PHIGH_KLOW_AE4NA05_P1_H1:B00,True,cd654899393c3b4a8e9f01428070c71e199a4207e0dac68e99e9d260225b1048,task24_baseline_anchor,True,cd700cce8eb76a1b0b08a8e99a2751376fef03b825384e6aa6288d421364bfdd
True,1.0,B00,10.0,True,True,1.34281040879372e-24,1.5482407023093003e-12,`xtol` termination condition is satisfied.,84,1.0,1.5997256349462415e-07,True,5.0,1.0,R03,N_ABS_NKCC_S4_PHIGH_KLOW_AE4NA05_P1_H1:B00,True,ad9a3125472395044b8d7022c0c00a674ccf394ad7a82f06410ffa0ac36ce14f,inherited_saved_rest,True,f7e932ef3407b8ac5f8bbc4bb20f5ed24d5c1cb17806ae553a2d41c87e7f63c0
True,1.0,B00,2.0,True,True,3.570464072418676e-24,2.5457067009959644e-12,`xtol` termination condition is satisfied.,49,0.5,1.565111256534236e-07,True,1.0,0.5,R03,N_ABS_NKCC_S4_PHIGH_KLOW_AE4NA05_P1_H1:B00,True,3e07dbe0ed7168a1ec314830cbc79d6ce985005dc162e938e4f4acdf2e167948,continuation_predecessor,True,b1b4b6c09f4657a6ecafd1fc4fb2a2739a8fd0cdb18cfd193bb04e3ec9cd926e
True,1.0,B00,2.0,True,True,3.2834098382429303e-24,2.5457067009959644e-12,`xtol` termination condition is satisfied.,86,0.5,1.5571315940544924e-07,True,1.0,0.5,R03,N_ABS_NKCC_S4_PHIGH_KLOW_AE4NA05_P1_H1:B00,True,cd654899393c3b4a8e9f01428070c71e199a4207e0dac68e99e9d260225b1048,task24_baseline_anchor,True,a610a0e8ed5f72be64ec3d8dab6509769a91ebb7ea5444a5d30a43ab2c4bdacc
True,1.0,B00,2.0,True,True,3.5725498393152863e-22,2.6729920360457626e-11,`xtol` termination condition is satisfied.,164,0.5,2.827710164880451e-06,True,1.0,0.5,R03,N_ABS_NKCC_S4_PHIGH_KLOW_AE4NA05_P1_H1:B00,True,ad9a3125472395044b8d7022c0c00a674ccf394ad7a82f06410ffa0ac36ce14f,inherited_saved_rest,True,b2942365d6bd704600578eac0ca25039e2487b35be54d9af148ce6c5839b4308
True,1.0,B00,5.0,True,True,3.415772806863496e-22,2.611409352648586e-11,`xtol` termination condition is satisfied.,21,0.5,2.7760377874851688e-06,True,2.0,0.5,R03,N_ABS_NKCC_S4_PHIGH_KLOW_AE4NA05_P1_H1:B00,True,a610a0e8ed5f72be64ec3d8dab6509769a91ebb7ea5444a5d30a43ab2c4bdacc,continuation_predecessor,True,5433c0d033b89fc58aea1169815914a30a6be0102dc717ff422953d8ed93613b
True,1.0,B00,5.0,True,True,3.4165081673252214e-22,2.611409352648586e-11,`xtol` termination condition is satisfied.,71,0.5,2.7748995391363588e-06,True,2.0,0.5,R03,N_ABS_NKCC_S4_PHIGH_KLOW_AE4NA05_P1_H1:B00,True,cd654899393c3b4a8e9f01428070c71e199a4207e0dac68e99e9d260225b1048,task24_baseline_anchor,True,b05e0edaa8cc481ab8e4e27531de601fa1cf3f502ed763039146f7691b5b036d
True,1.0,B00,5.0,True,True,5.774981539353695e-24,3.161533534967731e-12,`xtol` termination condition is satisfied.,150,0.5,1.8850306775923e-07,True,2.0,0.5,R03,N_ABS_NKCC_S4_PHIGH_KLOW_AE4NA05_P1_H1:B00,True,ad9a3125472395044b8d7022c0c00a674ccf394ad7a82f06410ffa0ac36ce14f,inherited_saved_rest,True,0276de6dcd1f51a966125b90f783421030eb173e0531a033da443bf1321324c7
True,1.0,B00,10.0,True,True,4.50361069746133e-22,2.9841580595491024e-11,`xtol` termination condition is satisfied.,11,0.5,1.8483584271725214e-06,True,5.0,0.5,R03,N_ABS_NKCC_S4_PHIGH_KLOW_AE4NA05_P1_H1:B00,True,0276de6dcd1f51a966125b90f783421030eb173e0531a033da443bf1321324c7,continuation_predecessor,True,6b080e7c892f59a0a8fdb3a6ff8d664f764044dabc8806a8508189dc3e7a923d
True,1.0,B00,10.0,True,True,6.6010254187008615e-22,3.6073574682937704e-11,`xtol` termination condition is satisfied.,71,0.5,3.860551191383257e-06,True,5.0,0.5,R03,N_ABS_NKCC_S4_PHIGH_KLOW_AE4NA05_P1_H1:B00,True,cd654899393c3b4a8e9f01428070c71e199a4207e0dac68e99e9d260225b1048,task24_baseline_anchor,True,af81846ca7201aeb5c1c42d11efe37b160d3330a2bc38d8daf91551407419b0c
True,1.0,B00,10.0,True,True,3.7519801143445946e-22,2.7386946876983842e-11,`xtol` termination condition is satisfied.,91,0.5,1.685198777942761e-06,True,5.0,0.5,R03,N_ABS_NKCC_S4_PHIGH_KLOW_AE4NA05_P1_H1:B00,True,ad9a3125472395044b8d7022c0c00a674ccf394ad7a82f06410ffa0ac36ce14f,inherited_saved_rest,True,d64e8574a6a7ea7f32cac848dab048f0b2208d3c5c726832045243e21173301e
True,1.0,B00,2.0,True,True,2.0188962193507283e-23,6.353424730765056e-12,`xtol` termination condition is satisfied.,39,0.25,3.913168549893468e-07,True,1.0,0.25,R03,N_ABS_NKCC_S4_PHIGH_KLOW_AE4NA05_P1_H1:B00,True,778366b3d9173f67e4a677de04cb7e78afeb51d814d266a4a4f3b631a03f0613,continuation_predecessor,True,4b1591846af4b97e0fd1d9698218b7d3d2a9890074f5a55dd04cb0ee7755d321
True,1.0,B00,2.0,True,True,2.0190508301222357e-23,6.353424730765056e-12,`xtol` termination condition is satisfied.,99,0.25,3.9131668121877645e-07,True,1.0,0.25,R03,N_ABS_NKCC_S4_PHIGH_KLOW_AE4NA05_P1_H1:B00,True,cd654899393c3b4a8e9f01428070c71e199a4207e0dac68e99e9d260225b1048,task24_baseline_anchor,True,da94c8edff6aa0276b859c22900f131016a5a71bb2d0d17dc099681889e52d42
True,1.0,B00,2.0,True,True,2.018895269040423e-23,6.353424730765056e-12,`xtol` termination condition is satisfied.,164,0.25,3.9131704567441993e-07,True,1.0,0.25,R03,N_ABS_NKCC_S4_PHIGH_KLOW_AE4NA05_P1_H1:B00,True,ad9a3125472395044b8d7022c0c00a674ccf394ad7a82f06410ffa0ac36ce14f,inherited_saved_rest,True,e30444a4fb01b63e0fdaeb7788619544ef5dc305208113d2e191058f74053329
True,1.0,B00,5.0,True,True,1.5926746245723608e-23,5.640019701269594e-12,`xtol` termination condition is satisfied.,17,0.25,5.956729597887208e-07,True,2.0,0.25,R03,N_ABS_NKCC_S4_PHIGH_KLOW_AE4NA05_P1_H1:B00,True,e30444a4fb01b63e0fdaeb7788619544ef5dc305208113d2e191058f74053329,continuation_predecessor,True,062f63f40ffd51cf82f6c896dab0f41d291a82f3c36288ec8a7739d711b51241
True,1.0,B00,5.0,True,True,1.59266583584191e-23,5.640019701269594e-12,`xtol` termination condition is satisfied.,77,0.25,5.956728658673339e-07,True,2.0,0.25,R03,N_ABS_NKCC_S4_PHIGH_KLOW_AE4NA05_P1_H1:B00,True,cd654899393c3b4a8e9f01428070c71e199a4207e0dac68e99e9d260225b1048,task24_baseline_anchor,True,6761d4bfeeec62f760efed75ff1a7800bf5a496ff8d16d3637d09114472b55e0
True,1.0,B00,5.0,True,True,1.5926758135124862e-23,5.640019701269594e-12,`xtol` termination condition is satisfied.,149,0.25,5.956725946684106e-07,True,2.0,0.25,R03,N_ABS_NKCC_S4_PHIGH_KLOW_AE4NA05_P1_H1:B00,True,ad9a3125472395044b8d7022c0c00a674ccf394ad7a82f06410ffa0ac36ce14f,inherited_saved_rest,True,84e8df3d847ab934b8396133cf8ca0db79b4f6a16b714ed95b10fe548801c9d3
True,1.0,B00,10.0,True,True,7.839143886611365e-23,1.2483503813998098e-11,`xtol` termination condition is satisfied.,8,0.25,1.3307423313036657e-06,True,5.0,0.25,R03,N_ABS_NKCC_S4_PHIGH_KLOW_AE4NA05_P1_H1:B00,True,062f63f40ffd51cf82f6c896dab0f41d291a82f3c36288ec8a7739d711b51241,continuation_predecessor,True,50596625cf82f7c1e4000d8cd241ec293bb074f706d2bafb04c734fa48efe513
True,1.0,B00,10.0,True,True,1.863224021432099e-22,1.9246756965962675e-11,`xtol` termination condition is satisfied.,72,0.25,1.1907072053261116e-06,True,5.0,0.25,R03,N_ABS_NKCC_S4_PHIGH_KLOW_AE4NA05_P1_H1:B00,True,cd654899393c3b4a8e9f01428070c71e199a4207e0dac68e99e9d260225b1048,task24_baseline_anchor,True,da252c286eaef4f94f10bb1b8168dc9549744fef25bfdf09edd848ceb5f0909b
True,1.0,B00,10.0,True,True,7.839087520265457e-23,1.2483503813998098e-11,`xtol` termination condition is satisfied.,87,0.25,1.3307428410807592e-06,True,5.0,0.25,R03,N_ABS_NKCC_S4_PHIGH_KLOW_AE4NA05_P1_H1:B00,True,ad9a3125472395044b8d7022c0c00a674ccf394ad7a82f06410ffa0ac36ce14f,inherited_saved_rest,True,78b27839d30191742125d22c22aba14c6411985fb03d6fd186c6144e0ae620c3
True,1.0,B00,1.0,True,True,3.8888074277267946e-24,2.7538735181131813e-12,`xtol` termination condition is satisfied.,2,1.0,2.8212759233980394e-07,True,,,R01,N_ABS_NKCC_S4_PHIGH_KHIGH_AE4NA05_P1_H1:B00,True,e6974ef18ba529af427e6cccb568e1cd2d132e3d32eda7cc5995337b4dcb9130,continuation_predecessor,True,769d5f2df3779a4b1d18c9c4aa0f6c2fd83a15d94deacb32c6811ed4b3d5c905
True,1.0,B00,1.0,True,True,3.8888074968458624e-24,2.7538735181131813e-12,`xtol` termination condition is satisfied.,189,1.0,2.821275892236603e-07,True,,,R01,N_ABS_NKCC_S4_PHIGH_KHIGH_AE4NA05_P1_H1:B00,True,1c1b9bfc1eba9d989fed33af0601e3b3b729146bd0b340a32a5337e4624a3ce8,inherited_saved_rest,True,e6974ef18ba529af427e6cccb568e1cd2d132e3d32eda7cc5995337b4dcb9130
True,1.0,B00,1.0,True,True,8.395026917706035e-25,9.215718466126788e-13,`xtol` termination condition is satisfied.,76,0.5,1.0337940945941532e-07,True,1.0,1.0,R01,N_ABS_NKCC_S4_PHIGH_KHIGH_AE4NA05_P1_H1:B00,True,769d5f2df3779a4b1d18c9c4aa0f6c2fd83a15d94deacb32c6811ed4b3d5c905,continuation_predecessor,True,bc8974af1562eb089bd9c8be4b27e8defaf2afe1da580ebe8d305d794282649b
True,1.0,B00,1.0,True,True,8.142429082156211e-25,9.215718466126788e-13,`xtol` termination condition is satisfied.,76,0.5,1.0315240329538405e-07,True,1.0,1.0,R01,N_ABS_NKCC_S4_PHIGH_KHIGH_AE4NA05_P1_H1:B00,True,e6974ef18ba529af427e6cccb568e1cd2d132e3d32eda7cc5995337b4dcb9130,task24_baseline_anchor,True,16028eca5e6a2cb2757d51386c0b6cd515e75388f1e0e403ae2311dc601a09bf
True,1.0,B00,1.0,True,True,8.141595183501492e-25,9.215718466126788e-13,`xtol` termination condition is satisfied.,175,0.5,1.0315277635229505e-07,True,1.0,1.0,R01,N_ABS_NKCC_S4_PHIGH_KHIGH_AE4NA05_P1_H1:B00,True,1c1b9bfc1eba9d989fed33af0601e3b3b729146bd0b340a32a5337e4624a3ce8,inherited_saved_rest,True,33fd8e23dfd5e0ed2b0e52f7d044046c62fc66dd2d7b27b8cddb1ae83dff54b6
True,1.0,B00,1.0,True,True,4.444471064794805e-25,9.085614205428527e-13,`xtol` termination condition is satisfied.,60,0.25,9.282661421191514e-08,True,1.0,0.5,R01,N_ABS_NKCC_S4_PHIGH_KHIGH_AE4NA05_P1_H1:B00,True,33fd8e23dfd5e0ed2b0e52f7d044046c62fc66dd2d7b27b8cddb1ae83dff54b6,continuation_predecessor,True,ac81828f3e3ed1329051b94fb421295bbd759f1d5da4d35bd8ba9898c49813a8
True,1.0,B00,1.0,True,True,4.443922944944554e-25,9.085614205428527e-13,`xtol` termination condition is satisfied.,106,0.25,9.282646174035377e-08,True,1.0,0.5,R01,N_ABS_NKCC_S4_PHIGH_KHIGH_AE4NA05_P1_H1:B00,True,e6974ef18ba529af427e6cccb568e1cd2d132e3d32eda7cc5995337b4dcb9130,task24_baseline_anchor,True,2c3b590e90a864c6313196f320249711190358c2827eb97e0e0bc82974f06229
True,1.0,B00,1.0,True,True,1.513857956175578e-23,2.953748357015229e-12,`xtol` termination condition is satisfied.,134,0.25,9.84335942971651e-08,True,1.0,0.5,R01,N_ABS_NKCC_S4_PHIGH_KHIGH_AE4NA05_P1_H1:B00,True,1c1b9bfc1eba9d989fed33af0601e3b3b729146bd0b340a32a5337e4624a3ce8,inherited_saved_rest,True,201a41c09971b2cf301ef5e36db6d034152e606e4aa3dc1b234a298d8a4a467f
True,1.0,B00,2.0,True,True,4.914606889300862e-22,3.116213884157837e-11,`xtol` termination condition is satisfied.,54,1.0,1.979564748044012e-06,True,1.0,1.0,R01,N_ABS_NKCC_S4_PHIGH_KHIGH_AE4NA05_P1_H1:B00,True,769d5f2df3779a4b1d18c9c4aa0f6c2fd83a15d94deacb32c6811ed4b3d5c905,continuation_predecessor,True,724432b698a930daebce4f95d7e9a9898074667dc996fe6d31769d3232f26cf7
True,1.0,B00,2.0,True,True,6.472341574512773e-25,9.84455572616838e-13,`xtol` termination condition is satisfied.,54,1.0,5.162077108795331e-08,True,1.0,1.0,R01,N_ABS_NKCC_S4_PHIGH_KHIGH_AE4NA05_P1_H1:B00,True,e6974ef18ba529af427e6cccb568e1cd2d132e3d32eda7cc5995337b4dcb9130,task24_baseline_anchor,True,6c6cf74a7cda88eaf1782a6c16bfa99dd8290f379abf6343f2663585446a06e4
True,1.0,B00,2.0,True,True,5.8870282941244425e-24,3.0249240612345574e-12,`xtol` termination condition is satisfied.,136,1.0,3.291217660536204e-07,True,1.0,1.0,R01,N_ABS_NKCC_S4_PHIGH_KHIGH_AE4NA05_P1_H1:B00,True,1c1b9bfc1eba9d989fed33af0601e3b3b729146bd0b340a32a5337e4624a3ce8,inherited_saved_rest,True,3e045c1332e4c3fa93c837d7582347187c07cc3b99da708eb86a4b218241c16c
True,1.0,B00,5.0,True,True,5.53145486449154e-23,1.0492908625314712e-11,`xtol` termination condition is satisfied.,35,1.0,6.602391114647214e-07,True,2.0,1.0,R01,N_ABS_NKCC_S4_PHIGH_KHIGH_AE4NA05_P1_H1:B00,True,6c6cf74a7cda88eaf1782a6c16bfa99dd8290f379abf6343f2663585446a06e4,continuation_predecessor,True,5034d06ef36844870d732203a30683701cd501c2dadff79ea414545f99c1e0ab
True,1.0,B00,5.0,True,True,5.531448573025721e-23,1.0492908625314712e-11,`xtol` termination condition is satisfied.,63,1.0,6.60238881192523e-07,True,2.0,1.0,R01,N_ABS_NKCC_S4_PHIGH_KHIGH_AE4NA05_P1_H1:B00,True,e6974ef18ba529af427e6cccb568e1cd2d132e3d32eda7cc5995337b4dcb9130,task24_baseline_anchor,True,461714b6e671c33c3f5406d0e4152bf1846ae839638c6a5f68a90375f0d79a82
True,1.0,B00,5.0,True,True,5.531452246671263e-23,1.0492908625314712e-11,`xtol` termination condition is satisfied.,133,1.0,6.602387400581742e-07,True,2.0,1.0,R01,N_ABS_NKCC_S4_PHIGH_KHIGH_AE4NA05_P1_H1:B00,True,1c1b9bfc1eba9d989fed33af0601e3b3b729146bd0b340a32a5337e4624a3ce8,inherited_saved_rest,True,7f5c839f1e0726d45648d0ba048f9dd84bbf94c738e0748a35d74476a527def4
True,1.0,B00,10.0,True,True,9.302188863667113e-23,1.337038119109124e-11,`xtol` termination condition is satisfied.,20,1.0,1.4258035695801563e-06,True,5.0,1.0,R01,N_ABS_NKCC_S4_PHIGH_KHIGH_AE4NA05_P1_H1:B00,True,461714b6e671c33c3f5406d0e4152bf1846ae839638c6a5f68a90375f0d79a82,continuation_predecessor,True,7cebb506e530448252c9f838315876e08607809d27d3b5322378d8786b120377
True,1.0,B00,10.0,True,True,5.955751299051211e-23,1.0913579068239088e-11,`xtol` termination condition is satisfied.,63,1.0,1.1466775977185835e-06,True,5.0,1.0,R01,N_ABS_NKCC_S4_PHIGH_KHIGH_AE4NA05_P1_H1:B00,True,e6974ef18ba529af427e6cccb568e1cd2d132e3d32eda7cc5995337b4dcb9130,task24_baseline_anchor,True,fb7cdfbb9feaad36f607b02c82317dd142f7dde3d41887915bb17ce2a2608164
True,1.0,B00,10.0,True,True,1.6870736832738166e-22,1.8359879588869532e-11,`xtol` termination condition is satisfied.,88,1.0,1.1461394358794946e-06,True,5.0,1.0,R01,N_ABS_NKCC_S4_PHIGH_KHIGH_AE4NA05_P1_H1:B00,True,1c1b9bfc1eba9d989fed33af0601e3b3b729146bd0b340a32a5337e4624a3ce8,inherited_saved_rest,True,f44cfc0982b0d25e0bcfffaca382f051c00be29b5a8324e049726a66c47d286f
True,1.0,B00,2.0,True,True,1.131029161880812e-22,1.4903443062985744e-11,`xtol` termination condition is satisfied.,49,0.5,9.470250081858634e-07,True,1.0,0.5,R01,N_ABS_NKCC_S4_PHIGH_KHIGH_AE4NA05_P1_H1:B00,True,33fd8e23dfd5e0ed2b0e52f7d044046c62fc66dd2d7b27b8cddb1ae83dff54b6,continuation_predecessor,True,9a28408f9b43f4276c26544d1ae1b5976833b2b7ff71a4bf3ea56c8e683fa76a
True,1.0,B00,2.0,True,True,7.765537111999328e-23,1.2448809344478562e-11,`xtol` termination condition is satisfied.,83,0.5,7.799954699253688e-07,True,1.0,0.5,R01,N_ABS_NKCC_S4_PHIGH_KHIGH_AE4NA05_P1_H1:B00,True,e6974ef18ba529af427e6cccb568e1cd2d132e3d32eda7cc5995337b4dcb9130,task24_baseline_anchor,True,3606b8823ccf2f081aef3464d0957ca36725808403996f7776a229b1be5a717a
True,1.0,B00,2.0,True,True,1.131028937452539e-22,1.4903443062985744e-11,`xtol` termination condition is satisfied.,145,0.5,9.470252856159991e-07,True,1.0,0.5,R01,N_ABS_NKCC_S4_PHIGH_KHIGH_AE4NA05_P1_H1:B00,True,1c1b9bfc1eba9d989fed33af0601e3b3b729146bd0b340a32a5337e4624a3ce8,inherited_saved_rest,True,d631409a0aa55b370040739f2b2995c72b010df4a34979253b04fd760e8b1838
True,1.0,B00,5.0,True,True,7.950794161436763e-23,1.2585418818211735e-11,`xtol` termination condition is satisfied.,23,0.5,1.3252453067582686e-06,True,2.0,0.5,R01,N_ABS_NKCC_S4_PHIGH_KHIGH_AE4NA05_P1_H1:B00,True,3606b8823ccf2f081aef3464d0957ca36725808403996f7776a229b1be5a717a,continuation_predecessor,True,120ebde811e4ced76930f3f827d4e73511a3db2430f6b88b58c3a05770720d03
True,1.0,B00,5.0,True,True,7.950796002274318e-23,1.2585418818211735e-11,`xtol` termination condition is satisfied.,69,0.5,1.3252449355809959e-06,True,2.0,0.5,R01,N_ABS_NKCC_S4_PHIGH_KHIGH_AE4NA05_P1_H1:B00,True,e6974ef18ba529af427e6cccb568e1cd2d132e3d32eda7cc5995337b4dcb9130,task24_baseline_anchor,True,85705ab76ad7b5a912c1f9d2acb6ca0cc08dd1cac341ac3d982c82357f9d8acd
True,1.0,B00,5.0,True,True,7.950797881701705e-23,1.2585418818211735e-11,`xtol` termination condition is satisfied.,153,0.5,1.3252449445149528e-06,True,2.0,0.5,R01,N_ABS_NKCC_S4_PHIGH_KHIGH_AE4NA05_P1_H1:B00,True,1c1b9bfc1eba9d989fed33af0601e3b3b729146bd0b340a32a5337e4624a3ce8,inherited_saved_rest,True,b50c545ece86b2388129721ca67980da2315d73884bc06e0daf4e580a4f150c4
True,1.0,B00,10.0,True,True,3.5645065619459717e-22,2.6660531421418554e-11,`xtol` termination condition is satisfied.,12,0.5,2.807489123653178e-06,True,5.0,0.5,R01,N_ABS_NKCC_S4_PHIGH_KHIGH_AE4NA05_P1_H1:B00,True,85705ab76ad7b5a912c1f9d2acb6ca0cc08dd1cac341ac3d982c82357f9d8acd,continuation_predecessor,True,4f78d644f35299aaf444fac3ade5aa543db472ea05dc10eb1f6e20e61ccbc43b
True,1.0,B00,10.0,True,True,4.697790198409589e-24,2.6129272356900657e-12,`xtol` termination condition is satisfied.,68,0.5,1.5580061210408137e-07,True,5.0,0.5,R01,N_ABS_NKCC_S4_PHIGH_KHIGH_AE4NA05_P1_H1:B00,True,e6974ef18ba529af427e6cccb568e1cd2d132e3d32eda7cc5995337b4dcb9130,task24_baseline_anchor,True,30e0f928f7551265380dca2d5a22482245e3b50a190a8f51deeee1722fca6004
True,1.0,B00,10.0,True,True,1.3353320486243514e-23,5.069729358542219e-12,`xtol` termination condition is satisfied.,87,0.5,3.222078610316201e-07,True,5.0,0.5,R01,N_ABS_NKCC_S4_PHIGH_KHIGH_AE4NA05_P1_H1:B00,True,1c1b9bfc1eba9d989fed33af0601e3b3b729146bd0b340a32a5337e4624a3ce8,inherited_saved_rest,True,2c610d3acaae4e84247f7e02149e3bcf5311af29843c9dd2fb953f33d4e639f1
True,1.0,B00,2.0,True,True,2.7881218094372583e-24,2.1033522146218786e-12,`xtol` termination condition is satisfied.,39,0.25,2.2874266628243629e-07,True,1.0,0.25,R01,N_ABS_NKCC_S4_PHIGH_KHIGH_AE4NA05_P1_H1:B00,True,2c3b590e90a864c6313196f320249711190358c2827eb97e0e0bc82974f06229,continuation_predecessor,True,de480c99ebc59be57309265cca3704c1902c5cb897e97848c535042d76375114
True,1.0,B00,2.0,True,True,1.23436884135225e-24,1.5308934675495323e-12,`xtol` termination condition is satisfied.,93,0.25,2.9655828247882153e-08,True,1.0,0.25,R01,N_ABS_NKCC_S4_PHIGH_KHIGH_AE4NA05_P1_H1:B00,True,e6974ef18ba529af427e6cccb568e1cd2d132e3d32eda7cc5995337b4dcb9130,task24_baseline_anchor,True,5fe3d91489402a999931699959032003958838ee06e4065a0688974a297426bc
True,1.0,B00,2.0,True,True,2.78826458479303e-24,2.1033522146218786e-12,`xtol` termination condition is satisfied.,151,0.25,2.2874310105801873e-07,True,1.0,0.25,R01,N_ABS_NKCC_S4_PHIGH_KHIGH_AE4NA05_P1_H1:B00,True,1c1b9bfc1eba9d989fed33af0601e3b3b729146bd0b340a32a5337e4624a3ce8,inherited_saved_rest,True,cd238f7b69087f3554fc42e44e0ef356c205ddf4af287c54e73e85fe1dad12f8
True,1.0,B00,5.0,True,True,4.2380730927890735e-22,2.897638726184759e-11,`xtol` termination condition is satisfied.,18,0.25,1.8308122599384594e-06,True,2.0,0.25,R01,N_ABS_NKCC_S4_PHIGH_KHIGH_AE4NA05_P1_H1:B00,True,5fe3d91489402a999931699959032003958838ee06e4065a0688974a297426bc,continuation_predecessor,True,eb634d807079586092eedced1eed90a4459d590a673f7e64bfdbd7c948fb1372
True,1.0,B00,5.0,True,True,3.854830041280302e-24,2.7517051137682103e-12,`xtol` termination condition is satisfied.,75,0.25,2.8523662574712373e-07,True,2.0,0.25,R01,N_ABS_NKCC_S4_PHIGH_KHIGH_AE4NA05_P1_H1:B00,True,e6974ef18ba529af427e6cccb568e1cd2d132e3d32eda7cc5995337b4dcb9130,task24_baseline_anchor,True,73cda90880333f1fcef6d662f3c94d7a8bcf60c076b4c489303f76f1030bea1f
True,1.0,B00,5.0,True,True,3.854854752917511e-24,2.7517051137682103e-12,`xtol` termination condition is satisfied.,147,0.25,2.8523652399987567e-07,True,2.0,0.25,R01,N_ABS_NKCC_S4_PHIGH_KHIGH_AE4NA05_P1_H1:B00,True,1c1b9bfc1eba9d989fed33af0601e3b3b729146bd0b340a32a5337e4624a3ce8,inherited_saved_rest,True,55b8873e4640139614bf1b885b4eca7daeb0969aa55fe18449f9e94042d7a691
True,1.0,B00,10.0,True,True,2.2861643483053228e-23,6.2319940874466795e-12,`xtol` termination condition is satisfied.,8,0.25,6.743574825340336e-07,True,5.0,0.25,R01,N_ABS_NKCC_S4_PHIGH_KHIGH_AE4NA05_P1_H1:B00,True,55b8873e4640139614bf1b885b4eca7daeb0969aa55fe18449f9e94042d7a691,continuation_predecessor,True,b4cd47fcaf7f718a65bfa1b32f7f2f046c757af79517021d74b139d00296aab8
True,1.0,B00,10.0,True,True,7.126263650696345e-24,3.7751919645945264e-12,`xtol` termination condition is satisfied.,69,0.25,3.9577715105993923e-07,True,5.0,0.25,R01,N_ABS_NKCC_S4_PHIGH_KHIGH_AE4NA05_P1_H1:B00,True,e6974ef18ba529af427e6cccb568e1cd2d132e3d32eda7cc5995337b4dcb9130,task24_baseline_anchor,True,a906f5953090139cdc53821a2e2593118823a46f9e2a217c02dee6bd15a54f6e
True,1.0,B00,10.0,True,True,7.126325419579023e-24,3.7751919645945264e-12,`xtol` termination condition is satisfied.,81,0.25,3.9577718869112735e-07,True,5.0,0.25,R01,N_ABS_NKCC_S4_PHIGH_KHIGH_AE4NA05_P1_H1:B00,True,1c1b9bfc1eba9d989fed33af0601e3b3b729146bd0b340a32a5337e4624a3ce8,inherited_saved_rest,True,f9e6b7b7e74af040a3aea99410dc34e9f8aeac3cd27c06ad0200104f2859e22f
True,1.0,B00,1.0,True,True,1.2673020677417906e-22,1.573611033145461e-11,`xtol` termination condition is satisfied.,2,1.0,1.4699544840035518e-06,True,,,R04,N_ABS_NKCC_S4_PHIGH_KLOW_AE4NA20_P2_H1:B00,True,e2e87dd6e18af7dded891cddb7802f1de9641f7474effd551fe84a4d17e4e60d,continuation_predecessor,True,8b4dbe99851207f11add46ede48f41a42061ffc75d607fab31fb23839c7f662e
True,1.0,B00,1.0,True,True,1.279073963238082e-22,1.599415044850616e-11,`xtol` termination condition is satisfied.,409,1.0,1.2021028010086067e-06,True,,,R04,N_ABS_NKCC_S4_PHIGH_KLOW_AE4NA20_P2_H1:B00,True,eff909f9a696d9f95d565efeedc9e4b3143deabb5e2c443cbdbc5173907757e8,inherited_saved_rest,True,7c28c5f6379b324c0ce4ce303f66303c672e14ee9f8aefcc675e36a1dedb2e12
True,1.0,B00,1.0,True,True,6.625291357070776e-23,1.1334249511163463e-11,`xtol` termination condition is satisfied.,179,0.5,1.0672681590168642e-06,True,1.0,1.0,R04,N_ABS_NKCC_S4_PHIGH_KLOW_AE4NA20_P2_H1:B00,True,8b4dbe99851207f11add46ede48f41a42061ffc75d607fab31fb23839c7f662e,continuation_predecessor,True,244e5e4b9a3572511d3159e8b8a0c773984c1f3387146c2ebb0b7c489d57e506
True,1.0,B00,1.0,True,True,3.959910728296881e-23,8.879615792656281e-12,`xtol` termination condition is satisfied.,179,0.5,8.205556930313663e-07,True,1.0,1.0,R04,N_ABS_NKCC_S4_PHIGH_KLOW_AE4NA20_P2_H1:B00,True,e2e87dd6e18af7dded891cddb7802f1de9641f7474effd551fe84a4d17e4e60d,task24_baseline_anchor,True,f93508107e738108ff08f33f912bf1e084b302b764002f0d496426f87f376b88
True,1.0,B00,1.0,True,True,6.625291100086787e-23,1.1334249511163463e-11,`xtol` termination condition is satisfied.,285,0.5,1.0672684828692127e-06,True,1.0,1.0,R04,N_ABS_NKCC_S4_PHIGH_KLOW_AE4NA20_P2_H1:B00,True,eff909f9a696d9f95d565efeedc9e4b3143deabb5e2c443cbdbc5173907757e8,inherited_saved_rest,True,003fbf34952e5cf3d9d8a343420034a79289bd97d5213bce89548755982e2166
True,1.0,B00,1.0,True,True,1.0661843179877204e-22,1.4597698050344832e-11,`xtol` termination condition is satisfied.,92,0.25,1.3624995933329074e-06,True,1.0,0.5,R04,N_ABS_NKCC_S4_PHIGH_KLOW_AE4NA20_P2_H1:B00,True,f93508107e738108ff08f33f912bf1e084b302b764002f0d496426f87f376b88,continuation_predecessor,True,95a74aea77147b98241192886475167f9349017e06b2a2c5c44abf8b4f4b4d08
True,1.0,B00,1.0,True,True,1.0661843801302998e-22,1.4597698050344832e-11,`xtol` termination condition is satisfied.,185,0.25,1.3624994357188835e-06,True,1.0,0.5,R04,N_ABS_NKCC_S4_PHIGH_KLOW_AE4NA20_P2_H1:B00,True,e2e87dd6e18af7dded891cddb7802f1de9641f7474effd551fe84a4d17e4e60d,task24_baseline_anchor,True,96ff233f65cb592a4acea0dd092c155d0a5c028b0cd9b320525113337b3e1cbf
True,1.0,B00,1.0,True,True,1.4892009588793136e-22,1.713256272961594e-11,`xtol` termination condition is satisfied.,251,0.25,1.2850808941491254e-06,True,1.0,0.5,R04,N_ABS_NKCC_S4_PHIGH_KLOW_AE4NA20_P2_H1:B00,True,eff909f9a696d9f95d565efeedc9e4b3143deabb5e2c443cbdbc5173907757e8,inherited_saved_rest,True,d839946ff7e2742ce6a8c486c90b4623b7ebf413e9588756b22b17df6b976a56
True,1.0,B00,2.0,True,True,4.512953282331932e-22,3.002372656046859e-11,`xtol` termination condition is satisfied.,105,1.0,2.241668208554736e-06,True,1.0,1.0,R04,N_ABS_NKCC_S4_PHIGH_KLOW_AE4NA20_P2_H1:B00,True,8b4dbe99851207f11add46ede48f41a42061ffc75d607fab31fb23839c7f662e,continuation_predecessor,True,2b136c493d6a2efc24c3168d0cf1da790a6cca209a1418856316347d74de90a0
True,1.0,B00,2.0,True,True,2.149301346241191e-22,1.1028400415113992e-11,`xtol` termination condition is satisfied.,105,1.0,6.19717081896516e-07,True,1.0,1.0,R04,N_ABS_NKCC_S4_PHIGH_KLOW_AE4NA20_P2_H1:B00,True,e2e87dd6e18af7dded891cddb7802f1de9641f7474effd551fe84a4d17e4e60d,task24_baseline_anchor,True,4e8c4fa37ab4babc4684dc9f066c8d02433229ccadaf112f576b51caac9be6f9
True,1.0,B00,2.0,True,True,9.991363102672706e-25,1.199127602768968e-12,`xtol` termination condition is satisfied.,201,1.0,6.261016656605944e-08,True,1.0,1.0,R04,N_ABS_NKCC_S4_PHIGH_KLOW_AE4NA20_P2_H1:B00,True,eff909f9a696d9f95d565efeedc9e4b3143deabb5e2c443cbdbc5173907757e8,inherited_saved_rest,True,ac96355dd5595fd97b211d6214301076d0095f780ad3808cbeda6910f81a1397
True,1.0,B00,5.0,True,True,1.0145007433053855e-22,1.4244248142114557e-11,`xtol` termination condition is satisfied.,44,1.0,1.3300667684908062e-06,True,2.0,1.0,R04,N_ABS_NKCC_S4_PHIGH_KLOW_AE4NA20_P2_H1:B00,True,ac96355dd5595fd97b211d6214301076d0095f780ad3808cbeda6910f81a1397,continuation_predecessor,True,43c52646da2827c24545fb4d80e9b28480972bb07cf8a4c756c71ec167607d6b
True,1.0,B00,5.0,True,True,1.0145002165743603e-22,1.4244248142114557e-11,`xtol` termination condition is satisfied.,97,1.0,1.3300666309709188e-06,True,2.0,1.0,R04,N_ABS_NKCC_S4_PHIGH_KLOW_AE4NA20_P2_H1:B00,True,e2e87dd6e18af7dded891cddb7802f1de9641f7474effd551fe84a4d17e4e60d,task24_baseline_anchor,True,5fcb9c6b84d680ade13536ee3a6df7471ae52fc338b044028fd0f1df4f9c124f
True,1.0,B00,5.0,True,True,1.4276395278595184e-22,1.670105026496671e-11,`xtol` termination condition is satisfied.,124,1.0,1.5783385282366553e-06,True,2.0,1.0,R04,N_ABS_NKCC_S4_PHIGH_KLOW_AE4NA20_P2_H1:B00,True,eff909f9a696d9f95d565efeedc9e4b3143deabb5e2c443cbdbc5173907757e8,inherited_saved_rest,True,2ba351c67a278cae11ee69bf928d461753f58f88508d7cbf6178b3f6645ee774
True,1.0,B00,10.0,True,True,2.4524563092784616e-22,2.1976778036281175e-11,`xtol` termination condition is satisfied.,14,1.0,2.0750957186211917e-06,True,5.0,1.0,R04,N_ABS_NKCC_S4_PHIGH_KLOW_AE4NA20_P2_H1:B00,True,5fcb9c6b84d680ade13536ee3a6df7471ae52fc338b044028fd0f1df4f9c124f,continuation_predecessor,True,4eb8450f638a0ae92b10d8b81727f624b28e0329cd629007fc97cb210a404077
True,1.0,B00,10.0,True,True,4.7606678360611783e-23,9.753482743679598e-12,`xtol` termination condition is satisfied.,65,1.0,7.195388672466381e-07,True,5.0,1.0,R04,N_ABS_NKCC_S4_PHIGH_KLOW_AE4NA20_P2_H1:B00,True,e2e87dd6e18af7dded891cddb7802f1de9641f7474effd551fe84a4d17e4e60d,task24_baseline_anchor,True,24a04085d4155ef998ce69ce6df8838c8422b6007ce86de8335a4a26a609a724
True,1.0,B00,10.0,True,True,7.723218558911839e-23,1.2210284866531751e-11,`xtol` termination condition is satisfied.,109,1.0,9.160985597486922e-07,True,5.0,1.0,R04,N_ABS_NKCC_S4_PHIGH_KLOW_AE4NA20_P2_H1:B00,True,eff909f9a696d9f95d565efeedc9e4b3143deabb5e2c443cbdbc5173907757e8,inherited_saved_rest,True,627473b72b9282fdd1d4d61b13951eaf746ee98100e88e8b52b95580b037416b
True,1.0,B00,2.0,True,True,6.57927135361277e-23,1.1460016963171782e-11,`xtol` termination condition is satisfied.,63,0.5,1.0722667944793403e-06,True,1.0,0.5,R04,N_ABS_NKCC_S4_PHIGH_KLOW_AE4NA20_P2_H1:B00,True,f93508107e738108ff08f33f912bf1e084b302b764002f0d496426f87f376b88,continuation_predecessor,True,8b069076b88cb1ac542bd4d9c8d1e6e2640a1525811ecaef1fdb7d6618df203d
True,1.0,B00,2.0,True,True,4.347491960465055e-23,9.0053832446646e-12,`xtol` termination condition is satisfied.,145,0.5,8.229682029674429e-07,True,1.0,0.5,R04,N_ABS_NKCC_S4_PHIGH_KLOW_AE4NA20_P2_H1:B00,True,e2e87dd6e18af7dded891cddb7802f1de9641f7474effd551fe84a4d17e4e60d,task24_baseline_anchor,True,279f99b923a0957cb40df550858e0d20b045f250c523bab9f73eeed37a21fa3c
True,1.0,B00,2.0,True,True,1.016667511718053e-22,1.3916819086023935e-11,`xtol` termination condition is satisfied.,167,0.5,1.320155569373011e-06,True,1.0,0.5,R04,N_ABS_NKCC_S4_PHIGH_KLOW_AE4NA20_P2_H1:B00,True,eff909f9a696d9f95d565efeedc9e4b3143deabb5e2c443cbdbc5173907757e8,inherited_saved_rest,True,2b8cf477534e182938c55b3bcb5f662db105e5298af547e7df5b8932b56021b9
True,1.0,B00,5.0,True,True,3.1528023373787846e-23,7.48099499014998e-12,`xtol` termination condition is satisfied.,29,0.5,7.184754085096028e-07,True,2.0,0.5,R04,N_ABS_NKCC_S4_PHIGH_KLOW_AE4NA20_P2_H1:B00,True,279f99b923a0957cb40df550858e0d20b045f250c523bab9f73eeed37a21fa3c,continuation_predecessor,True,44dd54585d4192aade1fcac0498a4f41894073d8a9e54e3d97555b30dad1b775
True,1.0,B00,5.0,True,True,2.9403523132998683e-22,2.4249265789810792e-11,`xtol` termination condition is satisfied.,97,0.5,1.7931361244363348e-06,True,2.0,0.5,R04,N_ABS_NKCC_S4_PHIGH_KLOW_AE4NA20_P2_H1:B00,True,e2e87dd6e18af7dded891cddb7802f1de9641f7474effd551fe84a4d17e4e60d,task24_baseline_anchor,True,0ed2500cdadccb1434b4df1781251837bb7446430b030b9414ba3fdbcba0bdba
True,1.0,B00,5.0,True,True,3.5935927270647526e-22,2.6703899508317974e-11,`xtol` termination condition is satisfied.,112,0.5,1.989517923333223e-06,True,2.0,0.5,R04,N_ABS_NKCC_S4_PHIGH_KLOW_AE4NA20_P2_H1:B00,True,eff909f9a696d9f95d565efeedc9e4b3143deabb5e2c443cbdbc5173907757e8,inherited_saved_rest,True,5674f8654bb297d0ff3b80469e7bab1146b9faec63e87f536717a179fbfb7a66
True,1.0,B00,10.0,True,True,5.63197147316679e-23,1.0525434690489277e-11,`xtol` termination condition is satisfied.,13,0.5,7.702750675055182e-07,True,5.0,0.5,R04,N_ABS_NKCC_S4_PHIGH_KLOW_AE4NA20_P2_H1:B00,True,44dd54585d4192aade1fcac0498a4f41894073d8a9e54e3d97555b30dad1b775,continuation_predecessor,True,2c0573199424d63f983c33cebab6babc8eb3b7f658216b9be13c80aa537df6ff
True,1.0,B00,10.0,True,True,1.764815875555847e-22,1.8748023966619343e-11,`xtol` termination condition is satisfied.,81,0.5,1.7624349591125263e-06,True,5.0,0.5,R04,N_ABS_NKCC_S4_PHIGH_KLOW_AE4NA20_P2_H1:B00,True,e2e87dd6e18af7dded891cddb7802f1de9641f7474effd551fe84a4d17e4e60d,task24_baseline_anchor,True,041e4c6570bb212d0347b9058b981bc6b25db5f702587585f5974714c879b00e
True,1.0,B00,10.0,True,True,8.500665870050903e-23,1.298223681334143e-11,`xtol` termination condition is satisfied.,112,0.5,9.66625662682044e-07,True,5.0,0.5,R04,N_ABS_NKCC_S4_PHIGH_KLOW_AE4NA20_P2_H1:B00,True,eff909f9a696d9f95d565efeedc9e4b3143deabb5e2c443cbdbc5173907757e8,inherited_saved_rest,True,22b20af68704c0698e5c1f948a7cc279d2dff4ba7644967e088abcce582f4c9f
True,1.0,B00,2.0,True,True,5.092536549772336e-23,1.001585966942109e-11,`xtol` termination condition is satisfied.,41,0.25,9.44083996700257e-07,True,1.0,0.25,R04,N_ABS_NKCC_S4_PHIGH_KLOW_AE4NA20_P2_H1:B00,True,95a74aea77147b98241192886475167f9349017e06b2a2c5c44abf8b4f4b4d08,continuation_predecessor,True,de909084f778b3d829b3bd6f6ccb72f1dbc23ccc43f3d1f30f8d96029d6e306f
True,1.0,B00,2.0,True,True,1.8640290090554971e-22,1.925759898768753e-11,`xtol` termination condition is satisfied.,157,0.25,1.4203634272799982e-06,True,1.0,0.25,R04,N_ABS_NKCC_S4_PHIGH_KLOW_AE4NA20_P2_H1:B00,True,e2e87dd6e18af7dded891cddb7802f1de9641f7474effd551fe84a4d17e4e60d,task24_baseline_anchor,True,bbd14f9f5fa0033075272768f43e8620932a972fbf9395110eb7cd21f1028bce
True,1.0,B00,2.0,True,True,2.9516239485130886e-23,7.561225950913908e-12,`xtol` termination condition is satisfied.,161,0.25,6.961036077947109e-07,True,1.0,0.25,R04,N_ABS_NKCC_S4_PHIGH_KLOW_AE4NA20_P2_H1:B00,True,eff909f9a696d9f95d565efeedc9e4b3143deabb5e2c443cbdbc5173907757e8,inherited_saved_rest,True,de4ffad35cc7bac6a788b16885b4e4af8b22dd514175337b11c910e94738a1ab
True,1.0,B00,5.0,True,True,1.3149986206603465e-22,1.6202317265623378e-11,`xtol` termination condition is satisfied.,20,0.25,1.519959422049633e-06,True,2.0,0.25,R04,N_ABS_NKCC_S4_PHIGH_KLOW_AE4NA20_P2_H1:B00,True,de4ffad35cc7bac6a788b16885b4e4af8b22dd514175337b11c910e94738a1ab,continuation_predecessor,True,d13bfbbbbf1ab7b213c61a21c7b9be4f1e798e8016b2396841a948dde564b936
True,1.0,B00,5.0,True,True,9.629037071098799e-23,1.3745515142771225e-11,`xtol` termination condition is satisfied.,101,0.25,1.271402660902616e-06,True,2.0,0.25,R04,N_ABS_NKCC_S4_PHIGH_KLOW_AE4NA20_P2_H1:B00,True,e2e87dd6e18af7dded891cddb7802f1de9641f7474effd551fe84a4d17e4e60d,task24_baseline_anchor,True,f3efd651dba64e624479999ea9ee26b0d75bf0b8452032407c252c82e87335f1
True,1.0,B00,5.0,True,True,1.3148467907659341e-22,1.6202317265623378e-11,`xtol` termination condition is satisfied.,116,0.25,1.5197551592930424e-06,True,2.0,0.25,R04,N_ABS_NKCC_S4_PHIGH_KLOW_AE4NA20_P2_H1:B00,True,eff909f9a696d9f95d565efeedc9e4b3143deabb5e2c443cbdbc5173907757e8,inherited_saved_rest,True,8d949f000583ad6a41dd9869c3f0a0759065a41ffa0cf22cf57fb14e7dfd4cca
True,1.0,B00,10.0,True,True,1.667529213761339e-22,1.8257964584655895e-11,`xtol` termination condition is satisfied.,7,0.25,1.7107894093549799e-06,True,5.0,0.25,R04,N_ABS_NKCC_S4_PHIGH_KLOW_AE4NA20_P2_H1:B00,True,f3efd651dba64e624479999ea9ee26b0d75bf0b8452032407c252c82e87335f1,continuation_predecessor,True,98f9fe8cb6116f1ccec0fe9da1fcd379576797e888d544d514c848f0b2304424
True,1.0,B00,10.0,True,True,6.21768086556486e-23,1.1015494072452725e-11,`xtol` termination condition is satisfied.,76,0.25,8.138031088821312e-07,True,5.0,0.25,R04,N_ABS_NKCC_S4_PHIGH_KLOW_AE4NA20_P2_H1:B00,True,e2e87dd6e18af7dded891cddb7802f1de9641f7474effd551fe84a4d17e4e60d,task24_baseline_anchor,True,ed9942d729141aade34d14fea74c1f6056584dc1a87868c93d5354014aa73c7f
True,1.0,B00,10.0,True,True,1.6674313205897668e-22,1.8257964584655895e-11,`xtol` termination condition is satisfied.,104,0.25,1.710600958811961e-06,True,5.0,0.25,R04,N_ABS_NKCC_S4_PHIGH_KLOW_AE4NA20_P2_H1:B00,True,eff909f9a696d9f95d565efeedc9e4b3143deabb5e2c443cbdbc5173907757e8,inherited_saved_rest,True,ca5058d36dc4e3fe1ff5b6eeefd07770105608311d5adc8ad99c24e37908596f
True,1.0,B00,1.0,True,True,5.109994064215511e-24,3.196228004487267e-12,`xtol` termination condition is satisfied.,2,1.0,2.9361102763230884e-07,True,,,R02,N_ABS_NKCC_S4_PHIGH_KHIGH_AE4NA20_P2_H1:B00,True,2aa0d60488f93247dd8acbcf0e5143ed7d1a0eb797b1c30cf2013bc318b389a2,continuation_predecessor,True,b8df49581458c23b579877821e88889514248ca9171eaf1f7f6a2cd7c06bdcf5
True,1.0,B00,1.0,True,True,1.9523952103519938e-23,5.650861722994449e-12,`xtol` termination condition is satisfied.,411,1.0,5.372427446799944e-07,True,,,R02,N_ABS_NKCC_S4_PHIGH_KHIGH_AE4NA20_P2_H1:B00,True,195fe83a7dd68d6b6e42e5d4ac033716c4e3be60cdc034b1b18e981b02d10710,inherited_saved_rest,True,70c23ac407d2b9bf34c65145786e6d53560b24ec9a1b53686facea6f843323cf
True,1.0,B00,1.0,True,True,2.443170321239598e-24,2.1488887058662698e-12,`xtol` termination condition is satisfied.,181,0.5,1.5853434175119464e-07,True,1.0,1.0,R02,N_ABS_NKCC_S4_PHIGH_KHIGH_AE4NA20_P2_H1:B00,True,b8df49581458c23b579877821e88889514248ca9171eaf1f7f6a2cd7c06bdcf5,continuation_predecessor,True,bf8d0bc81a870d2ac386c25cfc1dcf070d6625de0326a0e38eff9628576d10eb
True,1.0,B00,1.0,True,True,4.922478088003833e-24,3.1225022567582528e-12,`xtol` termination condition is satisfied.,179,0.5,5.071528370078247e-08,True,1.0,1.0,R02,N_ABS_NKCC_S4_PHIGH_KHIGH_AE4NA20_P2_H1:B00,True,2aa0d60488f93247dd8acbcf0e5143ed7d1a0eb797b1c30cf2013bc318b389a2,task24_baseline_anchor,True,4a193edd3a34a13ec5e9d6cd25fa5e364fa4385430798c031ccc6a5aca264b33
True,1.0,B00,1.0,True,True,2.4431887374556856e-24,2.1488887058662698e-12,`xtol` termination condition is satisfied.,319,0.5,1.5853430058811227e-07,True,1.0,1.0,R02,N_ABS_NKCC_S4_PHIGH_KHIGH_AE4NA20_P2_H1:B00,True,195fe83a7dd68d6b6e42e5d4ac033716c4e3be60cdc034b1b18e981b02d10710,inherited_saved_rest,True,b4bb2169aa781e4643a83bf93dfea91fa658b98397d566b576eedef72a122a46
True,1.0,B00,1.0,True,True,3.199313110345393e-23,7.88865500700453e-12,`xtol` termination condition is satisfied.,88,0.25,5.833596556665322e-07,True,1.0,0.5,R02,N_ABS_NKCC_S4_PHIGH_KHIGH_AE4NA20_P2_H1:B00,True,b4bb2169aa781e4643a83bf93dfea91fa658b98397d566b576eedef72a122a46,continuation_predecessor,True,0675a550e493809c710a9e4c89d6155960375a17e3450a3ca2b3587681b23876
True,1.0,B00,1.0,True,True,5.433270149965198e-23,1.0345457129856683e-11,`xtol` termination condition is satisfied.,195,0.25,7.825313997802139e-07,True,1.0,0.5,R02,N_ABS_NKCC_S4_PHIGH_KHIGH_AE4NA20_P2_H1:B00,True,2aa0d60488f93247dd8acbcf0e5143ed7d1a0eb797b1c30cf2013bc318b389a2,task24_baseline_anchor,True,892f9819615a72817ede804859680c65bef66ca46111554ea65b45aa138e07c7
True,1.0,B00,1.0,True,True,2.2934813385829956e-22,2.138480365010409e-11,`xtol` termination condition is satisfied.,257,0.25,1.9873174482833594e-06,True,1.0,0.5,R02,N_ABS_NKCC_S4_PHIGH_KHIGH_AE4NA20_P2_H1:B00,True,195fe83a7dd68d6b6e42e5d4ac033716c4e3be60cdc034b1b18e981b02d10710,inherited_saved_rest,True,b36a69b36b091f38e495d07f4000112b165039a512e19b15f67990872fe367b6
True,1.0,B00,2.0,True,True,1.1641919370378742e-23,4.742300302451596e-12,`xtol` termination condition is satisfied.,107,1.0,4.3182835775174634e-07,True,1.0,1.0,R02,N_ABS_NKCC_S4_PHIGH_KHIGH_AE4NA20_P2_H1:B00,True,b8df49581458c23b579877821e88889514248ca9171eaf1f7f6a2cd7c06bdcf5,continuation_predecessor,True,321896b8518af32ad698830586e816a794671a90a7043499f380b0add6a94618
True,1.0,B00,2.0,True,True,1.1641865133990983e-23,4.742300302451596e-12,`xtol` termination condition is satisfied.,108,1.0,4.318284332414504e-07,True,1.0,1.0,R02,N_ABS_NKCC_S4_PHIGH_KHIGH_AE4NA20_P2_H1:B00,True,2aa0d60488f93247dd8acbcf0e5143ed7d1a0eb797b1c30cf2013bc318b389a2,task24_baseline_anchor,True,68648d3dfd80afef1792499c018412003ba3e9187cd10105b0873438f8d97938
True,1.0,B00,2.0,True,True,8.464041333899561e-24,3.410900034639397e-12,`xtol` termination condition is satisfied.,214,1.0,1.8699485168443428e-07,True,1.0,1.0,R02,N_ABS_NKCC_S4_PHIGH_KHIGH_AE4NA20_P2_H1:B00,True,195fe83a7dd68d6b6e42e5d4ac033716c4e3be60cdc034b1b18e981b02d10710,inherited_saved_rest,True,5b430fbb9dc0a1b5f44baa88ccaca8877cb1573b751105e29cdabe55b71d58bb
True,1.0,B00,5.0,True,True,2.197686451375109e-25,6.591949208711867e-13,`xtol` termination condition is satisfied.,47,1.0,4.8822319449965406e-08,True,2.0,1.0,R02,N_ABS_NKCC_S4_PHIGH_KHIGH_AE4NA20_P2_H1:B00,True,5b430fbb9dc0a1b5f44baa88ccaca8877cb1573b751105e29cdabe55b71d58bb,continuation_predecessor,True,d37d25e8820d54294bc869debfd963a1dbd37810d0fb4177fdd05e98dd14d2af
True,1.0,B00,5.0,True,True,6.195029342836858e-22,3.484408941933914e-11,`xtol` termination condition is satisfied.,99,1.0,2.6306959636071637e-06,True,2.0,1.0,R02,N_ABS_NKCC_S4_PHIGH_KHIGH_AE4NA20_P2_H1:B00,True,2aa0d60488f93247dd8acbcf0e5143ed7d1a0eb797b1c30cf2013bc318b389a2,task24_baseline_anchor,True,e138d65e167acdff85554d6318d2e8755ad442f779a49c44a646aabef3489a35
True,1.0,B00,5.0,True,True,4.480054069379222e-22,2.9932653577979806e-11,`xtol` termination condition is satisfied.,129,1.0,2.233864057524226e-06,True,2.0,1.0,R02,N_ABS_NKCC_S4_PHIGH_KHIGH_AE4NA20_P2_H1:B00,True,195fe83a7dd68d6b6e42e5d4ac033716c4e3be60cdc034b1b18e981b02d10710,inherited_saved_rest,True,e355ced6c12c6697c8157f7286e642f1306c3e3e71a1ccf770d1e47a30474a1c
True,1.0,B00,10.0,True,True,2.1281763488812716e-23,6.516055056637882e-12,`xtol` termination condition is satisfied.,14,1.0,6.031069275248801e-07,True,5.0,1.0,R02,N_ABS_NKCC_S4_PHIGH_KHIGH_AE4NA20_P2_H1:B00,True,d37d25e8820d54294bc869debfd963a1dbd37810d0fb4177fdd05e98dd14d2af,continuation_predecessor,True,a8cc7cd96008ee55fa7c8b63e58ecbf2f2863443ad53c56ea3d4851cec8607e5
True,1.0,B00,10.0,True,True,2.128175765418303e-23,6.516055056637882e-12,`xtol` termination condition is satisfied.,63,1.0,6.031074814713326e-07,True,5.0,1.0,R02,N_ABS_NKCC_S4_PHIGH_KHIGH_AE4NA20_P2_H1:B00,True,2aa0d60488f93247dd8acbcf0e5143ed7d1a0eb797b1c30cf2013bc318b389a2,task24_baseline_anchor,True,8e4097e6d70fb802093361051b8c99114e07235a8f54dc1faba480d6f825c447
True,1.0,B00,10.0,True,True,3.2179728853154295e-22,2.5216374127667862e-11,`xtol` termination condition is satisfied.,113,1.0,1.8958267289329616e-06,True,5.0,1.0,R02,N_ABS_NKCC_S4_PHIGH_KHIGH_AE4NA20_P2_H1:B00,True,195fe83a7dd68d6b6e42e5d4ac033716c4e3be60cdc034b1b18e981b02d10710,inherited_saved_rest,True,8261066cb7c269f2a3f7aae25b9a0f1a8f1234cc07be63b4a4c5dc8098626c66
True,1.0,B00,2.0,True,True,9.253076354370964e-23,1.3574211199518516e-11,`xtol` termination condition is satisfied.,66,0.5,1.0104435598643247e-06,True,1.0,0.5,R02,N_ABS_NKCC_S4_PHIGH_KHIGH_AE4NA20_P2_H1:B00,True,b4bb2169aa781e4643a83bf93dfea91fa658b98397d566b576eedef72a122a46,continuation_predecessor,True,fc3f1e7a5a4cb38cdfb91069723f66180bdbfcae73e4f9bd11d390618526dd6a
True,1.0,B00,2.0,True,True,1.2352664404875439e-22,1.5701415861935075e-11,`xtol` termination condition is satisfied.,147,0.5,1.4597338707548893e-06,True,1.0,0.5,R02,N_ABS_NKCC_S4_PHIGH_KHIGH_AE4NA20_P2_H1:B00,True,2aa0d60488f93247dd8acbcf0e5143ed7d1a0eb797b1c30cf2013bc318b389a2,task24_baseline_anchor,True,ae73f413c0085e299fb744aefd82ee0426586b2ea5f61064999bc9a7ce03cd03
True,1.0,B00,2.0,True,True,1.1492505931039957e-21,4.775910569798647e-11,`xtol` termination condition is satisfied.,174,0.5,3.5976301307700477e-06,True,1.0,0.5,R02,N_ABS_NKCC_S4_PHIGH_KHIGH_AE4NA20_P2_H1:B00,True,195fe83a7dd68d6b6e42e5d4ac033716c4e3be60cdc034b1b18e981b02d10710,inherited_saved_rest,True,ca77ace62769f49974c66817d2ad9302d476a3f4f4dc07d02bc4cb7fdda0d803
True,1.0,B00,5.0,True,True,1.0391150956081895e-22,1.431363708115363e-11,`xtol` termination condition is satisfied.,28,0.5,1.3414053048490374e-06,True,2.0,0.5,R02,N_ABS_NKCC_S4_PHIGH_KHIGH_AE4NA20_P2_H1:B00,True,fc3f1e7a5a4cb38cdfb91069723f66180bdbfcae73e4f9bd11d390618526dd6a,continuation_predecessor,True,eff436ccb0dfe5d22fb598626dfc55ee95766e73da27b499144e941c16a6a7a9
True,1.0,B00,5.0,True,True,1.0391115237816415e-22,1.431363708115363e-11,`xtol` termination condition is satisfied.,87,0.5,1.3414060903723523e-06,True,2.0,0.5,R02,N_ABS_NKCC_S4_PHIGH_KHIGH_AE4NA20_P2_H1:B00,True,2aa0d60488f93247dd8acbcf0e5143ed7d1a0eb797b1c30cf2013bc318b389a2,task24_baseline_anchor,True,aa4eb912a249313b300644888c63d5885a516e636e7fd844b9dd1ad6e6b3a5d0
True,1.0,B00,5.0,True,True,7.071138633951771e-23,1.1859003362646447e-11,`xtol` termination condition is satisfied.,120,0.5,1.0947843839798573e-06,True,2.0,0.5,R02,N_ABS_NKCC_S4_PHIGH_KHIGH_AE4NA20_P2_H1:B00,True,195fe83a7dd68d6b6e42e5d4ac033716c4e3be60cdc034b1b18e981b02d10710,inherited_saved_rest,True,c4e19d98749cd8f462253da53861f1a8c307ce1aac0c31d1d064cb2f0791adb3
True,1.0,B00,10.0,True,True,2.6174760682411195e-24,2.226951262285226e-12,`xtol` termination condition is satisfied.,13,0.5,1.690105139006749e-07,True,5.0,0.5,R02,N_ABS_NKCC_S4_PHIGH_KHIGH_AE4NA20_P2_H1:B00,True,c4e19d98749cd8f462253da53861f1a8c307ce1aac0c31d1d064cb2f0791adb3,continuation_predecessor,True,8f8bb005a855bbeb332202f726469e09343b78461b928903e6384ce704326d6e
True,1.0,B00,10.0,True,True,4.370210957046727e-22,2.9501141113330576e-11,`xtol` termination condition is satisfied.,79,0.5,2.7552966959227332e-06,True,5.0,0.5,R02,N_ABS_NKCC_S4_PHIGH_KHIGH_AE4NA20_P2_H1:B00,True,2aa0d60488f93247dd8acbcf0e5143ed7d1a0eb797b1c30cf2013bc318b389a2,task24_baseline_anchor,True,30fe37815986096ac4be74ce23f0498dc08504b273513418c2d925b21066471d
True,1.0,B00,10.0,True,True,2.617947560153709e-24,2.226951262285226e-12,`xtol` termination condition is satisfied.,109,0.5,1.6901131153185008e-07,True,5.0,0.5,R02,N_ABS_NKCC_S4_PHIGH_KHIGH_AE4NA20_P2_H1:B00,True,195fe83a7dd68d6b6e42e5d4ac033716c4e3be60cdc034b1b18e981b02d10710,inherited_saved_rest,True,b684e56a5ca7fd879abc3127c2d971b30036628fc64a96763ca836731e594875
True,1.0,B00,2.0,True,True,1.548818459911712e-24,1.478851763270228e-12,`xtol` termination condition is satisfied.,45,0.25,6.272839258250105e-08,True,1.0,0.25,R02,N_ABS_NKCC_S4_PHIGH_KHIGH_AE4NA20_P2_H1:B00,True,0675a550e493809c710a9e4c89d6155960375a17e3450a3ca2b3587681b23876,continuation_predecessor,True,7d0bf2cefa971f4e56b00bce6c305c647d8741e0a93cd50f29f1083bb431bf87
True,1.0,B00,2.0,True,True,6.826850732063179e-24,3.410900034639397e-12,`xtol` termination condition is satisfied.,155,0.25,2.6229388782624217e-07,True,1.0,0.25,R02,N_ABS_NKCC_S4_PHIGH_KHIGH_AE4NA20_P2_H1:B00,True,2aa0d60488f93247dd8acbcf0e5143ed7d1a0eb797b1c30cf2013bc318b389a2,task24_baseline_anchor,True,469f469199dda61b53ae7cfce1fc71e7cfef87e63cb41a5c7425dee75bea5bd0
True,1.0,B00,2.0,True,True,6.450405014427265e-24,3.410900034639397e-12,`xtol` termination condition is satisfied.,164,0.25,2.613285757543055e-07,True,1.0,0.25,R02,N_ABS_NKCC_S4_PHIGH_KHIGH_AE4NA20_P2_H1:B00,True,195fe83a7dd68d6b6e42e5d4ac033716c4e3be60cdc034b1b18e981b02d10710,inherited_saved_rest,True,abb0713e770263cf8433a98b70001ca475bec041b6fe319f5153aee69cfb3a73
True,1.0,B00,5.0,True,True,1.1648881042925678e-22,1.5187504032176946e-11,`xtol` termination condition is satisfied.,24,0.25,1.141380501443452e-06,True,2.0,0.25,R02,N_ABS_NKCC_S4_PHIGH_KHIGH_AE4NA20_P2_H1:B00,True,7d0bf2cefa971f4e56b00bce6c305c647d8741e0a93cd50f29f1083bb431bf87,continuation_predecessor,True,0333f1892bbfc822d4f58a41421e1b07c885c5d4661fd5a8d7a49d1dbd94d7c6
True,1.0,B00,5.0,True,True,1.3723046919792248e-22,1.6540588343438856e-11,`xtol` termination condition is satisfied.,88,0.25,1.5430894114810801e-06,True,2.0,0.25,R02,N_ABS_NKCC_S4_PHIGH_KHIGH_AE4NA20_P2_H1:B00,True,2aa0d60488f93247dd8acbcf0e5143ed7d1a0eb797b1c30cf2013bc318b389a2,task24_baseline_anchor,True,a32105ce58e1e12924a8bbdc7b78c819bdcb5a0883f15906f1fa48871934a07f
True,1.0,B00,5.0,True,True,1.3723042747661635e-22,1.6540588343438856e-11,`xtol` termination condition is satisfied.,127,0.25,1.543089766428254e-06,True,2.0,0.25,R02,N_ABS_NKCC_S4_PHIGH_KHIGH_AE4NA20_P2_H1:B00,True,195fe83a7dd68d6b6e42e5d4ac033716c4e3be60cdc034b1b18e981b02d10710,inherited_saved_rest,True,f57fe774741a0d3af4d1212845a588c77f279df9be7e1ec4438c78cc9152b9f8
True,1.0,B00,10.0,True,True,2.0339032659581903e-22,2.0133634343055817e-11,`xtol` termination condition is satisfied.,7,0.25,1.5073965813836739e-06,True,5.0,0.25,R02,N_ABS_NKCC_S4_PHIGH_KHIGH_AE4NA20_P2_H1:B00,True,0333f1892bbfc822d4f58a41421e1b07c885c5d4661fd5a8d7a49d1dbd94d7c6,continuation_predecessor,True,bdaf283142ba389fa42d5ab834fd1893c934369ff4425bee9c370eac10a184a3
True,1.0,B00,10.0,True,True,4.2683112096589455e-23,9.141992718397773e-12,`xtol` termination condition is satisfied.,77,0.25,8.399562141233607e-07,True,5.0,0.25,R02,N_ABS_NKCC_S4_PHIGH_KHIGH_AE4NA20_P2_H1:B00,True,2aa0d60488f93247dd8acbcf0e5143ed7d1a0eb797b1c30cf2013bc318b389a2,task24_baseline_anchor,True,09121e5ea055f923a4039f057672ec1d49090c3171df7b0d7a8be7e5ab89d99e
True,1.0,B00,10.0,True,True,4.2683130704984763e-23,9.141992718397773e-12,`xtol` termination condition is satisfied.,114,0.25,8.399563936310925e-07,True,5.0,0.25,R02,N_ABS_NKCC_S4_PHIGH_KHIGH_AE4NA20_P2_H1:B00,True,195fe83a7dd68d6b6e42e5d4ac033716c4e3be60cdc034b1b18e981b02d10710,inherited_saved_rest,True,ac4bae2f33138e49708447a4423383e70301d30d170356d8ddfec82fbe22d328
True,1.0,B00,1.0,True,True,2.4680005525448926e-23,5.2757277713144646e-12,`xtol` termination condition is satisfied.,2,1.0,5.085367234837153e-07,True,,,R05,N_ABS_NKCC_S4_PLOW_KHIGH_AE4NA05_P1_H1:B00,True,e252945ce74f87fb1ba99762cbe64c287ad3679af52a341d7262346d2b5dcd9e,continuation_predecessor,True,bbdb7f5af1807c1babfd775b37b37fa10d20ec3ad7a5c39c0ebbc0f2109e4733
True,1.0,B00,1.0,True,True,8.474213789608688e-23,1.2641797331180982e-11,`xtol` termination condition is satisfied.,177,1.0,1.3290160733544315e-06,True,,,R05,N_ABS_NKCC_S4_PLOW_KHIGH_AE4NA05_P1_H1:B00,True,4aab3f0eed5f6913cf9f7a25e36f15704844d4fbd0bc35e1009a42f1146509af,inherited_saved_rest,True,dd139298def9e713966adaf5d1912ef09b4c07980af00db0945f64d6400d4a4a
True,1.0,B00,1.0,True,True,6.869940600058328e-23,1.1572773989110274e-11,`xtol` termination condition is satisfied.,77,0.5,1.184555853243412e-06,True,1.0,1.0,R05,N_ABS_NKCC_S4_PLOW_KHIGH_AE4NA05_P1_H1:B00,True,bbdb7f5af1807c1babfd775b37b37fa10d20ec3ad7a5c39c0ebbc0f2109e4733,continuation_predecessor,True,6bd4eee6a39584a2c145393a765fcf6f3e66173bd2b4a27d2539e88d00c06497
True,1.0,B00,1.0,True,True,6.869940600058328e-23,1.1572773989110274e-11,`xtol` termination condition is satisfied.,77,0.5,1.184555853243412e-06,True,1.0,1.0,R05,N_ABS_NKCC_S4_PLOW_KHIGH_AE4NA05_P1_H1:B00,True,e252945ce74f87fb1ba99762cbe64c287ad3679af52a341d7262346d2b5dcd9e,task24_baseline_anchor,True,6bd4eee6a39584a2c145393a765fcf6f3e66173bd2b4a27d2539e88d00c06497
True,1.0,B00,1.0,True,True,9.868954363256192e-23,1.4029576111962427e-11,`xtol` termination condition is satisfied.,177,0.5,1.4600892246652293e-06,True,1.0,1.0,R05,N_ABS_NKCC_S4_PLOW_KHIGH_AE4NA05_P1_H1:B00,True,4aab3f0eed5f6913cf9f7a25e36f15704844d4fbd0bc35e1009a42f1146509af,inherited_saved_rest,True,b9116409fca8530fe8fe0d462bd7ba8c4130fd5694e79bde290952aaae3a20fd
True,1.0,B00,1.0,True,True,3.288841860341135e-22,2.5615360527142528e-11,`xtol` termination condition is satisfied.,57,0.25,2.6702698201628322e-06,True,1.0,0.5,R05,N_ABS_NKCC_S4_PLOW_KHIGH_AE4NA05_P1_H1:B00,True,6bd4eee6a39584a2c145393a765fcf6f3e66173bd2b4a27d2539e88d00c06497,continuation_predecessor,True,1e92f38552bcf74fcfaf2a503cce790f9315f999104a2223f716399a6c4c50c2
True,1.0,B00,1.0,True,True,1.9407213447441325e-23,6.114900252818245e-12,`xtol` termination condition is satisfied.,104,0.25,3.9484637441240684e-07,True,1.0,0.5,R05,N_ABS_NKCC_S4_PLOW_KHIGH_AE4NA05_P1_H1:B00,True,e252945ce74f87fb1ba99762cbe64c287ad3679af52a341d7262346d2b5dcd9e,task24_baseline_anchor,True,9ea0c3968aa8ef546c6c626d45539be0ff35a2ac9028da3acfbcd4b1b3a32fa7
True,1.0,B00,1.0,True,True,3.2886976547869655e-22,2.5615360527142528e-11,`xtol` termination condition is satisfied.,138,0.25,2.6702712318468652e-06,True,1.0,0.5,R05,N_ABS_NKCC_S4_PLOW_KHIGH_AE4NA05_P1_H1:B00,True,4aab3f0eed5f6913cf9f7a25e36f15704844d4fbd0bc35e1009a42f1146509af,inherited_saved_rest,True,c7aaee06a3a5f8202ca2aa15516211c670ff99d021cacf59979c56be5475f7f4
True,1.0,B00,2.0,True,True,2.708922517467535e-23,7.357395942486633e-12,`xtol` termination condition is satisfied.,55,1.0,7.662250491265417e-07,True,1.0,1.0,R05,N_ABS_NKCC_S4_PLOW_KHIGH_AE4NA05_P1_H1:B00,True,bbdb7f5af1807c1babfd775b37b37fa10d20ec3ad7a5c39c0ebbc0f2109e4733,continuation_predecessor,True,5baa1418e42a60633db0b2f834d13598b33217a03c781233bb8a7b03f09849f7
True,1.0,B00,2.0,True,True,2.708922517467535e-23,7.357395942486633e-12,`xtol` termination condition is satisfied.,55,1.0,7.662250491265417e-07,True,1.0,1.0,R05,N_ABS_NKCC_S4_PLOW_KHIGH_AE4NA05_P1_H1:B00,True,e252945ce74f87fb1ba99762cbe64c287ad3679af52a341d7262346d2b5dcd9e,task24_baseline_anchor,True,5baa1418e42a60633db0b2f834d13598b33217a03c781233bb8a7b03f09849f7
True,1.0,B00,2.0,True,True,1.4863024537703106e-23,4.90059381963448e-12,`xtol` termination condition is satisfied.,125,1.0,4.899881352399764e-07,True,1.0,1.0,R05,N_ABS_NKCC_S4_PLOW_KHIGH_AE4NA05_P1_H1:B00,True,4aab3f0eed5f6913cf9f7a25e36f15704844d4fbd0bc35e1009a42f1146509af,inherited_saved_rest,True,818f68e3876b14a3012e3c3f37c7f897bf084d11918f0ad3b19037585e67e4b0
True,1.0,B00,5.0,True,True,1.1349195830209812e-22,1.5029210514994062e-11,`xtol` termination condition is satisfied.,36,1.0,9.543109435957e-07,True,2.0,1.0,R05,N_ABS_NKCC_S4_PLOW_KHIGH_AE4NA05_P1_H1:B00,True,818f68e3876b14a3012e3c3f37c7f897bf084d11918f0ad3b19037585e67e4b0,continuation_predecessor,True,eaf1a9f8bbd6c14d80040c63bedf1328aee0bcb542198aecee9a918659e4ed67
True,1.0,B00,5.0,True,True,1.915493319454222e-22,1.9157852387818863e-11,`xtol` termination condition is satisfied.,65,1.0,2.0306237146065827e-06,True,2.0,1.0,R05,N_ABS_NKCC_S4_PLOW_KHIGH_AE4NA05_P1_H1:B00,True,e252945ce74f87fb1ba99762cbe64c287ad3679af52a341d7262346d2b5dcd9e,task24_baseline_anchor,True,45dcdea742e6264b525cd0a89e3d1a9cad9294bb6f3c9c0f07a68a97c92a491d
True,1.0,B00,5.0,True,True,8.040148367621019e-23,1.257457679648688e-11,`xtol` termination condition is satisfied.,135,1.0,7.873764180104203e-07,True,2.0,1.0,R05,N_ABS_NKCC_S4_PLOW_KHIGH_AE4NA05_P1_H1:B00,True,4aab3f0eed5f6913cf9f7a25e36f15704844d4fbd0bc35e1009a42f1146509af,inherited_saved_rest,True,76ee5e99ebd092fe0dfee5ad2f24968ff878f918b8653cca262a0983e096a7ad
True,1.0,B00,10.0,True,True,2.4807417717459667e-23,6.9670831603918515e-12,`xtol` termination condition is satisfied.,20,1.0,4.4418325647030896e-07,True,5.0,1.0,R05,N_ABS_NKCC_S4_PLOW_KHIGH_AE4NA05_P1_H1:B00,True,76ee5e99ebd092fe0dfee5ad2f24968ff878f918b8653cca262a0983e096a7ad,continuation_predecessor,True,2fa97fdbd0b3bef34fdc441334538bb794f9453a6cf316f919b1111a3a9dd7ce
True,1.0,B00,10.0,True,True,2.4807484495168443e-23,6.9670831603918515e-12,`xtol` termination condition is satisfied.,62,1.0,4.441832192520134e-07,True,5.0,1.0,R05,N_ABS_NKCC_S4_PLOW_KHIGH_AE4NA05_P1_H1:B00,True,e252945ce74f87fb1ba99762cbe64c287ad3679af52a341d7262346d2b5dcd9e,task24_baseline_anchor,True,acaff693ff50fb774e21f5123285a562516cf2485d9bbb69701d5bb0faee99f7
True,1.0,B00,10.0,True,True,2.4807470436535775e-23,6.9670831603918515e-12,`xtol` termination condition is satisfied.,93,1.0,4.4418307393514923e-07,True,5.0,1.0,R05,N_ABS_NKCC_S4_PLOW_KHIGH_AE4NA05_P1_H1:B00,True,4aab3f0eed5f6913cf9f7a25e36f15704844d4fbd0bc35e1009a42f1146509af,inherited_saved_rest,True,86a79014b75f81518f8388b9c9322f9f11f86d97cd2d7dfb17f15362edc499dc
True,1.0,B00,2.0,True,True,1.6377100324821705e-24,1.478851763270228e-12,`xtol` termination condition is satisfied.,47,0.5,1.4542842882615434e-07,True,1.0,0.5,R05,N_ABS_NKCC_S4_PLOW_KHIGH_AE4NA05_P1_H1:B00,True,6bd4eee6a39584a2c145393a765fcf6f3e66173bd2b4a27d2539e88d00c06497,continuation_predecessor,True,49e4067f80e94c84ca800b850a6d7e346e879c735d12772990b23e60170a9a06
True,1.0,B00,2.0,True,True,8.963620854319136e-24,3.935653886122381e-12,`xtol` termination condition is satisfied.,77,0.5,4.2193843232095297e-07,True,1.0,0.5,R05,N_ABS_NKCC_S4_PLOW_KHIGH_AE4NA05_P1_H1:B00,True,e252945ce74f87fb1ba99762cbe64c287ad3679af52a341d7262346d2b5dcd9e,task24_baseline_anchor,True,c283f50fc3c0c66431e06db32227fb37a944100c023fc2b5da77691e3b18e984
True,1.0,B00,2.0,True,True,2.421078373047423e-22,1.186634124294983e-11,`xtol` termination condition is satisfied.,147,0.5,6.698314807918559e-07,True,1.0,0.5,R05,N_ABS_NKCC_S4_PLOW_KHIGH_AE4NA05_P1_H1:B00,True,4aab3f0eed5f6913cf9f7a25e36f15704844d4fbd0bc35e1009a42f1146509af,inherited_saved_rest,True,987e9548e263b9e8fd0b9fe19ff9c7a6ea3cd00e0abdfcebf20f1ff048467750
True,1.0,B00,5.0,True,True,3.266452212360245e-23,8.05995895025724e-12,`xtol` termination condition is satisfied.,25,0.5,5.12594022980372e-07,True,2.0,0.5,R05,N_ABS_NKCC_S4_PLOW_KHIGH_AE4NA05_P1_H1:B00,True,49e4067f80e94c84ca800b850a6d7e346e879c735d12772990b23e60170a9a06,continuation_predecessor,True,d6bbd8956e41c5c711bf2ff69dd796c908a750713ca438fb25175ea9d2356e95
True,1.0,B00,5.0,True,True,1.769644061443568e-23,5.603156827405087e-12,`xtol` termination condition is satisfied.,69,0.5,3.44505745221513e-07,True,2.0,0.5,R05,N_ABS_NKCC_S4_PLOW_KHIGH_AE4NA05_P1_H1:B00,True,e252945ce74f87fb1ba99762cbe64c287ad3679af52a341d7262346d2b5dcd9e,task24_baseline_anchor,True,8eb41b903ca1145470c5b641d1ff8072b5668c8267c121ec6f4644fb76b46227
True,1.0,B00,5.0,True,True,2.252894342197253e-22,2.121349970685138e-11,`xtol` termination condition is satisfied.,153,0.5,2.2050071019087845e-06,True,2.0,0.5,R05,N_ABS_NKCC_S4_PLOW_KHIGH_AE4NA05_P1_H1:B00,True,4aab3f0eed5f6913cf9f7a25e36f15704844d4fbd0bc35e1009a42f1146509af,inherited_saved_rest,True,5df9f148bbd654b59cb386615a41766d2a7fb655bac6567588f8e31f19775f11
True,1.0,B00,10.0,True,True,5.225844929035783e-23,1.0221858082193336e-11,`xtol` termination condition is satisfied.,13,0.5,1.0675412565361736e-06,True,5.0,0.5,R05,N_ABS_NKCC_S4_PLOW_KHIGH_AE4NA05_P1_H1:B00,True,8eb41b903ca1145470c5b641d1ff8072b5668c8267c121ec6f4644fb76b46227,continuation_predecessor,True,7a8b7fdfbc57d19789d87cb8caccc4a8f929f3cffaae7abfaa9da2f121fdc594
True,1.0,B00,10.0,True,True,3.3114181476452637e-23,7.767224363686154e-12,`xtol` termination condition is satisfied.,65,0.5,7.90518212566595e-07,True,5.0,0.5,R05,N_ABS_NKCC_S4_PLOW_KHIGH_AE4NA05_P1_H1:B00,True,e252945ce74f87fb1ba99762cbe64c287ad3679af52a341d7262346d2b5dcd9e,task24_baseline_anchor,True,90f4e9304f44e0b9236ab4ee5a72d95a03c948e7b8551dcfbbe5f734dc637229
True,1.0,B00,10.0,True,True,3.3114185354942175e-23,7.767224363686154e-12,`xtol` termination condition is satisfied.,87,0.5,7.905183940320091e-07,True,5.0,0.5,R05,N_ABS_NKCC_S4_PLOW_KHIGH_AE4NA05_P1_H1:B00,True,4aab3f0eed5f6913cf9f7a25e36f15704844d4fbd0bc35e1009a42f1146509af,inherited_saved_rest,True,d19e943ec766aa65d1568148f2f7133de07bcc7c4287171f7e2416a5233df14c
True,1.0,B00,2.0,True,True,2.2999371797319036e-23,6.765421556309548e-12,`xtol` termination condition is satisfied.,39,0.25,7.001810475874263e-07,True,1.0,0.25,R05,N_ABS_NKCC_S4_PLOW_KHIGH_AE4NA05_P1_H1:B00,True,9ea0c3968aa8ef546c6c626d45539be0ff35a2ac9028da3acfbcd4b1b3a32fa7,continuation_predecessor,True,d57cd02a3209e1f637163b3f6063352052c27ebb2a4e2df6ede1e34c0b70e8f1
True,1.0,B00,2.0,True,True,2.2999424439372052e-23,6.765421556309548e-12,`xtol` termination condition is satisfied.,95,0.25,7.001809304015238e-07,True,1.0,0.25,R05,N_ABS_NKCC_S4_PLOW_KHIGH_AE4NA05_P1_H1:B00,True,e252945ce74f87fb1ba99762cbe64c287ad3679af52a341d7262346d2b5dcd9e,task24_baseline_anchor,True,d205e523448453d04541fcf994a9fe61d5029146b360d650ae6b1df8449a5cac
True,1.0,B00,2.0,True,True,2.299950480476109e-23,6.765421556309548e-12,`xtol` termination condition is satisfied.,164,0.25,7.001811563719834e-07,True,1.0,0.25,R05,N_ABS_NKCC_S4_PLOW_KHIGH_AE4NA05_P1_H1:B00,True,4aab3f0eed5f6913cf9f7a25e36f15704844d4fbd0bc35e1009a42f1146509af,inherited_saved_rest,True,646447412e79a81a1de3000210d0ce180e3c17cd11dc996e297cc06aa293117d
True,1.0,B00,5.0,True,True,6.46808527296772e-23,1.1254018550399536e-11,`xtol` termination condition is satisfied.,18,0.25,1.1858461734374578e-06,True,2.0,0.25,R05,N_ABS_NKCC_S4_PLOW_KHIGH_AE4NA05_P1_H1:B00,True,d205e523448453d04541fcf994a9fe61d5029146b360d650ae6b1df8449a5cac,continuation_predecessor,True,b79eeff491d229022dc57e3a2e8df50595705bb96946040e2f56f7289f8822bb
True,1.0,B00,5.0,True,True,6.468086524180834e-23,1.1254018550399536e-11,`xtol` termination condition is satisfied.,74,0.25,1.1858459560340037e-06,True,2.0,0.25,R05,N_ABS_NKCC_S4_PLOW_KHIGH_AE4NA05_P1_H1:B00,True,e252945ce74f87fb1ba99762cbe64c287ad3679af52a341d7262346d2b5dcd9e,task24_baseline_anchor,True,7635c2fc8d6abbb47ca8b072714d7d4c129aab5f0d120c516a6e87e6743ec18d
True,1.0,B00,5.0,True,True,3.9171856001321947e-23,8.799384831892354e-12,`xtol` termination condition is satisfied.,151,0.25,9.091115498519907e-07,True,2.0,0.25,R05,N_ABS_NKCC_S4_PLOW_KHIGH_AE4NA05_P1_H1:B00,True,4aab3f0eed5f6913cf9f7a25e36f15704844d4fbd0bc35e1009a42f1146509af,inherited_saved_rest,True,18f3d2edb73e66695f87ecb83f7f3c2b8f111e9a2de011385ac3791f670c1f3f
True,1.0,B00,10.0,True,True,1.1687888669867347e-22,1.515497796700238e-11,`xtol` termination condition is satisfied.,8,0.25,9.68056691481529e-07,True,5.0,0.25,R05,N_ABS_NKCC_S4_PLOW_KHIGH_AE4NA05_P1_H1:B00,True,18f3d2edb73e66695f87ecb83f7f3c2b8f111e9a2de011385ac3791f670c1f3f,continuation_predecessor,True,bc66c4cba11ac58c9c26f9a5fee45101c05deb7d091d4671512090aa741f0baa
True,1.0,B00,10.0,True,True,8.079247462526901e-23,1.2698175844150228e-11,`xtol` termination condition is satisfied.,69,0.25,7.999839984716876e-07,True,5.0,0.25,R05,N_ABS_NKCC_S4_PLOW_KHIGH_AE4NA05_P1_H1:B00,True,e252945ce74f87fb1ba99762cbe64c287ad3679af52a341d7262346d2b5dcd9e,task24_baseline_anchor,True,6e40577a712c65c82e18394bfa0f642e3c0586fc20f3560e11326677ee077f75
True,1.0,B00,10.0,True,True,8.079202168880982e-23,1.2698175844150228e-11,`xtol` termination condition is satisfied.,86,0.25,7.999834669250878e-07,True,5.0,0.25,R05,N_ABS_NKCC_S4_PLOW_KHIGH_AE4NA05_P1_H1:B00,True,4aab3f0eed5f6913cf9f7a25e36f15704844d4fbd0bc35e1009a42f1146509af,inherited_saved_rest,True,7808da6df30cde4e113656e2d72565ccbb219b1b3a771627f5b178cae572dff1
True,0.05,B00,1.0,True,True,5.04931762985568e-22,3.163918779747199e-11,`xtol` termination condition is satisfied.,2,1.0,3.212249195448095e-06,True,,,R01,N_ABS_NKCC_S4_PHIGH_KHIGH_AE4NA05_P1_H1:B00,True,f92bb6ae66c5f9ef636c8500e1ad77fc5c5dfb39ed7dd40382cedd4a50f7a273,continuation_predecessor,True,057dafe502c6f21e35dd78ee6ece9f3702f705097994808ee0ba21dfd4f6dedc
True,0.05,B00,1.0,True,True,1.3720673003737445e-25,5.160802341031001e-13,`xtol` termination condition is satisfied.,93,1.0,4.068498887043156e-09,True,,,R01,N_ABS_NKCC_S4_PHIGH_KHIGH_AE4NA05_P1_H1:B00,True,6c4355d12c29172db8124a380608c83fb9b9bc49bf99e546817f325c251d2612,inherited_saved_rest,True,f92bb6ae66c5f9ef636c8500e1ad77fc5c5dfb39ed7dd40382cedd4a50f7a273
True,0.05,B00,1.0,True,True,1.4486129920730732e-22,1.6928732721188666e-11,`xtol` termination condition is satisfied.,364,0.5,1.7468163378528243e-06,True,1.0,1.0,R01,N_ABS_NKCC_S4_PHIGH_KHIGH_AE4NA05_P1_H1:B00,True,f92bb6ae66c5f9ef636c8500e1ad77fc5c5dfb39ed7dd40382cedd4a50f7a273,continuation_predecessor,True,97359b9d40092addfa29cb25aaa32633a52d3df44aa622a43bc29743e933e618
True,0.05,B00,1.0,True,True,1.0974316812901111e-22,1.4801528058772107e-11,`xtol` termination condition is satisfied.,382,0.5,9.667766000150965e-07,True,1.0,1.0,R01,N_ABS_NKCC_S4_PHIGH_KHIGH_AE4NA05_P1_H1:B00,True,6c4355d12c29172db8124a380608c83fb9b9bc49bf99e546817f325c251d2612,inherited_saved_rest,True,4633f637f19c0d90fae3fe11200f3a8b2f3d69299f9a5a168f431150e9c973f8
True,0.05,B00,1.0,True,True,3.0373794870410664e-23,7.559057546568937e-12,`xtol` termination condition is satisfied.,95,0.25,4.956812763311803e-07,True,1.0,0.5,R01,N_ABS_NKCC_S4_PHIGH_KHIGH_AE4NA05_P1_H1:B00,True,4633f637f19c0d90fae3fe11200f3a8b2f3d69299f9a5a168f431150e9c973f8,continuation_predecessor,True,92817eed8d205018ccec5ded3297643f5416f1f4472eef1dbc5368491dc7cefa
True,0.05,B00,1.0,True,True,1.32745167827609e-23,5.104423828061755e-12,`xtol` termination condition is satisfied.,338,0.25,3.2483758717673657e-07,True,1.0,0.5,R01,N_ABS_NKCC_S4_PHIGH_KHIGH_AE4NA05_P1_H1:B00,True,f92bb6ae66c5f9ef636c8500e1ad77fc5c5dfb39ed7dd40382cedd4a50f7a273,task24_baseline_anchor,True,20fe536553869c61acb6713e8a4daa1715b0911dc16bc63dac4080d390dc3ae5
True,0.05,B00,1.0,True,True,3.5945159224860686e-22,2.6625836951899018e-11,`xtol` termination condition is satisfied.,334,0.25,2.7712956390940647e-06,True,1.0,0.5,R01,N_ABS_NKCC_S4_PHIGH_KHIGH_AE4NA05_P1_H1:B00,True,6c4355d12c29172db8124a380608c83fb9b9bc49bf99e546817f325c251d2612,inherited_saved_rest,True,d77041dc99fcabeed8d737db2084a1c8dded54b1938f77e230dd859d15ec9399
True,0.05,B00,2.0,True,True,4.233090178692317e-24,2.706168622523819e-12,`xtol` termination condition is satisfied.,259,1.0,2.661148291658765e-07,True,1.0,1.0,R01,N_ABS_NKCC_S4_PHIGH_KHIGH_AE4NA05_P1_H1:B00,True,f92bb6ae66c5f9ef636c8500e1ad77fc5c5dfb39ed7dd40382cedd4a50f7a273,continuation_predecessor,True,8ead6e92e8d5ad50b15bc63132db7a32fa046a29b88cefb64114cb188d471f2d
True,0.05,B00,2.0,True,True,4.2740709559091395e-22,2.9024092157436954e-11,`xtol` termination condition is satisfied.,228,1.0,1.934247776460367e-06,True,1.0,1.0,R01,N_ABS_NKCC_S4_PHIGH_KHIGH_AE4NA05_P1_H1:B00,True,6c4355d12c29172db8124a380608c83fb9b9bc49bf99e546817f325c251d2612,inherited_saved_rest,True,cf376925a4c73e559f83503bf5d61a3ef050516ace4cafa36b2a2788e42481e8
True,0.05,B00,5.0,True,True,3.722832045211243e-23,8.61723886691479e-12,`xtol` termination condition is satisfied.,149,1.0,8.737626492062187e-07,True,2.0,1.0,R01,N_ABS_NKCC_S4_PHIGH_KHIGH_AE4NA05_P1_H1:B00,True,8ead6e92e8d5ad50b15bc63132db7a32fa046a29b88cefb64114cb188d471f2d,continuation_predecessor,True,15842630e6bea4f1482c9a245b6e00292e669375bb3ef011babd00a7bacaeb6a
True,0.05,B00,5.0,True,True,2.7134688620883697e-22,2.3110853508701013e-11,`xtol` termination condition is satisfied.,301,1.0,1.5322170317489264e-06,True,2.0,1.0,R01,N_ABS_NKCC_S4_PHIGH_KHIGH_AE4NA05_P1_H1:B00,True,f92bb6ae66c5f9ef636c8500e1ad77fc5c5dfb39ed7dd40382cedd4a50f7a273,task24_baseline_anchor,True,f51478986924bdeac4827f20a06e1ed1a1ab008b14c37e573edc3c2d1407aedc
True,0.05,B00,5.0,True,True,6.364494834603013e-23,1.1074040989766942e-11,`xtol` termination condition is satisfied.,273,1.0,1.1443975023744822e-06,True,2.0,1.0,R01,N_ABS_NKCC_S4_PHIGH_KHIGH_AE4NA05_P1_H1:B00,True,6c4355d12c29172db8124a380608c83fb9b9bc49bf99e546817f325c251d2612,inherited_saved_rest,True,b93ed38e8f317d15a95a3384a6831ee0a15541b04c0414d9c246c81145bae2d3
True,0.05,B00,10.0,True,True,1.1885992661928923e-22,1.498367402374967e-11,`xtol` termination condition is satisfied.,73,1.0,1.0003813126366314e-06,True,5.0,1.0,R01,N_ABS_NKCC_S4_PHIGH_KHIGH_AE4NA05_P1_H1:B00,True,15842630e6bea4f1482c9a245b6e00292e669375bb3ef011babd00a7bacaeb6a,continuation_predecessor,True,8afbd0ffb046ae135c3329598817ec3598c2db285843a2d5489fb8671a8d0f80
True,0.05,B00,10.0,True,True,7.899197157102539e-23,1.2526871900897518e-11,`xtol` termination condition is satisfied.,269,1.0,8.261676500241724e-07,True,5.0,1.0,R01,N_ABS_NKCC_S4_PHIGH_KHIGH_AE4NA05_P1_H1:B00,True,f92bb6ae66c5f9ef636c8500e1ad77fc5c5dfb39ed7dd40382cedd4a50f7a273,task24_baseline_anchor,True,5f1a2ec33c69ca73c414457da0c3feb616f2dee4514003ac3dfc5e661e9b9169
True,0.05,B00,10.0,True,True,7.899174563307422e-23,1.2526871900897518e-11,`xtol` termination condition is satisfied.,273,1.0,8.261676016911007e-07,True,5.0,1.0,R01,N_ABS_NKCC_S4_PHIGH_KHIGH_AE4NA05_P1_H1:B00,True,6c4355d12c29172db8124a380608c83fb9b9bc49bf99e546817f325c251d2612,inherited_saved_rest,True,2dd8ae2117ef82c3fe48c512de7ab65689cef95806c9949a314f3d94e80fe603
True,0.05,B00,2.0,True,True,1.6931168941303985e-22,1.8381563632319242e-11,`xtol` termination condition is satisfied.,91,0.5,1.1856577517822007e-06,True,1.0,0.5,R01,N_ABS_NKCC_S4_PHIGH_KHIGH_AE4NA05_P1_H1:B00,True,4633f637f19c0d90fae3fe11200f3a8b2f3d69299f9a5a168f431150e9c973f8,continuation_predecessor,True,5e7dbdb5d354166e3280f58840760c4a982fe8b994bc42c25e68f5770f4e5e8c
True,0.05,B00,2.0,True,True,2.185409030987885e-22,2.0836197350826424e-11,`xtol` termination condition is satisfied.,297,0.5,1.35745991416546e-06,True,1.0,0.5,R01,N_ABS_NKCC_S4_PHIGH_KHIGH_AE4NA05_P1_H1:B00,True,f92bb6ae66c5f9ef636c8500e1ad77fc5c5dfb39ed7dd40382cedd4a50f7a273,task24_baseline_anchor,True,40e2e8298eee373fca3d9bf845542299ef56ce473876f9ecef658dd6c679fc77
True,0.05,B00,2.0,True,True,5.95714109954625e-23,1.0891895024789378e-11,`xtol` termination condition is satisfied.,293,0.5,1.1245181619715933e-06,True,1.0,0.5,R01,N_ABS_NKCC_S4_PHIGH_KHIGH_AE4NA05_P1_H1:B00,True,6c4355d12c29172db8124a380608c83fb9b9bc49bf99e546817f325c251d2612,inherited_saved_rest,True,c759845b9082387a9c1f66be81b534f6924e40c1009e46f4c883c1d951cd35ff
True,0.05,B00,5.0,True,True,5.218557704521184e-22,3.202516377087683e-11,`xtol` termination condition is satisfied.,46,0.5,3.330510756144891e-06,True,2.0,0.5,R01,N_ABS_NKCC_S4_PHIGH_KHIGH_AE4NA05_P1_H1:B00,True,c759845b9082387a9c1f66be81b534f6924e40c1009e46f4c883c1d951cd35ff,continuation_predecessor,True,86e1b087fb9f8a2558642a2b188d67cc6a0f5a88074c82350d2e9e4e79fd6401
True,0.05,B00,5.0,True,True,3.6881932349087786e-22,2.7113727929517495e-11,`xtol` termination condition is satisfied.,313,0.5,2.779935898549141e-06,True,2.0,0.5,R01,N_ABS_NKCC_S4_PHIGH_KHIGH_AE4NA05_P1_H1:B00,True,f92bb6ae66c5f9ef636c8500e1ad77fc5c5dfb39ed7dd40382cedd4a50f7a273,task24_baseline_anchor,True,af125fed89fa18b6b9668eda621090ae0e8f156935a39644ccb1e449f3cd4105
True,0.05,B00,5.0,True,True,2.6562468799742626e-24,2.159730727591125e-12,`xtol` termination condition is satisfied.,296,0.5,1.4336666372639723e-07,True,2.0,0.5,R01,N_ABS_NKCC_S4_PHIGH_KHIGH_AE4NA05_P1_H1:B00,True,6c4355d12c29172db8124a380608c83fb9b9bc49bf99e546817f325c251d2612,inherited_saved_rest,True,ac48a9645570379bb0f9fa2f4155c6e2e4fd44e143fe4b8166cd706c484bae48
True,0.05,B00,10.0,True,True,2.318808661666235e-23,6.7437375128598376e-12,`xtol` termination condition is satisfied.,20,0.5,6.871176755585826e-07,True,5.0,0.5,R01,N_ABS_NKCC_S4_PHIGH_KHIGH_AE4NA05_P1_H1:B00,True,ac48a9645570379bb0f9fa2f4155c6e2e4fd44e143fe4b8166cd706c484bae48,continuation_predecessor,True,c17bc62fafbdb9026c8161010f17d9ee90f3a6920b34cb8e6f79273edbefc423
True,0.05,B00,10.0,True,True,2.3451953699764136e-23,6.7437375128598376e-12,`xtol` termination condition is satisfied.,278,0.5,6.855618023003661e-07,True,5.0,0.5,R01,N_ABS_NKCC_S4_PHIGH_KHIGH_AE4NA05_P1_H1:B00,True,f92bb6ae66c5f9ef636c8500e1ad77fc5c5dfb39ed7dd40382cedd4a50f7a273,task24_baseline_anchor,True,f6050cebf7d175c3eeffdbecb59b68dd8bfb652bdd6ad935967edfa4d1aa1efc
True,0.05,B00,10.0,True,True,4.36737670694953e-23,9.19837123136702e-12,`xtol` termination condition is satisfied.,368,0.5,9.607135608892872e-07,True,5.0,0.5,R01,N_ABS_NKCC_S4_PHIGH_KHIGH_AE4NA05_P1_H1:B00,True,6c4355d12c29172db8124a380608c83fb9b9bc49bf99e546817f325c251d2612,inherited_saved_rest,True,6970ce846550b7f4da8f352a58fd8c8c8bbf60a6d1068e7077c780184760b851
True,0.05,B00,2.0,True,True,4.288803245252727e-24,2.7842311789427754e-12,`xtol` termination condition is satisfied.,45,0.25,1.7397861152269243e-07,True,1.0,0.25,R01,N_ABS_NKCC_S4_PHIGH_KHIGH_AE4NA05_P1_H1:B00,True,20fe536553869c61acb6713e8a4daa1715b0911dc16bc63dac4080d390dc3ae5,continuation_predecessor,True,b7981c76f5e5503f9f91d3b71a3aa9d399377e5bb2ec30de0311c2ea69d0a0f8
True,0.05,B00,2.0,True,True,1.5171930562818485e-23,5.2410333017949284e-12,`xtol` termination condition is satisfied.,334,0.25,3.4439513602291576e-07,True,1.0,0.25,R01,N_ABS_NKCC_S4_PHIGH_KHIGH_AE4NA05_P1_H1:B00,True,f92bb6ae66c5f9ef636c8500e1ad77fc5c5dfb39ed7dd40382cedd4a50f7a273,task24_baseline_anchor,True,f91e047757cc42caf72bf3ba78e3c844c5ebad54371baecb3c640b058c84e138
True,0.05,B00,2.0,True,True,4.2887874102341545e-24,2.7842311789427754e-12,`xtol` termination condition is satisfied.,369,0.25,1.7397852046859406e-07,True,1.0,0.25,R01,N_ABS_NKCC_S4_PHIGH_KHIGH_AE4NA05_P1_H1:B00,True,6c4355d12c29172db8124a380608c83fb9b9bc49bf99e546817f325c251d2612,inherited_saved_rest,True,b54fcac82a095b6f0a51388ba309e62e4d8cb7d157c2119a751357dddf117d98
True,0.05,B00,5.0,True,True,8.073258640937231e-23,1.2700344248495199e-11,`xtol` termination condition is satisfied.,39,0.25,1.3110615352200631e-06,True,2.0,0.25,R01,N_ABS_NKCC_S4_PHIGH_KHIGH_AE4NA05_P1_H1:B00,True,b54fcac82a095b6f0a51388ba309e62e4d8cb7d157c2119a751357dddf117d98,continuation_predecessor,True,b5dfd84d52b84b8ba0838b46a74b4e1647770d4a58fce59faac76c374c5ed131
True,0.05,B00,5.0,True,True,8.073248225129348e-23,1.2700344248495199e-11,`xtol` termination condition is satisfied.,318,0.25,1.311061333039206e-06,True,2.0,0.25,R01,N_ABS_NKCC_S4_PHIGH_KHIGH_AE4NA05_P1_H1:B00,True,f92bb6ae66c5f9ef636c8500e1ad77fc5c5dfb39ed7dd40382cedd4a50f7a273,task24_baseline_anchor,True,75417900cf4bee276a67223b585e92fc2bc0ad33a9c92d950f192f0e487897a6
True,0.05,B00,5.0,True,True,1.1724453163689417e-22,1.515497796700238e-11,`xtol` termination condition is satisfied.,290,0.25,1.5859260332801034e-06,True,2.0,0.25,R01,N_ABS_NKCC_S4_PHIGH_KHIGH_AE4NA05_P1_H1:B00,True,6c4355d12c29172db8124a380608c83fb9b9bc49bf99e546817f325c251d2612,inherited_saved_rest,True,7e2aff8505b6950f8cb52aa961da9360fc9fa12da023c0ea7c15a2a27f70a713
True,0.05,B00,10.0,True,True,1.46811073869155e-22,1.6622987708547754e-11,`xtol` termination condition is satisfied.,25,0.25,1.754346631697615e-06,True,5.0,0.25,R01,N_ABS_NKCC_S4_PHIGH_KHIGH_AE4NA05_P1_H1:B00,True,75417900cf4bee276a67223b585e92fc2bc0ad33a9c92d950f192f0e487897a6,continuation_predecessor,True,11e3b51d17a834ef36b8724683b0980f3531a93044c1ad9c22b9a27c1287c115
True,0.05,B00,10.0,True,True,1.546535507359579e-22,1.7564075194265172e-11,`xtol` termination condition is satisfied.,350,0.25,1.1272771016775034e-06,True,5.0,0.25,R01,N_ABS_NKCC_S4_PHIGH_KHIGH_AE4NA05_P1_H1:B00,True,f92bb6ae66c5f9ef636c8500e1ad77fc5c5dfb39ed7dd40382cedd4a50f7a273,task24_baseline_anchor,True,b0027214bebc8eb2fcd8483629f803d3fac08e1651dec12287f38a4f7cdb6186
True,0.05,B00,10.0,True,True,1.1559663659549202e-22,1.510944147575799e-11,`xtol` termination condition is satisfied.,321,0.25,9.57484785859752e-07,True,5.0,0.25,R01,N_ABS_NKCC_S4_PHIGH_KHIGH_AE4NA05_P1_H1:B00,True,6c4355d12c29172db8124a380608c83fb9b9bc49bf99e546817f325c251d2612,inherited_saved_rest,True,b9328d8de0d3d7f13c71fb8b1c421b583c915142017c460bf49a447948389ffd
True,1.0,B00,1.0,True,True,1.216863872738393e-24,1.5460722979643293e-12,`xtol` termination condition is satisfied.,2,1.0,1.1691506815731877e-07,True,,,R06,N_ABS_NKCC_S4_PLOW_KHIGH_AE4NA20_P2_H1:B00,True,7cc241a14d79d9a6d15fcd554b637d3c167c07c4e7f7612cf3970fd1ad47c1e6,continuation_predecessor,True,7cc241a14d79d9a6d15fcd554b637d3c167c07c4e7f7612cf3970fd1ad47c1e6
True,1.0,B00,1.0,True,True,5.583268360115239e-23,5.291322935363496e-12,`xtol` termination condition is satisfied.,393,1.0,3.06258840486856e-07,True,,,R06,N_ABS_NKCC_S4_PLOW_KHIGH_AE4NA20_P2_H1:B00,True,b2435172e1139f4345e5a7b404574d5f5a6df4a7ddf5564ee4623ef5096f4bc9,inherited_saved_rest,True,944a6af76f7eea3a3e77b6c482a107189a20a532173b4401b4b14af09a64f70f
True,1.0,B00,1.0,True,True,1.2067151143290735e-22,1.53479659537048e-11,`xtol` termination condition is satisfied.,182,0.5,1.1783226599245453e-06,True,1.0,1.0,R06,N_ABS_NKCC_S4_PLOW_KHIGH_AE4NA20_P2_H1:B00,True,7cc241a14d79d9a6d15fcd554b637d3c167c07c4e7f7612cf3970fd1ad47c1e6,continuation_predecessor,True,8986f7679831e2a8dcdce1a2852dd7a0b23fac39a52bb26467701acdecb839e9
True,1.0,B00,1.0,True,True,1.8097805466563127e-22,1.8839096949108125e-11,`xtol` termination condition is satisfied.,296,0.5,1.7445902361518808e-06,True,1.0,1.0,R06,N_ABS_NKCC_S4_PLOW_KHIGH_AE4NA20_P2_H1:B00,True,b2435172e1139f4345e5a7b404574d5f5a6df4a7ddf5564ee4623ef5096f4bc9,inherited_saved_rest,True,161b0f49ab388b866cba0aeacf53c5657a2010b6099ce36674299c4234dbc42e
True,1.0,B00,1.0,True,True,1.0092668699440256e-23,4.434386885465713e-12,`xtol` termination condition is satisfied.,90,0.25,3.3945208666176676e-07,True,1.0,0.5,R06,N_ABS_NKCC_S4_PLOW_KHIGH_AE4NA20_P2_H1:B00,True,8986f7679831e2a8dcdce1a2852dd7a0b23fac39a52bb26467701acdecb839e9,continuation_predecessor,True,46e696741a05769bb38f64e282efead82a7438e1b38d29e156b793f1a10cba44
True,1.0,B00,1.0,True,True,1.0092627235238253e-23,4.434386885465713e-12,`xtol` termination condition is satisfied.,211,0.25,3.394520496873644e-07,True,1.0,0.5,R06,N_ABS_NKCC_S4_PLOW_KHIGH_AE4NA20_P2_H1:B00,True,7cc241a14d79d9a6d15fcd554b637d3c167c07c4e7f7612cf3970fd1ad47c1e6,task24_baseline_anchor,True,a8636f0cc82509d845a132ab268f0e83ae111605d1a301332bb2ef7d0a43d981
True,1.0,B00,1.0,True,True,3.7409645036578413e-22,2.729804229884003e-11,`xtol` termination condition is satisfied.,238,0.25,2.5200076921980337e-06,True,1.0,0.5,R06,N_ABS_NKCC_S4_PLOW_KHIGH_AE4NA20_P2_H1:B00,True,b2435172e1139f4345e5a7b404574d5f5a6df4a7ddf5564ee4623ef5096f4bc9,inherited_saved_rest,True,f5d9c9c4f814a3a48bd36c42198faed82419f220e6332493d8963e0e1dff5634
True,1.0,B00,2.0,True,True,8.343049277026142e-23,1.2869479787402938e-11,`xtol` termination condition is satisfied.,108,1.0,1.188326183965504e-06,True,1.0,1.0,R06,N_ABS_NKCC_S4_PLOW_KHIGH_AE4NA20_P2_H1:B00,True,7cc241a14d79d9a6d15fcd554b637d3c167c07c4e7f7612cf3970fd1ad47c1e6,continuation_predecessor,True,cf134f07b7ba76dd23e62025d2462aafd92022669b1402196da2548e62e8d2b0
True,1.0,B00,2.0,True,True,1.7876833757548448e-22,1.8860780992557835e-11,`xtol` termination condition is satisfied.,207,1.0,1.4363356553490834e-06,True,1.0,1.0,R06,N_ABS_NKCC_S4_PLOW_KHIGH_AE4NA20_P2_H1:B00,True,b2435172e1139f4345e5a7b404574d5f5a6df4a7ddf5564ee4623ef5096f4bc9,inherited_saved_rest,True,f707efd51e91c5bf117c15bee42ef19ff77a2d84b313a016adff154087c585a3
True,1.0,B00,5.0,True,True,9.577454921653605e-23,1.3823577699190182e-11,`xtol` termination condition is satisfied.,48,1.0,1.045574505881075e-06,True,2.0,1.0,R06,N_ABS_NKCC_S4_PLOW_KHIGH_AE4NA20_P2_H1:B00,True,cf134f07b7ba76dd23e62025d2462aafd92022669b1402196da2548e62e8d2b0,continuation_predecessor,True,d64d296657e4bd64ded4d8d027611c46c66488179d99f97fa3cfa2e6c82cbebe
True,1.0,B00,5.0,True,True,6.646001433473757e-23,1.1366775576338028e-11,`xtol` termination condition is satisfied.,100,1.0,8.452632252678829e-07,True,2.0,1.0,R06,N_ABS_NKCC_S4_PLOW_KHIGH_AE4NA20_P2_H1:B00,True,7cc241a14d79d9a6d15fcd554b637d3c167c07c4e7f7612cf3970fd1ad47c1e6,task24_baseline_anchor,True,aff8c9f15187c17eba4a02bdb63105fb744dd3b57b7fb85c1991c00ad8cd805c
True,1.0,B00,5.0,True,True,9.577463992873921e-23,1.3823577699190182e-11,`xtol` termination condition is satisfied.,122,1.0,1.0455741402535597e-06,True,2.0,1.0,R06,N_ABS_NKCC_S4_PLOW_KHIGH_AE4NA20_P2_H1:B00,True,b2435172e1139f4345e5a7b404574d5f5a6df4a7ddf5564ee4623ef5096f4bc9,inherited_saved_rest,True,1186f2a0c9f0b5ccef7cd08345a4668e7cc3d1739cf80cd92f26eafc7892cd14
True,1.0,B00,10.0,True,True,3.4659128389526584e-23,8.309325449928906e-12,`xtol` termination condition is satisfied.,14,1.0,7.626667530157791e-07,True,5.0,1.0,R06,N_ABS_NKCC_S4_PLOW_KHIGH_AE4NA20_P2_H1:B00,True,aff8c9f15187c17eba4a02bdb63105fb744dd3b57b7fb85c1991c00ad8cd805c,continuation_predecessor,True,17c97f17eaf511ff5f3874018dd0e5ecbaf3615af66fa74c2e68779cd675fda3
True,1.0,B00,10.0,True,True,3.465913965848546e-23,8.309325449928906e-12,`xtol` termination condition is satisfied.,62,1.0,7.626664029321722e-07,True,5.0,1.0,R06,N_ABS_NKCC_S4_PLOW_KHIGH_AE4NA20_P2_H1:B00,True,7cc241a14d79d9a6d15fcd554b637d3c167c07c4e7f7612cf3970fd1ad47c1e6,task24_baseline_anchor,True,7c9385bf98c00a386df9c630df5034725d7d5023df579feaa5d184ff64f2445a
True,1.0,B00,10.0,True,True,3.467733854069507e-23,8.309325449928906e-12,`xtol` termination condition is satisfied.,111,1.0,7.624649680423905e-07,True,5.0,1.0,R06,N_ABS_NKCC_S4_PLOW_KHIGH_AE4NA20_P2_H1:B00,True,b2435172e1139f4345e5a7b404574d5f5a6df4a7ddf5564ee4623ef5096f4bc9,inherited_saved_rest,True,6bec00c79e40a52e69c5b97a8940506c5412ae6816e5585d2e92c910a41a8893
True,1.0,B00,2.0,True,True,3.8013800207347886e-24,2.5738959574805875e-12,`xtol` termination condition is satisfied.,68,0.5,5.961214911806826e-08,True,1.0,0.5,R06,N_ABS_NKCC_S4_PLOW_KHIGH_AE4NA20_P2_H1:B00,True,8986f7679831e2a8dcdce1a2852dd7a0b23fac39a52bb26467701acdecb839e9,continuation_predecessor,True,54fec95eab51fe983599a6511dedb4ea62b705a4037ed1d3587dc984994e508a
True,1.0,B00,2.0,True,True,6.163892770020983e-24,3.443426099813962e-12,`xtol` termination condition is satisfied.,135,0.5,2.612741129478055e-07,True,1.0,0.5,R06,N_ABS_NKCC_S4_PLOW_KHIGH_AE4NA20_P2_H1:B00,True,7cc241a14d79d9a6d15fcd554b637d3c167c07c4e7f7612cf3970fd1ad47c1e6,task24_baseline_anchor,True,4dd127d4088d081389fe434904779a6a19d47851bd986da50921fcba1668e1bf
True,1.0,B00,2.0,True,True,5.929055357012843e-24,3.443426099813962e-12,`xtol` termination condition is satisfied.,176,0.5,2.6013365081983154e-07,True,1.0,0.5,R06,N_ABS_NKCC_S4_PLOW_KHIGH_AE4NA20_P2_H1:B00,True,b2435172e1139f4345e5a7b404574d5f5a6df4a7ddf5564ee4623ef5096f4bc9,inherited_saved_rest,True,3871d0121d9fe6853877b04f1008eadd5e27fd282b18b678adc37fbcfcee4c5e
True,1.0,B00,5.0,True,True,5.150895361594818e-22,3.1650029819196845e-11,`xtol` termination condition is satisfied.,31,0.5,2.413797495828643e-06,True,2.0,0.5,R06,N_ABS_NKCC_S4_PLOW_KHIGH_AE4NA20_P2_H1:B00,True,54fec95eab51fe983599a6511dedb4ea62b705a4037ed1d3587dc984994e508a,continuation_predecessor,True,c2cd1663ce61bd8027034122fa0a49eee2d7c610daff21761d35c30c2a39cce0
True,1.0,B00,5.0,True,True,3.2507595378311508e-24,2.5348646792711094e-12,`xtol` termination condition is satisfied.,84,0.5,2.316911154376377e-07,True,2.0,0.5,R06,N_ABS_NKCC_S4_PLOW_KHIGH_AE4NA20_P2_H1:B00,True,7cc241a14d79d9a6d15fcd554b637d3c167c07c4e7f7612cf3970fd1ad47c1e6,task24_baseline_anchor,True,ac1703db40d6899df33ac2f41ed853977a7c00fcd8535d3523e473e71073b12d
True,1.0,B00,5.0,True,True,5.150895439092058e-22,3.1650029819196845e-11,`xtol` termination condition is satisfied.,118,0.5,2.4137980233023054e-06,True,2.0,0.5,R06,N_ABS_NKCC_S4_PLOW_KHIGH_AE4NA20_P2_H1:B00,True,b2435172e1139f4345e5a7b404574d5f5a6df4a7ddf5564ee4623ef5096f4bc9,inherited_saved_rest,True,2747351b062005d4f55af74e804d97cee0b2308b0e736a5b74763d0f2b665084
True,1.0,B00,10.0,True,True,3.1055230128879626e-23,7.697835424647081e-12,`xtol` termination condition is satisfied.,13,0.5,6.980508865339569e-07,True,5.0,0.5,R06,N_ABS_NKCC_S4_PLOW_KHIGH_AE4NA20_P2_H1:B00,True,ac1703db40d6899df33ac2f41ed853977a7c00fcd8535d3523e473e71073b12d,continuation_predecessor,True,79442dcc26160d20f4ecbf57f103e4c3fe3d217cae40691729018160c345b4ce
True,1.0,B00,10.0,True,True,5.1953205564319765e-23,1.0152469143154264e-11,`xtol` termination condition is satisfied.,80,0.5,9.430631393133374e-07,True,5.0,0.5,R06,N_ABS_NKCC_S4_PLOW_KHIGH_AE4NA20_P2_H1:B00,True,7cc241a14d79d9a6d15fcd554b637d3c167c07c4e7f7612cf3970fd1ad47c1e6,task24_baseline_anchor,True,14bb1f6c5fbc8b75bda6453678271808e60a172d8c3e1f2fc216b92040e4e048
True,1.0,B00,10.0,True,True,5.1953335642408737e-23,1.0152469143154264e-11,`xtol` termination condition is satisfied.,110,0.5,9.430629070654845e-07,True,5.0,0.5,R06,N_ABS_NKCC_S4_PLOW_KHIGH_AE4NA20_P2_H1:B00,True,b2435172e1139f4345e5a7b404574d5f5a6df4a7ddf5564ee4623ef5096f4bc9,inherited_saved_rest,True,9ca76fe8ac1d3718456859a7beb7dd42e2fa523826829de3a09cd4ef5dcb95cf
True,1.0,B00,2.0,True,True,3.1261128487211777e-24,2.467644144577008e-12,`xtol` termination condition is satisfied.,43,0.25,1.836663543459316e-07,True,1.0,0.25,R06,N_ABS_NKCC_S4_PLOW_KHIGH_AE4NA20_P2_H1:B00,True,46e696741a05769bb38f64e282efead82a7438e1b38d29e156b793f1a10cba44,continuation_predecessor,True,8e95989bea4374f2c861844705327036f31e201381c5a6214f53543e3747756f
True,1.0,B00,2.0,True,True,3.1378062961578018e-24,2.467644144577008e-12,`xtol` termination condition is satisfied.,156,0.25,1.8350173301896426e-07,True,1.0,0.25,R06,N_ABS_NKCC_S4_PLOW_KHIGH_AE4NA20_P2_H1:B00,True,7cc241a14d79d9a6d15fcd554b637d3c167c07c4e7f7612cf3970fd1ad47c1e6,task24_baseline_anchor,True,c86a51ad1b44f1c9aea7c4bfa9794e1d44f068bc49cf8a8494e9963959aa0587
True,1.0,B00,2.0,True,True,4.323850687991841e-22,2.9264785039728736e-11,`xtol` termination condition is satisfied.,152,0.25,2.715187794352741e-06,True,1.0,0.25,R06,N_ABS_NKCC_S4_PLOW_KHIGH_AE4NA20_P2_H1:B00,True,b2435172e1139f4345e5a7b404574d5f5a6df4a7ddf5564ee4623ef5096f4bc9,inherited_saved_rest,True,042a563212d2ecbbd3d81a944899f3dded0c8a5314be733c56802b8c293f705c
True,1.0,B00,5.0,True,True,7.060600529400167e-22,3.755025804186296e-11,`xtol` termination condition is satisfied.,24,0.25,3.4728391083087613e-06,True,2.0,0.25,R06,N_ABS_NKCC_S4_PLOW_KHIGH_AE4NA20_P2_H1:B00,True,c86a51ad1b44f1c9aea7c4bfa9794e1d44f068bc49cf8a8494e9963959aa0587,continuation_predecessor,True,1c045b38240e31544ab0bf02da279820770f0cd98b4859a93bbc9f08e5909132
True,1.0,B00,5.0,True,True,3.416107129796175e-22,2.5908095113713614e-11,`xtol` termination condition is satisfied.,92,0.25,1.9697562684835986e-06,True,2.0,0.25,R06,N_ABS_NKCC_S4_PLOW_KHIGH_AE4NA20_P2_H1:B00,True,7cc241a14d79d9a6d15fcd554b637d3c167c07c4e7f7612cf3970fd1ad47c1e6,task24_baseline_anchor,True,04815c7eaed7eba8f34734601e164daae434d0a73f94bd0e0173e85aef740082
True,1.0,B00,5.0,True,True,1.7455069073542752e-23,5.822165666247159e-12,`xtol` termination condition is satisfied.,122,0.25,5.296804402282548e-07,True,2.0,0.25,R06,N_ABS_NKCC_S4_PLOW_KHIGH_AE4NA20_P2_H1:B00,True,b2435172e1139f4345e5a7b404574d5f5a6df4a7ddf5564ee4623ef5096f4bc9,inherited_saved_rest,True,b585bb296cfa46e0fb98b73d3596a68225f688f139c33452fe19155dd27ce3b8
True,1.0,B00,10.0,True,True,8.311767071175748e-24,3.705803025555454e-12,`xtol` termination condition is satisfied.,7,0.25,3.297417396235808e-07,True,5.0,0.25,R06,N_ABS_NKCC_S4_PLOW_KHIGH_AE4NA20_P2_H1:B00,True,b585bb296cfa46e0fb98b73d3596a68225f688f139c33452fe19155dd27ce3b8,continuation_predecessor,True,f12f24c389aff3551010dee3de3474cf44a5c7d1e1b774e7f38a47490b7f7a14
True,1.0,B00,10.0,True,True,1.9397823188404064e-23,6.162605148407607e-12,`xtol` termination condition is satisfied.,77,0.25,5.74987282075866e-07,True,5.0,0.25,R06,N_ABS_NKCC_S4_PLOW_KHIGH_AE4NA20_P2_H1:B00,True,7cc241a14d79d9a6d15fcd554b637d3c167c07c4e7f7612cf3970fd1ad47c1e6,task24_baseline_anchor,True,eeb910ea508d2bbebbf48d1c9b390c7828d9651cc90cda72833cae8a1e58cecb
True,1.0,B00,10.0,True,True,1.9397897964543157e-23,6.162605148407607e-12,`xtol` termination condition is satisfied.,100,0.25,5.749878098562945e-07,True,5.0,0.25,R06,N_ABS_NKCC_S4_PLOW_KHIGH_AE4NA20_P2_H1:B00,True,b2435172e1139f4345e5a7b404574d5f5a6df4a7ddf5564ee4623ef5096f4bc9,inherited_saved_rest,True,1d1b9a5c1a4757406b92f5680347575ae50ef3fae9c1ca4fbb0da2c599d87b7d
True,0.05,B00,1.0,True,True,7.117400537398732e-23,1.1926223897340549e-11,`xtol` termination condition is satisfied.,2,1.0,7.831548286989242e-07,True,,,R03,N_ABS_NKCC_S4_PHIGH_KLOW_AE4NA05_P1_H1:B00,True,b5f6976a19bcbc9779ab0c2f031d8aaf5720a573500f730f91637b542fbbbe87,continuation_predecessor,True,c380df4fda9b31c70b1fb9b8ddf452ca8723cb614d2c960f810c7d2de5f1c4e8
True,0.05,B00,1.0,True,True,7.117410652521979e-23,1.1926223897340549e-11,`xtol` termination condition is satisfied.,99,1.0,7.831550480623194e-07,True,,,R03,N_ABS_NKCC_S4_PHIGH_KLOW_AE4NA05_P1_H1:B00,True,d7d55be78a4d2a20cd151e48738eb06599fa1f031dc12d97830b717654003938,inherited_saved_rest,True,b5f6976a19bcbc9779ab0c2f031d8aaf5720a573500f730f91637b542fbbbe87
True,0.05,B00,1.0,True,True,5.318720530537353e-23,9.517126670077758e-12,`xtol` termination condition is satisfied.,418,0.5,1.0169908953328756e-06,True,1.0,1.0,R03,N_ABS_NKCC_S4_PHIGH_KLOW_AE4NA05_P1_H1:B00,True,c380df4fda9b31c70b1fb9b8ddf452ca8723cb614d2c960f810c7d2de5f1c4e8,continuation_predecessor,True,d3c9028beef06559af3f2662ecf8cc7a76d526d273db7f18a4598ffe2dc30bdc
True,0.05,B00,1.0,True,True,5.318720530537353e-23,9.517126670077758e-12,`xtol` termination condition is satisfied.,418,0.5,1.0169908953328756e-06,True,1.0,1.0,R03,N_ABS_NKCC_S4_PHIGH_KLOW_AE4NA05_P1_H1:B00,True,b5f6976a19bcbc9779ab0c2f031d8aaf5720a573500f730f91637b542fbbbe87,task24_baseline_anchor,True,d3c9028beef06559af3f2662ecf8cc7a76d526d273db7f18a4598ffe2dc30bdc
True,0.05,B00,1.0,True,True,1.1367399065561114e-23,4.605690828718423e-12,`xtol` termination condition is satisfied.,379,0.5,4.668658188542096e-07,True,1.0,1.0,R03,N_ABS_NKCC_S4_PHIGH_KLOW_AE4NA05_P1_H1:B00,True,d7d55be78a4d2a20cd151e48738eb06599fa1f031dc12d97830b717654003938,inherited_saved_rest,True,2c324101856fb5a29b90321bcfcdc8f2bbfb1cbdd303929f739937df038c8257
True,0.05,B00,1.0,True,True,8.916257421926694e-24,3.992032399091627e-12,`xtol` termination condition is satisfied.,85,0.25,4.05242441263323e-07,True,1.0,0.5,R03,N_ABS_NKCC_S4_PHIGH_KLOW_AE4NA05_P1_H1:B00,True,2c324101856fb5a29b90321bcfcdc8f2bbfb1cbdd303929f739937df038c8257,continuation_predecessor,True,3e7147eaf9ed74d540f1976703925efdbe91eeebb9de47bde3a5698f43af84c1
True,0.05,B00,1.0,True,True,2.1530362949419073e-23,6.446666117598809e-12,`xtol` termination condition is satisfied.,334,0.25,6.822561455674868e-07,True,1.0,0.5,R03,N_ABS_NKCC_S4_PHIGH_KLOW_AE4NA05_P1_H1:B00,True,b5f6976a19bcbc9779ab0c2f031d8aaf5720a573500f730f91637b542fbbbe87,task24_baseline_anchor,True,1ad12abd161e5f20dc8eba703b04a2f361485fcc42d90e81559129d070da20c1
True,0.05,B00,1.0,True,True,8.877989974405895e-24,3.992032399091627e-12,`xtol` termination condition is satisfied.,395,0.25,4.054691574141068e-07,True,1.0,0.5,R03,N_ABS_NKCC_S4_PHIGH_KLOW_AE4NA05_P1_H1:B00,True,d7d55be78a4d2a20cd151e48738eb06599fa1f031dc12d97830b717654003938,inherited_saved_rest,True,9a53dbea9809c76200130d14c7d8a56c1178220cb7442092067bbccb3bf5c5c9
True,0.05,B00,2.0,True,True,7.145858111631869e-23,1.1947907940790259e-11,`xtol` termination condition is satisfied.,250,1.0,1.2288691870474736e-06,True,1.0,1.0,R03,N_ABS_NKCC_S4_PHIGH_KLOW_AE4NA05_P1_H1:B00,True,c380df4fda9b31c70b1fb9b8ddf452ca8723cb614d2c960f810c7d2de5f1c4e8,continuation_predecessor,True,9a5becb852f3dd4aa51a9e906b90369cce492511f23309e1359dc25cf9bd526b
True,0.05,B00,2.0,True,True,7.145858111631869e-23,1.1947907940790259e-11,`xtol` termination condition is satisfied.,250,1.0,1.2288691870474736e-06,True,1.0,1.0,R03,N_ABS_NKCC_S4_PHIGH_KLOW_AE4NA05_P1_H1:B00,True,b5f6976a19bcbc9779ab0c2f031d8aaf5720a573500f730f91637b542fbbbe87,task24_baseline_anchor,True,9a5becb852f3dd4aa51a9e906b90369cce492511f23309e1359dc25cf9bd526b
True,0.05,B00,2.0,True,True,1.50240402316893e-22,1.732555071631836e-11,`xtol` termination condition is satisfied.,230,1.0,1.1212571200252683e-06,True,1.0,1.0,R03,N_ABS_NKCC_S4_PHIGH_KLOW_AE4NA05_P1_H1:B00,True,d7d55be78a4d2a20cd151e48738eb06599fa1f031dc12d97830b717654003938,inherited_saved_rest,True,fa569209e69a40384688712d204f91de4b6c64c098b12777fae0d2e3f9e5f6d6
True,0.05,B00,5.0,True,True,3.815585309824961e-25,8.174884380540703e-13,`xtol` termination condition is satisfied.,141,1.0,2.5187128481604184e-08,True,2.0,1.0,R03,N_ABS_NKCC_S4_PHIGH_KLOW_AE4NA05_P1_H1:B00,True,9a5becb852f3dd4aa51a9e906b90369cce492511f23309e1359dc25cf9bd526b,continuation_predecessor,True,082b0fcaeb28d6b1d82635d7679fe87aafbfbafda59e6198ceadf536d68b1e06
True,0.05,B00,5.0,True,True,4.0639719082279214e-25,8.456776945386935e-13,`xtol` termination condition is satisfied.,302,1.0,2.4962443596683387e-08,True,2.0,1.0,R03,N_ABS_NKCC_S4_PHIGH_KLOW_AE4NA05_P1_H1:B00,True,b5f6976a19bcbc9779ab0c2f031d8aaf5720a573500f730f91637b542fbbbe87,task24_baseline_anchor,True,618eaa446a6d29588f573467fb4a4e8e9000c102df2240756c5f0dcc64b3a44a
True,0.05,B00,5.0,True,True,3.815528218039172e-25,8.174884380540703e-13,`xtol` termination condition is satisfied.,262,1.0,2.5187029674362808e-08,True,2.0,1.0,R03,N_ABS_NKCC_S4_PHIGH_KLOW_AE4NA05_P1_H1:B00,True,d7d55be78a4d2a20cd151e48738eb06599fa1f031dc12d97830b717654003938,inherited_saved_rest,True,ef746e9038e4c890e323171940c02d50890153d64f951b9688497282d0d4b654
True,0.05,B00,10.0,True,True,3.6286232558907895e-23,8.03827490680753e-12,`xtol` termination condition is satisfied.,68,1.0,5.142533076277292e-07,True,5.0,1.0,R03,N_ABS_NKCC_S4_PHIGH_KLOW_AE4NA05_P1_H1:B00,True,082b0fcaeb28d6b1d82635d7679fe87aafbfbafda59e6198ceadf536d68b1e06,continuation_predecessor,True,a192b9f0aadd2dce04e69c42489d956940e00f651dad4ef9eee4617d90873118
True,0.05,B00,10.0,True,True,2.2760104609439515e-22,2.123735215464606e-11,`xtol` termination condition is satisfied.,274,1.0,2.205295547103019e-06,True,5.0,1.0,R03,N_ABS_NKCC_S4_PHIGH_KLOW_AE4NA05_P1_H1:B00,True,b5f6976a19bcbc9779ab0c2f031d8aaf5720a573500f730f91637b542fbbbe87,task24_baseline_anchor,True,3230c2cd6d5b66ced9a0be07666daad2252d36d24a00865d1c6f6e83be162bb5
True,0.05,B00,10.0,True,True,8.832113266020512e-23,1.2949710748166865e-11,`xtol` termination condition is satisfied.,256,1.0,8.486909811804817e-07,True,5.0,1.0,R03,N_ABS_NKCC_S4_PHIGH_KLOW_AE4NA05_P1_H1:B00,True,d7d55be78a4d2a20cd151e48738eb06599fa1f031dc12d97830b717654003938,inherited_saved_rest,True,ee9f69ad8f3ded32f45063481e059c25ec0373156551fefe298ec3b1e4e55826
True,0.05,B00,2.0,True,True,1.4633608447883388e-24,1.704365815147213e-12,`xtol` termination condition is satisfied.,92,0.5,2.9018832273956024e-08,True,1.0,0.5,R03,N_ABS_NKCC_S4_PHIGH_KLOW_AE4NA05_P1_H1:B00,True,2c324101856fb5a29b90321bcfcdc8f2bbfb1cbdd303929f739937df038c8257,continuation_predecessor,True,99a085c9ef5fd52c5b669715a010f953f4ca2cfb0e0a4c5581ad5c3673af073e
True,0.05,B00,2.0,True,True,3.0664828401809044e-24,2.3071822230491534e-12,`xtol` termination condition is satisfied.,317,0.5,1.5112322448741072e-07,True,1.0,0.5,R03,N_ABS_NKCC_S4_PHIGH_KLOW_AE4NA05_P1_H1:B00,True,b5f6976a19bcbc9779ab0c2f031d8aaf5720a573500f730f91637b542fbbbe87,task24_baseline_anchor,True,89da0855777faca332bb71e1115d1629c1fd090662ed55f18122fcefc3bc6ece
True,0.05,B00,2.0,True,True,1.4634131265147209e-24,1.704365815147213e-12,`xtol` termination condition is satisfied.,282,0.5,2.9018732986293532e-08,True,1.0,0.5,R03,N_ABS_NKCC_S4_PHIGH_KLOW_AE4NA05_P1_H1:B00,True,d7d55be78a4d2a20cd151e48738eb06599fa1f031dc12d97830b717654003938,inherited_saved_rest,True,e07ad3c7c5862b38432151f04d53c1de40ac0bb9d1cbff2275b2c192dae47add
True,0.05,B00,5.0,True,True,6.291111364589118e-24,3.5128150388530344e-12,`xtol` termination condition is satisfied.,40,0.5,3.6169925406211966e-07,True,2.0,0.5,R03,N_ABS_NKCC_S4_PHIGH_KLOW_AE4NA05_P1_H1:B00,True,99a085c9ef5fd52c5b669715a010f953f4ca2cfb0e0a4c5581ad5c3673af073e,continuation_predecessor,True,f9114487e83b87824ff2713a5d4b84d9e2541f3ef9d3f5829da31873bacc834b
True,0.05,B00,5.0,True,True,6.278780825808732e-24,3.5128150388530344e-12,`xtol` termination condition is satisfied.,320,0.5,3.619085108772651e-07,True,2.0,0.5,R03,N_ABS_NKCC_S4_PHIGH_KLOW_AE4NA05_P1_H1:B00,True,b5f6976a19bcbc9779ab0c2f031d8aaf5720a573500f730f91637b542fbbbe87,task24_baseline_anchor,True,f7a3abdad92e69957290d8661af33d3882cc61a0fdeec7988495aa48a3da8296
True,0.05,B00,5.0,True,True,6.291151358360535e-24,3.5128150388530344e-12,`xtol` termination condition is satisfied.,309,0.5,3.6169931209506215e-07,True,2.0,0.5,R03,N_ABS_NKCC_S4_PHIGH_KLOW_AE4NA05_P1_H1:B00,True,d7d55be78a4d2a20cd151e48738eb06599fa1f031dc12d97830b717654003938,inherited_saved_rest,True,b1a252c739bdb045d78701d9341bb15c0832c9ec8c2c46bd4b95768df2ff36cd
True,0.05,B00,10.0,True,True,1.1336621030368849e-22,1.4426394107092122e-11,`xtol` termination condition is satisfied.,18,0.5,9.251357041171801e-07,True,5.0,0.5,R03,N_ABS_NKCC_S4_PHIGH_KLOW_AE4NA05_P1_H1:B00,True,f9114487e83b87824ff2713a5d4b84d9e2541f3ef9d3f5829da31873bacc834b,continuation_predecessor,True,41782ac0c0cd0af2a639427d595ce8f6aca15d46c4db88e0b835f466488b254c
True,0.05,B00,10.0,True,True,1.4756040446210706e-22,1.6883196229944275e-11,`xtol` termination condition is satisfied.,374,0.5,1.0841512954143005e-06,True,5.0,0.5,R03,N_ABS_NKCC_S4_PHIGH_KLOW_AE4NA05_P1_H1:B00,True,b5f6976a19bcbc9779ab0c2f031d8aaf5720a573500f730f91637b542fbbbe87,task24_baseline_anchor,True,734a46e73fcc46f38980659c708f760c6c09f73eae077c62b37b8f66c85db094
True,0.05,B00,10.0,True,True,1.5148751303718784e-22,1.730386667286865e-11,`xtol` termination condition is satisfied.,285,0.5,1.8176702250534654e-06,True,5.0,0.5,R03,N_ABS_NKCC_S4_PHIGH_KLOW_AE4NA05_P1_H1:B00,True,d7d55be78a4d2a20cd151e48738eb06599fa1f031dc12d97830b717654003938,inherited_saved_rest,True,305ad99b123cdba97d71e801e31f8a362299d654c8ef2d367d0b1da71e10b7e1
True,0.05,B00,2.0,True,True,8.580384921948713e-23,1.300392085679114e-11,`xtol` termination condition is satisfied.,48,0.25,8.108225929512766e-07,True,1.0,0.25,R03,N_ABS_NKCC_S4_PHIGH_KLOW_AE4NA05_P1_H1:B00,True,9a53dbea9809c76200130d14c7d8a56c1178220cb7442092067bbccb3bf5c5c9,continuation_predecessor,True,7055f7d203bb5b4a81090d2a0b579962817e326eb0e0e636efcf075b2b8b75d6
True,0.05,B00,2.0,True,True,8.580385018519806e-23,1.300392085679114e-11,`xtol` termination condition is satisfied.,379,0.25,8.108224823423866e-07,True,1.0,0.25,R03,N_ABS_NKCC_S4_PHIGH_KLOW_AE4NA05_P1_H1:B00,True,b5f6976a19bcbc9779ab0c2f031d8aaf5720a573500f730f91637b542fbbbe87,task24_baseline_anchor,True,08370d251fc6c3ee6b6b8dd4f4c590471f6c55ae04082b52b00d488e4ab085cf
True,0.05,B00,2.0,True,True,1.3337925361161123e-22,1.626953780031748e-11,`xtol` termination condition is satisfied.,343,0.25,1.712019547597875e-06,True,1.0,0.25,R03,N_ABS_NKCC_S4_PHIGH_KLOW_AE4NA05_P1_H1:B00,True,d7d55be78a4d2a20cd151e48738eb06599fa1f031dc12d97830b717654003938,inherited_saved_rest,True,8e007b82d2a03e0ce9a742dddab2e276f30b3bcdc9850eef37368367cf5ad926
True,0.05,B00,5.0,True,True,5.481589735512163e-24,3.2634485391813683e-12,`xtol` termination condition is satisfied.,40,0.25,3.460468322799339e-07,True,2.0,0.25,R03,N_ABS_NKCC_S4_PHIGH_KLOW_AE4NA05_P1_H1:B00,True,7055f7d203bb5b4a81090d2a0b579962817e326eb0e0e636efcf075b2b8b75d6,continuation_predecessor,True,a5fb574a0f4ac0e9d3a1bce21e5b4357c1917c24efa54285ab94207a568064d4
True,0.05,B00,5.0,True,True,5.467502070016661e-24,3.2634485391813683e-12,`xtol` termination condition is satisfied.,315,0.25,3.4581852936156953e-07,True,2.0,0.25,R03,N_ABS_NKCC_S4_PHIGH_KLOW_AE4NA05_P1_H1:B00,True,b5f6976a19bcbc9779ab0c2f031d8aaf5720a573500f730f91637b542fbbbe87,task24_baseline_anchor,True,1a2f9d696812b334b3d7c2d73c10425a41d25da3f6c1a33611791ef80611df11
True,0.05,B00,5.0,True,True,2.4133507257106955e-24,2.0426368929626904e-12,`xtol` termination condition is satisfied.,347,0.25,6.809846516635285e-08,True,2.0,0.25,R03,N_ABS_NKCC_S4_PHIGH_KLOW_AE4NA05_P1_H1:B00,True,d7d55be78a4d2a20cd151e48738eb06599fa1f031dc12d97830b717654003938,inherited_saved_rest,True,fa281bbf1f0735764ce5eb5eb7d49db4e2dc0b73eb60b98c213a742ed27c2186
True,0.05,B00,10.0,True,True,1.3086440107442635e-22,1.6085223430994944e-11,`xtol` termination condition is satisfied.,27,0.25,1.018010699351041e-06,True,5.0,0.25,R03,N_ABS_NKCC_S4_PHIGH_KLOW_AE4NA05_P1_H1:B00,True,fa281bbf1f0735764ce5eb5eb7d49db4e2dc0b73eb60b98c213a742ed27c2186,continuation_predecessor,True,b5316cf619de785e4d71c19cceb18c19a6a9d633c11ef155a0664c7b4866caea
True,0.05,B00,10.0,True,True,1.2255796834135464e-22,1.5642868944620858e-11,`xtol` termination condition is satisfied.,295,0.25,1.6426863229823078e-06,True,5.0,0.25,R03,N_ABS_NKCC_S4_PHIGH_KLOW_AE4NA05_P1_H1:B00,True,b5f6976a19bcbc9779ab0c2f031d8aaf5720a573500f730f91637b542fbbbe87,task24_baseline_anchor,True,b5e8746771215319b9eb88ff836c277f06e282b3f0ee0f5a605090bd241b13f4
True,0.05,B00,10.0,True,True,1.226120210721712e-22,1.5642868944620858e-11,`xtol` termination condition is satisfied.,331,0.25,1.643582360534545e-06,True,5.0,0.25,R03,N_ABS_NKCC_S4_PHIGH_KLOW_AE4NA05_P1_H1:B00,True,d7d55be78a4d2a20cd151e48738eb06599fa1f031dc12d97830b717654003938,inherited_saved_rest,True,ee658503073e8ed63d7aa9483d9f26d75fa04a070631a2dca6835e75b5b08233
True,1.0,B00,1.0,True,True,1.659188863920028e-22,1.8158217984787228e-11,`xtol` termination condition is satisfied.,2,1.0,1.9072144208635996e-06,True,,,R07,N_ABS_NKCC_S4_PLOW_KLOW_AE4NA05_P1_H1:B00,True,6e88bbf1ae5b95bda318358fd87ea175a80b7b1284689fba8b191d15f3456df7,continuation_predecessor,True,6e88bbf1ae5b95bda318358fd87ea175a80b7b1284689fba8b191d15f3456df7
True,1.0,B00,1.0,True,True,6.55918227901995e-22,3.547943189241565e-11,`xtol` termination condition is satisfied.,194,1.0,2.2027463589108687e-06,True,,,R07,N_ABS_NKCC_S4_PLOW_KLOW_AE4NA05_P1_H1:B00,True,bee2d7e03ae3851e5d0d92fc07c46aa625175182a7382debb889cfcbf0caeb69,inherited_saved_rest,True,caee7985d312a64567fff62afe45bba19d9d3f77de4709c447b0c72d653573bd
True,1.0,B00,1.0,True,True,3.56150639533402e-23,8.207410445715269e-12,`xtol` termination condition is satisfied.,84,0.5,5.232065919441584e-07,True,1.0,1.0,R07,N_ABS_NKCC_S4_PLOW_KLOW_AE4NA05_P1_H1:B00,True,6e88bbf1ae5b95bda318358fd87ea175a80b7b1284689fba8b191d15f3456df7,continuation_predecessor,True,42410c473fe72545fedcba6b35471be56b990f3172dbfc51a6cbc98806c70251
True,1.0,B00,1.0,True,True,1.674916097053602e-23,5.7527767272080865e-12,`xtol` termination condition is satisfied.,171,0.5,3.5697360008512663e-07,True,1.0,1.0,R07,N_ABS_NKCC_S4_PLOW_KLOW_AE4NA05_P1_H1:B00,True,bee2d7e03ae3851e5d0d92fc07c46aa625175182a7382debb889cfcbf0caeb69,inherited_saved_rest,True,7aa3c3d90d10993bdd01beae2c578ff4c05b2871fee9945b5befcd41d6209931
True,1.0,B00,1.0,True,True,1.2898097095380036e-24,1.5807667674838655e-12,`xtol` termination condition is satisfied.,65,0.25,1.8439356436788982e-08,True,1.0,0.5,R07,N_ABS_NKCC_S4_PLOW_KLOW_AE4NA05_P1_H1:B00,True,7aa3c3d90d10993bdd01beae2c578ff4c05b2871fee9945b5befcd41d6209931,continuation_predecessor,True,62d0b5e9a7b2c0753451e9243d239d4baa4c212e51f3dbdd5018d4a2d0da337d
True,1.0,B00,1.0,True,True,2.0077034779991763e-23,5.195496810550537e-12,`xtol` termination condition is satisfied.,106,0.25,5.754125631041487e-07,True,1.0,0.5,R07,N_ABS_NKCC_S4_PLOW_KLOW_AE4NA05_P1_H1:B00,True,6e88bbf1ae5b95bda318358fd87ea175a80b7b1284689fba8b191d15f3456df7,task24_baseline_anchor,True,3786211ba9f08ef9ba6eefa53b665f00502067a36dffa3c6742059fb1dd1afbe
True,1.0,B00,1.0,True,True,4.274008235470837e-24,2.738694687698384e-12,`xtol` termination condition is satisfied.,137,0.25,2.960884695758127e-07,True,1.0,0.5,R07,N_ABS_NKCC_S4_PLOW_KLOW_AE4NA05_P1_H1:B00,True,bee2d7e03ae3851e5d0d92fc07c46aa625175182a7382debb889cfcbf0caeb69,inherited_saved_rest,True,14d218694f215073be96ed86016adcf4ac00c664ff99a8e3719792c61bef88f2
True,1.0,B00,2.0,True,True,9.891758193897063e-23,1.4062102177136993e-11,`xtol` termination condition is satisfied.,53,1.0,8.779240425138089e-07,True,1.0,1.0,R07,N_ABS_NKCC_S4_PLOW_KLOW_AE4NA05_P1_H1:B00,True,6e88bbf1ae5b95bda318358fd87ea175a80b7b1284689fba8b191d15f3456df7,continuation_predecessor,True,1549893fc8b4252564b4488375fc84e54f58238786981477df82c47b874b0868
True,1.0,B00,2.0,True,True,9.891745399919757e-23,1.4062102177136993e-11,`xtol` termination condition is satisfied.,134,1.0,8.779242247314791e-07,True,1.0,1.0,R07,N_ABS_NKCC_S4_PLOW_KLOW_AE4NA05_P1_H1:B00,True,bee2d7e03ae3851e5d0d92fc07c46aa625175182a7382debb889cfcbf0caeb69,inherited_saved_rest,True,4f97b2f43c291109767e6280267095ec9ab95033906cccda2174d07bd963f3b5
True,1.0,B00,5.0,True,True,1.8385388863401133e-24,1.6479873021779667e-12,`xtol` termination condition is satisfied.,31,1.0,1.0675444516773353e-07,True,2.0,1.0,R07,N_ABS_NKCC_S4_PLOW_KLOW_AE4NA05_P1_H1:B00,True,4f97b2f43c291109767e6280267095ec9ab95033906cccda2174d07bd963f3b5,continuation_predecessor,True,294408dc7620d899bbdd431fd105431043c8cbc0b3f82d11e9dade40d053733e
True,1.0,B00,5.0,True,True,1.6461181069324836e-24,1.6241348543832856e-12,`xtol` termination condition is satisfied.,65,1.0,9.862045771746847e-08,True,2.0,1.0,R07,N_ABS_NKCC_S4_PLOW_KLOW_AE4NA05_P1_H1:B00,True,6e88bbf1ae5b95bda318358fd87ea175a80b7b1284689fba8b191d15f3456df7,task24_baseline_anchor,True,31496904a8e538859e2c6efe2b2285e56050a3751f87abcaccb491c9d894499b
True,1.0,B00,5.0,True,True,1.425554521953077e-23,4.226220068348496e-12,`xtol` termination condition is satisfied.,140,1.0,3.789143880984361e-07,True,2.0,1.0,R07,N_ABS_NKCC_S4_PLOW_KLOW_AE4NA05_P1_H1:B00,True,bee2d7e03ae3851e5d0d92fc07c46aa625175182a7382debb889cfcbf0caeb69,inherited_saved_rest,True,2150ea7f44e161b9d63c2b9ddb220bb8fa4dade252e0701e1269d34648d93d04
True,1.0,B00,10.0,True,True,3.919106368803678e-23,8.83407930141189e-12,`xtol` termination condition is satisfied.,20,1.0,5.487502293515295e-07,True,5.0,1.0,R07,N_ABS_NKCC_S4_PLOW_KLOW_AE4NA05_P1_H1:B00,True,31496904a8e538859e2c6efe2b2285e56050a3751f87abcaccb491c9d894499b,continuation_predecessor,True,e5f71985eb4877aacc4656f92a4c2c20a31cbc423bf2c6fa12e5b63973de51c1
True,1.0,B00,10.0,True,True,3.9175925133165977e-23,8.83407930141189e-12,`xtol` termination condition is satisfied.,65,1.0,5.486261416398989e-07,True,5.0,1.0,R07,N_ABS_NKCC_S4_PLOW_KLOW_AE4NA05_P1_H1:B00,True,6e88bbf1ae5b95bda318358fd87ea175a80b7b1284689fba8b191d15f3456df7,task24_baseline_anchor,True,d24e7372d9caf481acdaf65260d892d9f0b640ed2711470b69b56d96f6961ebb
True,1.0,B00,10.0,True,True,3.919085445124604e-23,8.83407930141189e-12,`xtol` termination condition is satisfied.,93,1.0,5.487504733012607e-07,True,5.0,1.0,R07,N_ABS_NKCC_S4_PLOW_KLOW_AE4NA05_P1_H1:B00,True,bee2d7e03ae3851e5d0d92fc07c46aa625175182a7382debb889cfcbf0caeb69,inherited_saved_rest,True,a9243738073d96da43fe9fe0bf89a257b873d2a4e78faf7de7f5b4650a91576c
True,1.0,B00,2.0,True,True,1.8387387824105194e-22,1.906461100098511e-11,`xtol` termination condition is satisfied.,49,0.5,1.1961469258518618e-06,True,1.0,0.5,R07,N_ABS_NKCC_S4_PLOW_KLOW_AE4NA05_P1_H1:B00,True,7aa3c3d90d10993bdd01beae2c578ff4c05b2871fee9945b5befcd41d6209931,continuation_predecessor,True,06d075284bc816591e41a2a1549f21d806a4549ed8e74a548afac3279b79c224
True,1.0,B00,2.0,True,True,1.0252641808622748e-22,1.2665649778975663e-11,`xtol` termination condition is satisfied.,85,0.5,1.3268353669267658e-06,True,1.0,0.5,R07,N_ABS_NKCC_S4_PLOW_KLOW_AE4NA05_P1_H1:B00,True,6e88bbf1ae5b95bda318358fd87ea175a80b7b1284689fba8b191d15f3456df7,task24_baseline_anchor,True,8d325a741263d8401784312cce46a87b2935583a5ab8a5470201e3ab413e6667
True,1.0,B00,2.0,True,True,2.4245710377154227e-22,2.1519244719492292e-11,`xtol` termination condition is satisfied.,154,0.5,1.3614009804867237e-06,True,1.0,0.5,R07,N_ABS_NKCC_S4_PLOW_KLOW_AE4NA05_P1_H1:B00,True,bee2d7e03ae3851e5d0d92fc07c46aa625175182a7382debb889cfcbf0caeb69,inherited_saved_rest,True,823c5d111caeae0d4281db57727f9a752dfc908edde7c65d4634c8d9d7837848
True,1.0,B00,5.0,True,True,1.0173975740626872e-22,1.4246416546459528e-11,`xtol` termination condition is satisfied.,21,0.5,1.496490419300032e-06,True,2.0,0.5,R07,N_ABS_NKCC_S4_PLOW_KLOW_AE4NA05_P1_H1:B00,True,8d325a741263d8401784312cce46a87b2935583a5ab8a5470201e3ab413e6667,continuation_predecessor,True,8accd64a650d9f9870dd8d290342f199efbb87033c281510fe1e653b71c991b7
True,1.0,B00,5.0,True,True,1.1822094062949036e-21,4.843131104492748e-11,`xtol` termination condition is satisfied.,71,0.5,5.142771339248718e-06,True,2.0,0.5,R07,N_ABS_NKCC_S4_PLOW_KLOW_AE4NA05_P1_H1:B00,True,6e88bbf1ae5b95bda318358fd87ea175a80b7b1284689fba8b191d15f3456df7,task24_baseline_anchor,True,0722e04f0d522ba79bfd9cbe68f68c47e404a2a6d60c23efcf477ed445faf749
True,1.0,B00,5.0,True,True,1.0173956392524002e-22,1.4246416546459528e-11,`xtol` termination condition is satisfied.,147,0.5,1.4964912033089745e-06,True,2.0,0.5,R07,N_ABS_NKCC_S4_PLOW_KLOW_AE4NA05_P1_H1:B00,True,bee2d7e03ae3851e5d0d92fc07c46aa625175182a7382debb889cfcbf0caeb69,inherited_saved_rest,True,194bc845592fde696b052ab0ce1262236639536f19b50875f3b99979a88ec77c
True,1.0,B00,10.0,True,True,5.477702135205012e-23,1.0083080204115191e-11,`xtol` termination condition is satisfied.,11,0.5,6.379419961351276e-07,True,5.0,0.5,R07,N_ABS_NKCC_S4_PLOW_KLOW_AE4NA05_P1_H1:B00,True,8accd64a650d9f9870dd8d290342f199efbb87033c281510fe1e653b71c991b7,continuation_predecessor,True,d33dd3dc5b1e36a41eb1954091a9e2d0f37ff9cd2a46c849c95c9f8c22e043f5
True,1.0,B00,10.0,True,True,2.911788510576249e-23,7.62844648560801e-12,`xtol` termination condition is satisfied.,67,0.5,4.7344561038048615e-07,True,5.0,0.5,R07,N_ABS_NKCC_S4_PLOW_KLOW_AE4NA05_P1_H1:B00,True,6e88bbf1ae5b95bda318358fd87ea175a80b7b1284689fba8b191d15f3456df7,task24_baseline_anchor,True,0ea5df81caec901244c45255151bcdf952b18c185e34b4a249a5756aa2890cd0
True,1.0,B00,10.0,True,True,2.911784193512825e-23,7.62844648560801e-12,`xtol` termination condition is satisfied.,91,0.5,4.734455368409061e-07,True,5.0,0.5,R07,N_ABS_NKCC_S4_PLOW_KLOW_AE4NA05_P1_H1:B00,True,bee2d7e03ae3851e5d0d92fc07c46aa625175182a7382debb889cfcbf0caeb69,inherited_saved_rest,True,dd6c155f3e8047b72ddc1387fefd25e9867141e1b7e2413a4f93586c33d4102c
True,1.0,B00,2.0,True,True,2.4982160857130537e-24,1.95590071916385e-12,`xtol` termination condition is satisfied.,39,0.25,1.9711503366912124e-07,True,1.0,0.25,R07,N_ABS_NKCC_S4_PLOW_KLOW_AE4NA05_P1_H1:B00,True,62d0b5e9a7b2c0753451e9243d239d4baa4c212e51f3dbdd5018d4a2d0da337d,continuation_predecessor,True,d12a15041cd129c695a8142d71e8ada150806334271701e780db1518a07baa89
True,1.0,B00,2.0,True,True,4.49510320143148e-22,2.977436006079692e-11,`xtol` termination condition is satisfied.,94,0.25,1.8681653403423877e-06,True,1.0,0.25,R07,N_ABS_NKCC_S4_PLOW_KLOW_AE4NA05_P1_H1:B00,True,6e88bbf1ae5b95bda318358fd87ea175a80b7b1284689fba8b191d15f3456df7,task24_baseline_anchor,True,e3a70b03006f29da956c359656d9960b7ecf107bc8a252c2b8b150d507dd6bcf
True,1.0,B00,2.0,True,True,2.4982248392174652e-24,1.95590071916385e-12,`xtol` termination condition is satisfied.,163,0.25,1.9711496170071173e-07,True,1.0,0.25,R07,N_ABS_NKCC_S4_PLOW_KLOW_AE4NA05_P1_H1:B00,True,bee2d7e03ae3851e5d0d92fc07c46aa625175182a7382debb889cfcbf0caeb69,inherited_saved_rest,True,658f307f6438a010d8aac78650ffa80b23ff6f4c1e4d2ad2139561e719f84f94
True,1.0,B00,5.0,True,True,3.632282564116682e-23,8.482797797526587e-12,`xtol` termination condition is satisfied.,17,0.25,8.87477207376745e-07,True,2.0,0.25,R07,N_ABS_NKCC_S4_PLOW_KLOW_AE4NA05_P1_H1:B00,True,658f307f6438a010d8aac78650ffa80b23ff6f4c1e4d2ad2139561e719f84f94,continuation_predecessor,True,cd0b1f3613b49813d0f696bf94340dcaa2a2013f31dca6e3d02002232d731139
True,1.0,B00,5.0,True,True,6.138709105737635e-23,1.0937431516033769e-11,`xtol` termination condition is satisfied.,81,0.25,1.1674674589491088e-06,True,2.0,0.25,R07,N_ABS_NKCC_S4_PLOW_KLOW_AE4NA05_P1_H1:B00,True,6e88bbf1ae5b95bda318358fd87ea175a80b7b1284689fba8b191d15f3456df7,task24_baseline_anchor,True,f0d1935f0129025c17865f665b8c50f3bebc6331be2d0973c8a1ff81452d5e58
True,1.0,B00,5.0,True,True,2.1635803043539543e-22,2.0790660859582033e-11,`xtol` termination condition is satisfied.,153,0.25,1.2931748384500476e-06,True,2.0,0.25,R07,N_ABS_NKCC_S4_PLOW_KLOW_AE4NA05_P1_H1:B00,True,bee2d7e03ae3851e5d0d92fc07c46aa625175182a7382debb889cfcbf0caeb69,inherited_saved_rest,True,26c033642af2043d5ee565f20f7e32aa84f19cd633be242f37587ce3fcf83e22
True,1.0,B00,10.0,True,True,3.621542394891137e-23,8.46978737145676e-12,`xtol` termination condition is satisfied.,8,0.25,8.864379657451483e-07,True,5.0,0.25,R07,N_ABS_NKCC_S4_PLOW_KLOW_AE4NA05_P1_H1:B00,True,cd0b1f3613b49813d0f696bf94340dcaa2a2013f31dca6e3d02002232d731139,continuation_predecessor,True,4024f9bb8f76a1adf6c3e7a05063e478f39dd4be36188bf10592633493ce8fbc
True,1.0,B00,10.0,True,True,3.621574372218491e-23,8.46978737145676e-12,`xtol` termination condition is satisfied.,68,0.25,8.864378134826428e-07,True,5.0,0.25,R07,N_ABS_NKCC_S4_PLOW_KLOW_AE4NA05_P1_H1:B00,True,6e88bbf1ae5b95bda318358fd87ea175a80b7b1284689fba8b191d15f3456df7,task24_baseline_anchor,True,37db6688d4200d95a6965ce0d43cf1c7528840af7f33074bc69f5c9b6ebd90d0
True,1.0,B00,10.0,True,True,3.621537359953548e-23,8.46978737145676e-12,`xtol` termination condition is satisfied.,84,0.25,8.864378298590021e-07,True,5.0,0.25,R07,N_ABS_NKCC_S4_PLOW_KLOW_AE4NA05_P1_H1:B00,True,bee2d7e03ae3851e5d0d92fc07c46aa625175182a7382debb889cfcbf0caeb69,inherited_saved_rest,True,6127ca8b7b781c5594629c2caa1a82e41d7dda035fecc8741c06be2ce1b59595
True,0.05,B00,1.0,True,True,1.0335139191930853e-21,4.532832442727397e-11,`xtol` termination condition is satisfied.,2,1.0,4.571035385709126e-06,True,,,R05,N_ABS_NKCC_S4_PLOW_KHIGH_AE4NA05_P1_H1:B00,True,c195d30921b6f6406679a9cf26129afcc0f50d886acc845222bbceb12e6f7d18,continuation_predecessor,True,a3a997a7cd2d0ea8385202d0aa140492c19f095a33dcf0cfd82428602021294b
True,0.05,B00,1.0,True,True,9.301823114385167e-23,1.3598063647313197e-11,`xtol` termination condition is satisfied.,99,1.0,1.371324432874631e-06,True,,,R05,N_ABS_NKCC_S4_PLOW_KHIGH_AE4NA05_P1_H1:B00,True,3bff30a1e0c2dbec39b0aebfb700672684dbdb915b7d6fc93d432517d7504074,inherited_saved_rest,True,c195d30921b6f6406679a9cf26129afcc0f50d886acc845222bbceb12e6f7d18
True,0.05,B00,1.0,True,True,8.654544353340123e-23,1.3060299369760386e-11,`xtol` termination condition is satisfied.,326,0.5,8.655292312561974e-07,True,1.0,1.0,R05,N_ABS_NKCC_S4_PLOW_KHIGH_AE4NA05_P1_H1:B00,True,c195d30921b6f6406679a9cf26129afcc0f50d886acc845222bbceb12e6f7d18,continuation_predecessor,True,c001eed0c0b995fecafc2c4d6f388a297375be95c37613e7daf9ba7c444d4803
True,0.05,B00,1.0,True,True,5.67550466820796e-23,1.0605665651253204e-11,`xtol` termination condition is satisfied.,405,0.5,6.911503472822602e-07,True,1.0,1.0,R05,N_ABS_NKCC_S4_PLOW_KHIGH_AE4NA05_P1_H1:B00,True,3bff30a1e0c2dbec39b0aebfb700672684dbdb915b7d6fc93d432517d7504074,inherited_saved_rest,True,4d75305dc0d79f6e6e505cdca71b8611e8fafbafa91e259c1c82707346b6f0cc
True,0.05,B00,1.0,True,True,6.493044473178212e-25,8.868773770931426e-13,`xtol` termination condition is satisfied.,94,0.25,8.044678625210915e-08,True,1.0,0.5,R05,N_ABS_NKCC_S4_PLOW_KHIGH_AE4NA05_P1_H1:B00,True,4d75305dc0d79f6e6e505cdca71b8611e8fafbafa91e259c1c82707346b6f0cc,continuation_predecessor,True,a05588c96f872fc086f26d56ec90160cc6e85088f0cbc6b7bcf92048da5ed057
True,0.05,B00,1.0,True,True,6.493708954109287e-25,8.868773770931426e-13,`xtol` termination condition is satisfied.,351,0.25,8.044724697642039e-08,True,1.0,0.5,R05,N_ABS_NKCC_S4_PLOW_KHIGH_AE4NA05_P1_H1:B00,True,c195d30921b6f6406679a9cf26129afcc0f50d886acc845222bbceb12e6f7d18,task24_baseline_anchor,True,04db12a8e810c3c2f2b2089d96086a2d6f7d928aeb09d6fa3703bc88a8b9ec37
True,0.05,B00,1.0,True,True,6.494112111314409e-25,8.868773770931426e-13,`xtol` termination condition is satisfied.,335,0.25,8.044719492963305e-08,True,1.0,0.5,R05,N_ABS_NKCC_S4_PLOW_KHIGH_AE4NA05_P1_H1:B00,True,3bff30a1e0c2dbec39b0aebfb700672684dbdb915b7d6fc93d432517d7504074,inherited_saved_rest,True,2ddc695ac54497b751ff48ebeb83458511d4fbe55d1e922540c94860e0d30a53
True,0.05,B00,2.0,True,True,4.926677017259348e-25,8.543513119185775e-13,`xtol` termination condition is satisfied.,254,1.0,9.013331895709757e-08,True,1.0,1.0,R05,N_ABS_NKCC_S4_PLOW_KHIGH_AE4NA05_P1_H1:B00,True,c195d30921b6f6406679a9cf26129afcc0f50d886acc845222bbceb12e6f7d18,continuation_predecessor,True,6d44c692733eae5e7958d1a97a0fa53b2859f88fd1d8c0412d60d038ff105386
True,0.05,B00,2.0,True,True,4.926639484383003e-25,8.543513119185775e-13,`xtol` termination condition is satisfied.,230,1.0,9.013312546316665e-08,True,1.0,1.0,R05,N_ABS_NKCC_S4_PLOW_KHIGH_AE4NA05_P1_H1:B00,True,3bff30a1e0c2dbec39b0aebfb700672684dbdb915b7d6fc93d432517d7504074,inherited_saved_rest,True,cdc127afdc9e719e28261202605cb790964219a684a2a1a40800060d5cc8165d
True,0.05,B00,5.0,True,True,4.590163141500968e-22,3.0205872525446154e-11,`xtol` termination condition is satisfied.,141,1.0,2.012136706157663e-06,True,2.0,1.0,R05,N_ABS_NKCC_S4_PLOW_KHIGH_AE4NA05_P1_H1:B00,True,6d44c692733eae5e7958d1a97a0fa53b2859f88fd1d8c0412d60d038ff105386,continuation_predecessor,True,1e30a2c7d116edb026c0533f2fe0571dc76d51b95b15c9d7ca4f2ce195f9cadc
True,0.05,B00,5.0,True,True,4.590162860915474e-22,3.0205872525446154e-11,`xtol` termination condition is satisfied.,299,1.0,2.012136779811618e-06,True,2.0,1.0,R05,N_ABS_NKCC_S4_PLOW_KHIGH_AE4NA05_P1_H1:B00,True,c195d30921b6f6406679a9cf26129afcc0f50d886acc845222bbceb12e6f7d18,task24_baseline_anchor,True,e330d6798898c96770ed743522c276eeb8295625a3abf1fc508fc437744f3cde
True,0.05,B00,5.0,True,True,3.6145913523029395e-24,2.5218542532012833e-12,`xtol` termination condition is satisfied.,251,1.0,7.465889611627291e-08,True,2.0,1.0,R05,N_ABS_NKCC_S4_PLOW_KHIGH_AE4NA05_P1_H1:B00,True,3bff30a1e0c2dbec39b0aebfb700672684dbdb915b7d6fc93d432517d7504074,inherited_saved_rest,True,000b1cb23f043d6e80fa333f4ce7bc218b9232f0756bbc01f5f173be7d6beb73
True,0.05,B00,10.0,True,True,1.6284188229061698e-23,5.694229809893869e-12,`xtol` termination condition is satisfied.,71,1.0,3.782829443624638e-07,True,5.0,1.0,R05,N_ABS_NKCC_S4_PLOW_KHIGH_AE4NA05_P1_H1:B00,True,000b1cb23f043d6e80fa333f4ce7bc218b9232f0756bbc01f5f173be7d6beb73,continuation_predecessor,True,7a710ed56a8416d7f6fa56da635c011299e5a0df6158ed414b8a620c790bdc9e
True,0.05,B00,10.0,True,True,1.628426113044717e-23,5.694229809893869e-12,`xtol` termination condition is satisfied.,317,1.0,3.782824919230954e-07,True,5.0,1.0,R05,N_ABS_NKCC_S4_PLOW_KHIGH_AE4NA05_P1_H1:B00,True,c195d30921b6f6406679a9cf26129afcc0f50d886acc845222bbceb12e6f7d18,task24_baseline_anchor,True,9b532a7144651065974f780ce9591c93d585ce17320e8987e1b8b28dbd0fc6e2
True,0.05,B00,10.0,True,True,1.6284243804440967e-23,5.694229809893869e-12,`xtol` termination condition is satisfied.,294,1.0,3.7828283081225845e-07,True,5.0,1.0,R05,N_ABS_NKCC_S4_PLOW_KHIGH_AE4NA05_P1_H1:B00,True,3bff30a1e0c2dbec39b0aebfb700672684dbdb915b7d6fc93d432517d7504074,inherited_saved_rest,True,e6c2f32979ad9b81832a249885179de5f9f51779976de579cc9220ef5ff42203
True,0.05,B00,2.0,True,True,1.4994650843126115e-23,5.431852884152377e-12,`xtol` termination condition is satisfied.,96,0.5,3.5784698357024556e-07,True,1.0,0.5,R05,N_ABS_NKCC_S4_PLOW_KHIGH_AE4NA05_P1_H1:B00,True,4d75305dc0d79f6e6e505cdca71b8611e8fafbafa91e259c1c82707346b6f0cc,continuation_predecessor,True,6e2a2511cbd9b6e5f8d82eeed416b149f8335d43ea74776256f35eef46a928d1
True,0.05,B00,2.0,True,True,6.712918773396018e-24,2.977219165645195e-12,`xtol` termination condition is satisfied.,371,0.5,1.8359666799227878e-07,True,1.0,0.5,R05,N_ABS_NKCC_S4_PLOW_KHIGH_AE4NA05_P1_H1:B00,True,c195d30921b6f6406679a9cf26129afcc0f50d886acc845222bbceb12e6f7d18,task24_baseline_anchor,True,fd4dc96776556b6a6ea6ea967988c29fb67b5f1ec04b145ee8dcf2b2bc51e0d9
True,0.05,B00,2.0,True,True,1.4861227890338942e-23,5.431852884152377e-12,`xtol` termination condition is satisfied.,297,0.5,3.570139194610076e-07,True,1.0,0.5,R05,N_ABS_NKCC_S4_PLOW_KHIGH_AE4NA05_P1_H1:B00,True,3bff30a1e0c2dbec39b0aebfb700672684dbdb915b7d6fc93d432517d7504074,inherited_saved_rest,True,16b67a04003f316049d625c4e1d7a7f8ac62d6bca605f24419fc872a856196b4
True,0.05,B00,5.0,True,True,2.1117839165371766e-22,2.0543462764255338e-11,`xtol` termination condition is satisfied.,45,0.5,2.107788008819041e-06,True,2.0,0.5,R05,N_ABS_NKCC_S4_PLOW_KHIGH_AE4NA05_P1_H1:B00,True,fd4dc96776556b6a6ea6ea967988c29fb67b5f1ec04b145ee8dcf2b2bc51e0d9,continuation_predecessor,True,1cac38c7d55ed91463b2057b1a6aa3d79fe9802b5ad93dfbf3538054d3b7c83f
True,0.05,B00,5.0,True,True,3.8362611770952584e-23,8.729995892853282e-12,`xtol` termination condition is satisfied.,392,0.5,5.645240927535493e-07,True,2.0,0.5,R05,N_ABS_NKCC_S4_PLOW_KHIGH_AE4NA05_P1_H1:B00,True,c195d30921b6f6406679a9cf26129afcc0f50d886acc845222bbceb12e6f7d18,task24_baseline_anchor,True,8cdd5b63bbc9c27a2fa1204362e208394f5a8cdc02b2ee4ddfd59780a4753673
True,0.05,B00,5.0,True,True,3.8362896866303477e-23,8.729995892853282e-12,`xtol` termination condition is satisfied.,280,0.5,5.645234847825874e-07,True,2.0,0.5,R05,N_ABS_NKCC_S4_PLOW_KHIGH_AE4NA05_P1_H1:B00,True,3bff30a1e0c2dbec39b0aebfb700672684dbdb915b7d6fc93d432517d7504074,inherited_saved_rest,True,f70a3b40bd03f4aff9596e20947342c3a46d1b2264fc0924d97c1912857191fc
True,0.05,B00,10.0,True,True,4.7017815646447824e-23,9.697104230710352e-12,`xtol` termination condition is satisfied.,19,0.5,6.301673772142054e-07,True,5.0,0.5,R05,N_ABS_NKCC_S4_PLOW_KHIGH_AE4NA05_P1_H1:B00,True,8cdd5b63bbc9c27a2fa1204362e208394f5a8cdc02b2ee4ddfd59780a4753673,continuation_predecessor,True,0da24d031aa93f9741b77f8402bd4caf6a88dd23d7e429cc6e4a85893129f156
True,0.05,B00,10.0,True,True,2.4584464254733263e-22,2.203315654925042e-11,`xtol` termination condition is satisfied.,398,0.5,2.2771642269141815e-06,True,5.0,0.5,R05,N_ABS_NKCC_S4_PLOW_KHIGH_AE4NA05_P1_H1:B00,True,c195d30921b6f6406679a9cf26129afcc0f50d886acc845222bbceb12e6f7d18,task24_baseline_anchor,True,9f974eeb67d3921af5a850174012ea27cf5df8916fd8ad59d6043dacd0ed1ef4
True,0.05,B00,10.0,True,True,7.714429380292146e-23,1.2153906353562505e-11,`xtol` termination condition is satisfied.,328,0.5,8.029771773617861e-07,True,5.0,0.5,R05,N_ABS_NKCC_S4_PLOW_KHIGH_AE4NA05_P1_H1:B00,True,3bff30a1e0c2dbec39b0aebfb700672684dbdb915b7d6fc93d432517d7504074,inherited_saved_rest,True,445518ebc9ba45046c8bf98f2fa1ba5ed1b550c4b0f099a2e72b215b2b32da8d
True,0.05,B00,2.0,True,True,6.495659181705283e-24,3.6038880213418167e-12,`xtol` termination condition is satisfied.,42,0.25,3.700286485378013e-07,True,1.0,0.25,R05,N_ABS_NKCC_S4_PLOW_KHIGH_AE4NA05_P1_H1:B00,True,a05588c96f872fc086f26d56ec90160cc6e85088f0cbc6b7bcf92048da5ed057,continuation_predecessor,True,be92ca37d2dc9eb61df7eaf951cfe98d0f62396e94e85974404ef99cd5edd63a
True,0.05,B00,2.0,True,True,2.1546382016044605e-23,6.06069014419397e-12,`xtol` termination condition is satisfied.,321,0.25,6.430986007830591e-07,True,1.0,0.25,R05,N_ABS_NKCC_S4_PLOW_KHIGH_AE4NA05_P1_H1:B00,True,c195d30921b6f6406679a9cf26129afcc0f50d886acc845222bbceb12e6f7d18,task24_baseline_anchor,True,31aa6c6b0f9c8a5b1bab5123a27cc6ceb990adbcaaabcc2d19fa577385ca33ba
True,0.05,B00,2.0,True,True,4.80815477145479e-22,3.058100647712614e-11,`xtol` termination condition is satisfied.,344,0.25,2.003118834165144e-06,True,1.0,0.25,R05,N_ABS_NKCC_S4_PLOW_KHIGH_AE4NA05_P1_H1:B00,True,3bff30a1e0c2dbec39b0aebfb700672684dbdb915b7d6fc93d432517d7504074,inherited_saved_rest,True,07778a696bb8b4598acbc9aa4818c6458948b3221b4066529eb49f75bc6d14d9
True,0.05,B00,5.0,True,True,1.673861887404404e-23,5.7636187489329416e-12,`xtol` termination condition is satisfied.,36,0.25,3.693818457252213e-07,True,2.0,0.25,R05,N_ABS_NKCC_S4_PLOW_KHIGH_AE4NA05_P1_H1:B00,True,be92ca37d2dc9eb61df7eaf951cfe98d0f62396e94e85974404ef99cd5edd63a,continuation_predecessor,True,70621643476a1176dac994de33636db9f0c38ce639d0ed8db0af54b42f28a580
True,0.05,B00,5.0,True,True,3.599076142916534e-23,8.220420871785095e-12,`xtol` termination condition is satisfied.,320,0.25,5.40931230407988e-07,True,2.0,0.25,R05,N_ABS_NKCC_S4_PLOW_KHIGH_AE4NA05_P1_H1:B00,True,c195d30921b6f6406679a9cf26129afcc0f50d886acc845222bbceb12e6f7d18,task24_baseline_anchor,True,161b3fbacdc7ea1bd76e2442a894223ec7cccaaf3ff7e106c82bbbf005945d48
True,0.05,B00,5.0,True,True,2.764713315257803e-22,2.351200831252065e-11,`xtol` termination condition is satisfied.,352,0.25,2.422984428897544e-06,True,2.0,0.25,R05,N_ABS_NKCC_S4_PLOW_KHIGH_AE4NA05_P1_H1:B00,True,3bff30a1e0c2dbec39b0aebfb700672684dbdb915b7d6fc93d432517d7504074,inherited_saved_rest,True,110791d99b53230be94606726824c8c64d930184b7821499b48394a2369f2114
True,0.05,B00,10.0,True,True,2.1551940941278128e-23,6.548581121812447e-12,`xtol` termination condition is satisfied.,23,0.25,6.78084080177215e-07,True,5.0,0.25,R05,N_ABS_NKCC_S4_PLOW_KHIGH_AE4NA05_P1_H1:B00,True,70621643476a1176dac994de33636db9f0c38ce639d0ed8db0af54b42f28a580,continuation_predecessor,True,cc9180ae13387f3857c9c392949c2032036d5d206edad7ee67aac0b77ed85ab1
True,0.05,B00,10.0,True,True,5.0874376899969684e-23,9.003214840319629e-12,`xtol` termination condition is satisfied.,314,0.25,9.32338969627976e-07,True,5.0,0.25,R05,N_ABS_NKCC_S4_PLOW_KHIGH_AE4NA05_P1_H1:B00,True,c195d30921b6f6406679a9cf26129afcc0f50d886acc845222bbceb12e6f7d18,task24_baseline_anchor,True,fc56a30892c2e189dfaeb9343259e2337d9a852cdc2ff1ed01229e7cca181f01
True,0.05,B00,10.0,True,True,2.155371613910535e-23,6.548581121812447e-12,`xtol` termination condition is satisfied.,295,0.25,6.78083933050616e-07,True,5.0,0.25,R05,N_ABS_NKCC_S4_PLOW_KHIGH_AE4NA05_P1_H1:B00,True,3bff30a1e0c2dbec39b0aebfb700672684dbdb915b7d6fc93d432517d7504074,inherited_saved_rest,True,8b23a7ab8610f322e8e27ae8727bab261ae3a6f6fc266a76e439d12f05a3c9f5
True,1.0,B00,1.0,True,True,3.653298343931337e-23,8.49147141490647e-12,`xtol` termination condition is satisfied.,2,1.0,5.417963875152586e-07,True,,,R09,N_ABS_NKCC_S4_PNOM_KMID_AE4NA05_P1_H1:B00,True,f5619e322faecfae1df765cc76502af496fbac1d7d5b6ced58f4c4b35978a6ea,continuation_predecessor,True,3a94467000bf272b1b9eda0ecd49542938312d188aae7dce0eedb462c674b6f3
True,1.0,B00,1.0,True,True,3.6532913069402e-23,8.49147141490647e-12,`xtol` termination condition is satisfied.,184,1.0,5.41796775490496e-07,True,,,R09,N_ABS_NKCC_S4_PNOM_KMID_AE4NA05_P1_H1:B00,True,5b2a79095a619b714b238f62a94ade8f0e478100e953ca3c90a6d555765819c9,inherited_saved_rest,True,590a8da34b9fecfe2d1de57a6db8bfbfbab304a06e1a714ef8ba0f666091930e
True,1.0,B00,1.0,True,True,8.262149519751455e-22,4.056434008137266e-11,`xtol` termination condition is satisfied.,81,0.5,2.5585713234296352e-06,True,1.0,1.0,R09,N_ABS_NKCC_S4_PNOM_KMID_AE4NA05_P1_H1:B00,True,590a8da34b9fecfe2d1de57a6db8bfbfbab304a06e1a714ef8ba0f666091930e,continuation_predecessor,True,5c259952d9e1ec45cb249c5921496a85d95da4aba871a33f3516b80601ca823d
True,1.0,B00,1.0,True,True,3.9013296754561635e-23,8.831910897066919e-12,`xtol` termination condition is satisfied.,81,0.5,5.550248055599487e-07,True,1.0,1.0,R09,N_ABS_NKCC_S4_PNOM_KMID_AE4NA05_P1_H1:B00,True,f5619e322faecfae1df765cc76502af496fbac1d7d5b6ced58f4c4b35978a6ea,task24_baseline_anchor,True,086bace58301d0d0bb1ac77eb7a58bde0f418160d239bbf0aab4e18bf26a1803
True,1.0,B00,1.0,True,True,3.901331238818335e-23,8.831910897066919e-12,`xtol` termination condition is satisfied.,167,0.5,5.550248063613336e-07,True,1.0,1.0,R09,N_ABS_NKCC_S4_PNOM_KMID_AE4NA05_P1_H1:B00,True,5b2a79095a619b714b238f62a94ade8f0e478100e953ca3c90a6d555765819c9,inherited_saved_rest,True,a11637800c6fdfb549f20a600e4dad7fa96858c6a805cad670258ea9ef7c67fb
True,1.0,B00,1.0,True,True,8.384363024886331e-23,1.2925858300372184e-11,`xtol` termination condition is satisfied.,65,0.25,8.124047634548683e-07,True,1.0,0.5,R09,N_ABS_NKCC_S4_PNOM_KMID_AE4NA05_P1_H1:B00,True,086bace58301d0d0bb1ac77eb7a58bde0f418160d239bbf0aab4e18bf26a1803,continuation_predecessor,True,56e66c587552ec68d15e3488f72fc8e0107bd0376cc670559eb4e6fea832c18e
True,1.0,B00,1.0,True,True,1.3405271320819751e-22,1.6347600356736436e-11,`xtol` termination condition is satisfied.,108,0.25,1.707349290392328e-06,True,1.0,0.5,R09,N_ABS_NKCC_S4_PNOM_KMID_AE4NA05_P1_H1:B00,True,f5619e322faecfae1df765cc76502af496fbac1d7d5b6ced58f4c4b35978a6ea,task24_baseline_anchor,True,3b698e4845397fdf91bc17e7f11aad35f3c30839d6deae6c14c7207d726849c5
True,1.0,B00,1.0,True,True,1.2400115968690356e-22,1.5380492018879366e-11,`xtol` termination condition is satisfied.,144,0.25,9.785617932325345e-07,True,1.0,0.5,R09,N_ABS_NKCC_S4_PNOM_KMID_AE4NA05_P1_H1:B00,True,5b2a79095a619b714b238f62a94ade8f0e478100e953ca3c90a6d555765819c9,inherited_saved_rest,True,eb440cb69de39f2509748c7b08f45ff99d5d1a19ecc960cbd70fae7a87312a6c
True,1.0,B00,2.0,True,True,6.88542661026092e-25,9.215718466126788e-13,`xtol` termination condition is satisfied.,58,1.0,6.8761750341352e-08,True,1.0,1.0,R09,N_ABS_NKCC_S4_PNOM_KMID_AE4NA05_P1_H1:B00,True,590a8da34b9fecfe2d1de57a6db8bfbfbab304a06e1a714ef8ba0f666091930e,continuation_predecessor,True,1a8b550e41c4d25e451fa9f0818658eddec137023091b6f66f7e303edc1d9e3c
True,1.0,B00,2.0,True,True,6.885834122178904e-25,9.215718466126788e-13,`xtol` termination condition is satisfied.,58,1.0,6.876135195570155e-08,True,1.0,1.0,R09,N_ABS_NKCC_S4_PNOM_KMID_AE4NA05_P1_H1:B00,True,f5619e322faecfae1df765cc76502af496fbac1d7d5b6ced58f4c4b35978a6ea,task24_baseline_anchor,True,dbc2c2eb1129a8252fd082c9d715e92a0d862e94c2143271a79f033229822941
True,1.0,B00,2.0,True,True,6.88562518743849e-25,9.215718466126788e-13,`xtol` termination condition is satisfied.,132,1.0,6.876128737636847e-08,True,1.0,1.0,R09,N_ABS_NKCC_S4_PNOM_KMID_AE4NA05_P1_H1:B00,True,5b2a79095a619b714b238f62a94ade8f0e478100e953ca3c90a6d555765819c9,inherited_saved_rest,True,462882ca961e8ff669bba07e752b79e06ec4173540275f2293dac61f0c733454
True,1.0,B00,5.0,True,True,1.9261633795648466e-22,1.9222904518167994e-11,`xtol` termination condition is satisfied.,33,1.0,1.212703684880984e-06,True,2.0,1.0,R09,N_ABS_NKCC_S4_PNOM_KMID_AE4NA05_P1_H1:B00,True,dbc2c2eb1129a8252fd082c9d715e92a0d862e94c2143271a79f033229822941,continuation_predecessor,True,460206c69d821843748d349534d9bf00c4a1361f42d2b3c3464f916ef89b4456
True,1.0,B00,5.0,True,True,1.9261610712935862e-22,1.9222904518167994e-11,`xtol` termination condition is satisfied.,59,1.0,1.212703947943556e-06,True,2.0,1.0,R09,N_ABS_NKCC_S4_PNOM_KMID_AE4NA05_P1_H1:B00,True,f5619e322faecfae1df765cc76502af496fbac1d7d5b6ced58f4c4b35978a6ea,task24_baseline_anchor,True,cc9bc858c3b1a4b94527bc96cda61fe70d318216810935ee367e543ef52fef96
True,1.0,B00,5.0,True,True,1.5850401740338068e-22,1.7416623698807143e-11,`xtol` termination condition is satisfied.,129,1.0,1.8652422029844674e-06,True,2.0,1.0,R09,N_ABS_NKCC_S4_PNOM_KMID_AE4NA05_P1_H1:B00,True,5b2a79095a619b714b238f62a94ade8f0e478100e953ca3c90a6d555765819c9,inherited_saved_rest,True,dd88ae50ac45a58deffcc75d93ae9fc04ab0beb55d6c760386c14b23f95fe91e
True,1.0,B00,10.0,True,True,1.6225904384231713e-23,5.69639821423884e-12,`xtol` termination condition is satisfied.,20,1.0,3.532377945475114e-07,True,5.0,1.0,R09,N_ABS_NKCC_S4_PNOM_KMID_AE4NA05_P1_H1:B00,True,dd88ae50ac45a58deffcc75d93ae9fc04ab0beb55d6c760386c14b23f95fe91e,continuation_predecessor,True,833e38051e86178256d673f4f5f2635b1451a5c5776ff949275cfd9692db8230
True,1.0,B00,10.0,True,True,1.6225150575046944e-23,5.69639821423884e-12,`xtol` termination condition is satisfied.,66,1.0,3.531028191549916e-07,True,5.0,1.0,R09,N_ABS_NKCC_S4_PNOM_KMID_AE4NA05_P1_H1:B00,True,f5619e322faecfae1df765cc76502af496fbac1d7d5b6ced58f4c4b35978a6ea,task24_baseline_anchor,True,f6a43b3acc22f52abf06fab130ae789d743cdcf08f1c5b736c25bfd698a080a9
True,1.0,B00,10.0,True,True,1.6224947651382622e-23,5.69639821423884e-12,`xtol` termination condition is satisfied.,86,1.0,3.531030531566938e-07,True,5.0,1.0,R09,N_ABS_NKCC_S4_PNOM_KMID_AE4NA05_P1_H1:B00,True,5b2a79095a619b714b238f62a94ade8f0e478100e953ca3c90a6d555765819c9,inherited_saved_rest,True,2115aa2cf05f3868845dfadb46fa17edb2ca46d98b57dd0ad1cd73cee7f79932
True,1.0,B00,2.0,True,True,5.420425877584621e-24,3.183217578417441e-12,`xtol` termination condition is satisfied.,49,0.5,1.9453614455530168e-07,True,1.0,0.5,R09,N_ABS_NKCC_S4_PNOM_KMID_AE4NA05_P1_H1:B00,True,086bace58301d0d0bb1ac77eb7a58bde0f418160d239bbf0aab4e18bf26a1803,continuation_predecessor,True,cd75de6d212fec93e9dbeb543c86458e27ad09ecafe48b991330ffeeaf0a7dbe
True,1.0,B00,2.0,True,True,4.129676655306264e-22,2.8549211605888303e-11,`xtol` termination condition is satisfied.,85,0.5,3.0265079255624e-06,True,1.0,0.5,R09,N_ABS_NKCC_S4_PNOM_KMID_AE4NA05_P1_H1:B00,True,f5619e322faecfae1df765cc76502af496fbac1d7d5b6ced58f4c4b35978a6ea,task24_baseline_anchor,True,557a4ab1939d0784276dc9a5eaee506c7dbc3fa7d7a902cdfe1024ccbd35317f
True,1.0,B00,2.0,True,True,5.420414852663072e-24,3.183217578417441e-12,`xtol` termination condition is satisfied.,150,0.5,1.9453621671340143e-07,True,1.0,0.5,R09,N_ABS_NKCC_S4_PNOM_KMID_AE4NA05_P1_H1:B00,True,5b2a79095a619b714b238f62a94ade8f0e478100e953ca3c90a6d555765819c9,inherited_saved_rest,True,f8dfd7c4d801c30666976bf75b515e86cc729c35e4f0fa4fef7f23bd29b35306
True,1.0,B00,5.0,True,True,5.147674131195235e-24,2.706168622523819e-12,`xtol` termination condition is satisfied.,24,0.5,2.7087491922050215e-07,True,2.0,0.5,R09,N_ABS_NKCC_S4_PNOM_KMID_AE4NA05_P1_H1:B00,True,f8dfd7c4d801c30666976bf75b515e86cc729c35e4f0fa4fef7f23bd29b35306,continuation_predecessor,True,0257d5112f24c166a713167aaac2a7ad2cb47559bc92217b29938f0154cd51aa
True,1.0,B00,5.0,True,True,1.3879902405500096e-23,5.162970745375972e-12,`xtol` termination condition is satisfied.,73,0.5,5.494007261067549e-07,True,2.0,0.5,R09,N_ABS_NKCC_S4_PNOM_KMID_AE4NA05_P1_H1:B00,True,f5619e322faecfae1df765cc76502af496fbac1d7d5b6ced58f4c4b35978a6ea,task24_baseline_anchor,True,de575aeedb67f7b9a87de417f6a42c684725803bc6bf60c372efe69555391eef
True,1.0,B00,5.0,True,True,5.147767079320306e-24,2.706168622523819e-12,`xtol` termination condition is satisfied.,146,0.5,2.708738882326735e-07,True,2.0,0.5,R09,N_ABS_NKCC_S4_PNOM_KMID_AE4NA05_P1_H1:B00,True,5b2a79095a619b714b238f62a94ade8f0e478100e953ca3c90a6d555765819c9,inherited_saved_rest,True,2ddef85f0ca75c031c39a14d46f409b37b5960f4678135efe53bdaa653caf65f
True,1.0,B00,10.0,True,True,5.812890810750168e-23,1.0495077029659683e-11,`xtol` termination condition is satisfied.,12,0.5,1.1258813223217714e-06,True,5.0,0.5,R09,N_ABS_NKCC_S4_PNOM_KMID_AE4NA05_P1_H1:B00,True,0257d5112f24c166a713167aaac2a7ad2cb47559bc92217b29938f0154cd51aa,continuation_predecessor,True,2e50094b5b1ebe1294ca7c4af8bfa6f06e2e541acc59828ea4b7aa71d7baf565
True,1.0,B00,10.0,True,True,3.231583843383263e-23,8.03827490680753e-12,`xtol` termination condition is satisfied.,69,0.5,8.458063635474686e-07,True,5.0,0.5,R09,N_ABS_NKCC_S4_PNOM_KMID_AE4NA05_P1_H1:B00,True,f5619e322faecfae1df765cc76502af496fbac1d7d5b6ced58f4c4b35978a6ea,task24_baseline_anchor,True,5abcee6325889f5cbb82411448b70393664d036a0bd1b37b3681d3d0153c6a51
True,1.0,B00,10.0,True,True,3.231599699973802e-23,8.03827490680753e-12,`xtol` termination condition is satisfied.,83,0.5,8.458067489154186e-07,True,5.0,0.5,R09,N_ABS_NKCC_S4_PNOM_KMID_AE4NA05_P1_H1:B00,True,5b2a79095a619b714b238f62a94ade8f0e478100e953ca3c90a6d555765819c9,inherited_saved_rest,True,5729254c48614c4957a2b27e947fbd522f9857e4824d22531e9ac45082237d7e
True,1.0,B00,2.0,True,True,6.783195120507346e-24,3.660266534311063e-12,`xtol` termination condition is satisfied.,39,0.25,2.26795320773958e-07,True,1.0,0.25,R09,N_ABS_NKCC_S4_PNOM_KMID_AE4NA05_P1_H1:B00,True,56e66c587552ec68d15e3488f72fc8e0107bd0376cc670559eb4e6fea832c18e,continuation_predecessor,True,83f94070934c86280380fae253f1df9c14999975f3d469b96f1e44b8c5bb86b0
True,1.0,B00,2.0,True,True,7.377859914136853e-24,3.660266534311063e-12,`xtol` termination condition is satisfied.,93,0.25,2.2746545633670938e-07,True,1.0,0.25,R09,N_ABS_NKCC_S4_PNOM_KMID_AE4NA05_P1_H1:B00,True,f5619e322faecfae1df765cc76502af496fbac1d7d5b6ced58f4c4b35978a6ea,task24_baseline_anchor,True,10162a7f4d87f0c878415b023cd6051d97f630eed039d46129862919a65fc18c
True,1.0,B00,2.0,True,True,5.075350370080343e-24,2.949029909160572e-12,`xtol` termination condition is satisfied.,168,0.25,6.093535627004381e-08,True,1.0,0.25,R09,N_ABS_NKCC_S4_PNOM_KMID_AE4NA05_P1_H1:B00,True,5b2a79095a619b714b238f62a94ade8f0e478100e953ca3c90a6d555765819c9,inherited_saved_rest,True,ba095bfcf548d31ab4406b197dbf4c809571cfafd9479df911bf031b70cba6be
True,1.0,B00,5.0,True,True,4.089156733110461e-23,9.040077714184136e-12,`xtol` termination condition is satisfied.,18,0.25,9.534294116305846e-07,True,2.0,0.25,R09,N_ABS_NKCC_S4_PNOM_KMID_AE4NA05_P1_H1:B00,True,ba095bfcf548d31ab4406b197dbf4c809571cfafd9479df911bf031b70cba6be,continuation_predecessor,True,fcc940d308cb5b78e3f265d08f04c5af4d93a7f069f895d96fd8a2d9eee4ad90
True,1.0,B00,5.0,True,True,7.012347878094568e-23,1.1494711432691318e-11,`xtol` termination condition is satisfied.,79,0.25,1.2329823048629797e-06,True,2.0,0.25,R09,N_ABS_NKCC_S4_PNOM_KMID_AE4NA05_P1_H1:B00,True,f5619e322faecfae1df765cc76502af496fbac1d7d5b6ced58f4c4b35978a6ea,task24_baseline_anchor,True,249af2708c10a7c2add7190c834c54f5a3b652dfb01cb360492a19e949cf35a1
True,1.0,B00,5.0,True,True,4.089155064072817e-23,9.040077714184136e-12,`xtol` termination condition is satisfied.,141,0.25,9.534293167758668e-07,True,2.0,0.25,R09,N_ABS_NKCC_S4_PNOM_KMID_AE4NA05_P1_H1:B00,True,5b2a79095a619b714b238f62a94ade8f0e478100e953ca3c90a6d555765819c9,inherited_saved_rest,True,c50bc1da05f0fdd6d6a6f99dba35a9cd589a0113faa71e65afcac57016d9e16f
True,1.0,B00,10.0,True,True,2.0531828016144245e-23,6.162605148407607e-12,`xtol` termination condition is satisfied.,8,0.25,6.631735954935178e-07,True,5.0,0.25,R09,N_ABS_NKCC_S4_PNOM_KMID_AE4NA05_P1_H1:B00,True,fcc940d308cb5b78e3f265d08f04c5af4d93a7f069f895d96fd8a2d9eee4ad90,continuation_predecessor,True,4720274ad46d0798a5bf042db3bc9df22af2240b0894862b6315f1d94a213cf8
True,1.0,B00,10.0,True,True,7.226346149880067e-24,3.705803025555454e-12,`xtol` termination condition is satisfied.,75,0.25,3.8327638047924084e-07,True,5.0,0.25,R09,N_ABS_NKCC_S4_PNOM_KMID_AE4NA05_P1_H1:B00,True,f5619e322faecfae1df765cc76502af496fbac1d7d5b6ced58f4c4b35978a6ea,task24_baseline_anchor,True,4ed922fc0df59fc3a85b231976736735f22c83caacd2d722fd797c14fa7ad66d
True,1.0,B00,10.0,True,True,3.2724583663500307e-22,2.5567655631553166e-11,`xtol` termination condition is satisfied.,83,0.25,1.5931779879200304e-06,True,5.0,0.25,R09,N_ABS_NKCC_S4_PNOM_KMID_AE4NA05_P1_H1:B00,True,5b2a79095a619b714b238f62a94ade8f0e478100e953ca3c90a6d555765819c9,inherited_saved_rest,True,cf27abeddc3d7ed84f7eb53616b1761bb310ae47393001f7b2eaa96535d05dac
True,1.0,B00,1.0,True,True,5.905063549763962e-23,1.0857200555269841e-11,`xtol` termination condition is satisfied.,2,1.0,8.201911318053896e-07,True,,,R08,N_ABS_NKCC_S4_PLOW_KLOW_AE4NA20_P2_H1:B00,True,a6e88bede221b03cbe77922ffe9abe29f0ce382c699d353ab0820623191ece40,continuation_predecessor,True,e6924ef64ecd93e806f47b27c999155b5a4e1f2dee62d3bb6ff54f5977b3d550
True,1.0,B00,1.0,True,True,5.905115492455674e-23,1.0857200555269841e-11,`xtol` termination condition is satisfied.,390,1.0,8.201915126974805e-07,True,,,R08,N_ABS_NKCC_S4_PLOW_KLOW_AE4NA20_P2_H1:B00,True,c58071727862a850e18994b9b66ee5b71b9afbc19fa8c38832da3288f5c91c26,inherited_saved_rest,True,a6e88bede221b03cbe77922ffe9abe29f0ce382c699d353ab0820623191ece40
True,1.0,B00,1.0,True,True,2.680918345626406e-23,7.149229125369416e-12,`xtol` termination condition is satisfied.,179,0.5,5.282932485947469e-07,True,1.0,1.0,R08,N_ABS_NKCC_S4_PLOW_KLOW_AE4NA20_P2_H1:B00,True,e6924ef64ecd93e806f47b27c999155b5a4e1f2dee62d3bb6ff54f5977b3d550,continuation_predecessor,True,ac768953c61fd6ea2103a871bf64ae40a6d627359f1418cce5e3ba351818dc6a
True,1.0,B00,1.0,True,True,2.680918345626406e-23,7.149229125369416e-12,`xtol` termination condition is satisfied.,179,0.5,5.282932485947469e-07,True,1.0,1.0,R08,N_ABS_NKCC_S4_PLOW_KLOW_AE4NA20_P2_H1:B00,True,a6e88bede221b03cbe77922ffe9abe29f0ce382c699d353ab0820623191ece40,task24_baseline_anchor,True,ac768953c61fd6ea2103a871bf64ae40a6d627359f1418cce5e3ba351818dc6a
True,1.0,B00,1.0,True,True,7.920827452902703e-23,1.2060664966728751e-11,`xtol` termination condition is satisfied.,279,0.5,9.276847426303485e-07,True,1.0,1.0,R08,N_ABS_NKCC_S4_PLOW_KLOW_AE4NA20_P2_H1:B00,True,c58071727862a850e18994b9b66ee5b71b9afbc19fa8c38832da3288f5c91c26,inherited_saved_rest,True,68437738a08b91c1541d68459981d2ac65f81ccadd55b41137a394b49a34b3f8
True,1.0,B00,1.0,True,True,4.3219893198498385e-23,8.901299836105991e-12,`xtol` termination condition is satisfied.,91,0.25,6.824427610769746e-07,True,1.0,0.5,R08,N_ABS_NKCC_S4_PLOW_KLOW_AE4NA20_P2_H1:B00,True,ac768953c61fd6ea2103a871bf64ae40a6d627359f1418cce5e3ba351818dc6a,continuation_predecessor,True,7f8866fd766176a2f699138d45a3feeee31a245b5c06992b152a0522910abe1e
True,1.0,B00,1.0,True,True,4.321982190360697e-23,8.901299836105991e-12,`xtol` termination condition is satisfied.,200,0.25,6.824428917844672e-07,True,1.0,0.5,R08,N_ABS_NKCC_S4_PLOW_KLOW_AE4NA20_P2_H1:B00,True,a6e88bede221b03cbe77922ffe9abe29f0ce382c699d353ab0820623191ece40,task24_baseline_anchor,True,5931e194dde7f6f030ababceafa1082791bc95f665aee2bb2393aed93b4344bd
True,1.0,B00,1.0,True,True,2.606067908682955e-22,2.282896094385478e-11,`xtol` termination condition is satisfied.,230,0.25,2.1109812827432747e-06,True,1.0,0.5,R08,N_ABS_NKCC_S4_PLOW_KLOW_AE4NA20_P2_H1:B00,True,c58071727862a850e18994b9b66ee5b71b9afbc19fa8c38832da3288f5c91c26,inherited_saved_rest,True,4de93f77cf77e5a15a2b244903546856a822694ad2299a99dde2ce37cc3309a0
True,1.0,B00,2.0,True,True,1.0577777659439566e-22,7.984168881591813e-12,`xtol` termination condition is satisfied.,107,1.0,1.211800156598063e-07,True,1.0,1.0,R08,N_ABS_NKCC_S4_PLOW_KLOW_AE4NA20_P2_H1:B00,True,e6924ef64ecd93e806f47b27c999155b5a4e1f2dee62d3bb6ff54f5977b3d550,continuation_predecessor,True,2cab3f4c35fbd0c6138c5c287b57bbbcc37157dbbe0c699b79f6572371ed1e7c
True,1.0,B00,2.0,True,True,1.0577777659439566e-22,7.984168881591813e-12,`xtol` termination condition is satisfied.,107,1.0,1.211800156598063e-07,True,1.0,1.0,R08,N_ABS_NKCC_S4_PLOW_KLOW_AE4NA20_P2_H1:B00,True,a6e88bede221b03cbe77922ffe9abe29f0ce382c699d353ab0820623191ece40,task24_baseline_anchor,True,2cab3f4c35fbd0c6138c5c287b57bbbcc37157dbbe0c699b79f6572371ed1e7c
True,1.0,B00,2.0,True,True,1.1823123653982207e-24,1.214306433183765e-12,`xtol` termination condition is satisfied.,196,1.0,7.786437261692049e-08,True,1.0,1.0,R08,N_ABS_NKCC_S4_PLOW_KLOW_AE4NA20_P2_H1:B00,True,c58071727862a850e18994b9b66ee5b71b9afbc19fa8c38832da3288f5c91c26,inherited_saved_rest,True,b95f4100c7fc50c79525ad77df691dc73a58e147245ac7b8ede8667c7e26699a
True,1.0,B00,5.0,True,True,7.905417525836049e-23,1.2437967322753707e-11,`xtol` termination condition is satisfied.,44,1.0,1.1672416724519304e-06,True,2.0,1.0,R08,N_ABS_NKCC_S4_PLOW_KLOW_AE4NA20_P2_H1:B00,True,b95f4100c7fc50c79525ad77df691dc73a58e147245ac7b8ede8667c7e26699a,continuation_predecessor,True,de26e7bb9cbf23041c9e69dd5e3b8fda815670dfe774fba3a41115af44bff9ff
True,1.0,B00,5.0,True,True,1.862828557686476e-22,1.9292293457207066e-11,`xtol` termination condition is satisfied.,97,1.0,1.4442751364745819e-06,True,2.0,1.0,R08,N_ABS_NKCC_S4_PLOW_KLOW_AE4NA20_P2_H1:B00,True,a6e88bede221b03cbe77922ffe9abe29f0ce382c699d353ab0820623191ece40,task24_baseline_anchor,True,80513b3356aec054893136942fbb95e60fa7a1a704927c1fa07a90219e3ae15e
True,1.0,B00,5.0,True,True,1.867625259445857e-22,1.9292293457207066e-11,`xtol` termination condition is satisfied.,111,1.0,1.4455527871046381e-06,True,2.0,1.0,R08,N_ABS_NKCC_S4_PLOW_KLOW_AE4NA20_P2_H1:B00,True,c58071727862a850e18994b9b66ee5b71b9afbc19fa8c38832da3288f5c91c26,inherited_saved_rest,True,9613723d6d738040cbbed5bdb55cd0482e9611de4068466f99246fd844fe5b18
True,1.0,B00,10.0,True,True,4.268834510668314e-24,2.3050138187041824e-12,`xtol` termination condition is satisfied.,14,1.0,1.4715706144406696e-07,True,5.0,1.0,R08,N_ABS_NKCC_S4_PLOW_KLOW_AE4NA20_P2_H1:B00,True,de26e7bb9cbf23041c9e69dd5e3b8fda815670dfe774fba3a41115af44bff9ff,continuation_predecessor,True,8c1ebe4a185f24b17499359c7a6f28e2bcd6be06a7c632fd94b9cd1033a210bf
True,1.0,B00,10.0,True,True,2.6142496362930454e-25,6.591949208711867e-13,`xtol` termination condition is satisfied.,61,1.0,6.337910925122376e-08,True,5.0,1.0,R08,N_ABS_NKCC_S4_PLOW_KLOW_AE4NA20_P2_H1:B00,True,a6e88bede221b03cbe77922ffe9abe29f0ce382c699d353ab0820623191ece40,task24_baseline_anchor,True,52e87bc65c194a0bc7b263f092124bb6bbfb58fb6f33bd323d7b26bf066002bf
True,1.0,B00,10.0,True,True,5.733239425173949e-22,3.352569957759677e-11,`xtol` termination condition is satisfied.,100,1.0,2.5269563629019596e-06,True,5.0,1.0,R08,N_ABS_NKCC_S4_PLOW_KLOW_AE4NA20_P2_H1:B00,True,c58071727862a850e18994b9b66ee5b71b9afbc19fa8c38832da3288f5c91c26,inherited_saved_rest,True,e1f09210c12e8dbabb51338477d362f71b96fb55486add6e241227b3eebdfb91
True,1.0,B00,2.0,True,True,6.375304354786157e-25,8.716985466783456e-13,`xtol` termination condition is satisfied.,63,0.5,7.274015817070913e-08,True,1.0,0.5,R08,N_ABS_NKCC_S4_PLOW_KLOW_AE4NA20_P2_H1:B00,True,ac768953c61fd6ea2103a871bf64ae40a6d627359f1418cce5e3ba351818dc6a,continuation_predecessor,True,b67cd7ce72c85a7bef5528804d004d54c9f431d389941aa86b8bc4f06d3fbcf9
True,1.0,B00,2.0,True,True,3.0132744442483383e-24,1.7390602846667491e-12,`xtol` termination condition is satisfied.,145,0.5,1.4015179536270604e-07,True,1.0,0.5,R08,N_ABS_NKCC_S4_PLOW_KLOW_AE4NA20_P2_H1:B00,True,a6e88bede221b03cbe77922ffe9abe29f0ce382c699d353ab0820623191ece40,task24_baseline_anchor,True,511cd014324387a4682bcfffa9373a84058adc7db0dadfa3638740ed9cc3f008
True,1.0,B00,2.0,True,True,6.375253116962235e-25,8.716985466783456e-13,`xtol` termination condition is satisfied.,167,0.5,7.27400025219171e-08,True,1.0,0.5,R08,N_ABS_NKCC_S4_PLOW_KLOW_AE4NA20_P2_H1:B00,True,c58071727862a850e18994b9b66ee5b71b9afbc19fa8c38832da3288f5c91c26,inherited_saved_rest,True,aff3b827e86aa60702dfb3750b820af9f449137eaecc65e31c43a645af3a989a
True,1.0,B00,5.0,True,True,7.924971085821795e-23,1.257457679648688e-11,`xtol` termination condition is satisfied.,28,0.5,9.416927115812178e-07,True,2.0,0.5,R08,N_ABS_NKCC_S4_PLOW_KLOW_AE4NA20_P2_H1:B00,True,aff3b827e86aa60702dfb3750b820af9f449137eaecc65e31c43a645af3a989a,continuation_predecessor,True,c9c358396561c253b5bdf956230091f09f70d914f162c2d282f5a9b92095a73b
True,1.0,B00,5.0,True,True,1.3975408280850818e-22,1.670105026496671e-11,`xtol` termination condition is satisfied.,94,0.5,1.5452761049186631e-06,True,2.0,0.5,R08,N_ABS_NKCC_S4_PLOW_KLOW_AE4NA20_P2_H1:B00,True,a6e88bede221b03cbe77922ffe9abe29f0ce382c699d353ab0820623191ece40,task24_baseline_anchor,True,21a871cfa11caebe2ca94d0fcf64f66e3bee9415a5d147993334932a66c3f8c8
True,1.0,B00,5.0,True,True,7.924990313254997e-23,1.257457679648688e-11,`xtol` termination condition is satisfied.,111,0.5,9.416933757360901e-07,True,2.0,0.5,R08,N_ABS_NKCC_S4_PLOW_KLOW_AE4NA20_P2_H1:B00,True,c58071727862a850e18994b9b66ee5b71b9afbc19fa8c38832da3288f5c91c26,inherited_saved_rest,True,628a3e52e1a74cc817e6ef721bcde4d41f77d03db36653d474cc4e98fced1799
True,1.0,B00,10.0,True,True,3.297704185512503e-23,8.083811398051921e-12,`xtol` termination condition is satisfied.,13,0.5,7.455984413128143e-07,True,5.0,0.5,R08,N_ABS_NKCC_S4_PLOW_KLOW_AE4NA20_P2_H1:B00,True,628a3e52e1a74cc817e6ef721bcde4d41f77d03db36653d474cc4e98fced1799,continuation_predecessor,True,62fa6a87eec85c680a64caf49cf01ec27fd3510a1b88ef3af358ed95fb6bcfb8
True,1.0,B00,10.0,True,True,3.29775405636815e-23,8.083811398051921e-12,`xtol` termination condition is satisfied.,78,0.5,7.455983456971175e-07,True,5.0,0.5,R08,N_ABS_NKCC_S4_PLOW_KLOW_AE4NA20_P2_H1:B00,True,a6e88bede221b03cbe77922ffe9abe29f0ce382c699d353ab0820623191ece40,task24_baseline_anchor,True,6a162208de71d837e95bf649d6aec8f790b1ff0ff3fbe8e7ac4d2ed6b7ea02a6
True,1.0,B00,10.0,True,True,3.297855309342707e-23,8.083811398051921e-12,`xtol` termination condition is satisfied.,102,0.5,7.45598214624033e-07,True,5.0,0.5,R08,N_ABS_NKCC_S4_PLOW_KLOW_AE4NA20_P2_H1:B00,True,c58071727862a850e18994b9b66ee5b71b9afbc19fa8c38832da3288f5c91c26,inherited_saved_rest,True,9c5d316bcf8c5a774e74024bbfa948f326dd04605136b6210e45e425161cc553
True,1.0,B00,2.0,True,True,3.0253629402957275e-23,7.732529894166618e-12,`xtol` termination condition is satisfied.,43,0.25,7.233124518633585e-07,True,1.0,0.25,R08,N_ABS_NKCC_S4_PLOW_KLOW_AE4NA20_P2_H1:B00,True,5931e194dde7f6f030ababceafa1082791bc95f665aee2bb2393aed93b4344bd,continuation_predecessor,True,7bdf7ec6bf90a156bcbcf9e472413efcdf9085d9565ee990bf8b1b6ec31c49c0
True,1.0,B00,2.0,True,True,3.0253775612261184e-23,7.732529894166618e-12,`xtol` termination condition is satisfied.,157,0.25,7.233127774485192e-07,True,1.0,0.25,R08,N_ABS_NKCC_S4_PLOW_KLOW_AE4NA20_P2_H1:B00,True,a6e88bede221b03cbe77922ffe9abe29f0ce382c699d353ab0820623191ece40,task24_baseline_anchor,True,522e47fad6fd05b94b7db8c9015f1b203ed3547771f0e26763f1a236997f1943
True,1.0,B00,2.0,True,True,2.8926729852257645e-23,5.2757277713144646e-12,`xtol` termination condition is satisfied.,156,0.25,4.87103342925267e-07,True,1.0,0.25,R08,N_ABS_NKCC_S4_PLOW_KLOW_AE4NA20_P2_H1:B00,True,c58071727862a850e18994b9b66ee5b71b9afbc19fa8c38832da3288f5c91c26,inherited_saved_rest,True,7ca3be497ccab20957f7631a348b1e41a8983beeac96f5d5cdbbf713ac4c3161
True,1.0,B00,5.0,True,True,6.345954780597494e-23,1.1264860572124391e-11,`xtol` termination condition is satisfied.,22,0.25,8.391786010392633e-07,True,2.0,0.25,R08,N_ABS_NKCC_S4_PLOW_KLOW_AE4NA20_P2_H1:B00,True,7ca3be497ccab20957f7631a348b1e41a8983beeac96f5d5cdbbf713ac4c3161,continuation_predecessor,True,704a68e46a042c36fe1fac75f13aa63e500b1b54180597fed4c99a52843458d8
True,1.0,B00,5.0,True,True,9.713041926725542e-23,1.3719494290631573e-11,`xtol` termination condition is satisfied.,98,0.25,1.0372368320521419e-06,True,2.0,0.25,R08,N_ABS_NKCC_S4_PLOW_KLOW_AE4NA20_P2_H1:B00,True,a6e88bede221b03cbe77922ffe9abe29f0ce382c699d353ab0820623191ece40,task24_baseline_anchor,True,5448dc2e04557708000a2300e9467350fee7d38515d3e9a21a216b30351a3266
True,1.0,B00,5.0,True,True,6.3459190134827e-23,1.1264860572124391e-11,`xtol` termination condition is satisfied.,116,0.25,8.391786498681278e-07,True,2.0,0.25,R08,N_ABS_NKCC_S4_PLOW_KLOW_AE4NA20_P2_H1:B00,True,c58071727862a850e18994b9b66ee5b71b9afbc19fa8c38832da3288f5c91c26,inherited_saved_rest,True,cdf2254aa9e0f8aa57fcb912c8b19206b2846e46de1e2b8866d2705bc4c2fa60
True,1.0,B00,10.0,True,True,2.860214835244628e-22,2.3715838320947924e-11,`xtol` termination condition is satisfied.,7,0.25,2.226338659929119e-06,True,5.0,0.25,R08,N_ABS_NKCC_S4_PLOW_KLOW_AE4NA20_P2_H1:B00,True,cdf2254aa9e0f8aa57fcb912c8b19206b2846e46de1e2b8866d2705bc4c2fa60,continuation_predecessor,True,61dc1b7c7e62f0220a6e4a500cd80bd4d680c831e8bdbc41f007ad169c925355
True,1.0,B00,10.0,True,True,3.232301285413213e-23,8.014422459012849e-12,`xtol` termination condition is satisfied.,79,0.25,5.935536399238308e-07,True,5.0,0.25,R08,N_ABS_NKCC_S4_PLOW_KLOW_AE4NA20_P2_H1:B00,True,a6e88bede221b03cbe77922ffe9abe29f0ce382c699d353ab0820623191ece40,task24_baseline_anchor,True,9d0015e7c1cfe89e7a8be519d0aaeccd2b15b82d3c2c8bf5cc5cfad503dfee40
True,1.0,B00,10.0,True,True,3.2322898350626255e-23,8.014422459012849e-12,`xtol` termination condition is satisfied.,100,0.25,5.935537506636406e-07,True,5.0,0.25,R08,N_ABS_NKCC_S4_PLOW_KLOW_AE4NA20_P2_H1:B00,True,c58071727862a850e18994b9b66ee5b71b9afbc19fa8c38832da3288f5c91c26,inherited_saved_rest,True,8fbf58b2a5c8c76371fe1b093326d7b7cb62ff3eb0b61318157436c858e28539
True,0.05,B00,1.0,True,True,5.716723825742028e-23,1.0570971181733668e-11,`xtol` termination condition is satisfied.,2,1.0,8.345938341289857e-07,True,,,R02,N_ABS_NKCC_S4_PHIGH_KHIGH_AE4NA20_P2_H1:B00,True,502ac3834ee7d41431d453678dd43cdf8edc52acab7e7de6bcec1fdb04fa719d,continuation_predecessor,True,2c2708ecaecd85f982099cbcf725a3937fd2a16b224351886efe9c419c9a89e1
True,0.05,B00,1.0,True,True,3.340315721558239e-23,8.116337463226486e-12,`xtol` termination condition is satisfied.,169,1.0,6.275088303136353e-07,True,,,R02,N_ABS_NKCC_S4_PHIGH_KHIGH_AE4NA20_P2_H1:B00,True,df90d2d5780a45154aeeed08b595adb4554aeebd6489000b68ff6dbfd53f9c99,inherited_saved_rest,True,502ac3834ee7d41431d453678dd43cdf8edc52acab7e7de6bcec1fdb04fa719d
True,0.05,B00,1.0,True,True,2.728043637821537e-23,7.309691046897271e-12,`xtol` termination condition is satisfied.,497,0.5,5.658780885684919e-07,True,1.0,1.0,R02,N_ABS_NKCC_S4_PHIGH_KHIGH_AE4NA20_P2_H1:B00,True,502ac3834ee7d41431d453678dd43cdf8edc52acab7e7de6bcec1fdb04fa719d,continuation_predecessor,True,b713b34b4c398a9f62a222120ebc3b6e9aa7623425e2d6848722f6a687d3874b
True,0.05,B00,1.0,True,True,1.2974366731356883e-23,4.855057328390089e-12,`xtol` termination condition is satisfied.,506,0.5,3.6253815383165e-07,True,1.0,1.0,R02,N_ABS_NKCC_S4_PHIGH_KHIGH_AE4NA20_P2_H1:B00,True,df90d2d5780a45154aeeed08b595adb4554aeebd6489000b68ff6dbfd53f9c99,inherited_saved_rest,True,a995f635c5dbf33de2d7c9263c0ba6ca3112f88ba4f17ed781165e26ec212bfe
True,0.05,B00,1.0,True,True,9.444117179960096e-23,1.3743346738426254e-11,`xtol` termination condition is satisfied.,315,0.25,1.0411611936615448e-06,True,1.0,0.5,R02,N_ABS_NKCC_S4_PHIGH_KHIGH_AE4NA20_P2_H1:B00,True,a995f635c5dbf33de2d7c9263c0ba6ca3112f88ba4f17ed781165e26ec212bfe,continuation_predecessor,True,78071d7b3612e97cb20a04f92eca833d95026471e3d027be348120829c899418
True,0.05,B00,1.0,True,True,1.6497734914965183e-22,1.798691404153452e-11,`xtol` termination condition is satisfied.,668,0.25,1.6670481263890676e-06,True,1.0,0.5,R02,N_ABS_NKCC_S4_PHIGH_KHIGH_AE4NA20_P2_H1:B00,True,502ac3834ee7d41431d453678dd43cdf8edc52acab7e7de6bcec1fdb04fa719d,task24_baseline_anchor,True,225b3d992a7fb9680f68763e6843eb5c35677f4daa5a3c6e69f1751fb491f663
True,0.05,B00,1.0,True,True,1.34372717013293e-22,1.6197980456933436e-11,`xtol` termination condition is satisfied.,589,0.25,1.2422657083163038e-06,True,1.0,0.5,R02,N_ABS_NKCC_S4_PHIGH_KHIGH_AE4NA20_P2_H1:B00,True,df90d2d5780a45154aeeed08b595adb4554aeebd6489000b68ff6dbfd53f9c99,inherited_saved_rest,True,e96e2dcdd9e16f8967e9c5753f93a9e1474fa38d350d7ea3713da55b90902118
True,0.05,B00,2.0,True,True,6.488160976355745e-23,1.1299555041643927e-11,`xtol` termination condition is satisfied.,310,1.0,8.845795547899208e-07,True,1.0,1.0,R02,N_ABS_NKCC_S4_PHIGH_KHIGH_AE4NA20_P2_H1:B00,True,502ac3834ee7d41431d453678dd43cdf8edc52acab7e7de6bcec1fdb04fa719d,continuation_predecessor,True,7c3dabadb5c029f17153e5fa9fdec6877227dd5b79722ef234594e5c7c0e72a0
True,0.05,B00,2.0,True,True,6.480006067793925e-23,1.1299555041643927e-11,`xtol` termination condition is satisfied.,238,1.0,8.842416557367283e-07,True,1.0,1.0,R02,N_ABS_NKCC_S4_PHIGH_KHIGH_AE4NA20_P2_H1:B00,True,df90d2d5780a45154aeeed08b595adb4554aeebd6489000b68ff6dbfd53f9c99,inherited_saved_rest,True,7869a5a00bbbcc5fd087c158ce24636be66b2608ec38cee80c67b5af2e814258
True,0.05,B00,5.0,True,True,9.81193593676791e-25,1.3877787807814457e-12,`xtol` termination condition is satisfied.,189,1.0,1.2391138938783504e-07,True,2.0,1.0,R02,N_ABS_NKCC_S4_PHIGH_KHIGH_AE4NA20_P2_H1:B00,True,7869a5a00bbbcc5fd087c158ce24636be66b2608ec38cee80c67b5af2e814258,continuation_predecessor,True,4cd0446f4bce9bb3579213864bf00e4d2e1621898c541abfce5dcfa23bcd223c
True,0.05,B00,5.0,True,True,4.638323650474504e-22,3.034248199917933e-11,`xtol` termination condition is satisfied.,378,1.0,2.3586111966153204e-06,True,2.0,1.0,R02,N_ABS_NKCC_S4_PHIGH_KHIGH_AE4NA20_P2_H1:B00,True,502ac3834ee7d41431d453678dd43cdf8edc52acab7e7de6bcec1fdb04fa719d,task24_baseline_anchor,True,01edf775d9443baeafead04df770af8dc34d271b775de2faad27d1b79fdc1950
True,0.05,B00,5.0,True,True,9.393359686407299e-24,3.844580903633599e-12,`xtol` termination condition is satisfied.,321,1.0,3.589756521243559e-07,True,2.0,1.0,R02,N_ABS_NKCC_S4_PHIGH_KHIGH_AE4NA20_P2_H1:B00,True,df90d2d5780a45154aeeed08b595adb4554aeebd6489000b68ff6dbfd53f9c99,inherited_saved_rest,True,9e6200c03872abd7f9ba5b4257a34b6296dbe921c3d4b3fad94eda8663ad16bc
True,0.05,B00,10.0,True,True,1.064962907772986e-21,4.595499328297059e-11,`xtol` termination condition is satisfied.,83,1.0,4.181755221060257e-06,True,5.0,1.0,R02,N_ABS_NKCC_S4_PHIGH_KHIGH_AE4NA20_P2_H1:B00,True,4cd0446f4bce9bb3579213864bf00e4d2e1621898c541abfce5dcfa23bcd223c,continuation_predecessor,True,0470f6d9ecbfb850fcd8b28604a784cd1ebb6fd855dc25b967c78a33806f11ad
True,0.05,B00,10.0,True,True,1.0274864478418615e-22,1.4222564098664847e-11,`xtol` termination condition is satisfied.,385,1.0,1.2975485787741342e-06,True,5.0,1.0,R02,N_ABS_NKCC_S4_PHIGH_KHIGH_AE4NA20_P2_H1:B00,True,502ac3834ee7d41431d453678dd43cdf8edc52acab7e7de6bcec1fdb04fa719d,task24_baseline_anchor,True,48677155989b569a91ca222b5d54b0bb5ddb42dce40d4bb0a5cfa1220adb0244
True,0.05,B00,10.0,True,True,6.97490979224794e-23,1.1767930380157665e-11,`xtol` termination condition is satisfied.,337,1.0,1.056395115143667e-06,True,5.0,1.0,R02,N_ABS_NKCC_S4_PHIGH_KHIGH_AE4NA20_P2_H1:B00,True,df90d2d5780a45154aeeed08b595adb4554aeebd6489000b68ff6dbfd53f9c99,inherited_saved_rest,True,c78dc212e74f5069ebc062b93e557929566669f9a4feda477911de5cd941dd0d
True,0.05,B00,2.0,True,True,6.162352428846732e-23,1.1052356946317232e-11,`xtol` termination condition is satisfied.,166,0.5,1.0156793977083258e-06,True,1.0,0.5,R02,N_ABS_NKCC_S4_PHIGH_KHIGH_AE4NA20_P2_H1:B00,True,a995f635c5dbf33de2d7c9263c0ba6ca3112f88ba4f17ed781165e26ec212bfe,continuation_predecessor,True,0940815cf8fdfbdde6d245761d77ede355dcc49667f45cfa115fa1fd09b23560
True,0.05,B00,2.0,True,True,2.1482907289835537e-22,2.068007223798851e-11,`xtol` termination condition is satisfied.,575,0.5,1.5847817437520702e-06,True,1.0,0.5,R02,N_ABS_NKCC_S4_PHIGH_KHIGH_AE4NA20_P2_H1:B00,True,502ac3834ee7d41431d453678dd43cdf8edc52acab7e7de6bcec1fdb04fa719d,task24_baseline_anchor,True,78cc740c6c384fecc319c6256276d2cee6968a7f9f34766ae71c87d02b910623
True,0.05,B00,2.0,True,True,9.591767656621067e-23,1.3506990664824414e-11,`xtol` termination condition is satisfied.,533,0.5,1.2497644282839701e-06,True,1.0,0.5,R02,N_ABS_NKCC_S4_PHIGH_KHIGH_AE4NA20_P2_H1:B00,True,df90d2d5780a45154aeeed08b595adb4554aeebd6489000b68ff6dbfd53f9c99,inherited_saved_rest,True,235d2ea881c6d6b2800bec58a87675fdd57d744b615c6d5b2c20a58e9de39fb7
True,0.05,B00,5.0,True,True,9.023277180629563e-23,1.337038119109124e-11,`xtol` termination condition is satisfied.,115,0.5,1.2316236901620261e-06,True,2.0,0.5,R02,N_ABS_NKCC_S4_PHIGH_KHIGH_AE4NA20_P2_H1:B00,True,0940815cf8fdfbdde6d245761d77ede355dcc49667f45cfa115fa1fd09b23560,continuation_predecessor,True,c0b60fe29e36dbd3bb10f8406ee54fb323b473dca342c846d73892b963cd3560
True,0.05,B00,5.0,True,True,1.275065071581498e-22,1.590307746601738e-11,`xtol` termination condition is satisfied.,574,0.5,1.2006363562615222e-06,True,2.0,0.5,R02,N_ABS_NKCC_S4_PHIGH_KHIGH_AE4NA20_P2_H1:B00,True,502ac3834ee7d41431d453678dd43cdf8edc52acab7e7de6bcec1fdb04fa719d,task24_baseline_anchor,True,c0f37800f923814ddba645fa56d9f1639e4a040ac04ab77382c6f510727a27ac
True,0.05,B00,5.0,True,True,9.023279180125705e-23,1.337038119109124e-11,`xtol` termination condition is satisfied.,533,0.5,1.2316236582437768e-06,True,2.0,0.5,R02,N_ABS_NKCC_S4_PHIGH_KHIGH_AE4NA20_P2_H1:B00,True,df90d2d5780a45154aeeed08b595adb4554aeebd6489000b68ff6dbfd53f9c99,inherited_saved_rest,True,2d2365b1b032be4efbf2910d1b661187ccc839372d77174bfe89dc3dc234ab1d
True,0.05,B00,10.0,True,True,2.738166868936596e-23,7.389922007661198e-12,`xtol` termination condition is satisfied.,60,0.5,5.59100172195109e-07,True,5.0,0.5,R02,N_ABS_NKCC_S4_PHIGH_KHIGH_AE4NA20_P2_H1:B00,True,c0b60fe29e36dbd3bb10f8406ee54fb323b473dca342c846d73892b963cd3560,continuation_predecessor,True,5540e9170bf446aa0e2abbd257fb0bb24d236c23a9ed13d54ec86ce97cbf3e13
True,0.05,B00,10.0,True,True,2.73817014574841e-23,7.389922007661198e-12,`xtol` termination condition is satisfied.,528,0.5,5.590998702845438e-07,True,5.0,0.5,R02,N_ABS_NKCC_S4_PHIGH_KHIGH_AE4NA20_P2_H1:B00,True,502ac3834ee7d41431d453678dd43cdf8edc52acab7e7de6bcec1fdb04fa719d,task24_baseline_anchor,True,080a03b43a79bd5b326dc00751e148da27da0bb51b0b5eaa142958ccd8bea4ba
True,0.05,B00,10.0,True,True,2.3952125819168326e-22,2.1885705053792393e-11,`xtol` termination condition is satisfied.,540,0.5,2.0040794271027163e-06,True,5.0,0.5,R02,N_ABS_NKCC_S4_PHIGH_KHIGH_AE4NA20_P2_H1:B00,True,df90d2d5780a45154aeeed08b595adb4554aeebd6489000b68ff6dbfd53f9c99,inherited_saved_rest,True,bf001cffca7c12979c8730000cc68f42d902c27b31a2a2a233bc6951f9b9c907
True,0.05,B00,2.0,True,True,1.7821988873691577e-23,5.9696171617051874e-12,`xtol` termination condition is satisfied.,111,0.25,5.491458229094408e-07,True,1.0,0.25,R02,N_ABS_NKCC_S4_PHIGH_KHIGH_AE4NA20_P2_H1:B00,True,78071d7b3612e97cb20a04f92eca833d95026471e3d027be348120829c899418,continuation_predecessor,True,66fba1c2966d2ea072f44e82890cc17c14075bb36df5e60d113b8cf071167369
True,0.05,B00,2.0,True,True,1.7821958202747048e-23,5.9696171617051874e-12,`xtol` termination condition is satisfied.,657,0.25,5.49145515553799e-07,True,1.0,0.25,R02,N_ABS_NKCC_S4_PHIGH_KHIGH_AE4NA20_P2_H1:B00,True,502ac3834ee7d41431d453678dd43cdf8edc52acab7e7de6bcec1fdb04fa719d,task24_baseline_anchor,True,de4bf5e03de4d736c829dde3b4bc2a64247e58cb4f01bbd5857a8bb0750d2e92
True,0.05,B00,2.0,True,True,1.7821964941999572e-23,5.9696171617051874e-12,`xtol` termination condition is satisfied.,601,0.25,5.491454327179463e-07,True,1.0,0.25,R02,N_ABS_NKCC_S4_PHIGH_KHIGH_AE4NA20_P2_H1:B00,True,df90d2d5780a45154aeeed08b595adb4554aeebd6489000b68ff6dbfd53f9c99,inherited_saved_rest,True,93ebbb3a0bbc54b69155d435a802f64f3e005f597f80979c89b4b001345bdfb2
True,0.05,B00,5.0,True,True,7.7376318187437e-22,3.916571927886636e-11,`xtol` termination condition is satisfied.,81,0.25,3.630087319987749e-06,True,2.0,0.25,R02,N_ABS_NKCC_S4_PHIGH_KHIGH_AE4NA20_P2_H1:B00,True,93ebbb3a0bbc54b69155d435a802f64f3e005f597f80979c89b4b001345bdfb2,continuation_predecessor,True,5c8e45e5b28acd88327b10ae3dfb34bb273d75898771d18cd8b0f35403ab447f
True,0.05,B00,5.0,True,True,1.334937023411096e-23,4.980824780398407e-12,`xtol` termination condition is satisfied.,633,0.25,4.485231021310963e-07,True,2.0,0.25,R02,N_ABS_NKCC_S4_PHIGH_KHIGH_AE4NA20_P2_H1:B00,True,502ac3834ee7d41431d453678dd43cdf8edc52acab7e7de6bcec1fdb04fa719d,task24_baseline_anchor,True,127f17764cecc6b22b71cac6d90c7ee92d57acda3f690dc2bc75819463254514
True,0.05,B00,5.0,True,True,2.9587191715760955e-22,2.4294802281055183e-11,`xtol` termination condition is satisfied.,620,0.25,1.8400764469008433e-06,True,2.0,0.25,R02,N_ABS_NKCC_S4_PHIGH_KHIGH_AE4NA20_P2_H1:B00,True,df90d2d5780a45154aeeed08b595adb4554aeebd6489000b68ff6dbfd53f9c99,inherited_saved_rest,True,91ad12257a8303e2b6998d0f1080ec82c3a2691a3f5fb88bbbc88321bbe16e40
True,0.05,B00,10.0,True,True,1.100009409780156e-22,1.476900199359754e-11,`xtol` termination condition is satisfied.,42,0.25,1.3693895616751135e-06,True,5.0,0.25,R02,N_ABS_NKCC_S4_PHIGH_KHIGH_AE4NA20_P2_H1:B00,True,127f17764cecc6b22b71cac6d90c7ee92d57acda3f690dc2bc75819463254514,continuation_predecessor,True,5ab1060d9a3a94b1458869140488e5c86209b4b3f15c311a7f082659f5726bcf
True,0.05,B00,10.0,True,True,7.658136470500877e-23,1.231436827509036e-11,`xtol` termination condition is satisfied.,612,0.25,1.124878273996849e-06,True,5.0,0.25,R02,N_ABS_NKCC_S4_PHIGH_KHIGH_AE4NA20_P2_H1:B00,True,502ac3834ee7d41431d453678dd43cdf8edc52acab7e7de6bcec1fdb04fa719d,task24_baseline_anchor,True,c67315c9b6536fc3fceeb2683004c1c014cc552ddf7e2b8ea6496b77fff0266e
True,0.05,B00,10.0,True,True,1.5626410881469882e-22,1.7225804116449694e-11,`xtol` termination condition is satisfied.,584,0.25,1.614116205236789e-06,True,5.0,0.25,R02,N_ABS_NKCC_S4_PHIGH_KHIGH_AE4NA20_P2_H1:B00,True,df90d2d5780a45154aeeed08b595adb4554aeebd6489000b68ff6dbfd53f9c99,inherited_saved_rest,True,21c547c1a8176d6555e283f68a1661d70c5ea0b7666edb6a844ab03ab8f58476
True,0.05,B00,1.0,True,True,7.891331537488397e-24,3.874938564463193e-12,`xtol` termination condition is satisfied.,2,1.0,2.949082729469472e-07,True,,,R04,N_ABS_NKCC_S4_PHIGH_KLOW_AE4NA20_P2_H1:B00,True,bd56298423688ebaa13d8b8f8a5a867a087942df15fc8011679d44461bc3e567,continuation_predecessor,True,9432d6d805cff40e401834c5fa7a8b3c4d320b78eb18205d66a413ee48b37a20
True,0.05,B00,1.0,True,True,2.1542870203913952e-23,6.331740687315346e-12,`xtol` termination condition is satisfied.,168,1.0,5.008423255153931e-07,True,,,R04,N_ABS_NKCC_S4_PHIGH_KLOW_AE4NA20_P2_H1:B00,True,d7f81f8bb5d7d7a22aeae6d6c6f7c1cf845331cc4f1cc3ca4be5b5027cfe8c7f,inherited_saved_rest,True,7886efd1c344d1aa06473c09ba3f422027c71a79e2854387a72c71e8d04e19cd
True,0.05,B00,1.0,True,True,2.5308574290212736e-23,7.047314121155779e-12,`xtol` termination condition is satisfied.,509,0.5,5.410500031331676e-07,True,1.0,1.0,R04,N_ABS_NKCC_S4_PHIGH_KLOW_AE4NA20_P2_H1:B00,True,9432d6d805cff40e401834c5fa7a8b3c4d320b78eb18205d66a413ee48b37a20,continuation_predecessor,True,a9bf2d216fa4f3aaaf86f22a1011da16035438c14d37c0163abff65d6caf6aae
True,0.05,B00,1.0,True,True,2.4763164065353447e-22,2.222614453595284e-11,`xtol` termination condition is satisfied.,511,0.5,2.025738466900631e-06,True,1.0,1.0,R04,N_ABS_NKCC_S4_PHIGH_KLOW_AE4NA20_P2_H1:B00,True,bd56298423688ebaa13d8b8f8a5a867a087942df15fc8011679d44461bc3e567,task24_baseline_anchor,True,c933fc0d7253e1fafa82037c01ed92d3ea91a8d07bbb7592cdb00d270dc66ede
True,0.05,B00,1.0,True,True,2.5281386048462468e-23,7.047314121155779e-12,`xtol` termination condition is satisfied.,496,0.5,5.408845845498408e-07,True,1.0,1.0,R04,N_ABS_NKCC_S4_PHIGH_KLOW_AE4NA20_P2_H1:B00,True,d7f81f8bb5d7d7a22aeae6d6c6f7c1cf845331cc4f1cc3ca4be5b5027cfe8c7f,inherited_saved_rest,True,ce53b4e01d3ea50151df8856812fe4f7558da4f7eafc7c5d7f2c04c96743812b
True,0.05,B00,1.0,True,True,1.8458630010190119e-22,1.8962695996771473e-11,`xtol` termination condition is satisfied.,312,0.25,1.7721330292332784e-06,True,1.0,0.5,R04,N_ABS_NKCC_S4_PHIGH_KLOW_AE4NA20_P2_H1:B00,True,ce53b4e01d3ea50151df8856812fe4f7558da4f7eafc7c5d7f2c04c96743812b,continuation_predecessor,True,ebf9021e2957c9007de697aac6b86d94ae9fcae57715f609f512c71367cc506c
True,0.05,B00,1.0,True,True,1.1774598032147924e-22,1.522003009735151e-11,`xtol` termination condition is satisfied.,673,0.25,1.1555342724955107e-06,True,1.0,0.5,R04,N_ABS_NKCC_S4_PHIGH_KLOW_AE4NA20_P2_H1:B00,True,bd56298423688ebaa13d8b8f8a5a867a087942df15fc8011679d44461bc3e567,task24_baseline_anchor,True,ebe4095c797966a557bc81511b72fd4cc17fece77d4e94eeefae10f0d01b5105
True,0.05,B00,1.0,True,True,8.168371307221699e-23,1.276539637884433e-11,`xtol` termination condition is satisfied.,616,0.25,9.558747697800918e-07,True,1.0,0.5,R04,N_ABS_NKCC_S4_PHIGH_KLOW_AE4NA20_P2_H1:B00,True,d7f81f8bb5d7d7a22aeae6d6c6f7c1cf845331cc4f1cc3ca4be5b5027cfe8c7f,inherited_saved_rest,True,de2ee089812f0d5f56e4cd49547cd37af9ff4eed32af9d8808202f92ba5aad7c
True,0.05,B00,2.0,True,True,4.736207607132496e-23,9.482432200558222e-12,`xtol` termination condition is satisfied.,317,1.0,8.73695695144179e-07,True,1.0,1.0,R04,N_ABS_NKCC_S4_PHIGH_KLOW_AE4NA20_P2_H1:B00,True,9432d6d805cff40e401834c5fa7a8b3c4d320b78eb18205d66a413ee48b37a20,continuation_predecessor,True,243dd7a5fb5c4473942888d30ae9fc7f5660551098abff3118a0cea162241d4f
True,0.05,B00,2.0,True,True,4.7423487214380914e-23,9.482432200558222e-12,`xtol` termination condition is satisfied.,296,1.0,8.738932405638299e-07,True,1.0,1.0,R04,N_ABS_NKCC_S4_PHIGH_KLOW_AE4NA20_P2_H1:B00,True,bd56298423688ebaa13d8b8f8a5a867a087942df15fc8011679d44461bc3e567,task24_baseline_anchor,True,1be5e6b97faabdbcb160e79811c06aed35ba40628ee83ffcb061ab6626902a7c
True,0.05,B00,2.0,True,True,2.4753456839411977e-23,7.025630077706069e-12,`xtol` termination condition is satisfied.,252,1.0,6.332626349584872e-07,True,1.0,1.0,R04,N_ABS_NKCC_S4_PHIGH_KLOW_AE4NA20_P2_H1:B00,True,d7f81f8bb5d7d7a22aeae6d6c6f7c1cf845331cc4f1cc3ca4be5b5027cfe8c7f,inherited_saved_rest,True,ee147c3aa007e4a9ecced84f7beaf2deecd9e4e8595339b1ef8257e250d54127
True,0.05,B00,5.0,True,True,1.0967034584771742e-22,1.479068603704725e-11,`xtol` termination condition is satisfied.,191,1.0,1.3380949096196677e-06,True,2.0,1.0,R04,N_ABS_NKCC_S4_PHIGH_KLOW_AE4NA20_P2_H1:B00,True,ee147c3aa007e4a9ecced84f7beaf2deecd9e4e8595339b1ef8257e250d54127,continuation_predecessor,True,a2c3d703f34ea9d57a28767b4956120b9bec7b812ab9291c19a56d4b0abeace1
True,0.05,B00,5.0,True,True,1.0506244262951656e-22,1.4482772620061368e-11,`xtol` termination condition is satisfied.,379,1.0,1.1134494008427246e-06,True,2.0,1.0,R04,N_ABS_NKCC_S4_PHIGH_KLOW_AE4NA20_P2_H1:B00,True,bd56298423688ebaa13d8b8f8a5a867a087942df15fc8011679d44461bc3e567,task24_baseline_anchor,True,d6c57505850c93b9a4e261481709c2e651e639fca3157b977895fa773e778c10
True,0.05,B00,5.0,True,True,1.5006524109433266e-22,1.7247488159899405e-11,`xtol` termination condition is satisfied.,312,1.0,1.5744753203538973e-06,True,2.0,1.0,R04,N_ABS_NKCC_S4_PHIGH_KLOW_AE4NA20_P2_H1:B00,True,d7f81f8bb5d7d7a22aeae6d6c6f7c1cf845331cc4f1cc3ca4be5b5027cfe8c7f,inherited_saved_rest,True,54cc8eeffdb8428f36c5d8ccef32198702a8dcdc0d7407da5338826d8ee3c2e3
True,0.05,B00,10.0,True,True,7.276310711533508e-24,3.445594504158933e-12,`xtol` termination condition is satisfied.,91,1.0,2.733783772348038e-07,True,5.0,1.0,R04,N_ABS_NKCC_S4_PHIGH_KLOW_AE4NA20_P2_H1:B00,True,d6c57505850c93b9a4e261481709c2e651e639fca3157b977895fa773e778c10,continuation_predecessor,True,37fdec03bd53d219fd661273b5d1ba3dac3bd4f64cbddf24754a2089b76159ab
True,0.05,B00,10.0,True,True,9.5667254307196e-25,9.8879238130678e-13,`xtol` termination condition is satisfied.,363,1.0,6.994203194337486e-08,True,5.0,1.0,R04,N_ABS_NKCC_S4_PHIGH_KLOW_AE4NA20_P2_H1:B00,True,bd56298423688ebaa13d8b8f8a5a867a087942df15fc8011679d44461bc3e567,task24_baseline_anchor,True,42620162bb89b579873cd38d2282065991af3131eb09b7c8c2856fad453c879b
True,0.05,B00,10.0,True,True,9.566881289256967e-25,9.8879238130678e-13,`xtol` termination condition is satisfied.,342,1.0,6.994189632241964e-08,True,5.0,1.0,R04,N_ABS_NKCC_S4_PHIGH_KLOW_AE4NA20_P2_H1:B00,True,d7f81f8bb5d7d7a22aeae6d6c6f7c1cf845331cc4f1cc3ca4be5b5027cfe8c7f,inherited_saved_rest,True,011f4d2b9ab5610f6d076a75d564dc66eca9b05d11f96d16b3c0ae94cf841884
True,0.05,B00,2.0,True,True,5.341053655171124e-23,1.0334615108131828e-11,`xtol` termination condition is satisfied.,184,0.5,7.823912510594603e-07,True,1.0,0.5,R04,N_ABS_NKCC_S4_PHIGH_KLOW_AE4NA20_P2_H1:B00,True,ce53b4e01d3ea50151df8856812fe4f7558da4f7eafc7c5d7f2c04c96743812b,continuation_predecessor,True,6c044e3dca2fef41eae493322699b6a4a6ab1c5ea6d3f2d4d3f7aaa20dabc070
True,0.05,B00,2.0,True,True,5.340723901623283e-23,1.0334615108131828e-11,`xtol` termination condition is satisfied.,555,0.5,7.82226834430764e-07,True,1.0,0.5,R04,N_ABS_NKCC_S4_PHIGH_KLOW_AE4NA20_P2_H1:B00,True,bd56298423688ebaa13d8b8f8a5a867a087942df15fc8011679d44461bc3e567,task24_baseline_anchor,True,15aba803b57ff8c5bc6a78a92d514d63a3cd4373e6f96e35ef6a6f19ae19226f
True,0.05,B00,2.0,True,True,5.341047141614691e-23,1.0334615108131828e-11,`xtol` termination condition is satisfied.,515,0.5,7.823913430718902e-07,True,1.0,0.5,R04,N_ABS_NKCC_S4_PHIGH_KLOW_AE4NA20_P2_H1:B00,True,d7f81f8bb5d7d7a22aeae6d6c6f7c1cf845331cc4f1cc3ca4be5b5027cfe8c7f,inherited_saved_rest,True,c34de7c43326940ff5a0a017dc15251b494fb3e441f8ae126299f0ecbaa8dd69
True,0.05,B00,5.0,True,True,1.4393022691704547e-24,1.6371452804531117e-12,`xtol` termination condition is satisfied.,119,0.5,5.256718784804002e-08,True,2.0,0.5,R04,N_ABS_NKCC_S4_PHIGH_KLOW_AE4NA20_P2_H1:B00,True,15aba803b57ff8c5bc6a78a92d514d63a3cd4373e6f96e35ef6a6f19ae19226f,continuation_predecessor,True,aee480dec2a2d7b4b3c86b20301dec12b2c11ea3dd8108647ae8db52a23d3225
True,0.05,B00,5.0,True,True,2.485890774036312e-24,2.0101108277881252e-12,`xtol` termination condition is satisfied.,580,0.5,1.572660024176762e-07,True,2.0,0.5,R04,N_ABS_NKCC_S4_PHIGH_KLOW_AE4NA20_P2_H1:B00,True,bd56298423688ebaa13d8b8f8a5a867a087942df15fc8011679d44461bc3e567,task24_baseline_anchor,True,4edf9271435637ef98efd3e65f94712abf22bb955ca254e2f30f277c46f11b70
True,0.05,B00,5.0,True,True,2.4858632745708395e-24,2.0101108277881252e-12,`xtol` termination condition is satisfied.,544,0.5,1.5726581678919692e-07,True,2.0,0.5,R04,N_ABS_NKCC_S4_PHIGH_KLOW_AE4NA20_P2_H1:B00,True,d7f81f8bb5d7d7a22aeae6d6c6f7c1cf845331cc4f1cc3ca4be5b5027cfe8c7f,inherited_saved_rest,True,51772b5bc3728728d4cfc4baaee23ed652b500fe09c3d46bfb07ba094138262e
True,0.05,B00,10.0,True,True,3.5814143655535114e-24,1.981921571303502e-12,`xtol` termination condition is satisfied.,57,0.5,1.2375852089263646e-07,True,5.0,0.5,R04,N_ABS_NKCC_S4_PHIGH_KLOW_AE4NA20_P2_H1:B00,True,aee480dec2a2d7b4b3c86b20301dec12b2c11ea3dd8108647ae8db52a23d3225,continuation_predecessor,True,30a349ba759d20bc300a7d5ec2e491d683b31bf91f891df5a79dae01eef9b1ec
True,0.05,B00,10.0,True,True,3.689198718212965e-24,2.0383000842727483e-12,`xtol` termination condition is satisfied.,546,0.5,1.234299626278351e-07,True,5.0,0.5,R04,N_ABS_NKCC_S4_PHIGH_KLOW_AE4NA20_P2_H1:B00,True,bd56298423688ebaa13d8b8f8a5a867a087942df15fc8011679d44461bc3e567,task24_baseline_anchor,True,15f70b246008c0374bd71ec524beba4aa02467893f8490249a3479f8943b0054
True,0.05,B00,10.0,True,True,3.689213941889839e-24,2.0383000842727483e-12,`xtol` termination condition is satisfied.,475,0.5,1.2342969331582088e-07,True,5.0,0.5,R04,N_ABS_NKCC_S4_PHIGH_KLOW_AE4NA20_P2_H1:B00,True,d7f81f8bb5d7d7a22aeae6d6c6f7c1cf845331cc4f1cc3ca4be5b5027cfe8c7f,inherited_saved_rest,True,736dd11e6ab60be2353f5f0186023bc5fae0e38140e5589dd680f0d88bfbeea9
True,0.05,B00,2.0,True,True,4.367316690453863e-23,9.345822726825048e-12,`xtol` termination condition is satisfied.,114,0.25,8.64127154710362e-07,True,1.0,0.25,R04,N_ABS_NKCC_S4_PHIGH_KLOW_AE4NA20_P2_H1:B00,True,de2ee089812f0d5f56e4cd49547cd37af9ff4eed32af9d8808202f92ba5aad7c,continuation_predecessor,True,042452956b732d2d4000a6e44ea4463a40ba47bc2d24d93a2ce3ad1b7a1d0741
True,0.05,B00,2.0,True,True,2.5365707485332767e-22,2.2384438053135725e-11,`xtol` termination condition is satisfied.,614,0.25,1.6925655890891277e-06,True,1.0,0.25,R04,N_ABS_NKCC_S4_PHIGH_KLOW_AE4NA20_P2_H1:B00,True,bd56298423688ebaa13d8b8f8a5a867a087942df15fc8011679d44461bc3e567,task24_baseline_anchor,True,a5e836385428e207b74a6f40367dc1d7da29b8e7e6d4c049af1260884d3fdebe
True,0.05,B00,2.0,True,True,2.5365699806527828e-22,2.2384438053135725e-11,`xtol` termination condition is satisfied.,628,0.25,1.6925653656729793e-06,True,1.0,0.25,R04,N_ABS_NKCC_S4_PHIGH_KLOW_AE4NA20_P2_H1:B00,True,d7f81f8bb5d7d7a22aeae6d6c6f7c1cf845331cc4f1cc3ca4be5b5027cfe8c7f,inherited_saved_rest,True,33d031f05b273554146b11a21f79f8cf67552eeafb8a0b6ca6ac521502d3d878
True,0.05,B00,5.0,True,True,2.0215150655447042e-22,2.0088097851811426e-11,`xtol` termination condition is satisfied.,83,0.25,1.5083969478828293e-06,True,2.0,0.25,R04,N_ABS_NKCC_S4_PHIGH_KLOW_AE4NA20_P2_H1:B00,True,042452956b732d2d4000a6e44ea4463a40ba47bc2d24d93a2ce3ad1b7a1d0741,continuation_predecessor,True,cfe92ba2fbfb12f60160dd8bcc3e608334fb7218b55e290fba523a57523cc4d8
True,0.05,B00,5.0,True,True,9.487171605587869e-22,4.337242370811012e-11,`xtol` termination condition is satisfied.,656,0.25,4.046243648115119e-06,True,2.0,0.25,R04,N_ABS_NKCC_S4_PHIGH_KLOW_AE4NA20_P2_H1:B00,True,bd56298423688ebaa13d8b8f8a5a867a087942df15fc8011679d44461bc3e567,task24_baseline_anchor,True,c7b2f0dbb2c10140fccf93107fbe8ed179c3b6fb36def5a7ff631136c650f4f3
True,0.05,B00,5.0,True,True,6.901268632104069e-23,1.1642162928149347e-11,`xtol` termination condition is satisfied.,614,0.25,1.0896455197254663e-06,True,2.0,0.25,R04,N_ABS_NKCC_S4_PHIGH_KLOW_AE4NA20_P2_H1:B00,True,d7f81f8bb5d7d7a22aeae6d6c6f7c1cf845331cc4f1cc3ca4be5b5027cfe8c7f,inherited_saved_rest,True,4b14b4ca48cc8c64fe909c8f908c8838ffc74d2fea15ee781f522a25e1d4eef0
True,0.05,B00,10.0,True,True,2.2612600348803225e-24,2.1055206189668496e-12,`xtol` termination condition is satisfied.,43,0.25,1.9298435122715915e-07,True,5.0,0.25,R04,N_ABS_NKCC_S4_PHIGH_KLOW_AE4NA20_P2_H1:B00,True,4b14b4ca48cc8c64fe909c8f908c8838ffc74d2fea15ee781f522a25e1d4eef0,continuation_predecessor,True,a7d7a9764aeec9943b663ece9979d3584bdb60ab0f28a1a348af4c54f7c71308
True,0.05,B00,10.0,True,True,1.3059448572063389e-23,4.560154337474032e-12,`xtol` termination condition is satisfied.,638,0.25,4.391286995086251e-07,True,5.0,0.25,R04,N_ABS_NKCC_S4_PHIGH_KLOW_AE4NA20_P2_H1:B00,True,bd56298423688ebaa13d8b8f8a5a867a087942df15fc8011679d44461bc3e567,task24_baseline_anchor,True,ce26086087c108fd310008603f0a287f3fc3509f0eedc26d46f107b090c14fbd
True,0.05,B00,10.0,True,True,2.261884529732415e-24,2.1055206189668496e-12,`xtol` termination condition is satisfied.,515,0.25,1.929841187699249e-07,True,5.0,0.25,R04,N_ABS_NKCC_S4_PHIGH_KLOW_AE4NA20_P2_H1:B00,True,d7f81f8bb5d7d7a22aeae6d6c6f7c1cf845331cc4f1cc3ca4be5b5027cfe8c7f,inherited_saved_rest,True,f1258a6afc9db9c6274d2b48501cf6e240089d2b8364445c76adfc41e40eff3f
True,1.0,B00,1.0,True,True,2.2912092569758295e-23,6.7307270867900115e-12,`xtol` termination condition is satisfied.,2,1.0,6.129753431343839e-07,True,,,R10,N_ABS_NKCC_S4_PNOM_KMID_AE4NA20_P2_H1:B00,True,5f75991981718a02ae9bf52b52d9f6217a79958c290a2a91bb6535cfcbf7ff80,continuation_predecessor,True,5f75991981718a02ae9bf52b52d9f6217a79958c290a2a91bb6535cfcbf7ff80
True,1.0,B00,1.0,True,True,2.2912092569758295e-23,6.7307270867900115e-12,`xtol` termination condition is satisfied.,402,1.0,6.129753431343838e-07,True,,,R10,N_ABS_NKCC_S4_PNOM_KMID_AE4NA20_P2_H1:B00,True,1a0b6abe4d6d8b893876edc76a0e56960e44eb666200594a1ffe3336e9e41253,inherited_saved_rest,True,5f75991981718a02ae9bf52b52d9f6217a79958c290a2a91bb6535cfcbf7ff80
True,1.0,B00,1.0,True,True,1.9925101500395138e-22,1.9962330399803108e-11,`xtol` termination condition is satisfied.,177,0.5,1.4978246163976257e-06,True,1.0,1.0,R10,N_ABS_NKCC_S4_PNOM_KMID_AE4NA20_P2_H1:B00,True,5f75991981718a02ae9bf52b52d9f6217a79958c290a2a91bb6535cfcbf7ff80,continuation_predecessor,True,53f5ee3249c6b9d84c256b0d9c6ad74085cc43e7db338026ac44e1ae368ba289
True,1.0,B00,1.0,True,True,4.3370905370381917e-23,9.313296661650483e-12,`xtol` termination condition is satisfied.,281,0.5,8.601253561995235e-07,True,1.0,1.0,R10,N_ABS_NKCC_S4_PNOM_KMID_AE4NA20_P2_H1:B00,True,1a0b6abe4d6d8b893876edc76a0e56960e44eb666200594a1ffe3336e9e41253,inherited_saved_rest,True,6e34b07ff049b6b64923919b5a0f736a8051d724bffaf0b7d5edf670dfe6dbf9
True,1.0,B00,1.0,True,True,1.0965528776737795e-24,1.3314002678121994e-12,`xtol` termination condition is satisfied.,96,0.25,1.0333853910738208e-07,True,1.0,0.5,R10,N_ABS_NKCC_S4_PNOM_KMID_AE4NA20_P2_H1:B00,True,6e34b07ff049b6b64923919b5a0f736a8051d724bffaf0b7d5edf670dfe6dbf9,continuation_predecessor,True,96ae579000830f2723538084a2412891e8b79c1f10dde3651e0c0a68b7b5d98a
True,1.0,B00,1.0,True,True,2.5794223914750572e-24,1.8171228410857054e-12,`xtol` termination condition is satisfied.,186,0.25,1.1731365863053113e-07,True,1.0,0.5,R10,N_ABS_NKCC_S4_PNOM_KMID_AE4NA20_P2_H1:B00,True,5f75991981718a02ae9bf52b52d9f6217a79958c290a2a91bb6535cfcbf7ff80,task24_baseline_anchor,True,9d76731cf45b9a660875cc747ceb83cc1f3c0ea24c55ec3b18e3572e493b1a1c
True,1.0,B00,1.0,True,True,1.0965868709297471e-24,1.3314002678121994e-12,`xtol` termination condition is satisfied.,243,0.25,1.0333842648873587e-07,True,1.0,0.5,R10,N_ABS_NKCC_S4_PNOM_KMID_AE4NA20_P2_H1:B00,True,1a0b6abe4d6d8b893876edc76a0e56960e44eb666200594a1ffe3336e9e41253,inherited_saved_rest,True,cdfdcacf238341ed59061200513f5c5de28fab188990c86193367005a18cc755
True,1.0,B00,2.0,True,True,9.244624880415547e-24,4.241398898763293e-12,`xtol` termination condition is satisfied.,105,1.0,3.9747338197767524e-07,True,1.0,1.0,R10,N_ABS_NKCC_S4_PNOM_KMID_AE4NA20_P2_H1:B00,True,5f75991981718a02ae9bf52b52d9f6217a79958c290a2a91bb6535cfcbf7ff80,continuation_predecessor,True,de2b8fdd6e9ee77e5c7984c005e32d40e3ce1c297ae2daa8c4964f4e6cfe8c1f
True,1.0,B00,2.0,True,True,3.39220694128354e-24,1.8951853975046618e-12,`xtol` termination condition is satisfied.,206,1.0,1.5174031662533355e-07,True,1.0,1.0,R10,N_ABS_NKCC_S4_PNOM_KMID_AE4NA20_P2_H1:B00,True,1a0b6abe4d6d8b893876edc76a0e56960e44eb666200594a1ffe3336e9e41253,inherited_saved_rest,True,57034e09c7403c01001775776ea52e42076cebdb560c6748e3951ebdd15c1c67
True,1.0,B00,5.0,True,True,5.331974720102832e-24,3.2634485391813683e-12,`xtol` termination condition is satisfied.,44,1.0,3.040259487095928e-07,True,2.0,1.0,R10,N_ABS_NKCC_S4_PNOM_KMID_AE4NA20_P2_H1:B00,True,57034e09c7403c01001775776ea52e42076cebdb560c6748e3951ebdd15c1c67,continuation_predecessor,True,3758a08562b867fe6b69effd8cca86a46c906a7afb7172467975bdeb1302579b
True,1.0,B00,5.0,True,True,5.329398978289552e-24,3.2634485391813683e-12,`xtol` termination condition is satisfied.,95,1.0,3.0382393486095e-07,True,2.0,1.0,R10,N_ABS_NKCC_S4_PNOM_KMID_AE4NA20_P2_H1:B00,True,5f75991981718a02ae9bf52b52d9f6217a79958c290a2a91bb6535cfcbf7ff80,task24_baseline_anchor,True,589acb3da7f4f6c735a64c3d0efef66b7281cdc003d31a6716013a5413631ace
True,1.0,B00,5.0,True,True,5.331775821058452e-24,3.2634485391813683e-12,`xtol` termination condition is satisfied.,124,1.0,3.0402585019434873e-07,True,2.0,1.0,R10,N_ABS_NKCC_S4_PNOM_KMID_AE4NA20_P2_H1:B00,True,1a0b6abe4d6d8b893876edc76a0e56960e44eb666200594a1ffe3336e9e41253,inherited_saved_rest,True,7d03a052e5280b4cfc21c5058d3ff044f9d150e667b1731121a61a4ecb7f28fd
True,1.0,B00,10.0,True,True,9.72563785488457e-24,4.2760933682828295e-12,`xtol` termination condition is satisfied.,14,1.0,3.9004544010042656e-07,True,5.0,1.0,R10,N_ABS_NKCC_S4_PNOM_KMID_AE4NA20_P2_H1:B00,True,3758a08562b867fe6b69effd8cca86a46c906a7afb7172467975bdeb1302579b,continuation_predecessor,True,b6f0c3fbbe8da492ee7bec732a7b9eb7fca7b94cca13cbf3fa720fae99cafffb
True,1.0,B00,10.0,True,True,3.83119703675428e-22,2.7454167411677943e-11,`xtol` termination condition is satisfied.,62,1.0,2.0636841317319105e-06,True,5.0,1.0,R10,N_ABS_NKCC_S4_PNOM_KMID_AE4NA20_P2_H1:B00,True,5f75991981718a02ae9bf52b52d9f6217a79958c290a2a91bb6535cfcbf7ff80,task24_baseline_anchor,True,32b4702ad70482fa76e610868cb336a90d0aee9b18d40950850581e0ca180334
True,1.0,B00,10.0,True,True,7.4754026580614705e-22,3.8460987866750784e-11,`xtol` termination condition is satisfied.,108,1.0,3.606815870523541e-06,True,5.0,1.0,R10,N_ABS_NKCC_S4_PNOM_KMID_AE4NA20_P2_H1:B00,True,1a0b6abe4d6d8b893876edc76a0e56960e44eb666200594a1ffe3336e9e41253,inherited_saved_rest,True,e1586ee3782d2e4a1dc0f40e5c266982430f0c2fbede3fb544300e265393de6f
True,1.0,B00,2.0,True,True,7.755920529042032e-22,3.9085488318102435e-11,`xtol` termination condition is satisfied.,67,0.5,3.6604894588995672e-06,True,1.0,0.5,R10,N_ABS_NKCC_S4_PNOM_KMID_AE4NA20_P2_H1:B00,True,6e34b07ff049b6b64923919b5a0f736a8051d724bffaf0b7d5edf670dfe6dbf9,continuation_predecessor,True,7af5fbf14461a921f979f2a2d54b27f82e6c2531f25afe7a17260fa4c4bb6140
True,1.0,B00,2.0,True,True,1.2030134930264902e-23,4.90059381963448e-12,`xtol` termination condition is satisfied.,151,0.5,4.5308325697768665e-07,True,1.0,0.5,R10,N_ABS_NKCC_S4_PNOM_KMID_AE4NA20_P2_H1:B00,True,5f75991981718a02ae9bf52b52d9f6217a79958c290a2a91bb6535cfcbf7ff80,task24_baseline_anchor,True,5620ae3ba71712e941509974b60def92078895fb6dd9361f86f44547eacd1b5f
True,1.0,B00,2.0,True,True,1.203005255212626e-23,4.90059381963448e-12,`xtol` termination condition is satisfied.,163,0.5,4.530831080283387e-07,True,1.0,0.5,R10,N_ABS_NKCC_S4_PNOM_KMID_AE4NA20_P2_H1:B00,True,1a0b6abe4d6d8b893876edc76a0e56960e44eb666200594a1ffe3336e9e41253,inherited_saved_rest,True,508647dbd2f47c3b33adb05e9fa5ad19999f7b009ad72376e8ed6fd7db0d4885
True,1.0,B00,5.0,True,True,8.781439138627463e-23,1.3222929695633212e-11,`xtol` termination condition is satisfied.,29,0.5,9.89961568074653e-07,True,2.0,0.5,R10,N_ABS_NKCC_S4_PNOM_KMID_AE4NA20_P2_H1:B00,True,508647dbd2f47c3b33adb05e9fa5ad19999f7b009ad72376e8ed6fd7db0d4885,continuation_predecessor,True,d76f01a656a3761596751d06e3fbf9e2b9325e4b414692bd2ac71a89821379c6
True,1.0,B00,5.0,True,True,8.781432440311765e-23,1.3222929695633212e-11,`xtol` termination condition is satisfied.,87,0.5,9.89961899702455e-07,True,2.0,0.5,R10,N_ABS_NKCC_S4_PNOM_KMID_AE4NA20_P2_H1:B00,True,5f75991981718a02ae9bf52b52d9f6217a79958c290a2a91bb6535cfcbf7ff80,task24_baseline_anchor,True,a7993b7ff2c14903a50ec3258c54349c38a0f694546d4bceeb4fd223454b1971
True,1.0,B00,5.0,True,True,1.2937723835782053e-22,1.605269736582038e-11,`xtol` termination condition is satisfied.,117,0.5,1.4851306081267795e-06,True,2.0,0.5,R10,N_ABS_NKCC_S4_PNOM_KMID_AE4NA20_P2_H1:B00,True,1a0b6abe4d6d8b893876edc76a0e56960e44eb666200594a1ffe3336e9e41253,inherited_saved_rest,True,be724cef466836dfd804a559f5ff68a969507d35fb94f05b5eedfc8d5a94f6d8
True,1.0,B00,10.0,True,True,3.076552411478074e-23,7.400764029386053e-12,`xtol` termination condition is satisfied.,13,0.5,5.357138565568667e-07,True,5.0,0.5,R10,N_ABS_NKCC_S4_PNOM_KMID_AE4NA20_P2_H1:B00,True,a7993b7ff2c14903a50ec3258c54349c38a0f694546d4bceeb4fd223454b1971,continuation_predecessor,True,65be7e53ac6c42a2c66b5a05116c13cfc8b9f2931b1e5e63c8192c2fe6be28cb
True,1.0,B00,10.0,True,True,3.076546836130232e-23,7.400764029386053e-12,`xtol` termination condition is satisfied.,81,0.5,5.357139236817187e-07,True,5.0,0.5,R10,N_ABS_NKCC_S4_PNOM_KMID_AE4NA20_P2_H1:B00,True,5f75991981718a02ae9bf52b52d9f6217a79958c290a2a91bb6535cfcbf7ff80,task24_baseline_anchor,True,c200c58e40477d9c71b6c2348f30a093c08df7e43027d4087dd2a6c2e5138342
True,1.0,B00,10.0,True,True,4.8564483994819463e-23,9.855397747893235e-12,`xtol` termination condition is satisfied.,99,0.5,7.333460086487998e-07,True,5.0,0.5,R10,N_ABS_NKCC_S4_PNOM_KMID_AE4NA20_P2_H1:B00,True,1a0b6abe4d6d8b893876edc76a0e56960e44eb666200594a1ffe3336e9e41253,inherited_saved_rest,True,790fafc4d11566b279b42fdf77ac8f82bbe35ed9cc71accdc3247459ff845539
True,1.0,B00,2.0,True,True,1.0438319804896824e-22,1.4428562511437093e-11,`xtol` termination condition is satisfied.,45,0.25,1.345591476279119e-06,True,1.0,0.25,R10,N_ABS_NKCC_S4_PNOM_KMID_AE4NA20_P2_H1:B00,True,cdfdcacf238341ed59061200513f5c5de28fab188990c86193367005a18cc755,continuation_predecessor,True,cae5a09ab8e796dd1a36b614ff3cc0a7151298b2a065ed331b7e0afb7a6ded03
True,1.0,B00,2.0,True,True,1.0438309515213607e-22,1.4428562511437093e-11,`xtol` termination condition is satisfied.,153,0.25,1.3455911068643633e-06,True,1.0,0.25,R10,N_ABS_NKCC_S4_PNOM_KMID_AE4NA20_P2_H1:B00,True,5f75991981718a02ae9bf52b52d9f6217a79958c290a2a91bb6535cfcbf7ff80,task24_baseline_anchor,True,f03f7737e88444998c4189e43daa5a1719231adcd94b095dd89b8b6fc3cd7a9b
True,1.0,B00,2.0,True,True,1.0762327319552488e-22,1.4428562511437093e-11,`xtol` termination condition is satisfied.,160,0.25,1.3501901621941032e-06,True,1.0,0.25,R10,N_ABS_NKCC_S4_PNOM_KMID_AE4NA20_P2_H1:B00,True,1a0b6abe4d6d8b893876edc76a0e56960e44eb666200594a1ffe3336e9e41253,inherited_saved_rest,True,3484b1b6474b08aea895220ec01a42dabea8e41aea701e0b2d7594ee6537ac81
True,1.0,B00,5.0,True,True,1.875854032756002e-23,6.10405823109339e-12,`xtol` termination condition is satisfied.,23,0.25,4.5735197588756815e-07,True,2.0,0.25,R10,N_ABS_NKCC_S4_PNOM_KMID_AE4NA20_P2_H1:B00,True,f03f7737e88444998c4189e43daa5a1719231adcd94b095dd89b8b6fc3cd7a9b,continuation_predecessor,True,d980308e37e8034a8a38c50b80dd1281f0cc6d387bc57dc4e0a60b351feda766
True,1.0,B00,5.0,True,True,1.8758643162887976e-23,6.10405823109339e-12,`xtol` termination condition is satisfied.,102,0.25,4.5735186337065795e-07,True,2.0,0.25,R10,N_ABS_NKCC_S4_PNOM_KMID_AE4NA20_P2_H1:B00,True,5f75991981718a02ae9bf52b52d9f6217a79958c290a2a91bb6535cfcbf7ff80,task24_baseline_anchor,True,1503002a7bc6fcc57ea256745fd2d6ba240ccdc3b43880ed7de06abeb9c773b2
True,1.0,B00,5.0,True,True,1.8758664976113467e-23,6.10405823109339e-12,`xtol` termination condition is satisfied.,119,0.25,4.5735197622419106e-07,True,2.0,0.25,R10,N_ABS_NKCC_S4_PNOM_KMID_AE4NA20_P2_H1:B00,True,1a0b6abe4d6d8b893876edc76a0e56960e44eb666200594a1ffe3336e9e41253,inherited_saved_rest,True,29adec96f528272df0ae5c366894072f138e0c863914ef0811c03e72f14fd6eb
True,1.0,B00,10.0,True,True,1.285899868940873e-21,5.040889580754104e-11,`xtol` termination condition is satisfied.,7,0.25,3.7824080838786465e-06,True,5.0,0.25,R10,N_ABS_NKCC_S4_PNOM_KMID_AE4NA20_P2_H1:B00,True,d980308e37e8034a8a38c50b80dd1281f0cc6d387bc57dc4e0a60b351feda766,continuation_predecessor,True,7a4e69f645687eeb9f8915781bd6982d33bc5e6d9f18a4d9e3e321fd26ca08a4
True,1.0,B00,10.0,True,True,1.2219854091008484e-22,1.5508427875232655e-11,`xtol` termination condition is satisfied.,77,0.25,1.4573921642231432e-06,True,5.0,0.25,R10,N_ABS_NKCC_S4_PNOM_KMID_AE4NA20_P2_H1:B00,True,5f75991981718a02ae9bf52b52d9f6217a79958c290a2a91bb6535cfcbf7ff80,task24_baseline_anchor,True,f2bbaaca72927e03e9a7614b7614105ef6504d4a767c004cd5dcffc2595ffd08
True,1.0,B00,10.0,True,True,1.3169200441099721e-22,1.6221832904728117e-11,`xtol` termination condition is satisfied.,106,0.25,1.209720470195378e-06,True,5.0,0.25,R10,N_ABS_NKCC_S4_PNOM_KMID_AE4NA20_P2_H1:B00,True,1a0b6abe4d6d8b893876edc76a0e56960e44eb666200594a1ffe3336e9e41253,inherited_saved_rest,True,b4abe14364de8a97b4a022c625213a69b1f2185d38b7071abc395af596400cc8
True,0.05,B00,1.0,True,True,4.599364849348579e-23,9.571336778702033e-12,`xtol` termination condition is satisfied.,2,1.0,6.350434016856887e-07,True,,,R07,N_ABS_NKCC_S4_PLOW_KLOW_AE4NA05_P1_H1:B00,True,492188e45b52c7759f00d07104ce48a0ee90848e2bb97eb3576dd444020b1e8e,continuation_predecessor,True,492188e45b52c7759f00d07104ce48a0ee90848e2bb97eb3576dd444020b1e8e
True,0.05,B00,1.0,True,True,1.9442316504018733e-22,1.9704290282751558e-11,`xtol` termination condition is satisfied.,101,1.0,1.995433122978621e-06,True,,,R07,N_ABS_NKCC_S4_PLOW_KLOW_AE4NA05_P1_H1:B00,True,6d7052824d681c9c532d0a3ff9825d9fc64a1aa2799b1201e5a09a9bea326b72,inherited_saved_rest,True,7825de4a3bea72c1a0d5e4fd206dfb5fe75dbd2575605d7f1aecbb35437bff78
True,0.05,B00,1.0,True,True,9.380866471810059e-24,3.8077180297690916e-12,`xtol` termination condition is satisfied.,377,0.5,2.350858003224946e-07,True,1.0,1.0,R07,N_ABS_NKCC_S4_PLOW_KLOW_AE4NA05_P1_H1:B00,True,492188e45b52c7759f00d07104ce48a0ee90848e2bb97eb3576dd444020b1e8e,continuation_predecessor,True,a3331274987cbb14f1383b72838ed77bc57bbff5aedd92b0a917046ff14f242f
True,0.05,B00,1.0,True,True,9.434188592573418e-24,3.8077180297690916e-12,`xtol` termination condition is satisfied.,318,0.5,2.3495583612836974e-07,True,1.0,1.0,R07,N_ABS_NKCC_S4_PLOW_KLOW_AE4NA05_P1_H1:B00,True,6d7052824d681c9c532d0a3ff9825d9fc64a1aa2799b1201e5a09a9bea326b72,inherited_saved_rest,True,66ffd422d13d05ad9e85d0c2de48c7057574656e79cb0bac6617e57532eaae0c
True,0.05,B00,1.0,True,True,5.191888659053623e-22,3.20945527099159e-11,`xtol` termination condition is satisfied.,84,0.25,3.354615345465617e-06,True,1.0,0.5,R07,N_ABS_NKCC_S4_PLOW_KLOW_AE4NA05_P1_H1:B00,True,66ffd422d13d05ad9e85d0c2de48c7057574656e79cb0bac6617e57532eaae0c,continuation_predecessor,True,382c6fac24c1ea75d49132f58400ddbfbc5fc2f25524695fef90ba4f1a794cae
True,0.05,B00,1.0,True,True,1.4820962041479417e-25,4.0115480381963664e-13,`xtol` termination condition is satisfied.,338,0.25,4.1037576283086203e-08,True,1.0,0.5,R07,N_ABS_NKCC_S4_PLOW_KLOW_AE4NA05_P1_H1:B00,True,492188e45b52c7759f00d07104ce48a0ee90848e2bb97eb3576dd444020b1e8e,task24_baseline_anchor,True,d53625cb2dfa2fef89944f14a40053eb43d31866f16006dff22bd97000bd013f
True,0.05,B00,1.0,True,True,1.587664275785184e-25,4.2934406030425976e-13,`xtol` termination condition is satisfied.,332,0.25,4.1262282357633926e-08,True,1.0,0.5,R07,N_ABS_NKCC_S4_PLOW_KLOW_AE4NA05_P1_H1:B00,True,6d7052824d681c9c532d0a3ff9825d9fc64a1aa2799b1201e5a09a9bea326b72,inherited_saved_rest,True,62fd25d845346a63e69ba115eadc8264c3bb73cce943f816b5c658ccaf56dbb2
True,0.05,B00,2.0,True,True,4.82684195278146e-23,9.493274222283077e-12,`xtol` termination condition is satisfied.,257,1.0,9.891239194520884e-07,True,1.0,1.0,R07,N_ABS_NKCC_S4_PLOW_KLOW_AE4NA05_P1_H1:B00,True,492188e45b52c7759f00d07104ce48a0ee90848e2bb97eb3576dd444020b1e8e,continuation_predecessor,True,323727dc510f35dec87e6f05974588f9386ea4815030fa6dabf0876a4619c463
True,0.05,B00,2.0,True,True,2.4845214931806034e-23,7.038640503775895e-12,`xtol` termination condition is satisfied.,223,1.0,7.166671999126714e-07,True,1.0,1.0,R07,N_ABS_NKCC_S4_PLOW_KLOW_AE4NA05_P1_H1:B00,True,6d7052824d681c9c532d0a3ff9825d9fc64a1aa2799b1201e5a09a9bea326b72,inherited_saved_rest,True,9769b3638f188cfd4cd7473f6f7ff926954e87d3592068da6470cf826de66eb3
True,0.05,B00,5.0,True,True,1.3785377091293987e-23,5.171644362755856e-12,`xtol` termination condition is satisfied.,132,1.0,3.4074085010142323e-07,True,2.0,1.0,R07,N_ABS_NKCC_S4_PLOW_KLOW_AE4NA05_P1_H1:B00,True,9769b3638f188cfd4cd7473f6f7ff926954e87d3592068da6470cf826de66eb3,continuation_predecessor,True,3ac987a9c60b99849c49058c70ab57843b9663bb8d10472e71667d1e1f31d0f0
True,0.05,B00,5.0,True,True,5.2277327926701315e-24,2.714842239903703e-12,`xtol` termination condition is satisfied.,303,1.0,1.6764660896170554e-07,True,2.0,1.0,R07,N_ABS_NKCC_S4_PLOW_KLOW_AE4NA05_P1_H1:B00,True,492188e45b52c7759f00d07104ce48a0ee90848e2bb97eb3576dd444020b1e8e,task24_baseline_anchor,True,ffe5e90f2cba9ab320a679dc9c5bdeb3e7f4c9e35e55938989b169361ed697d7
True,0.05,B00,5.0,True,True,1.3732792790279773e-23,5.171644362755856e-12,`xtol` termination condition is satisfied.,272,1.0,3.4045768016565124e-07,True,2.0,1.0,R07,N_ABS_NKCC_S4_PLOW_KLOW_AE4NA05_P1_H1:B00,True,6d7052824d681c9c532d0a3ff9825d9fc64a1aa2799b1201e5a09a9bea326b72,inherited_saved_rest,True,9fd14d17824675d2a25e1c98ce0ad5487dd10ff51074d7d2312ffaec6c18ce1c
True,0.05,B00,10.0,True,True,9.486077071312907e-24,4.34114549863196e-12,`xtol` termination condition is satisfied.,68,1.0,2.834680484073706e-07,True,5.0,1.0,R07,N_ABS_NKCC_S4_PLOW_KLOW_AE4NA05_P1_H1:B00,True,ffe5e90f2cba9ab320a679dc9c5bdeb3e7f4c9e35e55938989b169361ed697d7,continuation_predecessor,True,3c9165ad2c4086501d6b4a22c5ad3e31e29cb69f48d3f11ee46335160ecd42f5
True,0.05,B00,10.0,True,True,3.7722559930955234e-22,2.7386946876983842e-11,`xtol` termination condition is satisfied.,317,1.0,2.8258345233477435e-06,True,5.0,1.0,R07,N_ABS_NKCC_S4_PLOW_KLOW_AE4NA05_P1_H1:B00,True,492188e45b52c7759f00d07104ce48a0ee90848e2bb97eb3576dd444020b1e8e,task24_baseline_anchor,True,fa5655412096263c17741aeff2bf2987c787e5c205d1d0241501e3e362d9e3bd
True,0.05,B00,10.0,True,True,4.3030826311120856e-24,2.246466901389965e-12,`xtol` termination condition is satisfied.,293,1.0,1.1112796459765114e-07,True,5.0,1.0,R07,N_ABS_NKCC_S4_PLOW_KLOW_AE4NA05_P1_H1:B00,True,6d7052824d681c9c532d0a3ff9825d9fc64a1aa2799b1201e5a09a9bea326b72,inherited_saved_rest,True,275d63e4c3d545daa440af82960d2a4424c40189370bd15c3e93280430cae2ac
True,0.05,B00,2.0,True,True,1.7559102936799101e-23,5.924080670460796e-12,`xtol` termination condition is satisfied.,93,0.5,3.7885912954926916e-07,True,1.0,0.5,R07,N_ABS_NKCC_S4_PLOW_KLOW_AE4NA05_P1_H1:B00,True,66ffd422d13d05ad9e85d0c2de48c7057574656e79cb0bac6617e57532eaae0c,continuation_predecessor,True,86604dc809b3502e3b85e3e5b1bf30871ffee66112d55f490a5a639e66118d2d
True,0.05,B00,2.0,True,True,1.7558946683507222e-23,5.924080670460796e-12,`xtol` termination condition is satisfied.,408,0.5,3.7885945610086884e-07,True,1.0,0.5,R07,N_ABS_NKCC_S4_PLOW_KLOW_AE4NA05_P1_H1:B00,True,492188e45b52c7759f00d07104ce48a0ee90848e2bb97eb3576dd444020b1e8e,task24_baseline_anchor,True,7dcdfca3d23d6c4dd4985905b6785a1e23f98770a5ff79fe73758710d02e65b2
True,0.05,B00,2.0,True,True,1.7563639752480646e-23,5.924080670460796e-12,`xtol` termination condition is satisfied.,280,0.5,3.787197097977235e-07,True,1.0,0.5,R07,N_ABS_NKCC_S4_PLOW_KLOW_AE4NA05_P1_H1:B00,True,6d7052824d681c9c532d0a3ff9825d9fc64a1aa2799b1201e5a09a9bea326b72,inherited_saved_rest,True,419c2c9fea88345676d6a7c9c9a5cab76c646f763270f13032ff4eeaeb6e9ba3
True,0.05,B00,5.0,True,True,3.477643295024534e-23,8.20957885006024e-12,`xtol` termination condition is satisfied.,40,0.5,8.387093263664356e-07,True,2.0,0.5,R07,N_ABS_NKCC_S4_PLOW_KLOW_AE4NA05_P1_H1:B00,True,7dcdfca3d23d6c4dd4985905b6785a1e23f98770a5ff79fe73758710d02e65b2,continuation_predecessor,True,09e03133c034bc6413de32a1e9b4683be160456013cfab6240e709f066221778
True,0.05,B00,5.0,True,True,3.4776663346761945e-23,8.20957885006024e-12,`xtol` termination condition is satisfied.,411,0.5,8.387087062046489e-07,True,2.0,0.5,R07,N_ABS_NKCC_S4_PLOW_KLOW_AE4NA05_P1_H1:B00,True,492188e45b52c7759f00d07104ce48a0ee90848e2bb97eb3576dd444020b1e8e,task24_baseline_anchor,True,e66583db52e5071e4602f888cef8bb1aa130efb95eab97a5dca01c715a1a1798
True,0.05,B00,5.0,True,True,5.756648234625479e-23,1.0666380972912393e-11,`xtol` termination condition is satisfied.,280,0.5,1.114346811546448e-06,True,2.0,0.5,R07,N_ABS_NKCC_S4_PLOW_KLOW_AE4NA05_P1_H1:B00,True,6d7052824d681c9c532d0a3ff9825d9fc64a1aa2799b1201e5a09a9bea326b72,inherited_saved_rest,True,e5e0106b892d8649fb20d390ada0bac0f0be1f3ab05d0b340642c9e51bc9810a
True,0.05,B00,10.0,True,True,5.721994969208586e-24,3.376205565119861e-12,`xtol` termination condition is satisfied.,19,0.5,3.4829753291387725e-07,True,5.0,0.5,R07,N_ABS_NKCC_S4_PLOW_KLOW_AE4NA05_P1_H1:B00,True,09e03133c034bc6413de32a1e9b4683be160456013cfab6240e709f066221778,continuation_predecessor,True,fd5753d082df58fa14b8b432086c117bdec5fa0869ef14422c1078c2fff8ec7b
True,0.05,B00,10.0,True,True,5.721980890087051e-24,3.376205565119861e-12,`xtol` termination condition is satisfied.,384,0.5,3.482975852975383e-07,True,5.0,0.5,R07,N_ABS_NKCC_S4_PLOW_KLOW_AE4NA05_P1_H1:B00,True,492188e45b52c7759f00d07104ce48a0ee90848e2bb97eb3576dd444020b1e8e,task24_baseline_anchor,True,819e57258f0ffae6dabc6bb8d6e5923df2011fc5f1a77be92648eb6b6d9b7dec
True,0.05,B00,10.0,True,True,7.172433367755972e-22,3.7563268467932787e-11,`xtol` termination condition is satisfied.,282,0.5,3.932968619461739e-06,True,5.0,0.5,R07,N_ABS_NKCC_S4_PLOW_KLOW_AE4NA05_P1_H1:B00,True,6d7052824d681c9c532d0a3ff9825d9fc64a1aa2799b1201e5a09a9bea326b72,inherited_saved_rest,True,43c47857076e7c2ae29e5551ffa4739307c768cb237993265e633df035b3dc2d
True,0.05,B00,2.0,True,True,4.442973317375767e-23,9.426053687588976e-12,`xtol` termination condition is satisfied.,41,0.25,9.812275670625847e-07,True,1.0,0.25,R07,N_ABS_NKCC_S4_PLOW_KLOW_AE4NA05_P1_H1:B00,True,d53625cb2dfa2fef89944f14a40053eb43d31866f16006dff22bd97000bd013f,continuation_predecessor,True,2eeb52eaf6ef9c7a63f085355b60fb2d825b4ee536865ceb66ca51b6979145a1
True,0.05,B00,2.0,True,True,8.500777691866627e-22,4.115414606320478e-11,`xtol` termination condition is satisfied.,386,0.25,4.3012740623121434e-06,True,1.0,0.25,R07,N_ABS_NKCC_S4_PLOW_KLOW_AE4NA05_P1_H1:B00,True,492188e45b52c7759f00d07104ce48a0ee90848e2bb97eb3576dd444020b1e8e,task24_baseline_anchor,True,0253b6927de66344bd4f8fcc71a3469d8793aa3c583dd4844c58ab7c7407829d
True,0.05,B00,2.0,True,True,4.442963657331523e-23,9.426053687588976e-12,`xtol` termination condition is satisfied.,364,0.25,9.81227731045897e-07,True,1.0,0.25,R07,N_ABS_NKCC_S4_PLOW_KLOW_AE4NA05_P1_H1:B00,True,6d7052824d681c9c532d0a3ff9825d9fc64a1aa2799b1201e5a09a9bea326b72,inherited_saved_rest,True,617be6d347501b4f312e12634bd31e9ddc6ab66ee5af3874fed39bdd7fc55595
True,0.05,B00,5.0,True,True,1.053109446222879e-23,4.584006785268713e-12,`xtol` termination condition is satisfied.,42,0.25,4.756450004738109e-07,True,2.0,0.25,R07,N_ABS_NKCC_S4_PLOW_KLOW_AE4NA05_P1_H1:B00,True,2eeb52eaf6ef9c7a63f085355b60fb2d825b4ee536865ceb66ca51b6979145a1,continuation_predecessor,True,bb0fc2a0fba5d0bfafde5cdb3eb4231baeb5f9604a0d810f4235b264219caf10
True,0.05,B00,5.0,True,True,1.0531139425679991e-23,4.584006785268713e-12,`xtol` termination condition is satisfied.,309,0.25,4.756446413541944e-07,True,2.0,0.25,R07,N_ABS_NKCC_S4_PLOW_KLOW_AE4NA05_P1_H1:B00,True,492188e45b52c7759f00d07104ce48a0ee90848e2bb97eb3576dd444020b1e8e,task24_baseline_anchor,True,85b859ae8a30cdc3a2c880d2cb059549a6cbd79b3fc61a1e879197b7bd49d831
True,0.05,B00,5.0,True,True,1.0531098073537865e-23,4.584006785268713e-12,`xtol` termination condition is satisfied.,293,0.25,4.756449406187032e-07,True,2.0,0.25,R07,N_ABS_NKCC_S4_PLOW_KLOW_AE4NA05_P1_H1:B00,True,6d7052824d681c9c532d0a3ff9825d9fc64a1aa2799b1201e5a09a9bea326b72,inherited_saved_rest,True,58ec97a80dc59bb4184c44d87bfa4b35809620772d6a687f80f7b7267c4e0e82
True,0.05,B00,10.0,True,True,2.740630636414982e-22,2.3134705956495694e-11,`xtol` termination condition is satisfied.,28,0.25,1.4718312425940937e-06,True,5.0,0.25,R07,N_ABS_NKCC_S4_PLOW_KLOW_AE4NA05_P1_H1:B00,True,58ec97a80dc59bb4184c44d87bfa4b35809620772d6a687f80f7b7267c4e0e82,continuation_predecessor,True,404dc35a3646a65b3c6d7f17fc89ca66d51b5f0a28fbc4b16efb8590028bebaf
True,0.05,B00,10.0,True,True,1.8872730787466596e-23,6.138752700612926e-12,`xtol` termination condition is satisfied.,357,0.25,6.376380288334337e-07,True,5.0,0.25,R07,N_ABS_NKCC_S4_PLOW_KLOW_AE4NA05_P1_H1:B00,True,492188e45b52c7759f00d07104ce48a0ee90848e2bb97eb3576dd444020b1e8e,task24_baseline_anchor,True,5ff2d0f81699466424f8513f5db297e83927b1ad2d8fcf605b86f1273f4f40be
True,0.05,B00,10.0,True,True,1.8872859702446225e-23,6.138752700612926e-12,`xtol` termination condition is satisfied.,316,0.25,6.376377752590706e-07,True,5.0,0.25,R07,N_ABS_NKCC_S4_PLOW_KLOW_AE4NA05_P1_H1:B00,True,6d7052824d681c9c532d0a3ff9825d9fc64a1aa2799b1201e5a09a9bea326b72,inherited_saved_rest,True,742c3285857e31837d3b8fc1d0cc3736e0860d5e7796cfcb5106458f901d58eb
True,0.05,B00,1.0,True,True,8.896075400465689e-24,4.217546450968612e-12,`xtol` termination condition is satisfied.,2,1.0,3.3222368839494264e-07,True,,,R06,N_ABS_NKCC_S4_PLOW_KHIGH_AE4NA20_P2_H1:B00,True,03d413ecaf4b57816602a837df17d1ff4c9957a9b33c232b9401cc7820dd52c3,continuation_predecessor,True,4a9ca39c82f3bd0a5ffc6cba5445f4a1b4e2307400f68c526d5e743ab498b25e
True,0.05,B00,1.0,True,True,8.074375515081252e-23,9.128982292327947e-12,`xtol` termination condition is satisfied.,173,1.0,7.209414312000431e-07,True,,,R06,N_ABS_NKCC_S4_PLOW_KHIGH_AE4NA20_P2_H1:B00,True,468e11e34e1e13ba4d50cc8a5214dd6ed419dc3190b14e333ed08ff9e8bd683e,inherited_saved_rest,True,63eb7a1cd2cfe2afe77d2c3b089f676c1f8c2af3dfbebc269c192916f649170f
True,0.05,B00,1.0,True,True,1.0687405762411435e-22,1.4619382093794542e-11,`xtol` termination condition is satisfied.,503,0.5,1.1279300505334095e-06,True,1.0,1.0,R06,N_ABS_NKCC_S4_PLOW_KHIGH_AE4NA20_P2_H1:B00,True,4a9ca39c82f3bd0a5ffc6cba5445f4a1b4e2307400f68c526d5e743ab498b25e,continuation_predecessor,True,3f9c866bfe384241170a0623940851f5562171560c959415ba541cbe0f7187ae
True,0.05,B00,1.0,True,True,1.4881603574129842e-22,1.7076184216646695e-11,`xtol` termination condition is satisfied.,514,0.5,1.333189973580016e-06,True,1.0,1.0,R06,N_ABS_NKCC_S4_PLOW_KHIGH_AE4NA20_P2_H1:B00,True,03d413ecaf4b57816602a837df17d1ff4c9957a9b33c232b9401cc7820dd52c3,task24_baseline_anchor,True,b9d19cbc55d4804baccd385109d5bb042f2edf94fa22199824cbb5ed9aac71c8
True,0.05,B00,1.0,True,True,1.488162066716435e-22,1.7076184216646695e-11,`xtol` termination condition is satisfied.,491,0.5,1.3331905581259032e-06,True,1.0,1.0,R06,N_ABS_NKCC_S4_PLOW_KHIGH_AE4NA20_P2_H1:B00,True,468e11e34e1e13ba4d50cc8a5214dd6ed419dc3190b14e333ed08ff9e8bd683e,inherited_saved_rest,True,57728bba07b893f54605661d471bc2f1f28d60ce9c3d7d13eb48ad6be49c80c7
True,0.05,B00,1.0,True,True,9.11655502739573e-24,3.831570477563773e-12,`xtol` termination condition is satisfied.,312,0.25,3.520768780087713e-07,True,1.0,0.5,R06,N_ABS_NKCC_S4_PLOW_KHIGH_AE4NA20_P2_H1:B00,True,3f9c866bfe384241170a0623940851f5562171560c959415ba541cbe0f7187ae,continuation_predecessor,True,c69e11ad4a51788238258e43612a0ee633d2a60c0682eb64bb297b1b18492ed6
True,0.05,B00,1.0,True,True,1.5236150392184716e-24,1.3747683547116196e-12,`xtol` termination condition is satisfied.,661,0.25,1.1754992098512561e-07,True,1.0,0.5,R06,N_ABS_NKCC_S4_PLOW_KHIGH_AE4NA20_P2_H1:B00,True,03d413ecaf4b57816602a837df17d1ff4c9957a9b33c232b9401cc7820dd52c3,task24_baseline_anchor,True,bb3d218257805e55c35f2aa78d22044739be8249ff18dbd6b5455e3a57fb7eb3
True,0.05,B00,1.0,True,True,1.5561806376873887e-24,1.3747683547116196e-12,`xtol` termination condition is satisfied.,621,0.25,1.1735091947494198e-07,True,1.0,0.5,R06,N_ABS_NKCC_S4_PLOW_KHIGH_AE4NA20_P2_H1:B00,True,468e11e34e1e13ba4d50cc8a5214dd6ed419dc3190b14e333ed08ff9e8bd683e,inherited_saved_rest,True,22e5d73a68d10993261029ed927b1d2428a0cfa36cb10481d8110c5031a37321
True,0.05,B00,2.0,True,True,4.368413991374868e-22,2.954667760457497e-11,`xtol` termination condition is satisfied.,298,1.0,2.314479714030205e-06,True,1.0,1.0,R06,N_ABS_NKCC_S4_PLOW_KHIGH_AE4NA20_P2_H1:B00,True,4a9ca39c82f3bd0a5ffc6cba5445f4a1b4e2307400f68c526d5e743ab498b25e,continuation_predecessor,True,3bb581442b9589b40f225a04cb9efeccb9a606c26628e2b197fc22b2c9ad62c5
True,0.05,B00,2.0,True,True,3.7635463373579735e-24,2.183583175385806e-12,`xtol` termination condition is satisfied.,315,1.0,2.0646247484300405e-07,True,1.0,1.0,R06,N_ABS_NKCC_S4_PLOW_KHIGH_AE4NA20_P2_H1:B00,True,03d413ecaf4b57816602a837df17d1ff4c9957a9b33c232b9401cc7820dd52c3,task24_baseline_anchor,True,c045e5490944b5ea2c5368567c02888f883596c45741380ae201aadd741d170a
True,0.05,B00,2.0,True,True,4.79584990138254e-25,9.410874857174178e-13,`xtol` termination condition is satisfied.,255,1.0,2.6879464131623283e-08,True,1.0,1.0,R06,N_ABS_NKCC_S4_PLOW_KHIGH_AE4NA20_P2_H1:B00,True,468e11e34e1e13ba4d50cc8a5214dd6ed419dc3190b14e333ed08ff9e8bd683e,inherited_saved_rest,True,9090a57aca07d387e7d6670f2ce364a4ae74adbcff715cda59a9385698485591
True,0.05,B00,5.0,True,True,5.432368771405576e-23,1.040183564282593e-11,`xtol` termination condition is satisfied.,183,1.0,9.273757480709774e-07,True,2.0,1.0,R06,N_ABS_NKCC_S4_PLOW_KHIGH_AE4NA20_P2_H1:B00,True,9090a57aca07d387e7d6670f2ce364a4ae74adbcff715cda59a9385698485591,continuation_predecessor,True,c629d646593d4d97bb613260d9088f50d76e23fcec7e84258dff6af2942340ed
True,0.05,B00,5.0,True,True,8.454291016737195e-23,1.2858637765678083e-11,`xtol` termination condition is satisfied.,350,1.0,1.1655684527750445e-06,True,2.0,1.0,R06,N_ABS_NKCC_S4_PLOW_KHIGH_AE4NA20_P2_H1:B00,True,03d413ecaf4b57816602a837df17d1ff4c9957a9b33c232b9401cc7820dd52c3,task24_baseline_anchor,True,91dc7b3e9bb16e6a268b8ec092d6e2f9f01a4a9c87cc85cf12353a7957e0ee63
True,0.05,B00,5.0,True,True,5.432367227674925e-23,1.040183564282593e-11,`xtol` termination condition is satisfied.,298,1.0,9.273758274301542e-07,True,2.0,1.0,R06,N_ABS_NKCC_S4_PLOW_KHIGH_AE4NA20_P2_H1:B00,True,468e11e34e1e13ba4d50cc8a5214dd6ed419dc3190b14e333ed08ff9e8bd683e,inherited_saved_rest,True,d7d7b52dacb1a3afea728e054b361c8baf055848320b0f879a64d7ae1ea6d33f
True,0.05,B00,10.0,True,True,5.895991431976568e-23,1.0857200555269841e-11,`xtol` termination condition is satisfied.,87,1.0,8.43003896056548e-07,True,5.0,1.0,R06,N_ABS_NKCC_S4_PLOW_KHIGH_AE4NA20_P2_H1:B00,True,c629d646593d4d97bb613260d9088f50d76e23fcec7e84258dff6af2942340ed,continuation_predecessor,True,5d80dca31d915e72e4971ed2f64051b92d3eb3f6805480610bb8950fd245d6c1
True,0.05,B00,10.0,True,True,1.6962075760980726e-22,1.841842650618375e-11,`xtol` termination condition is satisfied.,362,1.0,1.652574036964192e-06,True,5.0,1.0,R06,N_ABS_NKCC_S4_PLOW_KHIGH_AE4NA20_P2_H1:B00,True,03d413ecaf4b57816602a837df17d1ff4c9957a9b33c232b9401cc7820dd52c3,task24_baseline_anchor,True,b4f3767f3bad980701ba1fb3ea5e9f73d7b7a7031d5a8c1179031c718091c117
True,0.05,B00,10.0,True,True,9.148356714221408e-23,1.3311834273777023e-11,`xtol` termination condition is satisfied.,326,1.0,1.0495260119402696e-06,True,5.0,1.0,R06,N_ABS_NKCC_S4_PLOW_KHIGH_AE4NA20_P2_H1:B00,True,468e11e34e1e13ba4d50cc8a5214dd6ed419dc3190b14e333ed08ff9e8bd683e,inherited_saved_rest,True,5032a66ef7f48f88b12a9a795ebc0de8392e46cda9a3299d44e931c5da0c7357
True,0.05,B00,2.0,True,True,9.052921919286338e-23,1.3448443747510197e-11,`xtol` termination condition is satisfied.,174,0.5,1.2211267052875711e-06,True,1.0,0.5,R06,N_ABS_NKCC_S4_PLOW_KHIGH_AE4NA20_P2_H1:B00,True,3f9c866bfe384241170a0623940851f5562171560c959415ba541cbe0f7187ae,continuation_predecessor,True,738b0c2de33708f645a26ebc53a00a21cef5cb1d2ed4581aa9e5508946f35729
True,0.05,B00,2.0,True,True,9.052915678024238e-23,1.3448443747510197e-11,`xtol` termination condition is satisfied.,593,0.5,1.2211270491010657e-06,True,1.0,0.5,R06,N_ABS_NKCC_S4_PLOW_KHIGH_AE4NA20_P2_H1:B00,True,03d413ecaf4b57816602a837df17d1ff4c9957a9b33c232b9401cc7820dd52c3,task24_baseline_anchor,True,d5ffdc029fd45b34af589389e3aea49ea1e5ac19f05e481fbf9fc7834c35fb05
True,0.05,B00,2.0,True,True,9.052915927642814e-23,1.3448443747510197e-11,`xtol` termination condition is satisfied.,522,0.5,1.2211270524721848e-06,True,1.0,0.5,R06,N_ABS_NKCC_S4_PLOW_KHIGH_AE4NA20_P2_H1:B00,True,468e11e34e1e13ba4d50cc8a5214dd6ed419dc3190b14e333ed08ff9e8bd683e,inherited_saved_rest,True,295eb960cc64b468d68d088ad6ee31fd9539ce2487221651a362932c43470ad1
True,0.05,B00,5.0,True,True,1.3561611688148043e-22,1.0028870095490916e-11,`xtol` termination condition is satisfied.,121,0.5,9.136159321107058e-07,True,2.0,0.5,R06,N_ABS_NKCC_S4_PLOW_KHIGH_AE4NA20_P2_H1:B00,True,295eb960cc64b468d68d088ad6ee31fd9539ce2487221651a362932c43470ad1,continuation_predecessor,True,ad0ff572651c48e58455bfda831ac3bb3949defe35a075f5b435733d448b59ff
True,0.05,B00,5.0,True,True,4.238477914289401e-22,2.9069628648681345e-11,`xtol` termination condition is satisfied.,580,0.5,2.2391626111367226e-06,True,2.0,0.5,R06,N_ABS_NKCC_S4_PLOW_KHIGH_AE4NA20_P2_H1:B00,True,03d413ecaf4b57816602a837df17d1ff4c9957a9b33c232b9401cc7820dd52c3,task24_baseline_anchor,True,929e5c3f72682931713fbcba2c29b479e06b638f152866e85633db53bd8bde44
True,0.05,B00,5.0,True,True,3.9121392934112855e-24,2.662800535624399e-12,`xtol` termination condition is satisfied.,523,0.5,2.4770523745549183e-07,True,2.0,0.5,R06,N_ABS_NKCC_S4_PLOW_KHIGH_AE4NA20_P2_H1:B00,True,468e11e34e1e13ba4d50cc8a5214dd6ed419dc3190b14e333ed08ff9e8bd683e,inherited_saved_rest,True,0957f9c4b68009ee4088198a4147bdedb7e31af2d30842aeee55c27d411a3ca4
True,0.05,B00,10.0,True,True,1.1166387097015908e-24,1.4311468676808659e-12,`xtol` termination condition is satisfied.,56,0.5,1.071210624270157e-07,True,5.0,0.5,R06,N_ABS_NKCC_S4_PLOW_KHIGH_AE4NA20_P2_H1:B00,True,0957f9c4b68009ee4088198a4147bdedb7e31af2d30842aeee55c27d411a3ca4,continuation_predecessor,True,f607f7549f8fc5ee1a387d1232d9a340b4e646ba4356a2fcac01975429da9213
True,0.05,B00,10.0,True,True,5.518917223776306e-22,3.316140764764164e-11,`xtol` termination condition is satisfied.,575,0.5,2.553141287354052e-06,True,5.0,0.5,R06,N_ABS_NKCC_S4_PLOW_KHIGH_AE4NA20_P2_H1:B00,True,03d413ecaf4b57816602a837df17d1ff4c9957a9b33c232b9401cc7820dd52c3,task24_baseline_anchor,True,9a8b168361f1b9e7b6dc824e195f22ca8f6b065dae9a3f08fefea215358f2dea
True,0.05,B00,10.0,True,True,9.91019529394162e-24,3.885780586188048e-12,`xtol` termination condition is satisfied.,480,0.5,3.106491036304419e-07,True,5.0,0.5,R06,N_ABS_NKCC_S4_PLOW_KHIGH_AE4NA20_P2_H1:B00,True,468e11e34e1e13ba4d50cc8a5214dd6ed419dc3190b14e333ed08ff9e8bd683e,inherited_saved_rest,True,9fffe2bad41ae46752173a784dd5b4591767e38594d487cc433606b8642036ed
True,0.05,B00,2.0,True,True,1.9503372265206932e-23,6.114900252818245e-12,`xtol` termination condition is satisfied.,113,0.25,4.5870279291588197e-07,True,1.0,0.25,R06,N_ABS_NKCC_S4_PLOW_KHIGH_AE4NA20_P2_H1:B00,True,bb3d218257805e55c35f2aa78d22044739be8249ff18dbd6b5455e3a57fb7eb3,continuation_predecessor,True,38757b466821b3aabb92be60941447be389bd78f7db1ada3fc707b511e972bd2
True,0.05,B00,2.0,True,True,3.76262745000936e-23,8.571702375670398e-12,`xtol` termination condition is satisfied.,663,0.25,6.613750590726763e-07,True,1.0,0.25,R06,N_ABS_NKCC_S4_PLOW_KHIGH_AE4NA20_P2_H1:B00,True,03d413ecaf4b57816602a837df17d1ff4c9957a9b33c232b9401cc7820dd52c3,task24_baseline_anchor,True,53bbe97046488ab0fc185fe70b9fe39350fc3959700e2e1c981340b6b0c3dd38
True,0.05,B00,2.0,True,True,3.349568863344171e-22,2.5613192122797557e-11,`xtol` termination condition is satisfied.,618,0.25,2.362734564232283e-06,True,1.0,0.25,R06,N_ABS_NKCC_S4_PLOW_KHIGH_AE4NA20_P2_H1:B00,True,468e11e34e1e13ba4d50cc8a5214dd6ed419dc3190b14e333ed08ff9e8bd683e,inherited_saved_rest,True,93415de7e572e556a05257793e5e18f6940240123765854211ed1ca3ad94a529
True,0.05,B00,5.0,True,True,1.1810381075919067e-24,1.465841337200402e-12,`xtol` termination condition is satisfied.,77,0.25,1.1428884710288284e-07,True,2.0,0.25,R06,N_ABS_NKCC_S4_PLOW_KHIGH_AE4NA20_P2_H1:B00,True,38757b466821b3aabb92be60941447be389bd78f7db1ada3fc707b511e972bd2,continuation_predecessor,True,703001ae35a1b4cfd4e03f9b9c169accd77216a8c9565457942e2d7072700542
True,0.05,B00,5.0,True,True,3.0317147300215295e-24,1.2456702336294256e-12,`xtol` termination condition is satisfied.,650,0.25,9.643888720264934e-08,True,2.0,0.25,R06,N_ABS_NKCC_S4_PLOW_KHIGH_AE4NA20_P2_H1:B00,True,03d413ecaf4b57816602a837df17d1ff4c9957a9b33c232b9401cc7820dd52c3,task24_baseline_anchor,True,ddaf8dd88614a9a4d79853c0e60679e71bb6affe066e5e1a5be7cb19a3ef4dbc
True,0.05,B00,5.0,True,True,1.1810775001402814e-24,1.465841337200402e-12,`xtol` termination condition is satisfied.,571,0.25,1.1428901274137352e-07,True,2.0,0.25,R06,N_ABS_NKCC_S4_PLOW_KHIGH_AE4NA20_P2_H1:B00,True,468e11e34e1e13ba4d50cc8a5214dd6ed419dc3190b14e333ed08ff9e8bd683e,inherited_saved_rest,True,3bab9e9f9262982a528456edaac14dedb5d37012f901dfda9a97a2f7bc7e0f4e
True,0.05,B00,10.0,True,True,1.4794504429567449e-22,1.711087868616623e-11,`xtol` termination condition is satisfied.,41,0.25,1.5762576027920044e-06,True,5.0,0.25,R06,N_ABS_NKCC_S4_PLOW_KHIGH_AE4NA20_P2_H1:B00,True,ddaf8dd88614a9a4d79853c0e60679e71bb6affe066e5e1a5be7cb19a3ef4dbc,continuation_predecessor,True,18589bade3ad73ab95beb37bba1981da29bf12ce46b19f4d1f4b3638e8f52acc
True,0.05,B00,10.0,True,True,1.4794508855998632e-22,1.711087868616623e-11,`xtol` termination condition is satisfied.,622,0.25,1.5762576699563499e-06,True,5.0,0.25,R06,N_ABS_NKCC_S4_PLOW_KHIGH_AE4NA20_P2_H1:B00,True,03d413ecaf4b57816602a837df17d1ff4c9957a9b33c232b9401cc7820dd52c3,task24_baseline_anchor,True,20144c2453fc566290584490ef5e220ba75671a63098080790fddb57f1c2b7e8
True,0.05,B00,10.0,True,True,1.4794507186051155e-22,1.711087868616623e-11,`xtol` termination condition is satisfied.,558,0.25,1.5762578843404576e-06,True,5.0,0.25,R06,N_ABS_NKCC_S4_PLOW_KHIGH_AE4NA20_P2_H1:B00,True,468e11e34e1e13ba4d50cc8a5214dd6ed419dc3190b14e333ed08ff9e8bd683e,inherited_saved_rest,True,028abd322088e0d79792b51cf9b4194ff0717632de97584fffc4a4c349ac652c
True,0.05,B00,1.0,True,True,4.2558240710029856e-26,2.2768245622195593e-13,`xtol` termination condition is satisfied.,2,1.0,1.6002180627351946e-08,True,,,R09,N_ABS_NKCC_S4_PNOM_KMID_AE4NA05_P1_H1:B00,True,dbac78ecb3cc72117863409b0a46a1aa3018547f5ef1bf149033cfcfb6feee47,continuation_predecessor,True,87db7b4092562bbcb04a37c0b701cf51913fae9521245048a5048933a91c087a
True,0.05,B00,1.0,True,True,4.3013126778328434e-26,2.2768245622195593e-13,`xtol` termination condition is satisfied.,107,1.0,1.6001706833433528e-08,True,,,R09,N_ABS_NKCC_S4_PNOM_KMID_AE4NA05_P1_H1:B00,True,3125ab28d4ea6604a792e6e042dc92e478b0fca4661af6508af06f687365b921,inherited_saved_rest,True,54c163720c69096c34a6e8e19c13beff9b0caa91488f1001b6665bd26e7e7f80
True,0.05,B00,1.0,True,True,2.2254054256406532e-23,6.628812082576374e-12,`xtol` termination condition is satisfied.,446,0.5,6.771196620563505e-07,True,1.0,1.0,R09,N_ABS_NKCC_S4_PNOM_KMID_AE4NA05_P1_H1:B00,True,87db7b4092562bbcb04a37c0b701cf51913fae9521245048a5048933a91c087a,continuation_predecessor,True,4bbe3de401b699fb0a1ce62dbd4e038546634d466b33667b89e3d7cac8a2c2c8
True,0.05,B00,1.0,True,True,2.2254054256406532e-23,6.628812082576374e-12,`xtol` termination condition is satisfied.,446,0.5,6.771196620563505e-07,True,1.0,1.0,R09,N_ABS_NKCC_S4_PNOM_KMID_AE4NA05_P1_H1:B00,True,dbac78ecb3cc72117863409b0a46a1aa3018547f5ef1bf149033cfcfb6feee47,task24_baseline_anchor,True,4bbe3de401b699fb0a1ce62dbd4e038546634d466b33667b89e3d7cac8a2c2c8
True,0.05,B00,1.0,True,True,2.564026261114035e-22,2.2644646574532246e-11,`xtol` termination condition is satisfied.,314,0.5,1.463898579128818e-06,True,1.0,1.0,R09,N_ABS_NKCC_S4_PNOM_KMID_AE4NA05_P1_H1:B00,True,3125ab28d4ea6604a792e6e042dc92e478b0fca4661af6508af06f687365b921,inherited_saved_rest,True,fc6003823021f4f052de7469bc0de70ec4c0e9230c36513fa5b89766389340a3
True,0.05,B00,1.0,True,True,9.120499795950346e-23,1.3461454173580023e-11,`xtol` termination condition is satisfied.,92,0.25,1.4037894049148347e-06,True,1.0,0.5,R09,N_ABS_NKCC_S4_PNOM_KMID_AE4NA05_P1_H1:B00,True,4bbe3de401b699fb0a1ce62dbd4e038546634d466b33667b89e3d7cac8a2c2c8,continuation_predecessor,True,221bb3bd77418df8fe5649601a5acac82ad93778162af0df15854df56eb95c36
True,0.05,B00,1.0,True,True,1.3817881134270066e-22,1.3357370765021415e-11,`xtol` termination condition is satisfied.,339,0.25,8.596538140382427e-07,True,1.0,0.5,R09,N_ABS_NKCC_S4_PNOM_KMID_AE4NA05_P1_H1:B00,True,dbac78ecb3cc72117863409b0a46a1aa3018547f5ef1bf149033cfcfb6feee47,task24_baseline_anchor,True,c4d4552a07451256d25d14bfe4358c171809b587ccb02e2ece88e0184d7667d4
True,0.05,B00,1.0,True,True,2.227523337056908e-22,2.0725608729232903e-11,`xtol` termination condition is satisfied.,329,0.25,1.342652096584906e-06,True,1.0,0.5,R09,N_ABS_NKCC_S4_PNOM_KMID_AE4NA05_P1_H1:B00,True,3125ab28d4ea6604a792e6e042dc92e478b0fca4661af6508af06f687365b921,inherited_saved_rest,True,6c782a44b86e318f443cd33a5942e7b0711d0b0e24fe3c4029837d8a0547359f
True,0.05,B00,2.0,True,True,5.971680866846122e-23,1.0915747472584059e-11,`xtol` termination condition is satisfied.,248,1.0,1.1167137173424604e-06,True,1.0,1.0,R09,N_ABS_NKCC_S4_PNOM_KMID_AE4NA05_P1_H1:B00,True,87db7b4092562bbcb04a37c0b701cf51913fae9521245048a5048933a91c087a,continuation_predecessor,True,49474a557e0e9901a18db80c6f6762e05f6579a3edd8f5af267aaf171502913e
True,0.05,B00,2.0,True,True,5.971680866846122e-23,1.0915747472584059e-11,`xtol` termination condition is satisfied.,248,1.0,1.1167137173424604e-06,True,1.0,1.0,R09,N_ABS_NKCC_S4_PNOM_KMID_AE4NA05_P1_H1:B00,True,dbac78ecb3cc72117863409b0a46a1aa3018547f5ef1bf149033cfcfb6feee47,task24_baseline_anchor,True,49474a557e0e9901a18db80c6f6762e05f6579a3edd8f5af267aaf171502913e
True,0.05,B00,2.0,True,True,2.185800785896675e-22,2.0816681711721685e-11,`xtol` termination condition is satisfied.,224,1.0,1.3742319127889303e-06,True,1.0,1.0,R09,N_ABS_NKCC_S4_PNOM_KMID_AE4NA05_P1_H1:B00,True,3125ab28d4ea6604a792e6e042dc92e478b0fca4661af6508af06f687365b921,inherited_saved_rest,True,c4339233901ed4776d7f4bb165bb960147b8dc482c951e9327d63f48c5780d9e
True,0.05,B00,5.0,True,True,4.4635300963993046e-24,2.6367796834847468e-12,`xtol` termination condition is satisfied.,153,1.0,1.6475266042991057e-07,True,2.0,1.0,R09,N_ABS_NKCC_S4_PNOM_KMID_AE4NA05_P1_H1:B00,True,49474a557e0e9901a18db80c6f6762e05f6579a3edd8f5af267aaf171502913e,continuation_predecessor,True,9c02ecedfe3fc3b7176fdd4076b77d1a53b7e382ecce989c7ed7f28401183aaa
True,0.05,B00,5.0,True,True,1.3677659382687252e-23,5.091413401991929e-12,`xtol` termination condition is satisfied.,300,1.0,3.378455118523693e-07,True,2.0,1.0,R09,N_ABS_NKCC_S4_PNOM_KMID_AE4NA05_P1_H1:B00,True,dbac78ecb3cc72117863409b0a46a1aa3018547f5ef1bf149033cfcfb6feee47,task24_baseline_anchor,True,9f53d623c4e04586cb4434b4ea5e754ae83b13a4f6de1e9f7db47e173f696f75
True,0.05,B00,5.0,True,True,4.4636580616829425e-24,2.6367796834847468e-12,`xtol` termination condition is satisfied.,281,1.0,1.647525322413807e-07,True,2.0,1.0,R09,N_ABS_NKCC_S4_PNOM_KMID_AE4NA05_P1_H1:B00,True,3125ab28d4ea6604a792e6e042dc92e478b0fca4661af6508af06f687365b921,inherited_saved_rest,True,bbf442c5ed62668635151ccd1f803e830d448ead59c4f12a6bb17b6bd9da9cdf
True,0.05,B00,10.0,True,True,5.518120484242991e-23,1.0412677664550785e-11,`xtol` termination condition is satisfied.,72,1.0,6.843534006822631e-07,True,5.0,1.0,R09,N_ABS_NKCC_S4_PNOM_KMID_AE4NA05_P1_H1:B00,True,9c02ecedfe3fc3b7176fdd4076b77d1a53b7e382ecce989c7ed7f28401183aaa,continuation_predecessor,True,cd687e72c6af94c66fc5011cfdc8d8b54e89f38251eac5fe0c121f2547bfb0a6
True,0.05,B00,10.0,True,True,5.518097347675113e-23,1.0412677664550785e-11,`xtol` termination condition is satisfied.,304,1.0,6.84353333998939e-07,True,5.0,1.0,R09,N_ABS_NKCC_S4_PNOM_KMID_AE4NA05_P1_H1:B00,True,dbac78ecb3cc72117863409b0a46a1aa3018547f5ef1bf149033cfcfb6feee47,task24_baseline_anchor,True,96fa0d12c621449257e982716d813b159d4cb12a978339872f951a2f5ac05d96
True,0.05,B00,10.0,True,True,5.518106558905269e-23,1.0412677664550785e-11,`xtol` termination condition is satisfied.,275,1.0,6.843535297262889e-07,True,5.0,1.0,R09,N_ABS_NKCC_S4_PNOM_KMID_AE4NA05_P1_H1:B00,True,3125ab28d4ea6604a792e6e042dc92e478b0fca4661af6508af06f687365b921,inherited_saved_rest,True,745bc1ad9386e12a29c9c69550ecff9dce0204d30773e7d378e8718889a0e663
True,0.05,B00,2.0,True,True,6.140875430171164e-23,1.102633609417758e-11,`xtol` termination condition is satisfied.,91,0.5,7.139458722624922e-07,True,1.0,0.5,R09,N_ABS_NKCC_S4_PNOM_KMID_AE4NA05_P1_H1:B00,True,4bbe3de401b699fb0a1ce62dbd4e038546634d466b33667b89e3d7cac8a2c2c8,continuation_predecessor,True,eea44dad81dd5554b2b7de894f097dd226f2e7783ec893efe61afaa544ecb60f
True,0.05,B00,2.0,True,True,4.563625443188971e-22,2.806999424564971e-11,`xtol` termination condition is satisfied.,364,0.5,2.923740373853163e-06,True,1.0,0.5,R09,N_ABS_NKCC_S4_PNOM_KMID_AE4NA05_P1_H1:B00,True,dbac78ecb3cc72117863409b0a46a1aa3018547f5ef1bf149033cfcfb6feee47,task24_baseline_anchor,True,3b33c4607233eacd450c608c1150037099a5cc7b02036718a9ba85d3101069d2
True,0.05,B00,2.0,True,True,6.140877857139354e-23,1.102633609417758e-11,`xtol` termination condition is satisfied.,289,0.5,7.139460388758423e-07,True,1.0,0.5,R09,N_ABS_NKCC_S4_PNOM_KMID_AE4NA05_P1_H1:B00,True,3125ab28d4ea6604a792e6e042dc92e478b0fca4661af6508af06f687365b921,inherited_saved_rest,True,c951723db8195bf0c30a4c09e6a3c30b809b3d7b5f1a8da72f912691c44cb5cf
True,0.05,B00,5.0,True,True,1.1342833692315247e-22,1.5061736580168628e-11,`xtol` termination condition is satisfied.,44,0.5,9.644383769742297e-07,True,2.0,0.5,R09,N_ABS_NKCC_S4_PNOM_KMID_AE4NA05_P1_H1:B00,True,eea44dad81dd5554b2b7de894f097dd226f2e7783ec893efe61afaa544ecb60f,continuation_predecessor,True,2870542587c46a850d8e990dfe983d9c79a95b630b0a469bc4e4b6302b2c5229
True,0.05,B00,5.0,True,True,1.4189121073057934e-22,1.6666355795447174e-11,`xtol` termination condition is satisfied.,297,0.5,1.7434049603132981e-06,True,2.0,0.5,R09,N_ABS_NKCC_S4_PNOM_KMID_AE4NA05_P1_H1:B00,True,dbac78ecb3cc72117863409b0a46a1aa3018547f5ef1bf149033cfcfb6feee47,task24_baseline_anchor,True,519eb1d404a6284e245de35a8d4631200be873deaba14352229e96d64b9df6f3
True,0.05,B00,5.0,True,True,1.5692035972089487e-22,1.751853870302078e-11,`xtol` termination condition is satisfied.,267,0.5,1.134796085571334e-06,True,2.0,0.5,R09,N_ABS_NKCC_S4_PNOM_KMID_AE4NA05_P1_H1:B00,True,3125ab28d4ea6604a792e6e042dc92e478b0fca4661af6508af06f687365b921,inherited_saved_rest,True,6ffa13bb78f5985f4cf7eb9f7225f95763fa24af029faa3dd071fd4228933dca
True,0.05,B00,10.0,True,True,7.209441825794016e-24,3.7968760080442365e-12,`xtol` termination condition is satisfied.,20,0.5,3.933073766045891e-07,True,5.0,0.5,R09,N_ABS_NKCC_S4_PNOM_KMID_AE4NA05_P1_H1:B00,True,2870542587c46a850d8e990dfe983d9c79a95b630b0a469bc4e4b6302b2c5229,continuation_predecessor,True,79faafee776f5c47078165a4e9d20a0660e0447628b47d4751435d83f24e76d2
True,0.05,B00,10.0,True,True,7.20912518310408e-24,3.7968760080442365e-12,`xtol` termination condition is satisfied.,290,0.5,3.9330736755820964e-07,True,5.0,0.5,R09,N_ABS_NKCC_S4_PNOM_KMID_AE4NA05_P1_H1:B00,True,dbac78ecb3cc72117863409b0a46a1aa3018547f5ef1bf149033cfcfb6feee47,task24_baseline_anchor,True,73851eb12c02dac164206dbb52050dd650f9f2a0b6d1568dbceb7897dd54e13f
True,0.05,B00,10.0,True,True,2.30596625442068e-23,6.2536781308963896e-12,`xtol` termination condition is satisfied.,269,0.5,6.684639312944665e-07,True,5.0,0.5,R09,N_ABS_NKCC_S4_PNOM_KMID_AE4NA05_P1_H1:B00,True,3125ab28d4ea6604a792e6e042dc92e478b0fca4661af6508af06f687365b921,inherited_saved_rest,True,75effc162afa4ab99ca91bb60d244ec4f87c9283dc1b065a844606d32cbee4ed
True,0.05,B00,2.0,True,True,1.6488194444678886e-23,5.7419347054832315e-12,`xtol` termination condition is satisfied.,41,0.25,5.956393315652826e-07,True,1.0,0.25,R09,N_ABS_NKCC_S4_PNOM_KMID_AE4NA05_P1_H1:B00,True,c4d4552a07451256d25d14bfe4358c171809b587ccb02e2ece88e0184d7667d4,continuation_predecessor,True,a89f559cdfaf0ae1367b3bd7d90b1527db0ab5970d18ff251c14657130ad6cff
True,0.05,B00,2.0,True,True,8.999482220278293e-24,3.2851325826310784e-12,`xtol` termination condition is satisfied.,381,0.25,3.195770836492286e-07,True,1.0,0.25,R09,N_ABS_NKCC_S4_PNOM_KMID_AE4NA05_P1_H1:B00,True,dbac78ecb3cc72117863409b0a46a1aa3018547f5ef1bf149033cfcfb6feee47,task24_baseline_anchor,True,6f0c9c3f9a84d602c10587870b60fa7663c5f20050a6420217501561b83e6e1c
True,0.05,B00,2.0,True,True,1.6488182500264497e-23,5.7419347054832315e-12,`xtol` termination condition is satisfied.,290,0.25,5.956394495158688e-07,True,1.0,0.25,R09,N_ABS_NKCC_S4_PNOM_KMID_AE4NA05_P1_H1:B00,True,3125ab28d4ea6604a792e6e042dc92e478b0fca4661af6508af06f687365b921,inherited_saved_rest,True,9813187bd780f93265e806d913edce8c589cbc61ad957b0086f50b05dd946191
True,0.05,B00,5.0,True,True,9.268080810424211e-23,1.3142698734869285e-11,`xtol` termination condition is satisfied.,37,0.25,8.517461229357188e-07,True,2.0,0.25,R09,N_ABS_NKCC_S4_PNOM_KMID_AE4NA05_P1_H1:B00,True,6f0c9c3f9a84d602c10587870b60fa7663c5f20050a6420217501561b83e6e1c,continuation_predecessor,True,15071f9c5307f60ba8edc11e8590eb734f1caa7361ed5230cbea24199954a95f
True,0.05,B00,5.0,True,True,5.754537301155903e-23,1.0685896612017132e-11,`xtol` termination condition is satisfied.,298,0.25,6.82996488123127e-07,True,2.0,0.25,R09,N_ABS_NKCC_S4_PNOM_KMID_AE4NA05_P1_H1:B00,True,dbac78ecb3cc72117863409b0a46a1aa3018547f5ef1bf149033cfcfb6feee47,task24_baseline_anchor,True,75e5b22595ec19502bfe33ca7f3d675c85eaaabbf3e9c77a88ecf6572af51b57
True,0.05,B00,5.0,True,True,7.749802068163912e-23,6.511458039426543e-12,`xtol` termination condition is satisfied.,282,0.25,3.748358930755736e-07,True,2.0,0.25,R09,N_ABS_NKCC_S4_PNOM_KMID_AE4NA05_P1_H1:B00,True,3125ab28d4ea6604a792e6e042dc92e478b0fca4661af6508af06f687365b921,inherited_saved_rest,True,66902e37b43dce652dc2e65b4eb1573ec31f764c29fb47c9e69b86f36d69f880
True,0.05,B00,10.0,True,True,4.682710282316751e-23,9.664578165535787e-12,`xtol` termination condition is satisfied.,22,0.25,1.0052109421634916e-06,True,5.0,0.25,R09,N_ABS_NKCC_S4_PNOM_KMID_AE4NA05_P1_H1:B00,True,66902e37b43dce652dc2e65b4eb1573ec31f764c29fb47c9e69b86f36d69f880,continuation_predecessor,True,ab3e87a03e118533e77611da67bf75bcc575f784efa444eab29044ae49295e44
True,0.05,B00,10.0,True,True,4.6728702137342435e-23,9.664578165535787e-12,`xtol` termination condition is satisfied.,350,0.25,1.0072192712333866e-06,True,5.0,0.25,R09,N_ABS_NKCC_S4_PNOM_KMID_AE4NA05_P1_H1:B00,True,dbac78ecb3cc72117863409b0a46a1aa3018547f5ef1bf149033cfcfb6feee47,task24_baseline_anchor,True,7a6373abf6d8d5987e00a2fc1604c8778f295bad412db2309cc256262b5fc32d
True,0.05,B00,10.0,True,True,1.9233650401192848e-22,1.9608880491572833e-11,`xtol` termination condition is satisfied.,294,0.25,1.2418770883015971e-06,True,5.0,0.25,R09,N_ABS_NKCC_S4_PNOM_KMID_AE4NA05_P1_H1:B00,True,3125ab28d4ea6604a792e6e042dc92e478b0fca4661af6508af06f687365b921,inherited_saved_rest,True,52a199c47976371873693dc06df6ea375713aa3210410a51e837adb631005fd0
True,0.05,B00,1.0,True,True,1.7977466339128075e-25,5.572799166575493e-13,`xtol` termination condition is satisfied.,2,1.0,4.215713424614093e-08,True,,,R08,N_ABS_NKCC_S4_PLOW_KLOW_AE4NA20_P2_H1:B00,True,314781b04478e7dc0851b05be1ae50e1bbabb67218f2f2daee18be9cb3fd216a,continuation_predecessor,True,33590ee7d2a7a0745318b876cb322f66fd3c726143a6c69c103d1218d3da66a6
True,0.05,B00,1.0,True,True,1.7982730499290733e-25,5.572799166575493e-13,`xtol` termination condition is satisfied.,167,1.0,4.215707664713815e-08,True,,,R08,N_ABS_NKCC_S4_PLOW_KLOW_AE4NA20_P2_H1:B00,True,4625902a8bb4b5fb599d9ed1844ca4701a11f3ed80c885bef996bc4b7247c863,inherited_saved_rest,True,7f3b00f92586d34db437bed0fc9451b36c5c460d44e5afd189228d1f5f9fc342
True,0.05,B00,1.0,True,True,2.8525399257107853e-22,2.381558492081659e-11,`xtol` termination condition is satisfied.,566,0.5,1.834025224624319e-06,True,1.0,1.0,R08,N_ABS_NKCC_S4_PLOW_KLOW_AE4NA20_P2_H1:B00,True,33590ee7d2a7a0745318b876cb322f66fd3c726143a6c69c103d1218d3da66a6,continuation_predecessor,True,501e606b5ef0dcfe171ba5fbfecf06f61cd32f416a598b782d1c4303789c4f95
True,0.05,B00,1.0,True,True,2.852538918896888e-22,2.381558492081659e-11,`xtol` termination condition is satisfied.,564,0.5,1.8340250485385534e-06,True,1.0,1.0,R08,N_ABS_NKCC_S4_PLOW_KLOW_AE4NA20_P2_H1:B00,True,314781b04478e7dc0851b05be1ae50e1bbabb67218f2f2daee18be9cb3fd216a,task24_baseline_anchor,True,62b07c69bfb905a5a6b40f861380a5a7abc6d3ca8818da8911d1ccdd16b56c6b
True,0.05,B00,1.0,True,True,3.150299884292822e-23,7.912507454799211e-12,`xtol` termination condition is satisfied.,482,0.5,7.2371949403924e-07,True,1.0,1.0,R08,N_ABS_NKCC_S4_PLOW_KLOW_AE4NA20_P2_H1:B00,True,4625902a8bb4b5fb599d9ed1844ca4701a11f3ed80c885bef996bc4b7247c863,inherited_saved_rest,True,56bc627b1397dc46bfda6f0bfd290ee42aa8dc8442432c25b75e1c906050a155
True,0.05,B00,1.0,True,True,1.0634401455815817e-22,1.4016565685892601e-11,`xtol` termination condition is satisfied.,309,0.25,1.0806026309025656e-06,True,1.0,0.5,R08,N_ABS_NKCC_S4_PLOW_KLOW_AE4NA20_P2_H1:B00,True,56bc627b1397dc46bfda6f0bfd290ee42aa8dc8442432c25b75e1c906050a155,continuation_predecessor,True,67ed49478a7e92e17387901cdacdb6d3b9de229293f548b506b262b110791900
True,0.05,B00,1.0,True,True,9.989488465533638e-23,1.4016565685892601e-11,`xtol` termination condition is satisfied.,701,0.25,1.0727815826050215e-06,True,1.0,0.5,R08,N_ABS_NKCC_S4_PLOW_KLOW_AE4NA20_P2_H1:B00,True,314781b04478e7dc0851b05be1ae50e1bbabb67218f2f2daee18be9cb3fd216a,task24_baseline_anchor,True,5f3ba96fe3eb14022bb5f6b232abe8c9e51452124bb13d27e1f8864b099b9e01
True,0.05,B00,1.0,True,True,1.001332821540644e-22,1.4016565685892601e-11,`xtol` termination condition is satisfied.,616,0.25,1.0734430990424318e-06,True,1.0,0.5,R08,N_ABS_NKCC_S4_PLOW_KLOW_AE4NA20_P2_H1:B00,True,4625902a8bb4b5fb599d9ed1844ca4701a11f3ed80c885bef996bc4b7247c863,inherited_saved_rest,True,c75bf605106e806bf5587ef7de21d06af138aada8f0556cae6fe7f55b0f9a65f
True,0.05,B00,2.0,True,True,1.6053138093410482e-23,5.570630762230522e-12,`xtol` termination condition is satisfied.,300,1.0,4.25643626189548e-07,True,1.0,1.0,R08,N_ABS_NKCC_S4_PLOW_KLOW_AE4NA20_P2_H1:B00,True,33590ee7d2a7a0745318b876cb322f66fd3c726143a6c69c103d1218d3da66a6,continuation_predecessor,True,edfdbb66af327313ecdbfa5ffedbf783f5f5f62cdc0c174d130f52474c066db0
True,0.05,B00,2.0,True,True,1.605315139900266e-23,5.570630762230522e-12,`xtol` termination condition is satisfied.,302,1.0,4.256435075780317e-07,True,1.0,1.0,R08,N_ABS_NKCC_S4_PLOW_KLOW_AE4NA20_P2_H1:B00,True,314781b04478e7dc0851b05be1ae50e1bbabb67218f2f2daee18be9cb3fd216a,task24_baseline_anchor,True,b31cd956c41cfebc29061aaea80922487f402fa6b38d7f3db776ff30afc92320
True,0.05,B00,2.0,True,True,1.602518306187924e-23,5.570630762230522e-12,`xtol` termination condition is satisfied.,231,1.0,4.258127427587169e-07,True,1.0,1.0,R08,N_ABS_NKCC_S4_PLOW_KLOW_AE4NA20_P2_H1:B00,True,4625902a8bb4b5fb599d9ed1844ca4701a11f3ed80c885bef996bc4b7247c863,inherited_saved_rest,True,bd837e679ced03ad2203493cfb14956298635cd66a024a0dc1b4a7a5250bde4b
True,0.05,B00,5.0,True,True,9.867742625127792e-23,1.4005723664167746e-11,`xtol` termination condition is satisfied.,183,1.0,1.087976474288732e-06,True,2.0,1.0,R08,N_ABS_NKCC_S4_PLOW_KLOW_AE4NA20_P2_H1:B00,True,edfdbb66af327313ecdbfa5ffedbf783f5f5f62cdc0c174d130f52474c066db0,continuation_predecessor,True,bf10d50a18ea45c90c6f9d104199dbcd3867cb461f79f17b07462e0dcea4aea5
True,0.05,B00,5.0,True,True,1.1732112441962292e-22,1.5267734992940873e-11,`xtol` termination condition is satisfied.,384,1.0,1.3691808131296565e-06,True,2.0,1.0,R08,N_ABS_NKCC_S4_PLOW_KLOW_AE4NA20_P2_H1:B00,True,314781b04478e7dc0851b05be1ae50e1bbabb67218f2f2daee18be9cb3fd216a,task24_baseline_anchor,True,274529989809f7d1ac5eac4c5f19d18adc0c60d45f74f8182a040ac61d69e599
True,0.05,B00,5.0,True,True,9.864703550422166e-23,1.4005723664167746e-11,`xtol` termination condition is satisfied.,337,1.0,1.0878082053131775e-06,True,2.0,1.0,R08,N_ABS_NKCC_S4_PLOW_KLOW_AE4NA20_P2_H1:B00,True,4625902a8bb4b5fb599d9ed1844ca4701a11f3ed80c885bef996bc4b7247c863,inherited_saved_rest,True,23d705fe6104b17b5fa728b4ccba04685d199e8564eedd8c0f6ff0104c307dcf
True,0.05,B00,10.0,True,True,6.085662446778801e-23,1.102633609417758e-11,`xtol` termination condition is satisfied.,86,1.0,8.48096435181767e-07,True,5.0,1.0,R08,N_ABS_NKCC_S4_PLOW_KLOW_AE4NA20_P2_H1:B00,True,23d705fe6104b17b5fa728b4ccba04685d199e8564eedd8c0f6ff0104c307dcf,continuation_predecessor,True,750741bc9400e27bea1c72e248f3e815075aa61cff3ff21b658df1d4b4af048a
True,0.05,B00,10.0,True,True,6.085769153413319e-23,1.102633609417758e-11,`xtol` termination condition is satisfied.,379,1.0,8.480962866407231e-07,True,5.0,1.0,R08,N_ABS_NKCC_S4_PLOW_KLOW_AE4NA20_P2_H1:B00,True,314781b04478e7dc0851b05be1ae50e1bbabb67218f2f2daee18be9cb3fd216a,task24_baseline_anchor,True,b9bb850711ae3c4e33944731fb98843fda53e91441049f9ec48df7fd8837b743
True,0.05,B00,10.0,True,True,1.6650181001459617e-22,1.824712256293104e-11,`xtol` termination condition is satisfied.,341,1.0,1.6501009681668403e-06,True,5.0,1.0,R08,N_ABS_NKCC_S4_PLOW_KLOW_AE4NA20_P2_H1:B00,True,4625902a8bb4b5fb599d9ed1844ca4701a11f3ed80c885bef996bc4b7247c863,inherited_saved_rest,True,78f319d7a1f974a18be4cc0ad1cdc79e59ce64506745906df11b02e85126e521
True,0.05,B00,2.0,True,True,8.40302674110985e-24,4.08310538158041e-12,`xtol` termination condition is satisfied.,185,0.5,3.7508926329610687e-07,True,1.0,0.5,R08,N_ABS_NKCC_S4_PLOW_KLOW_AE4NA20_P2_H1:B00,True,56bc627b1397dc46bfda6f0bfd290ee42aa8dc8442432c25b75e1c906050a155,continuation_predecessor,True,5d33b9afa48c75e26804871b473f4e845ca2aa9c8f242b89e55330e5698ba6a1
True,0.05,B00,2.0,True,True,8.403042223134522e-24,4.08310538158041e-12,`xtol` termination condition is satisfied.,557,0.5,3.7508932325372685e-07,True,1.0,0.5,R08,N_ABS_NKCC_S4_PLOW_KLOW_AE4NA20_P2_H1:B00,True,314781b04478e7dc0851b05be1ae50e1bbabb67218f2f2daee18be9cb3fd216a,task24_baseline_anchor,True,101f57367e384f976622c78fba60e0196fc794c31cb99b904b4890d70433669b
True,0.05,B00,2.0,True,True,8.384467402773441e-24,4.08310538158041e-12,`xtol` termination condition is satisfied.,510,0.5,3.7449207265083377e-07,True,1.0,0.5,R08,N_ABS_NKCC_S4_PLOW_KLOW_AE4NA20_P2_H1:B00,True,4625902a8bb4b5fb599d9ed1844ca4701a11f3ed80c885bef996bc4b7247c863,inherited_saved_rest,True,e5f23a6243d8170d404cb33b1459458b6ad8170bd8f004567b43e97dead3e5b7
True,0.05,B00,5.0,True,True,4.0933762107266305e-23,8.981530796869919e-12,`xtol` termination condition is satisfied.,123,0.5,8.13414682072596e-07,True,2.0,0.5,R08,N_ABS_NKCC_S4_PLOW_KLOW_AE4NA20_P2_H1:B00,True,5d33b9afa48c75e26804871b473f4e845ca2aa9c8f242b89e55330e5698ba6a1,continuation_predecessor,True,2487f22f95e68306685484faa8689da57ea30df0a54b2742f756fd86cfb5d1bc
True,0.05,B00,5.0,True,True,4.0933686719501044e-23,8.981530796869919e-12,`xtol` termination condition is satisfied.,584,0.5,8.134149888192329e-07,True,2.0,0.5,R08,N_ABS_NKCC_S4_PLOW_KLOW_AE4NA20_P2_H1:B00,True,314781b04478e7dc0851b05be1ae50e1bbabb67218f2f2daee18be9cb3fd216a,task24_baseline_anchor,True,13810fc167dc343a699d8f6cf02129d3078dfa9440e9c1bf4a0c6692c579ac31
True,0.05,B00,5.0,True,True,6.655667339432511e-23,1.1438332919722072e-11,`xtol` termination condition is satisfied.,539,0.5,1.056462360185511e-06,True,2.0,0.5,R08,N_ABS_NKCC_S4_PLOW_KLOW_AE4NA20_P2_H1:B00,True,4625902a8bb4b5fb599d9ed1844ca4701a11f3ed80c885bef996bc4b7247c863,inherited_saved_rest,True,46bebd5be47506780dc5c10ceb3aab0a4499354b1f8ef9c562e7b96da59dab81
True,0.05,B00,10.0,True,True,6.304767578991434e-24,3.432584078089107e-12,`xtol` termination condition is satisfied.,59,0.5,3.07628679120809e-07,True,5.0,0.5,R08,N_ABS_NKCC_S4_PLOW_KLOW_AE4NA20_P2_H1:B00,True,2487f22f95e68306685484faa8689da57ea30df0a54b2742f756fd86cfb5d1bc,continuation_predecessor,True,e9c5c6107a3b193fb8158c5aafae8bae99b19466d312083817abd3054cdc9525
True,0.05,B00,10.0,True,True,1.8783953766719532e-23,5.88938620094126e-12,`xtol` termination condition is satisfied.,551,0.5,5.508688724321575e-07,True,5.0,0.5,R08,N_ABS_NKCC_S4_PLOW_KLOW_AE4NA20_P2_H1:B00,True,314781b04478e7dc0851b05be1ae50e1bbabb67218f2f2daee18be9cb3fd216a,task24_baseline_anchor,True,81d7c2f57fb6d57ce456f466dc201b9cec9a7e75936a34280c0040b03c0a7993
True,0.05,B00,10.0,True,True,7.432180753745608e-24,3.432584078089107e-12,`xtol` termination condition is satisfied.,525,0.5,3.036980795788133e-07,True,5.0,0.5,R08,N_ABS_NKCC_S4_PLOW_KLOW_AE4NA20_P2_H1:B00,True,4625902a8bb4b5fb599d9ed1844ca4701a11f3ed80c885bef996bc4b7247c863,inherited_saved_rest,True,ab3e4c238e208365a1b98d4bcdfd30ceb77779aa2daa7a22be1e1888cc19b6e0
True,0.05,B00,2.0,True,True,3.479691041941053e-22,2.6250703000219033e-11,`xtol` termination condition is satisfied.,112,0.25,2.4308405292478444e-06,True,1.0,0.25,R08,N_ABS_NKCC_S4_PLOW_KLOW_AE4NA20_P2_H1:B00,True,5f3ba96fe3eb14022bb5f6b232abe8c9e51452124bb13d27e1f8864b099b9e01,continuation_predecessor,True,aa8538ebddcf648593cabe6f9fc5a2884f570497960e30c5c85e066d64c2f79c
True,0.05,B00,2.0,True,True,3.4484541372439674e-23,7.936359902593892e-12,`xtol` termination condition is satisfied.,638,0.25,6.140359502365437e-07,True,1.0,0.25,R08,N_ABS_NKCC_S4_PLOW_KLOW_AE4NA20_P2_H1:B00,True,314781b04478e7dc0851b05be1ae50e1bbabb67218f2f2daee18be9cb3fd216a,task24_baseline_anchor,True,8925d2e931a4971bc5b70428265747f3842983763c870b0b2e6d575468473851
True,0.05,B00,2.0,True,True,3.448449390614941e-23,7.936359902593892e-12,`xtol` termination condition is satisfied.,561,0.25,6.140358500618223e-07,True,1.0,0.25,R08,N_ABS_NKCC_S4_PLOW_KLOW_AE4NA20_P2_H1:B00,True,4625902a8bb4b5fb599d9ed1844ca4701a11f3ed80c885bef996bc4b7247c863,inherited_saved_rest,True,e690139ef2b290f6db800e973916ef11cdc9d9ebd64421fb3c65c3f481d0ec12
True,0.05,B00,5.0,True,True,4.641138460450569e-23,9.60603124822157e-12,`xtol` termination condition is satisfied.,85,0.25,7.289834027225982e-07,True,2.0,0.25,R08,N_ABS_NKCC_S4_PLOW_KLOW_AE4NA20_P2_H1:B00,True,e690139ef2b290f6db800e973916ef11cdc9d9ebd64421fb3c65c3f481d0ec12,continuation_predecessor,True,e2418c3cd4384bff8e14a56cd271253a14c9bd6581a0466dcd9d344f0cd067f4
True,0.05,B00,5.0,True,True,4.6411383384269674e-23,9.60603124822157e-12,`xtol` termination condition is satisfied.,613,0.25,7.28983262844754e-07,True,2.0,0.25,R08,N_ABS_NKCC_S4_PLOW_KLOW_AE4NA20_P2_H1:B00,True,314781b04478e7dc0851b05be1ae50e1bbabb67218f2f2daee18be9cb3fd216a,task24_baseline_anchor,True,89574859e85bb5e0f46c5437dbd666102038b20a06c8072a371a157731641f02
True,0.05,B00,5.0,True,True,4.641148308893644e-23,9.60603124822157e-12,`xtol` termination condition is satisfied.,641,0.25,7.289835811570151e-07,True,2.0,0.25,R08,N_ABS_NKCC_S4_PLOW_KLOW_AE4NA20_P2_H1:B00,True,4625902a8bb4b5fb599d9ed1844ca4701a11f3ed80c885bef996bc4b7247c863,inherited_saved_rest,True,2a76a216fcce79e11409cc5561835b4be91e143215ac0eaf6b289e15dfc4e70b
True,0.05,B00,10.0,True,True,8.999401698135674e-23,1.3415917682335632e-11,`xtol` termination condition is satisfied.,41,0.25,1.0114775653782131e-06,True,5.0,0.25,R08,N_ABS_NKCC_S4_PLOW_KLOW_AE4NA20_P2_H1:B00,True,e2418c3cd4384bff8e14a56cd271253a14c9bd6581a0466dcd9d344f0cd067f4,continuation_predecessor,True,e640a09518b88a5d48183e8aef0ef9d0678797cb30314f2d923262c58c4693c7
True,0.05,B00,10.0,True,True,1.25775841899346e-22,1.585970937911796e-11,`xtol` termination condition is satisfied.,631,0.25,1.4590927194892353e-06,True,5.0,0.25,R08,N_ABS_NKCC_S4_PLOW_KLOW_AE4NA20_P2_H1:B00,True,314781b04478e7dc0851b05be1ae50e1bbabb67218f2f2daee18be9cb3fd216a,task24_baseline_anchor,True,1b40485abb8f7dc07cd2ddef7e2d3e854d48d1dfec6514b5e8cd054cf9e44816
True,0.05,B00,10.0,True,True,1.2931716641757113e-22,1.5870551400842814e-11,`xtol` termination condition is satisfied.,594,0.25,1.211726896629244e-06,True,5.0,0.25,R08,N_ABS_NKCC_S4_PLOW_KLOW_AE4NA20_P2_H1:B00,True,4625902a8bb4b5fb599d9ed1844ca4701a11f3ed80c885bef996bc4b7247c863,inherited_saved_rest,True,a726642fcb3da55b8af7af69c38186242466e096a1f3065f957f0fad3cc39f20
True,0.05,B00,1.0,True,True,5.6416621099565775e-24,3.3436794999452957e-12,`xtol` termination condition is satisfied.,2,1.0,2.971629727617527e-07,True,,,R10,N_ABS_NKCC_S4_PNOM_KMID_AE4NA20_P2_H1:B00,True,44023543c875c674da6bd374bceedeaf42e0a6abc2dc64e474bb49b238a3b4cb,continuation_predecessor,True,0a64911d91f2273da0ab86158377866bcebb914b2132709e4f21b68ab66ce484
True,0.05,B00,1.0,True,True,5.627523475399831e-24,3.3436794999452957e-12,`xtol` termination condition is satisfied.,166,1.0,2.975379578726668e-07,True,,,R10,N_ABS_NKCC_S4_PNOM_KMID_AE4NA20_P2_H1:B00,True,3753b6858a6228267854d3cf608df86b23e9e4a0f71bad1f0894e8ddb14c156c,inherited_saved_rest,True,44023543c875c674da6bd374bceedeaf42e0a6abc2dc64e474bb49b238a3b4cb
True,0.05,B00,1.0,True,True,5.0229492328768304e-23,8.46761896711179e-12,`xtol` termination condition is satisfied.,501,0.5,6.459072777974846e-07,True,1.0,1.0,R10,N_ABS_NKCC_S4_PNOM_KMID_AE4NA20_P2_H1:B00,True,0a64911d91f2273da0ab86158377866bcebb914b2132709e4f21b68ab66ce484,continuation_predecessor,True,02b7621add3c32431f0d2e4e3fa0689e3fe0bccc01a7a214dfdb0001719b4b27
True,0.05,B00,1.0,True,True,9.1262749170032e-23,1.3379054808471125e-11,`xtol` termination condition is satisfied.,510,0.5,1.0337235958952815e-06,True,1.0,1.0,R10,N_ABS_NKCC_S4_PNOM_KMID_AE4NA20_P2_H1:B00,True,44023543c875c674da6bd374bceedeaf42e0a6abc2dc64e474bb49b238a3b4cb,task24_baseline_anchor,True,cae340f8d78f92d2e284a6d276ac22de15a296f05be7d6da4695d44deadc052b
True,0.05,B00,1.0,True,True,9.301943486222623e-23,1.3379054808471125e-11,`xtol` termination condition is satisfied.,497,0.5,1.0371742889209841e-06,True,1.0,1.0,R10,N_ABS_NKCC_S4_PNOM_KMID_AE4NA20_P2_H1:B00,True,3753b6858a6228267854d3cf608df86b23e9e4a0f71bad1f0894e8ddb14c156c,inherited_saved_rest,True,f7750245fed8290ef4b46e2a5e4ea3bcd0cae1d10cbd406f4f6a8d181bc13e0a
True,0.05,B00,1.0,True,True,4.944204117096812e-22,3.129874831531154e-11,`xtol` termination condition is satisfied.,283,0.25,2.895010787484959e-06,True,1.0,0.5,R10,N_ABS_NKCC_S4_PNOM_KMID_AE4NA20_P2_H1:B00,True,02b7621add3c32431f0d2e4e3fa0689e3fe0bccc01a7a214dfdb0001719b4b27,continuation_predecessor,True,b8b06c176460a5ce900ad9fedfbc71ee67d797668dc90c11890cc1e66a6dd3cb
True,0.05,B00,1.0,True,True,6.213410728233361e-24,2.888314587501384e-12,`xtol` termination condition is satisfied.,601,0.25,2.3034407345700235e-07,True,1.0,0.5,R10,N_ABS_NKCC_S4_PNOM_KMID_AE4NA20_P2_H1:B00,True,44023543c875c674da6bd374bceedeaf42e0a6abc2dc64e474bb49b238a3b4cb,task24_baseline_anchor,True,92c7f933b9fcdae1ee228415def66821d08e910b135b9f2a4c326304dcb82548
True,0.05,B00,1.0,True,True,4.944204612476956e-22,3.129874831531154e-11,`xtol` termination condition is satisfied.,610,0.25,2.8950111303236743e-06,True,1.0,0.5,R10,N_ABS_NKCC_S4_PNOM_KMID_AE4NA20_P2_H1:B00,True,3753b6858a6228267854d3cf608df86b23e9e4a0f71bad1f0894e8ddb14c156c,inherited_saved_rest,True,2e814bf8707dbf127801c0f15d9b7f2a763cab10dd13458f57a012809631622c
True,0.05,B00,2.0,True,True,1.3192340022467655e-22,1.6224001309073088e-11,`xtol` termination condition is satisfied.,308,1.0,1.465521770891528e-06,True,1.0,1.0,R10,N_ABS_NKCC_S4_PNOM_KMID_AE4NA20_P2_H1:B00,True,0a64911d91f2273da0ab86158377866bcebb914b2132709e4f21b68ab66ce484,continuation_predecessor,True,0e3d7748ff6e7724364c98346fd08efe0cb1f89e3801ac5ecdba602d1ee2ab53
True,0.05,B00,2.0,True,True,1.214105323303517e-22,1.5506259470887684e-11,`xtol` termination condition is satisfied.,313,1.0,1.2094723962140379e-06,True,1.0,1.0,R10,N_ABS_NKCC_S4_PNOM_KMID_AE4NA20_P2_H1:B00,True,44023543c875c674da6bd374bceedeaf42e0a6abc2dc64e474bb49b238a3b4cb,task24_baseline_anchor,True,44c1597482e141b61d95e80767eb3886dd977c036f4fb1570e07d09ab38dfe6f
True,0.05,B00,2.0,True,True,1.214105806919643e-22,1.5506259470887684e-11,`xtol` termination condition is satisfied.,242,1.0,1.209472664823559e-06,True,1.0,1.0,R10,N_ABS_NKCC_S4_PNOM_KMID_AE4NA20_P2_H1:B00,True,3753b6858a6228267854d3cf608df86b23e9e4a0f71bad1f0894e8ddb14c156c,inherited_saved_rest,True,5a0e8a2085f0e40a624a3f76c9c9bed0f96756cce4d57ad051d8957ed254ed70
True,0.05,B00,5.0,True,True,6.293772982685275e-24,3.443426099813962e-12,`xtol` termination condition is satisfied.,180,1.0,2.603695493008492e-07,True,2.0,1.0,R10,N_ABS_NKCC_S4_PNOM_KMID_AE4NA20_P2_H1:B00,True,5a0e8a2085f0e40a624a3f76c9c9bed0f96756cce4d57ad051d8957ed254ed70,continuation_predecessor,True,c687f7e455df633993eeb568f3ff59bd50fa9b5af675d515c434ca3d360926d1
True,0.05,B00,5.0,True,True,6.270342288744403e-24,3.443426099813962e-12,`xtol` termination condition is satisfied.,365,1.0,2.605374316949528e-07,True,2.0,1.0,R10,N_ABS_NKCC_S4_PNOM_KMID_AE4NA20_P2_H1:B00,True,44023543c875c674da6bd374bceedeaf42e0a6abc2dc64e474bb49b238a3b4cb,task24_baseline_anchor,True,80b3bf1589bdf00991928a0da6f4067aa3c636c086c8fc114d02580bfe9eb39c
True,0.05,B00,5.0,True,True,6.2501496193710985e-24,3.443426099813962e-12,`xtol` termination condition is satisfied.,307,1.0,2.6069296089129686e-07,True,2.0,1.0,R10,N_ABS_NKCC_S4_PNOM_KMID_AE4NA20_P2_H1:B00,True,3753b6858a6228267854d3cf608df86b23e9e4a0f71bad1f0894e8ddb14c156c,inherited_saved_rest,True,b5c9b5658d62a5de4fef8860925c4fa73d13929b1d7d1085ea3c30d359625e29
True,0.05,B00,10.0,True,True,8.685138253632109e-23,1.313185671314443e-11,`xtol` termination condition is satisfied.,88,1.0,1.1958768645225691e-06,True,5.0,1.0,R10,N_ABS_NKCC_S4_PNOM_KMID_AE4NA20_P2_H1:B00,True,c687f7e455df633993eeb568f3ff59bd50fa9b5af675d515c434ca3d360926d1,continuation_predecessor,True,10f56a137d87859bc17a572bd3e83a8018f2f5ac24ce7c778257fe6c160d2051
True,0.05,B00,10.0,True,True,8.685127787662355e-23,1.313185671314443e-11,`xtol` termination condition is satisfied.,390,1.0,1.1958765971505825e-06,True,5.0,1.0,R10,N_ABS_NKCC_S4_PNOM_KMID_AE4NA20_P2_H1:B00,True,44023543c875c674da6bd374bceedeaf42e0a6abc2dc64e474bb49b238a3b4cb,task24_baseline_anchor,True,39b894c0b1b346034d3a27d741b0dc32d4f3dc15c8eb4839a92cc5afb6f0828e
True,0.05,B00,10.0,True,True,8.685141088010419e-23,1.313185671314443e-11,`xtol` termination condition is satisfied.,345,1.0,1.1958770266886593e-06,True,5.0,1.0,R10,N_ABS_NKCC_S4_PNOM_KMID_AE4NA20_P2_H1:B00,True,3753b6858a6228267854d3cf608df86b23e9e4a0f71bad1f0894e8ddb14c156c,inherited_saved_rest,True,ae48a08a19e8afa68b0eaa4e21cb2a8177773bf77c9f5b4e6fd032bde7fc2325
True,0.05,B00,2.0,True,True,6.897584553638813e-23,1.139062802413271e-11,`xtol` termination condition is satisfied.,166,0.5,8.837965413970543e-07,True,1.0,0.5,R10,N_ABS_NKCC_S4_PNOM_KMID_AE4NA20_P2_H1:B00,True,02b7621add3c32431f0d2e4e3fa0689e3fe0bccc01a7a214dfdb0001719b4b27,continuation_predecessor,True,fd7ed345efe0d4aa9503b4f87bbb46ef07b310939e4d74665e77834f4c89e70e
True,0.05,B00,2.0,True,True,2.621970935546387e-22,2.2794266474335245e-11,`xtol` termination condition is satisfied.,581,0.5,2.0978035799927904e-06,True,1.0,0.5,R10,N_ABS_NKCC_S4_PNOM_KMID_AE4NA20_P2_H1:B00,True,44023543c875c674da6bd374bceedeaf42e0a6abc2dc64e474bb49b238a3b4cb,task24_baseline_anchor,True,0ca70624396bb282b5b859e14138f611000ba1b1b6c88ea31baed2cc4b45b396
True,0.05,B00,2.0,True,True,3.994055465924792e-23,8.933825901280557e-12,`xtol` termination condition is satisfied.,561,0.5,6.814732564685742e-07,True,1.0,0.5,R10,N_ABS_NKCC_S4_PNOM_KMID_AE4NA20_P2_H1:B00,True,3753b6858a6228267854d3cf608df86b23e9e4a0f71bad1f0894e8ddb14c156c,inherited_saved_rest,True,5f3f84a618897a7110e1baa3ceaf40f723011527f3dc3a822ac6fc0afc3d65c0
True,0.05,B00,5.0,True,True,2.5468059203786906e-22,2.239528007486058e-11,`xtol` termination condition is satisfied.,120,0.5,1.7164584247733258e-06,True,2.0,0.5,R10,N_ABS_NKCC_S4_PNOM_KMID_AE4NA20_P2_H1:B00,True,5f3f84a618897a7110e1baa3ceaf40f723011527f3dc3a822ac6fc0afc3d65c0,continuation_predecessor,True,780c3ee865d92b9b4e14587a378d5cb4dd80844402c3252f7feb34cb281fdc74
True,0.05,B00,5.0,True,True,4.3608992662039976e-23,9.332812300755222e-12,`xtol` termination condition is satisfied.,581,0.5,8.52002190614713e-07,True,2.0,0.5,R10,N_ABS_NKCC_S4_PNOM_KMID_AE4NA20_P2_H1:B00,True,44023543c875c674da6bd374bceedeaf42e0a6abc2dc64e474bb49b238a3b4cb,task24_baseline_anchor,True,6375215dfb439dc171f05f029db66ab19174004a613762d0b9f0f7f81edcc599
True,0.05,B00,5.0,True,True,4.360933009388118e-23,9.332812300755222e-12,`xtol` termination condition is satisfied.,500,0.5,8.520017481351889e-07,True,2.0,0.5,R10,N_ABS_NKCC_S4_PNOM_KMID_AE4NA20_P2_H1:B00,True,3753b6858a6228267854d3cf608df86b23e9e4a0f71bad1f0894e8ddb14c156c,inherited_saved_rest,True,41092a97bf677e956be036a6b013093557e03f38074d987e73facd950ba8ed0b
True,0.05,B00,10.0,True,True,2.3507998888354325e-24,1.6566609195578508e-12,`xtol` termination condition is satisfied.,58,0.5,1.3988240192145287e-07,True,5.0,0.5,R10,N_ABS_NKCC_S4_PNOM_KMID_AE4NA20_P2_H1:B00,True,6375215dfb439dc171f05f029db66ab19174004a613762d0b9f0f7f81edcc599,continuation_predecessor,True,a93fb9a34f4353148b0b862912632e6ff69fa0ea43b47e0a586c15a57cf042ae
True,0.05,B00,10.0,True,True,2.3503520374495997e-24,1.6566609195578508e-12,`xtol` termination condition is satisfied.,588,0.5,1.3988243299956409e-07,True,5.0,0.5,R10,N_ABS_NKCC_S4_PNOM_KMID_AE4NA20_P2_H1:B00,True,44023543c875c674da6bd374bceedeaf42e0a6abc2dc64e474bb49b238a3b4cb,task24_baseline_anchor,True,70223a56eb46df2dc98e87bc98668f4fd2de82b4cb07737cf68e496fc9a6492f
True,0.05,B00,10.0,True,True,1.0093387039752191e-24,1.0581813203458523e-12,`xtol` termination condition is satisfied.,513,0.5,8.58189263680983e-08,True,5.0,0.5,R10,N_ABS_NKCC_S4_PNOM_KMID_AE4NA20_P2_H1:B00,True,3753b6858a6228267854d3cf608df86b23e9e4a0f71bad1f0894e8ddb14c156c,inherited_saved_rest,True,eafdb8d258344a00939a3f45ba5775a442d66063252448ace0db1a0354dd2db2
True,0.05,B00,2.0,True,True,1.4466434380110382e-23,5.195496810550537e-12,`xtol` termination condition is satisfied.,126,0.25,3.839697646488268e-07,True,1.0,0.25,R10,N_ABS_NKCC_S4_PNOM_KMID_AE4NA20_P2_H1:B00,True,92c7f933b9fcdae1ee228415def66821d08e910b135b9f2a4c326304dcb82548,continuation_predecessor,True,32f1c0e1a9c5473091add70e2744af219af7adbdc8ad9d1113d78d196e21c4db
True,0.05,B00,2.0,True,True,2.9857135924257136e-23,7.65013052905772e-12,`xtol` termination condition is satisfied.,658,0.25,5.835474942571575e-07,True,1.0,0.25,R10,N_ABS_NKCC_S4_PNOM_KMID_AE4NA20_P2_H1:B00,True,44023543c875c674da6bd374bceedeaf42e0a6abc2dc64e474bb49b238a3b4cb,task24_baseline_anchor,True,2f708f6884c28a1c18d3302af8139b606c28bb263e55692917dbb16f2acd24ec
True,0.05,B00,2.0,True,True,2.98888420934437e-23,7.65013052905772e-12,`xtol` termination condition is satisfied.,608,0.25,5.83711927767584e-07,True,1.0,0.25,R10,N_ABS_NKCC_S4_PNOM_KMID_AE4NA20_P2_H1:B00,True,3753b6858a6228267854d3cf608df86b23e9e4a0f71bad1f0894e8ddb14c156c,inherited_saved_rest,True,78720450368fb5683142f0b9c30e969680fc3408d4ce50964a3f4034c873db30
True,0.05,B00,5.0,True,True,6.846211602086076e-23,1.1696373036773622e-11,`xtol` termination condition is satisfied.,82,0.25,8.829524806398617e-07,True,2.0,0.25,R10,N_ABS_NKCC_S4_PNOM_KMID_AE4NA20_P2_H1:B00,True,32f1c0e1a9c5473091add70e2744af219af7adbdc8ad9d1113d78d196e21c4db,continuation_predecessor,True,e113ceda99ba584bb0c3f83213220d7628d0f202e3a3ffc2e2c9616c9db72f5a
True,0.05,B00,5.0,True,True,6.847204871539613e-23,1.1696373036773622e-11,`xtol` termination condition is satisfied.,603,0.25,8.831041172876682e-07,True,2.0,0.25,R10,N_ABS_NKCC_S4_PNOM_KMID_AE4NA20_P2_H1:B00,True,44023543c875c674da6bd374bceedeaf42e0a6abc2dc64e474bb49b238a3b4cb,task24_baseline_anchor,True,550d961c5c51b53726252427808dd4f00364d5a2994255dfe04a80de7fd2e8f3
True,0.05,B00,5.0,True,True,6.84621158318107e-23,1.1696373036773622e-11,`xtol` termination condition is satisfied.,601,0.25,8.829523422628719e-07,True,2.0,0.25,R10,N_ABS_NKCC_S4_PNOM_KMID_AE4NA20_P2_H1:B00,True,3753b6858a6228267854d3cf608df86b23e9e4a0f71bad1f0894e8ddb14c156c,inherited_saved_rest,True,b6dc738e1df481e2d0352a83bdc364a13fba75babea2946a1236dbe44925085a
True,0.05,B00,10.0,True,True,1.7387225100114402e-22,1.8405416080113923e-11,`xtol` termination condition is satisfied.,44,0.25,1.718111404146865e-06,True,5.0,0.25,R10,N_ABS_NKCC_S4_PNOM_KMID_AE4NA20_P2_H1:B00,True,e113ceda99ba584bb0c3f83213220d7628d0f202e3a3ffc2e2c9616c9db72f5a,continuation_predecessor,True,593f0664c7123cd61e24ff74c07e3d7c3a912e8fb91a07546604091400eba83d
True,0.05,B00,10.0,True,True,8.138160830995911e-23,1.0868042576994696e-11,`xtol` termination condition is satisfied.,588,0.25,8.241785786666753e-07,True,5.0,0.25,R10,N_ABS_NKCC_S4_PNOM_KMID_AE4NA20_P2_H1:B00,True,44023543c875c674da6bd374bceedeaf42e0a6abc2dc64e474bb49b238a3b4cb,task24_baseline_anchor,True,f16f8ab744bd24e06ebdb40abf2db6f09e05ad59de306c83d110a9f86c7b8124
True,0.05,B00,10.0,True,True,8.899673889426136e-23,1.3322676295501878e-11,`xtol` termination condition is satisfied.,591,0.25,1.0022763324595453e-06,True,5.0,0.25,R10,N_ABS_NKCC_S4_PNOM_KMID_AE4NA20_P2_H1:B00,True,3753b6858a6228267854d3cf608df86b23e9e4a0f71bad1f0894e8ddb14c156c,inherited_saved_rest,True,6e46de78195d513d1abeb1277e6d73697ed4e0a5fefb08ee24fbcac23dc75527
