time_s,WT_q_out_pL_s,KO_q_out_pL_s,WT_cl_i_mM,KO_cl_i_mM,WT_ph_i,KO_ph_i,WT_volume_i_pL,KO_volume_i_pL,WT_chloride_driving_force_V,KO_chloride_driving_force_V,WT_N_fmol_s,KO_N_fmol_s,WT_E_fmol_s,KO_E_fmol_s,WT_A_fmol_s,KO_A_fmol_s,WT_J_fmol_s,KO_J_fmol_s,WT_J_aux_fmol_s,KO_J_aux_fmol_s
0.0,0.0010757073853493032,0.0010757073853493032,50.1,36.5,6.91,6.890000000000001,1.4484260832245268,1.4484260832245268,0.006865206488670755,0.0050739767218315746,0.17472280827067604,0.17472280827067604,0.0010340193720500543,0.0010340193720500543,0.13380862931861923,0.0,0.22480641156538328,0.1661512295491201,0.0,0.0
1e-06,0.0010757073853493032,0.0010757073853493032,50.1,36.5,6.91,6.890000000000001,1.4484260832245268,1.4484260832245268,0.003072596962643767,0.0017495289679464732,0.3057649144736831,0.3057649144736831,0.0010340193720500543,0.0010340193720500543,0.13380862931861923,0.0,0.48565921698977566,0.276533134349884,0.0,0.0
0.003225950374519387,0.0010757770172103859,0.0010757604638793716,50.10070240336288,36.500833341497064,6.910002995367797,6.8900104742577035,1.4484225608141967,1.4484227014816946,0.0030719662612696194,0.0017496881496219946,0.3057511493069848,0.3057511493069848,0.0010339162129963538,0.0010339162129963538,0.13380873022524667,0.0,0.4855595273984472,0.2765582948407758,0.0,0.0
0.03547545411971325,0.0010778891182214422,0.001076172368805703,50.107675242736136,36.50880359266077,6.910032904688242,6.890115138519,1.4483890593454198,1.4484030503118834,0.00306615595880199,0.001751158932623141,0.3056143836947852,0.3056143836947852,0.0010328841713475477,0.0010328841713475477,0.13380961187182921,0.0,0.4846411424032102,0.27679076897564714,0.0,0.0
0.07729253298013045,0.0010833890205385944,0.0010765960518815594,50.11646662695649,36.51840433434682,6.910071568858156,6.89025064129006,1.4483534178734712,1.4484060527236569,0.003059590834009824,0.001752862679236862,0.30544117411970517,0.30544117411970517,0.0010315448805799097,0.0010315448805799097,0.13381026004279553,0.0,0.4836034490757846,0.2770600656834251,0.0,0.0
0.11910961184054764,0.0010907733422823086,0.0010770831330538411,50.124914314070075,36.52746929126988,6.9101101014745545,6.890385903583585,1.4483282521832228,1.4484296095958344,0.0030536973093886095,0.0017544628036883086,0.3052735707649156,0.3052735707649156,0.0010302045608465628,0.0010302045608465628,0.13381027112084623,0.0,0.48267190986395575,0.2773129837190881,0.0,0.0
0.1752542389152028,0.0011023079139177965,0.0010779450899834897,50.13576653720756,36.53912812904946,6.910161632514549,6.890567132087692,1.4483093623789125,1.4484804734104044,0.0030463979579897216,0.0017565557801126758,0.3050565426623982,0.3050565426623982,0.0010284036019215814,0.0010284036019215814,0.13380936493373324,0.0,0.4815181635939384,0.27764380266599004,0.0,0.0
0.23139886598985798,0.0011147790128532926,0.001079039782990035,50.14618918010339,36.55043629073672,6.910212932892895,6.890747928470285,1.4483036583307072,1.4485440385244548,0.0030395123524526828,0.0017586345153746685,0.3048465987668014,0.3048465987668014,0.0010266011771458267,0.0010266011771458267,0.13380759620231228,0.0,0.48042981460633105,0.2779723706337198,0.0,0.0
0.31207027673826127,0.0011333239491510606,0.001080911369023685,50.16068277777354,36.56634337741591,6.910286244937671,6.8910069526716144,1.448310651281499,1.448646815329026,0.003030041220711554,0.0017616194464474197,0.3045530849300431,0.3045530849300431,0.0010240089962477038,0.0010240089962477038,0.13380393536901353,0.0,0.47893279352568596,0.2784441732505894,0.0,0.0
0.4128539418923519,0.0011566082599961975,0.0010835384343226924,50.17836612246659,36.585913652441434,6.910377181430012,6.891329314709704,1.4483335966171182,1.4487838089020448,0.003018648781281136,0.0017653342686335532,0.3041939672199255,0.3041939672199255,0.0010207668817369371,0.0010207668817369371,0.13379805013029597,0.0,0.47713208771211923,0.27903134353556597,0.0,0.0
0.5431819460153128,0.0011861336260960004,0.0010871440186785793,50.200964984845996,36.61095945396124,6.910493714399244,6.891744152780801,1.448374092514787,1.448965784937547,0.003004425934555917,0.0017700786072577523,0.3037352546046265,0.3037352546046265,0.0010165686582034432,0.0010165686582034432,0.13378890726552328,0.0,0.4748840035384005,0.27978124071029353,0.0,0.0
0.7192892506131823,0.0012244433328157918,0.0010921255544914076,50.231413410519664,36.64452208914667,6.910649309612335,6.892301127518307,1.448436557596993,1.4492130187914691,0.0029859475343735134,0.001776340253077345,0.3031193401068647,0.3031193401068647,0.0010108861869817978,0.0010108861869817978,0.133774402326543,0.0,0.47196328029584156,0.28077096570279436,0.0,0.0
0.9768914316154755,0.0012769620604249272,0.0010994181502922418,50.27606430653469,36.69317478330754,6.910873113510063,6.893108561111456,1.4485345952367823,1.4495722163462017,0.0029602745783998165,0.0017851609448859551,0.30222167439893705,0.30222167439893705,0.0010025558544150615,0.0010025558544150615,0.13374925367468338,0.0,0.4679053749318818,0.28216517728640267,0.0,0.0
1.0,0.001281472680744178,0.0011000696258669702,50.2800793425345,36.697515514197605,6.910892973495334,6.893180575988296,1.4485436525836348,1.4496042368104647,0.002958045611683096,0.0017859325684813007,0.3021412806036704,0.3021412806036704,0.0010018075772243924,0.0010018075772243924,0.13374677820813968,0.0,0.46755306115838663,0.2822871412522864,0.0,0.0
1.4111765562506313,0.0013565229604549035,0.0011115508948088243,50.35177791395718,36.77412222419793,6.9112405315535765,6.894450716357836,1.4487107431930748,1.4501680855905108,0.002920276845592658,0.0017991398295685093,0.3007141806175535,0.3007141806175535,0.0009884686415234786,0.0009884686415234786,0.1336968623531971,0.0,0.4615832741706492,0.2843747004590996,0.0,0.0
1.9608265264291367,0.001442761462692116,0.0011265081222003816,50.44826777756704,36.87472197205071,6.911688531497868,6.896116354039253,1.4489496127864019,1.4509046668523928,0.0028748690511191874,0.0018153375190403664,0.2988169093479378,0.2988169093479378,0.0009705747462130639,0.0009705747462130639,0.13361330516617143,0.0,0.45440605106676274,0.28693493119602553,0.0,0.0
2.0,0.0014483472381399964,0.0011275547906495931,50.45516758430842,36.88181499565374,6.9117197605697,6.896233697772483,1.448967240349848,1.4509564313438919,0.002871834198811943,0.0018164320514989021,0.29868217168745514,0.29868217168745514,0.0009692971311063691,0.0009692971311063691,0.13360663685584223,0.0,0.4539263578257892,0.2871079346140608,0.0,0.0
2.510476496607642,0.0015149894029175383,0.001140934113665218,50.54529583654649,36.9733396836717,6.912118527049723,6.897746761210529,1.4492034200021342,1.4516223267626702,0.0028344972725044097,0.001830014869075837,0.29693253751946114,0.29693253751946114,0.0009526252631270045,0.0009526252631270045,0.133511341741342,0.0,0.4480248280723655,0.28925485483468527,0.0,0.0
3.0,0.0015691459872094638,0.0011532793594583508,50.632008026301285,37.059569442441294,6.912487156457032,6.8991705636614205,1.449439944052055,1.4522461579098143,0.0028022124789413815,0.001841926817744137,0.2952658975903552,0.2952658975903552,0.0009366051596392576,0.0009366051596392576,0.1334057295057223,0.0,0.44292184588722205,0.2911376750461885,0.0,0.0
3.060126466786147,0.0015752021821468316,0.001154761122010789,50.64267174398961,37.070059682122015,6.912531538498843,6.899343669412992,1.449469592922495,1.452321810889112,0.0027984635338224387,0.0018433195994173313,0.29506197245004473,0.29506197245004473,0.0009346357650614073,0.0009346357650614073,0.13339182516913625,0.0,0.4423292820810545,0.2913578201758833,0.0,0.0
3.609776436964652,0.0016251153593773355,0.001167941918450932,50.74023182202607,37.16495958304646,6.912928522279264,6.900908716079706,1.4497459318556198,1.4530038022240133,0.0027661941705128153,0.0018553862120264872,0.2932059684402997,0.2932059684402997,0.0009166199421413604,0.0009166199421413604,0.13325554388767938,0.0,0.43722873882456903,0.2932650867984602,0.0,0.0
4.0,0.0016551180163442343,0.0011768902362308932,50.80952792389797,37.23126834702316,6.91320112697331,6.902001332237852,1.4499472400830435,1.453477708521593,0.002745304898973535,0.0018632688415818333,0.291897486744208,0.291897486744208,0.000903820348817352,0.000903820348817352,0.13314901944029328,0.0,0.43392694969225,0.29451102687593,0.0,0.0
4.159426407143157,0.001666206256269065,0.0011804463432234348,50.837834530285754,37.25811088218202,6.913310377181626,6.902443448865739,1.450030543215161,1.453668926034154,0.0027372125285124553,0.0018663369016031633,0.29136515292339266,0.29136515292339266,0.0008985899219545164,0.0008985899219545164,0.1331032317372281,0.0,0.4326478576572382,0.2949959689772705,0.0,0.0
4.830868404695016,0.0017062725671885604,0.001194781292058772,50.95694404377751,37.36962565427229,6.913757544665803,6.904279240104169,1.4503870745579188,1.454459371598763,0.0027056926818243288,0.0018783604190071648,0.2891378100132486,0.2891378100132486,0.0008765611962668935,0.0008765611962668935,0.13289641538460625,0.0,0.4276657841056775,0.29689642390802906,0.0,0.0
5.0,0.0017148282443769508,0.00119822813251301,50.9869046350129,37.3973327268803,6.91386699549209,6.90473517392652,1.4504781334575865,1.4546547593968717,0.0026983587215524373,0.0018811743389007957,0.2885805486403333,0.2885805486403333,0.000871013625392103,0.000871013625392103,0.13284084962583476,0.0,0.42650656750604365,0.29734119624518485,0.0,0.0
5.5023104022468745,0.0017370377732078503,0.0012080772522481604,51.07574146947101,37.47873904525349,6.914184843063259,6.906074475305509,1.4507509596321047,1.4552264474458196,0.0026778787475634606,0.001889064246047692,0.2869346797612637,0.2869346797612637,0.0008545448670754566,0.0008545448670754566,0.13266787159385982,0.0,0.4232694725494376,0.2985882866295308,0.0,0.0
6.0,0.00175482337634231,0.0012172693709567141,51.16349780907999,37.5581261931308,6.914489545381422,6.907380359701508,1.451024135123517,1.4557804501605505,0.002659355151515108,0.0018962415329406776,0.2853176558830418,0.2853176558830418,0.0008382430001033381,0.0008382430001033381,0.13248509658755614,0.0,0.4203416055815105,0.2997227392033429,0.0,0.0
6.173752399798733,0.0017601518350833624,0.0012203476574798506,51.194062437588414,37.58555090108253,6.9145936231638565,6.907831488985531,1.4511200317683033,1.4559710092703955,0.002653269890259522,0.0018986081566119764,0.2847563744278457,0.2847563744278457,0.0008325563977048621,0.0008325563977048621,0.13241869569709275,0.0,0.41937976019388007,0.30009681123852566,0.0,0.0
6.845194397350592,0.0017769943632767822,0.001231620892817953,51.31176643814667,37.69015208927648,6.9149851484104,6.909552458465026,1.4514924488118761,1.4566938305380626,0.0026314487728506704,0.001907133025194921,0.28260337252810924,0.28260337252810924,0.0008106095443719129,0.0008106095443719129,0.13214991718834723,0.0,0.4159306821262163,0.3014442645658801,0.0,0.0
7.0,0.0017801134493669213,0.0012340825363026165,51.33880333108194,37.713963906690395,6.9150730958468705,6.9099443436696975,1.4515786161980142,1.4568574731972082,0.0026267750695560532,0.0019089673196257956,0.28211061314159597,0.28211061314159597,0.0008055567730814296,0.0008055567730814296,0.13208527124465508,0.0,0.4151919496760764,0.30173419585457756,0.0,0.0
7.51663639490245,0.0017887188124621146,0.0012419362812304076,51.42873296748276,37.79262550530746,6.915360602440209,6.911239414498131,1.4518666393877784,1.4573956125164738,0.0026120644749470442,0.001914762870476018,0.2804760412252035,0.2804760412252035,0.000788716623702069,0.000788716623702069,0.13186250827415014,0.0,0.4128667713509901,0.30265024918736533,0.0,0.0
8.0,0.0017945384794393505,0.0012487953938386616,51.512420573105956,37.865120566626516,6.915621564523584,6.9124338473083045,1.4521363506176503,1.4578881532915784,0.002599449697599985,0.0019197631939026835,0.2789606479038118,0.2789606479038118,0.0007729958118614153,0.0007729958118614153,0.13164459164887693,0.0,0.41087286099979264,0.3034406076982976,0.0,0.0
8.345478221354414,0.0017975522977756037,0.001253419180116025,51.57194906673452,37.91629855517513,6.915803551656006,6.913277724799625,1.4523290132692113,1.4582338349156612,0.0025910583536262813,0.0019231079290567069,0.2778858221564247,0.2778858221564247,0.0007617823283858072,0.0007617823283858072,0.13148339813854548,0.0,0.4095465127695145,0.30396928148001723,0.0,0.0
9.0,0.0018010341916239348,0.0012615709269333782,51.68402983797334,38.01183682680249,6.916138513116974,6.9148549281688325,1.4526932012647231,1.4588745114673076,0.0025764640395379255,0.001928968597404497,0.27586854120011994,0.27586854120011994,0.0007405951119452296,0.0007405951119452296,0.13116603297344775,0.0,0.40723971391537667,0.3048956273807095,0.0,0.0
9.174320047806377,0.0018015301558858916,0.001263612920683202,51.71371941928949,38.036974054007736,6.916225646729112,6.9152703815053504,1.452789926059765,1.459042051820713,0.002572845010018119,0.0019304320448593412,0.275335483793922,0.275335483793922,0.0007349657349123656,0.0007349657349123656,0.131078941933892,0.0,0.40666768476081433,0.3051269420482908,0.0,0.0
10.0,0.0018018430636195432,0.0012725896336899301,51.85337504017522,38.15432500878859,6.916627188747492,6.9172130506566685,1.4532458798785317,1.4598183214037597,0.0025570902479351808,0.0019368632307104408,0.2728347278589382,0.2728347278589382,0.0007083849963519474,0.0007083849963519474,0.13065236692323834,0.0,0.40417746378159536,0.30614346478873944,0.0,0.0
10.00316187425834,0.00180183852907376,0.001272621884052297,51.85390666883977,38.15476903834409,6.916628692248558,6.9172204122485,1.4532476178402098,1.45982123984424,0.002557034066095143,0.001936886369014748,0.27282522800526454,0.27282522800526454,0.0007082834832385755,0.0007082834832385755,0.13065068988997566,0.0,0.4041685835969263,0.30614712206331496,0.0,0.0
10.832003700710304,0.0017994221670378841,0.0012805519976438696,51.99239660641426,38.26978969025209,6.917014361937864,6.9191305973036465,1.453700634364642,1.4605722835178323,0.0025432985530494216,0.0019425994145119904,0.27035513292235747,0.27035513292235747,0.0006817504809012788,0.0006817504809012788,0.13020011188674482,0.0,0.4019975281048327,0.3070501344780738,0.0,0.0
11.0,0.0017986701087430253,0.001282037219702459,52.02025122165672,38.292773647238825,6.91709055548762,6.919513144161233,1.4537917745895272,1.460721153991006,0.002540742066744709,0.0019436770800891623,0.26985936853164494,0.26985936853164494,0.0006763919736652392,0.0006763919736652392,0.13010619011150545,0.0,0.4015934461012095,0.30722047189191276,0.0,0.0
11.827284115441035,0.0017939656479004059,0.0012887957707548609,52.1563213470768,38.404377438166534,6.917456699701611,6.921375298703198,1.4542367674316286,1.4614380865906025,0.002529161315221091,0.0019486329273905381,0.2674420482325262,0.2674420482325262,0.0006501054757172715,0.0006501054757172715,0.1296315193870371,0.0,0.3997629753998799,0.3080038004407492,0.0,0.0
12.0,0.0017928059852233475,0.0012900961479408446,52.18449472208394,38.427351395297364,6.917531323079054,6.92175965931042,1.4543288146254434,1.4615844151183868,0.002526941862101742,0.0019495991612834551,0.2669424062583435,0.2669424062583435,0.000644639413508191,0.000644639413508191,0.1295299470287361,0.0,0.39941216535964574,0.30815652479788685,0.0,0.0
12.822564530171766,0.0017866568556990843,0.0012958070324419091,52.31752975092059,38.53525628442334,6.917878697261781,6.9235702478342445,1.4547627652127522,1.4622657406070685,0.0025172211347091918,0.001953912307974738,0.26458663130791216,0.26458663130791216,0.000618715826014152,0.000618715826014152,0.12903504527685045,0.0,0.3978756928214529,0.30883826713842744,0.0,0.0
13.0,0.0017852196877411132,0.0012969400256319043,52.34597581609124,38.55821013249378,6.91795196938412,6.923956614166162,1.4548553691273343,1.462409375431686,0.002515297075332004,0.0019547845702709565,0.2640836088869788,0.2640836088869788,0.0006131480461965815,0.0006131480461965815,0.12892594711862013,0.0,0.3975715731526751,0.30897613820610786,0.0,0.0
13.817844944902497,0.0017782455982602837,0.0013017471897751821,52.47591694584605,38.662564353852495,6.918282625469781,6.9257190888270985,1.4552773150444174,1.463056407353825,0.0025071466336312256,0.0019585674856451643,0.2617885369918906,0.2617885369918906,0.0005876001350648065,0.0005876001350648065,0.1284128676982571,0.0,0.3962833022916914,0.3095740714010283,0.0,0.0
14.0,0.001776632971668693,0.0013027302568799333,52.50459263987025,38.6854876620296,6.918354762314465,6.9261076401657435,1.4553701640761763,1.463197195642673,0.002505482268859629,0.0019593606131353206,0.261282603875657,0.261282603875657,0.0005819363761080014,0.0005819363761080014,0.12829637947119404,0.0,0.396020230336083,0.30969943430430696,0.0,0.0
14.813125359633228,0.0017692855758121796,0.0013067641032870143,52.63140154369368,38.78642772695216,6.918670563852051,6.927825117919032,1.455779401763165,1.4638111570728718,0.0024986613136521937,0.001962705157270289,0.2590473044737259,0.2590473044737259,0.0005567750808895467,0.0005567750808895467,0.12776705599101867,0.0,0.39494210007512126,0.31022807789327245,0.0,0.0
15.0,0.0017675766678786594,0.0013076141923669489,52.66026651655154,38.809309859526024,6.918741777676795,6.928216020477237,1.4558722184416237,1.4639489463478226,0.0024972258546337132,0.0019634317143850874,0.2585389051164442,0.2585389051164442,0.0005510209950629289,0.0005510209950629289,0.1276433240680412,0.0,0.3947152093011565,0.3103429185846359,0.0,0.0
16.0,0.0017584355737810253,0.0013117245240997666,52.81293803269813,38.92979252039849,6.9191149168100905,6.930284727491817,1.4563607909410674,1.464665624614009,0.0024902996454843965,0.001967083604974669,0.2558519351950881,0.2558519351950881,0.000520416846972909,0.000520416846972909,0.12696876173506283,0.0,0.39362044244658334,0.31092014180845323,0.0,0.0
16.019295407343993,0.0017582603056568642,0.0013117970297114702,52.81585405936214,38.932085163061984,6.919121991971112,6.930324272098363,1.4563700817110425,1.4646791145938316,0.0024901777596952265,0.0019671504332581455,0.255800642665264,0.255800642665264,0.0005198294794134209,0.0005198294794134209,0.12695554692061012,0.0,0.39360117699860886,0.31093070478570684,0.0,0.0
17.0,0.0017494814219265937,0.001315179101143907,52.96256416522263,39.04704273552734,6.919475918468425,6.932316449562349,1.4568353406805543,1.4653481661652465,0.002484511291657856,0.0019703864880037253,0.2532210421337974,0.2532210421337974,0.0004901374112944022,0.0004901374112944022,0.12627458073619763,0.0,0.3927055266859954,0.3114422003814462,0.0,0.0
17.22546545505476,0.0017475088806899214,0.0013158782882268906,52.99587572510128,39.07304239261198,6.919555800835898,6.932769677394697,1.4569403565771042,1.4654974313211002,0.002483346197267162,0.0019710890745066323,0.2526355417484101,0.2526355417484101,0.00048335657654548773,0.00048335657654548773,0.1261155429398103,0.0,0.39252137014467775,0.3115532522424673,0.0,0.0
18.0,0.0017409011125989722,0.0013180817222595842,53.10911550001001,39.161160227502386,6.919826374784167,6.934313624119942,1.4572954898795782,1.4659974567030356,0.0024796975874346663,0.001973398009686614,0.25064551484740144,0.25064551484740144,0.00046019489163271436,0.00046019489163271436,0.12556258443424284,0.0,0.39194466548217416,0.311918205949453,0.0,0.0
18.431635502765527,0.0017373454602453266,0.001319187150997664,53.17141742233288,39.20947303211997,6.919974754939258,6.935165561811054,1.457489592656941,1.4662676524521807,0.0024778854527091297,0.001974620011307694,0.2495507437002078,0.2495507437002078,0.00044737753935289795,0.00044737753935289795,0.12525019132734894,0.0,0.3916582367892529,0.31211135733171036,0.0,0.0
19.0,0.001732816860067396,0.0013205228971828048,53.25257423911082,39.272238314226726,6.920167741844485,6.936278460646848,1.4577409968237358,1.4666143398837688,0.002475719675845759,0.001976165434081273,0.24812459460561573,0.24812459460561573,0.0004306003414204611,0.0004306003414204611,0.12483449614547189,0.0,0.39131591089736817,0.3123556291393244,0.0,0.0
19.637805550476294,0.001727955326274422,0.0013218753292494946,53.3424537241931,39.34153757177441,6.920381336743477,6.937515682974477,1.458017432335724,1.4669912376019991,0.002473563863057651,0.0019778211373515583,0.24654489458042925,0.24654489458042925,0.00041191115985556866,0.00041191115985556866,0.12436247246151769,0.0,0.3909751599419457,0.3126173320452344,0.0,0.0
20.0,0.0017253025080825103,0.0013225809356923275,53.39293242181314,39.38036476390152,6.920501350861982,6.938212963957917,1.4581717320130962,1.4671996241116185,0.0024724589838752836,0.0019787275295303636,0.2456574850148796,0.2456574850148796,0.00040136377873584253,0.00040136377873584253,0.12409196387821031,0.0,0.3908005211054498,0.3127605977325979,0.0,0.0
21.0,0.0017183962517025421,0.0013243232241409249,53.53019036444558,39.485622541891914,6.920828419763587,6.940118957210919,1.4585876577043915,1.4677540882081828,0.0024698138000939923,0.001981116158974894,0.24324336039166725,0.24324336039166725,0.0003724942909958705,0.0003724942909958705,0.12333656501635203,0.0,0.39038241944759017,0.31313814803282053,0.0,0.0
21.09950715962491,0.0017177428972768056,0.001324481584109269,53.54367915795198,39.49594255620382,6.9208606509162545,6.940307122008053,1.4586282361646947,1.467807604349824,0.002469580822942522,0.001981345390747846,0.2430060038746227,0.2430060038746227,0.0003696419713288835,0.0003696419713288835,0.12326075182518151,0.0,0.39034559473470554,0.31317438074564125,0.0,0.0
22.0,0.0017121095465399555,0.001325807029047302,53.664355681892985,39.5880902694648,6.921150057878522,6.941998093331585,1.458988814058518,1.4682784847645132,0.0024676970556688944,0.0019833573528178425,0.24088137203495402,0.24088137203495402,0.0003440000827544959,0.0003440000827544959,0.12256980779182766,0.0,0.3900478436953652,0.31349239444395816,0.0,0.0
22.53325736598451,0.0017090084740796236,0.0013265096730937594,53.73464053883539,39.64161731556223,6.921319706552723,6.942989701611711,1.4591967290159302,1.4685460840947373,0.002466758019012253,0.0019844997470689976,0.23964283994509203,0.23964283994509203,0.00032896134155557664,0.00032896134155557664,0.12215678616988639,0.0,0.3898994181735888,0.31367296296767117,0.0,0.0
23.0,0.0017064352368282522,0.0013270809030531544,53.795442038599454,39.68784281017677,6.921467277506931,6.94385187673793,1.45937530329827,1.468773544220165,0.0024660337675746283,0.0019854724879106583,0.2385706545008979,0.2385706545008979,0.00031588856415463827,0.00031588856415463827,0.12179313564005649,0.0,0.3897849419209669,0.3138267158227441,0.0,0.0
23.967007572344112,0.001701511772742076,0.0013281517232025754,53.91929288383366,39.78178930501943,6.921770699223576,6.945621679849056,1.4597352349055455,1.4692250383611802,0.0024647955615950644,0.001987414535332868,0.2363841093755971,0.2363841093755971,0.00028907476172218777,0.00028907476172218777,0.12103395843844243,0.0,0.38958922925385897,0.31413367870850306,0.0,0.0
24.0,0.0017013532634695544,0.0013281858493260413,53.92346820009353,39.78495171305664,6.921781002919653,6.9456816801686765,1.459747277680783,1.4692399777701255,0.002464759111108817,0.0019874791651536897,0.23631033042398272,0.23631033042398272,0.00028816641541654856,0.00028816641541654856,0.12100793040946693,0.0,0.3895834678361315,0.31414389419350025,0.0,0.0
25.0,0.0016968345530154446,0.0013291560346328113,54.04845747347842,39.87948545694786,6.9220920736582565,6.947488752328733,1.4601049315480334,1.469678478751954,0.0024638172413898943,0.0019893917726528723,0.23409951424950418,0.23409951424950418,0.0002608396092993955,0.0002608396092993955,0.12021551297409397,0.0,0.3894345945163438,0.3144462037615155,0.0,0.0
25.400757778703714,0.0016951740834879464,0.001329513538047239,54.09770149062476,39.91666263096597,6.9222161659076455,6.9482068289539995,1.4602442948623953,1.469846523842781,0.0024635221442820786,0.001990134577778656,0.2332272086034725,0.2332272086034725,0.0002500003574981928,0.0002500003574981928,0.11989620650241596,0.0,0.38938795103135043,0.31456361263750865,0.0,0.0
26.0,0.0016928445045225422,0.0013300197688504518,54.17043700783281,39.97150976277616,6.922401251626199,6.949274231027337,1.4604484924699828,1.4700897244421456,0.002463159927779641,0.0019912220962874025,0.2319373158564507,0.2319373158564507,0.0002339134567513528,0.0002339134567513528,0.11941714550561662,0.0,0.3893306985556455,0.31473550742027423,0.0,0.0
27.0,0.0016893454802702796,0.0013308005393414897,54.28943708174548,40.06108793131521,6.9227092306486675,6.951039159160201,1.4607782132778204,1.4704743780500305,0.0024627452081759406,0.0019929798694198614,0.22982284333024647,0.22982284333024647,0.0002073926667276518,0.0002073926667276518,0.11861403505534965,0.0,0.3892651473621594,0.3150133436394512,0.0,0.0
27.159699621419236,0.001688829563406652,0.001330918861564523,54.30816762751335,40.07517110387627,6.922758346180555,6.951319178760723,1.4608296059975532,1.4705333880342848,0.0024626989700937685,0.001993254414079347,0.22948952294203567,0.22948952294203567,0.00020319512425413463,0.00020319512425413463,0.11848541681171496,0.0,0.3892578389025547,0.31505673857408656,0.0,0.0
28.0,0.0016862984964514357,0.0013315174202073621,54.40549085629151,40.14828091713812,6.92301663649817,6.952784486675541,1.4610943676906054,1.4708330886857388,0.0024625368850293462,0.001994673032742471,0.22775520554372833,0.22775520554372833,0.0001812813410766968,0.0001812813410766968,0.11780733256695522,0.0,0.3892322194977222,0.3152809675365948,0.0,0.0
28.918641464134758,0.0016838643441293738,0.0013321330068583577,54.50953656960706,40.226328520982214,6.923299013336956,6.954371290843412,1.4613730919689898,1.4711402982074042,0.00246250037028543,0.001996177127236605,0.22589630008898057,0.22589630008898057,0.00015765829228152797,0.00015765829228152797,0.11706403889535782,0.0,0.3892264479233327,0.3155187069352797,0.0,0.0
29.0,0.0016836645802332517,0.0013321858895278705,54.518633832512975,40.23314758130616,6.923324034845547,6.954511083476606,1.4613972445294867,1.4711664927161752,0.002462503531402673,0.0019963081171070554,0.22573351410851072,0.22573351410851072,0.00015558302238037852,0.00015558302238037852,0.1169981358329558,0.0,0.389226947574196,0.31553941138779656,0.0,0.0
30.0,0.001681405601030442,0.0013328184845998404,54.62890342423262,40.31574489922809,6.92363193796962,6.956219750094363,1.4616871433261494,1.4714752148358499,0.00246261771056382,0.0019978905307594316,0.22375688482208256,0.22375688482208256,0.00013030073213982554,0.00013030073213982554,0.1161874919858406,0.0,0.38924499490115544,0.31578953002838317,0.0,0.0
30.67758330685028,0.001680069497579065,0.0013332317611047695,54.702007034195674,40.370449660888234,6.923841087864226,6.957367695053887,1.4618763536956414,1.471670682629772,0.0024627668620470396,0.001998935067168167,0.2224427194516309,0.2224427194516309,0.00011340759911755225,0.00011340759911755225,0.11563789692109888,0.0,0.38926857000502807,0.3159546309968965,0.0,0.0
31.0,0.0016794851333133383,0.0013334249589348702,54.736338902046484,40.39612790434442,6.923940801564712,6.957911214676279,1.4619643716917599,1.4717598669361645,0.002462855875195711,0.0019994246594766327,0.22182444001766247,0.22182444001766247,0.00010543694474091641,0.00010543694474091641,0.11537639495263957,0.0,0.38928263955486203,0.3160320166807543,0.0,0.0
32.0,0.0016778684590622178,0.001334013165623732,54.84098076191158,40.47435008390789,6.924251039572043,6.959586153912869,1.4622292413744309,1.4720210509188167,0.0024631972342728375,0.00200091419253573,0.21993530823516033,0.21993530823516033,8.099367995868291e-05,8.099367995868291e-05,0.11456579246889627,0.0,0.38933659527509645,0.3162674544774965,0.0,0.0
32.4365251495658,0.0016772497228501994,0.0013342657355732953,54.8857942903848,40.507831744299615,6.924386990893772,6.96031228352205,1.4623410686758866,1.472127856482382,0.0024633740164357217,0.0020015512036834562,0.21912401524988906,0.21912401524988906,7.045582776142406e-05,7.045582776142406e-05,0.11421232885598807,0.0,0.3893645377250331,0.3163681414009622,0.0,0.0
33.0,0.0016765233689718913,0.0013345889480875922,54.942870871099146,40.55046315577709,6.9245630153827475,6.9612451824262305,1.4624820663853095,1.4722593560614798,0.0024636240495019834,0.00200236211262024,0.21808862733703763,0.21808862733703763,5.69724408246458e-05,5.69724408246458e-05,0.11375658058587816,0.0,0.3894040583210171,0.3164963148659745,0.0,0.0
34.0,0.001675419649824278,0.0013351568752745348,55.042051907467396,40.62451748629197,6.924877057499188,6.962888873846209,1.462723160867962,1.4724753623264437,0.002464120612681895,0.002003770946113405,0.21628354290484827,0.21628354290484827,3.337431279460218e-05,3.337431279460218e-05,0.11294961162433233,0.0,0.38948254583111813,0.3167189971700573,0.0,0.0
34.4365251495658,0.001675006467680254,0.001335403167105112,55.084508615797375,40.65621102272883,6.925014866028366,6.963601711594091,1.4628248062247884,1.472562807721386,0.0024643557933513235,0.0020043742151805433,0.21550840531246632,0.21550840531246632,2.320596580705867e-05,2.320596580705867e-05,0.1125982584858149,0.0,0.38951971883530784,0.3168143507703969,0.0,0.0
35.0,0.00167452980950836,0.0013357201482711801,55.138567488691905,40.696561837819374,6.925193450635099,6.964517750215266,1.4629528368481088,1.4726696373169956,0.002464673553598685,0.0020051427492903395,0.2145192117643128,0.2145192117643128,1.0199902801848585e-05,1.0199902801848585e-05,0.11214568853994944,0.0,0.3895699444896322,0.3169358264076287,0.0,0.0
36.0,0.0016738283138806348,0.0013362811377781976,55.232461732293196,40.76664377405692,6.92551245034484,6.966132300899185,1.4631714038293782,1.4728427398049995,0.002465271003069404,0.0020064792802595433,0.2127947994373737,0.2127947994373737,-1.2550567564643414e-05,-1.2550567564643414e-05,0.11134557281769247,0.0,0.3896643782359609,0.3171470804679164,0.0,0.0
36.4365251495658,0.0016735752584356252,0.0013365256965231,55.27263841851512,40.7966327786472,6.925652575175169,6.9668327156457055,1.4632634083518927,1.4729118044216396,0.0024655431622845926,0.002007052025024339,0.21205435662911185,0.21205435662911185,-2.2348842348462453e-05,-2.2348842348462453e-05,0.11099767921347738,0.0,0.3897073961237451,0.31723760935191503,0.0,0.0
37.0,0.0016732922533060663,0.0013368413076189968,55.32377935776921,40.8348093858203,6.925834274278534,6.96773297225667,1.463379166213261,1.472995216358835,0.0024659028944031755,0.002007781985652546,0.21110948401760662,0.21110948401760662,-3.4877318854821105e-05,-3.4877318854821105e-05,0.11054997891282456,0.0,0.38976425591406616,0.317352988007638,0.0,0.0
38.0,0.001672900520621043,0.0013374015915509935,55.412565358648564,40.901103673004506,6.926159115231193,6.969320183980103,1.4635764240891902,1.4731276049271071,0.002466560294710835,0.002009052115498171,0.20946245306654726,0.20946245306654726,-5.678093100894904e-05,-5.678093100894904e-05,0.10975958164662698,0.0,0.3898681655782846,0.3175537466081968,0.0,0.0
38.4365251495658,0.0016727699487791377,0.0013376463082285517,55.450540454309795,40.929467208519775,6.9263019039266585,6.970008920173384,1.4636593133202085,1.4731792316816628,0.002466853314242075,0.0020095966166434054,0.20875528254508807,0.20875528254508807,-6.620997699623546e-05,-6.620997699623546e-05,0.10941634452808735,0.0,0.3899144806784538,0.3176398112639455,0.0,0.0
39.0,0.001672634363838424,0.0013379623554506282,55.49886505174031,40.96557028085043,6.926487133641502,6.970894320334186,1.4637634704810034,1.4732404314737357,0.002467235647198626,0.0020102907185484617,0.2078529075292731,0.2078529075292731,-7.82623881201282e-05,-7.82623881201282e-05,0.10897501141423648,0.0,0.3899749127906265,0.3177495220368908,0.0,0.0
40.0,0.001672476617197427,0.001338523641289474,55.582723853983,41.02825184964838,6.926818468690878,6.972455743657995,1.4639405929563893,1.4733342134845442,0.0024679222585670853,0.002011498713871282,0.20628005834823376,0.20628005834823376,-9.932300909243314e-05,-9.932300909243314e-05,0.10819686077186055,0.0,0.39008343959828673,0.31794045956294475,0.0,0.0
40.4365251495658,0.001672437853678574,0.0013387687514544667,55.61857660773483,41.055064818396175,6.926964173638258,6.973133443508397,1.4640148711409007,1.4733693095022078,0.0024682240558900996,0.0020120166417035915,0.20560477817307662,0.20560477817307662,-0.00010838496987273365,-0.00010838496987273365,0.10785933271255385,0.0,0.3901311421291968,0.31802232400157915,0.0,0.0
41.0,0.0016724121497659673,0.001339085157159678,55.6641872845162,41.08918976310568,6.927153231986086,6.974004787028229,1.4641080708089553,1.473409456650734,0.0024686144891040117,0.002012676892412156,0.20474313036455066,0.20474313036455066,-0.00011996448039876662,-0.00011996448039876662,0.10742568044053065,0.0,0.39019285458001957,0.31812668420437734,0.0,0.0
42.0,0.001672427183454528,0.0013396464281286047,55.74330082506656,41.14842447263556,6.927491516993986,6.975541765453315,1.4642661772011696,1.4734666583171554,0.00246930735827847,0.0020138259599929847,0.2032413587486387,0.2032413587486387,-0.00014018879882941694,-0.00014018879882941694,0.10666198514852249,0.0,0.3903023705057446,0.31830830752444117,0.0,0.0
42.4365251495658,0.0016724555664490272,0.0013398911970945782,55.77711065982658,41.17375792095921,6.927640309402817,6.976208986824863,1.4643323237781058,1.4734860955011737,0.002469608935861959,0.002014318590721244,0.20259662910986131,0.20259662910986131,-0.00014888701164319593,-0.00014888701164319593,0.10633108205830766,0.0,0.39035003830430054,0.31838617346542214,0.0,0.0
43.0,0.0016725096539095847,0.0013402068031724253,55.8201098827764,41.20599525643469,6.9278333937412375,6.977066969699582,1.4644151763637547,1.4735063042232721,0.0024699966940090884,0.0020149465424431495,0.20177399286648323,0.20177399286648323,-0.00015999829313630826,-0.00015999829313630826,0.1059062503845449,0.0,0.3904113279301141,0.3184854284426534,0.0,0.0
44.0,0.0016726486257718056,0.0013407655421024873,55.8946597178108,41.261940523139586,6.92817891682449,6.978580675607455,1.4645553260625361,1.473528871899186,0.0024706788282326565,0.0020160392099308963,0.20034029259833142,0.20034029259833142,-0.0001793955778187757,-0.0001793955778187757,0.10515891754791401,0.0,0.3905191470736359,0.3186581370806495,0.0,0.0
44.4365251495658,0.0016727245540766823,0.001341008726528753,55.92650571804439,41.28586190129145,6.92833089885378,6.979237906585867,1.4646137937734829,1.47353348749985,0.0024709735516865207,0.0020165075684106873,0.1997248167286029,0.1997248167286029,-0.00018773446867934783,-0.00018773446867934783,0.10483542649153864,0.0,0.39056573149833346,0.31873216651416497,0.0,0.0
45.0,0.00167283458093683,0.0013413218320226378,55.96699537346638,41.31629758062601,6.92852812098543,6.980083138864873,1.4646868748724158,1.4735348274728293,0.002471350714190551,0.002017104483910709,0.19893953215551474,0.19893953215551474,-0.00019838356452891567,-0.00019838356452891567,0.1044203914030268,0.0,0.3906253463611392,0.318826515860296,0.0,0.0
46.0,0.0016730589286688858,0.0013418748314206698,56.03716165831095,41.36910292240177,6.92888102789818,6.981574602796323,1.464810064815268,1.4735246290126036,0.002472009690815933,0.0020181428494739015,0.19757099633860614,0.19757099633860614,-0.00021696542601440508,-0.00021696542601440508,0.103691044582251,0.0,0.39072950518046645,0.3189906414558428,0.0,0.0
46.4365251495658,0.001673166983724872,0.0013421149813529543,56.06712215852007,41.39167631105505,6.929036243191477,6.982222273562634,1.4648612789821887,1.4735152262389983,0.0024722927384052233,0.0020185878024187864,0.19698352093367108,0.19698352093367108,-0.00022495040608461273,-0.00022495040608461273,0.10337563170915604,0.0,0.3907742441007534,0.3190609713759193,0.0,0.0
47.0,0.0016733142344693697,0.0013424236912711468,56.10520304900804,41.42039200541539,6.929237642498684,6.983055293915008,1.464925128747322,1.473498723408608,0.0024726535749151693,0.0020191547629839907,0.19623398429463618,0.19623398429463618,-0.00023514459814945766,-0.00023514459814945766,0.10297121569197495,0.0,0.3908312784528055,0.3191505860007819,0.0,0.0
48.0,0.0016735938164649468,0.0013429675712842927,56.171163716985596,41.47019952158226,6.929597958719704,6.984525428457529,1.4650322930576394,1.473457549657029,0.0024732804784214947,0.0020201406569269817,0.19492780575198201,0.19492780575198201,-0.00025292475326608294,-0.00025292475326608294,0.10226121320813951,0.0,0.390930367747533,0.31930641785449043,0.0,0.0
48.4365251495658,0.0016737219904318702,0.0013432032202738199,56.199315970009835,41.49148583289397,6.929756401580406,6.985163920976082,1.4650766516942957,1.4734348983506247,0.0024735484196312177,0.002020562972901728,0.19436712102364717,0.19436712102364717,-0.00026056211657888515,-0.00026056211657888515,0.10195443177147626,0.0,0.3909727189311394,0.31937316974161106,0.0,0.0
49.0,0.0016738919261711672,0.001343505662524816,56.2350874085645,41.51855918407816,6.929961956470812,6.985985208578824,1.4651317751938764,1.473401535822012,0.002473888880826617,0.0020211009475312805,0.1936517847106944,0.1936517847106944,-0.000270309793665362,-0.000270309793665362,0.10156131418299062,0.0,0.391026532730861,0.31945820280664544,0.0,0.0
50.0,0.0016742034201235963,0.0013440371862959433,56.29701750815696,41.56550398572612,6.930329606465479,6.987434827863861,1.4652237863426543,1.4733311022553768,0.0024744774872095428,0.0020220360350970065,0.1924052556813536,0.1924052556813536,-0.0002873038336388882,-0.0002873038336388882,0.10087176756994648,0.0,0.3911195687256636,0.3196060041292753,0.0,0.0
50.4365251495658,0.0016743424574266336,0.001344266964420457,56.32343741732965,41.585561144550816,6.930491229863727,6.9880644837963475,1.4652616608483495,1.4732959396302245,0.0024747279589905843,0.0020224364223763586,0.19187019513357503,0.19187019513357503,-0.0002946006565542969,-0.0002946006565542969,0.10057406599322984,0.0,0.39115915866555406,0.3196692899343929,0.0,0.0
51.0,0.0016745239019630932,0.0013445614163477922,56.35699689961605,41.61106599337667,6.930700867762376,6.988874468048822,1.4653085291083292,1.4732466586444635,0.002475045285096556,0.0020229463111823623,0.191187567303148,0.191187567303148,-0.0003039111853022325,-0.0003039111853022325,0.10019279347955355,0.0,0.3912093156988488,0.31974988371264834,0.0,0.0
52.0,0.0016748494579023221,0.001345077667585526,56.41506805947489,41.655276594421984,6.931075691807614,6.990304303695566,1.4653862001203921,1.4731486071604643,0.0024755914340562728,0.002023832156371981,0.18999807860680443,0.18999807860680443,-0.00032013634865169025,-0.00032013634865169025,0.09952458596840542,0.0,0.39129564081058993,0.31988990171253406,0.0,0.0
52.4365251495658,0.0016749923051696065,0.00134530036246234,56.43982996262023,41.674159703673844,6.931240414377135,6.990925430874378,1.4654179363676918,1.4731016386064688,0.0024758228913488063,0.002024211286180133,0.1894875186013096,0.1894875186013096,-0.0003271003916107997,-0.0003271003916107997,0.09923631590606719,0.0,0.3913322252923248,0.3199498275303368,0.0,0.0
53.0,0.0016751767678903685,0.0013455853167551992,56.47127290289438,41.69816629894855,6.931454020460199,6.991724499347126,1.4654569878722132,1.473037339596332,0.002476115310255815,0.0020246939468011593,0.18883616255634547,0.18883616255634547,-0.00033598399054401404,-0.00033598399054401404,0.0988673127927856,0.0,0.39137844545694045,0.3200261175814334,0.0,0.0
54.0,0.0016755028942041757,0.0013460837858032067,56.52565290160397,41.739764975327205,6.931835789354746,6.993135213515095,1.4655210752184809,1.472913240437477,0.00247661642057688,0.0020255320506329805,0.18770120235114882,0.18770120235114882,-0.00035145894216024275,-0.00035145894216024275,0.0982211176952097,0.0,0.39145765169489244,0.32015858951174747,0.0,0.0
54.4365251495658,0.0016756442476134614,0.001346298369415036,56.54882939772923,41.75752646837265,6.932003501511434,6.993748091246034,1.4655469948941378,1.4728551403788133,0.0024768279435541003,0.0020258905708440966,0.1872140615115725,0.1872140615115725,-0.0003580985543679458,-0.0003580985543679458,0.09794254202709214,0.0,0.3914910853292875,0.3202152577461832,0.0,0.0
55.0,0.0016758253680078995,0.0013465725604680874,56.578248917383,41.780101659878746,6.932220926344164,6.994536596194635,1.4655786373752688,1.4727766840926677,0.0024770944374305423,0.002026346833815411,0.18659259488817184,0.18659259488817184,-0.0003665661719321839,-0.0003665661719321839,0.09758612060484188,0.0,0.39153320774525646,0.3202873753457526,0.0,0.0
56.0,0.0016761420215420375,0.0013470511714461287,56.6291013402504,41.819204782269345,6.932609354273403,6.99592879228675,1.465629844283884,1.4726280378816865,0.0024775491319819036,0.002027138656071667,0.18550974711459622,0.18550974711459622,-0.00038131078980219646,-0.00038131078980219646,0.09696241945460476,0.0,0.39160507743804995,0.32041253194183195,0.0,0.0
56.4365251495658,0.0016762779584783283,0.001347256805252184,56.65076315187776,41.83589456445255,6.932779923565913,6.996533675699878,1.4656502463782604,1.4725594506804305,0.002477740276776521,0.0020274771987898454,0.1850449856055295,0.1850449856055295,-0.00038763481747185516,-0.00038763481747185516,0.09669372015287193,0.0,0.39163529006678527,0.3204660425042087,0.0,0.0
57.0,0.001676451055177089,0.0013475192106671087,56.67824991204603,41.85710198246408,6.933000989781167,6.9973119394119205,1.4656748587695727,1.4724676593611155,0.002477980401238339,0.0020279078758638075,0.18445207940791733,0.18445207940791733,-0.00039569801486750734,-0.00039569801486750734,0.0963500907786405,0.0,0.3916732444941066,0.3205341159590285,0.0,0.0
58.0,0.0016767509050089726,0.0013479763122542872,56.72573388111034,41.893820326506784,6.933395745562943,6.9986861708664545,1.465713838758079,1.472295899224546,0.0024783882162079905,0.0020286548463895465,0.1834190219880483,0.1834190219880483,-0.0004097331858373266,-0.0004097331858373266,0.09574919109258961,0.0,0.3917377043309305,0.32065218322429473,0.0,0.0
58.4365251495658,0.0016768785868908288,0.001348172339176368,56.74594974672085,41.909485907362914,6.933569021348357,6.999283294492554,1.4657290011257893,1.4722174401190373,0.0024785588990956474,0.002028974031693012,0.1829756406963624,0.1829756406963624,-0.0004157508845849737,-0.0004157508845849737,0.09549047690154039,0.0,0.3917646827204105,0.3207026341250931,0.0,0.0
59.0,0.0016770402944992241,0.0013484221664799207,56.77159181821891,41.92938613055728,6.933793529480957,7.000051613685072,1.4657469355874737,1.4721130987242372,0.00247877264285018,0.002029379919773873,0.18241001821311306,0.18241001821311306,-0.00042342172413131106,-0.00042342172413131106,0.09515975784007806,0.0,0.3917984673741496,0.32076678939502695,0.0,0.0
60.0,0.0016773181305938273,0.0013488565017071574,56.81586178454396,41.96382516753101,6.934194246384394,7.001408391212075,1.4657742960710611,1.4719195924805197,0.0024791338019353876,0.0020300834433594137,0.1814245210580245,0.1814245210580245,-0.0004367691499466671,-0.0004367691499466671,0.0945818103685247,0.0,0.39185555271292427,0.3208779893727141,0.0,0.0
60.4365251495658,0.0016774355647275808,0.0013490424307969484,56.8346983767259,41.978511784854824,6.9343700639080925,7.001997971928614,1.4657844770064732,1.47183184854831,0.002479284209349425,0.002030383880722561,0.1810015606973624,0.1810015606973624,-0.0004424901018458717,-0.0004424901018458717,0.09433312424240714,0.0,0.39187932633107825,0.3209254769463577,0.0,0.0
61.0,0.0016775835432182474,0.0013492790961497582,56.85858114192492,41.997162498027784,6.934597797483249,7.002756621372319,1.4657960609549014,1.4717157059995278,0.0024794718851141213,0.002030765763175256,0.18046199632416615,0.18046199632416615,-0.00044978104150774766,-0.00044978104150774766,0.09401535117878554,0.0,0.39190899063981727,0.3209858378512251,0.0,0.0
62.0,0.0016778358042296077,0.0013496897614445143,56.89978673134975,42.02942266823536,6.935004081784882,7.004096418922983,1.4658123668260414,1.4715017583894379,0.002479787123966338,0.0020314272206728226,0.17952191919008006,0.17952191919008006,-0.0004624630561680447,-0.0004624630561680447,0.0934603665286003,0.0,0.3919588177586986,0.32109038880087637,0.0,0.0
62.4365251495658,0.001677941654000212,0.0013498652490673835,56.91730859707,42.043173404898255,6.935182265732562,7.0046786583863785,1.4658178066132108,1.4714052895254615,0.0024799176425206113,0.0020317095090557832,0.17911845934477058,0.17911845934477058,-0.0004678970918823074,-0.0004678970918823074,0.09322169277895241,0.0,0.39197944771428395,0.3211350077198888,0.0,0.0
63.0,0.0016780743573671848,0.0013500883524084962,56.93951467930707,42.06062954756347,6.935412995692952,7.0054278938997685,1.4658233447070939,1.4712780599738173,0.002480079802185023,0.0020320681555355963,0.17860377733352648,0.17860377733352648,-0.0004748208864648866,-0.0004748208864648866,0.09291682794202291,0.0,0.39200507891050107,0.32119169591254143,0.0,0.0
64.0,0.0016782987553896152,0.0013504747525362349,56.977800584392426,42.090806518166936,6.935824434112056,7.006751153602903,1.4658291218125998,1.471044914913249,0.002480350231855933,0.00203268890292585,0.1777070675588767,0.1777070675588767,-0.0004868602856957091,-0.0004868602856957091,0.09238469247226773,0.0,0.39204782342396044,0.32128981216246427,0.0,0.0
64.4365251495658,0.001678392189658351,0.001350639582529195,56.99407010442231,42.10366241237928,6.936004801692804,7.007326240261877,1.465830044221382,1.4709402548148638,0.002480461393912059,0.0020329536301682202,0.1773222256802249,0.1773222256802249,-0.0004920174120026673,-0.0004920174120026673,0.09215596358384422,0.0,0.39206539386284117,0.32133165534164093,0.0,0.0
65.0,0.0016785086825442165,0.0013508488819784115,57.01467932127783,42.1199763191007,6.93623829023773,7.008066301191404,1.4658298202713345,1.4708026189132917,0.002480598762548032,0.002033289795704489,0.1768312988303124,0.1768312988303124,-0.0004985870213862243,-0.0004985870213862243,0.09186390443032151,0.0,0.39208710655246387,0.32138479016313176,0.0,0.0
66.0,0.0016787039061254673,0.0013512106850324225,57.05018523335592,42.14816122778475,6.936654456374564,7.009373437447127,1.4658255587362825,1.4705514617508526,0.00248082576329043,0.002033871162200128,0.17597598897970293,0.17597598897970293,-0.0005100069047976867,-0.0005100069047976867,0.09135439533844333,0.0,0.3921229866252978,0.3214766818106497,0.0,0.0
66.4365251495658,0.001678784480200235,0.001351364749345105,57.065262598344205,42.16016137735896,6.936836819986464,7.009941548214153,1.465822172445594,1.4704391189024901,0.0024809182046354045,0.002034118904118136,0.1756089193452238,0.1756089193452238,-0.0005148972377157703,-0.0005148972377157703,0.09113549842087885,0.0,0.3921375980409061,0.32151584026435454,0.0,0.0
67.0,0.0016788842930966108,0.0013515601365720886,57.08435193567449,42.1753829104961,6.937072823887477,7.0106726594947855,1.465816451225053,1.4702917250753038,0.0024810316292011476,0.0020344333279084664,0.17514066764997963,0.17514066764997963,-0.000521125742369678,-0.000521125742369678,0.09085608584029828,0.0,0.3921555260954006,0.3215655385533496,0.0,0.0
68.0,0.0016790497730425208,0.0013518972314633061,57.11721251179487,42.20166259607454,6.937493283773219,7.011964062379875,1.465802608590742,1.4700236848396653,0.0024812167679575635,0.0020349766137626596,0.17432487308660585,0.17432487308660585,-0.0005319493686355086,-0.0005319493686355086,0.09036888537568272,0.0,0.3921847894008613,0.32165141111840023,0.0,0.0
68.4365251495658,0.001679117334932173,0.0013520405121476592,57.13115571283154,42.212844257142194,6.937677453296936,7.012525364023248,1.4657951085269614,1.4699041434908944,0.0024812911949402897,0.002035207933190994,0.1739747657310577,0.1739747657310577,-0.000536583072264189,-0.000536583072264189,0.0901596682262349,0.0,0.3921965534397487,0.321687973809116,0.0,0.0
69.0,0.0016792003502341419,0.001352221989665556,57.14879931686941,42.22702093256651,6.937915726746824,7.013247737896098,1.4657841374708351,1.4697476091930588,0.002481381604468102,0.0020355013373788353,0.17352815499043206,0.17352815499043206,-0.0005424835961528069,-0.0005424835961528069,0.08989269423756087,0.0,0.3922108437033334,0.32173434970867626,0.0,0.0
70.0,0.0016793360755540416,0.0013525344474269064,57.179144177118495,42.25147815345465,6.938340043601641,7.014523776006501,1.4657611416273553,1.4694637608173653,0.00248152657088831,0.0020360078117889063,0.17275007139529677,0.17275007139529677,-0.0005527342513275822,-0.0005527342513275822,0.08942740299771655,0.0,0.3922337573099613,0.32181440380246434,0.0,0.0
70.4365251495658,0.0016793906923828511,0.0013526670004147647,57.19200900890641,42.26187683401605,6.938525828362345,7.015078426313865,1.465749710211113,1.469337481949179,0.0024815837349608932,0.0020362232577052844,0.17241615102110167,0.17241615102110167,-0.0005571214824204183,-0.0005571214824204183,0.08922767975836952,0.0,0.39224279274775814,0.3218484575024204,0.0,0.0
71.0,0.0016794570550219463,0.0013528346612610488,57.20827819407525,42.27505394026696,6.938766125408137,7.0157922637631875,1.465733720994854,1.4691723949089004,0.0024816521097394267,0.0020364963462937424,0.17199019142994607,0.17199019142994607,-0.0005627071232979993,-0.0005627071232979993,0.0889728946791467,0.0,0.39225360016630606,0.3218916222883171,0.0,0.0
72.0,0.0016795634287633339,0.0013531227007379605,57.2362319452863,42.29776758160183,6.939193863693448,7.017053286595727,1.4657019728988572,1.4688737614217109,0.0024817586667215535,0.002036967245610803,0.17124809228379384,0.17124809228379384,-0.0005724080021936154,-0.0005724080021936154,0.08852904396128708,0.0,0.39227044272038447,0.3219660533303266,0.0,0.0
72.4365251495658,0.0016796053292050805,0.001353244641569859,57.24807202025532,42.30741713023117,6.939381074127195,7.017601435350415,1.4656867811973961,1.4687411836967605,0.0024817993447887217,0.0020371673524140557,0.17092961715747654,0.17092961715747654,-0.0005765588604013806,-0.0005765588604013806,0.08833860036093188,0.0,0.3922768723558003,0.32199768250739197,0.0,0.0
73.0,0.0016796553767982143,0.001353398651519358,57.26303529060854,42.31963784151425,6.939623150732562,7.018306927310657,1.4656659911939072,1.4685681031361402,0.002481846692603193,0.002037420810391044,0.17052336187776512,0.17052336187776512,-0.0005818426273907698,-0.0005818426273907698,0.08809571943926132,0.0,0.39228435622133223,0.3220377444498272,0.0,0.0
74.0,0.0016797331035201925,0.001353662609548753,57.28871757291693,42.34068311159959,6.940053879574745,7.019553267266941,1.4656258673695726,1.4682556578103299,0.0024819166382386883,0.0020378573367312233,0.16981559591978654,0.16981559591978654,-0.0005910167277616447,-0.0005910167277616447,0.08767278263610881,0.0,0.39229541193185313,0.32210674244831,0.0,0.0
74.4365251495658,0.0016797626329261989,0.00135377410104581,57.299584344793715,42.34961580158777,6.940242328631789,7.020095057070747,1.4656070761547453,1.4681171985036396,0.002481941617570073,0.002038042623701858,0.16951185676031644,0.16951185676031644,-0.000594941211411954,-0.000594941211411954,0.08749138081526761,0.0,0.3922993602018895,0.3221360291807291,0.0,0.0
75.0,0.0016797968413796106,0.0013539146833059152,57.31330742721141,42.36092128496774,6.940485944409678,7.020792385444892,1.465581689769962,1.467936656333169,0.0024819689554891923,0.0020382771164042107,0.16912440048468536,0.16912440048468536,-0.0005999359696742114,-0.0005999359696742114,0.08726009032335497,0.0,0.3923036812737889,0.32217309344382605,0.0,0.0
76.0,0.00167984683965903,0.0013541549892032185,57.336832980274494,42.38036990164186,6.940919240464873,7.022024359524975,1.4655335445965414,1.4676113247859148,0.0024820040939738663,0.002038680436686667,0.16844938916055346,0.16844938916055346,-0.0006086059988155543,-0.0006086059988155543,0.08685749336630402,0.0,0.3923092353146086,0.32223684284374915,0.0,0.0
76.4365251495658,0.0016798644252216694,0.0013542562309729973,57.34677577577073,42.388616510827326,6.941108744779205,7.022559926494738,1.4655113053105977,1.4674673806933327,0.002482014160705155,0.0020388514076327413,0.1681597080248657,0.1681597080248657,-0.0006123139660363002,-0.0006123139660363002,0.0866848762878126,0.0,0.392310826477034,0.32226386676416824,0.0,0.0
77.0,0.0016798833665466696,0.001354383653198127,57.35932166323167,42.39904602793101,6.941353664431602,7.023249265017526,1.4654815152010638,1.4672798826768894,0.0024820225012316573,0.002039067580347012,0.16779018553810296,0.16779018553810296,-0.0006170323882657352,-0.0006170323882657352,0.08646483908325124,0.0,0.3923121447929797,0.3222980353428734,0.0,0.0
78.0,0.0016799067012485793,0.001354600807214687,57.380800409245,42.41696639539467,6.9417891142545605,7.0244671762583515,1.4654256829942136,1.4669425449153868,0.002482024620832201,0.002039438825741917,0.16714642044864472,0.16714642044864472,-0.0006252206815107033,-0.0006252206815107033,0.08608196994842231,0.0,0.39231247982017425,0.3223567149386657,0.0,0.0
78.4365251495658,0.0016799128250824442,0.001354692026828172,57.38986646665692,42.42455628190915,6.9419794951062155,7.024996650618671,1.4654001386269921,1.466793493237634,0.0024820205512909553,0.0020395959688185653,0.16687014961909358,0.16687014961909358,-0.0006287218164569053,-0.0006287218164569053,0.08591786540259658,0.0,0.39231183658247043,0.32238155320560674,0.0,0.0
79.0,0.001679917134841466,0.0013548065902329017,57.40129547006616,42.4341472854242,6.942225489604425,7.0256781655920415,1.465366126804459,1.4665995201254072,0.0024820108919468738,0.0020397944466005805,0.16651773436356287,0.16651773436356287,-0.0006331763408781607,-0.0006331763408781607,0.08570872596985521,0.0,0.3923103098122691,0.3224129248971677,0.0,0.0
80.0,0.0016799149649644796,0.0013550011455711693,57.420832610982316,42.450604662019124,6.942662691578471,7.026882304295503,1.4653029237011768,1.466251012534222,0.002481981748521333,0.002040134712347659,0.16590377472426618,0.16590377472426618,-0.0006409047913868391,-0.0006409047913868391,0.0853449432730017,0.0,0.3923057033593562,0.3224667078040389,0.0,0.0
80.4365251495658,0.0016799101434228914,0.001355082591224996,57.42906712460931,42.4575658361559,6.942853775672623,7.027405810885757,1.4652742095832947,1.4660972117349462,0.0024819643027762656,0.002040278500031044,0.16564029560230273,0.16564029560230273,-0.0006442085752938868,-0.0006442085752938868,0.08518906749005196,0.0,0.39230294585910735,0.3224894350977824,0.0,0.0
81.0,0.0016799004957560955,0.001355184621552863,57.439436931806426,42.466354061388344,6.943100623208364,7.028079661808835,1.4652361484125145,1.4658972203623823,0.0024819376183916227,0.002040459887717415,0.16530419825269657,0.16530419825269657,-0.0006484113697937318,-0.0006484113697937318,0.08499045647984779,0.0,0.39229872808583305,0.322518105503568,0.0,0.0
82.0,0.0016798740345291968,0.0013553571695043732,57.4571330584092,42.48141071877924,6.943539189088176,7.029270306596034,1.465165874071188,1.4655383376294648,0.0024818789232805318,0.002040770233265113,0.164718668373252,0.164718668373252,-0.0006557013689580406,-0.0006557013689580406,0.08464509719456542,0.0,0.39228945064982707,0.3225671591795053,0.0,0.0
82.4365251495658,0.0016798588024221602,0.0013554291039785532,57.46457922780315,42.48776991117658,6.943730809172824,7.029787965306537,1.4651341185884386,1.4653801282661472,0.002481848840440049,0.0020409011224579512,0.1644673903831913,0.1644673903831913,-0.0006588170557177758,-0.0006588170557177758,0.0844971580804357,0.0,0.3922846957116,0.32258784771876997,0.0,0.0
83.0,0.0016798358910302597,0.0013555189440830645,57.47394496850675,42.495789462911375,6.9439782959075895,7.0304543054183615,1.4650921716850143,1.465174552617568,0.0024818060775680384,0.002041066004840171,0.16414685743547391,0.16414685743547391,-0.0006627799877131459,-0.0006627799877131459,0.08430869636880786,0.0,0.3922779365488497,0.32261390927178785,0.0,0.0
84.0,0.001679786375628825,0.0013556701018643037,57.48989617921816,42.5095048370944,6.94441785202171,7.031631724139919,1.46501511081307,1.4648060495968733,0.002481719488921553,0.0020413474542526067,0.16358844422761254,0.16358844422761254,-0.0006696523754546923,-0.0006696523754546923,0.08398108270914066,0.0,0.3922642502194144,0.3226583955818791,0.0,0.0
84.4365251495658,0.0016797612742867314,0.001355732797593634,57.49659526237021,42.5152875634146,6.944609847363722,7.0321436502893455,1.4649804360475802,1.4646437551238265,0.0024816774838067115,0.0020414658864985266,0.16334880373395674,0.16334880373395674,-0.0006725889713933944,-0.0006725889713933944,0.08384078272357476,0.0,0.3922576108288821,0.3226771151577034,0.0,0.0
85.0,0.0016797257980847025,0.0013558108014008364,57.50500957793502,42.52257099830877,6.944857768001274,7.032802627039207,1.4649347590831001,1.4644330073598428,0.002481619556808711,0.002041614828630099,0.1630431161128457,0.1630431161128457,-0.0006763235830174906,-0.0006763235830174906,0.0836620850156265,0.0,0.39224845480196635,0.3227006571711454,0.0,0.0
86.0,0.001679654466883887,0.0013559412022902313,57.51930760544003,42.53500183284379,6.945297956156835,7.033967077566021,1.4648511828051847,1.4640556008692995,0.0024815066736098637,0.00204186837121053,0.16251056663384572,0.16251056663384572,-0.0006827986072276444,-0.0006827986072276444,0.08335153052910291,0.0,0.39223061231672335,0.32274073248612567,0.0,0.0
86.4365251495658,0.0016796200352321433,0.001355994937381827,57.525298975099844,42.54023245511791,6.945490172894234,7.034473382229989,1.4648137051090002,1.4638895284123132,0.002481453434504833,0.002041974772995156,0.1622820258752456,0.1622820258752456,-0.0006855648547556449,-0.0006855648547556449,0.08321856922664447,0.0,0.39222219726509866,0.3227575505094578,0.0,0.0
87.0,0.0016795726876580265,0.0013560614650234672,57.532812092074586,42.54681085984249,6.9457383310987835,7.035125137687547,1.464764446530777,1.4636739998605577,0.0024813812229437376,0.002042108320604287,0.16199049756408634,0.16199049756408634,-0.0006890823429342108,-0.0006890823429342108,0.08304924723216217,0.0,0.3922107833990285,0.32277865924193067,0.0,0.0
88.0,0.0016794807633786657,0.001356171750440674,57.545544436040714,42.55801134168562,6.946178809226871,7.0362768686019725,1.46467461361046,1.4632883704147732,0.002481243581141143,0.002042334911687975,0.16148261660247507,0.16148261660247507,-0.0006951796272946485,-0.0006951796272946485,0.08275506215269704,0.0,0.3921890275322859,0.3228144745635035,0.0,0.0
88.4365251495658,0.0016794375313641447,0.0013562168054872593,57.550865638445174,42.562713126484745,6.9463711006135425,7.036777658900901,1.4646344441172023,1.4631188115172407,0.0024811797683855254,0.002042429694807238,0.16126466264504494,0.16126466264504494,-0.0006977839920948309,-0.0006977839920948309,0.0826291384085915,0.0,0.39217894119382235,0.32282945612341674,0.0,0.0
89.0,0.0016793789925406005,0.001356272219416424,57.55752544502272,42.568616191821114,6.946619309293944,7.0374223301160175,1.4645817457898769,1.4628988736262725,0.002481094115440126,0.002042548374790197,0.16098663934147833,0.16098663934147833,-0.0007010951930835163,-0.0007010951930835163,0.08246880361818928,0.0,0.3921654027626837,0.3228482148569236,0.0,0.0
90.0,0.0016792676699892595,0.0013563630326263094,57.56877550937212,42.57863808011476,6.947059751870308,7.038561581319802,1.464485903717609,1.4625056671039287,0.0024809331857242184,0.002042748936664958,0.16050228705062602,0.16050228705062602,-0.0007068337125085833,-0.0007068337125085833,0.08219029953033591,0.0,0.39213996597394496,0.32287991596326415,0.0,0.0
90.4365251495658,0.0016792161538381506,0.0013563996881832937,57.57346232473668,42.58283325370169,6.947251978427711,7.039056960672667,1.4644431487977068,1.462332898444495,0.002480859430960044,0.0020428324986431073,0.16029443076298144,0.16029443076298144,-0.0007092843739343359,-0.0007092843739343359,0.08207111347400776,0.0,0.39212830818691535,0.32289312389302893,0.0,0.0
91.0,0.0016791470849539887,0.0013564443501077412,57.579314449286095,42.588089344787825,6.9475000599060355,7.03969467999314,1.4643871465737428,1.4621089037010095,0.0024807611426324074,0.0020429368196166753,0.16002928856333812,0.16002928856333812,-0.0007123997518940077,-0.0007123997518940077,0.08191937956518631,0.0,0.3921127725885861,0.3229096130202899,0.0,0.0
92.0,0.0016790175223330456,0.0013565163312727392,57.58916168264457,42.596982092949354,6.947940158178376,7.040821683245526,1.4642855325333641,1.4617087329473353,0.0024805783294848636,0.002043112242534992,0.15956737814787106,0.15956737814787106,-0.0007177978148510097,-0.0007177978148510097,0.08165587343210624,0.0,0.39208387687230084,0.32293734062602125,0.0,0.0
92.4365251495658,0.001678958221230062,0.001356544865884571,57.59324818684238,42.60069189355664,6.948132187767395,7.041311751594998,1.4642402941981347,1.4615330170293135,0.002480495235409573,0.0020431849670775465,0.1593691531999145,0.1593691531999145,-0.0007201026592122341,-0.0007201026592122341,0.08154312811110262,0.0,0.39207074289995353,0.3229488355746991,0.0,0.0
93.0,0.001678879260642638,0.0013565791343757546,57.59833607780182,42.60532811647008,6.948379973848356,7.041942646948871,1.4641811184239437,1.4613052998390108,0.00248038508034382,0.0020432754199723527,0.15911629731485802,0.15911629731485802,-0.0007230322984107424,-0.0007230322984107424,0.08139961301375893,0.0,0.3920533316274594,0.3229631326929349,0.0,0.0
94.0,0.0016787325736232846,0.001356632916719211,57.606856115906275,42.61313898790504,6.948819435898262,7.043057626345889,1.4640739601494335,1.4608987462041,0.002480181722065544,0.0020434265632247733,0.15867579277406108,0.15867579277406108,-0.0007281075353983363,-0.0007281075353983363,0.08115043062117752,0.0,0.39202118851744644,0.32298702261879125,0.0,0.0
94.4365251495658,0.0016786659674888683,0.0013566536053972985,57.610374742826146,42.61638371527959,6.949011143722961,7.0435424803592985,1.464026336409017,1.4607203320170317,0.002480089862572317,0.0020434888206939603,0.158486754661226,0.158486754661226,-0.0007302741518258345,-0.0007302741518258345,0.0810438334182944,0.0,0.3920066690701853,0.3229968631263829,0.0,0.0
95.0,0.001678577728154479,0.0013566778340537518,57.61473974932103,42.62042598013605,6.949258475678994,7.044166675507271,1.4639641123730638,1.460489209549681,0.0024799685723407294,0.0020435658793732867,0.1582456181647453,0.1582456181647453,-0.0007330277520709378,-0.0007330277520709378,0.08090816106887613,0.0,0.3919874977569225,0.32300904313512435,0.0,0.0
96.0,0.0016784149860770898,0.001356714040932597,57.62200455831175,42.62720015788748,6.949697026343634,7.045269847911274,1.4638516289065404,1.4600768243637272,0.0024797459418240755,0.0020436935723977256,0.15782553209642083,0.15782553209642083,-0.0007377971095671122,-0.0007377971095671122,0.08067263993638993,0.0,0.39195230844842843,0.32302922648328813,0.0,0.0
96.4365251495658,0.0016783415341883184,0.0013567271540018773,57.624986162448224,42.629999220235696,6.9498882948974545,7.0457495811611155,1.4638017140863788,1.4598959480175986,0.0024796458624355353,0.002043745720300215,0.15764525719078282,0.15764525719078282,-0.0007398327881603253,-0.0007398327881603253,0.08057190376218945,0.0,0.3919364897523658,0.32303746905782643,0.0,0.0
97.0,0.0016782446021111536,0.0013567416900645642,57.628667615076466,42.63347230097425,6.9501350233826455,7.0463671959235805,1.4637365624152254,1.4596617210169907,0.002479514132176879,0.002043809842191692,0.15741529980426014,0.15741529980426014,-0.0007424196630880767,-0.0007424196630880767,0.08044370557494415,0.0,0.3919156682729948,0.3230476042587607,0.0,0.0
98.0,0.001678066825813221,0.0013567609327813758,57.634745634735474,42.63925299160717,6.950572404058623,7.047458771350501,1.4636189647764688,1.4592440270037361,0.002479273438235872,0.002043914885698439,0.1570146912718492,0.1570146912718492,-0.0007468994023158529,-0.0007468994023158529,0.08022119738449478,0.0,0.39187762383295116,0.3230642075906838,0.0,0.0
98.4365251495658,0.001677986966068354,0.0013567667350259745,57.63721955362119,42.64162495006911,6.95076312302238,7.047933474477514,1.4635668497966923,1.4590609123364504,0.0024791656567563075,0.002043957269177041,0.15684277590122503,0.15684277590122503,-0.000748811134295526,-0.000748811134295526,0.08012604166666386,0.0,0.39186058773299803,0.32307090678595135,0.0,0.0
99.0,0.0016778818995250135,0.0013567719183596395,57.640254844920214,42.64455254108813,6.951009107927008,7.048544624939975,1.4634988868044985,1.458823865896037,0.0024790241460754606,0.002044008895907362,0.15662348281393793,0.15662348281393793,-0.000751240212160454,-0.000751240212160454,0.08000495774938218,0.0,0.39183822034564086,0.32307906698324645,0.0,0.0
100.0,0.001677690060403872,0.0013567747945720217,57.64521113104119,42.649381073095235,6.951445076276295,7.049624806910474,1.4633763785814964,1.4584013585259428,0.0024787665351859584,0.002044092063003239,0.15624145527908642,0.15624145527908642,-0.0007554459120597704,-0.0007554459120597704,0.07979483033866848,0.0,0.39179750198771607,0.32309221249733566,0.0,0.0
100.4365251495658,0.0016776042090735077,0.0013567735446219364,57.64720524718455,42.651343683870785,6.951635142376329,7.050094567771811,1.4633221512032444,1.4582162176847269,0.0024786515425125576,0.0020441250153263313,0.1560775148349832,0.1560775148349832,-0.0007572403916652082,-0.0007572403916652082,0.07970498182871029,0.0,0.3917793260758075,0.32309742099022476,0.0,0.0
101.0,0.0016774915384223073,0.001356769706990993,57.649629911360506,42.653748453671795,6.951880252632426,7.0506993664717825,1.4632514891998276,1.4579766219898478,0.002478500876568965,0.002044164573350868,0.15586839556208112,0.15586839556208112,-0.0007595202183022138,-0.0007595202183022138,0.07959066196907325,0.0,0.39175551159409,0.3231036735900469,0.0,0.0
102.0,0.0016772865584247427,0.0013567567996003228,57.65352627655017,42.65766437067494,6.952314582208008,7.051768352331405,1.463124267069082,1.457549770774613,0.0024782274349016524,0.0020442266106499435,0.15550409488425854,0.15550409488425854,-0.000763466782139117,-0.000763466782139117,0.07939230093525848,0.0,0.39171229100002775,0.3231134792972254,0.0,0.0
102.4365251495658,0.0016771951102665383,0.0013567487495110388,57.6550670785892,42.659234624920074,6.952503899041819,7.052233256135979,1.4630680121114576,1.4573628047720923,0.002478105695947915,0.0020442504536928446,0.15534776295929337,0.15534776295929337,-0.0007651504100284953,-0.0007651504100284953,0.0793074943519083,0.0,0.39169304876107874,0.3231172479638246,0.0,0.0
103.0,0.0016770753381921107,0.001356736214090673,57.656914870151056,42.66113826691012,6.9527480123889775,7.052831812233921,1.4629947596735617,1.4571209158097511,0.0024779464666755888,0.00204427835491406,0.15514835023796006,0.15514835023796006,-0.0007672891536809041,-0.0007672891536809041,0.07919959879909527,0.0,0.39166788074696557,0.32312165807208587,0.0,0.0
104.0,0.0016768580904898385,0.001356708090512615,57.65981002246559,42.6641794159203,6.95318049219575,7.0538897934464915,1.462863013858147,1.4566901655399467,0.002477658222329076,0.0020443199836250175,0.15480096274222516,0.15480096274222516,-0.0007709908187688896,-0.0007709908187688896,0.07901240875549681,0.0,0.39162232041955164,0.32312823796766404,0.0,0.0
104.4365251495658,0.0016767614191305347,0.001356693485497948,57.660922665293356,42.66537357752632,6.953368970031611,7.05434992287924,1.4628048133891753,1.4565015647856712,0.0024775301770230546,0.002044335028340477,0.1546518902974125,0.1546518902974125,-0.0007725697067002995,-0.0007725697067002995,0.07893238728306129,0.0,0.3916020813892403,0.32313061595762455,0.0,0.0
105.0,0.0016766350212070432,0.0013566725665718204,57.66222563628838,42.66679685812319,6.953611972751112,7.054942342315686,1.462729075599211,1.4562576250228771,0.00247736294443714,0.0020443516707106396,0.15446173902167282,0.15446173902167282,-0.0007745751644332418,-0.0007745751644332418,0.07883058734770883,0.0,0.39157564835955305,0.3231332464752486,0.0,0.0
106.0,0.0016764063313699563,0.0013566297783086463,57.664175315203934,42.66899947311116,6.9540424067556685,7.055989504733489,1.4625929902718442,1.4558233969505072,0.002477060869798285,0.002044373587693639,0.15413048963519474,0.15413048963519474,-0.0007780455144854935,-0.0007780455144854935,0.07865399287333107,0.0,0.3915279019956913,0.3231367107059732,0.0,0.0
106.4365251495658,0.0016763047898797263,0.001356608856594338,57.664883678860726,42.66983311447508,6.954229962311889,7.0564449400699845,1.4625329237764906,1.4556333417587302,0.0024769269341267316,0.0020443801345676957,0.15398834419729615,0.15398834419729615,-0.0007795254910754622,-0.0007795254910754622,0.07857850853189645,0.0,0.3915067319254984,0.3231377455145624,0.0,0.0
107.0,0.0016761722153617016,0.0013565798593988794,57.66567225445948,42.670795918653596,6.95447174893624,7.0570313257106285,1.4624548024325934,1.455387580790453,0.0024767522276811053,0.0020443859026724187,0.1538070303916562,0.1538070303916562,-0.0007814050965183107,-0.0007814050965183107,0.07848248702587383,0.0,0.39147911756649934,0.3231386572297198,0.0,0.0
108.0,0.001675932862882526,0.0013565229418480873,57.66672936376112,42.67219469967164,6.954899955537475,7.058067849824352,1.4623145560702855,1.4549502737583377,0.0024764372418553844,0.0020443887814602033,0.15349118084917523,0.15349118084917523,-0.0007846570761928378,-0.0007846570761928378,0.07831593334473698,0.0,0.3914293304413598,0.32313911225517167,0.0,0.0
108.4365251495658,0.0016758267844833336,0.0013564959346195977,57.667056110924364,42.67268273556157,6.955086511746253,7.0585186690371,1.4622527005983033,1.4547589348328767,0.0024762978089308343,0.0020443871209519654,0.15335564573813432,0.15335564573813432,-0.0007860436935677688,-0.0007860436935677688,0.07824474724791902,0.0,0.3914072914672337,0.3231388497927855,0.0,0.0
109.0,0.0016756884572535242,0.0013564591553024141,57.66735916314791,42.67320410997302,6.955326984750308,7.059099120807481,1.4621722943991888,1.4545115700006885,0.002476116128899142,0.0020443823865722924,0.15318276557002689,0.15318276557002689,-0.0007878045257533617,-0.0007878045257533617,0.07815419878373844,0.0,0.39137857485291455,0.32313810146973726,0.0,0.0
110.0,0.0016754391773106114,0.0013563886277484366,57.66757390039875,42.67383229805897,6.9557527962211845,7.0601251819775275,1.4620280600954032,1.454071561520567,0.002475789100166735,0.0020443668783520566,0.15288161268806194,0.15288161268806194,-0.000790850456994974,-0.000790850456994974,0.0779971522080353,0.0,0.3913268842081457,0.3231356502175268,0.0,0.0
110.4365251495658,0.0016753288761735654,0.001356355759171396,57.66754053233424,42.67398901767313,6.955938281981358,7.06057146083431,1.4619644903914966,1.4538791004175817,0.002475644541299983,0.0020443572913158986,0.1527523862743816,0.1527523862743816,-0.0007921489981690668,-0.0007921489981690668,0.07793003472267154,0.0,0.3913040350200194,0.32313413487642273,0.0,0.0
111.0,0.0016751851957934078,0.0013563114848373888,57.66738545175742,42.674087211464375,6.956177351460349,7.061146075844616,1.461881895099233,1.4536303374000652,0.0024754563601587717,0.0020443424139674413,0.15258755510518562,0.15258755510518562,-0.0007937977912604995,-0.0007937977912604995,0.0778446658907158,0.0,0.39127429083072157,0.32313178334073794,0.0,0.0
112.0,0.0016749266811642962,0.0013562278505833136,57.66680543407835,42.67397665954786,6.9566006133697735,7.0621618445204675,1.4617338408388634,1.453187984681344,0.0024751181084220995,0.0020443091485212103,0.15230042912445516,0.15230042912445516,-0.0007966493910838709,-0.0007966493910838709,0.07769661405894727,0.0,0.39122082626131177,0.3231265253551428,0.0,0.0
112.4365251495658,0.001674812453261368,0.0013561893378792101,57.666432344945335,42.67381575686216,6.956784963292154,7.062603656677012,1.4616686294573924,1.4529945542508726,0.0024749687741864174,0.0020442919066106235,0.15217722411623702,0.15217722411623702,-0.000797864877914297,-0.000797864877914297,0.07763334487988685,0.0,0.3911972222713147,0.3231238000732732,0.0,0.0
113.0,0.0016746637960821738,0.0013561378467030678,57.66584511024551,42.67350826031508,6.957022546631246,7.063172529339635,1.4615839380408955,1.452744587626877,0.0024747745379839793,0.0020442672340589343,0.15202007559047326,0.15202007559047326,-0.0007994080316320757,-0.0007994080316320757,0.07755287432003928,0.0,0.3911665210100904,0.32311990029328896,0.0,0.0
114.0,0.0016743966991412036,0.0013560415933074972,57.664515496197716,42.67268950033668,6.957443117253756,7.064178171257784,1.4614322269428133,1.4523002285579432,0.0024744258371806466,0.0020442168206614014,0.15174633858570463,0.15174633858570463,-0.0008020764310282773,-0.0008020764310282773,0.07741332625847987,0.0,0.39111140484576123,0.3231119318771675,0.0,0.0
114.4365251495658,0.0016742788231248697,0.001355997646870627,57.66382202562578,42.67222410283113,6.957626271402223,7.064615588343892,1.4613654443490351,1.4521059733650268,0.0024742720584575474,0.002044192186714276,0.15162888134495042,0.15162888134495042,-0.0008032136326147419,-0.0008032136326147419,0.07735369441041612,0.0,0.3910870983535145,0.3231080381990778,0.0,0.0
115.0,0.001674125543428004,0.001355939208258744,57.662827270879376,42.67152768393774,6.957862292941518,7.0651788104828945,1.4612787471107742,1.4518549871508475,0.0024740721881561754,0.002044158055466039,0.15147906651709206,0.15147906651709206,-0.0008046572231978415,-0.0008046572231978415,0.07727785279313597,0.0,0.39105550655828586,0.3231026433635379,0.0,0.0
116.0,0.0016738504781772857,0.0013558308078503085,57.66079087829575,42.67002999038191,6.958280042661311,7.066174486859925,1.4611235376421792,1.4514089412348408,0.0024737137686177933,0.0020440910837397214,0.15121811087314416,0.15121811087314416,-0.0008071529868826664,-0.0008071529868826664,0.07714633882628939,0.0,0.39099885423633124,0.3230920577134968,0.0,0.0
116.4365251495658,0.0016737292162682133,0.0013557816313947925,57.659795362174165,42.66927268623196,6.958461946292368,7.0666075785605695,1.461055252301793,1.451213997961068,0.002473555857616678,0.002044059312144915,0.15110614076081166,0.15110614076081166,-0.000808216428293752,-0.000808216428293752,0.07709014260343153,0.0,0.390973894590114,0.3230870358482656,0.0,0.0
117.0,0.0016735716474102352,0.0013557165061828082,57.6584164418308,42.668203425315184,6.958696336990702,7.067165239514779,1.4609666369899335,1.4509621661226133,0.0024733507503991795,0.0020440160479152022,0.15096332725903427,0.15096332725903427,-0.0008095662198475016,-0.0008095662198475016,0.07701867253384626,0.0,0.3909414750401827,0.32308019744017585,0.0,0.0
118.0,0.0016732891915061084,0.0013555964158298824,57.65571386149016,42.6660548753484,6.959111147705586,7.068151107225242,1.4608080831562633,1.4505147353695356,0.0024729833011418005,0.002043933088643049,0.15071457421204004,0.15071457421204004,-0.0008118993666033005,-0.0008118993666033005,0.07689474406700043,0.0,0.3908833954674982,0.3230670847750115,0.0,0.0
118.4365251495658,0.0016731647903739629,0.0013555422065578443,57.65443368093053,42.665017739163595,6.959291751008648,7.0685799413569494,1.4607383616148293,1.4503192331958146,0.0024728215523879236,0.0020438944256886,0.15060784296125942,0.15060784296125942,-0.0008128933378262361,-0.0008128933378262361,0.07684179092028383,0.0,0.3908578292204075,0.3230609736512902,0.0,0.0
119.0,0.0016730032459189997,0.001355470647233037,57.652692732419766,42.66359106164834,6.95952444810899,7.069132128077125,1.4606479135227735,1.450066720136802,0.002472611582921825,0.0020438423438444153,0.15047171418733393,0.15047171418733393,-0.0008141547939279353,-0.0008141547939279353,0.07677444677748357,0.0,0.3908246411362764,0.3230527415180253,0.0,0.0
120.0,0.001672713942665935,0.0013553393093512834,57.64936243749956,42.66081859204501,6.959936212638884,7.0701083398221485,1.4604861650364986,1.4496181899138012,0.0024722357538577537,0.0020437439497410365,0.1502346124293911,0.1502346124293911,-0.0008163348173216967,-0.0008163348173216967,0.07665767597206476,0.0,0.3907652370389613,0.3230371892006259,0.0,0.0
120.4365251495658,0.0016725866342924502,0.0013552802581351749,57.64781406594905,42.65951320923302,6.960115470479206,7.0705329824051075,1.460415071990122,1.4494222508851593,0.002472070445144678,0.0020436986339441715,0.15013288354617807,0.15013288354617807,-0.0008172633823452566,-0.0008172633823452566,0.0766077823525767,0.0,0.3907391080994584,0.32303002651880003,0.0,0.0
121.0,0.0016724214091188212,0.0013552025090752347,57.64573206989643,42.657743916667656,6.960346417178017,7.071079779545727,1.4603228740451832,1.449169211912363,0.002471855966799663,0.0020436380399253065,0.15000313791062403,0.15000313791062403,-0.0008184416777950402,-0.0008184416777950402,0.07654433007499213,0.0,0.39070520733526193,0.3230204489386247,0.0,0.0
122.0,0.0016721257694106012,0.0013550603518590971,57.64181052117532,42.65437337769756,6.960755038681891,7.072046484012421,1.46015807647642,1.448719851753987,0.0024714723708639218,0.002043524746367757,0.14977716225641674,0.14977716225641674,-0.0008204775670838144,-0.0008204775670838144,0.07643430943517554,0.0,0.3906445755947318,0.3230025415914788,0.0,0.0
122.4365251495658,0.0016719957719271124,0.0013549966434326932,57.640009569673715,42.652810867528245,6.960932910347707,7.072466999338715,1.4600856748349182,1.448523591127173,0.0024713037641678794,0.002043473008788481,0.14968021044715044,0.14968021044715044,-0.0008213445730361267,-0.0008213445730361267,0.07638730060151769,0.0,0.39061792537116696,0.322994363873234,0.0,0.0
123.0,0.0016718271432989763,0.0013549129411540796,57.63760640772073,42.6507131669511,6.961162055470177,7.073008489344859,1.459991807677661,1.4482701728937202,0.002471085110183409,0.00204340419850519,0.14955656063869865,0.14955656063869865,-0.0008224446056557234,-0.0008224446056557234,0.0763275174280552,0.0,0.39058336459922693,0.3229834876181605,0.0,0.0
124.0,0.001671525647492958,0.0013547603790216856,57.63312815453396,42.646769373393376,6.961567446874593,7.073965831357327,1.4598241025891783,1.447820237273896,0.0024706943253705524,0.0020432765242251183,0.14934121075231027,0.14934121075231027,-0.0008243448667165043,-0.0008243448667165043,0.07622385931500436,0.0,0.39052159657415536,0.32296330723275907,0.0,0.0
124.4365251495658,0.0016713931659870036,0.0013546921921754524,57.631089415119874,42.644960410833626,6.961743895829759,7.074382282055606,1.4597504535328079,1.4476237638485412,0.0024705226677252563,0.002043218588761435,0.14924882137720394,0.14924882137720394,-0.0008251539529904663,-0.0008251539529904663,0.0761795691114292,0.0,0.3904944641130424,0.32295414986774484,0.0,0.0
125.0,0.0016712213945847877,0.001354602765586277,57.62838392535909,42.642547942575,6.961971193512499,7.074918545245362,1.4596549955883908,1.4473701047762288,0.0024703001523267917,0.0020431418489725295,0.1491309936655515,0.1491309936655515,-0.0008261803553863288,-0.0008261803553863288,0.0761232432869177,0.0,0.3904592930002995,0.32294202026329466,0.0,0.0
126.0,0.0016709144942998189,0.001354440199629231,57.623381702335685,42.638054722016115,6.96237327695432,7.075866665907928,1.4594845206572737,1.4469198338436564,0.002469902723635821,0.0020430002967110686,0.14892579284563884,0.14892579284563884,-0.000827953031531047,-0.000827953031531047,0.07602557937510739,0.0,0.39039647483403406,0.3229196463036442,0.0,0.0
126.4365251495658,0.0016707797215873565,0.0013543677074067618,57.62111918961831,42.63600955840278,6.9625482705974795,7.07627911300527,1.4594096836879558,1.4467232502777307,0.0024697282479669708,0.0020429363803798894,0.14883776139739432,0.14883776139739432,-0.0008287076388399878,-0.0008287076388399878,0.07598384998645345,0.0,0.3903688969519533,0.3229095435938744,0.0,0.0
127.0,0.0016706050524929435,0.001354272778060231,57.61812921966795,42.63329542240821,6.962773679979943,7.076810227647648,1.45931271123065,1.4464694809592968,0.0024695021674302105,0.002042851989048876,0.14872549496819568,0.14872549496819568,-0.000829664790059713,-0.000829664790059713,0.07593078043893423,0.0,0.3903331623281824,0.3228962045753701,0.0,0.0
128.0,0.0016702931723250381,0.0013541005964921582,57.612634039301504,42.6282756609728,6.96317238626524,7.077749264481405,1.4591396003585886,1.4460191012379118,0.0024690986087169894,0.0020426970461762672,0.14852998898962425,0.14852998898962425,-0.0008313174826172791,-0.0008313174826172791,0.07583876112725195,0.0,0.3902693752415404,0.32287171407593135,0.0,0.0
128.4365251495658,0.00167015628968612,0.0013540239663852845,57.61016103022388,42.626004143587664,6.963345895696334,7.078157767459944,1.4590636333464517,1.4458225043481812,0.0024689215346364556,0.002042627359378317,0.14844612059642703,0.14844612059642703,-0.0008320208619324348,-0.0008320208619324348,0.07579944281596233,0.0,0.39024138665066854,0.3228606992776553,0.0,0.0
129.0,0.0016699789533204112,0.0013539237487306317,57.60690348797754,42.62300092434376,6.963569380621926,7.078683809850794,1.4589652205583596,1.4455687479304427,0.0024686921682994974,0.0020425355860110225,0.14833916691743637,0.14833916691743637,-0.0008329128989546861,-0.0008329128989546861,0.07574943881241346,0.0,0.39020513266846224,0.3228461934435864,0.0,0.0
130.0,0.0016696624924731507,0.0013537423273297323,57.600944729100824,42.61747661000006,6.963964648702653,7.079613896922772,1.4587896039722832,1.4451184729865354,0.0024682829640374007,0.0020423677251126537,0.14815292292742807,0.14815292292742807,-0.0008344527875211051,-0.0008344527875211051,0.07566273260113572,0.0,0.39014045323802116,0.3228196611019041,0.0,0.0
130.4365251495658,0.0016695236703500955,0.0013536617214703617,57.59827380092744,42.614988200607506,6.964136648497393,7.080018513777995,1.4587125631982392,1.4449219540347065,0.0024681034985975132,0.0020422924718832905,0.1480730318794336,0.1480730318794336,-0.0008351080088504731,-0.0008351080088504731,0.07562568343096508,0.0,0.3901120866653557,0.3228077664652521,0.0,0.0
131.0,0.0016693438833621094,0.0013535564230991977,57.5947647030243,42.611707990747895,6.964358177225014,7.080539558308775,1.4586127822230992,1.4446683265834366,0.0024678711098217454,0.002042193577847143,0.14797115409668488,0.14797115409668488,-0.0008359388378586156,-0.0008359388378586156,0.07557856421720476,0.0,0.3900753549520042,0.3227921351277404,0.0,0.0
132.0,0.0016690232171907072,0.001353366125641295,57.588370195273306,42.605700254321995,6.964749953694626,7.081460826355849,1.4584347865676495,1.4442183576609593,0.0024674567167718604,0.0020420132572779026,0.147793759563506,0.147793759563506,-0.0008373727001332696,-0.0008373727001332696,0.07549685706048878,0.0,0.3900098553740967,0.32276363339206565,0.0,0.0
132.4365251495658,0.0016688826158486492,0.001353281700988726,57.58551326184215,42.60300404672677,6.964920421687373,7.081861613647849,1.458356726762613,1.4440220026261736,0.0024672750551805664,0.00204193263552431,0.14771766886194337,0.14771766886194337,-0.0008379826611085875,-0.0008379826611085875,0.07546194261089766,0.0,0.38998114167449416,0.32275089019853975,0.0,0.0
133.0,0.0016687005819560148,0.0013531715228750907,57.581767779910216,42.59945846939105,6.9651399666139575,7.082377732874735,1.4582556477554591,1.4437686134735672,0.0024670398922614217,0.0020418268743502554,0.1476206412248524,0.1476206412248524,-0.0008387559685071989,-0.0008387559685071989,0.07541753704064,0.0,0.38994397147594045,0.3227341734310614,0.0,0.0
134.0,0.001668376063425603,0.001352972701554811,57.574963884276364,42.59298762341738,6.965528205222787,7.083290309421462,1.4580753961785833,1.4433191400991028,0.0024666207410546995,0.0020416345387590865,0.1474517029370432,0.1474517029370432,-0.0008400901996485416,-0.0008400901996485416,0.0753405316828655,0.0,0.389877719816731,0.3227037725832632,0.0,0.0
134.4365251495658,0.001668233833575758,0.0013528846100774956,57.5719322305595,42.590092360097174,6.965697122298171,7.083687322326003,1.457996370559878,1.443123029937413,0.002466437067352646,0.0020415487404847124,0.14737924386507564,0.14737924386507564,-0.0008406576338934114,-0.0008406576338934114,0.07530762475754627,0.0,0.3898486880799282,0.32269021118121205,0.0,0.0
135.0,0.0016680497443574362,0.0013527697468106144,57.567964735291135,42.58629259011253,6.965914659692547,7.084198587034127,1.4578940617332183,1.442869982012948,0.0024661993643815654,0.0020414363581530773,0.1472868511793383,0.1472868511793383,-0.0008413768970348025,-0.0008413768970348025,0.0752657709148909,0.0,0.38981111639701144,0.3226724478637809,0.0,0.0
136.0,0.0016677217054172995,0.0013525627426489275,57.56077642086953,42.57937816564093,6.966299320883489,7.085102596505354,1.4577116739659954,1.4424211825717648,0.0024657758610155817,0.002041232438979336,0.14712599429349962,0.14712599429349962,-0.0008426175284820963,-0.0008426175284820963,0.07519318621800755,0.0,0.38974417682907697,0.32264021609780175,0.0,0.0
136.4365251495658,0.0016675779888039146,0.0013524711315001437,57.55758073589114,42.57629225350519,6.96646667077693,7.085495888862243,1.4576317342713967,1.4422253934632023,0.0024655903487164274,0.002041141650496403,0.1470570060079667,0.1470570060079667,-0.0008431450137399193,-0.0008431450137399193,0.07516216655049476,0.0,0.389714854480899,0.32262586593601056,0.0,0.0
137.0,0.0016673920244463626,0.0013523517715090805,57.55340483901452,42.572249037456295,6.966682180525245,7.086002368127426,1.4575282619384788,1.4419727836086766,0.0024653503263957766,0.002041022885707365,0.14696904311513828,0.14696904311513828,-0.0008438135113347273,-0.0008438135113347273,0.07512271136951491,0.0,0.3896769161981614,0.32260709379792957,0.0,0.0
138.0,0.0016670607773225877,0.0013521369147462077,57.545855756064455,42.56490981893022,6.96706323099002,7.08689793195596,1.457343854370133,1.4415248258932194,0.002464922853649177,0.0020408078016509665,0.1468159102502965,0.1468159102502965,-0.0008449662290542661,-0.0008449662290542661,0.07505428163749797,0.0,0.3896093492240603,0.32257309729409667,0.0,0.0
138.4365251495658,0.001666915707274766,0.0013520419264331951,57.542506164227916,42.5616413442541,6.9672290000972685,7.087287556315292,1.4572630508899433,1.441329429477042,0.002464735666344503,0.0020407122037817277,0.1467502393934816,0.1467502393934816,-0.0008454561950595156,-0.0008454561950595156,0.07502503559637559,0.0,0.3895797621220344,0.32255798695359805,0.0,0.0
139.0,0.0016667280372730825,0.001351918252203066,57.53813475844207,42.55736501950352,6.9674424654600475,7.087789317563086,1.4571584795055934,1.4410773487465338,0.0024644935327572115,0.0020405872882116732,0.14666651067612615,0.14666651067612615,-0.0008460770172515985,-0.0008460770172515985,0.07498783448091144,0.0,0.3895414901293713,0.3225382426139791,0.0,0.0
140.0,0.0016663938756827674,0.0013516958626761334,57.53024730788149,42.549619077816956,6.96781987771612,7.088676554292687,1.4569721652545,1.440630390478664,0.002464062451525202,0.0020403614456784153,0.14652076105272036,0.14652076105272036,-0.0008471471793761497,-0.0008471471793761497,0.07492330878649275,0.0,0.38947335279273326,0.3225025456093936,0.0,0.0
140.4365251495658,0.001666247577632493,0.0013515976352225486,57.52675339875923,42.54617582039669,6.967984054911807,7.089062561959106,1.4568905468619928,1.4404354540773385,0.0024638737434554032,0.002040261213945828,0.14645826138329426,0.14645826138329426,-0.0008476019154568268,-0.0008476019154568268,0.07489572908231469,0.0,0.3894435253163241,0.32248670283360564,0.0,0.0
141.0,0.001666058361448633,0.0013514698235020024,57.52219869570263,42.541676333114694,6.968195462292623,7.089559671021311,1.4567849390614427,1.4401839880228036,0.0024636296947913514,0.002040130372490276,0.14637858029461678,0.14637858029461678,-0.0008481779735480065,-0.0008481779735480065,0.07486064552859284,0.0,0.38940495062379793,0.3224660218397669,0.0,0.0
142.0,0.0016657215617389644,0.001351240211007293,57.51399409516244,42.5335410569503,6.968569214280688,7.090438696404453,1.456596828042824,1.4397381773510285,0.0024631953453456527,0.002039894166014175,0.14623988891618453,0.14623988891618453,-0.0008491706273871734,-0.0008491706273871734,0.07479978704660105,0.0,0.389336296708474,0.3224286866950585,0.0,0.0
142.4365251495658,0.0016655741537070059,0.0013511388781089068,57.51036495180423,42.52993050352367,6.96873179074581,7.0908211374795425,1.4565144422233345,1.4395437641834885,0.0024630052619385064,0.002039789470822846,0.14618042095848907,0.14618042095848907,-0.0008495922897899789,-0.0008495922897899789,0.07477377244230018,0.0,0.389306251844211,0.3224121384183852,0.0,0.0
143.0,0.001665383541386839,0.0013510071001089502,57.50563851812866,42.52521742578289,6.968941129471468,7.091313658648326,1.4564078588593945,1.4392929931266818,0.002462759483179481,0.002039652921826833,0.1461046095753791,0.1461046095753791,-0.000850126325604823,-0.000850126325604823,0.07474067766656034,0.0,0.38926740369031637,0.3223905552822659,0.0,0.0
144.0,0.001665044363602883,0.0013507705647486602,57.497136864695285,42.51670955132776,6.969311204173227,7.092184585743755,1.4562180578502806,1.438848469099572,0.002462322186356291,0.002039406734470811,0.14597266645105564,0.14597266645105564,-0.0008510462240118147,-0.0008510462240118147,0.07468326301746873,0.0,0.38919828390815014,0.32235164254492615,0.0,0.0
144.4365251495658,0.0016648959566540557,0.0013506662559223228,57.493381090511015,42.512938908300946,6.969472173231449,7.092563509166469,1.456134950729189,1.4386546384842607,0.0024621308647346032,0.0020392977412785965,0.14591609716191378,0.14591609716191378,-0.0008514368429448053,-0.0008514368429448053,0.07465871804371658,0.0,0.38916804332986676,0.32233441491988074,0.0,0.0
145.0,0.0016647040894055554,0.0013505306775065146,57.48849388213416,42.50802145428869,6.969679435343493,7.093051505246006,1.4560274509080486,1.438404637775631,0.0024618835302999374,0.0020391556967555152,0.14584398576034754,0.14584398576034754,-0.0008519314378296145,-0.0008519314378296145,0.07462749061664703,0.0,0.3891289492835812,0.32231196315263105,0.0,0.0
146.0,0.001664362778290371,0.0013502875100204926,57.479714211909794,42.49915709341906,6.970045820419387,7.093914444504939,1.4558360636100032,1.4379615307925608,0.0024614435886194524,0.0020388999004919695,0.14571849516634147,0.14571849516634147,-0.000852783054916535,-0.000852783054916535,0.07457330922328166,0.0,0.389059411451362,0.32227153161716676,0.0,0.0
146.4365251495658,0.0016642134769599222,0.0013501803507466438,57.47583995618352,42.49523329893889,6.970205177381983,7.094289898090955,1.4557522799798086,1.4377683383407485,0.0024612511580793424,0.0020387867699731207,0.1456646976185977,0.1456646976185977,-0.0008531445413067708,-0.0008531445413067708,0.07455014389999655,0.0,0.3890289955957939,0.3222536500401588,0.0,0.0
147.0,0.0016640204876945536,0.0013500411326129115,57.47080235079279,42.49012034033664,6.970410357439284,7.094773430447742,1.4556439210957257,1.4375191786059363,0.0024610024324341895,0.0020386394358125476,0.14559612427038546,0.14559612427038546,-0.0008536021247603691,-0.0008536021247603691,0.07452066938944125,0.0,0.3889896816527227,0.3222303621849895,0.0,0.0
148.0,0.0016636772736254803,0.001349791614695642,57.4617626954036,42.48091500735763,6.970773044885698,7.095628489803486,1.4554510481957368,1.4370776108462393,0.00246056013115507,0.002038374391885041,0.14547680404863453,0.14547680404863453,-0.0008543896709598729,-0.0008543896709598729,0.07446952284923493,0.0,0.388919770858856,0.3221884689500922,0.0,0.0
148.4365251495658,0.001663527176318197,0.001349681726554411,57.45777767749571,42.47684474276617,6.970930786904909,7.096000520282208,1.4553666315423848,1.4368851086460848,0.0024603667136164943,0.00203825728008529,0.14542565713064778,0.14542565713064778,-0.000854723822925908,-0.000854723822925908,0.07444765241419714,0.0,0.3888891989968517,0.32216995808594084,0.0,0.0
149.0,0.0016633331901575678,0.0013495390244087553,57.45259950537672,42.47154482334311,6.971133881797051,7.096479648892284,1.455257469311464,1.4366368560206144,0.002460116751844668,0.002038104856250722,0.1453604673205325,0.1453604673205325,-0.0008551466808627102,-0.0008551466808627102,0.07441982303730338,0.0,0.38884968966977157,0.32214586574937776,0.0,0.0
150.0,0.0016629882900224685,0.0013492834290121077,57.44331694555802,42.46201346036507,6.971492867622458,7.097326933842888,1.4550632085413429,1.436196941852187,0.0024596723599570533,0.002037830915518145,0.14524704821280354,0.14524704821280354,-0.0008558741173386704,-0.0008558741173386704,0.07437152451198582,0.0,0.38877944843123635,0.3221025662723222,0.0,0.0
150.4365251495658,0.001662837489386107,0.001349170929813312,57.439228477851366,42.45780316107116,6.9716489935530355,7.0976955868933835,1.4549782010699523,1.436005178643985,0.0024594780703879465,0.002037709974002301,0.14519843634314855,0.14519843634314855,-0.0008561826263797155,-0.0008561826263797155,0.07435086915731466,0.0,0.38874873873479754,0.32208345007758515,0.0,0.0
151.0,0.0016626426241360933,0.0013490248945356887,57.43391905111347,42.45232451053615,6.971850002324169,7.098170370388271,1.4548682895631782,1.4357578949967222,0.0024592270187311707,0.0020375526547193185,0.14513648260529294,0.14513648260529294,-0.0008565729090280282,-0.0008565729090280282,0.07432458344303577,0.0,0.38870905713889153,0.32205858395921044,0.0,0.0
152.0,0.001662296242153069,0.0013487634861581305,57.42440976749961,42.442481511564054,6.972205286243616,7.099009984076513,1.4546727357577447,1.4353197413650725,0.002458780789891417,0.0020372701579836824,0.14502870762104347,0.14502870762104347,-0.0008572439614419003,-0.0008572439614419003,0.07427895706721907,0.0,0.38863852554898637,0.32201393210766627,0.0,0.0
152.4365251495658,0.0016621448254277194,0.0013486484900654295,57.42022477714535,42.43813737736487,6.972359796512262,7.099375304361926,1.4545871784178408,1.4351287627081148,0.0024585857367069516,0.0020371455339762493,0.14498252047769175,0.14498252047769175,-0.0008575284183471497,-0.0008575284183471497,0.07425944168428815,0.0,0.3886076951543754,0.3219942338528662,0.0,0.0
153.0,0.0016619491920219526,0.0013484992678682195,57.41479291741536,42.43248792451847,6.9725587201950825,7.0998458000725915,1.4544765700935105,1.4348825058540293,0.0024583337330725263,0.0020369835079119616,0.1449236620506272,0.1449236620506272,-0.0008578881477876527,-0.0008578881477876527,0.07423460414693095,0.0,0.3885678630874751,0.3219686237736822,0.0,0.0
154.0,0.0016616015205062175,0.0013482323028309595,57.405072238660146,42.42234715832714,6.972910305342377,7.100677843362787,1.4542798152477874,1.4344462126527067,0.0024578859064829685,0.0020366927862308162,0.14482128586700352,0.14482128586700352,-0.0008585063194306125,-0.0008585063194306125,0.07419148445668039,0.0,0.3884970789548745,0.3219226718750949,0.0,0.0
154.4365251495658,0.001661449569851098,0.0013481149204804756,57.40079728817777,42.417875163210475,6.973063201824815,7.101039874563379,1.4541937477581321,1.4342560610841588,0.0024576901919212864,0.002036564622750099,0.14477741813028128,0.14477741813028128,-0.0008587682199135816,-0.0008587682199135816,0.07417303838989268,0.0,0.3884661440220032,0.3219024141659165,0.0,0.0
155.0,0.0016612532727658365,0.0013479626530598062,57.395251352831934,42.41206254843647,6.973260043284271,7.101506138562464,1.4540824934937937,1.4340108849869098,0.0024574373663597687,0.0020363980731842174,0.14472152062942306,0.14472152062942306,-0.0008590992972646623,-0.0008590992972646623,0.07414955921421094,0.0,0.388426182040092,0.3218760890953851,0.0,0.0
156.0,0.001660904492846957,0.0013476903797707191,57.385333801182476,42.40163738029977,6.97360793594119,7.102330710114241,1.4538846268193941,1.4335765454102185,0.002456988167596593,0.0020360994481689945,0.14462430902182805,0.14462430902182805,-0.0008596678815683211,-0.0008596678815683211,0.07410879059636685,0.0,0.3883551810197014,0.32182888798413295,0.0,0.0
156.4365251495658,0.0016607520856461056,0.0013475707183843472,57.380975107967146,42.39704328175648,6.973759221846555,7.102689494959142,1.4537980876924899,1.4333872605963989,0.0024567918880723724,0.0020359678841551793,0.1445826601304813,0.1445826601304813,-0.0008599086316321716,-0.0008599086316321716,0.07409134740608087,0.0,0.38832415678801624,0.32180809278166733,0.0,0.0
157.0,0.0016605552232882292,0.0013474155430647284,57.375323014969574,42.39107486889009,6.973953985632926,7.103151582101539,1.4536862368164791,1.4331432155612316,0.0024565383632270364,0.0020357969891434333,0.14452959523735018,0.14452959523735018,-0.0008602128438901333,-0.0008602128438901333,0.07406914214424838,0.0,0.3882840842762712,0.32178108086354035,0.0,0.0
158.0,0.001660205505581125,0.0013471382022705342,57.36522234941383,42.38037818122851,6.974298194974758,7.103968778440733,1.4534873447973269,1.4327109164400822,0.0024560880050192233,0.002035490773244303,0.14443732453907365,0.14443732453907365,-0.0008607349363308818,-0.0008607349363308818,0.07403057830699561,0.0,0.38821289999234765,0.321732679925959,0.0,0.0
158.4365251495658,0.00166005271472931,0.0013470163657642586,57.36078580420303,42.37566752910245,6.974447874737008,7.104324358738445,1.4534003713636467,1.4325225353205109,0.002455891251456316,0.0020353559436818297,0.1443977984587896,0.1443977984587896,-0.0008609558573715912,-0.0008609558573715912,0.07401407554177737,0.0,0.3881818008334071,0.3217113685660462,0.0,0.0
159.0,0.001659855379799377,0.001346858415636898,57.355035055617364,42.36955041671013,6.974640566947932,7.104782322700286,1.453287971686285,1.4322796681779364,0.0024556371429860883,0.0020351808762121976,0.1443474436261049,0.1443474436261049,-0.0008612348839148447,-0.0008612348839148447,0.07399306482243805,0.0,0.3881416360730492,0.3216836971430592,0.0,0.0
160.0,0.0016595048850319095,0.0013465762406643352,57.34476431272186,42.35859462871764,6.974981104804646,7.105592238287082,1.4530881381337795,1.4318494902996448,0.0024551858259482633,0.0020348673729905647,0.1442599002155719,0.1442599002155719,-0.0008617133933286414,-0.0008617133933286414,0.07395656828738052,0.0,0.38807030023503686,0.3216341443605131,0.0,0.0
160.4365251495658,0.001659351779202148,0.0013464523297518933,57.34025549707173,42.35377277361919,6.97512918398068,7.105944654954808,1.4530007665657705,1.4316620472242094,0.0024549886840926592,0.0020347294090252363,0.14422240521933583,0.14422240521933583,-0.0008619157269836174,-0.0008619157269836174,0.07394094726566423,0.0,0.3880391397019788,0.32161233757225255,0.0,0.0
161.0,0.0016591540590339404,0.0013462917338069452,57.33441320131028,42.34751380572316,6.975319812131754,7.10639854827095,1.4528878644102814,1.4314204015049088,0.002454734101069944,0.0020345503371674567,0.14417464339119265,0.14417464339119265,-0.0008621711457508221,-0.0008621711457508221,0.07392105651513518,0.0,0.3879988999331533,0.3215840332097568,0.0,0.0
162.0,0.0016588029386341936,0.0013460049507936058,57.32398473386122,42.33631089203022,6.975656692764077,7.107201275565393,1.4526871705179871,1.4309924199177269,0.002454282014391806,0.0020342298415569338,0.14409162320544064,0.14409162320544064,-0.0008626088050766047,-0.0008626088050766047,0.07388649813094114,0.0,0.38792744244465566,0.3215333751998884,0.0,0.0
162.4365251495658,0.0016586495825280324,0.0013458790630856339,57.31940893668134,42.33138299333773,6.975803177938255,7.107550568657231,1.4525994358538756,1.4308059467772987,0.002454084565106072,0.0020340888706080196,0.14405607166512976,0.14405607166512976,-0.0008627937178268265,-0.0008627937178268265,0.07387170373209745,0.0,0.3878962333187369,0.3215110931233582,0.0,0.0
163.0,0.0016584515594063266,0.0013457159463388963,57.31348182955437,42.32498876961622,6.97599175084178,7.108000442757302,1.452486076087055,1.430565562878675,0.002453829610391072,0.002033905957656866,0.14401079101149422,0.14401079101149422,-0.0008630270111796177,-0.0008630270111796177,0.07385286290770098,0.0,0.3878559347996795,0.32148218163196685,0.0,0.0
164.0,0.0016580999560520948,0.001345424774454232,57.302907343111436,42.31355027804333,6.97632499073149,7.108796072282291,1.4522846004849788,1.4301398471817794,0.002453376932486012,0.0020335787562132668,0.14393209908455315,0.14393209908455315,-0.0008634263876505263,-0.0008634263876505263,0.07382012138521506,0.0,0.3877843838609808,0.32143046368821165,0.0,0.0
164.4365251495658,0.0016579464106338427,0.0013452970045533031,57.29826957630516,42.308521311515634,6.976469889426244,7.109142281016361,1.4521965366524026,1.4299543735325952,0.002453179252026271,0.0020334349020811326,0.14389840727320002,0.14389840727320002,-0.000863594975184745,-0.000863594975184745,0.07380610184995928,0.0,0.3877531381953568,0.32140772589148064,0.0,0.0
165.0,0.0016577481620918017,0.0013451314881675587,57.29226404093033,42.30199819700817,6.976656417077751,7.10958818625942,1.4520827627150728,1.4297152888773785,0.0024529240226190685,0.0020332483066937412,0.1438555009379992,0.1438555009379992,-0.0008638075354660971,-0.0008638075354660971,0.07378824518537826,0.0,0.3877127962580439,0.3213782323487752,0.0,0.0
166.0,0.0016573962102249457,0.0013448361398247705,57.28155462839852,42.290335265460314,6.976986034731468,7.110376806661311,1.4518805815235611,1.4292919034970242,0.002452470921734399,0.002032914677835118,0.14378095096290092,0.14378095096290092,-0.0008641710402684441,-0.0008641710402684441,0.0737572066539612,0.0,0.38764117846256296,0.32132549847830205,0.0,0.0
166.4365251495658,0.0016572425329409142,0.001344706579416488,57.27685964165417,42.285210030481934,6.977129355323703,7.11071996944583,1.4517922213630439,1.4291074566791342,0.0024522730820108786,0.0020327680608043727,0.14374903886708054,0.14374903886708054,-0.0008643243316181944,-0.0008643243316181944,0.0737439133939789,0.0,0.38760990762347064,0.32130232397373315,0.0,0.0
167.0,0.0016570441320384877,0.001344538780817875,57.270781727284415,42.27856416482729,6.977313848795842,7.111161955153721,1.451678075300301,1.4288697058664204,0.0024520176693827757,0.0020325779371322336,0.1437084047291839,0.1437084047291839,-0.0008645174664178478,-0.0008645174664178478,0.07372697915645873,0.0,0.3875695367259915,0.321272272745126,0.0,0.0
168.0,0.001656691958346443,0.0013442394618771365,57.25994790160515,42.26668753737737,6.977639864561652,7.111943653260618,1.4514752621835938,1.4284487103189232,0.0024515643041737346,0.002032238151369263,0.14363781864239647,0.14363781864239647,-0.0008648473638381658,-0.0008648473638381658,0.07369753674120183,0.0,0.38749787715100975,0.32121856570525226,0.0,0.0
168.4365251495658,0.0016565382033302462,0.0013441081998175704,57.255200196381985,42.261470663856855,6.9777816162046316,7.112283807719004,1.4513866374718645,1.428265315568991,0.0024513663729959813,0.002032088888307998,0.1436076097842118,0.1436076097842118,-0.0008649863252925648,-0.0008649863252925648,0.07368492415782041,0.0,0.3874665918565262,0.3211949729651888,0.0,0.0
169.0,0.001656339718914826,0.001343938232807304,57.24905563620732,42.25470797008963,6.977964087548058,7.112721922208441,1.4512721599631357,1.4280289305180784,0.0024511108634011,0.002031895386123625,0.14356915023064762,0.14356915023064762,-0.000865161262431066,-0.000865161262431066,0.07366885441698669,0.0,0.3874262056323347,0.3211643877239446,0.0,0.0
170.0,0.0016559874427815452,0.0013436351427709105,57.23810736126653,42.24262801229583,6.978286523444275,7.113496783086299,1.451068786182573,1.4276103796602615,0.0024506573834710277,0.002031549706281305,0.14350235781776688,0.14350235781776688,-0.0008654596785118999,-0.0008654596785118999,0.07364090783635414,0.0,0.38735452792437713,0.32110974905717793,0.0,0.0
170.4365251495658,0.0016558336610463715,0.0013435022651705514,57.23331120401684,42.23732396723654,6.978426715994711,7.11383396608132,1.4509799276557414,1.4274280602189864,0.0024504594247785616,0.002031397910736407,0.1434737790859451,0.1434737790859451,-0.0008655852173212102,-0.0008655852173212102,0.07362893314805544,0.0,0.3873232382808775,0.32108575602900863,0.0,0.0
171.0,0.001655635157996982,0.0013433302400322534,57.22710543199362,42.23045016016678,6.978607178145591,7.114268256694765,1.4508651580446532,1.4271930703063584,0.0024502038995471327,0.0020312011755554207,0.1434374007967162,0.1434374007967162,-0.0008657431095642239,-0.0008657431095642239,0.07361367355606911,0.0,0.38728284958515014,0.3210546597755417,0.0,0.0
172.0,0.0016552828919253833,0.0013430235722321688,57.21605215183967,42.21817687366628,6.978926057701015,7.115036363701372,1.450661292511543,1.4267770145740628,0.0024497504459556757,0.0020308498569862193,0.14337423931831864,0.14337423931831864,-0.0008660120402892867,-0.0008660120402892867,0.07358712873945288,0.0,0.3872111760403131,0.3209991298432705,0.0,0.0
172.4365251495658,0.001655129131544103,0.001342889162536673,57.211211586507524,42.21278996742758,6.9790647016510725,7.1153706113583945,1.4505722298881245,1.4265957917884844,0.0024495525200349845,0.002030695639275326,0.14334722080793796,0.14334722080793796,-0.0008661250081662873,-0.0008661250081662873,0.07357575181798864,0.0,0.3871798915767686,0.32097475396396413,0.0,0.0
173.0,0.001654930671000146,0.0013427151861395454,57.20494975326651,42.20581056162662,6.979243168344842,7.115801124493779,1.4504572062121701,1.4263622239782634,0.00244929705584929,0.0020304958124738315,0.14331283455182928,0.14331283455182928,-0.0008662669376808049,-0.0008662669376808049,0.07356125140072677,0.0,0.38713951253002027,0.32094316904439046,0.0,0.0
174.0,0.0016545785210079018,0.0013424051279178368,57.19380041972735,42.193353598045675,6.979558516449878,7.116562559330725,1.4502529155403112,1.4259487096134946,0.0024488437615906057,0.0020301391032632454,0.14325314838843856,0.14325314838843856,-0.0008665082567100877,-0.0008665082567100877,0.07353602012533458,0.0,0.38706786416955674,0.320886787059375,0.0,0.0
174.4365251495658,0.0016544248272818973,0.0013422692669857073,57.188919279562164,42.187887990311815,6.979695622863827,7.11689390706009,1.4501636775440963,1.425768603034424,0.002448645925279467,0.0020299825705632005,0.14322762324883706,0.14322762324883706,-0.0008666094531381884,-0.0008666094531381884,0.07352520334018796,0.0,0.3870365938698305,0.320862045269462,0.0,0.0
175.0,0.0016542264668575697,0.0013420934428838795,57.18260626744401,42.18080830772579,6.979872108554862,7.117320688199425,1.4500484365641086,1.4255364820026142,0.002448390594433511,0.0020297797894910305,0.14319514368964845,0.14319514368964845,-0.000866736435702141,-0.000866736435702141,0.07351141429910829,0.0,0.3869962358989583,0.32082999339349916,0.0,0.0
176.0,0.0016538745328481819,0.0013417801757664605,57.17136936622908,42.16817698194364,6.980183951322889,7.118075530962137,1.449843785121946,1.4251255512698742,0.0024479375848863484,0.002029417930655697,0.14313878400480798,0.14313878400480798,-0.0008669519016773187,-0.0008669519016773187,0.07348741384556716,0.0,0.38692463254041876,0.32077279745118537,0.0,0.0
176.4365251495658,0.001653720948465587,0.001341642941943863,57.16645128495046,42.16263668741611,6.980319531778128,7.118404013480703,1.44975439950471,1.4249465787446862,0.0024477398917659744,0.002029259187087941,0.143114688295249,0.143114688295249,-0.0008670420770342448,-0.0008670420770342448,0.07347712191648238,0.0,0.3868933848736364,0.3207477062082545,0.0,0.0
177.0,0.0016535227424509026,0.001341465370472117,57.16009172221556,42.15546186462791,6.980494051564988,7.118827107217633,1.4496389767341191,1.424715926997496,0.002447484762409885,0.0020290535851779506,0.14308403380790202,0.14308403380790202,-0.0008671550660108782,-0.0008671550660108782,0.07346399944081194,0.0,0.3868530587505503,0.32071520846649676,0.0,0.0
178.0,0.0016531711185616112,0.0013411490703361395,57.14877529758339,42.14266516742995,6.9808024162033835,7.119575436443541,1.4494340266965173,1.4243076183898105,0.0024470321557611696,0.002028686810856835,0.14303085822841177,0.14303085822841177,-0.0008673463294509951,-0.0008673463294509951,0.07344115226683501,0.0,0.38678151907473474,0.3206572355752355,0.0,0.0
178.4365251495658,0.001653017683745739,0.0013410105395290752,57.14382371993257,42.13705406125873,6.980936482735598,7.119901087795434,1.4493445202605575,1.4241297961508146,0.002446834656337212,0.002028525957569846,0.1430081307810944,0.1430081307810944,-0.0008674261879567295,-0.0008674261879567295,0.07343135212412767,0.0,0.3867503020238943,0.32063181086696463,0.0,0.0
179.0,0.0016528196832950538,0.001340831317895111,57.13742199418972,42.12978905641713,6.98110905229151,7.120320537861759,1.4492289499944264,1.4239006341373512,0.002446579792707255,0.0020283176644433354,0.14297922327709603,0.14297922327709603,-0.000867526078044868,-0.000867526078044868,0.07341885421299914,0.0,0.3867100179018733,0.32059888774754625,0.0,0.0
180.0,0.0016524684582231608,0.00134051215513053,57.12603367225914,42.11683566657076,6.981413966981772,7.121062430576696,1.4490237613940358,1.4234949825724899,0.002446127700350808,0.0020279462020825548,0.1429290955895071,0.1429290955895071,-0.0008676946878519026,-0.0008676946878519026,0.07339708764444153,0.0,0.38663855951585385,0.320540173857807,0.0,0.0
180.4365251495658,0.00165231521087173,0.0013403724008744207,57.121051863969846,42.11115748953833,6.981546532033975,7.121385284153283,1.4489341600145267,1.4233183253210975,0.0024459304422236247,0.002027783337331522,0.1429076778795382,0.1429076778795382,-0.0008677648903493313,-0.0008677648903493313,0.07338774829679283,0.0,0.3866073806047381,0.3205144312145565,0.0,0.0
181.0,0.001652117464180633,0.0013401916232479495,57.114612134866036,42.10380708897291,6.981717167542257,7.121801133444512,1.4488184753583484,1.4230906715406908,0.002445675904858797,0.002027572478900265,0.14288044264130992,0.14288044264130992,-0.0008678525211204068,-0.0008678525211204068,0.07337583559094521,0.0,0.38656714805266573,0.32048110261927865,0.0,0.0
182.0,0.0016517667214897864,0.0013398697629134594,57.10315914564466,42.09070538475709,6.982018661328678,7.122536665207394,1.448613106136535,1.4226877085480452,0.0024452244317707504,0.002027196549431648,0.1428332325038195,0.1428332325038195,-0.0008679999307137736,-0.0008679999307137736,0.07335508152956371,0.0,0.38649578754912484,0.3204216826518727,0.0,0.0
182.4365251495658,0.0016516136973055706,0.0013397288564404087,57.09815020286531,42.08496374822902,6.9821497377038995,7.122856753766533,1.4485234347836917,1.4225122295349273,0.002445027459795794,0.0020270317686555406,0.14281306852577927,0.14281306852577927,-0.0008680610972903065,-0.0008680610972903065,0.07334617393899735,0.0,0.386464653867653,0.32039563715886715,0.0,0.0
183.0,0.0016514162497768938,0.0013395466140391943,57.09167641407729,42.07753257276742,6.982318455798032,7.1232690443664906,1.44840766768193,1.4222861006393468,0.0024447733057416828,0.002026818467220394,0.14278743404937966,0.14278743404937966,-0.0008681372565227068,-0.0008681372565227068,0.07333480956165003,0.0,0.386424481902239,0.320361922418784,0.0,0.0
184.0,0.0016510660681844785,0.0013392222160129364,57.080165612277476,42.06429064298593,6.982616558484412,7.123998289312358,1.448202173739247,1.4218858545379096,0.0024443225508339293,0.0020264382852343207,0.14274301671831632,0.14274301671831632,-0.0008682648296212617,-0.0008682648296212617,0.07331500420887375,0.0,0.38635323491533663,0.32030183029218395,0.0,0.0
184.4365251495658,0.001650913300797985,0.0013390802263167079,57.07513247047467,42.05848903364017,6.9827461593018185,7.124315644996933,1.4481124565002812,1.42171156563934,0.0024441259072726686,0.002026271681130405,0.1427240528690694,0.1427240528690694,-0.000868317542079415,-0.000868317542079415,0.07330650117261359,0.0,0.38632215314341883,0.3202754966012904,0.0,0.0
185.0,0.0016507161951976879,0.0013388966074897785,57.06862836104027,42.050981544644095,6.982912977009859,7.1247244182014695,1.4479966377646427,1.4214869765301432,0.002443872190273498,0.002026056055476816,0.1426999507148714,0.1426999507148714,-0.00086838296890041,-0.00086838296890041,0.07329565057912507,0.0,0.38628205025955475,0.320241414491805,0.0,0.0
186.0,0.0016503666488447812,0.0013385698266150964,57.05706624574927,42.03760719914968,6.983207719063761,7.125447449082957,1.4477910730108092,1.4210894725980168,0.002443422246726508,0.0020256718293896123,0.1426582067849962,0.1426582067849962,-0.0008684919849698924,-0.0008684919849698924,0.07327673417514213,0.0,0.3862109315175338,0.3201806831486035,0.0,0.0
186.4365251495658,0.0016502141699294539,0.001338426820514019,57.0520116881214,42.03174898349687,6.983335857717997,7.12576210343874,1.4477013331116646,1.4209163843885766,0.0024432259713887162,0.0020255034919857418,0.1426403917524146,0.1426403917524146,-0.0008685367891545811,-0.0008685367891545811,0.07326861021404817,0.0,0.3861799079475618,0.3201540754897573,0.0,0.0
187.0,0.001650017446533006,0.001338241910822155,57.04548080314733,42.02416948863156,6.983500792411099,7.126167399778572,1.447585492449084,1.4206933483098245,0.002442972742068141,0.002025285657476242,0.14261775640331303,0.14261775640331303,-0.0008685921769997297,-0.0008685921769997297,0.07325824104996848,0.0,0.3861398821468972,0.3201196442452422,0.0,0.0
188.0,0.0016496686052379361,0.001337912897048671,57.03387353641505,42.01067026838764,6.98379220487518,7.126884288005858,1.4473799088524428,1.42029860894565,0.0024425236976444754,0.00202489758969239,0.1425785715612057,0.1425785715612057,-0.0008686838363829727,-0.0008686838363829727,0.07324015762744589,0.0,0.38606890552163764,0.3200583056777907,0.0,0.0
188.4365251495658,0.0016495164446183735,0.0013377689392464753,57.02880020184277,42.00475869709317,6.983918894998725,7.127196271998724,1.4472901686793014,1.4201267307674734,0.0024423278280221172,0.002024727606416983,0.14256185621849662,0.14256185621849662,-0.0008687212443729778,-0.0008687212443729778,0.07323238888072987,0.0,0.38603794607964664,0.320031437870057,0.0,0.0
189.0,0.0016493201413483067,0.0013375828215401954,57.022245902623226,41.99711135584489,6.9840819643434795,7.127598131261446,1.4471743347196246,1.4199052593940256,0.0024420751340535236,0.0020245076750809235,0.14254062494524927,0.14254062494524927,-0.0008687672437725528,-0.0008687672437725528,0.07322247084786487,0.0,0.3859980048975075,0.31999667519803693,0.0,0.0
190.0,0.0016489720708449008,0.0013372517200604672,57.0105993270276,41.983494542548975,6.984370078753457,7.128308946940762,1.4469687823560506,1.4195133042707277,0.002441627071393178,0.002024115962150269,0.14250388973508646,0.14250388973508646,-0.0008688426725191631,-0.0008688426725191631,0.07320516799961974,0.0,0.38592718345120935,0.31993476047329455,0.0,0.0
190.4365251495658,0.0016488202565985905,0.0013371068732053156,57.005509717587245,41.977532754567726,6.98449533418181,7.128618290973264,1.4468790634765933,1.4193426442994448,0.002441431642786599,0.0020239444179002627,0.14248822704042186,0.14248822704042186,-0.0008688731646899547,-0.0008688731646899547,0.073197732125547,0.0,0.3858962937168243,0.31990764593560866,0.0,0.0
191.0,0.0016486244091537816,0.0013369196277003975,56.998935191166254,41.96982158352231,6.9846565560961835,7.1290167522245635,1.4467632637999388,1.4191227478210489,0.0024411795290536185,0.002023722498520772,0.1424683397737449,0.1424683397737449,-0.0008689103858915785,-0.0008689103858915785,0.0731882368556541,0.0,0.3858564442475836,0.31987256903050565,0.0,0.0
192.0,0.00164827717131536,0.00133658657908238,56.98725484641319,41.95609420881464,6.984941404405006,7.129721564195296,1.4465577909011709,1.4187335940322474,0.00244073252595221,0.0020233273312912498,0.14243394937481316,0.14243394937481316,-0.00086897064030312,-0.00086897064030312,0.07317166551561254,0.0,0.385785790276737,0.31981010831417905,0.0,0.0
192.4365251495658,0.0016481257298682885,0.0013364409038240156,56.98215133447729,41.9500852353479,6.985065239144517,7.13002829812266,1.446468114085582,1.4185641593397853,0.0024405375715890083,0.0020231543084979903,0.14241929427598451,0.14241929427598451,-0.0008689946672679366,-0.0008689946672679366,0.07316454159790098,0.0,0.385754975501961,0.31978276007576134,0.0,0.0
193.0,0.0016479303718455298,0.001336252608174754,56.9755596026858,41.94231411324308,6.985224631757145,7.130423399726759,1.4463523752493685,1.4183458465411583,0.0024402860803367198,0.002022930506696434,0.14240069348504353,0.14240069348504353,-0.000869023682704243,-0.000869023682704243,0.07315544253364871,0.0,0.38571522442293854,0.31974738563224464,0.0,0.0
194.0,0.001647584024895521,0.0013359177484902785,56.96385074129759,41.92848296752206,6.98550624626498,7.131122275597219,1.4461470282507354,1.4179595087405996,0.0024398402100077425,0.002022532070462192,0.14236854750036598,0.14236854750036598,-0.0008690697536102976,-0.0008690697536102976,0.07313955677044363,0.0,0.38564474949977656,0.3196844082122007,0.0,0.0
194.4365251495658,0.0016474329811121263,0.0013357713035355241,56.95873557624573,41.922429735806205,6.985628674463159,7.131426428742749,1.446057413492439,1.4177913053549869,0.0024396457611548412,0.0020223576491554818,0.14235485684419524,0.14235485684419524,-0.0008690877380460978,-0.0008690877380460978,0.07313272523007926,0.0,0.3856140146267058,0.31965683892268004,0.0,0.0
195.0,0.0016472381441204665,0.0013355820329058411,56.952129504242784,41.91460240836959,6.985786256075785,7.1318182083821124,1.4459417610580647,1.4175745836920737,0.0024393949321322196,0.0020221320674735713,0.14233748742115507,0.14233748742115507,-0.0008691090846558454,-0.0008691090846558454,0.07312399751290984,0.0,0.3855743682206832,0.31962118314864396,0.0,0.0
196.0,0.001646892742830558,0.0013352454938552972,56.94039710638621,41.900674049234446,6.986064669365436,7.132511214564017,1.445736584645581,1.4171910742264118,0.002438950263454122,0.0020217305421189533,0.14230748967664264,0.14230748967664264,-0.0008691419014356909,-0.0008691419014356909,0.07310875433548315,0.0,0.3855040832322352,0.31955771745766787,0.0,0.0
196.4365251495658,0.0016467421200983573,0.0013350983360219143,56.93527242094797,41.894579386170015,6.986185705283577,7.132812815733949,1.4456470511816981,1.417024107188729,0.002438756349523348,0.0020215547999892156,0.14229472212289793,0.14229472212289793,-0.0008691542398002967,-0.0008691542398002967,0.07310219684767995,0.0,0.3854734329097464,0.31952993939690744,0.0,0.0
197.0,0.0016465478338666519,0.0013349081631543358,56.92865472529389,41.88669947075378,6.98634149433643,7.133201310428287,1.445531509740853,1.416808982861322,0.002438506220117643,0.002021327537968666,0.14227853127320833,0.14227853127320833,-0.0008691684212110219,-0.0008691684212110219,0.0730938172122242,0.0,0.3854338970862076,0.3194940180260627,0.0,0.0
198.0,0.0016462034297432399,0.0013345700721877935,56.91690351279612,41.872680231094144,6.986616739213829,7.1338885121699995,1.4453265468976606,1.416428311896552,0.0024380628178667894,0.00202092309810821,0.14225058962677656,0.14225058962677656,-0.00086918885557499,-0.00086918885557499,0.0730791763868229,0.0,0.38536381227112154,0.3194300916639864,0.0,0.0
198.4365251495658,0.0016460532500524594,0.00133442225645678,56.91177132904688,41.866546866723596,6.986736397201794,7.134187589667827,1.4452371132291761,1.4162625853151616,0.002437869466514451,0.0020207461105669483,0.14223870556635484,0.14223870556635484,-0.000869195919721461,-0.000869195919721461,0.07307287580286168,0.0,0.3853332508706117,0.3194021167516399,0.0,0.0
199.0,0.0016458595425306727,0.0013342312517395012,56.905144585334696,41.85861785674638,6.986890412241709,7.134572835792415,1.445121706429781,1.4160490633360494,0.002437620071877783,0.0020205172648270348,0.1422236427044693,0.1422236427044693,-0.0008692034083013624,-0.0008692034083013624,0.07306482247756958,0.0,0.38529383118575283,0.31936594505577187,0.0,0.0
200.0,0.0016455161839904143,0.0013338917321743277,56.89337903493299,41.844513852496455,6.987162521681155,7.135254297210998,1.444916998481911,1.4156712389779045,0.0024371779969481165,0.002020110079941455,0.1421976688645947,0.1421976688645947,-0.0008692122778452971,-0.0008692122778452971,0.07305074635554233,0.0,0.3852239561690152,0.31930158481096754,0.0,0.0
200.4365251495658,0.0016453664680089715,0.0013337433117407789,56.88824126996203,41.838344423338334,6.987280816154175,7.135550878851279,1.4448276823935424,1.4155067560800882,0.002436985234168857,0.0020199319201801708,0.14218663034174495,0.14218663034174495,-0.0008692144165393035,-0.0008692144165393035,0.07304468662923355,0.0,0.3851934877992362,0.31927342461579183,0.0,0.0
201.0,0.0016451733654635065,0.0013335515432728207,56.88160792003214,41.830369692544224,6.987433075805276,7.135932912154623,1.444712432965296,1.4152948403408996,0.0024367366073376646,0.0020197015844931124,0.1421726469919845,0.1421726469919845,-0.0008692156553257234,-0.0008692156553257234,0.07303693924289303,0.0,0.38515418947484564,0.319237017416676,0.0,0.0
202.0,0.0016448310979986004,0.0013332107144080757,56.86983227590024,41.81618683011913,6.987702082899089,7.1366086962667525,1.444508019626735,1.4149198687494826,0.002436295916947818,0.002019291819061783,0.14214855634520118,0.14214855634520118,-0.0008692137268713438,-0.0008692137268713438,0.07302339259871697,0.0,0.3850845333005181,0.31917224928699667,0.0,0.0
202.4365251495658,0.0016446818651427331,0.0013330617407305845,56.86469074716974,41.809983882366005,6.987819028316456,7.136902809388431,1.4444188382064937,1.4147566319306066,0.0024361037671631752,0.002019112558109118,0.14213832698357484,0.14213832698357484,-0.0008692112672170151,-0.0008692112672170151,0.07301755871724175,0.0,0.3850541618215741,0.3191439150358838,0.0,0.0
203.0,0.0016444893922462512,0.001332869274385129,56.85805310593125,41.80196668890999,6.987969551253223,7.137281665009305,1.4443037679860202,1.4145463252644985,0.0024358559391708216,0.0020188808234734706,0.14212537668586508,0.14212537668586508,-0.0008692066717284959,-0.0008692066717284959,0.07301009821107178,0.0,0.38501498976283105,0.3191072867168865,0.0,0.0
204.0,0.0016441482585801638,0.0013325272516127697,56.84627139152354,41.78771067234004,6.988235489165529,7.137951833761084,1.444099687403057,1.414174210763427,0.002435416687059499,0.0020184686371032684,0.14210308813272862,0.14210308813272862,-0.000869194664461824,-0.000869194664461824,0.07299704809005945,0.0,0.38494556092493276,0.3190421359300309,0.0,0.0
204.4365251495658,0.0016439995270809778,0.0013323777744615073,56.84112782193595,41.781476664927084,6.988351100011037,7.138243505240336,1.4440106570614912,1.4140122216337516,0.002435225173201414,0.0020182883438807572,0.14209363306505368,0.14209363306505368,-0.000869187913241303,-0.000869187913241303,0.07299142600895372,0.0,0.38491528996148033,0.3190136385168206,0.0,0.0
205.0,0.0016438077069970193,0.0013321846739475425,56.83448808381686,41.773420155295575,6.988499904933604,7.1386192177242185,1.4438957870170799,1.4138035258750954,0.0024349781731844294,0.0020180552985928635,0.1420816712852802,0.1420816712852802,-0.0008691778731798734,-0.0008691778731798734,0.07298423455396977,0.0,0.3848762487737477,0.3189768030341921,0.0,0.0
206.0,0.0016434677472312394,0.0013318415688606479,56.82270411306876,41.75909649307394,6.988762806857965,7.139283832019932,1.4436920758119194,1.413434271055409,0.0024345404097947283,0.00201764084614367,0.1420611070843524,0.1420611070843524,-0.0008691564615993185,-0.0008691564615993185,0.07297165012913127,0.0,0.3848070552453892,0.3189112940675421,0.0,0.0
206.4365251495658,0.0016433195341974045,0.001331691636364138,56.81756013575884,41.752833800624586,6.988877097621987,7.139573088282558,1.4436032123010383,1.4132735304846527,0.002434349553384337,0.002017459587519997,0.1420523928855445,0.1420523928855445,-0.0008691457065309723,-0.0008691457065309723,0.07296622671118465,0.0,0.38477688819909095,0.3188826440615974,0.0,0.0
207.0,0.0016431283886601312,0.0013314979632864155,56.810920380806266,41.74474101339943,6.9890242032335115,7.1399456915974815,1.4434885625569613,1.4130664465258538,0.002434103408682664,0.0020172253172435345,0.14204137693027827,0.14204137693027827,-0.000869130587380996,-0.000869130587380996,0.07295928763054789,0.0,0.3847379822037606,0.3188456149554653,0.0,0.0
208.0,0.0016427896404125342,0.0013311538837844751,56.799137768727256,41.730355025057314,6.989284102354134,7.140604811327345,1.4432852558705893,1.4127000523449336,0.0024336671813360126,0.002016808748950459,0.14202246254971215,0.14202246254971215,-0.00086910040406606,-0.00086910040406606,0.07294714006810223,0.0,0.3846690314646366,0.31877977155540416,0.0,0.0
208.4365251495658,0.0016426419618894156,0.0013310035424751205,56.793994931594646,41.724065940712265,6.989397087517224,7.140891678360723,1.443196574302453,1.412540560504694,0.002433477002558023,0.0020166265897942903,0.14201445717323471,0.14201445717323471,-0.0008690859149860575,-0.0008690859149860575,0.07294190302595649,0.0,0.38463897152591725,0.31875097920996226,0.0,0.0
209.0,0.001642451511278867,0.0013308093563925484,56.7873571312447,41.715939810185844,6.989542512503195,7.141261205912573,1.4430821641628588,1.4123350883502814,0.00243323173880965,0.0020163911776281337,0.14200434610860269,0.14200434610860269,-0.0008690660595156227,-0.0008690660595156227,0.07293520072203037,0.0,0.38460020477536744,0.3187137696150575,0.0,0.0
210.0,0.0016421140098141192,0.001330464406783985,56.77557930393842,41.70149663260873,6.989799441959464,7.141914889979497,1.4428792956971441,1.4119715542260116,0.002432797091869946,0.002015972639220584,0.14198701008492554,0.14198701008492554,-0.0008690276977266816,-0.0008690276977266816,0.07292346305508515,0.0,0.38453150383770135,0.31864761481579096,0.0,0.0
210.4365251495658,0.0016419668808395377,0.0013303137016423994,56.77043907393515,41.695183370743806,6.989911135977379,7.142199393344126,1.4427908105621237,1.4118133106301485,0.0024326076096427875,0.0020157896424521093,0.14197968280223622,0.14197968280223622,-0.0008690097276983991,-0.0008690097276983991,0.07291840089732528,0.0,0.3845015539968358,0.31861869007610993,0.0,0.0
211.0,0.001641777144252535,0.0013301190601248403,56.76380509647126,41.68702673039272,6.990054898986713,7.1425658779914,1.4426766585344937,1.4116094494482605,0.002432363250873041,0.0020155531689962786,0.14197043737671647,0.14197043737671647,-0.0008689854573689466,-0.0008689854573689466,0.07291192078317456,0.0,0.38446293028854517,0.3185813127321908,0.0,0.0
212.0,0.001641440922605203,0.0013297733412268643,56.75203530061512,41.6725313238904,6.990308891840844,7.143214184336821,1.4424742605935172,1.4112487733486523,0.0024319302259016226,0.0020151328018140416,0.14195461118043487,0.14195461118043487,-0.0008689394734879544,-0.0008689394734879544,0.07290056779311369,0.0,0.38439448572158347,0.3185148688740944,0.0,0.0
212.4365251495658,0.0016412943572620547,0.001329622315725018,56.746899067802175,41.66619602272897,6.990419309130879,7.143496349177449,1.442385985778213,1.4110917768917202,0.0024317414579437327,0.0020149490284551708,0.14194793252335053,0.14194793252335053,-0.0008689182598434475,-0.0008689182598434475,0.07289566977365317,0.0,0.38436464877917403,0.3184858213853876,0.0,0.0
213.0,0.0016411053525791502,0.0013294272744086928,56.74027068351941,41.65801160855312,6.990561428758693,7.143859823245496,1.442272109596384,1.4108895250631057,0.0024314980266495895,0.002014711571875334,0.14193951509428865,0.14193951509428865,-0.0008688898761330223,-0.0008688898761330223,0.07288939820873389,0.0,0.3843261716690481,0.31844828864743513,0.0,0.0
214.0,0.0016407704416698172,0.001329080883644504,56.72851199533423,41.64346876269539,6.9908125179662495,7.144502808874311,1.4420702131269838,1.410531703591598,0.0024310666625515856,0.0020142895129816873,0.14192513300195825,0.14192513300195825,-0.000868836791954516,-0.000868836791954516,0.07287840631387489,0.0,0.38425798962219293,0.31838157739493306,0.0,0.0
214.4365251495658,0.001640624453135714,0.0013289295797878132,56.723381076720116,41.63711348682021,6.990921672894806,7.1447826599306765,1.441982161931801,1.4103759525854254,0.002430878625443996,0.002014105022204976,0.1419190747077889,0.1419190747077889,-0.0008688125572720538,-0.0008688125572720538,0.07287366238444788,0.0,0.38422826819906214,0.31835241651010215,0.0,0.0
215.0,0.0016404361970843496,0.0013287341924292013,56.71675996281236,41.62890394055375,6.99106216766674,7.14514315522545,1.4418685785785381,1.4101753077500785,0.002430636142673692,0.0020138666582951645,0.14191144917143775,0.14191144917143775,-0.0008687803429172668,-0.0008687803429172668,0.07286758661425019,0.0,0.38418994101401605,0.3183147403582328,0.0,0.0
216.0,0.0016401026258292457,0.0013283872239227641,56.70501529655099,41.61431827978325,6.991310386049837,7.145780876230079,1.4416672132100672,1.4098203362267128,0.00243020647583618,0.002013443040587294,0.14189844814386185,0.14189844814386185,-0.0008687206477985255,-0.0008687206477985255,0.07285693376535332,0.0,0.38412202723866273,0.31824778271725074,0.0,0.0
216.4365251495658,0.0016399572264234109,0.001328235682291018,56.699890939724646,41.60794502255275,6.99141829292112,7.146058437847291,1.4415793983664449,1.40966582843521,0.002430019185081622,0.002013257889763677,0.14189298310316723,0.14189298310316723,-0.0008686936008199718,-0.0008686936008199718,0.07285233453093556,0.0,0.38409242378519515,0.31821851750443036,0.0,0.0
217.0,0.0016397697346375807,0.0013280400008194055,56.69327868490997,41.59971289475308,6.9915571812791075,7.146415985668617,1.441466124095574,1.4094667875367488,0.0024297776705098986,0.002013018692007512,0.14188611482807162,0.14188611482807162,-0.0008686578209815145,-0.0008686578209815145,0.07284644263034856,0.0,0.3840542496350476,0.3181807095535742,0.0,0.0
218.0,0.001639437530052093,0.001327692545487741,56.68155080089221,41.58508888378565,6.991802561502103,7.1470484972522295,1.441265318178856,1.409114660075411,0.002429349734932494,0.0020125936443240386,0.1418744343943043,0.1418744343943043,-0.0008685919738602255,-0.0008685919738602255,0.07283610821258302,0.0,0.38398660950522545,0.3181135258885348,0.0,0.0
218.4365251495658,0.0016392927312796014,0.0013275408052750598,56.67643418746193,41.57869956965912,6.991909234547884,7.147323793390775,1.4411777518661502,1.4089613927476907,0.002429163205011183,0.002012407889069416,0.1418695366011397,0.1418695366011397,-0.0008685623103518651,-0.0008685623103518651,0.07283164488956953,0.0,0.38395712631018547,0.31808416513845644,0.0,0.0
219.0,0.0016391060183561764,0.0013273448798437394,56.66983229636143,41.57044732267989,6.992046534837256,7.147678424545165,1.4410648022242318,1.4087639520755784,0.002428922677010302,0.0020121679286998623,0.14186339236468537,0.14186339236468537,-0.0008685232137081077,-0.0008685232137081077,0.07282592570975471,0.0,0.38391910809888335,0.31804623664780085,0.0,0.0
220.0,0.0016387752056526512,0.0013269970254868786,56.65812380858059,41.555789271702686,6.992289109384751,7.148305781044119,1.4408645828697235,1.4084146616574909,0.0024284965044284908,0.0020117415759258253,0.14185297451154585,0.14185297451154585,-0.0008684516449954775,-0.0008684516449954775,0.07281589045074263,0.0,0.3838517466307502,0.3179788466982183,0.0,0.0
220.4365251495658,0.0016386310182462728,0.0013268451245405989,56.65301605742994,41.54938575847866,6.992394562755105,7.148578835289537,1.4407772767317382,1.4082626315593794,0.00242831074885096,0.002011555270146445,0.1418486190160644,0.1418486190160644,-0.0008684195485556458,-0.0008684195485556458,0.07281155482772386,0.0,0.3838223858296325,0.3179493989313831,0.0,0.0
221.0,0.001638445097798244,0.0013266490035767854,56.6464259547135,41.54111576933176,6.992530293212937,7.148930580102562,1.4406646665792953,1.408066786789098,0.0024280712245579213,0.0020113146162040463,0.14184316694403293,0.14184316694403293,-0.0008683773683286532,-0.0008683773683286532,0.07280599794628888,0.0,0.38378452626587534,0.3179113608135785,0.0,0.0
222.0,0.0016381157004783488,0.0013263008349654604,56.634739338039196,41.526427839008655,6.99277009436991,7.1495528350080555,1.4404650596944417,1.4077203253327326,0.002427646844559622,0.0020108870793733163,0.1418339560108381,0.1418339560108381,-0.0008683004816854098,-0.0008683004816854098,0.0727962438298735,0.0,0.3837174481361415,0.31784378371024513,0.0,0.0
222.4365251495658,0.0016379721344380622,0.0013261488098240848,56.62964150841025,41.52001191998051,6.992874342124867,7.149823670580269,1.4403780248556082,1.4075695287767453,0.0024274618759165326,0.0020107002753100844,0.14183011887412914,0.14183011887412914,-0.000868266124502148,-0.000868266124502148,0.07279202823085337,0.0,0.38368821171904455,0.3178142571839279,0.0,0.0
223.0,0.0016377870191448124,0.001325952540077538,56.62306454272274,41.511726483092886,6.993008520869484,7.150172558908511,1.4402657683879005,1.407375275008006,0.0024272233712964927,0.002010458994699822,0.1418253283831025,0.1418253283831025,-0.0008682210794201518,-0.0008682210794201518,0.07278662390513399,0.0,0.3836505133263087,0.3177761200140747,0.0,0.0
224.0,0.0016374590590868849,0.0013256041390386553,56.61140213972251,41.49701268938575,6.993245580703417,7.1507897648875085,1.4400667987136846,1.407031633435589,0.0024268008114322857,0.002010030391095062,0.14181727096135113,0.14181727096135113,-0.0008681392534225042,-0.0008681392534225042,0.07277713409053042,0.0,0.3835837228896595,0.31770837429486143,0.0,0.0
224.4365251495658,0.001637316123717253,0.0013254520249687818,56.60631523413611,41.49058609541847,6.993348636805453,7.151058404649849,1.439980045794893,1.4068820663094428,0.002426616641441625,0.0020098431393667793,0.14181392921240088,0.14181392921240088,-0.0008681027969842266,-0.0008681027969842266,0.07277303134044562,0.0,0.38355461270874575,0.3176787770099446,0.0,0.0
225.0,0.0016371318253721374,0.0013252556515592458,56.59975268181622,41.482287425287964,6.993481281826993,7.151404465892435,1.4398681565622353,1.4066893981025312,0.002426379171347935,0.002009601296913542,0.1418097709548652,0.1418097709548652,-0.0008680550921844073,-0.0008680550921844073,0.07276777046370901,0.0,0.3835170778347736,0.31764055103436045,0.0,0.0
226.0,0.0016368053229137648,0.001324907097059186,56.588116709217445,41.4675516441027,6.993715632171828,7.152016674807876,1.4396698477089271,1.4063485664032926,0.0024259584572352832,0.002009171740163601,0.14180281579262086,0.14180281579262086,-0.0008679686818866139,-0.0008679686818866139,0.07275852920971954,0.0,0.38345057914034314,0.3175726546596112,0.0,0.0
226.4365251495658,0.0016366630268592254,0.00132475492809159,56.58304167623977,41.461116045634306,6.993817510479136,7.152283141275794,1.4395833868430044,1.4062002241970197,0.002425775096786903,0.0020089840898091793,0.1417999473872834,0.1417999473872834,-0.0008679302776486554,-0.0008679302776486554,0.07275453260211902,0.0,0.38342159691687877,0.31754299436725775,0.0,0.0
227.0,0.0016364795564145357,0.0013245584945549866,56.57649474484338,41.45280627938952,6.9939486396311095,7.152626404385557,1.439471877770633,1.4060091356073616,0.002425538675017852,0.002008741748311886,0.14179639319929574,0.14179639319929574,-0.000867880105523837,-0.000867880105523837,0.07274940666251685,0.0,0.38338422774264846,0.31750468951203253,0.0,0.0
228.0,0.001636154530430653,0.0013242098627808342,56.56488729965579,41.43805225105463,6.994180312072912,7.153233667315875,1.4392742522527358,1.4056711028976787,0.00242511983043963,0.002008311348487106,0.14179049111002573,0.14179049111002573,-0.0008677894439236497,-0.0008677894439236497,0.07274039925650595,0.0,0.3833180245495929,0.3174366598796282,0.0,0.0
228.4365251495658,0.0016360128817089787,0.001324057671745571,56.559825036519754,41.43160926002563,6.994281026333401,7.15349798266536,1.4391880930995737,1.4055239807294126,0.002424937289637448,0.0020081233470067295,0.14178807489190368,0.14178807489190368,-0.0008677492339333563,-0.0008677492339333563,0.07273650252326401,0.0,0.383289171880618,0.31740694408778747,0.0,0.0
229.0,0.0016358302493184901,0.0013238612200790869,56.55329486815846,41.42329045989408,6.9944106573251545,7.153838476159604,1.439076976507065,1.4053344653404374,0.0024247019289899696,0.002007880567291169,0.1417850977431932,0.1417850977431932,-0.000867696774926039,-0.000867696774926039,0.07273150356536646,0.0,0.3832519704288317,0.31736856996713525,0.0,0.0
230.0,0.0016355067172952515,0.001323512584517808,56.54171793347653,41.40852179347913,6.9946396831893525,7.154440843417602,1.4388800557774564,1.4049992199210248,0.0024242849759877234,0.0020074494309961707,0.14178020151883167,0.14178020151883167,-0.0008676021743389313,-0.0008676021743389313,0.07272271625671184,0.0,0.38318606622107054,0.3173004239271598,0.0,0.0
230.4365251495658,0.0016353657233291437,0.001323360403078469,56.53666928856626,41.40207296519338,6.994739247035303,7.154703029493317,1.438794207538794,1.404853312561513,0.002424103264189608,0.0020072611243914726,0.14177821718196826,0.14177821718196826,-0.0008675602918218304,-0.0008675602918218304,0.0727189135396502,0.0,0.38315734458570366,0.31727065990691783,0.0,0.0
231.0,0.0016351839383883739,0.0013231639737844858,56.530156963071846,41.39374712088191,6.99486739742534,7.155040781464232,1.4386834951590288,1.4046653635158994,0.0024238689765100595,0.0020070179653618944,0.14177579112834268,0.14177579112834268,-0.0008675057151687508,-0.0008675057151687508,0.07271403412840875,0.0,0.383120312728814,0.3172322258313313,0.0,0.0
232.0,0.0016348619164930996,0.0013228154053001235,56.51861241357455,41.37896729836335,6.995093807765409,7.15563830261531,1.4384872996423157,1.4043328929261705,0.0024234539354722057,0.0020065861958262626,0.141771855456373,0.141771855456373,-0.0008674074685165167,-0.0008674074685165167,0.07270545406615406,0.0,0.38305471072897046,0.31716397970040544,0.0,0.0
232.4365251495658,0.0016347215841401447,0.0013226632639872365,56.51357818878063,41.372514133283254,6.995192234708759,7.155898380938452,1.4384017710761705,1.404188194822077,0.0024232730613277624,0.0020063976286395988,0.14177028350966162,0.14177028350966162,-0.0008673640384259374,-0.0008673640384259374,0.07270173989045906,0.0,0.38302612149438103,0.31713417449219283,0.0,0.0
233.0,0.0016345406553244374,0.0013224668961161314,56.50708472670501,41.36418316427475,6.995318921898832,7.156233419063183,1.4382914740738546,1.4040018048514518,0.0024230398575599867,0.002006154147329006,0.14176838364760472,0.14176838364760472,-0.0008673075028562046,-0.0008673075028562046,0.07269697307744849,0.0,0.3829892609621882,0.31709568947639294,0.0,0.0
234.0,0.0016342201584718192,0.0013221184630250627,56.49557433387042,41.34939554455549,6.995542747486333,7.156826142942967,1.4380960231989284,1.4036720959211928,0.0024226267473053537,0.0020057218444958086,0.14176536503194578,0.14176536503194578,-0.0008672058848751467,-0.0008672058848751467,0.0726885882519055,0.0,0.38292396414479407,0.3170273590516657,0.0,0.0
234.4365251495658,0.0016340804940528004,0.0013219663912686281,56.4905552868231,41.34293949003443,6.995640050914521,7.157084134718874,1.4380108226336872,1.403528601217244,0.002422446718791625,0.0020055330598485258,0.14176418676517322,0.14176418676517322,-0.0008671610244075416,-0.0008671610244075416,0.07268495750122934,0.0,0.3828955085718451,0.3169975194713061,0.0,0.0
235.0,0.0016339004293534631,0.001321770122460564,56.48408165228299,41.334605247804355,6.995765292144451,7.15741648626924,1.4379009516234278,1.4033437626704093,0.0024222146090225015,0.0020052893114678727,0.14176278918852173,0.14176278918852173,-0.0008671026787971853,-0.0008671026787971853,0.07268029679303087,0.0,0.3828588209586961,0.31695899224201785,0.0,0.0
236.0,0.001633581471268264,0.0013214218906048487,56.47260708933341,41.31981307059371,6.995986563460302,7.1580044610006235,1.4377062638552387,1.4030168015688818,0.0024218034468793705,0.002004856572079994,0.14176064587403203,0.14176064587403203,-0.0008669979471708526,-0.0008669979471708526,0.07267209598108867,0.0,0.38279383206268514,0.31689059281481247,0.0,0.0
236.4365251495658,0.0016334424805940135,0.001321269916766091,56.46760393552054,41.313355522548434,6.9960827566326484,7.158260387126115,1.4376213992034044,1.4028745041289128,0.0024216242713347054,0.002004667611709851,0.14175984332547129,0.14175984332547129,-0.0008669517662489123,-0.0008669517662489123,0.072668543874233,0.0,0.382765511311287,0.316860725459438,0.0,0.0
237.0,0.001633263287352449,0.0013210737832916764,56.4611510388955,41.30501979270475,6.996206568975807,7.158590078978029,1.4375119642673462,1.402691208998665,0.0024213932648371912,0.002004423649695948,0.1417589250840667,0.1417589250840667,-0.0008668917502345214,-0.0008668917502345214,0.07266398320282792,0.0,0.38272899808287913,0.31682216446296246,0.0,0.0
238.0,0.0016329458806288806,0.001320725816110599,56.449713885488094,41.29022618226463,6.996425316202703,7.159173351987647,1.4373180571378996,1.4023669812812602,0.0024209840667181876,0.00200399056738048,0.1417576169844838,0.1417576169844838,-0.0008667841466556261,-0.0008667841466556261,0.07265595591674204,0.0,0.38266431962342445,0.3167537108321154,0.0,0.0
238.4365251495658,0.0016328075690257072,0.0013205739675128782,56.444727300264354,41.283768486790194,6.996520412247267,7.159427233058141,1.4372335359095016,1.4022258747082075,0.0024208057508742775,0.002003801471678085,0.14175717290995746,0.14175717290995746,-0.0008667367483811923,-0.0008667367483811923,0.07265247798582647,0.0,0.3826361347575982,0.31672382208592526,0.0,0.0
239.0,0.0016326292539658284,0.0013203780043128694,56.43829600075649,41.27543299113993,6.996642812606672,7.159754291700697,1.4371245466145273,1.402044114656816,0.0024205758561482785,0.0020035573477404645,0.1417567119701726,0.1417567119701726,-0.0008666751929351709,-0.0008666751929351709,0.07264801168087513,0.0,0.3825997972574391,0.31668523549554756,0.0,0.0
240.0,0.0016323134101238368,0.001320030362912622,56.42689774743371,41.26064095990303,6.996859065622556,7.160332909734869,1.4369314367531092,1.4017226053093743,0.002420168636621249,0.0020031240130910163,0.14175620059931351,0.14175620059931351,-0.0008665649441010624,-0.0008665649441010624,0.07264014812032232,0.0,0.3825354315371561,0.3166167419804188,0.0,0.0
240.4365251495658,0.0016321757824576289,0.0013198786658715905,56.421928367927066,41.254184414832665,6.996953077533445,7.160584766051252,1.4368472660687772,1.4015826829642686,0.002419991186633507,0.0020029348211354978,0.14175609844265602,0.14175609844265602,-0.0008665164251796877,-0.0008665164251796877,0.07263674019034627,0.0,0.38250738352983543,0.3165868380203176,0.0,0.0
241.0,0.0016319983517165404,0.001319682906595579,56.41551947598992,41.24585081337821,6.997074082638422,7.160909217595532,1.4367387314832754,1.4014024493476767,0.002419762411444506,0.0020026905853021207,0.141756073649703,0.141756073649703,-0.0008664534531495012,-0.0008664534531495012,0.07263236295323854,0.0,0.3824712229853489,0.31654823374353125,0.0,0.0
242.0,0.001631684081255161,0.0013193356498172105,56.40416152840311,41.23106326544344,6.997287871010931,7.161483226735675,1.4365464346459162,1.4010836428285798,0.0024193571837997606,0.002002257085959129,0.14175632205576422,0.14175632205576422,-0.0008663407716953023,-0.0008663407716953023,0.07262465396043638,0.0,0.38240717210492353,0.3164797141966975,0.0,0.0
242.4365251495658,0.0016315471419542232,0.0013191841296702228,56.39920995532418,41.224609121855856,6.997380811646016,7.161733078310952,1.4364626212496228,1.4009448978485781,0.002419180605276093,0.00200206783555288,0.14175654592061088,0.14175654592061088,-0.0008662912228342143,-0.0008662912228342143,0.07262131213014826,0.0,0.3823792618425025,0.3164498009977876,0.0,0.0
243.0,0.0016313706011113179,0.0013189886067142692,56.39282423496814,41.21627901472386,6.997500438049377,7.162054948498538,1.4363545499598327,1.400766181739385,0.00241895295669178,0.002001823536214753,0.14175693696254257,0.14175693696254257,-0.0008662269494478549,-0.0008662269494478549,0.0726170190097136,0.0,0.3823432793708179,0.3164111866833465,0.0,0.0
244.0,0.001631057913559264,0.0013186417911999428,56.38150791788665,41.2014987492345,6.997711791031177,7.162624394176088,1.4361630810580177,1.4004500620195195,0.0024185497330057766,0.0020013899569440163,0.14175790966534413,0.14175790966534413,-0.0008661120348211254,-0.0008661120348211254,0.07260945602741353,0.0,0.382279545239073,0.3163426545030154,0.0,0.0
244.4365251495658,0.0016309216666359789,0.0013184904723346658,56.37657471724651,41.19504821291044,6.997803673110191,7.16287226074182,1.4360796313294946,1.4003124873350328,0.0024183740310338153,0.002001200684646681,0.14175844428818438,0.14175844428818438,-0.0008660615411022534,-0.0008660615411022534,0.0726061766514051,0.0,0.3822517735257101,0.3163127378439679,0.0,0.0
245.0,0.0016307460207405423,0.0013182952168780877,56.370212888227584,41.186723142216294,6.997921937185895,7.163191574953032,1.4359720314554272,1.4001352795443085,0.0024181475154588794,0.0020009563686013976,0.14175923166150348,0.14175923166150348,-0.0008659960744420154,-0.0008659960744420154,0.07260196302118054,0.0,0.38221597013916225,0.3162741208887691,0.0,0.0
246.0,0.0016304349247041523,0.001317948897135568,56.35893944934544,41.17195285662525,6.9981308837108385,7.163756501963878,1.435781404584065,1.3998218301450078,0.002417746306654551,0.002000522791370571,0.1417608945925328,0.1417608945925328,-0.0008658791137225724,-0.0008658791137225724,0.07259453805335693,0.0,0.3821525544825927,0.3162055890308691,0.0,0.0
246.4365251495658,0.001630299373775554,0.0013177978030179255,56.354025154086706,41.16550708945579,6.998221719813821,7.164002402976407,1.4356983245508963,1.3996854184959513,0.0024175714858275694,0.002000333532532171,0.1417617253169613,0.1417617253169613,-0.000865827754952179,-0.000865827754952179,0.07259131772530872,0.0,0.3821249220443076,0.3161756744991609,0.0,0.0
247.0,0.0016301246273729337,0.001317602845059071,56.34768789398498,41.15718854110611,6.998338637755073,7.164319186238281,1.4355912037618417,1.3995097095939473,0.002417346109036593,0.002000089245026454,0.14176289029375969,0.14176289029375969,-0.0008657611963987196,-0.0008657611963987196,0.07258717926226693,0.0,0.38208929865563535,0.31613706205496805,0.0,0.0
248.0,0.0016298151305817216,0.0013172570735246526,56.336458507536236,41.1424308343332,6.9985452064351055,7.1648796387567355,1.435401432226498,1.3991989136229983,0.0024169469249406446,0.0019996557490798428,0.14176521073887552,0.14176521073887552,-0.000865642365067034,-0.000865642365067034,0.07257988483733291,0.0,0.3820262030274648,0.31606854304497134,0.0,0.0
248.4365251495658,0.0016296802788889593,0.0013171062267259837,56.331563619082345,41.135990955681386,6.998635009001165,7.165123593403218,1.4353187275758954,1.399063657574218,0.0024167729893820357,0.0019994665378730986,0.14176632349098445,0.14176632349098445,-0.0008655902161034079,-0.0008655902161034079,0.07257672037433657,0.0,0.381998710516007,0.316038636041993,0.0,0.0
249.0,0.0016295064360454137,0.0013169115951171236,56.325251565276346,41.127680361117136,6.9987505968189145,7.165437870397221,1.4352120931055201,1.3988894379100172,0.0024165487565507224,0.001999222322644309,0.14176784808753543,0.14176784808753543,-0.0008655226607519443,-0.0008655226607519443,0.07257265303898311,0.0,0.38196326794328983,0.31600003502199814,0.0,0.0
250.0,0.0016291985453952469,0.0013165664222168916,56.314067335469495,41.112937736602596,6.998954815941679,7.165993891989554,1.4350231894489318,1.3985812780958247,0.0024161516059479256,0.001998788984575825,0.1417707946322018,0.1417707946322018,-0.0008654021234093064,-0.0008654021234093064,0.07256548217537595,0.0,0.3819004937320521,0.31593154096645154,0.0,0.0
250.4365251495658,0.0016290643958221163,0.0013164158444404828,56.30919232519659,41.10650482462066,6.999043597268049,7.166235919193792,1.4349408655391958,1.3984471700517291,0.0024159785593344633,0.001998599854027776,0.1417721758970586,0.1417721758970586,-0.0008653492544698883,-0.0008653492544698883,0.07256237060326726,0.0,0.381873141728578,0.3159016467125057,0.0,0.0
251.0,0.0016288914601484046,0.0013162215669217854,56.30290607673915,41.098203562503265,6.999157870789857,7.1665477142633005,1.4348347242002375,1.3982744297718872,0.002415755475069309,0.0019983557533443733,0.1417740428437926,0.1417740428437926,-0.0008652807915202699,-0.0008652807915202699,0.0725583706210211,0.0,0.38183788069992547,0.31586306379772405,0.0,0.0
252.0,0.0016285851817425146,0.0013158770411313026,56.2917680410206,41.083478431161616,6.99935976831693,7.167099347900836,1.4346467002281136,1.3979688884958816,0.0024153603657539983,0.0019979226471687483,0.1417775853207194,0.1417775853207194,-0.0008651587025637405,-0.0008651587025637405,0.07255131679500776,0.0,0.38177542913760465,0.31579460639550544,0.0,0.0
252.4365251495658,0.001628451736833017,0.0013157267532382028,56.28691335165627,41.07705352406512,6.999447540558288,7.16733946632808,1.4345647620997868,1.3978359207143234,0.002415188211337939,0.00199773362919152,0.14177922211987545,0.14177922211987545,-0.0008651051795129619,-0.0008651051795129619,0.07254825533464629,0.0,0.3817482181561706,0.31576472993467,0.0,0.0
253.0,0.0016282797115067778,0.0013155328564708497,56.280653471057235,41.068762921907854,6.999560515427541,7.16764880348562,1.4344591202983525,1.3976646497805472,0.002414966279704313,0.0019974896838926975,0.14178141483267054,0.14178141483267054,-0.0008650358926352446,-0.0008650358926352446,0.07254431917842277,0.0,0.38171313931416095,0.3157261715802047,0.0,0.0
254.0,0.0016279750506947106,0.0013151890243733534,56.26956260321313,41.05405760498617,6.999760118993241,7.168196091557428,1.4342719871044778,1.3973617091079142,0.0024145732185293263,0.0019970568811149836,0.1417855242717437,0.1417855242717437,-0.0008649123968902249,-0.0008649123968902249,0.07253737629398613,0.0,0.3816510114839268,0.31565776213350827,0.0,0.0
254.4365251495658,0.0016278423126697501,0.0013150390464075042,56.264728650165985,41.04764170228716,6.999846894161279,7.1684343196232785,1.4341904394911944,1.3972298737133486,0.0024144019591593145,0.0019968680065358888,0.14178740414172494,0.14178740414172494,-0.0008648582815092713,-0.0008648582815092713,0.07253436234842273,0.0,0.38162394197479393,0.31562790833839366,0.0,0.0
255.0,0.0016276712004567456,0.0013148455560059004,56.25849566508701,41.039363038033756,6.9999585858367,7.168741222557528,1.4340853032406677,1.3970600619192612,0.002414181183708168,0.0019966242560700356,0.14178990669444871,0.14178990669444871,-0.0008647882491863324,-0.0008647882491863324,0.07253048672234326,0.0,0.3815890458806957,0.31558938077951554,0.0,0.0
256.0,0.001627368161871351,0.0013145024623488822,56.24745287819208,41.02467976987793,7.000155922747432,7.169284206882707,1.4338990712313193,1.3967597036280766,0.0024137901766312156,0.001996191825753453,0.14179455527483953,0.14179455527483953,-0.0008646634824993929,-0.0008646634824993929,0.07252364908301746,0.0,0.3815272427242326,0.315521030204576,0.0,0.0
256.4365251495658,0.001627236132644569,0.0013143528135616117,56.242640050816,41.018273833578355,7.000241712710647,7.1695205627532745,1.4338179185703563,1.3966289926240372,0.0024136198147722103,0.0019960031243443505,0.14179666624657064,0.14179666624657064,-0.0008646088327390195,-0.0008646088327390195,0.07252068022549213,0.0,0.38150031507701576,0.31549120378096634,0.0,0.0
257.0,0.0016270659359189366,0.0013141597541248635,56.23643445568194,41.01000833713126,7.000352136466095,7.169825054835871,1.4337132935049228,1.396460629611063,0.0024134001985654137,0.0019957596068068406,0.14179946334481333,0.14179946334481333,-0.0008645381285876495,-0.0008645381285876495,0.07251686204964987,0.0,0.38146560221479275,0.3154527130390864,0.0,0.0
258.0,0.0016267645235114954,0.001313817441875284,56.225440604903916,40.99534926786382,7.000547233700173,7.170363776675467,1.4335279724226089,1.3961628352199014,0.002413011250693195,0.0019953276156389546,0.14180462434915878,0.14180462434915878,-0.0008644122183821182,-0.0008644122183821182,0.07251012433218251,0.0,0.38140412453927325,0.31538443187663884,0.0,0.0
258.4365251495658,0.0016266332047043643,0.0013136681407491775,56.2206492677003,40.98895422361105,7.000632050183863,7.170598278275945,1.433447218865145,1.3960332405008202,0.002412841788445322,0.001995139116144913,0.1418069549282775,0.1418069549282775,-0.000864357088599587,-0.000864357088599587,0.0725071982949014,0.0,0.38137733908592164,0.3153546373680221,0.0,0.0
259.0,0.0016264639254677722,0.0013134755358916118,56.2144715252319,40.980703078310746,7.000741221108385,7.170900382568064,1.4333431102529408,1.3958663157732423,0.0024126233340797457,0.001994895868314722,0.14181003188421895,0.14181003188421895,-0.0008642857816714078,-0.0008642857816714078,0.07250343469111482,0.0,0.381342809866039,0.31531618925647964,0.0,0.0
260.0,0.00162616414254142,0.0013131340462896298,56.20352741049907,40.966070276423736,7.0009341053163,7.171434882636615,1.4331587091994777,1.3955710665673338,0.002412236449709785,0.0019944643806720855,0.14181567965477726,0.14181567965477726,-0.0008641588474680581,-0.0008641588474680581,0.07249679192083823,0.0,0.38128165835073613,0.31524798768197715,0.0,0.0
260.4365251495658,0.001626033535497526,0.0013129851105617375,56.19875790426062,40.9596870146293,7.001017959902739,7.171667547655403,1.4330783586205647,1.3954425799297399,0.002412067888826315,0.0019942761108392854,0.1418182188027946,0.1418182188027946,-0.00086410328864918,-0.00086410328864918,0.0724939065844799,0.0,0.3812550153683742,0.31521822947395567,0.0,0.0
261.0,0.0016258651753974424,0.00131279298294274,56.1926084469326,40.9514513586871,7.001125892900863,7.171967286914139,1.4329747713764571,1.3952770828689551,0.0024118505984566697,0.001994033168214983,0.14182156151115186,0.14182156151115186,-0.0008640314437126575,-0.0008640314437126575,0.07249019486297296,0.0,0.38122067013140876,0.315179829603707,0.0,0.0
262.0,0.0016255670246389299,0.0013124523555539836,56.18171481547184,40.936846813552904,7.00131659040594,7.172497605390865,1.432791298835398,1.3949843599249598,0.00241146578111711,0.00199360224622612,0.14182767140783775,0.14182767140783775,-0.0008639035976176767,-0.0008639035976176767,0.07248364239077822,0.0,0.38115984533398595,0.315111717437276,0.0,0.0
262.4365251495658,0.0016254371304376125,0.0013123038022384626,56.17696745837089,40.93047619047615,7.0013994945347315,7.172728451284406,1.4327113548436496,1.3948569730780815,0.0024112981230214638,0.0019934142328291854,0.1418304085241047,0.1418304085241047,-0.0008638476575849173,-0.0008638476575849173,0.07248079577468201,0.0,0.3811333450476016,0.3150819997618864,0.0,0.0
263.0,0.0016252696907846588,0.0013121121735914206,56.17084668979972,40.92225711836177,7.001506204326966,7.173025847968966,1.4326082935416524,1.3946928929561033,0.0024110819983820635,0.00199317162966383,0.14183400343910416,0.14183400343910416,-0.0008637753353896592,-0.0008637753353896592,0.07247713342163076,0.0,0.3810991840676816,0.3150436535470205,0.0,0.0
264.0,0.001624973174294525,0.001311772446357934,56.160004238552,40.90768274266533,7.001694741126397,7.173552024508607,1.4324257574000765,1.3944026771655624,0.0024106992508694525,0.001992741333270792,0.14184055179931504,0.14184055179931504,-0.0008636466825519663,-0.0008636466825519663,0.07247066690244063,0.0,0.3810386864301654,0.3149756402631903,0.0,0.0
264.4365251495658,0.0016248439937638166,0.0013116242917680405,56.15527932717648,40.901325581463,7.001776706094974,7.173781068506041,1.4323462233470823,1.394276381741365,0.00241053249667144,0.0019925536021393256,0.14184347670375694,0.14184347670375694,-0.0008635904061594622,-0.0008635904061594622,0.07246785715543526,0.0,0.38101232901517695,0.31494596720309775,0.0,0.0
265.0,0.0016246774755482698,0.001311433182928623,56.149187623441,40.89312414524869,7.001882207218497,7.174076144783715,1.4322436922324207,1.3941137077336028,0.0024103175390967763,0.001992311371474667,0.1418473108170904,0.1418473108170904,-0.0008635176636839153,-0.0008635176636839153,0.07246424182132657,0.0,0.380978352503234,0.31490767986624263,0.0,0.0
266.0,0.0016243825948696001,0.0013110943922184232,56.13839700136103,40.87858177734377,7.0020686089846915,7.174598218527058,1.432062099802097,1.3938259798251322,0.0024099368635120133,0.0019918817584929915,0.14185427491723557,0.14185427491723557,-0.0008633883027237528,-0.0008633883027237528,0.07245785719397267,0.0,0.38091818235769564,0.31483977460342233,0.0,0.0
266.4365251495658,0.0016242541285985375,0.0013109466519879377,56.133694811700686,40.872238869086985,7.002149645948951,7.174825477634841,1.4319829787915646,1.3937007673878152,0.002409771014023239,0.001991694334537629,0.14185737783381855,0.14185737783381855,-0.0008633317320400995,-0.0008633317320400995,0.07245508258580208,0.0,0.3808919679423865,0.3148101500960387,0.0,0.0
267.0,0.0016240885325060296,0.0013107560829215326,56.12763252259987,40.86405607975,7.002253952758486,7.1751182553869075,1.4318809817923885,1.3935394885851633,0.002409557224467715,0.0019914525082373735,0.14186143865352888,0.14186143865352888,-0.0008632586227236837,-0.0008632586227236837,0.0724515120745522,0.0,0.380858176049275,0.31477192667361875,0.0,0.0
268.0,0.001623795288651775,0.0013104182635768598,56.116894332845646,40.84954748594227,7.00243824484072,7.175636264971068,1.4317003398303323,1.3932542291454497,0.0024091786222502146,0.0019910236344146404,0.1418687966721877,0.1418687966721877,-0.0008631286461343035,-0.0008631286461343035,0.07244520554296544,0.0,0.3807983336232304,0.31470413824335325,0.0,0.0
268.4365251495658,0.0016236675370021381,0.0013102709526809587,56.1122151212313,40.84321959060196,7.002518364815796,7.175861755977312,1.4316216347269648,1.3931300912004296,0.0024090136779986726,0.001990836541652309,0.1418720682130825,0.1418720682130825,-0.0008630718206138481,-0.0008630718206138481,0.0724424644562762,0.0,0.3807722622910561,0.31467456608482974,0.0,0.0
269.0,0.0016235028634286053,0.0013100809425094174,56.106182571481895,40.83505641928662,7.002621491484627,7.176152256804603,1.431520175465725,1.3929701966207015,0.002408801057055234,0.001990595150434614,0.1418763437433405,0.1418763437433405,-0.0008629983945745249,-0.0008629983945745249,0.07243893671506017,0.0,0.380738655110498,0.3146364114322022,0.0,0.0
270.0,0.001623211256907603,0.001309744127893689,56.09549737350041,40.82058329604628,7.002803698910968,7.176666240372838,1.4313404901941504,1.3926873861143538,0.0024084245290153967,0.0019901670695075743,0.14188407472596698,0.14188407472596698,-0.0008628678890986423,-0.0008628678890986423,0.07243270473069234,0.0,0.38067914053204027,0.314568748328202,0.0,0.0
270.4365251495658,0.001623084220025048,0.0013095972606692265,56.09084137749861,40.814271143448295,7.0028829127721,7.176889979851612,1.4312622036322653,1.3925643141167556,0.0024082604902594743,0.00198998033108623,0.14188750587637763,0.14188750587637763,-0.0008628108457420374,-0.0008628108457420374,0.07242999565354385,0.0,0.38065321232384186,0.31453923217733853,0.0,0.0
271.0,0.0016229204690909522,0.001309407827696893,56.08483886787612,40.806128522689264,7.002984873293244,7.177178225080026,1.431161285436755,1.3924057927154927,0.0024080490381773283,0.001989739404555428,0.14189198459810687,0.14189198459810687,-0.0008627371499802195,-0.0008627371499802195,0.07242650876329049,0.0,0.3806197898952271,0.31450115097380815,0.0,0.0
272.0,0.0016226304999326841,0.0013090720497403675,56.07420717939041,40.79169249879569,7.0031650207727045,7.177688220291386,1.4309825625624446,1.3921254115038049,0.002407674584527529,0.001989312168305661,0.14190006842321187,0.14190006842321187,-0.0008626061969628614,-0.0008626061969628614,0.07242034800868596,0.0,0.3805606031979246,0.3144336213807459,0.0,0.0
272.4365251495658,0.0016225041777573836,0.0013089256399056366,56.06957461865596,40.785396789546525,7.003243339256221,7.177910224606869,1.4309046969543373,1.3920033968664878,0.002407511451269214,0.001989125806528373,0.1419036505268372,0.1419036505268372,-0.0008625489704675362,-0.0008625489704675362,0.07241766952755252,0.0,0.3805348181140163,0.31440416476279864,0.0,0.0
273.0,0.0016223413493212824,0.0013087368016446443,56.06360242708192,40.77727561445455,7.003344147443714,7.178196235292688,1.4308043228684089,1.391846237547172,0.002407301167970808,0.001988885373205837,0.14190832137914644,0.14190832137914644,-0.0008624750490572011,-0.0008624750490572011,0.07241422169406253,0.0,0.38050158042508686,0.31436616151649566,0.0,0.0
274.0,0.0016220530170994536,0.0013084020908888828,56.05302472598463,40.7628782530754,7.003522259368629,7.178702279331354,1.430626567601511,1.3915682659058477,0.002406928788354735,0.001988459031514095,0.14191673872589025,0.14191673872589025,-0.0008623437247764072,-0.0008623437247764072,0.07240812906750695,0.0,0.3804427215526204,0.314298773318597,0.0,0.0
274.4365251495658,0.0016219274093762033,0.0013082561515628062,56.04841580307302,40.756599659459745,7.003599693073012,7.178922564641868,1.4305491251455726,1.3914473000069851,0.002406766560352259,0.0019882730678625546,0.14192046347099135,0.14192046347099135,-0.000862286347677609,-0.000862286347677609,0.07240547986073757,0.0,0.3804170795547879,0.31426937962899376,0.0,0.0
275.0,0.001621765503047612,0.0013080679247577222,56.04247418565123,40.748500788871304,7.003699362563322,7.179206361576929,1.4304492979395356,1.3912914916306833,0.0024065574454493234,0.001988033155216881,0.14192531583337883,0.14192531583337883,-0.0008622122419454349,-0.0008622122419454349,0.07240206940638437,0.0,0.3803840265441733,0.31423145868164526,0.0,0.0
276.0,0.0016214788069026376,0.0013077343103988144,56.031950911809744,40.7341435895782,7.003875463011914,7.179708491161275,1.4302725150118003,1.3910159097665729,0.0024061871389700513,0.0019876077561161026,0.1419340481505047,0.1419340481505047,-0.0008620806179222318,-0.0008620806179222318,0.07239604200756114,0.0,0.3803254953547736,0.3141642194710673,0.0,0.0
276.4365251495658,0.0016213539131905126,0.001307588854119643,56.02736581295169,40.72788275642922,7.0039520223989475,7.179927073423201,1.4301954977003917,1.390895983956807,0.002406025815749901,0.001987422211273515,0.14193790755654878,0.14193790755654878,-0.0008620231207252206,-0.0008620231207252206,0.07239342083926989,0.0,0.3802999963681727,0.3141348919790262,0.0,0.0
277.0,0.0016211929283422106,0.001307401254771412,56.021455004956174,40.71980701402122,7.004050566652472,7.180208677139909,1.4300962198811018,1.3907415153512754,0.0024058178685587676,0.0019871828457499255,0.141942931231843,0.141942931231843,-0.0008619488694184938,-0.0008619488694184938,0.07239004619524449,0.0,0.38026712792781137,0.3140970575106028,0.0,0.0
278.0,0.0016209078670026162,0.0013070687647020324,56.010986561933656,40.70549141474453,7.004224679391591,7.180706928531311,1.4299204135635708,1.3904683034181695,0.0024054496338053837,0.0019867584354768264,0.14195196070789506,0.14195196070789506,-0.0008618170127074464,-0.0008618170127074464,0.0723840813118338,0.0,0.38020892419846736,0.31402997459558935,0.0,0.0
278.4365251495658,0.0016207836866841186,0.0013069238034455035,56.00642545777375,40.699248960287704,7.004300374787583,7.180923823502892,1.4298438231906603,1.3903494090273638,0.0024052892146737316,0.00198657332935033,0.14195594711274825,0.14195594711274825,-0.0008617594240114121,-0.0008617594240114121,0.07238148702619124,0.0,0.3801835681134307,0.31400071644766203,0.0,0.0
279.0,0.0016206236224638655,0.001306736846834744,56.00054567459097,40.69119713565852,7.004397807090253,7.1812032542791,1.429745097011301,1.3901962689956362,0.0024050824342299396,0.001986334536399313,0.14196113231074883,0.14196113231074883,-0.0008616850634554093,-0.0008616850634554093,0.0723781467252587,0.0,0.38015088409087844,0.3139629724809057,0.0,0.0
280.0,0.0016203401942666647,0.0013064055076850351,55.99013243128781,40.67692451458297,7.004569955578264,7.181697663290487,1.4295702711314655,1.389925407109163,0.0024047162693029873,0.001985911159444839,0.14197044184551244,0.14197044184551244,-0.0008615530369169814,-0.0008615530369169814,0.07237224182041808,0.0,0.3800930075213593,0.3138960528937612,0.0,0.0
280.4365251495658,0.0016202167265565032,0.0013062610528820767,55.985595477588916,40.67070103125459,7.0046447971753265,7.181912886535523,1.429494109300036,1.389807535452769,0.0024045567533565633,0.0019857265111872524,0.14197454789316058,0.14197454789316058,-0.0008614953835312062,-0.0008614953835312062,0.07236967333631782,0.0,0.3800677941951146,0.3138668671172704,0.0,0.0
281.0,0.0016200575818982156,0.001306074753591724,55.97974691561642,40.662673880972505,7.004741130640277,7.182190164399268,1.4293959367696067,1.3896557127812543,0.002404351138428764,0.001985488315292508,0.14197988521495075,0.14197988521495075,-0.000861420947776736,-0.000861420947776736,0.07236636600604969,0.0,0.3800352943957428,0.31382921752211096,0.0,0.0
282.0,0.00161977578480835,0.001305744590769073,55.96938920783619,40.648445558375876,7.00491133803008,7.18268076640344,1.4292220947280412,1.3893871810329221,0.002403987040964374,0.001985066014450927,0.14198945839206126,0.14198945839206126,-0.0008612888103326058,-0.0008612888103326058,0.07236051870671889,0.0,0.3799777446124118,0.31376246802696084,0.0,0.0
282.4365251495658,0.0016196530287617861,0.0013056006533229527,55.964876546151594,40.64224161361693,7.004985335887471,7.182894333294883,1.4291463628572707,1.3892703234179795,0.002403828427100921,0.00198488184248196,0.14199367702082877,0.14199367702082877,-0.0008612311173853486,-0.0008612311173853486,0.07235797501279727,0.0,0.37995267387073467,0.3137333575333531,0.0,0.0
283.0,0.0016194948023961347,0.0013054150252603009,55.95905938365546,40.63423986223715,7.005080583456786,7.183169478028987,1.4290487457497867,1.389119806884093,0.002403623976204059,0.001984644267187717,0.14199915744372898,0.14199915744372898,-0.0008611566383470679,-0.0008611566383470679,0.07235469936924961,0.0,0.37992035805981317,0.3136958060312261,0.0,0.0
284.0,0.001619214634025068,0.0013050860629879953,55.94875751559906,40.620057102273854,7.005248872598958,7.183656307966692,1.4288758905362755,1.3888535853545192,0.0024032619433971003,0.0019842230836044986,0.14200897850439528,0.14200897850439528,-0.0008610244452194764,-0.0008610244452194764,0.07234890745522682,0.0,0.37986313461928717,0.31362923313158403,0.0,0.0
284.4365251495658,0.0016190925885458509,0.0013049426532910386,55.944269273913925,40.6138732393002,7.005322036644466,7.183868233690139,1.4288005898684988,1.3887377330853061,0.0024031042303251857,0.001984039405631542,0.14201330293564496,0.14201330293564496,-0.0008609667362600701,-0.0008609667362600701,0.07234638760520908,0.0,0.3798382062580519,0.3136002007197158,0.0,0.0
285.0,0.0016189352790104445,0.001304757709709145,55.93848367184721,40.60589758035145,7.005416211090982,7.184141264836686,1.4287035297319037,1.3885885114646546,0.002402900941733163,0.0019838024735690726,0.14201891779877346,0.14201891779877346,-0.0008608922438461449,-0.0008608922438461449,0.0723431424470188,0.0,0.37980607416275114,0.31356275088775354,0.0,0.0
286.0,0.0016186567366337807,0.0013044299710639473,55.92823791753903,40.5917615927829,7.005582604537016,7.184624357224479,1.4285316639410732,1.3883245802360185,0.002402540970359128,0.001983382446787578,0.14202897161656747,0.14202897161656747,-0.0008607600467823044,-0.0008607600467823044,0.07233740384075837,0.0,0.3797491765553596,0.3134963608339016,0.0,0.0
286.4365251495658,0.0016185354004817438,0.0013042870990137901,55.923774210882485,40.585598331332385,7.005654944568386,7.184834656781562,1.4284567955485297,1.3882097246193712,0.0024023841566076162,0.001983199279825841,0.14203339534385903,0.14203339534385903,-0.0008607023438768583,-0.0008607023438768583,0.07233490694911365,0.0,0.3797243903420365,0.313467409193222,0.0,0.0
287.0,0.0016183790061308101,0.0013041028525322936,55.91802031366631,40.57764942827416,7.005748058497551,7.185105593646255,1.4283602937133388,1.3880617866925138,0.0024021820283653406,0.0019829630127393694,0.14203913633428075,0.14203913633428075,-0.0008606278661105412,-0.0008606278661105412,0.07233169115198353,0.0,0.37969244165333155,0.31343006446834876,0.0,0.0
288.0,0.0016181020867051922,0.0013037763594809877,55.90783091831576,40.56356137014756,7.0059125785031835,7.185584982584137,1.4281894195598033,1.3878001258602748,0.0024018241148013875,0.001982544180746393,0.14204940839094365,0.14204940839094365,-0.0008604957135930297,-0.0008604957135930297,0.07232600390906674,0.0,0.37963586930644294,0.31336386326453575,0.0,0.0
288.4365251495658,0.001617981458503501,0.0013036340344963428,55.9033918493456,40.557419207205015,7.0059841041895865,7.185793670795832,1.4281149843511727,1.3876862582105896,0.0024016681987284252,0.001982361541138608,0.1420539251696253,0.1420539251696253,-0.0008604380374141795,-0.0008604380374141795,0.07232352914694927,0.0,0.37961122498151795,0.3133349949782013,0.0,0.0
289.0,0.0016178259775171068,0.0013034504971216833,55.89766978561507,40.54949769435628,7.006076170041358,7.186062532452219,1.4280190419388448,1.387539592769397,0.0024014672286632142,0.001982125959910555,0.14205978430905536,0.14205978430905536,-0.0008603636005477972,-0.0008603636005477972,0.07232034165849864,0.0,0.3795794593559916,0.3132977586611233,0.0,0.0
290.0,0.0016175506776962862,0.00130312527055656,55.887536966916755,40.535458671633776,7.006238838569967,7.1865382516310765,1.427849161271883,1.3872801824533059,0.0024011113689080057,0.0019817083591806284,0.14207026067127687,0.14207026067127687,-0.0008602315379918366,-0.0008602315379918366,0.07231470395873593,0.0,0.3795232116371486,0.3132317520725677,0.0,0.0
290.4365251495658,0.0016174307559383345,0.0013029835015925585,55.8831226264776,40.529338082134494,7.006309559453492,7.186745343140909,1.427775159998621,1.3871672940972408,0.002400956348709595,0.0019815262626162525,0.14207486450849816,0.14207486450849816,-0.0008601739079028814,-0.0008601739079028814,0.07231225055019577,0.0,0.37949870891547927,0.313202969620477,0.0,0.0
291.0,0.001617276186331207,0.001302800684737654,55.8774325097942,40.521444565575,7.006400589504277,7.18701214843451,1.4276797779296693,1.38702188995087,0.0024007565344421715,0.0019812913872918614,0.14208083414053996,0.14208083414053996,-0.0008600995365247241,-0.0008600995365247241,0.07230909038515126,0.0,0.3794671259770593,0.31316584487957516,0.0,0.0
292.0,0.0016170025024814239,0.0013024767445110248,55.86735645916976,40.50745563471444,7.0065614282303486,7.187484231143337,1.4275108922474418,1.3867647103053162,0.002400402724135123,0.00198087505283049,0.1420915014376665,0.1420915014376665,-0.0008599676064631746,-0.0008599676064631746,0.07230350052427299,0.0,0.3794112021970214,0.3131000384392988,0.0,0.0
292.4365251495658,0.0016168832855374322,0.0013023355400741373,55.86296692682637,40.50135707222683,7.006631353727524,7.187689740420517,1.427437325509914,1.386652792586206,0.002400248597853285,0.001980693514364383,0.142096186582788,0.142096186582788,-0.0008599100405969969,-0.0008599100405969969,0.07230106774271655,0.0,0.37938684076912665,0.3130713442010453,0.0,0.0
293.0,0.001616729625167368,0.0013021534545774622,55.85730885635849,40.49349213067181,7.006721360092146,7.187954507972825,1.4273425045117625,1.3865086385667076,0.0024000499368082018,0.0019804593641756796,0.14210225936067958,0.14210225936067958,-0.0008598357577315557,-0.0008598357577315557,0.07229793397842213,0.0,0.3793554401107343,0.31303433407616194,0.0,0.0
294.0,0.0016164575533820086,0.001301830819535177,55.84728974014305,40.47955430016097,7.0068803904047865,7.188422987105771,1.4271746149750812,1.3862536697904293,0.002399698171247522,0.0019800443295615033,0.14211310476331157,0.14211310476331157,-0.0008597039999884088,-0.0008597039999884088,0.0722923903603194,0.0,0.37929983952632934,0.31296873309165435,0.0,0.0
294.4365251495658,0.0016163390395053214,0.001301690187697674,55.84292508468979,40.4734781975492,7.006949529808123,7.188626928448229,1.4271014832285058,1.386142714072426,0.0023995449367781516,0.0019798633636321297,0.1421178656986977,0.1421178656986977,-0.0008596465153214702,-0.0008596465153214702,0.07228997752520618,0.0,0.3792756190596313,0.31294012934940313,0.0,0.0
295.0,0.0016161862860812144,0.0013015088438418422,55.837299145863014,40.4656423831982,7.007038524441821,7.188889676660617,1.4270072238430989,1.3859997990400064,0.0023993474261937153,0.001979629957021306,0.1421240345735466,0.1421240345735466,-0.0008595723425234426,-0.0008595723425234426,0.07228686929743004,0.0,0.3792444002447491,0.3129032367555384,0.0,0.0
296.0,0.0016159158221948024,0.0013011875318558548,55.827337106438954,40.45175661504392,7.007195767448315,7.189354584723837,1.4268403312887603,1.385747021385193,0.0023989977003538512,0.001979216254447129,0.14213504577298391,0.14213504577298391,-0.0008594407943765199,-0.0008594407943765199,0.07228137042691231,0.0,0.37918912206163086,0.3128378463152417,0.0,0.0
296.4365251495658,0.0016157980095278857,0.0013010474802698847,55.822997386386774,40.44570338511091,7.007264129927857,7.1895569722611885,1.4267676348489617,1.38563701905715,0.0023988453554541003,0.0019790358748943346,0.14213987720516016,0.14213987720516016,-0.0008593834067982756,-0.0008593834067982756,0.07227897690066888,0.0,0.3791650422016216,0.31280933525653914,0.0,0.0
297.0,0.001615646160617404,0.0013008668877996623,55.817403651505344,40.43789722447173,7.0073521246283015,7.1898177193187065,1.4266739374401296,1.3854953319051033,0.0023986489923919323,0.0019788032295364744,0.14214613541464252,0.14214613541464252,-0.0008593093642407321,-0.0008593093642407321,0.07227589339968996,0.0,0.37913400476580505,0.3127725629874429,0.0,0.0
298.0,0.0016153773002189648,0.0013005469157996636,55.80749880838602,40.4240644356452,7.007507601157694,7.1902790884370305,1.426508042393827,1.385244725685926,0.0023983013009400422,0.001978390889849295,0.14215730060314463,0.14215730060314463,-0.0008591780605743084,-0.0008591780605743084,0.07227043787572103,0.0,0.3790790481410567,0.3127073879670793,0.0,0.0
298.4365251495658,0.0016152601867991613,0.0013004074517109305,55.80318407242791,40.41803447175689,7.007575195762599,7.190479936133467,1.4264357814428055,1.385135668165034,0.0023981498432354836,0.001978211109931606,0.14216219745430303,0.14216219745430303,-0.0008591207849523039,-0.0008591207849523039,0.07226806306086213,0.0,0.3790551085124307,0.31267897168758785,0.0,0.0
299.0,0.001615109239836074,0.001300227619850758,55.79762260126882,40.41025846644546,7.007662202171916,7.190738700008541,1.4263426462033988,1.3849951978243547,0.002397954624589544,0.0019779792427569234,0.14216853851181105,0.14216853851181105,-0.0008590468915093974,-0.0008590468915093974,0.07226500352781531,0.0,0.37902425196473455,0.3126423224192747,0.0,0.0
300.0,0.0016148419782819003,0.0012999090038549072,55.78777505213462,40.396479530285205,7.007815932778633,7.191196561931978,1.4261777488922185,1.3847467434249479,0.002397608961901398,0.001977568295496869,0.1421798463636323,0.1421798463636323,-0.0008589158649573507,-0.0008589158649573507,0.07225959003720121,0.0,0.37896961600938195,0.31257736748800036,0.0,0.0
300.4365251495658,0.001614725562046901,0.0012997701341159297,55.783485339590605,40.39047320697653,7.007882768438744,7.191395883589068,1.4261059234835434,1.3846386221601337,0.002397458388892791,0.0019773891279083536,0.14218480376347317,0.14218480376347317,-0.0008588587151982984,-0.0008588587151982984,0.07225723337364061,0.0,0.3789458162171056,0.312549047994163,0.0,0.0
301.0,0.0016145755143380488,0.0012995910715869197,55.77795617997176,40.382727834493174,7.007968798045562,7.191652682045108,1.4260133504423345,1.384499357603837,0.00239726431139807,0.0019771580551237733,0.14219122144768487,0.14219122144768487,-0.000858784988522848,-0.000858784988522848,0.07225419709710591,0.0,0.37891514004145765,0.31251252428832355,0.0,0.0
302.0,0.0016143098467639172,0.0012992738267316923,55.76816600166083,40.369003582067116,7.00812080301303,7.192107068155172,1.4258494508068522,1.3842530354857578,0.00239692067157311,0.0019767485285620695,0.14220266110085567,0.14220266110085567,-0.0008586542696029604,-0.0008586542696029604,0.07224882440860159,0.0,0.37886082382284986,0.3124477939147302,0.0,0.0
302.4365251495658,0.001614194125556992,0.0012991355578146958,55.76390134290366,40.36302125563018,7.008186888540464,7.192304877414606,1.4257780608708799,1.384145841960865,0.0023967709806428893,0.00197656998544872,0.14220767437874582,0.14220767437874582,-0.0008585972587100357,-0.0008585972587100357,0.07224648537114281,0.0,0.3788371634531868,0.31241957312636054,0.0,0.0
303.0,0.0016140449742890056,0.0012989572728511617,55.75840453122711,40.355306970113425,7.00827195268196,7.192559728009514,1.4256860498992454,1.3840077722080162,0.0023965780408836783,0.0019763397225589646,0.1422141627236071,0.1422141627236071,-0.0008585237153063107,-0.0008585237153063107,0.07224347168396147,0.0,0.378806667109695,0.312383177433694,0.0,0.0
304.0,0.0016137808956218026,0.0012986414134203096,55.74867178068297,40.34163819154104,7.008422252026249,7.1930106693254015,1.4255231476052341,1.3837635629172118,0.002396236417759434,0.0019759316437349544,0.14222572376242645,0.14222572376242645,-0.0008583933325462801,-0.0008583933325462801,0.07223813864276915,0.0,0.37875266965378296,0.3123186758916601,0.0,0.0
304.4365251495658,0.0016136658671968285,0.0012985037514297417,55.74443219754513,40.335680200596244,7.008487596116981,7.1932069796716585,1.4254521929541581,1.3836572886539644,0.002396087606177901,0.00197575373671071,0.14223078843986703,0.14223078843986703,-0.0008583364726728758,-0.0008583364726728758,0.07223581673876323,0.0,0.37872914827527315,0.3122905556444745,0.0,0.0
305.0,0.0016135176094424998,0.0012983262517952344,55.73896775931683,40.327997433554465,7.008571705980935,7.193459899761252,1.4253607437725435,1.3835204027734438,0.0023958958005957064,0.0019755242985387417,0.14223734172496177,0.14223734172496177,-0.0008582631279648971,-0.0008582631279648971,0.07223282501506594,0.0,0.3786988312014768,0.3122542903079203,0.0,0.0
306.0,0.0016132551144113828,0.0012980117912479413,55.729292474494926,40.3143848792905,7.008720319454394,7.193907426945851,1.4251988382222982,1.3832782869467461,0.002395556187761612,0.0019751176932958775,0.14224901416317048,0.14224901416317048,-0.0008581331080205655,-0.0008581331080205655,0.07222753053770245,0.0,0.37864515149499683,0.31219002168230026,0.0,0.0
306.4365251495658,0.0016131407764376077,0.0012978747419326337,55.72507798065821,40.30845154534097,7.008784930689855,7.194102251708801,1.4251283185550347,1.3831729235075139,0.002395408252692865,0.001974940433458222,0.14225412594655443,0.14225412594655443,-0.0008580764105207386,-0.0008580764105207386,0.07222522530486168,0.0,0.3786217686593934,0.3121620037303834,0.0,0.0
307.0,0.0016129934091619837,0.0012976980349355017,55.71964593098518,40.30080070636295,7.008868097316689,7.194353258450151,1.425037430739211,1.3830372106215179,0.0023952175775939118,0.001974711834165324,0.1422607386878513,0.1422607386878513,-0.000858003278916371,-0.000858003278916371,0.07222225495729384,0.0,0.378591630271449,0.31212587098829486,0.0,0.0
308.0,0.0016127324923090104,0.0012973849859336944,55.71002813172035,40.28724508844378,7.009015044411588,7.194797401815909,1.4248765210825063,1.3827971689926921,0.0023948799684044703,0.0019743067271862647,0.14227251295245943,0.14227251295245943,-0.000857873646682677,-0.000857873646682677,0.0722169980267985,0.0,0.37853826726400414,0.31206183918046604,0.0,0.0
308.4365251495658,0.0016126188423756323,0.0012972485546986518,55.70583873308857,40.281336716413705,7.009078931260244,7.1949907541733475,1.424806435989421,1.3826927079830624,0.0023947329069120456,0.0019741301251313542,0.14227766772611142,0.14227766772611142,-0.0008578171221584937,-0.0008578171221584937,0.07221470903115598,0.0,0.37851502250716534,0.312033925198662,0.0,0.0
309.0,0.0016124723624418775,0.0012970726472071787,55.70043907715493,40.273718193858244,7.009161165545082,7.195239864528033,1.4247161089765314,1.3825581572703682,0.002394543358474572,0.0019739023782364973,0.14228433466706417,0.14228433466706417,-0.0008577442171095877,-0.0008577442171095877,0.07221175950829077,0.0,0.3784850622009994,0.3119979271878676,0.0,0.0
310.0,0.001612213018132197,0.0012967610216420263,55.690878765991506,40.26022018711206,7.009306465497238,7.195680654042667,1.424556194121222,1.3823201706757355,0.0023942077460618882,0.0019734987930772885,0.14229620158280393,0.14229620158280393,-0.0008576149958247071,-0.0008576149958247071,0.0722065391697535,0.0,0.3784320148070399,0.31193413592113356,0.0,0.0
310.4365251495658,0.001612100053752741,0.0012966252135598877,55.68671446104721,40.25433706586935,7.0093696363161735,7.195872547022794,1.4244865430887015,1.3822166037469041,0.0023940615551141867,0.0019733228589147514,0.14230139540228878,0.14230139540228878,-0.0008575586541706727,-0.0008575586541706727,0.07220426600375945,0.0,0.3784089076497867,0.3119063275073852,0.0,0.0
311.0,0.0016119544579276945,0.001296450112016942,55.68134719456954,40.24675122753516,7.009450949010879,7.196119777760075,1.4243967761831164,1.3820832044458962,0.0023938731293952943,0.0019730959773135853,0.1423081115052853,0.1423081115052853,-0.000857485988229523,-0.000857485988229523,0.07220133678768119,0.0,0.3783791248021791,0.31187046626619036,0.0,0.0
312.0,0.0016116966803592732,0.0012961399210346392,55.67184435755615,40.233311470756895,7.00959462080327,7.19655724305216,1.4242378548053851,1.3818472538295548,0.0023935395066811693,0.0019726939364369603,0.14232006227966043,0.14232006227966043,-0.0008573571995726175,-0.0008573571995726175,0.07219615214407031,0.0,0.37832639190291445,0.3118069190910439,0.0,0.0
312.4365251495658,0.00161158439897576,0.0012960047408567767,55.667705137702114,40.22745387362076,7.009657083839769,7.196747689535986,1.4241686372202582,1.3817445726805433,0.0023933941831565907,0.001972518679804275,0.14232529136534938,0.14232529136534938,-0.0008573010500173864,-0.0008573010500173864,0.07219389442481512,0.0,0.37830342185184196,0.31177921776866513,0.0,0.0
313.0,0.0016114396839352952,0.0012958304512940694,55.66237024736555,40.21990106739673,7.009737485554973,7.196993057235899,1.4240794295992334,1.3816123140920216,0.002393206876098848,0.0019722926757875514,0.14233205180348651,0.14233205180348651,-0.0008572286348897301,-0.0008572286348897301,0.07219098502886521,0.0,0.378273815821469,0.3117434952397644,0.0,0.0
314.0,0.0016111834671482224,0.0012955217053207653,55.65292485481596,40.206520164489056,7.0098795479213445,7.197427227600306,1.423921500153504,1.3813783805106838,0.002392875235806273,0.001971892200595307,0.14234407801239815,0.14234407801239815,-0.0008571002990727081,-0.0008571002990727081,0.07218583523713377,0.0,0.37822139626668444,0.31168019553900506,0.0,0.0
314.4365251495658,0.0016110718661351748,0.0012953871574881038,55.64881070470228,40.20068834972282,7.009941311314452,7.1976162403240105,1.423852715307315,1.3812765768903927,0.0023927307764981948,0.00197171763067186,0.14234933874328007,0.14234933874328007,-0.0008570443502182458,-0.0008570443502182458,0.07218359260468994,0.0,0.37819856281494924,0.3116526027589034,0.0,0.0
315.0,0.0016109280284692747,0.0012952136855400116,55.64350816857807,40.19316890421949,7.010020812521577,7.19785976138039,1.423764066026462,1.3811454483801728,0.0023925445839359447,0.0019714925159434182,0.14235613889245374,0.14235613889245374,-0.0008569721968130187,-0.0008569721968130187,0.07218070257136427,0.0,0.37816913294338095,0.31161702079222275,0.0,0.0
316.0,0.0016106733663546731,0.0012949063943060975,55.63412017579973,40.179847425300736,7.010161283950017,7.198290665783597,1.423607126754983,1.3809135130076375,0.002392214918600064,0.001971093626807953,0.14236823246637614,0.14236823246637614,-0.0008568443326666952,-0.0008568443326666952,0.0721755868388164,0.0,0.3781170255531704,0.311553971785942,0.0,0.0
316.4365251495658,0.0016105624430229394,0.0012947724829595526,55.630031073636886,40.17404163659034,7.010222355732104,7.198478257340833,1.4235387738481262,1.3808125787167438,0.0023920713202215324,0.0019709197523286176,0.1423735213741073,0.1423735213741073,-0.0008567885925250402,-0.0008567885925250402,0.07217335895469253,0.0,0.3780943281812317,0.31152648892876444,0.0,0.0
317.0,0.001610419479240602,0.0012945998338765058,55.62476086158232,40.16655586175316,7.0103009667653735,7.19871994796426,1.4234506818467028,1.3806825697180578,0.0023918862378869386,0.0019706955380228916,0.1423803568054052,0.1423803568054052,-0.0008567167110010983,-0.0008567167110010983,0.07217048785367823,0.0,0.3780650737938876,0.31149104928422905,0.0,0.0
318.0,0.0016101663655491288,0.0012942940064401222,55.6154302095743,40.15329434423315,7.010439865501867,7.199147615049536,1.423294730788809,1.3804526138493372,0.0023915585398656125,0.0019702982543180134,0.14239251001608744,0.14239251001608744,-0.0008565893360560978,-0.0008565893360560978,0.07216540543458032,0.0,0.37801327736032303,0.31142825403467966,0.0,0.0
318.4365251495658,0.0016100561171495443,0.001294160735430769,55.61136612743316,40.14751481115191,7.010500253600173,7.1993337978936625,1.4232268089345215,1.3803525407420438,0.002391415799053883,0.0019701250835864603,0.14239782377926702,0.14239782377926702,-0.0008565338120838977,-0.0008565338120838977,0.072163191980277,0.0,0.3779907155366606,0.31140088241291664,0.0,0.0
319.0,0.0016099140236834426,0.0012939889140923116,55.60612820147454,40.140062998856614,7.010577984658605,7.199573674114348,1.4231392730405439,1.3802236407577522,0.00239123182258269,0.001969901780285485,0.14240469025165126,0.14240469025165126,-0.0008564622118938886,-0.0008564622118938886,0.07216033940662246,0.0,0.37796163594372,0.3113655867631385,0.0,0.0
320.0,0.001609662452033442,0.0012936845588621738,55.596854817596025,40.12686194848137,7.010715328710564,7.199998132206818,1.4229843080416111,1.379995645812874,0.0023909060840665228,0.0019695061204162007,0.1424168956993251,0.1424168956993251,-0.0008563353424566318,-0.0008563353424566318,0.07215528959904045,0.0,0.37791014923243677,0.31130304817944293,0.0,0.0
320.4365251495658,0.0016095528757603173,0.0012935519317611027,55.592815721695196,40.1211088869412,7.010775040948735,7.2001829186531,1.422916816269834,1.3798964257985198,0.002390764197387398,0.0019693336613178444,0.1424222311379881,0.1424222311379881,-0.0008562800415875682,-0.0008562800415875682,0.07215309027470451,0.0,0.3778877224142362,0.3112757890394748,0.0,0.0
321.0,0.0016094116489712652,0.0012933809426884824,55.587610036394864,40.113691311572154,7.010851902098119,7.2004209963236905,1.4228298352050186,1.3797686244031437,0.0023905813223244303,0.0019691112790678478,0.14242912459125487,0.14242912459125487,-0.0008562087315191441,-0.0008562087315191441,0.0721502558471109,0.0,0.37785881691150747,0.3112406389723756,0.0,0.0
322.0,0.0016091616128565689,0.0012930780674460214,55.578393835005635,40.10055120343846,7.010987709237874,7.200842273435277,1.422675853925115,1.3795425719306385,0.0023902575353464267,0.0019687172604996167,0.1424413751923284,0.1424413751923284,-0.0008560823827432175,-0.0008560823827432175,0.07214523798996036,0.0,0.3778076386632307,0.31117835981515024,0.0,0.0
322.4365251495658,0.0016090527058510496,0.0012929460875539256,55.574379685986756,40.094824816128124,7.011046753337485,7.201025675663023,1.4226087911862257,1.3794441969751736,0.0023901164992983365,0.0019685455205141617,0.1424467292626481,0.1424467292626481,-0.0008560273114184688,-0.0008560273114184688,0.07214305251312869,0.0,0.37778534629702853,0.31115121433923,0.0,0.0
323.0,0.0016089123420322954,0.0012927759349223523,55.5692061887948,40.08744173513979,7.011122754512343,7.20126197046135,1.4225223635707618,1.3793174838167601,0.002389934721102837,0.0019683240688417036,0.1424536458106534,0.1424536458106534,-0.0008559562996330023,-0.0008559562996330023,0.07214023587235686,0.0,0.377756614166793,0.3111162113605919,0.0,0.0
324.0,0.0016086638348296657,0.0012924745468432142,55.56004707186897,40.07436301468033,7.011257042280615,7.2016800942956065,1.4223693634930097,1.3790933554968579,0.002389612877547607,0.001967931708128638,0.14246593478586894,0.14246593478586894,-0.0008558304855862089,-0.0008558304855862089,0.07213524934265095,0.0,0.37770574309879196,0.31105419424640424,0.0,0.0
324.4365251495658,0.0016085555941829394,0.0012923432171996236,55.55605782506064,40.068663491490994,7.0113154258626755,7.2018621243502565,1.4223027286614243,1.3789958176241934,0.0023894726885656456,0.001967760694342388,0.14247130457505763,0.14247130457505763,-0.00085577564978307,-0.00085577564978307,0.07213307744707878,0.0,0.3776835846211141,0.3110271635546037,0.0,0.0
325.0,0.0016084160895642298,0.0012921739048501525,55.55091645665176,40.06131514595326,7.011390576868201,7.202096651782021,1.4222168530185895,1.3788701824260186,0.0023892920026162556,0.0019675401822700778,0.14247824049920077,0.14247824049920077,-0.0008557049438520232,-0.0008557049438520232,0.07213027825446261,0.0,0.3776550251329129,0.3109923090905535,0.0,0.0
326.0,0.0016081691045405134,0.0012918740105250237,55.54181431436608,40.04829822989346,7.011523362577529,7.202511649738845,1.4220648314572402,1.3786479600735608,0.002388972094228812,0.00196714949508265,0.1424905613622394,0.1424905613622394,-0.0008555796775793795,-0.0008555796775793795,0.07212532246474558,0.0,0.3776044599403922,0.31093055649630147,0.0,0.0
326.4365251495658,0.0016080615272968642,0.0012917433339173223,55.53784992003672,40.04262574833194,7.011581093163977,7.202692319534016,1.4219986233348965,1.3785512513668,0.0023888327486884693,0.001966979214200408,0.14249594408364227,0.14249594408364227,-0.0008555250828381566,-0.0008555250828381566,0.07212316389931409,0.0,0.3775824347783432,0.3109036416483916,0.0,0.0
327.0,0.0016079228780483846,0.0012915748653683974,55.53274061463338,40.03531236345968,7.011655403677955,7.202925094935407,1.4219132980955098,1.3784266839289185,0.0023886531502881267,0.001966759650262169,0.14250289582659065,0.14250289582659065,-0.0008554546897772616,-0.0008554546897772616,0.0721203818353748,0.0,0.3775540471897516,0.3108689370478141,0.0,0.0
328.0,0.0016076774083673474,0.0012912764708232077,55.52369532593104,40.02235764074674,7.011786704416092,7.2033369941156575,1.4217622522037476,1.3782063494960117,0.002388335168682358,0.001966370651414001,0.14251524237310484,0.14251524237310484,-0.0008553299833602103,-0.0008553299833602103,0.07211545623132708,0.0,0.37750378654719025,0.3108074513149607,0.0,0.0
328.4365251495658,0.0016075704915270994,0.001291146449795369,55.519755729531326,40.01671236633688,7.011843789431265,7.20351631543514,1.4216964695234688,1.3781104620985654,0.002388196662903151,0.0019662011097706447,0.14252063536147833,0.14252063536147833,-0.0008552756348094926,-0.0008552756348094926,0.07211331075902337,0.0,0.3774818941190274,0.31078065331224164,0.0,0.0
329.0,0.0016074326937632112,0.001290978828253972,55.5146784152133,40.00943415200422,7.011917269005976,7.203747353975399,1.4216116930301976,1.3779869522992179,0.0023880181472837013,0.0019659825020266267,0.14252759952113225,0.14252759952113225,-0.0008552055611108742,-0.0008552055611108742,0.07211054552217609,0.0,0.377453677676384,0.3107460998491358,0.0,0.0
330.0,0.0016071887324920653,0.0012906819389695318,55.505689848344595,39.99654198470943,7.012047101639243,7.2041561811854,1.4214616198076717,1.377768487877631,0.0023877020839504284,0.001965595205500645,0.14253996581818867,0.14253996581818867,-0.0008550814257229233,-0.0008550814257229233,0.07210564958038168,0.0,0.3774037202388083,0.3106848831878431,0.0,0.0
330.4365251495658,0.0016070824730143986,0.0012905525758305642,55.50177499073991,39.990924071381784,7.012103548411342,7.204334165685112,1.4213962612364142,1.3776734139942288,0.002387564414199409,0.0019654264090724766,0.14254536652515448,0.14254536652515448,-0.0008550273281033448,-0.0008550273281033448,0.07210351697734903,0.0,0.37738195995449636,0.31065820297493796,0.0,0.0
331.0,0.0016069455227972153,0.0012903858042030703,55.4967295897412,39.98368122262156,7.012176206475437,7.204563482369039,1.4213120317479286,1.3775509517911095,0.002387386976526004,0.00196520876512353,0.14255233984883425,0.14255233984883425,-0.000854957579765713,-0.000854957579765713,0.0721007682826971,0.0,0.377353913893598,0.31062380185070565,0.0,0.0
332.0,0.001606703062912887,0.001290090425134044,55.487797602781754,39.970851946816495,7.012304587652037,7.20496926412499,1.4211629280480325,1.3773343396144369,0.002387072822840723,0.0019648231840974015,0.1425647202247539,0.1425647202247539,-0.0008548340257247544,-0.0008548340257247544,0.07209590150856067,0.0,0.3773042582978062,0.3105628563438551,0.0,0.0
332.4365251495658,0.0016065974577185256,0.001289961721966218,55.48390742047504,39.96526153728686,7.012360403414568,7.2051459233348805,1.4210979921900222,1.3772400715120328,0.0023869359853357607,0.0019646551385131064,0.14257012621442347,0.14257012621442347,-0.0008547801834113213,-0.0008547801834113213,0.07209378156321143,0.0,0.377282629559536,0.31053629481044226,0.0,0.0
333.0,0.0016064613510613725,0.001289795802868904,55.47889384946861,39.9580542347755,7.012432249274919,7.205373533005282,1.421014307885009,1.3771186469434327,0.002386759620711148,0.0019644384655148756,0.14257710559327463,0.14257710559327463,-0.000854710765968369,-0.000854710765968369,0.07209104914142171,0.0,0.3772547531063157,0.310502047156115,0.0,0.0
334.0,0.0016062203854564972,0.001289501938462262,55.47001829081649,39.94528816138296,7.012559195428222,7.205776295537566,1.4208661704219026,1.3769038693890292,0.002386447367941441,0.0019640546123856975,0.14258949462784784,0.14258949462784784,-0.0008545878027858599,-0.0008545878027858599,0.07208621106722682,0.0,0.37720539797204905,0.3104413747632102,0.0,0.0
334.4365251495658,0.0016061154314302717,0.001289373897129037,55.46615271616199,39.93972538751988,7.012614387321416,7.205951640863485,1.4208016558216634,1.3768103993976153,0.002386311358854424,0.0019638873229370635,0.14259490357261007,0.14259490357261007,-0.0008545342198089578,-0.0008545342198089578,0.0720841035794156,0.0,0.37718390017474357,0.3104149327457175,0.0,0.0
335.0,0.0016059801643009714,0.0012892088328982948,55.46117088653272,39.93255379804848,7.012685430164975,7.206177558203574,1.4207185148027008,1.376690002583437,0.0023861360623230014,0.0019636716276136973,0.1426018860362178,0.1426018860362178,-0.0008544651383560355,-0.0008544651383560355,0.07208138717567047,0.0,0.37715619254591143,0.3103808396241243,0.0,0.0
336.0,0.0016057406857896167,0.0012889164871111637,55.45235159538505,39.91985121366879,7.012810957516788,7.206577327460976,1.4205713401580955,1.3764770421741435,0.0023858257016355806,0.001963289514022165,0.1426142785512872,0.1426142785512872,-0.0008543427747832326,-0.0008543427747832326,0.07207657735876954,0.0,0.37710713647696725,0.3103204421851107,0.0,0.0
336.4365251495658,0.001605636379782946,0.0012887891092649513,55.44851055679328,39.91431619685052,7.012865532589027,7.2067513701865,1.4205072453033725,1.376384362687469,0.002385690517095463,0.001963122985674491,0.14261968822775234,0.14261968822775234,-0.0008542894548483651,-0.0008542894548483651,0.07207448213902322,0.0,0.37708576900876334,0.3102941204683606,0.0,0.0
337.0,0.0016055019481069467,0.0012886249019671227,55.44356037489992,39.907180473782155,7.012935781484576,7.206975609722236,1.4204246456006684,1.376264983830129,0.002385516283647162,0.0019629082743319592,0.1426266709389532,0.1426266709389532,-0.0008542207140676282,-0.0008542207140676282,0.07207178151204086,0.0,0.37705822941242056,0.31026018287623225,0.0,0.0
338.0,0.0016052639494301413,0.0012883340782841564,55.43479718171017,39.89454164149557,7.0130599060481975,7.207372411376067,1.420278430230371,1.376053823235795,0.0023852078061147343,0.0019625279111857297,0.14263906198934337,0.14263906198934337,-0.0008540989581391746,-0.0008540989581391746,0.07206699953316169,0.0,0.37700947099773774,0.3102000621151902,0.0,0.0
338.4365251495658,0.001605160288263391,0.0012882073653737393,55.43098060384458,39.889034492956704,7.0131138712573415,7.207545162664286,1.4202147535549512,1.3759619267120005,0.0023850734422104503,0.001962362148587915,0.14264447027443666,0.14264447027443666,-0.000854045904645577,-0.000854045904645577,0.07206491640195822,0.0,0.3769882332404466,0.3101738614339946,0.0,0.0
339.0,0.0016050266879268,0.0012880440168147628,55.426061971270826,39.881934776670555,7.013183335157317,7.20776773876667,1.4201326931299556,1.375843556097222,0.0023849002667844545,0.0019621484271270806,0.14265145052432693,0.14265145052432693,-0.000853977508829578,-0.000853977508829578,0.07206223132308182,0.0,0.376960860876673,0.3101400803040304,0.0,0.0
340.0,0.0016047901617577494,0.001287754718264883,55.41735469818746,39.86935993681658,7.0133060727408285,7.208161598214803,1.4199874333701858,1.3756341781360366,0.0023845936633921545,0.001961769824623587,0.1426638353891098,0.1426638353891098,-0.0008538563679043512,-0.0008538563679043512,0.07205747678475828,0.0,0.3769123986913486,0.3100802378327812,0.0,0.0
340.4365251495658,0.0016046871422224912,0.0012876286715427232,55.41356250215304,39.86388075798454,7.013359434955644,7.208333069110068,1.4199241732566215,1.3755430570982077,0.0023844601161754284,0.001961604832118026,0.1426692402563111,0.1426692402563111,-0.0008538035839624337,-0.0008538035839624337,0.07205540557185866,0.0,0.37689129002089977,0.3100541588735054,0.0,0.0
341.0,0.001604554369074962,0.0012874661832773554,55.4086753159486,39.85681717630723,7.0134281226978965,7.208553995997389,1.4198426500055075,1.3754256850957076,0.0023842879936637543,0.0019613921060471357,0.14267621545943535,0.14267621545943535,-0.0008537355370363428,-0.0008537355370363428,0.07205273582420667,0.0,0.3768640840823201,0.3100205350763469,0.0,0.0
342.0,0.0016043193080241297,0.0012871784124500964,55.4000237772358,39.844306547241196,7.0135494889072225,7.2089449383682105,1.4196983420789948,1.3752180727353542,0.0023839832553154278,0.0019610152736957986,0.14268858963352038,0.14268858963352038,-0.0008536150178359927,-0.0008536150178359927,0.07204800834930856,0.0,0.37681591668860254,0.3099609723979638,0.0,0.0
342.4365251495658,0.001604216926885299,0.0012870530329793213,55.39625588076011,39.83885543006319,7.013602254908711,7.209115139797848,1.4196354968612295,1.3751277197719967,0.0023838505208034245,0.001960851055327943,0.14269398914924086,0.14269398914924086,-0.000853562506283805,-0.000853562506283805,0.0720459488931311,0.0,0.37679493647546336,0.30993501580003774,0.0,0.0
343.0,0.0016040849767427923,0.001286891406320187,55.39140003367191,39.8318280986876,7.01367017521823,7.209334431537878,1.4195545086182544,1.375011336836076,0.0023836794460543355,0.0019606393297750477,0.1427009568389597,0.1427009568389597,-0.000853494811826331,-0.000853494811826331,0.07204329427080414,0.0,0.37676789614778633,0.3099015501462322,0.0,0.0
344.0,0.0016038513733626887,0.0012866051653814216,55.382804036113384,39.81938187751548,7.013790185460191,7.209722481694155,1.4194111486401189,1.3748054731947132,0.002383376563578475,0.0019602642764187522,0.1427133160249922,0.1427133160249922,-0.0008533749204715348,-0.0008533749204715348,0.07203859350116817,0.0,0.3767200220960137,0.30984226865843467,0.0,0.0
344.4365251495658,0.0016037496273606678,0.001286480454042674,55.3790603537201,39.8139589047758,7.013842361942916,7.209891424470137,1.4193487166060228,1.3747158809601567,0.0023832446377563717,0.0019601008359464364,0.1427187083450865,0.1427187083450865,-0.0008533226838902404,-0.0008533226838902404,0.07203654564820605,0.0,0.37669916970559525,0.30981643501582723,0.0,0.0
345.0,0.0016036184960080886,0.0012863196900689683,55.37423573441408,39.806967927667685,7.0139095234335445,7.210109094982286,1.4192682611467704,1.3746004776301994,0.0023830746055776494,0.001959890115671277,0.14272566616911572,0.14272566616911572,-0.0008532553451533152,-0.0008532553451533152,0.07203390595554808,0.0,0.37667229416813125,0.3097831282577064,0.0,0.0
346.0,0.001603386342797919,0.0012860349807762407,55.3656950777005,39.79458629095962,7.014028192918874,7.2104942775249565,1.419125845130195,1.374396345977284,0.002382773569733116,0.001959516849507431,0.14273800626967328,0.14273800626967328,-0.0008531360871978913,-0.0008531360871978913,0.0720292315507022,0.0,0.37662471199763525,0.3097241292561887,0.0,0.0
346.4365251495658,0.0016032852286505307,0.0012859109382742486,55.36197552087615,39.789191536587886,7.014079786491419,7.210661972345546,1.419063824524009,1.3743075071920166,0.0023826424485565885,0.001959354190409962,0.14274338963607738,0.14274338963607738,-0.0008530841279268655,-0.0008530841279268655,0.07202719515495022,0.0,0.3766039867906858,0.30969841911884444,0.0,0.0
347.0,0.0016031549118442762,0.0012857510378402022,55.35718201415019,39.78223700638081,7.014146197667531,7.210878035402967,1.4189838995685171,1.3741930740929,0.002382473453718694,0.001959144479815572,0.14275033535218995,0.14275033535218995,-0.0008530171478541709,-0.0008530171478541709,0.07202457020585941,0.0,0.37657727521684614,0.3096652719523582,0.0,0.0
348.0,0.0016029242012543577,0.0012854678615575545,55.34869649125091,39.76992011086391,7.014263541413855,7.211260374674842,1.4188424234302197,1.373990657849856,0.0023821742552001778,0.0019587730084165214,0.14276265246226572,0.14276265246226572,-0.0008528985283171933,-0.0008528985283171933,0.07201992184183438,0.0,0.3765299834568159,0.30960655663401665,0.0,0.0
348.4365251495658,0.0016028237156587328,0.0012853444884275507,55.34500096860475,39.76455364023424,7.014314558603514,7.211426832126199,1.418780812454913,1.3739025653007941,0.0023820439345977017,0.0019586111339034568,0.1427680251997606,0.1427680251997606,-0.0008528468484656915,-0.0008528468484656915,0.07201789676440243,0.0,0.37650938478978413,0.30958097050924294,0.0,0.0
349.0,0.0016026942091291242,0.0012851854521706203,55.34023845559301,39.75763563861302,7.014380227861673,7.211641301357849,1.4187014156706874,1.3737890931432168,0.002381875971836738,0.001958402437047542,0.14277495667164597,0.14277495667164597,-0.0008527802297101256,-0.0008527802297101256,0.07201528638168876,0.0,0.3764828363475495,0.3095479835757582,0.0,0.0
350.0,0.0016024649335650842,0.001284903809882937,55.33180785311297,39.74538362184397,7.0144962606964105,7.212020821447255,1.4185608752361978,1.3735883758839667,0.0023815786012800315,0.001958032767380352,0.14278724707140866,0.14278724707140866,-0.0008526622531062285,-0.0008526622531062285,0.07201066374990577,0.0,0.3764358335178644,0.3094895530418174,0.0,0.0
350.4365251495658,0.0016023650731995188,0.0012847811064968517,55.328136270530464,39.74004549206562,7.01454670794536,7.212186052005009,1.4184996720557401,1.373501022424664,0.002381449077155179,0.001957871680400118,0.14279260758450055,0.14279260758450055,-0.0008526108545693907,-0.0008526108545693907,0.07200864985836715,0.0,0.37641536074326304,0.3094640913956468,0.0,0.0
351.0,0.0016022363726531043,0.0012846229348456696,55.32340462889938,39.73316409013859,7.014611643575952,7.2123989408976765,1.4184208010606645,1.373388502005397,0.0023812821411757987,0.001957664001005978,0.14279952277777722,0.14279952277777722,-0.000852544599509492,-0.000852544599509492,0.07200605387315416,0.0,0.37638897459564297,0.30943126528367404,0.0,0.0
352.0,0.001602008524479992,0.0012843428271726272,55.315028727421534,39.72097707115697,7.014726380139217,7.212775665642006,1.4182811920694105,1.3731894674567515,0.0023809865891628035,0.0019572961394518293,0.14281178292559263,0.14281178292559263,-0.0008524272698773171,-0.0008524272698773171,0.07200145667939477,0.0,0.3763422592076647,0.30937312054275273,0.0,0.0
352.4365251495658,0.0016019092860056789,0.0012842207937451028,55.311380988211646,39.71566733135637,7.0147762638091615,7.212939679672803,1.418220394810965,1.3731028460075507,0.00238085785739639,0.0019571358427000404,0.14281712969550864,0.14281712969550864,-0.0008523761543462881,-0.0008523761543462881,0.07199945384746637,0.0,0.37632191167440915,0.30934778380125805,0.0,0.0
353.0,0.001601781387127474,0.00128406348692717,55.30668009234822,39.70882259001691,7.014840473998005,7.213151001573084,1.4181420471761028,1.3729912682096155,0.00238069194287455,0.0019569291841673164,0.14282402667387972,0.14282402667387972,-0.0008523102651017233,-0.0008523102651017233,0.07199687209863326,0.0,0.3762956869798776,0.3093151190481495,0.0,0.0
354.0,0.0016015549586736234,0.0012837849141366876,55.29835866676219,39.69670066997923,7.0149539287454346,7.213524954562293,1.4180033652863147,1.372793900251543,0.002380398199938079,0.0019565631365401695,0.14283625319959037,0.14283625319959037,-0.0008521935860307845,-0.0008521935860307845,0.07199230006207494,0.0,0.3762492575372083,0.3092572610192109,0.0,0.0
354.4365251495658,0.0016014563387363125,0.0012836635507309014,55.29473467179877,39.691419361573956,7.015003255117991,7.213687762325299,1.4179429720423509,1.372708003799673,0.0023802702563902253,0.001956403632467761,0.14284158478138298,0.14284158478138298,-0.0008521427550047049,-0.0008521427550047049,0.07199030816917679,0.0,0.37622903459094337,0.3092320495697906,0.0,0.0
355.0,0.001601329237191948,0.0012835071087800326,55.29006439299118,39.68461133185142,7.015066747947916,7.213897530441543,1.4178651452946474,1.3725973595924492,0.002380105357975823,0.001956197997882811,0.14284846170293453,0.14284846170293453,-0.0008520772334508616,-0.0008520772334508616,0.07198774050283832,0.0,0.37620297050385504,0.30919954666338045,0.0,0.0
356.0,0.0016011042207526806,0.0012832300708014027,55.28179721280881,39.67255459464688,7.01517893515346,7.214268735021558,1.4177273860880855,1.3724016422582228,0.002379813414604224,0.0019558337694477526,0.1428606514013828,0.1428606514013828,-0.0008519612081068499,-0.0008519612081068499,0.0719831933551566,0.0,0.37615682550306906,0.3091419761786321,0.0,0.0
356.4365251495658,0.0016010062159842854,0.0012831093773346875,55.27819686066634,39.66730175161155,7.0152277104313665,7.214430346669952,1.4176673949184144,1.3723164638578451,0.0023796862551163367,0.0019556750602688425,0.1428659664211401,0.1428659664211401,-0.0008519106629036645,-0.0008519106629036645,0.0719812122860303,0.0,0.3761367264864812,0.309116890371253,0.0,0.0
357.0,0.0016008799074220205,0.0012829538000982549,55.27355706727737,39.66053047501205,7.015290493883772,7.214638574074161,1.4175900865433009,1.372206744297115,0.0023795223674357574,0.0019554704524148495,0.14287282153477215,0.14287282153477215,-0.0008518455106854027,-0.0008518455106854027,0.07197865855505246,0.0,0.3761108221574747,0.3090845497514554,0.0,0.0
358.0,0.0016006562952632338,0.0012826782965347284,55.265343896935605,39.64853898786029,7.015401427642437,7.2150070533502415,1.4174532455298101,1.372012661773348,0.002379232214077334,0.0019551080479058014,0.14288497135955944,0.14288497135955944,-0.0008517301418340381,-0.0008517301418340381,0.07197413603958366,0.0,0.37606496008881685,0.3090272675591478,0.0,0.0
358.4365251495658,0.001600558902283361,0.001282558272784079,55.26176708401944,39.64331463698475,7.015449657950744,7.215167478932658,1.417393654463547,1.3719281945455553,0.0023791058344740275,0.001954950135605371,0.14289026851171718,0.14289026851171718,-0.000851679883600689,-0.000851679883600689,0.07197216568393607,0.0,0.37604498434193845,0.3090023077075589,0.0,0.0
359.0,0.0016004333823360474,0.00128240355992999,55.2571576416529,39.636580145821924,7.01551173990713,7.215374178562354,1.4173168619074508,1.3718193907734884,0.00237894295213251,0.001954746556972198,0.14289710015370694,0.14289710015370694,-0.0008516151021453032,-0.0008516151021453032,0.07196962574748385,0.0,0.37601923891830996,0.30897012976792515,0.0,0.0
360.0,0.0016002111666976071,0.00128212959007111,55.24899824080455,39.6246539598534,7.01562143413768,7.215739955402372,1.4171809345293493,1.371626927400062,0.002378654579199748,0.001954385980609187,0.14290920721117883,0.14290920721117883,-0.0008515003921748178,-0.0008515003921748178,0.0719651276184465,0.0,0.3759736582663634,0.3089131365350821,0.0,0.0
360.4365251495658,0.0016001143821150199,0.001282010235678427,55.24544486147603,39.619458120993365,7.015669125524923,7.215899204864329,1.417121741566804,1.371543164532832,0.0023785289752906343,0.001954228866950569,0.1429144852559291,0.1429144852559291,-0.0008514504218968573,-0.0008514504218968573,0.07196316787061788,0.0,0.37595380512685544,0.30888830291799846,0.0,0.0
361.0,0.001599989646401981,0.001281856386701924,55.24086563313663,39.61276043870952,7.015730513768397,7.216104389524384,1.4170454622395652,1.3714352677779107,0.002378367092874697,0.0019540263197442634,0.1429212918466169,0.1429212918466169,-0.0008513860124263048,-0.0008513860124263048,0.07196064159373478,0.0,0.37592821775294194,0.30885628800721976,0.0,0.0
362.0,0.0015997688195009824,0.0012815839495353698,55.232759756929404,39.60089958952883,7.015838982216009,7.216467486562047,1.4169104438758737,1.3712444080478075,0.0023780804907483077,0.001953667575250208,0.1429333533900688,0.1429333533900688,-0.000851271963368646,-0.000851271963368646,0.07195616761550218,0.0,0.3758829169972679,0.30879958432229104,0.0,0.0
362.4365251495658,0.0015996726399150037,0.0012814652640126267,55.22922970362594,39.595732275849215,7.01588614065536,7.216625569747347,1.4168516469903705,1.3711613427959137,0.0023779556583297425,0.0019535112617822953,0.1429386111508633,0.1429386111508633,-0.0008512222818793004,-0.0008512222818793004,0.07195421837415664,0.0,0.3758631858006962,0.30877487718453295,0.0,0.0
363.0,0.0015995486840438113,0.0012813122782428272,55.224680549872645,39.58907141732712,7.015946842872116,7.216829252111776,1.4167758782675703,1.3710543443728036,0.0023777947704093083,0.0019533097479344785,0.14294539119145938,0.14294539119145938,-0.0008511582454217307,-0.0008511582454217307,0.07195170562737256,0.0,0.3758377556182118,0.3087430256079242,0.0,0.0
364.0,0.0015993292380777236,0.0012810413724659464,55.21662794921724,39.57727592555987,7.016054099110995,7.217189691749789,1.4166417642380829,1.370865072931846,0.0023775099294421342,0.0019529528385514583,0.1429574046155488,0.1429574046155488,-0.000851044858972565,-0.000851044858972565,0.0719472555737961,0.0,0.37579273323396606,0.30868661198335806,0.0,0.0
364.4365251495658,0.0015992336600795854,0.0012809233552001364,55.21312111256748,39.57213714377099,7.016100730501397,7.217346618401878,1.4165833613777163,1.3707826986167293,0.002377385864298906,0.0019527973266157822,0.142962640976694,0.142962640976694,-0.0008509954669612797,-0.0008509954669612797,0.07194531674163407,0.0,0.3757731233140682,0.30866203153696975,0.0,0.0
365.0,0.0015991104796477863,0.001280771231806424,55.208601891660784,39.56551311563648,7.016160754282174,7.2175488110156,1.4165081006029219,1.3706765899261035,0.0023772259654294935,0.001952596847792587,0.14296939304620207,0.14296939304620207,-0.000850931804361911,-0.000850931804361911,0.07194281740059974,0.0,0.37574784946244993,0.30863034355788244,0.0,0.0
366.0,0.0015988924067974254,0.0012805018558373626,55.20060231348804,39.55378298746024,7.0162668117181175,7.217906615428768,1.4163748861721277,1.3704888915726012,0.0023769428759501873,0.0019522417762977695,0.14298135588156624,0.14298135588156624,-0.0008508190818994953,-0.0008508190818994953,0.07193839105437753,0.0,0.37570310392096523,0.30857422043264177,0.0,0.0
366.4365251495658,0.0015987974269715433,0.0012803845060953085,55.19711858242267,39.54867273804705,7.016312921885399,7.21806239519209,1.4163168752614497,1.3704072015822055,0.002376819573857103,0.001952087067035313,0.1429865697859028,0.1429865697859028,-0.0008507699799200086,-0.0008507699799200086,0.0719364625378671,0.0,0.3756836146099008,0.30854976685796887,0.0,0.0
367.0,0.0015986750175682853,0.0012802332440934594,55.19262915046603,39.54208553896275,7.016372274726915,7.218263110472654,1.4162421197483703,1.37030197411052,0.0023766606585818376,0.001951887624646216,0.14299329253815243,0.14299329253815243,-0.0008507066918513894,-0.0008507066918513894,0.07193397648301378,0.0,0.37565849622662717,0.30851824269918693,0.0,0.0
368.0,0.0015984583100006806,0.0012799653960819557,55.18468233797395,39.53042076662227,7.016477146599842,7.218618301610913,1.4161098001292312,1.3701158337948431,0.0023763793108984924,0.0019515343933672394,0.14300520244621942,0.14300520244621942,-0.0008505946344543812,-0.0008505946344543812,0.0719295736351036,0.0,0.37561402599598626,0.3084624104411818,0.0,0.0
368.4365251495658,0.0015983639249258913,0.0012798487130149918,55.18122159983178,39.525339044066946,7.016522741297811,7.218772944032227,1.4160521790708782,1.3700348215834135,0.002376256767621897,0.0019513804877251476,0.1430103928928879,0.1430103928928879,-0.0008505458229323305,-0.0008505458229323305,0.07192765534423035,0.0,0.3755946566245775,0.3084380838879315,0.0,0.0
369.0,0.001598242282133522,0.0012796983112731753,55.17676181090736,39.51878866501747,7.016581430604167,7.218972194271506,1.4159779261054464,1.369930466902635,0.0023760988304734783,0.0019511820829315255,0.14301708505367625,0.14301708505367625,-0.0008504829099040361,-0.0008504829099040361,0.07192518246045224,0.0,0.37556969284547886,0.3084067237330237,0.0,0.0
370.0,0.001598026932004662,0.0012794319891110241,55.168867503798126,39.50718922732486,7.016685129990599,7.21932479386292,1.4158464964630304,1.369745869726705,0.002375819214876961,0.001950830693761424,0.14302893982166406,0.14302893982166406,-0.0008503715183682951,-0.0008503715183682951,0.07192080290952385,0.0,0.37552549639104194,0.3083511826414699,0.0,0.0
370.4365251495658,0.0015979331382553947,0.001279315971759465,55.16542964442822,39.50213602032276,7.016730214902122,7.219478308392589,1.4157892631392874,1.3696655288145567,0.0023756974261762293,0.001950677592499464,0.1430341058639494,0.1430341058639494,-0.0008503229976084181,-0.0008503229976084181,0.07191889475755751,0.0,0.3755062462890094,0.308326983229732,0.0,0.0
371.0,0.0015978122576509324,0.001279166429003989,55.1609993507272,39.4956224448914,7.016788247986196,7.219676105758444,1.4157155099816583,1.3695620385818552,0.0023755404616788156,0.0019504802262228296,0.14304076622828552,0.14304076622828552,-0.0008502604599761825,-0.0008502604599761825,0.07191643493391724,0.0,0.37548143624856617,0.30829578722435425,0.0,0.0
372.0,0.0015975982571083793,0.0012789016303351693,55.15315728543486,39.48408830771156,7.016890787801696,7.220026135312125,1.415584965436639,1.3693789697985674,0.0023752625684460744,0.0019501306806347166,0.1430525637643805,0.1430525637643805,-0.000850149734830656,-0.000850149734830656,0.07191207848584169,0.0,0.3754375120334931,0.3082405375320942,0.0,0.0
372.4365251495658,0.001597505051255796,0.0012787862776327237,55.149742189294386,39.47906359938088,7.016935368539756,7.220178531305391,1.4155281177109462,1.3692992937718214,0.002375141530075002,0.0019499783843315507,0.14305770450763566,0.14305770450763566,-0.0008501015050235631,-0.0008501015050235631,0.07191018038911975,0.0,0.3754183805296755,0.3082164653533329,0.0,0.0
373.0,0.0015973849284123905,0.0012786375924536521,55.145341241242015,39.472586804018206,7.016992752624547,7.220374887843301,1.4154548615974254,1.3691966597292193,0.002374985532745972,0.0019497820572616648,0.14306433193708473,0.14306433193708473,-0.0008500393429979325,-0.0008500393429979325,0.07190773351857165,0.0,0.3753937233612964,0.3081854336065097,0.0,0.0
374.0,0.0015971722695977963,0.0012783743146841193,55.137551151151015,39.46111792073996,7.017094145626121,7.2207223686522894,1.4153251972294458,1.369015104741797,0.0023747093521431888,0.0019494343563227975,0.14307607026579375,0.14307607026579375,-0.0008499292845196339,-0.0008499292845196339,0.07190339998594712,0.0,0.3753500698470457,0.30813047548223566,0.0,0.0
374.4365251495658,0.0015970796482108448,0.0012782596254620861,55.13415870139924,39.45612168882519,7.017138227734859,7.220873655370516,1.4152687329478484,1.3689360872520888,0.002374589059851318,0.0019492828653821237,0.14308118486543836,0.14308118486543836,-0.000849881345748231,-0.000849881345748231,0.07190151186367215,0.0,0.37533105626960933,0.30810653060026016,0.0,0.0
375.0,0.0015969602786991305,0.0012781117963186373,55.129786947775,39.44968164310971,7.017194969954843,7.221068583005182,1.4151959710927426,1.3688343012260775,0.0023744340242030128,0.0019490875779848219,0.14308777828556019,0.14308777828556019,-0.0008498195594027072,-0.0008498195594027072,0.07189907784280722,0.0,0.3753065511059068,0.30807566318562213,0.0,0.0
376.0,0.001596748953750632,0.0012778500366258272,55.12204856342991,39.43827795510298,7.017295228743298,7.221413536149268,1.4150671819436578,1.3686542455873665,0.0023741595464885287,0.0019487417223703757,0.14309945554323292,0.14309945554323292,-0.0008497101676308855,-0.0008497101676308855,0.07189476704451553,0.0,0.37526316675269744,0.30802099673605343,0.0,0.0
376.4365251495658,0.0015966569133970987,0.0012777360096172087,55.11867864201843,39.433310172172355,7.0173388176990334,7.221563722761171,1.4150110989361986,1.3685758803515287,0.002374039996022481,0.0019485910370268394,0.14310454320282223,0.14310454320282223,-0.0008496625198764208,-0.0008496625198764208,0.07189288881856715,0.0,0.3752442704293471,0.3079971791879521,0.0,0.0
377.0,0.0015965382927865452,0.0012775890348430104,55.114335930071384,39.42690683906347,7.017394925101466,7.221757233298084,1.4149388285335978,1.368474934252648,0.002373885916563852,0.0019483967895516582,0.14311110160070237,0.14311110160070237,-0.0008496011091551782,-0.0008496011091551782,0.07189046754737347,0.0,0.37521991640239793,0.3079664761449414,0.0,0.0
378.0,0.001596328293841054,0.0012773287901850089,55.10664897937825,39.415568276122954,7.017494062123725,7.22209967964658,1.414810909610587,1.368296363664352,0.002373613131991116,0.0019480527795581251,0.14312271603121213,0.14312271603121213,-0.0008494923839046907,-0.0008494923839046907,0.07188617930816836,0.0,0.3751767996696756,0.3079121014169418,0.0,0.0
378.4365251495658,0.001596236831088546,0.0012772154240284746,55.103301467137676,39.410628909760014,7.017537163335963,7.222248775229421,1.4147552056926485,1.3682186444640716,0.002373494319095757,0.0019479028998831138,0.14312777600057683,0.14312777600057683,-0.000849445027052485,-0.000849445027052485,0.07188431090292742,0.0,0.3751580199278383,0.3078884112139983,0.0,0.0
379.0,0.0015961189549486806,0.0012770693018366336,55.09898764269696,39.40426224584349,7.017592642882178,7.222440880356414,1.4146834239181427,1.3681185302864625,0.00237334119033392,0.0019477096923706735,0.14313429842244973,0.14313429842244973,-0.0008493839917776471,-0.0008493839917776471,0.07188190228456823,0.0,0.37513381616942926,0.30785787254903535,0.0,0.0
380.0,0.0015959102741440912,0.0012768105689610926,55.091351851116734,39.39298872661925,7.017690670433557,7.2227808405708736,1.4145563701967045,1.3679414305983226,0.0023730700891541785,0.0019473675279288172,0.14314584837302843,0.14314584837302843,-0.0008492759326516108,-0.0008492759326516108,0.0718776364346911,0.0,0.37509096551629156,0.30780378953166143,0.0,0.0
380.4365251495658,0.0015958193855609621,0.0012766978622048093,55.08802662783974,39.38807773960879,7.017733289245977,7.222928854111645,1.414501043170299,1.367864351279776,0.0023729520095738636,0.0019472184538360734,0.14315087994648265,0.14315087994648265,-0.0008492288664964624,-0.0008492288664964624,0.07187577777687697,0.0,0.3750723016833139,0.30778022666024174,0.0,0.0
381.0,0.0015957022494625939,0.0012765525906928228,55.083741535421034,39.38174769533489,7.017788147812649,7.223119565400405,1.4144297471826224,1.367765061100701,0.002372799826015605,0.0019470262861252807,0.1431573654954338,0.1431573654954338,-0.0008491682063750002,-0.0008491682063750002,0.07187338171748282,0.0,0.3750482473251794,0.30774985234786395,0.0,0.0
382.0,0.0015954948789398656,0.0012762953661455663,55.076156626154955,39.370539127750035,7.017885078039095,7.2234570599372985,1.4143035536094577,1.3675894183096302,0.0023725303984805414,0.0019466859668127723,0.14316884941266206,0.14316884941266206,-0.0008490608127767438,-0.0008490608127767438,0.07186913809230541,0.0,0.375005661210793,0.30769606097436175,0.0,0.0
382.4365251495658,0.0015954045610961393,0.0012761833172509202,55.07285357067616,39.36565647825846,7.017927219730519,7.223604000333887,1.4142486012644646,1.3675129727830964,0.0023724130479602368,0.0019465376980638688,0.14317385192727225,0.14317385192727225,-0.0008490140370280463,-0.0008490140370280463,0.07186728911082309,0.0,0.37498711261411816,0.30767262539677964,0.0,0.0
383.0,0.0015952881606125042,0.0012760388944054542,55.06859705358346,39.359362998173104,7.017981464110916,7.2237933292414445,1.4141777882070825,1.3674144987624344,0.002372261804113457,0.001946346569798911,0.1431802997610297,0.1431802997610297,-0.0008489537516582732,-0.0008489537516582732,0.07186490551929961,0.0,0.37496320678816875,0.30764241538074677,0.0,0.0
384.0,0.0015950820925176746,0.0012757831745387972,55.06106274775122,39.34821927982914,7.018077309011207,7.2241283783547825,1.4140524497028617,1.3672402990116015,0.0023719940404777,0.0019460080948525693,0.14319171618696572,0.14319171618696572,-0.0008488470228026424,-0.0008488470228026424,0.07186068395899087,0.0,0.3749208836721658,0.30758891553048673,0.0,0.0
384.4365251495658,0.0015949923419859013,0.0012756717818839859,55.0577817380238,39.343364921579514,7.018118978796554,7.224274254417099,1.4139978698182205,1.3671644812510564,0.0023718774147640093,0.0019458606310621546,0.14319668902088467,0.14319668902088467,-0.0008488005370892209,-0.0008488005370892209,0.07185884458478982,0.0,0.37490244963949554,0.3075656071858331,0.0,0.0
385.0,0.0015948766726937515,0.0012755282055854633,55.05355363844737,39.33710794454848,7.0181726157017605,7.224462212287294,1.413927536820852,1.3670668156307721,0.0023717271051391167,0.0019456705416992792,0.1432030983496861,0.1432030983496861,-0.0008487406259669619,-0.0008487406259669619,0.07185647337263762,0.0,0.37487869147803843,0.3075355613801988,0.0,0.0
386.0,0.0015946718991798614,0.0012752739865663,55.046069655258094,39.32602896311849,7.018267387129663,7.224794836031212,1.4138030482828732,1.3668940452086467,0.002371460995662683,0.0019453339100270403,0.1432144459181347,0.1432144459181347,-0.0008486345608910137,-0.0008486345608910137,0.071852273721854,0.0,0.3748366298209029,0.3074823528805676,0.0,0.0
386.4365251495658,0.001594582712535922,0.0012751632484498177,55.04281056842719,39.32120284556031,7.0183085901608875,7.224939656482317,1.4137488386277288,1.3668188492513391,0.0023713450905049407,0.001945187250668022,0.14321938848899526,0.14321938848899526,-0.0008485883647656995,-0.0008485883647656995,0.07185044388779598,0.0,0.3748183096803708,0.30745917168552933,0.0,0.0
387.0,0.0015944677700165972,0.0012750205164768686,55.03861072753751,39.31498230498672,7.01836162622101,7.225126254547237,1.4136789828078082,1.3667219843549308,0.0023711957096161605,0.0019449981994821494,0.1432257585735314,0.1432257585735314,-0.0008485288272901111,-0.0008485288272901111,0.07184808496894347,0.0,0.37479469831631607,0.3074292899756864,0.0,0.0
388.0,0.001594264283245503,0.0012747677942944902,55.031176784453606,39.303967938596884,7.0184553358874044,7.225456472778524,1.413555339112558,1.3665506296942853,0.0023709312445666895,0.0019446634096745644,0.14323703600645077,0.14323703600645077,-0.0008484234248632278,-0.0008484234248632278,0.07184390707653955,0.0,0.3747528965797367,0.30737637260390466,0.0,0.0
388.4365251495658,0.0015941756570694273,0.0012746577089384897,55.02793949692702,39.29917000707081,7.018496077254413,7.225600246255725,1.4135014974473588,1.3664760496402963,0.002370816055717897,0.0019445175540831264,0.1432419477698148,0.1432419477698148,-0.0008483775178071899,-0.0008483775178071899,0.07184208671727602,0.0,0.3747346896600558,0.30735331845355796,0.0,0.0
389.0,0.0015940614369098329,0.0012745158189722745,55.02376775496487,39.29298583110618,7.018548519019764,7.2257854956371155,1.4134321159114418,1.3663799778722217,0.002370667598084523,0.0019443295401742056,0.14324827791924885,0.14324827791924885,-0.0008483183532862709,-0.0008483183532862709,0.07183974000792401,0.0,0.3747112242271151,0.3073236006972431,0.0,0.0
390.0,0.001593859229053976,0.0012742645894458866,55.016383567859585,39.28203594870587,7.018641178494726,7.22611332801771,1.4133093119170468,1.3662100255490985,0.002370404767739538,0.0019439965905157716,0.14325948402328062,0.14325948402328062,-0.000848213612219738,-0.000848213612219738,0.07183558372668401,0.0,0.3746696808743427,0.3072709741821557,0.0,0.0
390.4365251495658,0.0015937711599306626,0.0012741551549994513,55.013167955375344,39.27726614460354,7.0186814632262875,7.226256063073642,1.4132558359946026,1.3661360555608844,0.002370290290957356,0.0019438515378961685,0.1432643644711473,0.1432643644711473,-0.0008481679936465765,-0.0008481679936465765,0.07183377277854153,0.0,0.3746515865049627,0.3072480469507241,0.0,0.0
391.0,0.0015936576577242568,0.0012740141046278354,55.00902415173829,39.271118256352395,7.018733317168546,7.226439974784299,1.4131869258397167,1.3660407694059677,0.0023701427511049755,0.001943664560195485,0.14327065404120415,0.14327065404120415,-0.0008481092013023862,-0.0008481092013023862,0.0718314381970177,0.0,0.37462826613784234,0.30721849297901466,0.0,0.0
392.0,0.001593456720968306,0.0012737643634139124,55.00168943504666,39.26023271807309,7.0188249378834,7.226765440783732,1.4130649563883027,1.3658722061386153,0.0023698815457539393,0.001943333448675498,0.14328178770433178,0.14328178770433178,-0.000848005120158454,-0.000848005120158454,0.07182730338340541,0.0,0.37458697963401505,0.3071661570028068,0.0,0.0
392.4365251495658,0.0015933692054882543,0.0012736555779562038,54.99849537273805,39.25549097899199,7.018864770948029,7.226907145887421,1.4130118439547978,1.365798840440539,0.0023697677768015624,0.001943189198104843,0.14328663636369546,0.14328663636369546,-0.0008479597894180817,-0.0008479597894180817,0.07182550178427936,0.0,0.3745689971452601,0.3071433565444172,0.0,0.0
393.0,0.0015932564168359394,0.0012735153646777826,54.994379346063404,39.24937929671053,7.018916043461383,7.227089730832553,1.4129434022697385,1.3657043324633587,0.002369621149263198,0.0019430032553809928,0.14329288475481994,0.14329288475481994,-0.0008479013683916829,-0.0008479013683916829,0.07182317925090347,0.0,0.3745458209798414,0.30711396616267567,0.0,0.0
394.0,0.0015930567433784211,0.0012732671072771262,54.987093812927135,39.23855795421399,7.019006636710712,7.227412849730357,1.412822262189694,1.365537145111134,0.002369361559209561,0.0019426739797041778,0.14330394494314655,0.14330394494314655,-0.0008477979455921409,-0.0008477979455921409,0.07181906576482903,0.0,0.3745047897923084,0.30706192036255286,0.0,0.0
394.4365251495658,0.0015929697781384144,0.001273158968820426,54.98392117538499,39.23384421410792,7.019046023017546,7.227553533268264,1.4127695109856615,1.3654643779889812,0.002369248493856585,0.0019425305301369739,0.14330876137460963,0.14330876137460963,-0.0008477529019744562,-0.0008477529019744562,0.07181727345408438,0.0,0.37448691851551463,0.3070392465119526,0.0,0.0
395.0,0.0015928576986494192,0.001273019590048466,54.97983276362946,39.22776865139647,7.019096720419814,7.227734802246836,1.4127015348522347,1.3653706408332433,0.002369102773173773,0.0019423456210017759,0.14331496803018975,0.14331496803018975,-0.0008476948513305864,-0.0008476948513305864,0.07181496289104257,0.0,0.3744638856890248,0.307010019500761,0.0,0.0
396.0,0.001592659280704209,0.0012727728118130388,54.97259612603596,39.21701134821241,7.019186297363439,7.228055593134915,1.412581218960383,1.365204816395488,0.0023688447887368624,0.001942018178598598,0.14332595378482985,0.14332595378482985,-0.0008475920851648981,-0.0008475920851648981,0.07181087059564578,0.0,0.3744231082876445,0.3069582634705787,0.0,0.0
396.4365251495658,0.0015925728623079672,0.001272665318305727,54.96944478736837,39.2123255375372,7.0192252417630945,7.228195263411957,1.4125288267216396,1.3651326421959722,0.002368732422760124,0.0019418755288712203,0.14333073758126438,0.14333073758126438,-0.0008475473279032639,-0.0008475473279032639,0.07180908751402464,0.0,0.37440534755529253,0.30693571604384345,0.0,0.0
397.0,0.0015924614876006772,0.0012725267713719014,54.96538382788435,39.206286003526984,7.019275370296831,7.228375227118009,1.4124613132158568,1.3650396685838684,0.0023685876034840216,0.0019416916517854058,0.14333690198591997,0.14333690198591997,-0.0008474896466347663,-0.0008474896466347663,0.07180678884525292,0.0,0.3743824572064795,0.3069066521599027,0.0,0.0
398.0,0.0015922643173984592,0.0012722814675114825,54.958195796799984,39.19559257538056,7.0193639419617515,7.228693708902955,1.4123418163195407,1.3648751941987605,0.0023683312150009003,0.0019413660398220761,0.1433478124200049,0.1433478124200049,-0.0008473875352677601,-0.0008473875352677601,0.07180271760670082,0.0,0.3743419320639138,0.3068551854517481,0.0,0.0
398.4365251495658,0.0015921784424572623,0.0012721746168408684,54.9550656306897,39.19093462123545,7.019402449247165,7.228832374143523,1.412289780778082,1.3648036073290182,0.0023682195441852294,0.0019412241886570744,0.14335256320526107,0.14335256320526107,-0.0008473430635422999,-0.0008473430635422999,0.07180094369623692,0.0,0.37432428120974764,0.30683276424696226,0.0,0.0
399.0,0.0015920677681600104,0.0012720368989989517,54.95103196029856,39.18493102076973,7.0194520150807405,7.229011043167465,1.4122227269713048,1.3647113900605699,0.0023680756208775793,0.0019410413419358175,0.14335868488319248,0.14335868488319248,-0.0008472857505743241,-0.0008472857505743241,0.07179865684731132,0.0,0.37430153247903225,0.30680386322396624,0.0,0.0
400.0,0.001591871837949674,0.0012717930645875092,54.943892245796484,39.17430129589906,7.0195395923630475,7.229327234572854,1.412104043870387,1.3645482530039517,0.002367820818704784,0.001940717557323994,0.14336951917898255,0.14336951917898255,-0.0008471842920534919,-0.0008471842920534919,0.07179460653461132,0.0,0.37426125807102123,0.30675268534969136,0.0,0.0
400.4365251495658,0.0015917865030829594,0.0012716868545826238,54.94078312555585,39.16967112216382,7.019577667270309,7.229464902921798,1.4120523627552486,1.364477247931027,0.002367709838843792,0.001940576503334325,0.14337423660664506,0.14337423660664506,-0.000847140104994208,-0.000847140104994208,0.07179284173854991,0.0,0.3742437164301727,0.3067303901476168,0.0,0.0
401.0,0.0015916765248347982,0.0012715499630120031,54.9367765806181,39.16370335597348,7.019626676498974,7.229642287751689,1.4119857657152866,1.3643857798834174,0.0023675668060778934,0.001940394685152634,0.14338031512004162,0.14338031512004162,-0.0008470831591881848,-0.0008470831591881848,0.07179056663658583,0.0,0.3742211084598027,0.30670165169710467,0.0,0.0
402.0,0.0015914818268847359,0.001271307592993931,54.92968489200093,39.15313715543759,7.019713270165721,7.229956207320326,1.4118678912040652,1.364223967567603,0.002367313580593118,0.0019400727245588861,0.14339107252614072,0.14339107252614072,-0.0008469823514505942,-0.0008469823514505942,0.07178653712140975,0.0,0.37418108326543037,0.3066507621298226,0.0,0.0
402.4365251495658,0.001591397028720651,0.0012712020214281695,54.92659669062465,39.14853468290544,7.019750917374881,7.230092886843935,1.4118165622421455,1.3641535388179244,0.0023672032874899086,0.0019399324662519174,0.1433957562783284,0.1433957562783284,-0.0008469384481403346,-0.0008469384481403346,0.0717847813841333,0.0,0.3741636501745319,0.3066285926945316,0.0,0.0
403.0,0.0015912877421720513,0.0012710659532372938,54.922617107107286,39.14260264777924,7.0197993760218145,7.230268997866735,1.4117504190343102,1.3640628129448211,0.0023670611398515125,0.0019397516746498741,0.14340179122583468,0.14340179122583468,-0.0008468818682977483,-0.0008468818682977483,0.07178251795769122,0.0,0.37414118210872316,0.3066000165067158,0.0,0.0
404.0,0.0015910942687714343,0.001270825042433374,54.91557315302458,39.13209978575665,7.019884996712864,7.230580663962861,1.4116333479033578,1.3639023129173835,0.0023668094814551788,0.0019394315345048138,0.1434124710545063,0.1434124710545063,-0.0008467817091765899,-0.0008467817091765899,0.0717785091142133,0.0,0.3741014046106659,0.3065494146822437,0.0,0.0
404.4365251495658,0.0015910100039473853,0.0012707201070271013,54.912505743240104,39.12752493226312,7.019922220848736,7.230716362649824,1.4115823688202105,1.3638324550762335,0.0023666998709230384,0.0019392920702863692,0.1434171208407174,0.1434171208407174,-0.0008467380886538532,-0.0008467380886538532,0.0717767623811719,0.0,0.3740840794079594,0.3065273707617585,0.0,0.0
405.0,0.0015909014047609444,0.0012705848592567794,54.90855295678112,39.121628521212784,7.019970134866069,7.230891210152629,1.411516676508325,1.3637424644071001,0.0023665586030112533,0.0019391123031741453,0.14342311185595416,0.14342311185595416,-0.0008466818735198116,-0.0008466818735198116,0.07177451056016916,0.0,0.37406175039303896,0.3064989565063177,0.0,0.0
406.0,0.0015907091482209091,0.001270345402369999,54.90155644534201,39.11118880529087,7.0200547930959,7.231200640964109,1.411400403546251,1.3635832643496473,0.0023663085021280693,0.001938793979681351,0.14343371348053413,0.14343371348053413,-0.0008465823607506246,-0.0008465823607506246,0.07177052226491416,0.0,0.374022219077812,0.3064486418245877,0.0,0.0
406.4365251495658,0.001590625413384078,0.0012702411007930515,54.89850969965816,39.10664148583879,7.020091598728847,7.231335366726451,1.4113497720668393,1.363513972060622,0.0023661995699910884,0.0019386553078594715,0.14343832903652884,0.14343832903652884,-0.0008465390220122168,-0.0008465390220122168,0.07176878448256173,0.0,0.37400500110324714,0.30642672315147457,0.0,0.0
407.0,0.001590517497235161,0.0012701066704196462,54.894583545628514,39.10078058825907,7.020138973998677,7.231508960897709,1.411284527714202,1.3634247097000205,0.0023660591764192093,0.0019384765630223247,0.143444275786665,0.143444275786665,-0.0008464831702788472,-0.0008464831702788472,0.07176654419819155,0.0,0.37398281028778446,0.3063984704783433,0.0,0.0
408.0,0.0015903264498899395,0.001269868662040802,54.88763418450971,39.09040381971472,7.020222680158164,7.231816174438159,1.411169047709339,1.3632667974269514,0.0023658106234996056,0.0019381600521669526,0.14345479863906557,0.14345479863906557,-0.0008463843015054021,-0.0008463843015054021,0.07176257632989387,0.0,0.3739435236459688,0.3063484423047632,0.0,0.0
408.4365251495658,0.0015902432416977587,0.0012697649919148986,54.884607975262966,39.085883946595324,7.020259071804867,7.231949935112181,1.4111187615587635,1.3631980653914189,0.0023657023655933203,0.0019380221709557263,0.14345937972579317,0.14345937972579317,-0.0008463412435089667,-0.0008463412435089667,0.07176084744562773,0.0,0.373926412241304,0.3063266485967384,0.0,0.0
409.0,0.0015901360042751417,0.0012696313758534335,54.88070828882571,39.08005844841909,7.02030591414024,7.23212228604288,1.411053962229079,1.3631095245183071,0.00236556284098962,0.001937844446058698,0.14346528191017355,0.14346528191017355,-0.0008462857538186311,-0.0008462857538186311,0.07175861863028231,0.0,0.37390435877623585,0.30629855713684967,0.0,0.0
410.0,0.0015899461584831605,0.0012693948104665594,54.87380578537496,39.06974442249067,7.020388678498406,7.232427300153784,1.4109392699710983,1.3629528879755581,0.002365315826511113,0.0019375297436158984,0.1434757254784782,0.1434757254784782,-0.0008461875265985253,-0.0008461875265985253,0.0717546710697554,0.0,0.3738653153026937,0.30624881480363353,0.0,0.0
410.4365251495658,0.001589863473603792,0.0012692917693676476,54.87079998477399,39.06525190540096,7.020424660622625,7.232560103500969,1.4108893268752898,1.3628847109521076,0.0023652082386831225,0.0019373926511389514,0.14348027188103965,0.14348027188103965,-0.0008461447482649348,-0.0008461447482649348,0.07175295103186077,0.0,0.37384830981159456,0.3062271457641146,0.0,0.0
411.0,0.0015897569106102184,0.0012691589644748093,54.86692660094116,39.05946168924965,7.0204709757685215,7.232731221185818,1.410824969633552,1.3627968848191263,0.002365069577691583,0.0019372159437316058,0.14348612922985768,0.14348612922985768,-0.0008460896192132762,-0.0008460896192132762,0.07175073361906131,0.0,0.373826392850341,0.30619921513014886,0.0,0.0
412.0,0.0015895682587551308,0.0012689238364624019,54.86007066227641,39.049210195400576,7.020552808474246,7.233034053538592,1.410711059915011,1.3626415120829067,0.0023648240921601317,0.0019369030452746072,0.1434964930560022,0.1434964930560022,-0.0008459920310232406,-0.0008459920310232406,0.0717468062490751,0.0,0.3737875910444301,0.3061497579375946,0.0,0.0
412.4365251495658,0.001589486093867909,0.0012688214219229222,54.85708514244461,39.04474494155719,7.020588385487563,7.233165907246506,1.4106614576013965,1.3625738848867952,0.0023647171702706297,0.001936766739568746,0.14350100458265197,0.14350100458265197,-0.0008459495312388692,-0.0008459495312388692,0.07174509500667275,0.0,0.3737706908125527,0.30612821325627626,0.0,0.0
413.0,0.0015893802010206793,0.0012686894249999332,54.85323789613159,39.0389898868864,7.020634179121847,7.233335801585091,1.410597539514739,1.3624867668195555,0.0023645793675516995,0.0019365910470895628,0.1435068168556731,0.1435068168556731,-0.000845894761377711,-0.000845894761377711,0.07174288893100374,0.0,0.37374890951113615,0.30610044304335593,0.0,0.0
414.0,0.0015891927355123348,0.001268455728648063,54.84642822923582,39.02880070906076,7.02071509020556,7.233636469683126,1.4104844071325624,1.3623326460950698,0.002364335401502944,0.0019362799479976586,0.14351710053321065,0.14351710053321065,-0.0008457978096186407,-0.0008457978096186407,0.07173898163617128,0.0,0.3737103478769059,0.3060512702611078,0.0,0.0
414.4365251495658,0.0015891110873081566,0.001268353938159117,54.84346286225218,39.024362623310196,7.020750266468113,7.233767381366307,1.4104351433307003,1.3622655635976637,0.0023642291414252697,0.001936144427016187,0.1435215770143934,0.1435215770143934,-0.0008457555872375226,-0.0008457555872375226,0.07173727913917012,0.0,0.37369355225198403,0.3060298496144862,0.0,0.0
415.0,0.001589005860339665,0.0012682227459545532,54.83964158832984,39.018642606551076,7.020795544202476,7.233936062164221,1.4103716614692068,1.3621791469940223,0.0023640921916565118,0.0019359697467970297,0.143527343999722,0.143527343999722,-0.0008457011750776167,-0.0008457011750776167,0.07173508433621735,0.0,0.37367190576913234,0.30600223940088156,0.0,0.0
416.0,0.0015888195736150357,0.0012679904754577282,54.832877900142,39.00851552342108,7.020875543577814,7.234234583344889,1.4102593012261022,1.3620262666141916,0.002363849735656974,0.0019356604422631624,0.14353754717166858,0.14353754717166858,-0.000845604857079355,-0.000845604857079355,0.07173119700288948,0.0,0.3736335828155131,0.30595335026912895,0.0,0.0
416.4365251495658,0.001588738438796808,0.001267889306471215,54.82993255808017,39.004104508346586,7.020910323399011,7.2343645605457105,1.4102103736682903,1.361959723742407,0.002363744133278136,0.0019355257038792609,0.1435419884590902,0.1435419884590902,-0.0008455629109252323,-0.0008455629109252323,0.07172950320194088,0.0,0.37361689114744134,0.305932053321036,0.0,0.0
417.0,0.0015886338734550254,0.001267758915683706,54.826137091424705,38.99841940304262,7.020955090779896,7.2345320375156845,1.4101473251057726,1.3618740020717435,0.0023636080311549394,0.0019353520331495538,0.14354770997198354,0.14354770997198354,-0.0008455088549388671,-0.0008455088549388671,0.0717273196082354,0.0,0.37359537864469994,0.30590460266882574,0.0,0.0
418.0,0.0015884487579791023,0.0012675280651496341,54.81941908892681,38.98835418824859,7.021034188245334,7.234828428952313,1.4100357318115835,1.361722350495915,0.0023633670758031154,0.001935044518187816,0.14355783232873942,0.14355783232873942,-0.0008454131679647401,-0.0008454131679647401,0.07172345212440244,0.0,0.3735572928856762,0.3058559963994888,0.0,0.0
418.4365251495658,0.0015883681332620775,0.001267427515080283,54.81649364389242,38.98397014427369,7.021068575884568,7.234957479141849,1.4099871382334417,1.3616563422316534,0.0023632621270242675,0.0019349105601976849,0.14356223829447307,0.14356223829447307,-0.0008453714968330053,-0.0008453714968330053,0.07172176697085877,0.0,0.37354070452658483,0.3058348228015885,0.0,0.0
419.0,0.0015882642253110648,0.0012672979223611242,54.81272381943311,38.97831982121331,7.0211128383940755,7.235123761904846,1.409924520048181,1.3615713090341413,0.0023631268672604164,0.0019347378960885842,0.14356791417619605,0.14356791417619605,-0.0008453177954564859,-0.0008453177954564859,0.07171959452382357,0.0,0.37351932516840647,0.3058075312573191,0.0,0.0
420.0,0.0015880802735776828,0.0012670684858152844,54.80605120973342,38.96831624359616,7.0211910436345235,7.235418040608662,1.4098136885211825,1.361420874846794,0.002362887403187925,0.0019344321655414068,0.14357795545354488,0.14357795545354488,-0.0008452227367076131,-0.0008452227367076131,0.07171574677902384,0.0,0.373481475123198,0.3057592070351848,0.0,0.0
420.4365251495658,0.0015880001556898367,0.00126696855204263,54.80314553389996,38.96395906908499,7.021225043301859,7.235546171187526,1.4097654266622073,1.3613553962263778,0.002362783103924817,0.0019342989856674583,0.14358232598916815,0.14358232598916815,-0.0008451813393671589,-0.0008451813393671589,0.07171407022489985,0.0,0.3734649894275245,0.30573815642747837,0.0,0.0
421.0,0.0015878969009101769,0.0012668397539983168,54.79940118666483,38.958343396430095,7.021268806358645,7.235711269273827,1.409703235937664,1.3612710451122545,0.002362648681253101,0.0019341273252158134,0.14358795610589056,0.14358795610589056,-0.0008451279910031557,-0.0008451279910031557,0.07171190886280067,0.0,0.3734437423813661,0.3057110235227898,0.0,0.0
422.0,0.001587714105442814,0.0012666117253883836,54.79277367707763,38.94840122025645,7.021346128947021,7.236003452095872,1.4095931610057975,1.3611218170217037,0.0023624106991256763,0.0019338233737609609,0.14359791608306832,0.14359791608306832,-0.0008450335576225463,-0.0008450335576225463,0.07170808074803592,0.0,0.3734061265745851,0.30566298050661767,0.0,0.0
422.4365251495658,0.0015876344911251812,0.0012665124052586964,54.78988764272062,38.94407081161097,7.021379744803882,7.236130670395048,1.4095452286098933,1.3610568631353077,0.0023623070453091047,0.0019336909696548304,0.14360225109883115,0.14360225109883115,-0.0008449924328175198,-0.0008449924328175198,0.07170641274597195,0.0,0.373389742899145,0.3056420525179191,0.0,0.0
423.0,0.0015875318853144195,0.0012663843984533575,54.786168607880214,38.93848965502134,7.021423013764029,7.236294593245325,1.4094834624353836,1.3609731877841424,0.0023621734544818813,0.0019335203098070144,0.14360783534056357,0.14360783534056357,-0.000844939435837309,-0.000844939435837309,0.07170426240787162,0.0,0.3733686273355566,0.30561507777015046,0.0,0.0
424.0,0.0015873502386669486,0.0012661577716535006,54.77958590600198,38.92860864020179,7.021499463162814,7.236584696878338,1.4093741389374383,1.3608251546212375,0.0023619369450003543,0.0019332181319644745,0.14361771383839939,0.14361771383839939,-0.0008448456249137466,-0.0008448456249137466,0.07170045381552755,0.0,0.3733312442973627,0.3055673150937617,0.0,0.0
424.4365251495658,0.0015872711246739503,0.0012660590624815893,54.77671938553173,38.9243048919559,7.021532699322652,7.2367110101600005,1.4093265337534244,1.360760720612323,0.0023618339325766,0.0019330865012099074,0.14362201326242405,0.14362201326242405,-0.0008448047713652099,-0.0008448047713652099,0.07169879431875696,0.0,0.37331496200141917,0.30554650934215427,0.0,0.0
425.0,0.001587169163647012,0.0012659318434393718,54.77302549844082,38.918758114709775,7.021575479480536,7.236873767126362,1.4092651892247674,1.3606777147722848,0.0023617011683663112,0.0019329168388257031,0.14362755154199353,0.14362755154199353,-0.0008447521241107981,-0.0008447521241107981,0.07169665494447248,0.0,0.37329397709412515,0.30551969225495823,0.0,0.0
426.0,0.0015869886584044036,0.0012657066122543582,54.76648731222313,38.90893801701009,7.02165106504328,7.237161808106633,1.4091566120115062,1.36053086548911,0.0023614661222674978,0.001932616428964147,0.1436373484211158,0.1436373484211158,-0.0008446589326825403,-0.0008446589326825403,0.07169286576824609,0.0,0.3732568253603657,0.30547220902825684,0.0,0.0
426.4365251495658,0.0015869100415041332,0.0012656085113253947,54.76364017821608,38.90466082192085,7.021683925572237,7.237287223564952,1.4091093317935997,1.360466946553855,0.002361363747198711,0.001932485569079892,0.14364161219862287,0.14364161219862287,-0.0008446183490900634,-0.0008446183490900634,0.07169121473056313,0.0,0.3732406438056904,0.30545152512155016,0.0,0.0
427.0,0.0015868087210936938,0.001265482076532723,54.75997127445369,38.89914828503174,7.021726222161369,7.237448823911983,1.4090484060137338,1.3603846040409773,0.002361231804398397,0.0019323169009360375,0.1436471044506851,0.1436471044506851,-0.0008445660498762017,-0.0008445660498762017,0.07168908626062627,0.0,0.37321978873167094,0.3054248651854533,0.0,0.0
428.0,0.001586629349872701,0.0012652582347019493,54.75347731227289,38.88938885627763,7.0218009531342,7.237734818621181,1.408940569948968,1.3602389277095477,0.002360998212456049,0.0019320182532793426,0.1436568196097937,0.1436568196097937,-0.0008444734749344892,-0.0008444734749344892,0.07168531639545694,0.0,0.37318286684403157,0.30537766049545656,0.0,0.0
428.4365251495658,0.0015865512268472355,0.0012651607392731635,54.75064943750147,38.88513810541354,7.021833442051748,7.237859343383113,1.408893612457246,1.3601755190962803,0.0023608964707205783,0.0019318881617219064,0.14366104770235957,0.14366104770235957,-0.0008444331599776501,-0.0008444331599776501,0.07168367377118802,0.0,0.3731667853949562,0.3053570980316224,0.0,0.0
429.0,0.0015864505429040972,0.001265035085180949,54.74700535290903,38.879659667743226,7.021875260245617,7.238019796288894,1.4088331025368173,1.3600938337937298,0.0023607653441443666,0.0019317204845156824,0.14366649388244623,0.14366649388244623,-0.0008443812070937553,-0.0008443812070937553,0.07168155614680907,0.0,0.3731460593345246,0.3053305947245919,0.0,0.0
430.0,0.0015862722983538803,0.0012648126263822724,54.740555323632826,38.86996065601848,7.0219491457686924,7.238303760955868,1.4087260024984316,1.359949319604692,0.002360533197169938,0.001931423593149073,0.14367612725664752,0.14367612725664752,-0.0008442892455861556,-0.0008442892455861556,0.07167780548881487,0.0,0.37310936584065013,0.30528366763640186,0.0,0.0
430.4365251495658,0.0015861946659995324,0.001264715733684635,54.737746581094115,38.86573623884501,7.0219812670482815,7.238427402081939,1.4086793654992689,1.359886416613322,0.0023604320847627723,0.0019312942673153921,0.1436803196414852,0.1436803196414852,-0.0008442491979259713,-0.0008442491979259713,0.07167617123279195,0.0,0.3730933838641367,0.3052632262039961,0.0,0.0
431.0,0.001586094614392969,0.0012645908567104182,54.73412715181192,38.86029175721318,7.022022611961161,7.2385867166390465,1.4086192685571923,1.359805382470663,0.0023603017692462973,0.0019311275776680292,0.14368571972508776,0.14368571972508776,-0.0008441975896379519,-0.0008441975896379519,0.07167406439582456,0.0,0.37307278600100585,0.3052368789919788,0.0,0.0
432.0,0.001585917489195679,0.0012643697745639032,54.72772076486297,38.85065290705153,7.022095661070127,7.238868667341595,1.40851289943812,1.3596620197319962,0.0023600710580897674,0.0019308324365441276,0.14369527128428905,0.14369527128428905,-0.0008441062384715253,-0.0008441062384715253,0.07167033284224424,0.0,0.37303631945463056,0.3051902285497378,0.0,0.0
432.4365251495658,0.0015858403443232668,0.0012642734818037267,54.724931027805944,38.84645471151396,7.022127418639802,7.238991431826666,1.4084665807046097,1.3595996177134484,0.002359970571022784,0.0019307038737741838,0.14369942795355797,0.14369942795355797,-0.0008440664567518154,-0.0008440664567518154,0.07166870690977906,0.0,0.37302043632031057,0.3051699077283141,0.0,0.0
433.0,0.0015857409209413449,0.001264149378333715,54.721336090308085,38.84104404080411,7.022168295327564,7.239149617043167,1.4084068938686014,1.3595192287459152,0.0023598410614236696,0.0019305381682342138,0.14370478193524172,0.14370478193524172,-0.0008440151913038031,-0.0008440151913038031,0.07166661080268913,0.0,0.3729999658416687,0.30514371606576574,0.0,0.0
434.0,0.001585564907812731,0.0012639296664052335,54.71497305572468,38.83146509337514,7.022240516954961,7.239429569709785,1.4083012505777548,1.3593770068816322,0.002359611776974236,0.0019302447711788615,0.14371425168260593,0.14371425168260593,-0.0008439244473481281,-0.0008439244473481281,0.07166289825182626,0.0,0.3729637248027256,0.3050973412935773,0.0,0.0
434.4365251495658,0.001585488247247799,0.0012638339707657154,54.71220219767629,38.827293005978696,7.022271914697983,7.2395514644838155,1.4082552478901065,1.3593151012372797,0.002359511911276587,0.001930116968758215,0.14371837264274578,0.14371837264274578,-0.0008438849301968064,-0.0008438849301968064,0.07166128059868747,0.0,0.37294793988296093,0.30507714065408725,0.0,0.0
435.0,0.0015853894479976817,0.0012637106371567953,54.70863158880382,38.82191599924086,7.022312328158882,7.239708529284236,1.408195968297193,1.3592353515250442,0.002359383202474804,0.0019299522438046834,0.14372368053529924,0.14372368053529924,-0.0008438340058128078,-0.0008438340058128078,0.0716591951645233,0.0,0.37292759597952896,0.30505110398448054,0.0,0.0
436.0,0.0015852145396875628,0.001263492288961496,54.70231161729787,38.81239669252981,7.022383731135547,7.239986499695828,1.4080910457603482,1.3590942600739004,0.002359155335661639,0.0019296605845226383,0.14373306850575374,0.14373306850575374,-0.0008437438659028468,-0.0008437438659028468,0.07165550151569595,0.0,0.3728915790142695,0.3050050038873094,0.0,0.0
436.4365251495658,0.0015851383602706326,0.0012633971876042428,54.699559512087944,38.80825059841732,7.022414772890997,7.240107531624619,1.4080453569062659,1.3590328462550014,0.0023590560873800043,0.0019295335396848357,0.14373715377684174,0.14373715377684174,-0.0008437046119331517,-0.0008437046119331517,0.0716538920980874,0.0,0.37287589168419266,0.3049849229924833,0.0,0.0
437.0,0.0015850401810788785,0.0012632746201858725,54.69601306908064,38.802907106967396,7.022454728066453,7.24026348485091,1.407986481703268,1.3589537299424463,0.0023589281742782547,0.00192936979173048,0.1437424156104557,0.1437424156104557,-0.0008436540268186141,-0.0008436540268186141,0.07165181728045246,0.0,0.3728556735502838,0.30495904074881036,0.0,0.0
438.0,0.0015848663703716876,0.0012630576291915497,54.68973587209298,38.79344717594934,7.022525321122888,7.240539488642489,1.4078822748639044,1.3588137585566478,0.002358701716071148,0.0019290798638108772,0.14375172186925614,0.14375172186925614,-0.0008435644877574453,-0.0008435644877574453,0.07164814243394527,0.0,0.3728198792313799,0.30491321431334556,0.0,0.0
438.4365251495658,0.0015847906689584496,0.0012629631192579956,54.687002393877925,38.789326958976254,7.022556010686258,7.240659664528418,1.4078368976389488,1.3587528320637843,0.002358603081270047,0.0019289535737398236,0.14375577148438956,0.14375577148438956,-0.0008435254955691121,-0.0008435254955691121,0.0716465412084858,0.0,0.37280428886894273,0.3048932527180673,0.0,0.0
439.0,0.0015846931057712649,0.0012628413143340818,54.68347995440457,38.784016832492235,7.022595512461618,7.240814514940894,1.4077784239829405,1.3586743433587785,0.0023584759587941297,0.0019287907991340641,0.14376098730586562,0.14376098730586562,-0.0008434752479124187,-0.0008434752479124187,0.07164447695151255,0.0,0.3727841957025215,0.304867524323312,0.0,0.0
440.0,0.0015845203854864959,0.0012626256739644238,54.67724524415758,38.77461600930055,7.022665304229338,7.241088567603249,1.407674927803043,1.3585354818026982,0.002358250900204112,0.0019285025960557867,0.14377021194721434,0.14377021194721434,-0.0008433863064738319,-0.0008433863064738319,0.0716408208085334,0.0,0.3727486226091631,0.30482197051881627,0.0,0.0
440.4365251495658,0.001584445158948028,0.0012625317525772506,54.674530267443004,38.77052155210778,7.022695645353118,7.241207894185992,1.4076298600109731,1.3584750381852142,0.0023581528749661435,0.001928377057888099,0.1437742259519142,0.1437742259519142,-0.0008433475746542025,-0.0008433475746542025,0.07163922773223805,0.0,0.3727331285951757,0.3048021277704953,0.0,0.0
441.0,0.0015843482077315342,0.001262410706427919,54.6710316696302,38.765244638722784,7.022734698558411,7.2413616504642695,1.4075717850697176,1.35839717135839,0.0023580265380653276,0.0019282152529200083,0.14377939582390276,0.14377939582390276,-0.000843297662628089,-0.000843297662628089,0.07163717398056525,0.0,0.372713159597916,0.30477655263810294,0.0,0.0
442.0,0.0015841765707241746,0.0012621964100656303,54.66483915917822,38.75590265281226,7.022803697571265,7.241633767345606,1.407468994530532,1.3582594095072897,0.0023578028701452154,0.0019279287680567733,0.1437885389696133,0.1437885389696133,-0.0008432093155590567,-0.0008432093155590567,0.07163353644320351,0.0,0.37267780631589814,0.3047312704172163,0.0,0.0
442.4365251495658,0.0015841018159471034,0.0012621030743301233,54.662142558840486,38.75183383689644,7.022833693965522,7.241752251302856,1.4074242339836307,1.3581994443627345,0.0023577054505713527,0.0019278039788839726,0.14379251742125043,0.14379251742125043,-0.0008431708426841442,-0.0008431708426841442,0.07163195147346627,0.0,0.3726624080340744,0.3047115460561341,0.0,0.0
443.0,0.0015840054726875637,0.00126198278321345,54.65866764130018,38.74658998328881,7.022872303376191,7.241904922046765,1.4073665549359962,1.3581221937467698,0.0023575798942186317,0.0019276431397851068,0.14379764142151727,0.14379764142151727,-0.0008431212644470512,-0.0008431212644470512,0.07162990817221597,0.0,0.3726425624114002,0.304686123590459,0.0,0.0
444.0,0.0015838349118485195,0.0012617698242032933,54.65251704457721,38.737306561593485,7.022940518071674,7.242175118354326,1.4072644650387525,1.3579855215855239,0.002357357608063663,0.0019273583664105864,0.14380670321973268,0.14380670321973268,-0.000843033508470077,-0.000843033508470077,0.07162628914340527,0.0,0.3726074275332231,0.304641111890008,0.0,0.0
444.4365251495658,0.00158376062573522,0.001261677071208614,54.64983869588399,38.73326326737507,7.02297017340461,7.242292766302492,1.4072200095581342,1.3579260305590979,0.00235726079027343,0.0019272343232812489,0.14381064618697392,0.14381064618697392,-0.0008429952931055686,-0.0008429952931055686,0.07162471223798274,0.0,0.3725921243702092,0.30462150544965816,0.0,0.0
445.0,0.0015836648864392651,0.0012615575313623117,54.646387297739594,38.728052318855525,7.023008343742248,7.242444360032985,1.4071627235944855,1.3578493905479994,0.002357136009465872,0.0019270744462284509,0.14381572440769286,0.14381572440769286,-0.0008429460468029229,-0.0008429460468029229,0.07162267933274043,0.0,0.3725724013313497,0.3045962350464063,0.0,0.0
446.0,0.0015834953946957304,0.0012613459030139996,54.64027832960497,38.71882718594131,7.023075782462772,7.242712650834646,1.4070613293610796,1.3577137981698317,0.0023569150962141315,0.0019267913775210394,0.1438247050316479,0.1438247050316479,-0.000842858878618284,-0.000842858878618284,0.0716190787162228,0.0,0.3725374834562859,0.3045514927881579,0.0,0.0
446.4365251495658,0.0015834215741644649,0.001261253729834469,54.637618108234705,38.714809292830466,7.023105100361286,7.242829469329549,1.4070171767769843,1.3576547769538332,0.0023568188763458467,0.0019266680774429265,0.14382861259392551,0.14382861259392551,-0.0008428209193205026,-0.0008428209193205026,0.07161750983321925,0.0,0.37252227480169886,0.3045320037955829,0.0,0.0
447.0,0.0015833264348593086,0.0012611349374774762,54.63419006914611,38.70963109342639,7.023142836294342,7.2429799944895885,1.4069602810995545,1.357578742002227,0.002356694866104854,0.0019265091585609698,0.1438336451409958,0.1438336451409958,-0.0008427720030859451,-0.0008427720030859451,0.07161548727001461,0.0,0.37250267355972944,0.30450688484223026,0.0,0.0
448.0,0.0015831580051751228,0.0012609246330685083,54.62812244542771,38.700463971638804,7.023209507288503,7.243246394715432,1.4068595775731958,1.3574442196074492,0.002356475316937834,0.0019262277876085157,0.14384254478782685,0.14384254478782685,-0.0008426854193738119,-0.0008426854193738119,0.07161190497030773,0.0,0.37246797129391257,0.3044624109336396,0.0,0.0
448.4365251495658,0.0015830846471602128,0.001260833036764822,54.62548022748831,38.696471358099096,7.023238491338734,7.243362390252986,1.406815725725264,1.357385663940727,0.0023563796911488556,0.0019261052275505869,0.14384641703482318,0.14384641703482318,-0.0008426477146906276,-0.0008426477146906276,0.07161034406816127,0.0,0.37245285654037874,0.30444303890974855,0.0,0.0
449.0,0.0015829901038938111,0.0012607149880988684,54.622075387675466,38.69132575063612,7.023275797483222,7.243511855208423,1.4067592175485089,1.35731022856315,0.002356256446520412,0.00192594726291484,0.14385140402721563,0.14385140402721563,-0.0008425991266471743,-0.0008425991266471743,0.07160833179345033,0.0,0.3724333763122604,0.30441807078596217,0.0,0.0
450.0,0.0015828227292697895,0.0012605060008772401,54.61604882521113,38.68221636024316,7.023341708907036,7.243776379652283,1.4066591997943294,1.3571767664579106,0.0023560382526633984,0.001925667582719226,0.14386022291681114,0.14386022291681114,-0.0008425131240696414,-0.0008425131240696414,0.07160476771581756,0.0,0.37239888826874623,0.3043738641208965,0.0,0.0
450.4365251495658,0.0015827498307217386,0.001260414978497626,54.61342448725758,38.67824890385312,7.023370362654901,7.2438915586691675,1.4066156465318647,1.3571186721253192,0.0023559432171302574,0.001925545759613595,0.14386405994796558,0.14386405994796558,-0.0008424756725413423,-0.0008424756725413423,0.07160321475328701,0.0,0.37238386681192237,0.30435460858077473,0.0,0.0
451.0,0.001582655879563008,0.0012602976697087154,54.61004268752303,38.67313573003397,7.023407243575084,7.244039971709611,1.4065595230827952,1.357043830895518,0.0023558207331852155,0.001925388745252471,0.1438690015170902,0.1438690015170902,-0.0008424274108024911,-0.0008424274108024911,0.07160121271393578,0.0,0.37236450681854666,0.3043297906587997,0.0,0.0
452.0,0.0015824895530372391,0.001260089992895555,54.60405690419963,38.66408378936426,7.023472403493206,7.244302635030608,1.4064601861884307,1.3569114194905587,0.002355603885907751,0.001925110748734006,0.14387773989098723,0.14387773989098723,-0.0008423419860055048,-0.0008423419860055048,0.07159766676435707,0.0,0.3723302316173862,0.3042858501182326,0.0,0.0
452.4365251495658,0.0015824171109228764,0.0012599995414769112,54.60145032325075,38.66014136687704,7.023500730444932,7.244417003904932,1.4064169293706477,1.3568537823224154,0.0023555094368263654,0.00192498965947787,0.14388154181502072,0.14388154181502072,-0.000842304786165619,-0.000842304786165619,0.07159612170051004,0.0,0.3723153028559935,0.3042667105714466,0.0,0.0
453.0,0.0015823237479618308,0.001259882968736789,54.5980914050011,38.655060467357856,7.023537190654012,7.244564373244597,1.4063611878891433,1.3567795298726468,0.00235538770866061,0.0019248335913753314,0.1438864381041167,0.1438864381041167,-0.000842256848836405,-0.000842256848836405,0.07159412984377962,0.0,0.37229606232220885,0.3042420422165021,0.0,0.0
454.0,0.0015821584626099783,0.0012596765955288692,54.59214611979169,38.6460656929342,7.023601607040932,7.244825189968633,1.4062625269652798,1.356648159682068,0.0023551721992769066,0.0019245572713770323,0.14389509622443775,0.14389509622443775,-0.0008421719984515975,-0.0008421719984515975,0.07159060192892558,0.0,0.37226199859051357,0.3041983666691902,0.0,0.0
454.4365251495658,0.0015820864739125669,0.0012595867120978545,54.589557173346144,38.64214818033518,7.023629610663572,7.244938755020591,1.406219564461536,1.3565909755536165,0.0023550783328627374,0.001924436912834511,0.14389886315889355,0.14389886315889355,-0.0008421350488276866,-0.0008421350488276866,0.07158906472312716,0.0,0.37224716192636226,0.30417934262007806,0.0,0.0
455.0,0.0015819936952604725,0.0012594708715653797,54.58622097861228,38.6370993947992,7.023665654624348,7.245085088799142,1.4061642022006438,1.3565173065739566,0.0023549573555974486,0.0019242817869323942,0.14390371432244523,0.14390371432244523,-0.000842087434005683,-0.000842087434005683,0.07158708299665922,0.0,0.37222804008101507,0.30415482319072473,0.0,0.0
456.0,0.0015818294441960062,0.0012592657951375763,54.580315911611486,38.628161501467844,7.023729335365574,7.245344073320398,1.4060662123815302,1.3563869682139906,0.002354743175466689,0.001924007136224204,0.14391229247087176,0.14391229247087176,-0.0008420031546521189,-0.0008420031546521189,0.07158357302386677,0.0,0.37219418645300467,0.30411141149387444,0.0,0.0
456.4365251495658,0.0015817579059153625,0.0012591764767116598,54.577744477662804,38.624268774030305,7.02375701908752,7.245456840812906,1.4060235420715488,1.3563302330448663,0.0023546498879548905,0.0019238875052281224,0.14391602454167549,0.14391602454167549,-0.0008419664537665205,-0.0008419664537665205,0.07158204363576937,0.0,0.37217944129101765,0.3040925024418279,0.0,0.0
457.0,0.0015816657077048853,0.00125906136453417,54.57443084911921,38.61925194125922,7.023792651213051,7.245602147096286,1.405968556297761,1.3562571422825216,0.0023545296567367424,0.0019237333174284485,0.14392083074484693,0.14392083074484693,-0.0008419191595427986,-0.0008419191595427986,0.0715800719875728,0.0,0.3721604373669842,0.3040681312903331,0.0,0.0
458.0,0.001581502484079342,0.0012588575780418,54.568565721576626,38.61037064231457,7.0238556041062665,7.24585931367867,1.4058712327416967,1.3561278264703183,0.0023543167972634345,0.0019234603287111504,0.14392932922163412,0.14392932922163412,-0.0008418354478286349,-0.0008418354478286349,0.07157657986482252,0.0,0.37212679248404235,0.30402498229021957,0.0,0.0
458.4365251495658,0.0015814313932319248,0.001258768821630274,54.56601167862761,38.606502574653575,7.023882971317751,7.245971289818015,1.4058288525157712,1.3560715362240192,0.0023542240849090054,0.0019233414220647949,0.14393302656266835,0.14393302656266835,-0.0008417989941991823,-0.0008417989941991823,0.07157505825435577,0.0,0.37211213823227923,0.30400618772996124,0.0,0.0
459.0,0.0015813397716172518,0.001258654433944878,54.56272045961054,38.601517532596404,7.023918195972002,7.246115576599259,1.4057742405092912,1.3559990184826447,0.002354104594910318,0.001923188168231997,0.1439377879807614,0.1439377879807614,-0.0008417520186592118,-0.0008417520186592118,0.07157309663279511,0.0,0.37209325146648914,0.3039819642026512,0.0,0.0
460.0,0.0015811775686204428,0.0012584519305259695,54.55689499396242,38.592692539901876,7.023980428728207,7.246370939377861,1.4056775783990814,1.3558707160350607,0.002353893047544648,0.0019229168341411834,0.14394620710378894,0.14394620710378894,-0.0008416688711832851,-0.0008416688711832851,0.07156962226868961,0.0,0.37205981397721977,0.3039390767352452,0.0,0.0
460.4365251495658,0.001581106922239456,0.0012583637331309322,54.55435822103872,38.588849006026294,7.024007482781801,7.2464821303143125,1.4056354861582705,1.3558148667184222,0.0023538009066225683,0.0019227986486199874,0.14394986985648328,0.14394986985648328,-0.0008416326633239779,-0.0008416326633239779,0.07156810839605207,0.0,0.3720452500468983,0.30392039615709543,0.0,0.0
461.0,0.001581015873396402,0.001258250066065747,54.551089255563525,38.58389559186597,7.024042304280281,7.246625405514359,1.405581245213259,1.3557429168574462,0.002353682153041478,0.0019226463245830688,0.14395458667441377,0.14395458667441377,-0.0008415860045485026,-0.0008415860045485026,0.07156615674983563,0.0,0.372026479680362,0.3038963195946962,0.0,0.0
462.0,0.0015808546842566024,0.0012580488388432454,54.54530317546283,38.575126615970504,7.024103824524908,7.246878978496862,1.405485239756643,1.355615618689851,0.0023534719092795607,0.001922376637692881,0.1439629267782707,0.1439629267782707,-0.0008415034179018321,-0.0008415034179018321,0.07156270005358073,0.0,0.3719932482406284,0.3038536924862556,0.0,0.0
462.4365251495658,0.001580784479392075,0.0012579611974605387,54.54278355212565,38.571307489333265,7.024130568736009,7.2469893903253,1.4054434334129562,1.355560206352525,0.0023533803360849016,0.0019222591700460215,0.1439665550912107,0.1439665550912107,-0.0008414674543234866,-0.0008414674543234866,0.0715611938792309,0.0,0.3719787740461421,0.30383512537638435,0.0,0.0
463.0,0.0015806939995182097,0.0012578482471359122,54.5395366849031,38.56638553955106,7.024164991346391,7.247131661793782,1.4053895608377633,1.355488819286475,0.002353262314145503,0.0019221077716005952,0.143971227503006,0.143971227503006,-0.0008414211103893414,-0.0008414211103893414,0.07155925215740015,0.0,0.37196011932397294,0.30381119511434446,0.0,0.0
464.0,0.0015805338175023554,0.001257648289219776,54.53378971524779,38.55767228980184,7.024225806620421,7.247383458861873,1.405294207267817,1.355362516411564,0.0023530533655296663,0.0019218397244274155,0.14397948893811127,0.14397948893811127,-0.0008413390811565607,-0.0008413390811565607,0.07155581303878629,0.0,0.3719270925969429,0.3037688271819975,0.0,0.0
464.4365251495658,0.0015804640512212032,0.0012575612008398935,54.531287121606184,38.55387744334857,7.024252244267724,7.2474930976223915,1.4052526847443831,1.3553075371455023,0.0023529623563777018,0.0019217229713794012,0.14398308296665743,0.14398308296665743,-0.0008413033603674282,-0.0008413033603674282,0.07155431452343522,0.0,0.3719127075558786,0.3037503730226758,0.0,0.0
465.0,0.001580374136535917,0.0012574489633695536,54.52806219805788,38.54898679378621,7.024286272210467,7.2476343731384185,1.4051991778617663,1.3552367078433425,0.002352845061330242,0.0019215724942897722,0.14398771117497133,0.14398771117497133,-0.0008412573293483232,-0.0008412573293483232,0.07155238267535544,0.0,0.37189416772732353,0.30372658839149486,0.0,0.0
466.0,0.001580214954949752,0.0012572502678587756,54.52235406501778,38.54032897843754,7.024346389971504,7.247884408049163,1.405104471437278,1.35511139136996,0.0023526373994492145,0.0019213060792957273,0.1439958943067274,0.1439958943067274,-0.0008411758541090498,-0.0008411758541090498,0.07154896104474065,0.0,0.37186134438349916,0.3036844784437942,0.0,0.0
466.4365251495658,0.0015801456243358632,0.0012571637294677474,54.51986838173996,38.53655828465345,7.024372524297483,7.247993279727672,1.4050632306685067,1.3550568413089028,0.002352546950675504,0.001921190037547947,0.14399945421265167,0.14399945421265167,-0.0008411403746153925,-0.0008411403746153925,0.07154747014934484,0.0,0.3718470479166498,0.3036661367136388,0.0,0.0
467.0,0.0015800562710804684,0.0012570522009599295,54.51666524801291,38.53169877057322,7.024406161746437,7.248133567000605,1.4050100868158346,1.354986564793374,0.00235243037779646,0.001921040477549027,0.14400403842829954,0.14400403842829954,-0.0008410946545826609,-0.0008410946545826609,0.07154554812469563,0.0,0.37182862223510194,0.3036424970391708,0.0,0.0
468.0,0.0015798980832686773,0.0012568547609445148,54.510995679054865,38.52309609689163,7.0244655893697825,7.2483818533878175,1.4049160228216573,1.3548622259253484,0.0023522239942856647,0.0019207756871454304,0.1440121436362774,0.1440121436362774,-0.0008410137299127918,-0.0008410137299127918,0.07154214389299024,0.0,0.3717960009523658,0.3036006438766373,0.0,0.0
468.4365251495658,0.0015798291854229624,0.0012567687695247437,54.50852678737912,38.5193494278469,7.024491423581148,7.248489963916633,1.404875061753388,1.3548081012443165,0.0023521341022462137,0.0019206603533775957,0.14401566958741147,0.14401566958741147,-0.000840978490219449,-0.000840978490219449,0.07154066057874492,0.0,0.3717817924837563,0.30358241405083847,0.0,0.0
469.0,0.0015797403898607622,0.00125665794608327,54.50534529035948,38.51452088398958,7.024524674664145,7.248629270586845,1.4048222782828301,1.3547383725912845,0.0023520182468383874,0.001920511706176825,0.14402021002892076,0.14402021002892076,-0.0008409330792427558,-0.0008409330792427558,0.07153874832751188,0.0,0.3717634802067694,0.30355891865459494,0.0,0.0
470.0,0.0015795831892071205,0.0012564617546461183,54.49971401427123,38.505973058355444,7.02458341944385,7.248875821962425,1.4047288520302081,1.3546150026262724,0.002351813133380065,0.0019202485327274726,0.14402823770607615,0.14402823770607615,-0.000840852701715702,-0.000840852701715702,0.07153536140616364,0.0,0.37173105967040426,0.30351732107023915,0.0,0.0
470.4365251495658,0.0015795147212475632,0.001256376307177179,54.49726179601597,38.502250285748936,7.024608956712008,7.248983177220858,1.4046881686198511,1.3545612995410667,0.0023517237944513276,0.001920133903599075,0.14403172987597548,0.14403172987597548,-0.0008408177003266142,-0.0008408177003266142,0.07153388563449627,0.0,0.37171693862729155,0.3034992026207911,0.0,0.0
471.0,0.0015794264796639174,0.001256266184902491,54.49410178334197,38.497452546389894,7.024641825511456,7.249121510860482,1.4046357428985532,1.3544921138788732,0.002351608651844018,0.0019199861648782277,0.1440362267691542,0.1440362267691542,-0.000840772596474633,-0.000840772596474633,0.07153198310696329,0.0,0.3716987390166079,0.30347585082022693,0.0,0.0
472.0,0.0015792702595913645,0.0012560712351211978,54.48850853025454,38.488959274395405,7.024699894661351,7.2493663406157465,1.404542949725428,1.3543697042072187,0.002351404800167444,0.001919724600702638,0.14404417732107289,0.14404417732107289,-0.0008406927626624998,-0.0008406927626624998,0.07152861340794385,0.0,0.3716665179193307,0.30343450760006047,0.0,0.0
472.4365251495658,0.0015792022186530725,0.0012559863285806468,54.48607286782794,38.48526026959697,7.024725138122848,7.249472946430675,1.4045025419420918,1.3543164189739212,0.0023513160107464237,0.0019196106728543438,0.14404763588869074,0.14404763588869074,-0.0008406579980812148,-0.0008406579980812148,0.07152714514050888,0.0,0.37165248373221993,0.303416499995982,0.0,0.0
473.0,0.0015791145273554659,0.0012558769035708101,54.482934187902025,38.48049316860017,7.024757628676308,7.2496103145443485,1.404450471352342,1.3542477714827459,0.002351201576295474,0.0019194638382712959,0.14405208946621278,0.14405208946621278,-0.0008406131994222694,-0.0008406131994222694,0.0715252522872508,0.0,0.371634396053777,0.30339329110477464,0.0,0.0
474.0,0.0015789592813262284,0.0012556831885194492,54.47737868931073,38.47205415514407,7.024815029331025,7.249853435951337,1.4043583066236343,1.3541263135863455,0.0023509989781771087,0.0019192038756478194,0.14405996331038576,0.14405996331038576,-0.0008405339058969709,-0.0008405339058969709,0.07152189972304344,0.0,0.37160237309576294,0.3033522010283021,0.0,0.0
474.4365251495658,0.0015788916645614632,0.001255598819883555,54.47495946571971,38.46837878923532,7.024839982087996,7.249959298097774,1.404318172448247,1.3540734425008274,0.002350910734681421,0.0019190906457027743,0.14406338845976122,0.14406338845976122,-0.0008404993766271242,-0.0008404993766271242,0.07152043892171656,0.0,0.37158842519841706,0.3033343037358427,0.0,0.0
475.0,0.0015788045198795093,0.0012554900882352227,54.47184196771992,38.463642160105564,7.02487209838874,7.250095708123369,1.404266454387627,1.3540053284120521,0.0023507970037692887,0.0019189447108932459,0.14406779896076785,0.14406779896076785,-0.0008404548812298024,-0.0008404548812298024,0.07151855569359197,0.0,0.37157044872235945,0.3033112370641676,0.0,0.0
476.0,0.0015786502413951743,0.0012552976009859856,54.46632395650415,38.45525710948444,7.024928837604892,7.25033713433613,1.4041749134954986,1.3538848138632367,0.002350595651032888,0.0019186863420620343,0.14407559652589286,0.14407559652589286,-0.0008403761245640281,-0.0008403761245640281,0.07151522017718566,0.0,0.37153862261125925,0.303270398904856,0.0,0.0
476.4365251495658,0.0015785830459733837,0.0012552137672304704,54.46392105536274,38.45160525329812,7.0249535027253724,7.250442258537781,1.404135050920919,1.3538323532606718,0.0023505079499008506,0.0019185738066272023,0.14407898844585054,0.14407898844585054,-0.0008403418291098728,-0.0008403418291098728,0.07151376680405463,0.0,0.3715247604407136,0.3032526113877073,0.0,0.0
477.0,0.00157849644425892,0.0012551057250398013,54.46082458925345,38.446898929231416,7.024985248722902,7.250577717847123,1.4040836828024443,1.3537647678562539,0.002350394917936701,0.0019184287672064232,0.14408335611556522,0.14408335611556522,-0.0008402976350436363,-0.0008402976350436363,0.07151189315219855,0.0,0.37150689444140716,0.3032296862425013,0.0,0.0
478.0,0.0015783431268604792,0.0012549144586646605,54.455343799695086,38.43856754522783,7.0250413334793596,7.250817461902993,1.4039927611665397,1.3536451883166791,0.0023501948024534647,0.0019181719843723855,0.14409107784087627,0.14409107784087627,-0.0008402194118122695,-0.0008402194118122695,0.07150857459705304,0.0,0.3714752638923707,0.30318909876824696,0.0,0.0
478.4365251495658,0.0015782763499683384,0.0012548311567653903,54.45295710523231,38.43493906938588,7.025065713998191,7.250921853832816,1.403953168197659,1.3535931345710592,0.002350107640144084,0.0019180601400397637,0.14409443672473796,0.14409443672473796,-0.0008401853486788161,-0.0008401853486788161,0.07150712861443034,0.0,0.37146148688893044,0.30317142048773504,0.0,0.0
479.0,0.001578190287595413,0.001254723800128968,54.44988152177418,38.430262883317994,7.025097093598995,7.251056369732397,1.4039021474499083,1.353526073182911,0.002349995302563846,0.001917915991604055,0.1440987618140978,0.1440987618140978,-0.0008401414540144323,-0.0008401414540144323,0.07150526449025488,0.0,0.3714437306449712,0.303148636172946,0.0,0.0
480.0,0.0015780379248633292,0.0012545337477012004,54.44443768957496,38.42198486928565,7.025152530798925,7.2512944445532455,1.4038118405175755,1.3534074204024584,0.0023497964162525094,0.00191766078693964,0.14410640814871944,0.14410640814871944,-0.0008400637607948977,-0.0008400637607948977,0.07150196281032736,0.0,0.3714122943806619,0.30310829814651474,0.0,0.0
480.4365251495658,0.0015779715637047331,0.001254450974634852,54.44206708664225,38.418379644235706,7.02517662971746,7.251398109833988,1.4037725151714116,1.3533557699261198,0.0023497097892455493,0.0019175496302875003,0.14410973419402553,0.14410973419402553,-0.0008400299284887699,-0.0008400299284887699,0.07150052418071977,0.0,0.37139860198791347,0.30309072856179603,0.0,0.0
481.0,0.0015778860370696673,0.0012543442996505118,54.4390122374016,38.413733428889124,7.025207646785234,7.251531689565666,1.403721839238645,1.3532892279354938,0.0023495981415119875,0.0019174063684158568,0.14411401695932613,0.14411401695932613,-0.0008399863312990257,-0.0008399863312990257,0.07149866953589844,0.0,0.3713809547821394,0.30306808437863353,0.0,0.0
482.0,0.0015777346226239026,0.001254155454246242,54.433605099699136,38.40550848783484,7.025262443256328,7.251768107959141,1.4036321424851403,1.353171493751186,0.002349400476338862,0.0019171527340637942,0.14412158836165395,0.14412158836165395,-0.0008399091646726274,-0.0008399091646726274,0.07149538464560837,0.0,0.3713497115327405,0.3030279945580934,0.0,0.0
482.4365251495658,0.0015776686744199992,0.001254073206990955,54.43125047377713,38.40192638388572,7.025286263543323,7.2518710521638825,1.4035930827909227,1.3531202429943348,0.002349314381134917,0.0019170422616578628,0.14412488176989693,0.14412488176989693,-0.0008398755617021568,-0.0008398755617021568,0.07149395333173118,0.0,0.37133610319756255,0.3030105331263417,0.0,0.0
483.0,0.0015775836799413634,0.0012539672097586219,54.42821621113461,38.397309971814806,7.025316921899717,7.252003702905572,1.40354274913319,1.3530542158312153,0.0023492034187376117,0.00191689988191341,0.14412912247245108,0.14412912247245108,-0.0008398322600622353,-0.0008398322600622353,0.07149210811820014,0.0,0.3713185643170501,0.30298802837350663,0.0,0.0
484.0,0.0015774332074414061,0.0012537795644582323,54.42284550651747,38.38913780647759,7.0253710843953225,7.252238477566319,1.4034536580618613,1.352937392166144,0.0023490069667167213,0.00191664780998934,0.14413661940955472,0.14413661940955472,-0.0008397556166149159,-0.0008397556166149159,0.07148883993242833,0.0,0.3712875128202864,0.3029481855126442,0.0,0.0
484.4365251495658,0.00157736766943061,0.0012536978399942363,54.4205067437224,38.38557869383336,7.025394628987221,7.252340706219001,1.4034148620611098,1.352886537616389,0.002348921399837181,0.0019165380183839287,0.14413988038592293,0.14413988038592293,-0.0008397222414905953,-0.0008397222414905953,0.07148741589719579,0.0,0.37127398799284467,0.3029308316892289,0.0,0.0
485.0,0.0015772832035492457,0.0012535925166167223,54.41749292088105,38.380991917468016,7.025424932412308,7.252472435085357,1.403364868154349,1.352821020758892,0.0023488111182926007,0.0019163965163154356,0.1441440792917331,0.1441440792917331,-0.000839679233478581,-0.000839679233478581,0.07148558006714843,0.0,0.37125655672892016,0.30290846566315316,0.0,0.0
486.0,0.0015771336666941334,0.0012534060645062461,54.41215838940265,38.37287223039542,7.02547846761235,7.252705578596223,1.403276378296803,1.3527050996211536,0.002348615871485698,0.0019161459989104762,0.14415150223878267,0.14415150223878267,-0.0008396031098017536,-0.0008396031098017536,0.0714823285012277,0.0,0.3712256957300606,0.3028688685118788,0.0,0.0
486.4365251495658,0.0015770685361321036,0.0012533248598164404,54.40983537649229,38.3693359791882,7.025501739413691,7.25280709717217,1.403237844043398,1.3526546378030462,0.0023485308294728113,0.0019160368846495163,0.14415473099191273,0.14415473099191273,-0.0008395699610365878,-0.0008395699610365878,0.0714809117077509,0.0,0.3712122538638179,0.3028516217505286,0.0,0.0
487.0,0.001576984595311154,0.0012532202064002103,54.40684184748504,38.364778670875815,7.025531691646493,7.252937911215261,1.4031881873795236,1.3525896267768263,0.002348421224324347,0.0019158962557927761,0.14415888837135607,0.14415888837135607,-0.0008395272447339176,-0.0008395272447339176,0.07147908521363268,0.0,0.3711949295120632,0.30282939374559303,0.0,0.0
488.0,0.0015768359878394452,0.0012530349405726754,54.40154323067647,38.356711164497455,7.025584606158386,7.253169436048482,1.403100294295779,1.3524746002584733,0.0023482271748409313,0.001915647284975952,0.14416623781107318,0.14416623781107318,-0.0008394516374252485,-0.0008394516374252485,0.07147585018334121,0.0,0.3711642577639235,0.3027900410503251,0.0,0.0
488.4365251495658,0.0015767712619991021,0.0012529542526432292,54.399235855055586,38.35319764481915,7.0256076080430505,7.253270249974918,1.4030620198560249,1.3524245277330498,0.002348142654257767,0.0019155388445941945,0.14416943455281375,0.14416943455281375,-0.0008394187135345936,-0.0008394187135345936,0.07147444059495318,0.0,0.3711508983156333,0.30277290080331754,0.0,0.0
489.0,0.0015766878427239646,0.0012528502652991243,54.39626247475225,38.34866963686518,7.025637212782032,7.253400156184891,1.4030126979430066,1.3523600181107107,0.0023480337210757436,0.001915399084473364,0.14417355068033777,0.14417355068033777,-0.0008393762870264975,-0.0008393762870264975,0.07147262338945766,0.0,0.3711336801758874,0.3027508101120638,0.0,0.0
490.0,0.0015765401584137391,0.0012526661788558298,54.390999515634306,38.34065401356359,7.025689513141578,7.253630074703266,1.4029253972216262,1.352245878386713,0.00234784086107313,0.0019151516522940004,0.14418082710246502,0.14418082710246502,-0.0008393011926906691,-0.0008393011926906691,0.07146940481101072,0.0,0.3711031964388412,0.30271170061610686,0.0,0.0
490.4365251495658,0.0015764758345852615,0.001252586004676712,54.38870766535965,38.33716309549638,7.025712247949836,7.253730189359827,1.4028873806743074,1.3521961917510443,0.0023477568585036704,0.001915043882317946,0.1441839920476492,0.1441839920476492,-0.0008392684921945119,-0.0008392684921945119,0.07146800239114927,0.0,0.3710899188685628,0.30269466633441555,0.0,0.0
491.0,0.001576392933363613,0.001252482679520664,54.385754289473134,38.332664220203384,7.025741508853587,7.253859194665563,1.4028383910362432,1.3521321791515588,0.0023476485928853076,0.0019149049864469053,0.14418806720148286,0.14418806720148286,-0.0008392263535703033,-0.0008392263535703033,0.07146619442722063,0.0,0.3710728062449157,0.3026727122477608,0.0,0.0
492.0,0.0015762461660324746,0.0012522997655724179,54.3805267325671,38.324700182382244,7.0257932015262075,7.254087519123611,1.4027516782944556,1.3520189184787792,0.0023474569145685784,0.0019146590849369524,0.1441952711022761,0.1441952711022761,-0.0008391517688194856,-0.0008391517688194856,0.07146299221727793,0.0,0.3710425092868869,0.3026338446916732,0.0,0.0
492.4365251495658,0.0015761822415232747,0.0012522201021379243,54.378250296352086,38.32123173602798,7.025815672070121,7.254186939842845,1.4027139177308872,1.3519696143655253,0.002347373426617637,0.0019145519818858092,0.14419840446850246,0.14419840446850246,-0.000839119290239801,-0.000839119290239801,0.07146159692965538,0.0,0.371029313057972,0.302616915825119,0.0,0.0
493.0,0.0015760998548850298,0.001252117435291636,54.37531678144439,38.316761825733195,7.025844592757428,7.254315051112602,1.4026652579080627,1.351906094453661,0.0023472658241871086,0.001914413945769404,0.1442024389303752,0.1442024389303752,-0.0008390774375935249,-0.0008390774375935249,0.07145979816047016,0.0,0.3710123052587741,0.3025950976325527,0.0,0.0
494.0,0.0015759539983900396,0.0012519356869599237,54.37012437278216,38.30884907588317,7.025895684138159,7.254541793657703,1.4025791287918663,1.3517937051698394,0.002347075319809159,0.0019141695669456366,0.1442095708121156,0.1442095708121156,-0.0008390033590485991,-0.0008390033590485991,0.07145661223609784,0.0,0.3709821938552438,0.30255647075449393,0.0,0.0
494.4365251495658,0.001575890470524752,0.0012518565312692105,54.367863240001114,38.305402971391764,7.025917893198509,7.254640525725569,1.4025416223159364,1.3517447802468068,0.0023469923431024275,0.001914063127332409,0.14421267281953812,0.14421267281953812,-0.0008389711009116676,-0.0008389711009116676,0.07145522404457932,0.0,0.3709690784343443,0.30253964675191714,0.0,0.0
495.0,0.0015758085950220602,0.0012517545188607954,54.364949443488584,38.30096185850329,7.025946477249197,7.254767749767624,1.4024932898648812,1.3516817487325603,0.002346885399510834,0.001913925946467665,0.1442166668744126,0.1442166668744126,-0.000838929532342253,-0.000838929532342253,0.07145343442355503,0.0,0.3709521747722022,0.3025179637416925,0.0,0.0
496.0,0.001575663643259706,0.001251573929278932,54.359791930621775,38.293100099265295,7.0259969736643,7.254992922441146,1.4024077400491344,1.3515702232553135,0.0023466960613723192,0.0019136830823338474,0.1442237272449374,0.1442237272449374,-0.0008388559566329905,-0.0008388559566329905,0.07145026470224719,0.0,0.3709222477062006,0.30247957627776567,0.0,0.0
496.4365251495658,0.0015756005093801708,0.0012514952783364897,54.35754599131374,38.289676206861884,7.0260189239919315,7.255090971097499,1.402370485777343,1.3515216742250216,0.0023466135925563174,0.001913577302666121,0.14422679811606443,0.14422679811606443,-0.0008388239174690991,-0.0008388239174690991,0.07144888357088196,0.0,0.3709092125632604,0.3024628565871502,0.0,0.0
497.0,0.00157551914158737,0.0012513939165010952,54.354651771471964,38.28526372389362,7.02604717494724,7.2552173146607775,1.4023224782708756,1.3514591268630565,0.002346507303481647,0.0019134409725434787,0.14423075205187813,0.14423075205187813,-0.0008387826310807698,-0.0008387826310807698,0.07144710305167133,0.0,0.37089241235503057,0.3024413080464794,0.0,0.0
498.0,0.001575375088493522,0.0012512144788153102,54.34952890348022,38.2774526581198,7.026097082654829,7.25544092939919,1.4022375034593744,1.3513484576888877,0.00234631912393099,0.0019131996150924258,0.14423774142413076,0.14423774142413076,-0.0008387095548465706,-0.0008387095548465706,0.07144394945133634,0.0,0.370862668417138,0.3024031587310572,0.0,0.0
498.4365251495658,0.0015753123459587655,0.0012511363296314221,54.34729804835245,38.274050848131075,7.026118776970965,7.255538299838267,1.402200499520864,1.3513002812881374,0.0023462371596730813,0.0019130944918733725,0.14424078138363106,0.14424078138363106,-0.0008386777331903022,-0.0008386777331903022,0.07144257534435394,0.0,0.37084971302539577,0.3023865427996893,0.0,0.0
499.0,0.0015752314824723779,0.0012510356145118446,54.3444232643206,38.26966682773623,7.026146698334018,7.255663769612964,1.4021528145481323,1.3512382138772314,0.002346131520820253,0.001912959007977763,0.14424469549104982,0.14424469549104982,-0.000838636727092908,-0.000838636727092908,0.07144080388084134,0.0,0.3708330155921912,0.302365128014914,0.0,0.0
500.0,0.0015750883220222057,0.0012508573218823179,54.339334791819,38.261906158548605,7.0261960235248875,7.2558858382489335,1.4020684104736747,1.3511283935805527,0.0023459444922535357,0.00191271914919338,0.14425161438264883,0.14425161438264883,-0.0008385641469833787,-0.0008385641469833787,0.07143766631979727,0.0,0.3708034535805213,0.30232721558096054,0.0,0.0
500.4365251495658,0.0015750259682083907,0.001250779671473537,54.33711891225013,38.258526301428034,7.0262174645214985,7.255982535619828,1.4020316550102567,1.3510805865800022,0.0023458630292419076,0.0019126146789225779,0.14425462365716588,0.14425462365716588,-0.0008385325413738583,-0.0008385325413738583,0.07143629920160523,0.0,0.370790577416507,0.3023107028555581,0.0,0.0
501.0,0.0015749456056470574,0.0012506795992207722,54.334263424034994,38.254170576431406,7.0262450597577715,7.2561071382380185,1.401984290176768,1.3510189949625009,0.0023457580363426787,0.0019124800367346026,0.14425849822934517,0.14425849822934517,-0.0008384918136831893,-0.0008384918136831893,0.0714345367479045,0.0,0.370773982083683,0.3022894211123354,0.0,0.0
502.0,0.0015748033318550043,0.001250502444822671,54.329209099180744,38.246460007278365,7.0262938085562165,7.256327672501495,1.401900452601206,1.3509100161946666,0.0023455721512036717,0.0019122416685937726,0.14426534716216977,0.14426534716216977,-0.0008384197263586803,-0.0008384197263586803,0.07143141514487472,0.0,0.3707446008038869,0.30225174429170504,0.0,0.0
502.4365251495658,0.0015747413641554325,0.0012504252902122148,54.3270080872236,38.243101973630495,7.0263149988963685,7.2564237019086315,1.4018639437673805,1.3508625753984111,0.0023454911861472937,0.0019121378477680168,0.14426832598014278,0.14426832598014278,-0.0008383883353398105,-0.0008383883353398105,0.07143005498005683,0.0,0.37073180334741535,0.3022353342185465,0.0,0.0
503.0,0.0015746614991598796,0.001250325856986026,54.32417175570292,38.23877437705957,7.026342271434143,7.256547443944884,1.4018168966950284,1.3508014554596863,0.0023453868349602412,0.001912004042764974,0.1442721613125019,0.1442721613125019,-0.0008383478841778894,-0.0008383478841778894,0.07142830149050827,0.0,0.3707153094445663,0.30221418480201157,0.0,0.0
504.0,0.0015745201060795438,0.001250149834010414,54.3191513322014,38.231113611770084,7.0263904498987655,7.256766455464162,1.401733621409306,1.3506933109480406,0.0023452020857402806,0.00191176715723948,0.1442789408122927,0.1442789408122927,-0.0008382762863100278,-0.0008382762863100278,0.07142519576461692,0.0,0.3706861077098135,0.3021767423257524,0.0,0.0
504.4365251495658,0.0015744585219045898,0.0012500731722286107,54.31696508058538,38.22777727237393,7.026411392216976,7.256861821967759,1.4016973573722789,1.3506462331931983,0.0023451216153688934,0.0019116639823536438,0.1442818894037874,0.1442818894037874,-0.000838245108430703,-0.000838245108430703,0.07142384251793116,0.0,0.37067338844398273,0.3021604343508122,0.0,0.0
505.0,0.0015743791511375921,0.001249974374198068,54.31414776751116,38.223477637488685,7.026438345447792,7.256984709939723,1.4016506256993595,1.3505855808611167,0.0023450179016793887,0.001911531010010535,0.14428568579378914,0.14428568579378914,-0.0008382049319260747,-0.0008382049319260747,0.07142209794709993,0.0,0.37065699530493834,0.30213941654573695,0.0,0.0
506.0,0.0015742386328616493,0.0012497994758528753,54.30916100062096,38.215866380324634,7.026485959572299,7.2572022102425064,1.4015679085235435,1.3504782634080488,0.0023448342809173246,0.0019112955990688435,0.14429239638976923,0.14429239638976923,-0.000838133820198234,-0.000838133820198234,0.07141900801786799,0.0,0.3706279719359084,0.302102207144373,0.0,0.0
506.4365251495658,0.0015741774296387401,0.001249723303937536,54.30698940275432,38.21255160615607,7.026506656474877,7.2572969188590335,1.4015318874632356,1.3504315455643516,0.002344754301981406,0.0019111930666166205,0.1442953149863117,0.1442953149863117,-0.0008381028540125558,-0.0008381028540125558,0.071417661654245,0.0,0.37061533034709404,0.3020860007134391,0.0,0.0
507.0,0.0015740985497850635,0.001249625137281496,54.30419097075531,38.208279766477794,7.026533293753975,7.257418959228037,1.4014854688444622,1.3503713568087454,0.00234465122160157,0.00191106092240724,0.14429907273325476,0.14429907273325476,-0.000838062950300549,-0.000838062950300549,0.07141592595691817,0.0,0.37059903730991184,0.3020651138044049,0.0,0.0
508.0,0.0015739589004451855,0.001249451356792361,54.299237617292924,38.20071772218395,7.026580349467957,7.257634959742473,1.4014033056277568,1.3502648592907636,0.002344468721883701,0.001910826978016221,0.1443057149577612,0.1443057149577612,-0.0008379923214083283,-0.0008379923214083283,0.07141285174425953,0.0,0.37057019113478423,0.30202813620820773,0.0,0.0
508.4365251495658,0.0015738980756187515,0.0012493756717891907,54.29708056726453,38.1974243844374,7.026600803533347,7.2577290154451015,1.401367525736811,1.3502184982601524,0.0023443892311543826,0.0019107250844908538,0.1443086037921828,0.1443086037921828,-0.0008379615654758015,-0.0008379615654758015,0.07141151222880124,0.0,0.3705576267126266,0.30201203076699695,0.0,0.0
509.0,0.0015738196833850943,0.0012492781326967906,54.294300879848706,38.19318017377619,7.026627128180107,7.257850214616729,1.4013214178433182,1.3501587690923014,0.0023442867799230334,0.0019105937638886628,0.14431232319699913,0.14431232319699913,-0.000837921932698781,-0.000837921932698781,0.07140978535998647,0.0,0.37054143311958415,0.30199127403853243,0.0,0.0
510.0,0.0015736808971518524,0.0012491054633079425,54.28938069819224,38.185667047628584,7.026673631349814,7.258064726672443,1.4012398044640737,1.3500530844591114,0.0023441053938829844,0.0019103612780152976,0.1443188975851345,0.1443188975851345,-0.0008378517833504311,-0.0008378517833504311,0.07140672678420475,0.0,0.3705127629740186,0.3019545269777912,0.0,0.0
510.4365251495658,0.00157362044818328,0.0012490302622708645,54.28723809077325,38.18239501773768,7.026693845128928,7.2581581343915,1.4012042639478552,1.3500070771753372,0.0023440263881520755,0.0019102600199103828,0.14432175689141924,0.14432175689141924,-0.0008378212362361531,-0.0008378212362361531,0.0714053940821822,0.0,0.3705002752114265,0.3019385219720762,0.0,0.0
511.0,0.0015735425402982285,0.0012489333469419912,54.28447701232963,38.17817827021897,7.0267198604273,7.258278498716168,1.4011584644672006,1.3499478036474553,0.0023439245619346696,0.0019101295183894529,0.14432543825648309,0.14432543825648309,-0.0008377818725437587,-0.0008377818725437587,0.07140367599710518,0.0,0.37048418040901154,0.30191789470880626,0.0,0.0
512.0,0.0015734046113809715,0.0012487617819170378,54.27958976242207,38.17071376807113,7.026765816856396,7.258491533545273,1.4010773968329104,1.3498429249210548,0.0023437442822532885,0.0019098984830024854,0.14433194534577898,0.14433194534577898,-0.0008377121994606005,-0.0008377121994606005,0.07140063297889031,0.0,0.37045568513613225,0.3018813769140888,0.0,0.0
512.4365251495658,0.0015733445357485666,0.0012486870619085628,54.27746149306716,38.1674629177287,7.026785792872947,7.258584298168673,1.4010420939095045,1.3497972683492854,0.0023436657583331966,0.001909797856812591,0.14433477535892014,0.14433477535892014,-0.0008376818597354352,-0.0008376818597354352,0.07139930705574288,0.0,0.37044327352926987,0.30186547178979584,0.0,0.0
513.0,0.0015732671089625117,0.0012485907665542974,54.274718888867525,38.16327346781873,7.026811502071875,7.258703833942202,1.4009966005456622,1.3497384465540119,0.0023435645530217597,0.0019096681698485274,0.14433841898786184,0.14433841898786184,-0.000837642763284807,-0.000837642763284807,0.07139759770984623,0.0,0.37042727686817006,0.3018449732765881,0.0,0.0
514.0,0.0015731300316092517,0.0012484202991769973,54.269864332219335,38.15585729614613,7.026856917502192,7.2589154026803016,1.4009160745929485,1.3496343668277964,0.0023433853724270613,0.0019094385769199487,0.14434485931795601,0.14434485931795601,-0.0008375735632016229,-0.0008375735632016229,0.07139457017027112,0.0,0.3703989553185562,0.3018086834789754,0.0,0.0
514.4365251495658,0.0015730703268081792,0.0012483460572685597,54.26775029706777,38.15262749732327,7.026876658253017,7.2590075290539895,1.4008810074931533,1.3495890579642258,0.00234330732715074,0.0019093385791413425,0.14434766027381749,0.14434766027381749,-0.000837543429442369,-0.000837543429442369,0.0713932509916051,0.0,0.37038661936683565,0.30179287768229945,0.0,0.0
515.0,0.0015729933778932698,0.0012482503781115818,54.26502603326779,38.14846517985351,7.026902064566856,7.259126242518157,1.4008358179665057,1.349530684034128,0.0023432067386638146,0.001909209702212103,0.14435126647134897,0.14435126647134897,-0.0008375045983983598,-0.0008375045983983598,0.07139155034054603,0.0,0.3703707202019298,0.30177250720439314,0.0,0.0
516.0,0.0015728571463905856,0.0012480810016865962,54.26020393295891,38.141097045796265,7.02694694467913,7.25933635620534,1.4007558296610985,1.3494273964720052,0.00234302864993078,0.0019089815437187546,0.1443576405836776,0.1443576405836776,-0.0008374358680637592,-0.0008374358680637592,0.07138853820106421,0.0,0.3703425712335841,0.3017364441357328,0.0,0.0
516.4365251495658,0.00157279780993283,0.001248007234958859,54.258104028835334,38.13788817076071,7.026966452634509,7.259427849133717,1.4007209966284138,1.3493824323434729,0.002342951080151697,0.0019088821708500084,0.1443604127188612,0.1443604127188612,-0.000837405938853308,-0.000837405938853308,0.07138722573265115,0.0,0.3703303104396598,0.30172073711323294,0.0,0.0
517.0,0.0015727213356828834,0.0012479121682338835,54.25539797247564,38.13375282095129,7.026991559243439,7.259545746476814,1.400676108675733,1.3493245024505496,0.0023428511044342945,0.0019087540994367977,0.14436398179060375,0.14436398179060375,-0.0008373673713886834,-0.0008373673713886834,0.07138553373230053,0.0,0.3703145081300104,0.30170049395638066,0.0,0.0
518.0,0.0015725859443557783,0.0012477438760874705,54.25060809315688,38.126432432355045,7.0270359096580375,7.259754416058622,1.4005966540124402,1.3492220002860706,0.002342674100384797,0.0019085273673617453,0.14437029022810674,0.14437029022810674,-0.0008372991075654529,-0.0008372991075654529,0.07138253691474257,0.0,0.3702865306083477,0.3016646563495044,0.0,0.0
518.4365251495658,0.001572526973770061,0.0012476705816306388,54.24852221757183,38.12324435368876,7.027055187262012,7.259845280304972,1.4005620533030532,1.3491773779496803,0.0023425970029768532,0.0019084286159044075,0.14437303377982524,0.14437303377982524,-0.0008372693814929347,-0.0008372693814929347,0.07138123112251869,0.0,0.37027434447810376,0.3016490475482102,0.0,0.0
519.0,0.0015724509710005191,0.0012475761235847872,54.24583423657854,38.11913580717097,7.027079997312444,7.259962367662352,1.4005174646774836,1.349119888304876,0.0023424976360003173,0.0019083013454923997,0.14437656603215027,0.14437656603215027,-0.0008372310757885611,-0.0008372310757885611,0.07137954772895908,0.0,0.37025863838693535,0.3016289309987918,0.0,0.0
520.0,0.0015723164142122771,0.001247408909065484,54.24107634447258,38.11186287262622,7.02712382359008,7.260169603990752,1.4004385396801493,1.349018164840373,0.0023423217095029994,0.0019080760318263904,0.14438280933898623,0.14438280933898623,-0.0008371632752539908,-0.0008371632752539908,0.07137656615553102,0.0,0.3702308311847628,0.30159331758774516,0.0,0.0
520.4365251495658,0.0015722578070440252,0.0012473360839795862,54.239004395622835,38.108695463242285,7.027142873260764,7.260259844277658,1.4004041695629161,1.3489738813831194,0.0023422450813604875,0.0019079778982855622,0.1443855245449423,0.1443855245449423,-0.0008371337509149188,-0.0008371337509149188,0.07137526700559575,0.0,0.37021871922730654,0.3015778064552477,0.0,0.0
521.0,0.001572182272591849,0.0012472422308727417,54.236334358807895,38.10461355608011,7.027167389865737,7.26037612773227,1.4003598780339488,1.3489168282358435,0.0023421463191224887,0.0019078514243647537,0.1443890202848147,0.1443890202848147,-0.0008370957051599421,-0.0008370957051599421,0.07137359217511997,0.0,0.37020310872200507,0.30155781580040547,0.0,0.0
522.0,0.0015720485447439344,0.0012470760873520143,54.231608221709585,38.09738778495976,7.027210697508182,7.260581941566603,1.4002814787554088,1.348815876841581,0.00234197146309258,0.0019076275211075341,0.14439519900609266,0.14439519900609266,-0.0008370283647061329,-0.0008370283647061329,0.07137062576840018,0.0,0.3701754707194932,0.3015224253206566,0.0,0.0
522.4365251495658,0.0015719902985552121,0.0012470037287471815,54.22955009847823,38.09424091811853,7.027229521638066,7.260671562576364,1.4002473375118318,1.3487719293799814,0.002341895301130121,0.0019075300019924316,0.14439788610436177,0.14439788610436177,-0.000836999040702528,-0.000836999040702528,0.07136933322701527,0.0,0.3701634324471451,0.30150701130519736,0.0,0.0
523.0,0.0015719152292788198,0.0012469104768523698,54.2268978755395,38.09018548682935,7.027253747877649,7.26078704815929,1.400203340865274,1.3487153090176327,0.002341797139654527,0.0019074043200583354,0.1444013456391913,0.1444013456391913,-0.0008369612530945409,-0.0008369612530945409,0.0713676669161255,0.0,0.37014791689923726,0.30148714583294545,0.0,0.0
524.0,0.0015717823248107055,0.0012467453977252159,54.22220326281575,38.083006589324754,7.027296542328419,7.260991450167209,1.4001254633872997,1.3486151231309709,0.0023416233470537236,0.0019071818192199566,0.14440746032071086,0.14440746032071086,-0.0008368943695286922,-0.0008368943695286922,0.07136471559906271,0.0,0.37012044698390145,0.30145197702159127,0.0,0.0
524.4365251495658,0.0015717244371801472,0.001246673502721951,54.22015886477205,38.07988013864938,7.027315143284675,7.261080456542246,1.4000915493115038,1.3485715088107009,0.002341547648206193,0.0019070849110445418,0.14441011954963062,0.14441011954963062,-0.0008368652444692127,-0.0008368652444692127,0.07136342963265115,0.0,0.3701084819121833,0.301436659572162,0.0,0.0
525.0,0.0015716498299593292,0.0012465808483256597,54.21752432629302,38.07585102022368,7.027339082206346,7.2611951502332275,1.400047845349448,1.3485153175582008,0.0023414500835430077,0.001906960016598909,0.14441354318713154,0.14441354318713154,-0.0008368277132144096,-0.0008368277132144096,0.07136177179805742,0.0,0.37009306069732684,0.3014169185715003,0.0,0.0
526.0,0.0015715177433483524,0.0012464168270112015,54.21286100888224,38.06871870737922,7.027381368851398,7.26139815099163,1.3999704857826842,1.3484158906827672,0.002341277347379312,0.0019067389102010168,0.144419594375135,0.144419594375135,-0.0008367612833590945,-0.0008367612833590945,0.07135883549396826,0.0,0.3700657577640017,0.30138197016747037,0.0,0.0
526.4365251495658,0.0015714602118711036,0.0012463453927406222,54.21083023628131,38.06561254687046,7.027399748976176,7.261486547334892,1.3999367971813876,1.3483726066783017,0.0023412021086017636,0.001906642609484449,0.14442222597319898,0.14442222597319898,-0.0008367323558591504,-0.0008367323558591504,0.07135755606911329,0.0,0.3700538654116249,0.3013667487338842,0.0,0.0
527.0,0.0015713860636069556,0.0012462533321431159,54.20821325373064,38.0616095787908,7.027423403595213,7.261600455062842,1.3998933837221714,1.3483168408976312,0.0023411051368270284,0.0019065184980359834,0.1444256140212519,0.1444256140212519,-0.0008366950791724768,-0.0008366950791724768,0.07135590666773228,0.0,0.37003853790959307,0.3013471314949121,0.0,0.0
528.0,0.001571254789368179,0.0012460903620851505,54.20358100414169,38.05452356253684,7.027465187763615,7.2618020650587845,1.3998165382060679,1.3482181666025077,0.002340933450154615,0.0019062987781129428,0.1444316022621879,0.1444316022621879,-0.0008366290998658914,-0.0008366290998658914,0.07135298530029963,0.0,0.370011400860411,0.30131240223914624,0.0,0.0
528.4365251495658,0.0015711976116558253,0.0012460193856892344,54.201563757923964,38.05143756658723,7.027483349374338,7.261889855934146,1.3997830733985517,1.3481752101167672,0.0023408586684222216,0.0019062030813801756,0.14443420646794372,0.14443420646794372,-0.000836600368547751,-0.000836600368547751,0.07135171238374398,0.0,0.369999580749267,0.30129727627213226,0.0,0.0
529.0,0.0015711239192706173,0.0012459279152048808,54.19896420365476,38.047460586846405,7.027506722674192,7.262002983577667,1.399739948276718,1.348119866206511,0.0023407622856379227,0.0019060797484451372,0.14443755923446724,0.14443755923446724,-0.0008365633446530396,-0.0008365633446530396,0.07135007137269797,0.0,0.3699843463439339,0.301277782086143,0.0,0.0
530.0,0.0015709934519566816,0.001245765989872416,54.1943627959654,38.04042058003096,7.027548009638789,7.262203213209274,1.3996636129794535,1.3480219381254268,0.002340591641556908,0.001905861407045309,0.1444434850747649,0.1444434850747649,-0.0008364978127492464,-0.0008364978127492464,0.07134716486596851,0.0,0.3699573740882892,0.3012432707217935,0.0,0.0
530.4365251495658,0.0015709366256371816,0.0012456954685042293,54.19235897775594,38.03735462343844,7.027565955028441,7.262290403141924,1.3996303702975268,1.347979306389427,0.002340517313864931,0.0019057663108275127,0.14444606212671685,0.14444606212671685,-0.0008364692762421385,-0.0008364692762421385,0.07134589842461361,0.0,0.3699456257434445,0.30122823967306334,0.0,0.0
531.0,0.0015708633860743117,0.0012456045844617626,54.18977672500468,38.03340347055674,7.0275890499611116,7.262402756529818,1.3995875313637804,1.3479243807843246,0.002340421516198888,0.0019056437519304331,0.14444937991954504,0.14444937991954504,-0.0008364325033722389,-0.0008364325033722389,0.07134426576122917,0.0,0.3699304838227677,0.3012088678326578,0.0,0.0
532.0,0.0015707337202752608,0.0012454436973495216,54.18520593485975,38.02640918697562,7.027629844939187,7.262601616107169,1.3995117024821806,1.3478271926148646,0.0023402519078552404,0.0019054267811171935,0.14445524390539694,0.14445524390539694,-0.0008363674157413866,-0.0008363674157413866,0.07134137403961197,0.0,0.369903675277302,0.3011745731052501,0.0,0.0
532.4365251495658,0.0015706772429928768,0.0012453736281734268,54.183215446967324,38.023363144956434,7.027647576376601,7.26268820958401,1.3994786802701438,1.3477848828873726,0.0023401780312188557,0.0019053322819523183,0.14445779404191322,0.14445779404191322,-0.0008363390726815956,-0.0008363390726815956,0.07134011404051711,0.0,0.3698919982269708,0.3011596364275871,0.0,0.0
533.0,0.0015706044532167646,0.0012452833269162523,54.18065036985279,38.01943765799823,7.027670395863001,7.262799794495767,1.3994361253912995,1.347730372057875,0.0023400828148246768,0.0019052104926265759,0.14446107716867362,0.14446107716867362,-0.000836302549078493,-0.000836302549078493,0.07133848968232455,0.0,0.36987694818298394,0.3011403862267645,0.0,0.0
534.0,0.0015704755835598773,0.0012451234715451565,54.17610997446188,38.01248881242397,7.027710704016922,7.262997294241789,1.3993607991507488,1.347633917560695,0.0023399142354099747,0.0019049948844794065,0.14446687984583034,0.14446687984583034,-0.0008362379026070244,-0.0008362379026070244,0.0713356126705888,0.0,0.3698503022715481,0.30110630688436973,0.0,0.0
534.4365251495658,0.0015704194529751053,0.001245053851737024,54.17413271987788,38.00946256062513,7.027728223747055,7.263083295711806,1.3993279957653553,1.3475919271278887,0.0023398408068642726,0.0019049009789125979,0.1444694033050552,0.1444694033050552,-0.00083620975163798,-0.00083620975163798,0.07133435908097017,0.0,0.36983869604709235,0.30109146403169446,0.0,0.0
535.0,0.0015703471099711014,0.0012449641296234549,54.17158469339962,38.00556257921468,7.0277507706773745,7.263194117878113,1.3992857228242894,1.3475378275797205,0.002339746167921205,0.0019047799547009941,0.144472652073059,0.144472652073059,-0.0008361734755529084,-0.0008361734755529084,0.07133274298570212,0.0,0.36982373727588164,0.3010723347659434,0.0,0.0
536.0,0.0015702190311207426,0.0012448052995410659,54.167074471534335,37.998658887424014,7.0277905971152315,7.2633902679294415,1.3992108954786382,1.3474421005777775,0.0023395786106724936,0.0019045657013165643,0.1444783939866321,0.1444783939866321,-0.0008361092671437532,-0.0008361092671437532,0.07132988060897605,0.0,0.36979725292951293,0.30103846955934954,0.0,0.0
536.4365251495658,0.0015701632449102443,0.0012447361262884677,54.1651103539316,37.99565230193511,7.027807907359451,7.263475681804097,1.3991783092890517,1.3474004267529098,0.002339505627272375,0.0019044723859006005,0.14448089100640069,0.14448089100640069,-0.0008360813069161095,-0.0008360813069161095,0.07132863339620608,0.0,0.369785717065426,0.3010237199867889,0.0,0.0
537.0,0.0015700913456845212,0.001244646979691988,54.1625792539683,37.99177766627166,7.027830184593511,7.263585746907312,1.3991363161846464,1.3473467350266377,0.002339411561985201,0.0019043521223559429,0.14448410572253378,0.14448410572253378,-0.0008360452766096564,-0.0008360452766096564,0.07132702552179669,0.0,0.3697708489671137,0.30100471095317954,0.0,0.0
538.0,0.0015699640523419572,0.0012444891684729538,54.15809898595927,37.984918845071896,7.027869534369746,7.263780557315162,1.3990619840161107,1.3472517294044257,0.0023392450201847846,0.001904139215849046,0.1444897874168075,0.1444897874168075,-0.0008359815031824132,-0.0008359815031824132,0.07132417770556516,0.0,0.3697445251240032,0.3009710586360392,0.0,0.0
538.4365251495658,0.0015699086081984726,0.001244420438975355,54.15614790969066,37.98193180243634,7.027886637326096,7.26386538796876,1.3990296134038613,1.3472103695274946,0.0023391724790048952,0.0019040464871447824,0.14449225823456535,0.14449225823456535,-0.0008359537323541266,-0.0008359537323541266,0.07132293683717222,0.0,0.3697330591578993,0.30095640179999694,0.0,0.0
539.0,0.0015698371497779558,0.001244331864284845,54.15363361299836,37.97808235330849,7.027908647693705,7.263974701643403,1.3989878980509463,1.3471570821981025,0.0023390789836038664,0.001903926979830467,0.144495439205185,0.144495439205185,-0.0008359179460963288,-0.0008359179460963288,0.07132133714175637,0.0,0.36971828113663335,0.30093751229727317,0.0,0.0
540.0,0.0015697106366811932,0.001244175065531314,54.14918308073183,37.97126812056254,7.027947525809734,7.264168182374416,1.3989140573700034,1.347062791900903,0.002338913450579124,0.0019037154123350136,0.14450106122343756,0.14450106122343756,-0.000835854604587428,-0.000835854604587428,0.07131850381185989,0.0,0.36969211674209684,0.3009040716262605,0.0,0.0
540.4365251495658,0.0015696555323134632,0.0012441067770002313,54.1472449508287,37.968300497788384,7.027964423653208,7.264252434144474,1.3988819007289413,1.347021743338325,0.00233884134871375,0.0019036232669117775,0.14450350607616366,0.14450350607616366,-0.0008358270218238297,-0.0008358270218238297,0.0713172692555269,0.0,0.3696807202146945,0.3008895069844796,0.0,0.0
541.0,0.0015695845117457087,0.001244018770620195,54.144747335038694,37.96447607658785,7.027986169954504,7.264361001977696,1.3988404610582346,1.3469688570147929,0.002338748419454407,0.0019035045114022472,0.1445066536070016,0.1445066536070016,-0.0008357914778942631,-0.0008357914778942631,0.07131567769743902,0.0,0.36966603167862006,0.30087073631313127,0.0,0.0
542.0,0.0015694587736693106,0.0012438629779621736,54.14032632195276,37.95770615123814,7.028024581359328,7.264553162914782,1.3987671082035151,1.346875276047934,0.0023385838885776056,0.0019032942750721385,0.14451221649133442,0.14451221649133442,-0.0008357285652571218,-0.0008357285652571218,0.07131285878007203,0.0,0.3696400256850682,0.3008375060480803,0.0,0.0
542.4365251495658,0.0015694040068020138,0.0012437951276213612,54.13840104412326,37.95475782580826,7.028041276242138,7.264636840102398,1.398735163939762,1.3468345361922218,0.002338512223140587,0.0019032027095081464,0.14451463561546848,0.14451463561546848,-0.000835701169230978,-0.000835701169230978,0.0713116305036365,0.0,0.36962869814017674,0.3008230330597084,0.0,0.0
543.0,0.0015693334211551225,0.0012437076859721397,54.13591998773995,37.950958274542906,7.0280627612479325,7.2647446676344565,1.398693997897805,1.346782047517113,0.0023384198563037445,0.0019030847013894597,0.14451775001153622,0.14451775001153622,-0.000835665865918841,-0.000835665865918841,0.07131004704141024,0.0,0.36961409850143395,0.3008043805220615,0.0,0.0
544.0,0.0015692084529100204,0.0012435528930678842,54.131528278820554,37.9442323766341,7.028100710838744,7.264935518577622,1.3986211292359776,1.3466891699452381,0.002338256320991841,0.001902875788399483,0.14452325430271143,0.14452325430271143,-0.0008356033791240043,-0.0008356033791240043,0.07130724246311963,0.0,0.3695882498683412,0.30077135942610755,0.0,0.0
544.4365251495658,0.0015691540212836837,0.0012434854781534722,54.12961575944786,37.941303226516,7.028117204890574,7.265018625447832,1.3985893957678768,1.346648736214684,0.0023381850891164846,0.0019027847992822006,0.14452564793408354,0.14452564793408354,-0.000835576168515583,-0.000835576168515583,0.07130602043457253,0.0,0.3695769908528469,0.3007569775517546,0.0,0.0
545.0,0.0015690838676461927,0.0012433985976714524,54.12715114184628,37.9375283878223,7.028138431342692,7.2651257181725555,1.3985485013169712,1.3465966418637367,0.002338093281008039,0.0019026675341524482,0.14452872949958553,0.14452872949958553,-0.0008355411041197689,-0.0008355411041197689,0.07130444502693932,0.0,0.3695624795275403,0.3007384424520366,0.0,0.0
546.0,0.0015689596640795223,0.001243244798207796,54.12278852362284,37.93084623852291,7.028175923965466,7.265315268839726,1.398476113242624,1.3465044618100845,0.0023379307347224584,0.001902459936699158,0.14453417573687025,0.14453417573687025,-0.0008354790401550443,-0.0008354790401550443,0.0713016547146232,0.0,0.36953678722140987,0.30070562929175565,0.0,0.0
546.4365251495658,0.0015689055654504486,0.0012431778159684521,54.12088866976316,37.927936142177984,7.0281922192937385,7.265397809621864,1.3984445890006871,1.3464643316484466,0.002337859933561476,0.0019023695206256755,0.14453654411063452,0.14453654411063452,-0.0008354520136521647,-0.0008354520136521647,0.07130043890210826,0.0,0.36952559628526593,0.3006913379935527,0.0,0.0
547.0,0.001568835840931207,0.0012430914931062216,54.11844037118652,37.9241858593328,7.028213189905347,7.2655041729871055,1.398403964118824,1.3464126283301714,0.0023377686805122998,0.0019022529940954797,0.1445395931488811,0.1445395931488811,-0.0008354171864813336,-0.0008354171864813336,0.0712988715079972,0.0,0.36951117269344785,0.3006729196379722,0.0,0.0
548.0,0.0015687123969261225,0.001242938680798933,54.114106631727246,37.91754718095585,7.028250230355433,7.265692433014933,1.3983320530543444,1.3463211399758643,0.002337607116758754,0.0019020467043979333,0.1445449818699023,0.1445449818699023,-0.0008353555423519053,-0.0008353555423519053,0.07129609538890296,0.0,0.3694856356877829,0.30064031318349693,0.0,0.0
548.4365251495658,0.0015686586290663024,0.0012428721284959865,54.11221935110778,37.914656017348186,7.028266329045561,7.265774411902983,1.3983007364811981,1.3462813108520588,0.002337536743484126,0.0019019568579753052,0.1445473252204746,0.1445473252204746,-0.0008353286986499902,-0.0008353286986499902,0.07129488576071691,0.0,0.3694745123839887,0.3006261119251498,0.0,0.0
549.0,0.001568589330794401,0.0012427863597225391,54.109787252664695,37.91093013428003,7.028287046501498,7.265880051311078,1.3982603791619892,1.3462299953073416,0.002337446041850006,0.00190184106566825,0.1445503420338031,0.1445503420338031,-0.0008352941070226339,-0.0008352941070226339,0.07129332633925332,0.0,0.3694601759496493,0.30060780962196404,0.0,0.0
550.0,0.0015684666412698724,0.0012426345283165858,54.10548218157174,37.90433465030246,7.028323639524197,7.266067030255744,1.398188941557435,1.3461391928906865,0.002337285454178245,0.0019016360759688683,0.14455567377440562,0.14455567377440562,-0.0008352328797511721,-0.0008352328797511721,0.071290564340977,0.0,0.36943479322491385,0.30057540864712,0.0,0.0
550.4365251495658,0.0015684132019669061,0.0012425684032241731,54.103607382588464,37.90146229890717,7.028339543639835,7.266148451408685,1.3981578311077651,1.346099662298483,0.002337215505981191,0.0019015467958144253,0.14455799233540265,0.14455799233540265,-0.0008352062175532947,-0.0008352062175532947,0.07128936086556784,0.0,0.36942373710950915,0.3005612968939592,0.0,0.0
551.0,0.0015683443270915643,0.00124248318502507,54.10119136625013,37.89776066020683,7.028360010596938,7.266253372216896,1.3981177393603694,1.3460487313001939,0.002337125352142637,0.0019014317333675146,0.14456097722510033,0.14456097722510033,-0.000835171859797792,-0.000835171859797792,0.07128780937607322,0.0,0.3694094872605465,0.30054310995354655,0.0,0.0
552.0,0.0015682223870021857,0.0012423323282949317,54.09691475465434,37.89120809528811,7.02839616088807,7.266439079554903,1.3980467716933394,1.3459586091159899,0.0023369657341462922,0.0019012280359327408,0.14456625251921512,0.14456625251921512,-0.0008351110464245521,-0.0008351110464245521,0.0712850614265576,0.0,0.3693842578041405,0.30051091323595625,0.0,0.0
552.4365251495658,0.0015681692740591947,0.0012422666277001088,54.09505234636975,37.888354436099334,7.0284118724713665,7.266519947097055,1.3980158658338333,1.345919374573711,0.0023368962082371096,0.001901139318674444,0.14456854652339768,0.14456854652339768,-0.0008350845644414755,-0.0008350845644414755,0.07128386407252509,0.0,0.3693732684361809,0.3004968904549923,0.0,0.0
553.0,0.0015681008197496378,0.001242181956577615,54.09265229496688,37.884676887030025,7.028432091558782,7.2666241546180155,1.397976037682883,1.3458688249263164,0.002336806598599278,0.0019010249817384625,0.1445714997896294,0.1445714997896294,-0.0008350504388961441,-0.0008350504388961441,0.07128232047451574,0.0,0.36935910460438875,0.3004788181899093,0.0,0.0
554.0,0.0015679796240854638,0.0012420320683275588,54.08840393552245,37.878166967029564,7.028467803765257,7.266808599746964,1.3979055364583832,1.345779377325176,0.0023366479439155957,0.0019008225688595254,0.14457671916914605,0.14457671916914605,-0.0008349900364790565,-0.0008349900364790565,0.07127958650204966,0.0,0.36933402741060584,0.3004468245111131,0.0,0.0
554.4365251495658,0.0015679268353210154,0.001241966789530416,54.08655382766308,37.87533188056794,7.028483324837093,7.266888917768329,1.397874833667671,1.3457404363754015,0.0023365788375235945,0.0019007344111362443,0.14457898884836545,0.14457898884836545,-0.0008349637334292709,-0.0008349637334292709,0.07127839523814393,0.0,0.36932310435215193,0.30043289017108055,0.0,0.0
555.0,0.0015678587987663724,0.001241882662003685,54.08416962488285,37.8716782670748,7.028503298656601,7.266992417270481,1.3978352671531948,1.3456902649145865,0.0023364897685161576,0.0019006207953761942,0.1445819107901046,0.1445819107901046,-0.0008349298384424182,-0.0008349298384424182,0.07127685949133075,0.0,0.3693090259731989,0.3004149318961313,0.0,0.0
556.0,0.0015677383425526964,0.0012417337360679738,54.07994931176156,37.865210719068756,7.0285385773769695,7.267175609509845,1.3977652289035023,1.34560148630226,0.0023363320708258105,0.0019004196593697606,0.14458707478475324,0.14458707478475324,-0.0008348698440571642,-0.0008348698440571642,0.07127413942454701,0.0,0.369284100043197,0.30038314004169003,0.0,0.0
556.4365251495658,0.0015676858758007174,0.0012416688763817602,54.07811141471555,37.86239408638849,7.028553909937202,7.267255382066437,1.3977347276720964,1.3455628365115355,0.00233626338119923,0.0019003320578316052,0.14458932036989933,0.14458932036989933,-0.0008348437186669244,-0.0008348437186669244,0.07127295421966859,0.0,0.3692732428593014,0.30036929361310044,0.0,0.0
557.0,0.0015676182542099155,0.0012415852889869324,54.075742945098234,37.858764255107644,7.028573641063521,7.267358178774463,1.3976954208494414,1.3455130401038269,0.00233617484927625,0.001900219158927019,0.1445922112848625,0.1445922112848625,-0.0008348100525968826,-0.0008348100525968826,0.07127142628395584,0.0,0.3692592493727115,0.3003514486453852,0.0,0.0
558.0,0.001567498532507089,0.0012414373192301182,54.07155047398364,37.852338807404436,7.028608490848524,7.267540127366353,1.3976258421339627,1.3454249249405432,0.0023360181023030988,0.001900019292135853,0.14459732042209872,0.14459732042209872,-0.000834750463336968,-0.000834750463336968,0.07126872005183113,0.0,0.3692344737144746,0.30031985740498496,0.0,0.0
558.4365251495658,0.0015674463856167721,0.0012413728759813197,54.069724698798105,37.84954051010006,7.028623636876226,7.267619358480533,1.3975955409641956,1.3453865638990925,0.0023359498267089968,0.0018999322434443966,0.14459954214305112,0.14459954214305112,-0.0008347245143403153,-0.0008347245143403153,0.07126754087503007,0.0,0.36922368197316446,0.30030609836016176,0.0,0.0
559.0,0.001567379176218417,0.0012412898252716687,54.067371847733725,37.8459343083672,7.028643127857323,7.267721457575782,1.3975564919039474,1.3453371394414886,0.0023358618283487904,0.001899820057089753,0.14460240232763671,0.14460240232763671,-0.0008346910755554829,-0.0008346910755554829,0.07126602071051535,0.0,0.36920977282229506,0.30028836601914355,0.0,0.0
560.0,0.001567260184121655,0.0012411428055887769,54.063207015815,37.83955069052244,7.028677553210429,7.267902171685696,1.3974873693090761,1.3452496822413,0.0023357060258596546,0.0018996214518833612,0.14460745713253462,0.14460745713253462,-0.0008346318885322997,-0.0008346318885322997,0.07126332824236797,0.0,0.3691851464505976,0.3002569741866972,0.0,0.0
560.4365251495658,0.0015672083549573724,0.0012410787761172161,54.06139327419329,37.83677061073513,7.028692514664125,7.267980865346503,1.3974572667150391,1.3452116075627412,0.0023356381615838133,0.0018995349527119315,0.14460965521811775,0.14460965521811775,-0.0008346061146710938,-0.0008346061146710938,0.07126215506284339,0.0,0.36917441972285964,0.3002433019998216,0.0,0.0
561.0,0.0015671415549996543,0.0012409962586632545,54.05905592791815,37.833187886593514,7.0287117680215125,7.268082271967409,1.397418473502939,1.345162551982347,0.002335550693288828,0.001899423474616975,0.14461248496734613,0.14461248496734613,-0.0008345729015499651,-0.0008345729015499651,0.07126064262981656,0.0,0.36916059435488247,0.3002256816073763,0.0,0.0
562.0,0.0015670232876388137,0.0012408501829800106,54.0549185338838,37.826845829423874,7.02874577339946,7.268261760684981,1.39734980364191,1.345075747312488,0.002335395829093284,0.0018992261233921545,0.14461748596249668,0.14461748596249668,-0.0008345141138928436,-0.0008345141138928436,0.07125796385530586,0.0,0.36913611629125687,0.3001944879811104,0.0,0.0
562.4365251495658,0.0015669717740800532,0.001240786564638935,54.05311673818279,37.82408384984743,7.028760552217354,7.268339920848448,1.397319898149387,1.345037956633553,0.0023353283734401063,0.0018991401704261252,0.14461966064043502,0.14461966064043502,-0.0008344885139167818,-0.0008344885139167818,0.07125679664240579,0.0,0.369125454151021,0.3001809021282676,0.0,0.0
563.0,0.0015669053808306105,0.001240704577028548,54.05079478377572,37.8205244520555,7.028779570446393,7.268440640090952,1.3972813588862512,1.3449892668872216,0.002335241431736794,0.00189902939631615,0.14462246024789505,0.14462246024789505,-0.0008344555248479774,-0.0008344555248479774,0.0712552919013481,0.0,0.369111712016902,0.30016339300872885,0.0,0.0
564.0,0.0015667878333700286,0.001240559439301528,54.04668462780708,37.814223687651925,7.028813160259706,7.268618912430681,1.3972131383989919,1.344903109367471,0.0023350874996869546,0.0018988332914975994,0.14462740795330944,0.14462740795330944,-0.0008343971337042329,-0.0008343971337042329,0.0712526267504729,0.0,0.36908738128960406,0.3001323963912802,0.0,0.0
564.4365251495658,0.001566736633311275,0.001240496229457705,54.04489469103424,37.81147969153837,7.028827758359914,7.268696543020164,1.397183428545396,1.3448656003477313,0.002335020449979349,0.0018987478814345635,0.14462955945018713,0.14462955945018713,-0.000834371706370869,-0.000834371706370869,0.07125146547369321,0.0,0.3690767833137253,0.3001188963504869,0.0,0.0
565.0,0.0015666706440570972,0.0012404147682962274,54.042588016413056,37.80794346957685,7.028846543930107,7.268796579938122,1.397145141347028,1.344817273421708,0.0023349340314180664,0.0018986378070508098,0.1446323292079812,0.1446323292079812,-0.0008343389397531568,-0.0008343389397531568,0.07124996838527722,0.0,0.36906312386820866,0.3001014978307088,0.0,0.0
566.0,0.0015665538116953566,0.0012402705625130712,54.03850490017758,37.8016837313169,7.028879722543623,7.268973644840108,1.3970773669000076,1.3447317577237647,0.002334781025408284,0.0018984429410916145,0.14463722414100072,0.14463722414100072,-0.0008342809422881273,-0.0008342809422881273,0.07124731678837518,0.0,0.3690389395121707,0.3000706970292007,0.0,0.0
566.4365251495658,0.0015665029230460205,0.0012402077585468324,54.03672673598802,37.798957602481735,7.028894141824395,7.269050749746594,1.397047851234314,1.3446945280453582,0.0023347143789876137,0.0018983580706416897,0.14463935268222292,0.14463935268222292,-0.0008342556863628902,-0.0008342556863628902,0.07124616141735932,0.0,0.369028405280421,0.30005728228045325,0.0,0.0
567.0,0.0015664373350933348,0.0012401268204571521,54.03443522990557,37.79544440656036,7.028912697179675,7.269150109352184,1.3970098142314211,1.3446465609549316,0.0023346284801424207,0.001898248691741572,0.14464209288091948,0.14464209288091948,-0.0008342231406052038,-0.0008342231406052038,0.07124467194244793,0.0,0.3690148279819976,0.30003999368984663,0.0,0.0
568.0,0.0015663212130630794,0.0012399835406367078,54.03037895655001,37.78922542911976,7.0289454689130535,7.2693259756828414,1.3969424825174968,1.3445616818017965,0.0023344763941091293,0.0018980550571237667,0.1446469355561287,0.1446469355561287,-0.0008341655340022803,-0.0008341655340022803,0.07124203383019383,0.0,0.36899078903880345,0.30000938751597844,0.0,0.0
568.4365251495658,0.001566270633747402,0.0012399211399420408,54.028612479243556,37.7865170519469,7.028959711252999,7.269402558765265,1.3969131596001758,1.3445247291691607,0.0023344101483350546,0.001897970723009769,0.14464904136588394,0.14464904136588394,-0.0008341404482584847,-0.0008341404482584847,0.0712408843347324,0.0,0.3689803181338468,0.29999605754128034,0.0,0.0
569.0,0.0015662054444215646,0.0012398407215646779,54.02633603128379,37.78302673301067,7.028978038812017,7.269501246029391,1.3968753709382817,1.3444771189583171,0.0023343247658036623,0.0018978620353671538,0.14465175229447078,0.14465175229447078,-0.0008341081217799394,-0.0008341081217799394,0.07123940243437811,0.0,0.36896682244474577,0.29997887821185615,0.0,0.0
570.0,0.0015660900279892698,0.0012396983617571579,54.022306405427166,37.77684825237415,7.029010407940246,7.269675922582158,1.3968084786765442,1.3443928711236854,0.0023341735937251057,0.0018976696246022287,0.14465654322361785,0.14465654322361785,-0.0008340509032405953,-0.0008340509032405953,0.0712367777377832,0.0,0.36894292796258776,0.299948465481983,0.0,0.0
570.4365251495658,0.0015660397559462526,0.0012396363617417584,54.02055152994514,37.774157511820576,7.029024475198553,7.269751987667707,1.3967793470794931,1.344356193263292,0.002334107745975509,0.0018975858235598803,0.14465862652484485,0.14465862652484485,-0.000834025986459447,-0.000834025986459447,0.07123563408781343,0.0,0.3689325199699684,0.2999352197653776,0.0,0.0
571.0,0.001565974962591607,0.0012395564597349586,54.018290030519175,37.77068992155559,7.029042577354959,7.269850007520396,1.3967418049188491,1.3443089370043764,0.0023340228763791063,0.0018974778229653919,0.14466130847068437,0.14466130847068437,-0.0008339938776893548,-0.0008339938776893548,0.07123415972325776,0.0,0.3689191053561299,0.29991814903179576,0.0,0.0
572.0,0.001565860247057424,0.0012394150140220578,54.01428685824556,37.764551675027015,7.029074548108853,7.2700235030164375,1.3966753488544654,1.3442253153120374,0.002333872612275096,0.001897286628594716,0.14466604816260473,0.14466604816260473,-0.0008339370444331569,-0.0008339370444331569,0.0712315483736683,0.0,0.3688953543897706,0.29988792856699537,0.0,0.0
572.4365251495658,0.0015658102802407065,0.001239353412107383,54.01254350016777,37.76187845662703,7.029088442125505,7.270099053900863,1.3966464071609384,1.3441889099721325,0.0023338071599459734,0.0018972033573728536,0.14466810917695805,0.14466810917695805,-0.0008339122954037666,-0.0008339122954037666,0.07123041053927347,0.0,0.3688850088978957,0.299874766594599,0.0,0.0
573.0,0.00156574588022049,0.001239274023147169,54.01029684050973,37.75843344746596,7.029106321248231,7.270196411231655,1.396609109676435,1.344142004765513,0.0023337227999290708,0.001897096039634144,0.1446707624257471,0.1446707624257471,-0.0008338804027816371,-0.0008338804027816371,0.0712289436719466,0.0,0.3688716748289461,0.2998578037942108,0.0,0.0
574.0,0.001565631860917996,0.0012391334856422021,54.00631992936105,37.75233517367775,7.029137897814924,7.270368734320559,1.3965430865804878,1.3440590040887583,0.002333573437860798,0.0018969060542293886,0.14467545138629118,0.14467545138629118,-0.0008338239520462627,-0.0008338239520462627,0.07122634560104274,0.0,0.3688480664396887,0.2998277744203506,0.0,0.0
574.4365251495658,0.0015655821972957896,0.0012390722792635395,54.00458800490243,37.749679363547024,7.029151620410912,7.2704437747684745,1.3965143333850283,1.3440228690391054,0.0023335083783661524,0.0018968233095901857,0.1446774903341128,0.1446774903341128,-0.0008337993695656461,-0.0008337993695656461,0.07122521355245204,0.0,0.36883778303981185,0.2998146956803876,0.0,0.0
575.0,0.0015655181879920183,0.0012389934000437892,54.00235607706532,37.746256788674245,7.029169278844442,7.270540474426812,1.3964772787661037,1.343976312012842,0.002333424524596509,0.0018967166705321156,0.14468011516984297,0.14468011516984297,-0.0008337676915411967,-0.0008337676915411967,0.07122375414397172,0.0,0.36882452898905227,0.2997978401532643,0.0,0.0
576.0,0.001565404860288039,0.0012388537648917897,53.99840523603375,37.740198227596096,7.0292004653678735,7.270711633687274,1.3964116854354325,1.3438939272738832,0.0023332760586662338,0.0018965278866957536,0.14468475390181051,0.14468475390181051,-0.0008337116205824355,-0.0008337116205824355,0.07122116928376657,0.0,0.3688010622446911,0.2997680007010802,0.0,0.0
576.4365251495658,0.0015653554978430296,0.0012387929514982715,53.99668466204117,37.73755971243535,7.02921401834541,7.270786167432447,1.3963831193438014,1.3438580603055095,0.002333211389437994,0.0018964456654148448,0.14468677100210056,0.14468677100210056,-0.0008336872034555144,-0.0008336872034555144,0.0712200429913539,0.0,0.36879084053089917,0.29975500468390265,0.0,0.0
577.0,0.0015652918766563717,0.0012387145787307791,53.99446735889265,37.734159425791546,7.029231458410057,7.270882214228061,1.3963463057943513,1.3438118486150303,0.002333128038606431,0.001896339700879754,0.14468936770702198,0.14468936770702198,-0.0008336557384886696,-0.0008336557384886696,0.07121859100352515,0.0,0.36877766597527584,0.2997382557728783,0.0,0.0
578.0,0.0015651792359507423,0.0012385758401085856,53.99054239841307,37.728140318738575,7.029262258991452,7.271052218168555,1.3962811390513894,1.3437300747844232,0.0023329804629573063,0.0018961521112454,0.1446939567100989,0.1446939567100989,-0.0008336000445804247,-0.0008336000445804247,0.07121601928636373,0.0,0.3687543399500691,0.29970860507802854,0.0,0.0
578.4365251495658,0.00156513017268001,0.0012385154171632691,53.98883309236201,37.725518985837056,7.029275644134177,7.271126248914213,1.3962527586804943,1.3436944737093706,0.002332916181445179,0.0018960704101121037,0.1446959521804881,0.1446959521804881,-0.0008335757916200301,-0.0008335757916200301,0.07121489872064798,0.0,0.3687441795192589,0.2996956912761514,0.0,0.0
579.0,0.0015650669370296773,0.001238437547577781,53.98663030758,37.722140842123636,7.029292868126344,7.2712216476175,1.3962161844187795,1.3436486045371492,0.0023328333302654602,0.001895965115960005,0.14469852103507644,0.14469852103507644,-0.0008335445381809173,-0.0008335445381809173,0.0712134541154626,0.0,0.3687310839393446,0.2996790483268536,0.0,0.0
580.0,0.0015649549787550732,0.0012382996996941648,53.982731039522356,37.71616093176385,7.029323286824687,7.271390504676961,1.3961514411113898,1.343567436633227,0.0023326866390812467,0.001895778713192818,0.14470306080577577,0.14470306080577577,-0.000833489218615199,-0.000833489218615199,0.07121089547402032,0.0,0.36870789771396895,0.29964958522998236,0.0,0.0
580.4365251495658,0.0015649062126699836,0.001238239664674029,53.981032919513495,37.71355666900248,7.0293365058978745,7.2714640360960745,1.396123245089213,1.3435320992843054,0.002332622742752647,0.0018956975290102679,0.14470503486250105,0.14470503486250105,-0.0008334651286420636,-0.0008334651286420636,0.07120978060566426,0.0,0.36869779816583625,0.2996367531381042,0.0,0.0
581.0,0.0015648433599936035,0.0012381622950182998,53.97884454758187,37.71020052368558,7.029353516090326,7.271558791438468,1.3960869083477667,1.343486569839544,0.002332540387961362,0.0018955929011190975,0.14470757614542448,0.14470757614542448,-0.0008334340852110126,-0.0008334340852110126,0.0712083433452997,0.0,0.3686847810458114,0.2996202154989934,0.0,0.0
582.0,0.0015647320796153053,0.0012380253321139902,53.97497078524334,37.7042595540467,7.029383556922825,7.271726509986942,1.3960225853490766,1.3434060029278607,0.0023323945754662075,0.001895407677916093,0.14471206717703128,0.14471206717703128,-0.0008333791372979302,-0.0008333791372979302,0.07120579771258173,0.0,0.3686617337073271,0.29959093884578014,0.0,0.0
582.4365251495658,0.0015646836087414295,0.0012379656825100005,53.97328376999908,37.70167224990099,7.0293966116735875,7.271799545722517,1.3959945723146039,1.3433709271584047,0.0023323310618061435,0.0018953270075014322,0.1447140200349136,0.1447140200349136,-0.0008333552091406819,-0.0008333552091406819,0.07120468851239202,0.0,0.36865169464434877,0.29957818796081387,0.0,0.0
583.0,0.0015646211364949481,0.0012378888095498225,53.97110970620321,37.698337959215124,7.0294134103157075,7.271893662396863,1.3959584713401385,1.3433257346767238,0.002332249200162534,0.0018952230417671745,0.14471653402300397,0.14471653402300397,-0.0008333243742082132,-0.0008333243742082132,0.07120325855921127,0.0,0.36863875547197433,0.2995617549832033,0.0,0.0
584.0,0.0015645105295106377,0.0012377527258976174,53.96726126430021,37.692435675690966,7.029443077258259,7.272060250736167,1.395894565548374,1.3432457638694988,0.0023321042606207452,0.0018950389908576684,0.1447209768055252,0.1447209768055252,-0.0008332697952759536,-0.0008332697952759536,0.0712007258685512,0.0,0.3686158461137891,0.29953266362443287,0.0,0.0
584.4365251495658,0.0015644623518876661,0.0012376934592147227,53.96558527316131,37.68986521923367,7.029455969415743,7.272132794401525,1.3958667341515203,1.3432109475531302,0.002332041127131687,0.0018949588310420984,0.1447229086779456,0.1447229086779456,-0.0008332460277711139,-0.0008332460277711139,0.07119962230747755,0.0,0.3686058671412019,0.29951999344551355,0.0,0.0
585.0,0.001564400257545201,0.0012376170797339658,53.963425413583494,37.686552640185084,7.029472558733793,7.272226277062449,1.3958308672048338,1.3431660892962585,0.002331959755417539,0.0018948555233790562,0.14472539564617184,0.14472539564617184,-0.0008332153998379297,-0.0008332153998379297,0.07119819962402807,0.0,0.36859300540780215,0.29950366448361193,0.0,0.0
586.0,0.0015642903194847708,0.0012374818696387485,53.95960210824376,37.68068878954123,7.029501855721434,7.272391743426816,1.3957673755431521,1.3430867097518382,0.0023318156831333044,0.0018946726375248663,0.1447297906662881,0.1447297906662881,-0.0008331611872327431,-0.0008331611872327431,0.0711956798090868,0.0,0.3685702331296278,0.29947475727520667,0.0,0.0
586.4365251495658,0.0015642424331664129,0.0012374229833959389,53.95793706116572,37.678135070444725,7.029514586997025,7.272463798605878,1.3957397244446894,1.343052150782229,0.0023317529273351387,0.0018945929851538895,0.14473170176516922,0.14473170176516922,-0.0008331375792247099,-0.0008331375792247099,0.07119458185822193,0.0,0.3685603138554211,0.2994621673037297,0.0,0.0
587.0,0.0015641807142201675,0.0012373470941965893,53.95579130268075,37.67484406081447,7.029530969194396,7.272556651870142,1.395704089800569,1.3430076240377016,0.0023316720423546336,0.0018944903314947956,0.14473416198660952,0.14473416198660952,-0.0008331071568016799,-0.0008331071568016799,0.07119316640723529,0.0,0.36854752905586047,0.2994459417146587,0.0,0.0
588.0,0.0015640714406454815,0.001237212751995384,53.951992951435095,37.66901839119345,7.029559900121755,7.272721004426862,1.3956410092168903,1.3429288309600205,0.0023315288316717933,0.001894308603490609,0.14473850972763233,0.14473850972763233,-0.0008330533078878504,-0.0008330533078878504,0.07119065940199995,0.0,0.36852489296367574,0.2994172175177362,0.0,0.0
588.4365251495658,0.0015640238436993748,0.0012371542437256662,53.950338768984714,37.666481299731984,7.029572472209266,7.272792574674428,1.3956135370883733,1.3428945272506603,0.0023314664511016464,0.0018942294554241054,0.14474040026341867,0.14474040026341867,-0.0008330298582288935,-0.0008330298582288935,0.07118956703257845,0.0,0.3685150329985644,0.2994047072573696,0.0,0.0
589.0,0.0015639624976594936,0.0012370788416278312,53.94820700925518,37.663211718078614,7.029588649466738,7.272884803121287,1.3955781330355022,1.3428503293315184,0.002331386049681229,0.0018941274517203024,0.14474283400923912,0.14474283400923912,-0.0008329996398370386,-0.0008329996398370386,0.07118815877696986,0.0,0.3685023246312258,0.2993885844011925,0.0,0.0
590.0,0.001563853884164218,0.0012369453616898703,53.94443343102941,37.65742397900459,7.029617218188476,7.273048049971343,1.3955154605023397,1.3427721179695726,0.0023312436949830435,0.0018939468743939605,0.14474713495106872,0.14474713495106872,-0.0008329461519968544,-0.0008329461519968544,0.07118566451575281,0.0,0.3684798238372407,0.29936004208211076,0.0,0.0
590.4365251495658,0.0015638065746718388,0.001236887228940317,53.942790034381076,37.65490340605621,7.029629632764346,7.27311913881336,1.3954881660260323,1.3427380674535392,0.0023311816871952294,0.0018938682275063193,0.14474900513271038,0.14474900513271038,-0.0008329228595470957,-0.0008329228595470957,0.07118457769915118,0.0,0.3684700227946558,0.29934761103881585,0.0,0.0
591.0,0.0015637455990663047,0.0012368123107822345,53.94067217185274,37.65165511171824,7.029645607240323,7.273210746984925,1.3954529908668931,1.3426941956980365,0.0023311017661834625,0.0018937668697279059,0.14475141267214206,0.14475141267214206,-0.0008328928437175753,-0.0008328928437175753,0.07118317660201852,0.0,0.36845739036141856,0.2993315902785604,0.0,0.0
592.0,0.0015636376412756503,0.0012366796875089405,53.93692318695931,37.64590505410115,7.029673817571577,7.273372896163607,1.395390723381184,1.3426165613453633,0.0023309602618923307,0.0018935874359406399,0.14475566729123152,0.14475566729123152,-0.000832839714351297,-0.000832839714351297,0.0711806950194559,0.0,0.36843502398402916,0.29930322870895504,0.0,0.0
592.4365251495658,0.0015635906173322306,0.0012366219278406839,53.935290497891415,37.6434008911494,7.029686076295055,7.273443507097451,1.3953636052499854,1.342582761975097,0.002330898624458202,0.0018935092871208772,0.14475751732616818,0.14475751732616818,-0.0008328165779786982,-0.0008328165779786982,0.07117961372719198,0.0,0.3684252814800952,0.2992908763910051,0.0,0.0
593.0,0.0015635300097067456,0.0012365474904787706,53.93318643178856,37.64017374424751,7.029701850125822,7.273534499499028,1.3953286573007637,1.3425392137464078,0.0023308191807256406,0.0018934085712568813,0.14475989892648722,0.14475989892648722,-0.0008327867632527813,-0.0008327867632527813,0.07117821975181535,0.0,0.3684127244863145,0.2992749570926912,0.0,0.0
594.0,0.0015634227032773037,0.001236415718303796,53.9294618619183,37.63446112038673,7.029729705842631,7.27369555897656,1.3952667918836972,1.342462151740572,0.002330678521302927,0.0018932302739035761,0.14476410769580636,0.14476410769580636,-0.0008327339897786033,-0.0008327339897786033,0.07117575078286639,0.0,0.36839049165007604,0.2992467751495173,0.0,0.0
594.4365251495658,0.0015633759629917199,0.0012363583292920423,53.9278398028096,37.63197325952224,7.029741810355967,7.273765695471296,1.3952398488010662,1.342428601487652,0.0023306172518107807,0.0018931526200554258,0.14476593778995234,0.14476593778995234,-0.0008327110083589493,-0.0008327110083589493,0.07117467498659877,0.0,0.3683808073035955,0.2992345010675119,0.0,0.0
595.0,0.0015633157209095916,0.0012362843696008654,53.92574943313026,37.62876712096116,7.029757385655925,7.2738560765717395,1.3952051263915555,1.342385374173585,0.002330538282249821,0.0018930525421139155,0.1447682937164621,0.1447682937164621,-0.0008326813932879975,-0.0008326813932879975,0.07117328809643979,0.0,0.36836832525807894,0.29921868260016893,0.0,0.0
596.0,0.0015632090615290862,0.0012361534429901067,53.922049101343816,37.62309168454871,7.029784890495661,7.274016054253889,1.3951436600884035,1.3423088798956724,0.002330398462195519,0.0018928753741233387,0.14477245710546832,0.14477245710546832,-0.0008326289731420064,-0.0008326289731420064,0.07117083167638552,0.0,0.3683462250936521,0.29919067916573694,0.0,0.0
596.4365251495658,0.0015631626030237961,0.0012360964222241366,53.92043759516974,37.620620018470454,7.029796842424293,7.2740857197505395,1.3951168907682843,1.342275576750599,0.0023303375582505274,0.0018927982121653628,0.14477426746319944,0.14477426746319944,-0.0008326061455588826,-0.0008326061455588826,0.07116976134791309,0.0,0.3683365985260951,0.29917848283261955,0.0,0.0
597.0,0.001563102724065804,0.001236022937096429,53.918360822680945,37.61743474994058,7.029812221286199,7.274175493982591,1.3950823922417876,1.3422326677633138,0.002330259059775252,0.0018926987681735716,0.14477659797921297,0.14477659797921297,-0.0008325767287043254,-0.0008325767287043254,0.07116838150661446,0.0,0.36832419094107816,0.2991627645683061,0.0,0.0
598.0,0.0015629967074529184,0.001235892850548015,53.91468455340042,37.611796256063904,7.029839378947982,7.27433439771127,1.3950213221217311,1.3421567366374332,0.0023301200736278067,0.001892522722508616,0.1447807164538211,0.1447807164538211,-0.0008325246593404543,-0.0008325246593404543,0.07116593757105656,0.0,0.3683022225852015,0.2991349385303205,0.0,0.0
598.4365251495658,0.001562950528863838,0.0012358361956311765,53.91308352372937,37.609340678080386,7.029851179900719,7.2744035956230775,1.394994725288478,1.3421236786094082,0.0023300595328518588,0.0018924460493743092,0.14478250727796274,0.14478250727796274,-0.0008325019844852348,-0.0008325019844852348,0.07116487268231782,0.0,0.36829265342068035,0.29912281946139474,0.0,0.0
599.0,0.0015628910106280814,0.0012357631819777922,53.91102024996042,37.60617614205693,7.029866364395969,7.274492767383807,1.3949604490016836,1.3420810853850862,0.0023299815023978855,0.0018923472353786358,0.14478481264479948,0.14478481264479948,-0.0008324727644185143,-0.0008324727644185143,0.07116349985370121,0.0,0.3682803198118021,0.2991072007751987,0.0,0.0
600.0,0.0015627856325322932,0.001235633930022187,53.90736786896455,37.600574347205594,7.029893178540999,7.2746506049374675,1.3948997721576983,1.3420057128779788,0.002329843344734045,0.0018921723050367226,0.14478888666733528,0.14478888666733528,-0.0008324210433085444,-0.0008324210433085444,0.07116106833856334,0.0,0.36825848240726844,0.2990795510268216,0.0,0.0
