root_id,panel_id,source_class,source_scale,pump_capacity_scale,hydraulic_scale,hydraulic_mode,eligibility,production_h1_eligible_marker,production_passes_numerical_gate,production_passes_wt_gate,independent_direct_scaled_max,independent_amount_source_max_fmol_s,independent_volume_source_max_pL_s,independent_current_residual_max_A,independent_conservation_residual_max,independent_refine_requested,independent_refine_success,independent_refine_scaled_max,independent_jacobian_rank,independent_jacobian_nullity,independent_refined_state_max_abs_difference,independent_pass,independent_wt_observables_json,independent_wt_gate_failures_json,independent_wt_pass,root_table_observable_max_abs_difference,root_table_observable_integrity_issues_json,production_independent_gate_agree,production_independent_wt_gate_agree
AN_ABS_AE4_NHE_S0.5_PHIGH_KHIGH_AE4NA05_P0.5_H1:B00,AN_ABS_AE4_NHE_S0.5_PHIGH_KHIGH_AE4NA05_P0.5_H1,AN_ABS_AE4_NHE,0.5,0.5,1.0,H1,PRODUCTION_PRE_REVEAL,True,True,False,1.5027042110649091e-12,5.248947977654073e-15,1.5027042110649091e-16,1.6155871338926322e-26,1.734723475976807e-16,True,True,2.975267601734721e-11,11,0,9.947598300641403e-14,True,"{""cl_i_mM"":28.723523076680856,""cl_l_mM"":141.61750132354695,""k_i_mM"":81.93162295121147,""k_l_mM"":12.870768587782445,""na_i_mM"":18.008109510294748,""na_l_mM"":137.3041071016585,""ph_i"":6.676764373115891,""ph_l"":7.058473621396099,""tic_i_mM"":4.725276604906212,""tic_l_mM"":9.492965408081654,""v_apical_mV"":-46.63389873508283,""v_basolateral_mV"":-65.30271241171802,""volume_i_pL"":1.3,""volume_l_pL"":0.10262699908889765}","[""cl_i_mM:outside_[47.1,53.1]"",""ph_i:outside_[6.77,7.05]"",""k_i_mM:outside_[100,160]""]",False,2.673417043297377e-13,[],True,True
AN_ABS_AE4_NHE_S0.5_PHIGH_KHIGH_AE4NA05_P1_H1:B00,AN_ABS_AE4_NHE_S0.5_PHIGH_KHIGH_AE4NA05_P1_H1,AN_ABS_AE4_NHE,0.5,1.0,1.0,H1,PRODUCTION_PRE_REVEAL,True,True,False,6.114900252818245e-13,9.483733243165204e-15,6.114900252818245e-17,4.52364397489937e-26,4.380176776841438e-16,True,True,6.114900252818245e-13,11,0,1.7763568394002505e-15,True,"{""cl_i_mM"":28.608212361765272,""cl_l_mM"":142.16065676231426,""k_i_mM"":90.16735119124992,""k_l_mM"":13.67728226403369,""na_i_mM"":9.886792784346257,""na_l_mM"":136.50828471765848,""ph_i"":6.689128774575418,""ph_l"":7.035231792854927,""tic_i_mM"":4.80500357758135,""tic_l_mM"":8.951078155285476,""v_apical_mV"":-47.197196730224015,""v_basolateral_mV"":-67.33492898158747,""volume_i_pL"":1.3,""volume_l_pL"":0.10288087897193782}","[""cl_i_mM:outside_[47.1,53.1]"",""ph_i:outside_[6.77,7.05]"",""na_i_mM:outside_[10,35]"",""k_i_mM:outside_[100,160]""]",False,2.1227464230832993e-13,[],True,True
AN_ABS_AE4_NHE_S0.5_PHIGH_KHIGH_AE4NA05_P2_H1:B00,AN_ABS_AE4_NHE_S0.5_PHIGH_KHIGH_AE4NA05_P2_H1,AN_ABS_AE4_NHE,0.5,2.0,1.0,H1,PRODUCTION_PRE_REVEAL,True,True,False,8.593386419120108e-12,5.568202149364154e-14,8.593386419120108e-16,5.00832011506716e-26,5.004677228193088e-16,True,True,8.593386419120108e-12,11,0,7.105427357601002e-15,True,"{""cl_i_mM"":28.61558825405836,""cl_l_mM"":142.3649376979124,""k_i_mM"":93.22217309167155,""k_l_mM"":13.961191587967743,""na_i_mM"":7.09225203699283,""na_l_mM"":136.22872169070592,""ph_i"":6.701752623442029,""ph_l"":7.026101794532575,""tic_i_mM"":4.907054576638803,""tic_l_mM"":8.74745914624029,""v_apical_mV"":-47.373251033322425,""v_basolateral_mV"":-68.0859007122842,""volume_i_pL"":1.2999999999999976,""volume_l_pL"":0.1029871952494131}","[""cl_i_mM:outside_[47.1,53.1]"",""ph_i:outside_[6.77,7.05]"",""na_i_mM:outside_[10,35]"",""k_i_mM:outside_[100,160]""]",False,2.6645352591003757e-13,[],True,True
AN_ABS_AE4_NHE_S0.5_PHIGH_KHIGH_AE4NA10_P0.5_H1:B00,AN_ABS_AE4_NHE_S0.5_PHIGH_KHIGH_AE4NA10_P0.5_H1,AN_ABS_AE4_NHE,0.5,0.5,1.0,H1,PRODUCTION_PRE_REVEAL,True,True,False,2.9414404939531735e-12,7.214281255718547e-15,2.9414404939531735e-16,2.261821987449685e-26,2.1423834928313568e-16,True,True,2.9414404939531735e-12,11,0,0.0,True,"{""cl_i_mM"":28.339794359449137,""cl_l_mM"":141.28530325735744,""k_i_mM"":76.63516543287191,""k_l_mM"":12.029650777567664,""na_i_mM"":24.20507179744598,""na_l_mM"":138.1392949751838,""ph_i"":6.736525818013929,""ph_l"":7.071469360562746,""tic_i_mM"":5.304915090099415,""tic_l_mM"":9.825927892057722,""v_apical_mV"":-46.750185599624935,""v_basolateral_mV"":-64.46504742995826,""volume_i_pL"":1.3,""volume_l_pL"":0.10251734369168608}","[""cl_i_mM:outside_[47.1,53.1]"",""ph_i:outside_[6.77,7.05]"",""k_i_mM:outside_[100,160]""]",False,3.623767952376511e-13,[],True,True
AN_ABS_AE4_NHE_S0.5_PHIGH_KHIGH_AE4NA10_P1_H1:B00,AN_ABS_AE4_NHE_S0.5_PHIGH_KHIGH_AE4NA10_P1_H1,AN_ABS_AE4_NHE,0.5,1.0,1.0,H1,PRODUCTION_PRE_REVEAL,True,True,False,1.0095006428012532e-11,3.3306690738754696e-16,1.0095006428012532e-15,2.5849394142282115e-26,2.6020852139652106e-16,True,True,1.0095006428012532e-11,11,0,7.105427357601002e-15,True,"{""cl_i_mM"":27.634740220242072,""cl_l_mM"":142.10688703604382,""k_i_mM"":89.5569308226484,""k_l_mM"":13.09389526051232,""na_i_mM"":11.063196834176985,""na_l_mM"":137.09142490986267,""ph_i"":6.760121914328492,""ph_l"":7.037601720534467,""tic_i_mM"":5.491479298437842,""tic_l_mM"":9.005649754134973,""v_apical_mV"":-48.09918651438767,""v_basolateral_mV"":-67.96317000606099,""volume_i_pL"":1.3,""volume_l_pL"":0.10289266200173337}","[""cl_i_mM:outside_[47.1,53.1]"",""ph_i:outside_[6.77,7.05]"",""k_i_mM:outside_[100,160]""]",False,1.4210854715202004e-14,[],True,True
AN_ABS_AE4_NHE_S0.5_PHIGH_KHIGH_AE4NA10_P2_H1:B00,AN_ABS_AE4_NHE_S0.5_PHIGH_KHIGH_AE4NA10_P2_H1,AN_ABS_AE4_NHE,0.5,2.0,1.0,H1,PRODUCTION_PRE_REVEAL,True,True,False,5.285485590866834e-12,4.727121472036799e-16,5.285485590866834e-16,3.3927329811745276e-26,3.5561831257524545e-16,True,True,2.561969733583247e-12,11,0,1.0302869668521453e-13,True,"{""cl_i_mM"":27.490745327063046,""cl_l_mM"":142.3397899852619,""k_i_mM"":93.23810614810411,""k_l_mM"":13.356588515058434,""na_i_mM"":7.678137985533826,""na_l_mM"":136.83391250095895,""ph_i"":6.779811385932197,""ph_l"":7.02741963924368,""tic_i_mM"":5.6846926017632144,""tic_l_mM"":8.773395374747063,""v_apical_mV"":-48.448604911877915,""v_basolateral_mV"":-68.95539559313885,""volume_i_pL"":1.3,""volume_l_pL"":0.1030164108217774}","[""cl_i_mM:outside_[47.1,53.1]"",""na_i_mM:outside_[10,35]"",""k_i_mM:outside_[100,160]""]",False,1.4210854715202004e-14,[],True,True
AN_ABS_AE4_NHE_S0.5_PHIGH_KHIGH_AE4NA20_P0.5_H1:B00,AN_ABS_AE4_NHE_S0.5_PHIGH_KHIGH_AE4NA20_P0.5_H1,AN_ABS_AE4_NHE,0.5,0.5,1.0,H1,PRODUCTION_PRE_REVEAL,True,True,False,3.5890886616873896e-11,4.09654948851923e-14,3.5890886616873896e-15,8.077935669463161e-27,1.5439038936193583e-16,True,True,4.160625836913123e-12,11,0,1.4210854715202004e-14,True,"{""cl_i_mM"":28.704818122940758,""cl_l_mM"":140.65512194156216,""k_i_mM"":66.75186046047332,""k_l_mM"":10.880275528900238,""na_i_mM"":36.5483046336555,""na_l_mM"":139.27646636348726,""ph_i"":6.8231655566950415,""ph_l"":7.093736057625191,""tic_i_mM"":6.331777728965806,""tic_l_mM"":10.458438336858471,""v_apical_mV"":-45.96066501620647,""v_basolateral_mV"":-62.04813616130338,""volume_i_pL"":1.2999999999999976,""volume_l_pL"":0.1023077195261738}","[""cl_i_mM:outside_[47.1,53.1]"",""na_i_mM:outside_[10,35]"",""k_i_mM:outside_[100,160]""]",False,0.0,[],True,True
AN_ABS_AE4_NHE_S0.5_PHIGH_KHIGH_AE4NA20_P1_H1:B00,AN_ABS_AE4_NHE_S0.5_PHIGH_KHIGH_AE4NA20_P1_H1,AN_ABS_AE4_NHE,0.5,1.0,1.0,H1,PRODUCTION_PRE_REVEAL,True,True,False,9.720956678505033e-12,5.412337245047638e-16,9.720956678505033e-16,3.2311742677852644e-26,3.0964814046186007e-16,True,True,7.265238757825365e-12,11,0,7.105427357601002e-15,True,"{""cl_i_mM"":26.453547121954607,""cl_l_mM"":142.04182412430887,""k_i_mM"":89.154027055719,""k_l_mM"":12.44745705347107,""na_i_mM"":12.688457164094663,""na_l_mM"":137.73710985790964,""ph_i"":6.858399292525136,""ph_l"":7.040025864370568,""tic_i_mM"":6.653375451766625,""tic_l_mM"":9.07208196134566,""v_apical_mV"":-49.23799828058706,""v_basolateral_mV"":-68.77733633714345,""volume_i_pL"":1.3,""volume_l_pL"":0.10290573943428942}","[""cl_i_mM:outside_[47.1,53.1]"",""k_i_mM:outside_[100,160]""]",False,7.105427357601002e-15,[],True,True
AN_ABS_AE4_NHE_S0.5_PHIGH_KHIGH_AE4NA20_P2_H1:B00,AN_ABS_AE4_NHE_S0.5_PHIGH_KHIGH_AE4NA20_P2_H1,AN_ABS_AE4_NHE,0.5,2.0,1.0,H1,PRODUCTION_PRE_REVEAL,True,True,False,6.50196042839557e-12,3.668940151690947e-16,6.50196042839557e-16,3.554291694563791e-26,4.692427002517263e-16,True,True,6.50196042839557e-12,11,0,2.1316282072803006e-14,True,"{""cl_i_mM"":26.107005662196578,""cl_l_mM"":142.31845493985597,""k_i_mM"":93.86416112143264,""k_l_mM"":12.698206302032911,""na_i_mM"":8.358575331375613,""na_l_mM"":137.49288199945465,""ph_i"":6.886722131450431,""ph_l"":7.028316501043799,""tic_i_mM"":7.0077831883300945,""tic_l_mM"":8.795965600001553,""v_apical_mV"":-49.84062190778425,""v_basolateral_mV"":-70.12987584099002,""volume_i_pL"":1.3,""volume_l_pL"":0.10305509873720047}","[""cl_i_mM:outside_[47.1,53.1]"",""na_i_mM:outside_[10,35]"",""k_i_mM:outside_[100,160]""]",False,7.105427357601002e-15,[],True,True
AN_ABS_AE4_NHE_S0.5_PHIGH_KLOW_AE4NA05_P0.5_H1:B00,AN_ABS_AE4_NHE_S0.5_PHIGH_KLOW_AE4NA05_P0.5_H1,AN_ABS_AE4_NHE,0.5,0.5,1.0,H1,PRODUCTION_PRE_REVEAL,True,True,False,3.973275701507628e-11,6.522560269672795e-16,3.973275701507628e-15,2.1002632740604218e-26,3.5908775952719907e-16,True,True,8.003580437287994e-12,11,0,7.105427357601002e-15,True,"{""cl_i_mM"":27.791373621957923,""cl_l_mM"":141.76757719907226,""k_i_mM"":80.70691897460978,""k_l_mM"":11.391761763250305,""na_i_mM"":18.200873789774036,""na_l_mM"":138.78330757977955,""ph_i"":6.67182277853334,""ph_l"":7.050905712292041,""tic_i_mM"":4.682650344246372,""tic_l_mM"":9.343044726261395,""v_apical_mV"":-47.60244784478874,""v_basolateral_mV"":-66.87091936449039,""volume_i_pL"":1.3,""volume_l_pL"":0.10263440453824442}","[""cl_i_mM:outside_[47.1,53.1]"",""ph_i:outside_[6.77,7.05]"",""k_i_mM:outside_[100,160]""]",False,7.105427357601002e-15,[],True,True
AN_ABS_AE4_NHE_S0.5_PHIGH_KLOW_AE4NA05_P1_H1:B00,AN_ABS_AE4_NHE_S0.5_PHIGH_KLOW_AE4NA05_P1_H1,AN_ABS_AE4_NHE,0.5,1.0,1.0,H1,PRODUCTION_PRE_REVEAL,True,True,False,5.88938620094126e-12,2.131975151975496e-15,5.88938620094126e-16,2.5849394142282115e-26,2.2811613709095013e-16,True,True,8.345104121620928e-12,11,0,2.1316282072803006e-14,True,"{""cl_i_mM"":27.520761162712397,""cl_l_mM"":142.29392583960632,""k_i_mM"":88.94111502125128,""k_l_mM"":11.958666301215212,""na_i_mM"":9.898835260428546,""na_l_mM"":138.22667024608535,""ph_i"":6.682929319533848,""ph_l"":7.027923703164786,""tic_i_mM"":4.750737349560692,""tic_l_mM"":8.817791475590884,""v_apical_mV"":-48.306184256139616,""v_basolateral_mV"":-69.05624443331075,""volume_i_pL"":1.3,""volume_l_pL"":0.10287561356226661}","[""cl_i_mM:outside_[47.1,53.1]"",""ph_i:outside_[6.77,7.05]"",""na_i_mM:outside_[10,35]"",""k_i_mM:outside_[100,160]""]",False,7.105427357601002e-15,[],True,True
AN_ABS_AE4_NHE_S0.5_PHIGH_KLOW_AE4NA05_P2_H1:B00,AN_ABS_AE4_NHE_S0.5_PHIGH_KLOW_AE4NA05_P2_H1,AN_ABS_AE4_NHE,0.5,2.0,1.0,H1,PRODUCTION_PRE_REVEAL,True,True,False,2.7506209115957247e-12,1.3856971126102735e-14,2.7506209115957247e-16,2.5849394142282115e-26,3.885780586188048e-16,True,True,2.7506209115957247e-12,11,0,5.337952302397753e-12,True,"{""cl_i_mM"":27.46934284716999,""cl_l_mM"":142.48565728683397,""k_i_mM"":91.93849813760578,""k_l_mM"":12.140546376924316,""na_i_mM"":7.091303515482656,""na_l_mM"":138.04883355196873,""ph_i"":6.695082082621126,""ph_l"":7.0191921319868325,""tic_i_mM"":4.847502367161969,""tic_l_mM"":8.626626040320954,""v_apical_mV"":-48.52784482760806,""v_basolateral_mV"":-69.83804209630539,""volume_i_pL"":1.3,""volume_l_pL"":0.10297346334079724}","[""cl_i_mM:outside_[47.1,53.1]"",""ph_i:outside_[6.77,7.05]"",""na_i_mM:outside_[10,35]"",""k_i_mM:outside_[100,160]""]",False,3.197442310920451e-13,[],True,True
AN_ABS_AE4_NHE_S0.5_PHIGH_KLOW_AE4NA10_P0.5_H1:B00,AN_ABS_AE4_NHE_S0.5_PHIGH_KLOW_AE4NA10_P0.5_H1,AN_ABS_AE4_NHE,0.5,0.5,1.0,H1,PRODUCTION_PRE_REVEAL,True,True,False,6.2759042754323424e-12,5.587490106012671e-15,6.275904275432342e-16,6.462348535570529e-27,5.377642775528102e-17,True,True,3.820186354752675e-12,11,0,5.306866057708248e-14,True,"{""cl_i_mM"":27.584979078795563,""cl_l_mM"":141.4310575860676,""k_i_mM"":75.5028922388838,""k_l_mM"":10.722032636427357,""na_i_mM"":24.490828976883577,""na_l_mM"":139.44715641460488,""ph_i"":6.732369064982058,""ph_l"":7.064409526816893,""tic_i_mM"":5.263544249683396,""tic_l_mM"":9.680361618235777,""v_apical_mV"":-47.55520503140339,""v_basolateral_mV"":-65.8214382528495,""volume_i_pL"":1.3,""volume_l_pL"":0.10252650060389115}","[""cl_i_mM:outside_[47.1,53.1]"",""ph_i:outside_[6.77,7.05]"",""k_i_mM:outside_[100,160]""]",False,2.859934511434403e-13,[],True,True
AN_ABS_AE4_NHE_S0.5_PHIGH_KLOW_AE4NA10_P1_H1:B00,AN_ABS_AE4_NHE_S0.5_PHIGH_KLOW_AE4NA10_P1_H1,AN_ABS_AE4_NHE,0.5,1.0,1.0,H1,PRODUCTION_PRE_REVEAL,True,True,False,1.0038627915043286e-11,2.7755575615628914e-16,1.0038627915043286e-15,1.454028420503369e-26,1.6653345369377348e-16,True,True,7.582909994363618e-12,11,0,7.105427357601002e-15,True,"{""cl_i_mM"":26.69651548964755,""cl_l_mM"":142.23331852951154,""k_i_mM"":88.49046422953684,""k_l_mM"":11.472492549301943,""na_i_mM"":11.061574385116243,""na_l_mM"":138.71259071361817,""ph_i"":6.754386680247758,""ph_l"":7.030717573812042,""tic_i_mM"":5.432150099035506,""tic_l_mM"":8.879182266682415,""v_apical_mV"":-49.09117348716717,""v_basolateral_mV"":-69.53626908788323,""volume_i_pL"":1.3,""volume_l_pL"":0.10288686875688431}","[""cl_i_mM:outside_[47.1,53.1]"",""ph_i:outside_[6.77,7.05]"",""k_i_mM:outside_[100,160]""]",False,1.4210854715202004e-14,[],True,True
AN_ABS_AE4_NHE_S0.5_PHIGH_KLOW_AE4NA10_P2_H1:B00,AN_ABS_AE4_NHE_S0.5_PHIGH_KLOW_AE4NA10_P2_H1,AN_ABS_AE4_NHE,0.5,2.0,1.0,H1,PRODUCTION_PRE_REVEAL,True,True,False,5.467631555844399e-12,3.608224830031759e-16,5.467631555844399e-16,1.9387045606711586e-26,3.387047586844716e-16,True,True,5.467631555844399e-12,11,0,1.7763568394002505e-15,True,"{""cl_i_mM"":26.508683564881245,""cl_l_mM"":142.45237210271532,""k_i_mM"":92.12162315090565,""k_l_mM"":11.632897916753008,""na_i_mM"":7.6698874854666395,""na_l_mM"":138.55703842909486,""ph_i"":6.7736517834782495,""ph_l"":7.020979520883927,""tic_i_mM"":5.618766354700574,""tic_l_mM"":8.660676465516525,""v_apical_mV"":-49.47737124504764,""v_basolateral_mV"":-70.54791649907457,""volume_i_pL"":1.3,""volume_l_pL"":0.10300151994830793}","[""cl_i_mM:outside_[47.1,53.1]"",""na_i_mM:outside_[10,35]"",""k_i_mM:outside_[100,160]""]",False,1.4210854715202004e-14,[],True,True
AN_ABS_AE4_NHE_S0.5_PHIGH_KLOW_AE4NA20_P0.5_H1:B00,AN_ABS_AE4_NHE_S0.5_PHIGH_KLOW_AE4NA20_P0.5_H1,AN_ABS_AE4_NHE,0.5,0.5,1.0,H1,PRODUCTION_PRE_REVEAL,True,True,False,2.4649336391457943e-12,1.4905611467330715e-15,2.4649336391457943e-16,3.3927329811745276e-26,2.992397996059992e-16,True,True,2.4649336391457943e-12,11,0,0.0,True,"{""cl_i_mM"":28.171018141800936,""cl_l_mM"":140.79287839092098,""k_i_mM"":65.70081753414438,""k_l_mM"":9.806628847380138,""na_i_mM"":36.99679265802314,""na_l_mM"":140.35036611479464,""ph_i"":6.820407054421788,""ph_l"":7.087492760805656,""tic_i_mM"":6.298216900670265,""tic_l_mM"":10.320929466414087,""v_apical_mV"":-46.539113383424855,""v_basolateral_mV"":-63.09976398027782,""volume_i_pL"":1.3,""volume_l_pL"":0.10231834746758225}","[""cl_i_mM:outside_[47.1,53.1]"",""na_i_mM:outside_[10,35]"",""k_i_mM:outside_[100,160]""]",False,1.4210854715202004e-14,[],True,True
AN_ABS_AE4_NHE_S0.5_PHIGH_KLOW_AE4NA20_P1_H1:B00,AN_ABS_AE4_NHE_S0.5_PHIGH_KLOW_AE4NA20_P1_H1,AN_ABS_AE4_NHE,0.5,1.0,1.0,H1,PRODUCTION_PRE_REVEAL,True,True,False,9.504116244007932e-12,2.7755575615628914e-16,9.504116244007932e-16,2.5849394142282115e-26,2.5934115965853266e-16,True,True,9.504116244007932e-12,11,0,7.105427357601002e-15,True,"{""cl_i_mM"":25.67659138287477,""cl_l_mM"":142.15988070636175,""k_i_mM"":88.26260555039889,""k_l_mM"":10.930766263473695,""na_i_mM"":12.671228543348079,""na_l_mM"":139.25355282455115,""ph_i"":6.853329294048224,""ph_l"":7.033652384529753,""tic_i_mM"":6.587200947612327,""tic_l_mM"":8.953962236982322,""v_apical_mV"":-50.09809062200185,""v_basolateral_mV"":-70.18126320265979,""volume_i_pL"":1.3,""volume_l_pL"":0.10289913814905455}","[""cl_i_mM:outside_[47.1,53.1]"",""k_i_mM:outside_[100,160]""]",False,0.0,[],True,True
AN_ABS_AE4_NHE_S0.5_PHIGH_KLOW_AE4NA20_P2_H1:B00,AN_ABS_AE4_NHE_S0.5_PHIGH_KLOW_AE4NA20_P2_H1,AN_ABS_AE4_NHE,0.5,2.0,1.0,H1,PRODUCTION_PRE_REVEAL,True,True,False,9.094287822808411e-12,5.828670879282072e-16,9.094287822808411e-16,1.7771458472818954e-26,3.2395960913866872e-16,True,True,2.0180255036472694e-11,11,0,1.4210854715202004e-13,True,"{""cl_i_mM"":25.302834526977914,""cl_l_mM"":142.42108923549563,""k_i_mM"":92.92846705356327,""k_l_mM"":11.075382056888312,""na_i_mM"":8.344114939786147,""na_l_mM"":139.11509375709244,""ph_i"":6.881273922065844,""ph_l"":7.022435405228121,""tic_i_mM"":6.93300859673213,""tic_l_mM"":8.6931618502207,""v_apical_mV"":-50.72655213136838,""v_basolateral_mV"":-71.53975309549354,""volume_i_pL"":1.3,""volume_l_pL"":0.10303849941317826}","[""cl_i_mM:outside_[47.1,53.1]"",""na_i_mM:outside_[10,35]"",""k_i_mM:outside_[100,160]""]",False,1.4210854715202004e-14,[],True,True
AN_ABS_AE4_NHE_S0.5_PLOW_KHIGH_AE4NA05_P0.5_H1:B00,AN_ABS_AE4_NHE_S0.5_PLOW_KHIGH_AE4NA05_P0.5_H1,AN_ABS_AE4_NHE,0.5,0.5,1.0,H1,PRODUCTION_PRE_REVEAL,True,True,False,5.263801547417124e-12,5.217831375303739e-15,5.263801547417124e-16,3.715850407953054e-26,3.920475055707584e-16,True,True,2.8080836267374565e-12,11,0,9.592326932761353e-14,True,"{""cl_i_mM"":29.14400982158185,""cl_l_mM"":141.65607704255163,""k_i_mM"":82.4054906219447,""k_l_mM"":13.33352108165053,""na_i_mM"":17.9954905646552,""na_l_mM"":136.83863643707326,""ph_i"":6.6786540691237395,""ph_l"":7.055485342650182,""tic_i_mM"":4.744752285261662,""tic_l_mM"":9.453661474809003,""v_apical_mV"":-46.22320886537818,""v_basolateral_mV"":-65.30341665479759,""volume_i_pL"":1.3,""volume_l_pL"":0.10255383805288423}","[""cl_i_mM:outside_[47.1,53.1]"",""ph_i:outside_[6.77,7.05]"",""k_i_mM:outside_[100,160]""]",False,2.673417043297377e-13,[],True,True
AN_ABS_AE4_NHE_S0.5_PLOW_KHIGH_AE4NA05_P1_H1:B00,AN_ABS_AE4_NHE_S0.5_PLOW_KHIGH_AE4NA05_P1_H1,AN_ABS_AE4_NHE,0.5,1.0,1.0,H1,PRODUCTION_PRE_REVEAL,True,True,False,3.4098158324669114e-12,1.6735744734486246e-14,3.4098158324669114e-16,2.908056841006738e-26,3.2699537522162814e-16,True,True,3.4098158324669114e-12,11,0,1.7763568394002505e-15,True,"{""cl_i_mM"":29.15464381885412,""cl_l_mM"":142.21734066411713,""k_i_mM"":90.76124653519635,""k_l_mM"":14.263369707376931,""na_i_mM"":9.896872711839904,""na_l_mM"":135.9193201538832,""ph_i"":6.691794992374568,""ph_l"":7.031060327449109,""tic_i_mM"":4.831953787061293,""tic_l_mM"":8.893610490429262,""v_apical_mV"":-46.676385194876794,""v_basolateral_mV"":-67.3180689750135,""volume_i_pL"":1.3,""volume_l_pL"":0.10280316448859424}","[""cl_i_mM:outside_[47.1,53.1]"",""ph_i:outside_[6.77,7.05]"",""na_i_mM:outside_[10,35]"",""k_i_mM:outside_[100,160]""]",False,3.7925218521195347e-13,[],True,True
AN_ABS_AE4_NHE_S0.5_PLOW_KHIGH_AE4NA05_P2_H1:B00,AN_ABS_AE4_NHE_S0.5_PLOW_KHIGH_AE4NA05_P2_H1,AN_ABS_AE4_NHE,0.5,2.0,1.0,H1,PRODUCTION_PRE_REVEAL,True,True,False,1.2163664173114874e-11,3.885780586188048e-16,1.2163664173114874e-15,3.3927329811745276e-26,3.478120569333498e-16,True,True,7.252228331755539e-12,11,0,7.105427357601002e-14,True,"{""cl_i_mM"":29.233392950998415,""cl_l_mM"":142.43229944051652,""k_i_mM"":93.89879075312463,""k_l_mM"":14.614322696591698,""na_i_mM"":7.101172752144429,""na_l_mM"":135.57266435155356,""ph_i"":6.704855004664173,""ph_l"":7.0212349488615535,""tic_i_mM"":4.938715952273674,""tic_l_mM"":8.679293250274856,""v_apical_mV"":-46.79257324316636,""v_basolateral_mV"":-68.06409372112701,""volume_i_pL"":1.3,""volume_l_pL"":0.10290800538778166}","[""cl_i_mM:outside_[47.1,53.1]"",""ph_i:outside_[6.77,7.05]"",""na_i_mM:outside_[10,35]"",""k_i_mM:outside_[100,160]""]",False,1.4210854715202004e-14,[],True,True
AN_ABS_AE4_NHE_S0.5_PLOW_KHIGH_AE4NA10_P0.5_H1:B00,AN_ABS_AE4_NHE_S0.5_PLOW_KHIGH_AE4NA10_P0.5_H1,AN_ABS_AE4_NHE,0.5,0.5,1.0,H1,PRODUCTION_PRE_REVEAL,True,True,False,5.729466380499648e-12,7.710574800173786e-15,5.729466380499648e-16,4.0389678347315804e-26,7.164407955784213e-16,True,True,2.6000794399461125e-11,11,0,9.947598300641403e-14,True,"{""cl_i_mM"":28.762789935928232,""cl_l_mM"":141.32134519490933,""k_i_mM"":77.12541952454094,""k_l_mM"":12.494746193594633,""na_i_mM"":24.18382051557996,""na_l_mM"":137.67111444376064,""ph_i"":6.738456616779611,""ph_l"":7.068541400532189,""tic_i_mM"":5.328236537150153,""tic_l_mM"":9.789076248095416,""v_apical_mV"":-46.32541829352734,""v_basolateral_mV"":-64.47828022767018,""volume_i_pL"":1.3,""volume_l_pL"":0.10243466308586657}","[""cl_i_mM:outside_[47.1,53.1]"",""ph_i:outside_[6.77,7.05]"",""k_i_mM:outside_[100,160]""]",False,3.8902214782865485e-13,[],True,True
AN_ABS_AE4_NHE_S0.5_PLOW_KHIGH_AE4NA10_P1_H1:B00,AN_ABS_AE4_NHE_S0.5_PLOW_KHIGH_AE4NA10_P1_H1,AN_ABS_AE4_NHE,0.5,1.0,1.0,H1,PRODUCTION_PRE_REVEAL,True,True,False,5.274643569141979e-12,2.334070436926794e-15,5.274643569141979e-16,2.5849394142282115e-26,2.6281060661048627e-16,True,True,5.274643569141979e-12,11,0,1.2896350654045818e-12,True,"{""cl_i_mM"":28.247012298784142,""cl_l_mM"":142.17166231782804,""k_i_mM"":90.22370815521084,""k_l_mM"":13.747246541165868,""na_i_mM"":11.084935858650672,""na_l_mM"":136.4346633366452,""ph_i"":6.763302164857436,""ph_l"":7.032806184326462,""tic_i_mM"":5.529322042948792,""tic_l_mM"":8.939956567499133,""v_apical_mV"":-47.49440183375659,""v_basolateral_mV"":-67.94476960456207,""volume_i_pL"":1.2999999999999998,""volume_l_pL"":0.10280078155066338}","[""cl_i_mM:outside_[47.1,53.1]"",""ph_i:outside_[6.77,7.05]"",""k_i_mM:outside_[100,160]""]",False,1.4210854715202004e-14,[],True,True
AN_ABS_AE4_NHE_S0.5_PLOW_KHIGH_AE4NA10_P2_H1:B00,AN_ABS_AE4_NHE_S0.5_PLOW_KHIGH_AE4NA10_P2_H1,AN_ABS_AE4_NHE,0.5,2.0,1.0,H1,PRODUCTION_PRE_REVEAL,True,True,False,1.0925505292136428e-11,3.0193729461114316e-14,1.0925505292136428e-15,1.9387045606711586e-26,4.0679265511656126e-16,True,True,1.3381223212816096e-11,11,0,7.105427357601002e-15,True,"{""cl_i_mM"":28.19380221720272,""cl_l_mM"":142.4194139556378,""k_i_mM"":94.01855685740519,""k_l_mM"":14.096074498450701,""na_i_mM"":7.693608721844807,""na_l_mM"":136.09094220802172,""ph_i"":6.7836115264887695,""ph_l"":7.021665332507239,""tic_i_mM"":5.730950360748247,""tic_l_mM"":8.692821666579636,""v_apical_mV"":-47.761862316784914,""v_basolateral_mV"":-68.93163810121276,""volume_i_pL"":1.299999999999998,""volume_l_pL"":0.10292228335248092}","[""cl_i_mM:outside_[47.1,53.1]"",""na_i_mM:outside_[10,35]"",""k_i_mM:outside_[100,160]""]",False,0.0,[],True,True
AN_ABS_AE4_NHE_S0.5_PLOW_KHIGH_AE4NA20_P0.5_H1:B00,AN_ABS_AE4_NHE_S0.5_PLOW_KHIGH_AE4NA20_P0.5_H1,AN_ABS_AE4_NHE,0.5,0.5,1.0,H1,PRODUCTION_PRE_REVEAL,True,True,False,1.0470140379692516e-11,4.542243317584571e-14,1.0470140379692516e-15,3.877409121342317e-26,3.95516952522712e-16,True,True,1.0470140379692516e-11,11,0,1.4210854715202004e-14,True,"{""cl_i_mM"":29.09460267814968,""cl_l_mM"":140.68368265251775,""k_i_mM"":67.26223191602148,""k_l_mM"":11.313276688508433,""na_i_mM"":36.47365748779634,""na_l_mM"":138.84009814974468,""ph_i"":6.824820935908636,""ph_l"":7.091174108243307,""tic_i_mM"":6.357432190855468,""tic_l_mM"":10.42901529304196,""v_apical_mV"":-45.56461333048296,""v_basolateral_mV"":-62.09841535689327,""volume_i_pL"":1.3000000000000027,""volume_l_pL"":0.10221793665640834}","[""cl_i_mM:outside_[47.1,53.1]"",""na_i_mM:outside_[10,35]"",""k_i_mM:outside_[100,160]""]",False,7.105427357601002e-15,[],True,True
AN_ABS_AE4_NHE_S0.5_PLOW_KHIGH_AE4NA20_P1_H1:B00,AN_ABS_AE4_NHE_S0.5_PLOW_KHIGH_AE4NA20_P1_H1,AN_ABS_AE4_NHE,0.5,1.0,1.0,H1,PRODUCTION_PRE_REVEAL,True,True,False,4.019137453403765e-12,6.667409679916858e-15,4.019137453403765e-16,2.5849394142282115e-26,3.668940151690947e-16,True,True,1.489693784995083e-12,11,0,3.3288927170360694e-12,True,"{""cl_i_mM"":27.131030620706,""cl_l_mM"":142.11487810381766,""k_i_mM"":89.89004256226683,""k_l_mM"":13.167396461994608,""na_i_mM"":12.732651249675241,""na_l_mM"":137.0131200424013,""ph_i"":6.862111417534091,""ph_l"":7.034560371069612,""tic_i_mM"":6.70903803297327,""tic_l_mM"":8.997962651087848,""v_apical_mV"":-48.537684026140816,""v_basolateral_mV"":-68.75545133770947,""volume_i_pL"":1.3000000000000005,""volume_l_pL"":0.10279714080871756}","[""cl_i_mM:outside_[47.1,53.1]"",""k_i_mM:outside_[100,160]""]",False,0.0,[],True,True
AN_ABS_AE4_NHE_S0.5_PLOW_KHIGH_AE4NA20_P2_H1:B00,AN_ABS_AE4_NHE_S0.5_PLOW_KHIGH_AE4NA20_P2_H1,AN_ABS_AE4_NHE,0.5,2.0,1.0,H1,PRODUCTION_PRE_REVEAL,True,True,False,7.701088031164538e-12,2.6537973207840793e-13,7.701088031164538e-16,3.2311742677852644e-26,4.631711680858075e-16,True,True,2.993482198232478e-11,11,0,1.4210854715202004e-14,True,"{""cl_i_mM"":26.898747208096868,""cl_l_mM"":142.41264845393985,""k_i_mM"":94.76141445324836,""k_l_mM"":13.528971821805953,""na_i_mM"":8.384107255425576,""na_l_mM"":136.65797608427084,""ph_i"":6.891334766046854,""ph_l"":7.021505521504844,""tic_i_mM"":7.079514651778661,""tic_l_mM"":8.700660311416204,""v_apical_mV"":-49.028186795832404,""v_basolateral_mV"":-70.1033965988539,""volume_i_pL"":1.2999999999999794,""volume_l_pL"":0.10294360388280321}","[""cl_i_mM:outside_[47.1,53.1]"",""na_i_mM:outside_[10,35]"",""k_i_mM:outside_[100,160]""]",False,3.6859404417555197e-13,[],True,True
AN_ABS_AE4_NHE_S0.5_PLOW_KLOW_AE4NA05_P0.5_H1:B00,AN_ABS_AE4_NHE_S0.5_PLOW_KLOW_AE4NA05_P0.5_H1,AN_ABS_AE4_NHE,0.5,0.5,1.0,H1,PRODUCTION_PRE_REVEAL,True,True,False,4.889209696823382e-12,5.551115123125783e-16,4.889209696823382e-16,1.1309109937248425e-26,1.1362438767648086e-16,True,True,2.4334917761437147e-12,11,0,1.4210854715202004e-14,True,"{""cl_i_mM"":28.170692456503467,""cl_l_mM"":141.81003429195076,""k_i_mM"":81.12906305256479,""k_l_mM"":11.919169498877176,""na_i_mM"":18.19592711678878,""na_l_mM"":138.25331146413117,""ph_i"":6.673589906047212,""ph_l"":7.047728040047629,""tic_i_mM"":4.700720543262503,""tic_l_mM"":9.299898618466393,""v_apical_mV"":-47.22192249404572,""v_basolateral_mV"":-66.90409270446152,""volume_i_pL"":1.3,""volume_l_pL"":0.10256483088059229}","[""cl_i_mM:outside_[47.1,53.1]"",""ph_i:outside_[6.77,7.05]"",""k_i_mM:outside_[100,160]""]",False,7.105427357601002e-15,[],True,True
AN_ABS_AE4_NHE_S0.5_PLOW_KLOW_AE4NA05_P1_H1:B00,AN_ABS_AE4_NHE_S0.5_PLOW_KLOW_AE4NA05_P1_H1,AN_ABS_AE4_NHE,0.5,1.0,1.0,H1,PRODUCTION_PRE_REVEAL,True,True,False,5.798313218452478e-12,2.888314587501384e-16,5.798313218452478e-16,1.9387045606711586e-26,1.43982048506075e-16,True,True,2.5931947561508295e-11,11,0,2.842170943040401e-14,True,"{""cl_i_mM"":28.008608801027442,""cl_l_mM"":142.3539532645398,""k_i_mM"":89.47115952865715,""k_l_mM"":12.607030290688629,""na_i_mM"":9.909842968876415,""na_l_mM"":137.5755758327656,""ph_i"":6.685415700323564,""ph_l"":7.023569025169254,""tic_i_mM"":4.775568253230841,""tic_l_mM"":8.75702371033165,""v_apical_mV"":-47.82571055254037,""v_basolateral_mV"":-69.08113994567952,""volume_i_pL"":1.3,""volume_l_pL"":0.10280193499655585}","[""cl_i_mM:outside_[47.1,53.1]"",""ph_i:outside_[6.77,7.05]"",""na_i_mM:outside_[10,35]"",""k_i_mM:outside_[100,160]""]",False,0.0,[],True,True
AN_ABS_AE4_NHE_S0.5_PLOW_KLOW_AE4NA05_P2_H1:B00,AN_ABS_AE4_NHE_S0.5_PLOW_KLOW_AE4NA05_P2_H1,AN_ABS_AE4_NHE,0.5,2.0,1.0,H1,PRODUCTION_PRE_REVEAL,True,True,False,1.95590071916385e-12,9.170095238708598e-14,1.95590071916385e-16,1.9387045606711586e-26,1.9081958235744878e-16,True,True,1.95590071916385e-12,11,0,7.105427357601002e-15,True,"{""cl_i_mM"":28.01702469790419,""cl_l_mM"":142.55560393766578,""k_i_mM"":92.53948375170887,""k_l_mM"":12.851447756553236,""na_i_mM"":7.100305704794232,""na_l_mM"":137.33515180881832,""ph_i"":6.697961727633212,""ph_l"":7.014173086728088,""tic_i_mM"":4.876517185328587,""tic_l_mM"":8.555918761814777,""v_apical_mV"":-47.99434455857835,""v_basolateral_mV"":-69.8625670438385,""volume_i_pL"":1.2999999999999956,""volume_l_pL"":0.10289829397187306}","[""cl_i_mM:outside_[47.1,53.1]"",""ph_i:outside_[6.77,7.05]"",""na_i_mM:outside_[10,35]"",""k_i_mM:outside_[100,160]""]",False,2.6645352591003757e-13,[],True,True
AN_ABS_AE4_NHE_S0.5_PLOW_KLOW_AE4NA10_P0.5_H1:B00,AN_ABS_AE4_NHE_S0.5_PLOW_KLOW_AE4NA10_P0.5_H1,AN_ABS_AE4_NHE,0.5,0.5,1.0,H1,PRODUCTION_PRE_REVEAL,True,True,False,2.2280354644577116e-12,5.287166104234187e-15,2.2280354644577116e-16,1.9387045606711586e-26,2.0383000842727483e-16,True,True,2.2280354644577116e-12,11,0,4.374278717023117e-14,True,"{""cl_i_mM"":27.968308979534772,""cl_l_mM"":141.47156868755016,""k_i_mM"":75.93915434879158,""k_l_mM"":11.259381056732982,""na_i_mM"":24.48046990687391,""na_l_mM"":138.9068708045419,""ph_i"":6.73416335538544,""ph_l"":7.061282633931441,""tic_i_mM"":5.285118158340338,""tic_l_mM"":9.639085164292583,""v_apical_mV"":-47.1620761011134,""v_basolateral_mV"":-65.86742090473025,""volume_i_pL"":1.3,""volume_l_pL"":0.10244790177476401}","[""cl_i_mM:outside_[47.1,53.1]"",""ph_i:outside_[6.77,7.05]"",""k_i_mM:outside_[100,160]""]",False,2.673417043297377e-13,[],True,True
AN_ABS_AE4_NHE_S0.5_PLOW_KLOW_AE4NA10_P1_H1:B00,AN_ABS_AE4_NHE_S0.5_PLOW_KLOW_AE4NA10_P1_H1,AN_ABS_AE4_NHE,0.5,1.0,1.0,H1,PRODUCTION_PRE_REVEAL,True,True,False,3.4900467932308388e-12,1.8041124150158794e-16,3.490046793230839e-16,2.908056841006738e-26,3.0010716134398763e-16,True,True,3.4900467932308388e-12,11,0,2.1316282072803006e-14,True,"{""cl_i_mM"":27.24440920222165,""cl_l_mM"":142.30181977528102,""k_i_mM"":89.08668675879868,""k_l_mM"":12.198185728670271,""na_i_mM"":11.083516175870209,""na_l_mM"":137.98366575870085,""ph_i"":6.757339814914289,""ph_l"":7.025727672932266,""tic_i_mM"":5.466909204167313,""tic_l_mM"":8.80981479925799,""v_apical_mV"":-48.5340958141709,""v_basolateral_mV"":-69.56554168055133,""volume_i_pL"":1.3,""volume_l_pL"":0.1027998750744288}","[""cl_i_mM:outside_[47.1,53.1]"",""ph_i:outside_[6.77,7.05]"",""k_i_mM:outside_[100,160]""]",False,0.0,[],True,True
AN_ABS_AE4_NHE_S0.5_PLOW_KLOW_AE4NA10_P2_H1:B00,AN_ABS_AE4_NHE_S0.5_PLOW_KLOW_AE4NA10_P2_H1,AN_ABS_AE4_NHE,0.5,2.0,1.0,H1,PRODUCTION_PRE_REVEAL,True,True,False,1.3369296988918755e-11,3.608224830031759e-16,1.3369296988918755e-15,2.908056841006738e-26,3.0617869350990645e-16,True,True,1.3369296988918755e-11,11,0,1.7763568394002505e-15,True,"{""cl_i_mM"":27.133259169140945,""cl_l_mM"":142.53466915806146,""k_i_mM"":92.81638835902967,""k_l_mM"":12.43962683124125,""na_i_mM"":7.684853677596042,""na_l_mM"":137.74700187425222,""ph_i"":6.7771639240406785,""ph_l"":7.015074653458982,""tic_i_mM"":5.661026101531793,""tic_l_mM"":8.577481396188878,""v_apical_mV"":-48.847613525410715,""v_basolateral_mV"":-70.57793411645503,""volume_i_pL"":1.3,""volume_l_pL"":0.10291224088353228}","[""cl_i_mM:outside_[47.1,53.1]"",""na_i_mM:outside_[10,35]"",""k_i_mM:outside_[100,160]""]",False,0.0,[],True,True
AN_ABS_AE4_NHE_S0.5_PLOW_KLOW_AE4NA20_P0.5_H1:B00,AN_ABS_AE4_NHE_S0.5_PLOW_KLOW_AE4NA20_P0.5_H1,AN_ABS_AE4_NHE,0.5,0.5,1.0,H1,PRODUCTION_PRE_REVEAL,True,True,False,1.2346894340264924e-11,2.3480826658039966e-13,1.2346894340264924e-15,2.4233807008389483e-26,1.496198998029996e-16,True,True,1.4472472699422756e-11,11,0,1.8806645130098332e-10,True,"{""cl_i_mM"":28.526172883029943,""cl_l_mM"":140.82687303540607,""k_i_mM"":66.15975822814681,""k_l_mM"":10.317117417217085,""na_i_mM"":36.93529453582466,""na_l_mM"":139.83666882514473,""ph_i"":6.82193159795229,""ph_l"":7.084716214101906,""tic_i_mM"":6.321877297051137,""tic_l_mM"":10.286119083589233,""v_apical_mV"":-46.17360543652681,""v_basolateral_mV"":-63.181254089329755,""volume_i_pL"":1.2999999999999863,""volume_l_pL"":0.10223291489718962}","[""cl_i_mM:outside_[47.1,53.1]"",""na_i_mM:outside_[10,35]"",""k_i_mM:outside_[100,160]""]",False,1.4210854715202004e-14,[],True,True
AN_ABS_AE4_NHE_S0.5_PLOW_KLOW_AE4NA20_P1_H1:B00,AN_ABS_AE4_NHE_S0.5_PLOW_KLOW_AE4NA20_P1_H1,AN_ABS_AE4_NHE,0.5,1.0,1.0,H1,PRODUCTION_PRE_REVEAL,True,True,False,4.627374872168133e-12,2.714842239903703e-16,4.627374872168133e-16,1.454028420503369e-26,1.448494102440634e-16,True,True,7.0830927928478005e-12,11,0,7.105427357601002e-15,True,"{""cl_i_mM"":26.28501618370597,""cl_l_mM"":142.2371474797099,""k_i_mM"":88.92273752779663,""k_l_mM"":11.735155351420246,""na_i_mM"":12.714054381097375,""na_l_mM"":138.44532728805012,""ph_i"":6.856766506920657,""ph_l"":7.027979771799551,""tic_i_mM"":6.638262426434495,""tic_l_mM"":8.875689855110377,""v_apical_mV"":-49.453481269025865,""v_basolateral_mV"":-70.21363369685898,""volume_i_pL"":1.3,""volume_l_pL"":0.10279634930979051}","[""cl_i_mM:outside_[47.1,53.1]"",""k_i_mM:outside_[100,160]""]",False,7.105427357601002e-15,[],True,True
AN_ABS_AE4_NHE_S0.5_PLOW_KLOW_AE4NA20_P2_H1:B00,AN_ABS_AE4_NHE_S0.5_PLOW_KLOW_AE4NA20_P2_H1,AN_ABS_AE4_NHE,0.5,2.0,1.0,H1,PRODUCTION_PRE_REVEAL,True,True,False,3.5691935518222806e-12,2.3592239273284576e-16,3.5691935518222806e-16,1.454028420503369e-26,1.3010426069826053e-16,True,True,3.5691935518222806e-12,11,0,1.4210854715202004e-14,True,"{""cl_i_mM"":26.00846201719323,""cl_l_mM"":142.51796160500967,""k_i_mM"":93.72997695885367,""k_l_mM"":11.984482709975806,""na_i_mM"":8.368189490909737,""na_l_mM"":138.20206167263854,""ph_i"":6.885523623703741,""ph_l"":7.015482010515907,""tic_i_mM"":6.998440876032065,""tic_l_mM"":8.59523709157202,""v_apical_mV"":-49.98244951287517,""v_basolateral_mV"":-71.5755598047403,""volume_i_pL"":1.3,""volume_l_pL"":0.10293270117161939}","[""cl_i_mM:outside_[47.1,53.1]"",""na_i_mM:outside_[10,35]"",""k_i_mM:outside_[100,160]""]",False,1.4210854715202004e-14,[],True,True
AN_ABS_AE4_NHE_S0.5_PNOM_KMID_AE4NA05_P0.5_H1:B00,AN_ABS_AE4_NHE_S0.5_PNOM_KMID_AE4NA05_P0.5_H1,AN_ABS_AE4_NHE,0.5,0.5,1.0,H1,PRODUCTION_PRE_REVEAL,True,True,False,2.6772746346270804e-11,2.7668839441830073e-16,2.6772746346270804e-15,1.7771458472818954e-26,1.48318857196017e-16,True,True,2.6772746346270804e-11,11,0,7.105427357601002e-15,True,"{""cl_i_mM"":28.380139169331077,""cl_l_mM"":141.72201342665684,""k_i_mM"":81.44205186513342,""k_l_mM"":12.432123919490422,""na_i_mM"":18.116379647999008,""na_l_mM"":137.74162930003848,""ph_i"":6.674837064207049,""ph_l"":7.052736928069314,""tic_i_mM"":4.709971709006912,""tic_l_mM"":9.388213402168626,""v_apical_mV"":-46.99543046714164,""v_basolateral_mV"":-66.19724533428003,""volume_i_pL"":1.3,""volume_l_pL"":0.10259807817619973}","[""cl_i_mM:outside_[47.1,53.1]"",""ph_i:outside_[6.77,7.05]"",""k_i_mM:outside_[100,160]""]",False,0.0,[],True,True
AN_ABS_AE4_NHE_S0.5_PNOM_KMID_AE4NA05_P1_H1:B00,AN_ABS_AE4_NHE_S0.5_PNOM_KMID_AE4NA05_P1_H1,AN_ABS_AE4_NHE,0.5,1.0,1.0,H1,PRODUCTION_PRE_REVEAL,True,True,False,6.560507345709787e-12,1.6618650899857812e-15,6.560507345709787e-16,3.3927329811745276e-26,3.5128150388530344e-16,True,True,6.560507345709787e-12,11,0,1.7763568394002505e-15,True,"{""cl_i_mM"":28.227634381124098,""cl_l_mM"":142.26403021430946,""k_i_mM"":89.72818898700103,""k_l_mM"":13.186253984722768,""na_i_mM"":9.899501252534373,""na_l_mM"":136.99789616128592,""ph_i"":6.68683323812148,""ph_l"":7.029092608957625,""tic_i_mM"":4.7863130731256645,""tic_l_mM"":8.847345824110326,""v_apical_mV"":-47.59126099413417,""v_basolateral_mV"":-68.31161071605167,""volume_i_pL"":1.3,""volume_l_pL"":0.1028431834911264}","[""cl_i_mM:outside_[47.1,53.1]"",""ph_i:outside_[6.77,7.05]"",""na_i_mM:outside_[10,35]"",""k_i_mM:outside_[100,160]""]",False,3.2862601528904634e-14,[],True,True
AN_ABS_AE4_NHE_S0.5_PNOM_KMID_AE4NA05_P2_H1:B00,AN_ABS_AE4_NHE_S0.5_PNOM_KMID_AE4NA05_P2_H1,AN_ABS_AE4_NHE,0.5,2.0,1.0,H1,PRODUCTION_PRE_REVEAL,True,True,False,9.218971072644244e-12,3.506119006235764e-13,9.218971072644244e-16,4.6852026882886333e-26,5.030698080332741e-16,True,True,6.764337354137062e-12,11,0,4.3009151795558864e-11,True,"{""cl_i_mM"":28.22986734429183,""cl_l_mM"":142.46589962016952,""k_i_mM"":92.78421507739267,""k_l_mM"":13.452961001107933,""na_i_mM"":7.09635762139083,""na_l_mM"":136.7353431374252,""ph_i"":6.699377531501178,""ph_l"":7.0198763615248385,""tic_i_mM"":4.887359909346524,""tic_l_mM"":8.646074988865509,""v_apical_mV"":-47.768124490624736,""v_basolateral_mV"":-69.07978923941812,""volume_i_pL"":1.2999999999999823,""volume_l_pL"":0.10294407252253798}","[""cl_i_mM:outside_[47.1,53.1]"",""ph_i:outside_[6.77,7.05]"",""na_i_mM:outside_[10,35]"",""k_i_mM:outside_[100,160]""]",False,2.6645352591003757e-13,[],True,True
AN_ABS_AE4_NHE_S0.5_PNOM_KMID_AE4NA10_P0.5_H1:B00,AN_ABS_AE4_NHE_S0.5_PNOM_KMID_AE4NA10_P0.5_H1,AN_ABS_AE4_NHE,0.5,0.5,1.0,H1,PRODUCTION_PRE_REVEAL,True,True,False,1.5417354892743873e-12,6.283547900748365e-15,1.5417354892743873e-16,4.0389678347315804e-26,4.128641872824801e-16,True,True,1.5417354892743873e-12,11,0,1.8118839761882555e-13,True,"{""cl_i_mM"":28.102226902130788,""cl_l_mM"":141.3865070916544,""k_i_mM"":76.2087425186665,""k_l_mM"":11.682342218894924,""na_i_mM"":24.36316120144201,""na_l_mM"":138.4853159874167,""ph_i"":6.735066471346833,""ph_l"":7.066026192251135,""tic_i_mM"":5.292179698386002,""tic_l_mM"":9.72445905977682,""v_apical_mV"":-47.01014816714357,""v_basolateral_mV"":-65.24602087444887,""volume_i_pL"":1.3,""volume_l_pL"":0.10248438574909224}","[""cl_i_mM:outside_[47.1,53.1]"",""ph_i:outside_[6.77,7.05]"",""k_i_mM:outside_[100,160]""]",False,3.232969447708456e-13,[],True,True
AN_ABS_AE4_NHE_S0.5_PNOM_KMID_AE4NA10_P1_H1:B00,AN_ABS_AE4_NHE_S0.5_PNOM_KMID_AE4NA10_P1_H1,AN_ABS_AE4_NHE,0.5,1.0,1.0,H1,PRODUCTION_PRE_REVEAL,True,True,False,3.570277753994766e-12,6.38378239159465e-16,3.570277753994766e-16,2.908056841006738e-26,2.6107588313450947e-16,True,True,9.6710833785707e-13,11,0,3.552713678800501e-15,True,"{""cl_i_mM"":27.371981170848944,""cl_l_mM"":142.21066886964266,""k_i_mM"":89.24489753582552,""k_l_mM"":12.696035130114481,""na_i_mM"":11.073532972752508,""na_l_mM"":137.48760224586144,""ph_i"":6.758332245548044,""ph_l"":7.031377612536328,""tic_i_mM"":5.474950944270921,""tic_l_mM"":8.901432014801232,""v_apical_mV"":-48.38637513167306,""v_basolateral_mV"":-68.85728845690669,""volume_i_pL"":1.3,""volume_l_pL"":0.10284768551260763}","[""cl_i_mM:outside_[47.1,53.1]"",""ph_i:outside_[6.77,7.05]"",""k_i_mM:outside_[100,160]""]",False,7.105427357601002e-15,[],True,True
AN_ABS_AE4_NHE_S0.5_PNOM_KMID_AE4NA10_P2_H1:B00,AN_ABS_AE4_NHE_S0.5_PNOM_KMID_AE4NA10_P2_H1,AN_ABS_AE4_NHE,0.5,2.0,1.0,H1,PRODUCTION_PRE_REVEAL,True,True,False,1.1482785208793977e-11,5.421010862427522e-16,1.1482785208793977e-15,1.7771458472818954e-26,2.0729945537922845e-16,True,True,9.02706728811431e-12,11,0,7.105427357601002e-15,True,"{""cl_i_mM"":27.240075013615165,""cl_l_mM"":142.442372804522,""k_i_mM"":92.94558768847898,""k_l_mM"":12.952024454981956,""na_i_mM"":7.6810229232369265,""na_l_mM"":137.2365752445988,""ph_i"":6.7780526190478545,""ph_l"":7.0210109861470045,""tic_i_mM"":5.668068080468558,""tic_l_mM"":8.670304976883477,""v_apical_mV"":-48.721627675847394,""v_basolateral_mV"":-69.86059532515719,""volume_i_pL"":1.3,""volume_l_pL"":0.10296527397620005}","[""cl_i_mM:outside_[47.1,53.1]"",""na_i_mM:outside_[10,35]"",""k_i_mM:outside_[100,160]""]",False,7.105427357601002e-15,[],True,True
AN_ABS_AE4_NHE_S0.5_PNOM_KMID_AE4NA20_P0.5_H1:B00,AN_ABS_AE4_NHE_S0.5_PNOM_KMID_AE4NA20_P0.5_H1,AN_ABS_AE4_NHE,0.5,0.5,1.0,H1,PRODUCTION_PRE_REVEAL,True,True,False,3.1496073110703904e-12,5.412337245047638e-16,3.1496073110703904e-16,2.7464981276174747e-26,2.8275992658421956e-16,True,True,3.1496073110703904e-12,11,0,7.105427357601002e-15,True,"{""cl_i_mM"":28.581317231920544,""cl_l_mM"":140.7487034603066,""k_i_mM"":66.38707702279508,""k_l_mM"":10.633424834926975,""na_i_mM"":36.771948977146344,""na_l_mM"":139.52187575285902,""ph_i"":6.822373063296457,""ph_l"":7.088902704703987,""tic_i_mM"":6.324659862198195,""tic_l_mM"":10.364593416909027,""v_apical_mV"":-46.103614222736546,""v_basolateral_mV"":-62.6753519247514,""volume_i_pL"":1.3,""volume_l_pL"":0.10227153144984447}","[""cl_i_mM:outside_[47.1,53.1]"",""na_i_mM:outside_[10,35]"",""k_i_mM:outside_[100,160]""]",False,7.105427357601002e-15,[],True,True
AN_ABS_AE4_NHE_S0.5_PNOM_KMID_AE4NA20_P1_H1:B00,AN_ABS_AE4_NHE_S0.5_PNOM_KMID_AE4NA20_P1_H1,AN_ABS_AE4_NHE,0.5,1.0,1.0,H1,PRODUCTION_PRE_REVEAL,True,True,False,1.2937784524269524e-11,1.1062765287173093e-13,1.2937784524269524e-15,3.069615554396001e-26,3.8250652645288596e-16,True,True,1.2937784524269524e-11,11,0,0.0,True,"{""cl_i_mM"":26.315418717378964,""cl_l_mM"":142.1453185695785,""k_i_mM"":88.97642581113499,""k_l_mM"":12.146607765532591,""na_i_mM"":12.700358494018506,""na_l_mM"":138.03595523981156,""ph_i"":6.857240698392941,""ph_l"":7.033739709206614,""tic_i_mM"":6.6412416221503605,""tic_l_mM"":8.968062548475745,""v_apical_mV"":-49.404237370039404,""v_basolateral_mV"":-69.57651402579138,""volume_i_pL"":1.3000000000000083,""volume_l_pL"":0.10285205564213726}","[""cl_i_mM:outside_[47.1,53.1]"",""k_i_mM:outside_[100,160]""]",False,1.4210854715202004e-14,[],True,True
AN_ABS_AE4_NHE_S0.5_PNOM_KMID_AE4NA20_P2_H1:B00,AN_ABS_AE4_NHE_S0.5_PNOM_KMID_AE4NA20_P2_H1,AN_ABS_AE4_NHE,0.5,2.0,1.0,H1,PRODUCTION_PRE_REVEAL,True,True,False,2.0089182053983912e-11,6.938893903907228e-16,2.008918205398391e-15,6.623907248959792e-26,8.291978215169138e-16,True,True,1.1641078725976861e-11,11,0,1.8829382497642655e-13,True,"{""cl_i_mM"":26.000832243529008,""cl_l_mM"":142.42277838473288,""k_i_mM"":93.73093469519262,""k_l_mM"":12.40217732983133,""na_i_mM"":8.362468354342157,""na_l_mM"":137.7866598233881,""ph_i"":6.885748749497703,""ph_l"":7.021692494267986,""tic_i_mM"":6.997843806507166,""tic_l_mM"":8.691035335617617,""v_apical_mV"":-49.97296355988225,""v_basolateral_mV"":-70.93355803657222,""volume_i_pL"":1.3,""volume_l_pL"":0.102994428822427}","[""cl_i_mM:outside_[47.1,53.1]"",""na_i_mM:outside_[10,35]"",""k_i_mM:outside_[100,160]""]",False,7.105427357601002e-15,[],True,True
AN_ABS_AE4_NHE_S12_PHIGH_KHIGH_AE4NA05_P2_H1:B00,AN_ABS_AE4_NHE_S12_PHIGH_KHIGH_AE4NA05_P2_H1,AN_ABS_AE4_NHE,12.0,2.0,1.0,H1,DIAGNOSTIC_ONLY_ABSOLUTE_SOURCE_STRESS,False,True,False,1.4596613848172346e-11,3.434752482434078e-16,1.4596613848172346e-15,2.261821987449685e-26,2.393918396847994e-16,True,True,1.4596613848172346e-11,11,0,1.0658141036401503e-14,True,"{""cl_i_mM"":21.301707306229183,""cl_l_mM"":141.8558177024112,""k_i_mM"":62.02295905151309,""k_l_mM"":6.614185653045951,""na_i_mM"":41.95451681866776,""na_l_mM"":144.0352659420772,""ph_i"":7.717406764367813,""ph_l"":8.14936643607207,""tic_i_mM"":3.3326836634002506,""tic_l_mM"":8.808324699198181,""v_apical_mV"":-54.98520237714917,""v_basolateral_mV"":-70.99996620522634,""volume_i_pL"":1.3,""volume_l_pL"":0.10322673317358227}","[""cl_i_mM:outside_[47.1,53.1]"",""ph_i:outside_[6.77,7.05]"",""na_i_mM:outside_[10,35]"",""k_i_mM:outside_[100,160]""]",False,7.105427357601002e-15,[],True,True
AN_ABS_AE4_NHE_S12_PHIGH_KLOW_AE4NA05_P2_H1:B00,AN_ABS_AE4_NHE_S12_PHIGH_KLOW_AE4NA05_P2_H1,AN_ABS_AE4_NHE,12.0,2.0,1.0,H1,DIAGNOSTIC_ONLY_ABSOLUTE_SOURCE_STRESS,False,True,False,1.510944147575799e-11,7.216449660063518e-16,1.510944147575799e-15,3.715850407953054e-26,4.961309141293668e-16,True,True,1.510944147575799e-11,11,0,1.4210854715202004e-14,True,"{""cl_i_mM"":21.94241004479401,""cl_l_mM"":141.77861148161787,""k_i_mM"":61.96555320224249,""k_l_mM"":5.879556165204142,""na_i_mM"":42.65044999952618,""na_l_mM"":144.76704400075542,""ph_i"":7.710761618763154,""ph_l"":8.141135637424389,""tic_i_mM"":3.380765711375944,""tic_l_mM"":8.885500567494015,""v_apical_mV"":-54.11385662532324,""v_basolateral_mV"":-70.01324875241419,""volume_i_pL"":1.3,""volume_l_pL"":0.10316555772951513}","[""cl_i_mM:outside_[47.1,53.1]"",""ph_i:outside_[6.77,7.05]"",""na_i_mM:outside_[10,35]"",""k_i_mM:outside_[100,160]""]",False,1.4210854715202004e-14,[],True,True
AN_ABS_AE4_NHE_S12_PLOW_KHIGH_AE4NA05_P2_H1:B00,AN_ABS_AE4_NHE_S12_PLOW_KHIGH_AE4NA05_P2_H1,AN_ABS_AE4_NHE,12.0,2.0,1.0,H1,DIAGNOSTIC_ONLY_ABSOLUTE_SOURCE_STRESS,False,True,False,4.432543741772488e-11,1.0254299444073176e-15,4.432543741772488e-15,1.7771458472818954e-26,8.673617379884035e-17,True,True,1.259626083993659e-11,11,0,4.263256414560601e-14,True,"{""cl_i_mM"":22.94883272757466,""cl_l_mM"":141.96539544266864,""k_i_mM"":62.07920916779247,""k_l_mM"":7.638850273620285,""na_i_mM"":43.54903144745744,""na_l_mM"":142.997059528044,""ph_i"":7.70241157826858,""ph_l"":8.116149385446144,""tic_i_mM"":3.450721073119798,""tic_l_mM"":8.69562581308769,""v_apical_mV"":-52.84574515294835,""v_basolateral_mV"":-70.54664462539961,""volume_i_pL"":1.3,""volume_l_pL"":0.10287300661420082}","[""cl_i_mM:outside_[47.1,53.1]"",""ph_i:outside_[6.77,7.05]"",""na_i_mM:outside_[10,35]"",""k_i_mM:outside_[100,160]""]",False,2.7000623958883807e-13,[],True,True
AN_ABS_AE4_NHE_S12_PLOW_KLOW_AE4NA05_P2_H1:B00,AN_ABS_AE4_NHE_S12_PLOW_KLOW_AE4NA05_P2_H1,AN_ABS_AE4_NHE,12.0,2.0,1.0,H1,DIAGNOSTIC_ONLY_ABSOLUTE_SOURCE_STRESS,False,True,False,2.5804011705155006e-12,1.6059371985444743e-15,2.5804011705155006e-16,3.3927329811745276e-26,6.002143226879753e-16,True,True,2.5804011705155006e-12,11,0,5.684341886080802e-14,True,"{""cl_i_mM"":23.43116473166588,""cl_l_mM"":141.89319668170555,""k_i_mM"":62.106882145515996,""k_l_mM"":7.082467762491246,""na_i_mM"":44.00475328359479,""na_l_mM"":143.5515768688417,""ph_i"":7.698232645922732,""ph_l"":8.11167115843028,""tic_i_mM"":3.484181715681222,""tic_l_mM"":8.7676319383016,""v_apical_mV"":-52.22415506044374,""v_basolateral_mV"":-69.7748878744358,""volume_i_pL"":1.3,""volume_l_pL"":0.10282932280481197}","[""cl_i_mM:outside_[47.1,53.1]"",""ph_i:outside_[6.77,7.05]"",""na_i_mM:outside_[10,35]"",""k_i_mM:outside_[100,160]""]",False,2.7000623958883807e-13,[],True,True
AN_ABS_AE4_NHE_S12_PNOM_KMID_AE4NA05_P2_H1:B00,AN_ABS_AE4_NHE_S12_PNOM_KMID_AE4NA05_P2_H1,AN_ABS_AE4_NHE,12.0,2.0,1.0,H1,DIAGNOSTIC_ONLY_ABSOLUTE_SOURCE_STRESS,False,True,False,1.0118858875807213e-11,7.27890986959405e-16,1.0118858875807213e-15,2.908056841006738e-26,3.200564813177209e-16,True,True,1.0118858875807213e-11,11,0,1.7763568394002505e-15,True,"{""cl_i_mM"":22.417657914127098,""cl_l_mM"":141.87339016415825,""k_i_mM"":62.05080539265303,""k_l_mM"":6.907933805421007,""na_i_mM"":43.04487377900943,""na_l_mM"":143.73353973423008,""ph_i"":7.7070830557869145,""ph_l"":8.129396509075567,""tic_i_mM"":3.4133807443017443,""tic_l_mM"":8.78918233891508,""v_apical_mV"":-53.5103840926374,""v_basolateral_mV"":-70.30369032651778,""volume_i_pL"":1.3,""volume_l_pL"":0.10302404594912376}","[""cl_i_mM:outside_[47.1,53.1]"",""ph_i:outside_[6.77,7.05]"",""na_i_mM:outside_[10,35]"",""k_i_mM:outside_[100,160]""]",False,2.7000623958883807e-13,[],True,True
AN_ABS_AE4_NHE_S2_PHIGH_KHIGH_AE4NA05_P1_H1:B00,AN_ABS_AE4_NHE_S2_PHIGH_KHIGH_AE4NA05_P1_H1,AN_ABS_AE4_NHE,2.0,1.0,1.0,H1,PRODUCTION_PRE_REVEAL,True,True,False,3.3903001933621724e-12,2.8275992658421956e-16,3.3903001933621724e-16,2.7464981276174747e-26,4.0766001685454967e-16,True,True,3.3903001933621724e-12,11,0,7.105427357601002e-15,True,"{""cl_i_mM"":26.21854408437192,""cl_l_mM"":142.1813930660306,""k_i_mM"":83.38551346780844,""k_l_mM"":11.454658943109457,""na_i_mM"":17.31872730637456,""na_l_mM"":138.96579766210456,""ph_i"":6.952599545956042,""ph_l"":7.344548029055224,""tic_i_mM"":4.022249851669016,""tic_l_mM"":8.6979011730395,""v_apical_mV"":-49.49300431062787,""v_basolateral_mV"":-68.55408311452622,""volume_i_pL"":1.3,""volume_l_pL"":0.10293286601155939}","[""cl_i_mM:outside_[47.1,53.1]"",""k_i_mM:outside_[100,160]""]",False,0.0,[],True,True
AN_ABS_AE4_NHE_S2_PHIGH_KHIGH_AE4NA05_P2_H1:B00,AN_ABS_AE4_NHE_S2_PHIGH_KHIGH_AE4NA05_P2_H1,AN_ABS_AE4_NHE,2.0,2.0,1.0,H1,PRODUCTION_PRE_REVEAL,True,True,False,3.5691935518222806e-12,5.967448757360216e-16,3.5691935518222806e-16,5.816113682013476e-26,6.487865800153259e-16,True,True,3.5691935518222806e-12,11,0,7.105427357601002e-15,True,"{""cl_i_mM"":25.265852331631077,""cl_l_mM"":142.61585133864202,""k_i_mM"":90.17069890841081,""k_l_mM"":11.56936005136554,""na_i_mM"":9.957194446318182,""na_l_mM"":138.8689674066652,""ph_i"":6.9782139971738335,""ph_l"":7.3451867035198735,""tic_i_mM"":4.0352322886828285,""tic_l_mM"":8.257436712254808,""v_apical_mV"":-50.884290244193075,""v_basolateral_mV"":-71.04336508740164,""volume_i_pL"":1.3,""volume_l_pL"":0.10318473315960168}","[""cl_i_mM:outside_[47.1,53.1]"",""na_i_mM:outside_[10,35]"",""k_i_mM:outside_[100,160]""]",False,7.105427357601002e-15,[],True,True
AN_ABS_AE4_NHE_S2_PHIGH_KHIGH_AE4NA10_P1_H1:B00,AN_ABS_AE4_NHE_S2_PHIGH_KHIGH_AE4NA10_P1_H1,AN_ABS_AE4_NHE,2.0,1.0,1.0,H1,PRODUCTION_PRE_REVEAL,True,True,False,1.160746845862981e-11,3.0531133177191805e-16,1.160746845862981e-15,4.2005265481208437e-26,4.397524011601206e-16,True,True,1.160746845862981e-11,11,0,1.7763568394002505e-15,True,"{""cl_i_mM"":25.840362236578592,""cl_l_mM"":141.6484636939239,""k_i_mM"":72.69291923826225,""k_l_mM"":10.011344477577836,""na_i_mM"":28.558611618851426,""na_l_mM"":140.3848959487046,""ph_i"":6.980421264128247,""ph_l"":7.333642682102215,""tic_i_mM"":4.620797686410979,""tic_l_mM"":9.247869185650517,""v_apical_mV"":-49.49996685140826,""v_basolateral_mV"":-66.8968469792386,""volume_i_pL"":1.3,""volume_l_pL"":0.1027804987775913}","[""cl_i_mM:outside_[47.1,53.1]"",""k_i_mM:outside_[100,160]""]",False,7.105427357601002e-15,[],True,True
AN_ABS_AE4_NHE_S2_PHIGH_KHIGH_AE4NA10_P2_H1:B00,AN_ABS_AE4_NHE_S2_PHIGH_KHIGH_AE4NA10_P2_H1,AN_ABS_AE4_NHE,2.0,2.0,1.0,H1,PRODUCTION_PRE_REVEAL,True,True,False,1.9721637517511326e-12,8.916478666520788e-16,1.9721637517511326e-16,6.462348535570529e-27,1.3530843112619095e-16,True,True,1.9721637517511326e-12,11,0,1.0658141036401503e-14,True,"{""cl_i_mM"":23.18179008513699,""cl_l_mM"":142.5174185918751,""k_i_mM"":87.19840611147977,""k_l_mM"":10.147599247040088,""na_i_mM"":12.043042282029282,""na_l_mM"":140.28714033352296,""ph_i"":7.027944551954004,""ph_l"":7.339911298387046,""tic_i_mM"":4.584173595354644,""tic_l_mM"":8.363168230721067,""v_apical_mV"":-53.17802744797041,""v_basolateral_mV"":-72.65698096092173,""volume_i_pL"":1.3,""volume_l_pL"":0.10326350928812564}","[""cl_i_mM:outside_[47.1,53.1]"",""k_i_mM:outside_[100,160]""]",False,7.105427357601002e-15,[],True,True
AN_ABS_AE4_NHE_S2_PHIGH_KHIGH_AE4NA20_P2_H1:B00,AN_ABS_AE4_NHE_S2_PHIGH_KHIGH_AE4NA20_P2_H1,AN_ABS_AE4_NHE,2.0,2.0,1.0,H1,PRODUCTION_PRE_REVEAL,True,True,False,4.0354004859910475e-12,5.280498260873401e-15,4.0354004859910475e-16,9.693522803355793e-27,9.020562075079397e-17,True,True,4.0354004859910475e-12,11,0,4.0820680169417756e-12,True,"{""cl_i_mM"":21.192286567110223,""cl_l_mM"":142.38699146523888,""k_i_mM"":83.77697028326756,""k_l_mM"":8.817413617162883,""na_i_mM"":15.256692249585418,""na_l_mM"":141.6089908289787,""ph_i"":7.094685400993495,""ph_l"":7.327885616208378,""tic_i_mM"":5.505170556531163,""tic_l_mM"":8.505377057552673,""v_apical_mV"":-55.54820355114904,""v_basolateral_mV"":-74.23573494900549,""volume_i_pL"":1.2999999999999994,""volume_l_pL"":0.1033366741619842}","[""cl_i_mM:outside_[47.1,53.1]"",""ph_i:outside_[6.77,7.05]"",""k_i_mM:outside_[100,160]""]",False,7.105427357601002e-15,[],True,True
AN_ABS_AE4_NHE_S2_PHIGH_KLOW_AE4NA05_P1_H1:B00,AN_ABS_AE4_NHE_S2_PHIGH_KLOW_AE4NA05_P1_H1,AN_ABS_AE4_NHE,2.0,1.0,1.0,H1,PRODUCTION_PRE_REVEAL,True,True,False,6.765421556309548e-12,7.771561172376096e-16,6.765421556309548e-16,2.4233807008389483e-26,3.3306690738754696e-16,True,True,4.30970363562988e-12,11,0,1.0658141036401503e-13,True,"{""cl_i_mM"":25.666333639421218,""cl_l_mM"":142.28900119000505,""k_i_mM"":82.81109573884218,""k_l_mM"":10.093489044644695,""na_i_mM"":17.27789906034363,""na_l_mM"":140.32689846358204,""ph_i"":6.949804818598381,""ph_l"":7.339222420484286,""tic_i_mM"":3.9957701380078645,""tic_l_mM"":8.590050572839376,""v_apical_mV"":-50.118978616712134,""v_basolateral_mV"":-69.67356846203916,""volume_i_pL"":1.3,""volume_l_pL"":0.10292625182911781}","[""cl_i_mM:outside_[47.1,53.1]"",""k_i_mM:outside_[100,160]""]",False,1.4210854715202004e-14,[],True,True
AN_ABS_AE4_NHE_S2_PHIGH_KLOW_AE4NA05_P2_H1:B00,AN_ABS_AE4_NHE_S2_PHIGH_KLOW_AE4NA05_P2_H1,AN_ABS_AE4_NHE,2.0,2.0,1.0,H1,PRODUCTION_PRE_REVEAL,True,True,False,5.172728564928342e-12,4.597017211338539e-16,5.172728564928342e-16,2.1002632740604218e-26,1.3704315460216776e-16,True,True,5.172728564928342e-12,11,0,7.105427357601002e-15,True,"{""cl_i_mM"":24.756104955285757,""cl_l_mM"":142.70088813130087,""k_i_mM"":89.6141922106058,""k_l_mM"":10.096505679644357,""na_i_mM"":9.938182107801394,""na_l_mM"":140.34128697140375,""ph_i"":6.97523281879869,""ph_l"":7.3404881916395555,""tic_i_mM"":4.008822589166157,""tic_l_mM"":8.17198512010792,""v_apical_mV"":-51.46659643696998,""v_basolateral_mV"":-72.08438131782766,""volume_i_pL"":1.3,""volume_l_pL"":0.103164574589537}","[""cl_i_mM:outside_[47.1,53.1]"",""na_i_mM:outside_[10,35]"",""k_i_mM:outside_[100,160]""]",False,1.4210854715202004e-14,[],True,True
AN_ABS_AE4_NHE_S2_PHIGH_KLOW_AE4NA10_P1_H1:B00,AN_ABS_AE4_NHE_S2_PHIGH_KLOW_AE4NA10_P1_H1,AN_ABS_AE4_NHE,2.0,1.0,1.0,H1,PRODUCTION_PRE_REVEAL,True,True,False,3.2374276870417162e-12,2.983724378680108e-16,3.237427687041716e-16,1.7771458472818954e-26,1.8995222061946038e-16,True,True,3.2374276870417162e-12,11,0,2.1316282072803006e-14,True,"{""cl_i_mM"":25.53090385216198,""cl_l_mM"":141.73732101382708,""k_i_mM"":72.40340962564818,""k_l_mM"":8.915107561875216,""na_i_mM"":28.50277233902751,""na_l_mM"":141.48109215685335,""ph_i"":6.978995004727001,""ph_l"":7.329552028408438,""tic_i_mM"":4.603390470828795,""tic_l_mM"":9.158761961049532,""v_apical_mV"":-49.866964676828616,""v_basolateral_mV"":-67.65231125681444,""volume_i_pL"":1.3,""volume_l_pL"":0.10277432956158523}","[""cl_i_mM:outside_[47.1,53.1]"",""k_i_mM:outside_[100,160]""]",False,7.105427357601002e-15,[],True,True
AN_ABS_AE4_NHE_S2_PHIGH_KLOW_AE4NA10_P2_H1:B00,AN_ABS_AE4_NHE_S2_PHIGH_KLOW_AE4NA10_P2_H1,AN_ABS_AE4_NHE,2.0,2.0,1.0,H1,PRODUCTION_PRE_REVEAL,True,True,False,8.276799384754341e-12,5.689893001203927e-16,8.276799384754341e-16,3.069615554396001e-26,5.134781488891349e-16,True,True,8.276799384754341e-12,11,0,1.0658141036401503e-14,True,"{""cl_i_mM"":23.00047658142362,""cl_l_mM"":142.5761285131725,""k_i_mM"":87.00044076734218,""k_l_mM"":8.882192485842301,""na_i_mM"":12.031890623405495,""na_l_mM"":141.55184093920997,""ph_i"":7.026749845917692,""ph_l"":7.336529424514184,""tic_i_mM"":4.5721592293345354,""tic_l_mM"":8.304009073572715,""v_apical_mV"":-53.40728075957339,""v_basolateral_mV"":-73.2363254299988,""volume_i_pL"":1.3,""volume_l_pL"":0.10323898224619868}","[""cl_i_mM:outside_[47.1,53.1]"",""k_i_mM:outside_[100,160]""]",False,1.4210854715202004e-14,[],True,True
AN_ABS_AE4_NHE_S2_PHIGH_KLOW_AE4NA20_P2_H1:B00,AN_ABS_AE4_NHE_S2_PHIGH_KLOW_AE4NA20_P2_H1,AN_ABS_AE4_NHE,2.0,2.0,1.0,H1,PRODUCTION_PRE_REVEAL,True,True,False,1.921206249644314e-12,3.608224830031759e-16,1.9212062496443139e-16,4.0389678347315804e-26,4.3021142204224816e-16,True,True,1.921206249644314e-12,11,0,1.4210854715202004e-14,True,"{""cl_i_mM"":21.30695487939156,""cl_l_mM"":142.4163571999133,""k_i_mM"":83.87012472008604,""k_l_mM"":7.741738786413125,""na_i_mM"":15.293692326040143,""na_l_mM"":142.68362385871512,""ph_i"":7.095166830365147,""ph_l"":7.325697150288178,""tic_i_mM"":5.514692452927033,""tic_l_mM"":8.475644609938472,""v_apical_mV"":-55.40291985001183,""v_basolateral_mV"":-74.32302319068114,""volume_i_pL"":1.3,""volume_l_pL"":0.10330677374734852}","[""cl_i_mM:outside_[47.1,53.1]"",""ph_i:outside_[6.77,7.05]"",""k_i_mM:outside_[100,160]""]",False,2.842170943040401e-14,[],True,True
AN_ABS_AE4_NHE_S2_PLOW_KHIGH_AE4NA05_P1_H1:B00,AN_ABS_AE4_NHE_S2_PLOW_KHIGH_AE4NA05_P1_H1,AN_ABS_AE4_NHE,2.0,1.0,1.0,H1,PRODUCTION_PRE_REVEAL,True,True,False,1.7368918803217781e-12,2.498001805406602e-16,1.736891880321778e-16,4.8467614016778965e-26,5.603156827405087e-16,True,True,1.7368918803217781e-12,11,0,2.842170943040401e-14,True,"{""cl_i_mM"":27.013810076537478,""cl_l_mM"":142.2593967500506,""k_i_mM"":84.13858099649524,""k_l_mM"":12.259610748099513,""na_i_mM"":17.440404340903918,""na_l_mM"":138.15610152872907,""ph_i"":6.955834632221531,""ph_l"":7.337803063794818,""tic_i_mM"":4.060264440974354,""tic_l_mM"":8.617955563154407,""v_apical_mV"":-48.652307353676385,""v_basolateral_mV"":-68.52271541406078,""volume_i_pL"":1.3,""volume_l_pL"":0.10279092792567084}","[""cl_i_mM:outside_[47.1,53.1]"",""k_i_mM:outside_[100,160]""]",False,0.0,[],True,True
AN_ABS_AE4_NHE_S2_PLOW_KHIGH_AE4NA05_P2_H1:B00,AN_ABS_AE4_NHE_S2_PLOW_KHIGH_AE4NA05_P2_H1,AN_ABS_AE4_NHE,2.0,2.0,1.0,H1,PRODUCTION_PRE_REVEAL,True,True,False,1.1630236704252006e-11,2.488287353941132e-14,1.1630236704252006e-15,2.1002632740604218e-26,2.2638141361497333e-16,True,True,1.1630236704252006e-11,11,0,7.105427357601002e-15,True,"{""cl_i_mM"":26.279560062616667,""cl_l_mM"":142.73869508921908,""k_i_mM"":91.24560391908206,""k_l_mM"":12.57767588096103,""na_i_mM"":10.012760092857107,""na_l_mM"":137.8557251231972,""ph_i"":6.983204072599735,""ph_l"":7.335743879286854,""tic_i_mM"":4.0869037462688755,""tic_l_mM"":8.13236488914184,""v_apical_mV"":-49.810580991059766,""v_basolateral_mV"":-71.0166033592138,""volume_i_pL"":1.3000000000000023,""volume_l_pL"":0.1030328544326226}","[""cl_i_mM:outside_[47.1,53.1]"",""k_i_mM:outside_[100,160]""]",False,0.0,[],True,True
AN_ABS_AE4_NHE_S2_PLOW_KHIGH_AE4NA10_P1_H1:B00,AN_ABS_AE4_NHE_S2_PLOW_KHIGH_AE4NA10_P1_H1,AN_ABS_AE4_NHE,2.0,1.0,1.0,H1,PRODUCTION_PRE_REVEAL,True,True,False,1.3096078041452408e-11,3.469446951953614e-16,1.3096078041452408e-15,1.454028420503369e-26,1.8214596497756474e-16,True,True,2.1089900659188032e-11,11,0,3.907985046680551e-14,True,"{""cl_i_mM"":26.671689550680075,""cl_l_mM"":141.7077656352679,""k_i_mM"":73.26690166241482,""k_l_mM"":10.781385548720769,""na_i_mM"":28.898103091178914,""na_l_mM"":139.60860508822563,""ph_i"":6.983184312443833,""ph_l"":7.326949101249335,""tic_i_mM"":4.668750800242831,""tic_l_mM"":9.186589917244023,""v_apical_mV"":-48.58329718993688,""v_basolateral_mV"":-66.83587850404639,""volume_i_pL"":1.3,""volume_l_pL"":0.10260585074444371}","[""cl_i_mM:outside_[47.1,53.1]"",""k_i_mM:outside_[100,160]""]",False,7.105427357601002e-15,[],True,True
AN_ABS_AE4_NHE_S2_PLOW_KHIGH_AE4NA10_P2_H1:B00,AN_ABS_AE4_NHE_S2_PLOW_KHIGH_AE4NA10_P2_H1,AN_ABS_AE4_NHE,2.0,2.0,1.0,H1,PRODUCTION_PRE_REVEAL,True,True,False,6.29704621779581e-12,5.195496810550537e-16,6.29704621779581e-16,2.4233807008389483e-26,2.177077962350893e-16,True,True,6.29704621779581e-12,11,0,3.552713678800501e-15,True,"{""cl_i_mM"":24.37101530025,""cl_l_mM"":142.6726590528915,""k_i_mM"":88.41766218419937,""k_l_mM"":11.273611501928983,""na_i_mM"":12.168860844546971,""na_l_mM"":139.15459230990115,""ph_i"":7.034042792062525,""ph_l"":7.327677538742163,""tic_i_mM"":4.661002983572924,""tic_l_mM"":8.20527364535865,""v_apical_mV"":-51.811313904917,""v_basolateral_mV"":-72.62808787110144,""volume_i_pL"":1.3,""volume_l_pL"":0.10306842310320471}","[""cl_i_mM:outside_[47.1,53.1]"",""k_i_mM:outside_[100,160]""]",False,0.0,[],True,True
AN_ABS_AE4_NHE_S2_PLOW_KHIGH_AE4NA20_P2_H1:B00,AN_ABS_AE4_NHE_S2_PLOW_KHIGH_AE4NA20_P2_H1,AN_ABS_AE4_NHE,2.0,2.0,1.0,H1,PRODUCTION_PRE_REVEAL,True,True,False,3.343571079728047e-11,3.3572320271013645e-16,3.343571079728047e-15,2.261821987449685e-26,3.0357660829594124e-16,True,True,1.706534219492184e-12,11,0,7.105427357601002e-15,True,"{""cl_i_mM"":22.52760034398046,""cl_l_mM"":142.56888274071196,""k_i_mM"":85.00278873975007,""k_l_mM"":10.004696481683107,""na_i_mM"":15.560602383224497,""na_l_mM"":140.41310417032335,""ph_i"":7.101160051375241,""ph_l"":7.312673798458541,""tic_i_mM"":5.617952399333009,""tic_l_mM"":8.320688488611793,""v_apical_mV"":-53.87285801816465,""v_basolateral_mV"":-74.177793108989,""volume_i_pL"":1.3,""volume_l_pL"":0.10309464798548085}","[""cl_i_mM:outside_[47.1,53.1]"",""ph_i:outside_[6.77,7.05]"",""k_i_mM:outside_[100,160]""]",False,0.0,[],True,True
AN_ABS_AE4_NHE_S2_PLOW_KLOW_AE4NA05_P1_H1:B00,AN_ABS_AE4_NHE_S2_PLOW_KLOW_AE4NA05_P1_H1,AN_ABS_AE4_NHE,2.0,1.0,1.0,H1,PRODUCTION_PRE_REVEAL,True,True,False,7.589415207398531e-13,3.2508717939805365e-15,7.589415207398531e-17,3.069615554396001e-26,3.2439329000766293e-16,True,True,7.589415207398531e-13,11,0,1.4210854715202004e-14,True,"{""cl_i_mM"":26.38712905916925,""cl_l_mM"":142.37274411840576,""k_i_mM"":83.49137468886073,""k_l_mM"":11.008507889101006,""na_i_mM"":17.39208758973366,""na_l_mM"":139.40738737842267,""ph_i"":6.952812303589316,""ph_l"":7.332263501762217,""tic_i_mM"":4.030917658688253,""tic_l_mM"":8.504469330904357,""v_apical_mV"":-49.34425265647584,""v_basolateral_mV"":-69.70631958440666,""volume_i_pL"":1.2999999999999998,""volume_l_pL"":0.1027918646644361}","[""cl_i_mM:outside_[47.1,53.1]"",""k_i_mM:outside_[100,160]""]",False,1.4210854715202004e-14,[],True,True
AN_ABS_AE4_NHE_S2_PLOW_KLOW_AE4NA05_P2_H1:B00,AN_ABS_AE4_NHE_S2_PLOW_KLOW_AE4NA05_P2_H1,AN_ABS_AE4_NHE,2.0,2.0,1.0,H1,PRODUCTION_PRE_REVEAL,True,True,False,6.014069450777093e-12,4.996003610813204e-16,6.014069450777093e-16,2.908056841006738e-26,5.065392549852277e-16,True,True,5.192244204033081e-12,11,0,7.105427357601002e-14,True,"{""cl_i_mM"":25.668523190791028,""cl_l_mM"":142.82648470400332,""k_i_mM"":90.58291687289862,""k_l_mM"":11.20964585104391,""na_i_mM"":9.989219315164467,""na_l_mM"":139.22346455061282,""ph_i"":6.979832322042359,""ph_l"":7.330956037613879,""tic_i_mM"":4.05619298914698,""tic_l_mM"":8.044265910928459,""v_apical_mV"":-50.4830143702848,""v_basolateral_mV"":-72.13658756686402,""volume_i_pL"":1.3,""volume_l_pL"":0.10302011815119991}","[""cl_i_mM:outside_[47.1,53.1]"",""na_i_mM:outside_[10,35]"",""k_i_mM:outside_[100,160]""]",False,0.0,[],True,True
AN_ABS_AE4_NHE_S2_PLOW_KLOW_AE4NA10_P1_H1:B00,AN_ABS_AE4_NHE_S2_PLOW_KLOW_AE4NA10_P1_H1,AN_ABS_AE4_NHE,2.0,1.0,1.0,H1,PRODUCTION_PRE_REVEAL,True,True,False,1.479068603704725e-11,1.5986309498394746e-12,1.4790686037047251e-15,1.6155871338926322e-26,2.8449465006019636e-16,True,True,7.117787262367337e-12,11,0,1.112706371486638e-09,True,"{""cl_i_mM"":26.291613150892935,""cl_l_mM"":141.80520380952998,""k_i_mM"":72.92841118223193,""k_l_mM"":9.818731436218119,""na_i_mM"":28.814710691099002,""na_l_mM"":140.57155544342382,""ph_i"":6.981566399003041,""ph_l"":7.3226250021019,""tic_i_mM"":4.647796728624364,""tic_l_mM"":9.088989750155989,""v_apical_mV"":-49.02147377834015,""v_basolateral_mV"":-67.66246336505883,""volume_i_pL"":1.2999999999997665,""volume_l_pL"":0.10260870064646739}","[""cl_i_mM:outside_[47.1,53.1]"",""k_i_mM:outside_[100,160]""]",False,7.105427357601002e-15,[],True,True
AN_ABS_AE4_NHE_S2_PLOW_KLOW_AE4NA10_P2_H1:B00,AN_ABS_AE4_NHE_S2_PLOW_KLOW_AE4NA10_P2_H1,AN_ABS_AE4_NHE,2.0,2.0,1.0,H1,PRODUCTION_PRE_REVEAL,True,True,False,4.7099910777115284e-11,6.938893903907228e-16,4.709991077711528e-15,2.7464981276174747e-26,2.7929047963226594e-16,True,True,1.635844237846129e-11,11,0,6.394884621840902e-14,True,"{""cl_i_mM"":24.08194744704445,""cl_l_mM"":142.7335560636912,""k_i_mM"":88.11117552877505,""k_l_mM"":10.138408619511571,""na_i_mM"":12.14569183274485,""na_l_mM"":140.2893951923796,""ph_i"":7.032350848770731,""ph_l"":7.324314173405668,""tic_i_mM"":4.6426579369219345,""tic_l_mM"":8.144027068280561,""v_apical_mV"":-52.15602355555381,""v_basolateral_mV"":-73.30427465149401,""volume_i_pL"":1.3,""volume_l_pL"":0.10305251105586971}","[""cl_i_mM:outside_[47.1,53.1]"",""k_i_mM:outside_[100,160]""]",False,7.105427357601002e-15,[],True,True
AN_ABS_AE4_NHE_S2_PLOW_KLOW_AE4NA20_P2_H1:B00,AN_ABS_AE4_NHE_S2_PLOW_KLOW_AE4NA20_P2_H1,AN_ABS_AE4_NHE,2.0,2.0,1.0,H1,PRODUCTION_PRE_REVEAL,True,True,False,1.7758147383140077e-11,6.127043317150083e-15,1.7758147383140077e-15,3.715850407953054e-26,3.0270924655795284e-16,True,True,1.3972113396820696e-11,11,0,1.7763568394002505e-14,True,"{""cl_i_mM"":22.53207491311378,""cl_l_mM"":142.59951518174466,""k_i_mM"":85.00101512825282,""k_l_mM"":9.08148630847421,""na_i_mM"":15.566120742925882,""na_l_mM"":141.335668175922,""ph_i"":7.1010907445149485,""ph_l"":7.310700139528671,""tic_i_mM"":5.618230481615485,""tic_l_mM"":8.289748798729969,""v_apical_mV"":-53.87291014585349,""v_basolateral_mV"":-74.382738347989,""volume_i_pL"":1.2999999999999994,""volume_l_pL"":0.10307440853567353}","[""cl_i_mM:outside_[47.1,53.1]"",""ph_i:outside_[6.77,7.05]"",""k_i_mM:outside_[100,160]""]",False,2.842170943040401e-14,[],True,True
AN_ABS_AE4_NHE_S2_PNOM_KMID_AE4NA05_P1_H1:B00,AN_ABS_AE4_NHE_S2_PNOM_KMID_AE4NA05_P1_H1,AN_ABS_AE4_NHE,2.0,1.0,1.0,H1,PRODUCTION_PRE_REVEAL,True,True,False,2.774473359390406e-12,3.0531133177191805e-16,2.774473359390406e-16,3.2311742677852644e-27,2.862293735361732e-17,True,True,2.8955787420570367e-11,11,0,7.105427357601002e-15,True,"{""cl_i_mM"":26.267670954213905,""cl_l_mM"":142.28237568683505,""k_i_mM"":83.40162574264704,""k_l_mM"":11.293754074036514,""na_i_mM"":17.353149581987974,""na_l_mM"":139.12444506297246,""ph_i"":6.9525341086423795,""ph_l"":7.338189584378125,""tic_i_mM"":4.024917245833375,""tic_l_mM"":8.595876497778105,""v_apical_mV"":-49.45763740807978,""v_basolateral_mV"":-69.19165945120564,""volume_i_pL"":1.3,""volume_l_pL"":0.10286282261903335}","[""cl_i_mM:outside_[47.1,53.1]"",""k_i_mM:outside_[100,160]""]",False,1.4210854715202004e-14,[],True,True
AN_ABS_AE4_NHE_S2_PNOM_KMID_AE4NA05_P2_H1:B00,AN_ABS_AE4_NHE_S2_PNOM_KMID_AE4NA05_P2_H1,AN_ABS_AE4_NHE,2.0,2.0,1.0,H1,PRODUCTION_PRE_REVEAL,True,True,False,5.172728564928342e-12,4.381911500317415e-15,5.172728564928342e-16,2.4233807008389483e-26,2.419939248987646e-16,True,True,5.172728564928342e-12,11,0,3.716138508025324e-12,True,"{""cl_i_mM"":25.433427581330303,""cl_l_mM"":142.72479847303262,""k_i_mM"":90.3400959104289,""k_l_mM"":11.462577242677476,""na_i_mM"":9.97204134157688,""na_l_mM"":138.9731447008604,""ph_i"":6.978839550689786,""ph_l"":7.337929206091289,""tic_i_mM"":4.04401446169334,""tic_l_mM"":8.147212788296603,""v_apical_mV"":-50.72046575355885,""v_basolateral_mV"":-71.64480847409817,""volume_i_pL"":1.3000000000000005,""volume_l_pL"":0.10310231828476778}","[""cl_i_mM:outside_[47.1,53.1]"",""na_i_mM:outside_[10,35]"",""k_i_mM:outside_[100,160]""]",False,0.0,[],True,True
AN_ABS_AE4_NHE_S2_PNOM_KMID_AE4NA10_P1_H1:B00,AN_ABS_AE4_NHE_S2_PNOM_KMID_AE4NA10_P1_H1,AN_ABS_AE4_NHE,2.0,1.0,1.0,H1,PRODUCTION_PRE_REVEAL,True,True,False,2.1250362580715887e-12,7.355227538141662e-16,2.1250362580715887e-16,5.654554968624213e-26,6.106226635438361e-16,True,True,2.1250362580715887e-12,11,0,7.105427357601002e-15,True,"{""cl_i_mM"":26.05082534077132,""cl_l_mM"":141.73131682551252,""k_i_mM"":72.7956164561291,""k_l_mM"":9.97313284286269,""na_i_mM"":28.684920771320584,""na_l_mM"":140.42012441068266,""ph_i"":6.980929491914564,""ph_l"":7.327941689994489,""tic_i_mM"":4.633505580100697,""tic_l_mM"":9.163932358357945,""v_apical_mV"":-49.27762414622383,""v_basolateral_mV"":-67.3180164392608,""volume_i_pL"":1.3,""volume_l_pL"":0.1026941659071303}","[""cl_i_mM:outside_[47.1,53.1]"",""k_i_mM:outside_[100,160]""]",False,7.105427357601002e-15,[],True,True
AN_ABS_AE4_NHE_S2_PNOM_KMID_AE4NA10_P2_H1:B00,AN_ABS_AE4_NHE_S2_PNOM_KMID_AE4NA10_P2_H1,AN_ABS_AE4_NHE,2.0,2.0,1.0,H1,PRODUCTION_PRE_REVEAL,True,True,False,9.640725717741105e-12,2.220446049250313e-16,9.640725717741105e-16,1.9387045606711586e-26,2.0729945537922845e-16,True,True,9.640725717741105e-12,11,0,3.552713678800501e-15,True,"{""cl_i_mM"":23.62153405010958,""cl_l_mM"":142.62802042571178,""k_i_mM"":87.6440168762307,""k_l_mM"":10.219964876558318,""na_i_mM"":12.093932464517524,""na_l_mM"":140.21128700913212,""ph_i"":7.030115436894765,""ph_l"":7.332015859009198,""tic_i_mM"":4.612962097949622,""tic_l_mM"":8.251049282535684,""v_apical_mV"":-52.675115466314296,""v_basolateral_mV"":-73.0046050252123,""volume_i_pL"":1.3,""volume_l_pL"":0.10315726549085216}","[""cl_i_mM:outside_[47.1,53.1]"",""k_i_mM:outside_[100,160]""]",False,1.4210854715202004e-14,[],True,True
AN_ABS_AE4_NHE_S2_PNOM_KMID_AE4NA20_P2_H1:B00,AN_ABS_AE4_NHE_S2_PNOM_KMID_AE4NA20_P2_H1,AN_ABS_AE4_NHE,2.0,2.0,1.0,H1,PRODUCTION_PRE_REVEAL,True,True,False,1.966742740888705e-12,5.342948306008566e-16,1.966742740888705e-16,1.6155871338926322e-26,1.734723475976807e-16,True,True,1.966742740888705e-12,11,0,4.263256414560601e-14,True,"{""cl_i_mM"":21.870529681460916,""cl_l_mM"":142.49493681508483,""k_i_mM"":84.39762268147723,""k_l_mM"":9.02498531297155,""na_i_mM"":15.41407831726939,""na_l_mM"":141.39675138245056,""ph_i"":7.098006951146946,""ph_l"":7.319210086049958,""tic_i_mM"":5.563101058616328,""tic_l_mM"":8.395870010717811,""v_apical_mV"":-54.6884349735276,""v_basolateral_mV"":-74.30143619222501,""volume_i_pL"":1.3,""volume_l_pL"":0.10320443332118968}","[""cl_i_mM:outside_[47.1,53.1]"",""ph_i:outside_[6.77,7.05]"",""k_i_mM:outside_[100,160]""]",False,1.4210854715202004e-14,[],True,True
AN_ABS_AE4_NHE_S4_PHIGH_KHIGH_AE4NA05_P1_H1:B00,AN_ABS_AE4_NHE_S4_PHIGH_KHIGH_AE4NA05_P1_H1,AN_ABS_AE4_NHE,4.0,1.0,1.0,H1,PRODUCTION_PRE_REVEAL,True,True,False,1.926952521158487e-11,3.2796682036817515e-13,1.926952521158487e-15,1.454028420503369e-26,2.1510571102112408e-16,True,True,5.0935818063369e-12,11,0,2.085087658088014e-10,True,"{""cl_i_mM"":26.09046286525065,""cl_l_mM"":141.56131827120126,""k_i_mM"":68.40212194297229,""k_l_mM"":9.583632456335286,""na_i_mM"":36.85381141998209,""na_l_mM"":140.9707562521486,""ph_i"":7.3167940343494084,""ph_l"":7.739310499274841,""tic_i_mM"":3.7594382629340624,""tic_l_mM"":9.173152957598228,""v_apical_mV"":-49.10460054035696,""v_basolateral_mV"":-65.86268244719636,""volume_i_pL"":1.2999999999999523,""volume_l_pL"":0.1027016701228936}","[""cl_i_mM:outside_[47.1,53.1]"",""ph_i:outside_[6.77,7.05]"",""na_i_mM:outside_[10,35]"",""k_i_mM:outside_[100,160]""]",False,2.4780177909633494e-13,[],True,True
AN_ABS_AE4_NHE_S4_PHIGH_KHIGH_AE4NA05_P2_H1:B00,AN_ABS_AE4_NHE_S4_PHIGH_KHIGH_AE4NA05_P2_H1,AN_ABS_AE4_NHE,4.0,2.0,1.0,H1,PRODUCTION_PRE_REVEAL,True,True,False,7.195849818786293e-12,1.5865780911283878e-14,7.195849818786293e-16,2.5849394142282115e-26,4.3368086899420177e-16,True,True,7.195849818786293e-12,11,0,1.0658141036401503e-14,True,"{""cl_i_mM"":21.722643530127648,""cl_l_mM"":142.75184004279978,""k_i_mM"":89.85326014702575,""k_l_mM"":9.650685573945118,""na_i_mM"":13.642018699354637,""na_l_mM"":140.98341384309444,""ph_i"":7.611999293412944,""ph_l"":8.019408670727303,""tic_i_mM"":3.2701837853329367,""tic_l_mM"":7.934244737505785,""v_apical_mV"":-55.06327136892729,""v_basolateral_mV"":-74.61438013647495,""volume_i_pL"":1.3,""volume_l_pL"":0.10336663220007991}","[""cl_i_mM:outside_[47.1,53.1]"",""ph_i:outside_[6.77,7.05]"",""k_i_mM:outside_[100,160]""]",False,2.7000623958883807e-13,[],True,True
AN_ABS_AE4_NHE_S4_PHIGH_KHIGH_AE4NA10_P2_H1:B00,AN_ABS_AE4_NHE_S4_PHIGH_KHIGH_AE4NA10_P2_H1,AN_ABS_AE4_NHE,4.0,2.0,1.0,H1,PRODUCTION_PRE_REVEAL,True,True,False,6.4813605871183455e-12,2.844599555906768e-14,6.4813605871183455e-16,6.462348535570529e-27,8.673617379884035e-17,True,True,6.4813605871183455e-12,11,0,1.7763568394002505e-15,True,"{""cl_i_mM"":20.123830864083104,""cl_l_mM"":142.5064947127147,""k_i_mM"":81.36586208172066,""k_l_mM"":8.033223352485091,""na_i_mM"":19.978941863699276,""na_l_mM"":142.57573680863115,""ph_i"":7.502862850205501,""ph_l"":7.874021362220264,""tic_i_mM"":3.7495205242114547,""tic_l_mM"":8.206880211767904,""v_apical_mV"":-56.99307699338158,""v_basolateral_mV"":-75.29878495035251,""volume_i_pL"":1.3000000000000023,""volume_l_pL"":0.10341229198958894}","[""cl_i_mM:outside_[47.1,53.1]"",""ph_i:outside_[6.77,7.05]"",""k_i_mM:outside_[100,160]""]",False,0.0,[],True,True
AN_ABS_AE4_NHE_S4_PHIGH_KHIGH_AE4NA20_P2_H1:B00,AN_ABS_AE4_NHE_S4_PHIGH_KHIGH_AE4NA20_P2_H1,AN_ABS_AE4_NHE,4.0,2.0,1.0,H1,PRODUCTION_PRE_REVEAL,True,True,False,2.0220370516854658e-12,2.7755575615628914e-16,2.0220370516854658e-16,1.454028420503369e-26,1.0755285551056204e-16,True,True,2.0220370516854658e-12,11,0,0.0,True,"{""cl_i_mM"":20.92232589673464,""cl_l_mM"":141.90843542758577,""k_i_mM"":64.68505070393425,""k_l_mM"":6.752305648688837,""na_i_mM"":36.859448643516316,""na_l_mM"":143.79631686015765,""ph_i"":7.355837511614768,""ph_l"":7.657885469621824,""tic_i_mM"":4.80393091194648,""tic_l_mM"":8.858181880742684,""v_apical_mV"":-55.530335218075024,""v_basolateral_mV"":-71.83361074597951,""volume_i_pL"":1.3,""volume_l_pL"":0.10326167121131752}","[""cl_i_mM:outside_[47.1,53.1]"",""ph_i:outside_[6.77,7.05]"",""na_i_mM:outside_[10,35]"",""k_i_mM:outside_[100,160]""]",False,0.0,[],True,True
AN_ABS_AE4_NHE_S4_PHIGH_KLOW_AE4NA05_P1_H1:B00,AN_ABS_AE4_NHE_S4_PHIGH_KLOW_AE4NA05_P1_H1,AN_ABS_AE4_NHE,4.0,1.0,1.0,H1,PRODUCTION_PRE_REVEAL,True,True,False,2.966160303485843e-11,2.1872694627722566e-15,2.966160303485843e-15,1.1309109937248425e-26,1.0321604682062002e-16,True,True,2.966160303485843e-11,11,0,1.4210854715202004e-14,True,"{""cl_i_mM"":25.84663030922861,""cl_l_mM"":141.64444921334257,""k_i_mM"":68.1789950745061,""k_l_mM"":8.569953181650211,""na_i_mM"":36.81967583481185,""na_l_mM"":141.984371516711,""ph_i"":7.316595577637385,""ph_l"":7.736445149252511,""tic_i_mM"":3.7477612386349866,""tic_l_mM"":9.089803375789161,""v_apical_mV"":-49.39674192839479,""v_basolateral_mV"":-66.50964428673278,""volume_i_pL"":1.3,""volume_l_pL"":0.10269566993673533}","[""cl_i_mM:outside_[47.1,53.1]"",""ph_i:outside_[6.77,7.05]"",""na_i_mM:outside_[10,35]"",""k_i_mM:outside_[100,160]""]",False,3.979039320256561e-13,[],True,True
AN_ABS_AE4_NHE_S4_PHIGH_KLOW_AE4NA05_P2_H1:B00,AN_ABS_AE4_NHE_S4_PHIGH_KLOW_AE4NA05_P2_H1,AN_ABS_AE4_NHE,4.0,2.0,1.0,H1,PRODUCTION_PRE_REVEAL,True,True,False,2.839525489739536e-12,1.5026174748911103e-14,2.839525489739536e-16,4.0389678347315804e-26,4.2674197509029455e-16,True,True,3.784949784146896e-12,11,0,2.8279600883251987e-12,True,"{""cl_i_mM"":21.68517247638892,""cl_l_mM"":142.79894844021803,""k_i_mM"":89.80938554586925,""k_l_mM"":8.435468491113356,""na_i_mM"":13.645090801753485,""na_l_mM"":142.19774881619014,""ph_i"":7.611858633739291,""ph_l"":8.016944103454323,""tic_i_mM"":3.2680042848837525,""tic_l_mM"":7.886701545658185,""v_apical_mV"":-55.11993011680497,""v_basolateral_mV"":-74.97957274017345,""volume_i_pL"":1.3,""volume_l_pL"":0.10333867650926372}","[""cl_i_mM:outside_[47.1,53.1]"",""ph_i:outside_[6.77,7.05]"",""k_i_mM:outside_[100,160]""]",False,2.7000623958883807e-13,[],True,True
AN_ABS_AE4_NHE_S4_PHIGH_KLOW_AE4NA10_P2_H1:B00,AN_ABS_AE4_NHE_S4_PHIGH_KLOW_AE4NA10_P2_H1,AN_ABS_AE4_NHE,4.0,2.0,1.0,H1,PRODUCTION_PRE_REVEAL,True,True,False,3.054197519891666e-12,3.3306690738754696e-16,3.054197519891666e-16,2.7464981276174747e-26,2.42861286636753e-16,True,True,2.1521413123837263e-12,11,0,1.5987211554602254e-13,True,"{""cl_i_mM"":20.436531086583678,""cl_l_mM"":142.51023759905138,""k_i_mM"":81.5275180047008,""k_l_mM"":7.059231248037691,""na_i_mM"":20.13394811918599,""na_l_mM"":143.54799647418818,""ph_i"":7.501129920086082,""ph_l"":7.8694328827771205,""tic_i_mM"":3.771633392636374,""tic_l_mM"":8.203103143242409,""v_apical_mV"":-56.560269439608405,""v_basolateral_mV"":-75.00633292714383,""volume_i_pL"":1.3,""volume_l_pL"":0.10337478955473345}","[""cl_i_mM:outside_[47.1,53.1]"",""ph_i:outside_[6.77,7.05]"",""k_i_mM:outside_[100,160]""]",False,1.4210854715202004e-14,[],True,True
AN_ABS_AE4_NHE_S4_PHIGH_KLOW_AE4NA20_P2_H1:B00,AN_ABS_AE4_NHE_S4_PHIGH_KLOW_AE4NA20_P2_H1,AN_ABS_AE4_NHE,4.0,2.0,1.0,H1,PRODUCTION_PRE_REVEAL,True,True,False,9.833713704443525e-12,2.6194324487249787e-14,9.833713704443525e-16,1.1309109937248425e-26,2.0122792321330962e-16,True,True,1.2289431625123193e-11,11,0,1.0658141036401503e-14,True,"{""cl_i_mM"":21.533067889232782,""cl_l_mM"":141.8399386695008,""k_i_mM"":64.62043130423879,""k_l_mM"":5.992263357540519,""na_i_mM"":37.5481508517632,""na_l_mM"":144.55254361938262,""ph_i"":7.35246353473475,""ph_l"":7.652506893498555,""tic_i_mM"":4.86022242138798,""tic_l_mM"":8.927748500181183,""v_apical_mV"":-54.68870530889027,""v_basolateral_mV"":-70.90552102154794,""volume_i_pL"":1.2999999999999943,""volume_l_pL"":0.10320338517992399}","[""cl_i_mM:outside_[47.1,53.1]"",""ph_i:outside_[6.77,7.05]"",""na_i_mM:outside_[10,35]"",""k_i_mM:outside_[100,160]""]",False,0.0,[],True,True
AN_ABS_AE4_NHE_S4_PLOW_KHIGH_AE4NA05_P1_H1:B00,AN_ABS_AE4_NHE_S4_PLOW_KHIGH_AE4NA05_P1_H1,AN_ABS_AE4_NHE,4.0,1.0,1.0,H1,PRODUCTION_PRE_REVEAL,True,True,False,8.720238073300912e-12,9.565265246536114e-15,8.720238073300912e-16,1.454028420503369e-26,2.463307335887066e-16,True,True,8.720238073300912e-12,11,0,1.4210854715202004e-14,True,"{""cl_i_mM"":26.913241515829686,""cl_l_mM"":141.60644989204883,""k_i_mM"":68.8764575126682,""k_l_mM"":10.31913352007787,""na_i_mM"":37.22727148462651,""na_l_mM"":140.22875409396727,""ph_i"":7.315418159849586,""ph_l"":7.72926209134906,""tic_i_mM"":3.803659914082069,""tic_l_mM"":9.125854532693612,""v_apical_mV"":-48.19198465448432,""v_basolateral_mV"":-65.78939798963059,""volume_i_pL"":1.3,""volume_l_pL"":0.10251766501703985}","[""cl_i_mM:outside_[47.1,53.1]"",""ph_i:outside_[6.77,7.05]"",""na_i_mM:outside_[10,35]"",""k_i_mM:outside_[100,160]""]",False,2.6911806116913795e-13,[],True,True
AN_ABS_AE4_NHE_S4_PLOW_KHIGH_AE4NA05_P2_H1:B00,AN_ABS_AE4_NHE_S4_PLOW_KHIGH_AE4NA05_P2_H1,AN_ABS_AE4_NHE,4.0,2.0,1.0,H1,PRODUCTION_PRE_REVEAL,True,True,False,3.532222257740525e-11,1.5955986532034672e-14,3.532222257740525e-15,9.693522803355793e-27,1.6306400674181987e-16,True,True,3.591961797444476e-12,11,0,2.842170943040401e-14,True,"{""cl_i_mM"":23.012502808540894,""cl_l_mM"":142.92235714452897,""k_i_mM"":90.99465448119511,""k_l_mM"":10.848155214789589,""na_i_mM"":13.837908658807303,""na_l_mM"":139.7779549398612,""ph_i"":7.609349017102438,""ph_l"":7.997688899340689,""tic_i_mM"":3.3425203730004545,""tic_l_mM"":7.761274149882299,""v_apical_mV"":-53.4839080452386,""v_basolateral_mV"":-74.5246609220096,""volume_i_pL"":1.3,""volume_l_pL"":0.10314494997754299}","[""cl_i_mM:outside_[47.1,53.1]"",""ph_i:outside_[6.77,7.05]"",""k_i_mM:outside_[100,160]""]",False,2.6911806116913795e-13,[],True,True
AN_ABS_AE4_NHE_S4_PLOW_KHIGH_AE4NA10_P2_H1:B00,AN_ABS_AE4_NHE_S4_PLOW_KHIGH_AE4NA10_P2_H1,AN_ABS_AE4_NHE,4.0,2.0,1.0,H1,PRODUCTION_PRE_REVEAL,True,True,False,3.467278547608643e-12,2.3741425492218582e-14,3.467278547608643e-16,8.077935669463161e-27,1.214306433183765e-16,True,True,3.467278547608643e-12,11,0,1.7763568394002505e-15,True,"{""cl_i_mM"":21.601256740895742,""cl_l_mM"":142.6893750924864,""k_i_mM"":82.23669224182215,""k_l_mM"":9.241468252033666,""na_i_mM"":20.616919888769228,""na_l_mM"":141.35634780665922,""ph_i"":7.496160237349632,""ph_l"":7.844470774120028,""tic_i_mM"":3.851975505732249,""tic_l_mM"":8.021679028651215,""v_apical_mV"":-55.03073741551284,""v_basolateral_mV"":-75.09898990083612,""volume_i_pL"":1.3000000000000018,""volume_l_pL"":0.1031264543771097}","[""cl_i_mM:outside_[47.1,53.1]"",""ph_i:outside_[6.77,7.05]"",""k_i_mM:outside_[100,160]""]",False,7.105427357601002e-15,[],True,True
AN_ABS_AE4_NHE_S4_PLOW_KHIGH_AE4NA20_P2_H1:B00,AN_ABS_AE4_NHE_S4_PLOW_KHIGH_AE4NA20_P2_H1,AN_ABS_AE4_NHE,4.0,2.0,1.0,H1,PRODUCTION_PRE_REVEAL,True,True,False,9.662409761190816e-12,3.12645742628348e-13,9.662409761190816e-16,3.3927329811745276e-26,3.478120569333498e-16,True,True,9.662409761190816e-12,11,0,0.0,True,"{""cl_i_mM"":22.566247414647037,""cl_l_mM"":142.02281707062406,""k_i_mM"":64.72973825259693,""k_l_mM"":7.8000844694583655,""na_i_mM"":38.506879592931035,""na_l_mM"":142.73312562197796,""ph_i"":7.348122786551135,""ph_l"":7.628613898267989,""tic_i_mM"":4.951580244624106,""tic_l_mM"":8.742813386126794,""v_apical_mV"":-53.36709272786888,""v_basolateral_mV"":-71.3737420612575,""volume_i_pL"":1.299999999999931,""volume_l_pL"":0.10291354193551235}","[""cl_i_mM:outside_[47.1,53.1]"",""ph_i:outside_[6.77,7.05]"",""na_i_mM:outside_[10,35]"",""k_i_mM:outside_[100,160]""]",False,1.4210854715202004e-14,[],True,True
AN_ABS_AE4_NHE_S4_PLOW_KLOW_AE4NA05_P1_H1:B00,AN_ABS_AE4_NHE_S4_PLOW_KLOW_AE4NA05_P1_H1,AN_ABS_AE4_NHE,4.0,1.0,1.0,H1,PRODUCTION_PRE_REVEAL,True,True,False,2.604524668853303e-11,1.1542850009149674e-14,2.604524668853303e-15,2.1002632740604218e-26,2.229119666630197e-16,True,True,2.604524668853303e-11,11,0,7.105427357601002e-15,True,"{""cl_i_mM"":26.60122030641778,""cl_l_mM"":141.69939697792464,""k_i_mM"":68.61734414480401,""k_l_mM"":9.44556082404369,""na_i_mM"":37.15945080869178,""na_l_mM"":141.10261950754213,""ph_i"":7.315359212063291,""ph_l"":7.72647441315104,""tic_i_mM"":3.7886157295958762,""tic_l_mM"":9.032775765828541,""v_apical_mV"":-48.555122024203456,""v_basolateral_mV"":-66.50837773089516,""volume_i_pL"":1.3,""volume_l_pL"":0.10252108355588184}","[""cl_i_mM:outside_[47.1,53.1]"",""ph_i:outside_[6.77,7.05]"",""na_i_mM:outside_[10,35]"",""k_i_mM:outside_[100,160]""]",False,2.6911806116913795e-13,[],True,True
AN_ABS_AE4_NHE_S4_PLOW_KLOW_AE4NA05_P2_H1:B00,AN_ABS_AE4_NHE_S4_PLOW_KLOW_AE4NA05_P2_H1,AN_ABS_AE4_NHE,4.0,2.0,1.0,H1,PRODUCTION_PRE_REVEAL,True,True,False,3.015166241682188e-12,1.4932499681208355e-14,3.015166241682188e-16,2.1002632740604218e-26,2.220446049250313e-16,True,True,3.0410786736045914e-11,11,0,2.842170943040401e-14,True,"{""cl_i_mM"":22.86336301649377,""cl_l_mM"":142.9713260322707,""k_i_mM"":90.85522582896427,""k_l_mM"":9.77656807537235,""na_i_mM"":13.821536725428535,""na_l_mM"":140.8490469766191,""ph_i"":7.60950166493572,""ph_l"":7.996106226102907,""tic_i_mM"":3.3343085047258394,""tic_l_mM"":7.711927812650271,""v_apical_mV"":-53.67495599764719,""v_basolateral_mV"":-75.00167343377402,""volume_i_pL"":1.3,""volume_l_pL"":0.10312642714288477}","[""cl_i_mM:outside_[47.1,53.1]"",""ph_i:outside_[6.77,7.05]"",""k_i_mM:outside_[100,160]""]",False,2.6911806116913795e-13,[],True,True
AN_ABS_AE4_NHE_S4_PLOW_KLOW_AE4NA10_P2_H1:B00,AN_ABS_AE4_NHE_S4_PLOW_KLOW_AE4NA10_P2_H1,AN_ABS_AE4_NHE,4.0,2.0,1.0,H1,PRODUCTION_PRE_REVEAL,True,True,False,2.4210234511601314e-12,3.7383290907300193e-16,2.4210234511601314e-16,1.6155871338926322e-26,1.491862189340054e-16,True,True,2.4210234511601314e-12,11,0,1.7763568394002505e-14,True,"{""cl_i_mM"":21.793234140065003,""cl_l_mM"":142.69425805468535,""k_i_mM"":82.34742325852105,""k_l_mM"":8.433935480452638,""na_i_mM"":20.70168830289551,""na_l_mM"":142.16277552974114,""ph_i"":7.495278349301393,""ph_l"":7.841750551736335,""tic_i_mM"":3.8648774049794987,""tic_l_mM"":8.016673882705575,""v_apical_mV"":-54.78100097955528,""v_basolateral_mV"":-74.95500440293756,""volume_i_pL"":1.3,""volume_l_pL"":0.10310040227239006}","[""cl_i_mM:outside_[47.1,53.1]"",""ph_i:outside_[6.77,7.05]"",""k_i_mM:outside_[100,160]""]",False,1.4210854715202004e-14,[],True,True
AN_ABS_AE4_NHE_S4_PLOW_KLOW_AE4NA20_P2_H1:B00,AN_ABS_AE4_NHE_S4_PLOW_KLOW_AE4NA20_P2_H1,AN_ABS_AE4_NHE,4.0,2.0,1.0,H1,PRODUCTION_PRE_REVEAL,True,True,False,4.018920612969268e-11,7.840950111415168e-16,4.018920612969268e-15,4.8467614016778965e-27,3.5561831257524545e-17,True,True,8.458945349731906e-12,11,0,1.4210854715202004e-14,True,"{""cl_i_mM"":23.022054408758784,""cl_l_mM"":141.95954795648598,""k_i_mM"":64.75323741034823,""k_l_mM"":7.218531430240759,""na_i_mM"":38.95334480063737,""na_l_mM"":143.3120851069132,""ph_i"":7.3461750401938986,""ph_l"":7.626114151322291,""tic_i_mM"":4.991112526254093,""tic_l_mM"":8.806720263702447,""v_apical_mV"":-52.773047384923835,""v_basolateral_mV"":-70.65826707014575,""volume_i_pL"":1.3,""volume_l_pL"":0.10287202374034549}","[""cl_i_mM:outside_[47.1,53.1]"",""ph_i:outside_[6.77,7.05]"",""na_i_mM:outside_[10,35]"",""k_i_mM:outside_[100,160]""]",False,0.0,[],True,True
AN_ABS_AE4_NHE_S4_PNOM_KMID_AE4NA05_P1_H1:B00,AN_ABS_AE4_NHE_S4_PNOM_KMID_AE4NA05_P1_H1,AN_ABS_AE4_NHE,4.0,1.0,1.0,H1,PRODUCTION_PRE_REVEAL,True,True,False,1.0549287138283958e-11,4.389134997291599e-15,1.0549287138283958e-15,4.8467614016778965e-27,5.811323644522304e-17,True,True,1.3005005058963626e-11,11,0,7.105427357601002e-15,True,"{""cl_i_mM"":26.335816640894997,""cl_l_mM"":141.6345384915373,""k_i_mM"":68.49901025464862,""k_l_mM"":9.56988396170294,""na_i_mM"":37.00673610980961,""na_l_mM"":140.9813782059394,""ph_i"":7.3160578627266295,""ph_l"":7.732727749459789,""tic_i_mM"":3.773636080713045,""tic_l_mM"":9.098770791406496,""v_apical_mV"":-48.84075188946157,""v_basolateral_mV"":-66.21738324963827,""volume_i_pL"":1.3,""volume_l_pL"":0.10261063266449964}","[""cl_i_mM:outside_[47.1,53.1]"",""ph_i:outside_[6.77,7.05]"",""na_i_mM:outside_[10,35]"",""k_i_mM:outside_[100,160]""]",False,3.3573144264664734e-13,[],True,True
AN_ABS_AE4_NHE_S4_PNOM_KMID_AE4NA05_P2_H1:B00,AN_ABS_AE4_NHE_S4_PNOM_KMID_AE4NA05_P2_H1,AN_ABS_AE4_NHE,4.0,2.0,1.0,H1,PRODUCTION_PRE_REVEAL,True,True,False,6.537739100087592e-12,1.5046991430622825e-14,6.537739100087592e-16,3.2311742677852644e-26,3.3046482217358175e-16,True,True,6.537739100087592e-12,11,0,2.9558577807620168e-12,True,"{""cl_i_mM"":22.291461644301172,""cl_l_mM"":142.86373081985005,""k_i_mM"":90.35229096033055,""k_l_mM"":9.793473899362581,""na_i_mM"":13.732339527380338,""na_l_mM"":140.8363383016347,""ph_i"":7.610739457810105,""ph_l"":8.007660927100622,""tic_i_mM"":3.3024871220455814,""tic_l_mM"":7.820940471755762,""v_apical_mV"":-54.36318868681943,""v_basolateral_mV"":-74.81738361909042,""volume_i_pL"":1.3,""volume_l_pL"":0.10324561569532636}","[""cl_i_mM:outside_[47.1,53.1]"",""ph_i:outside_[6.77,7.05]"",""k_i_mM:outside_[100,160]""]",False,2.7000623958883807e-13,[],True,True
AN_ABS_AE4_NHE_S4_PNOM_KMID_AE4NA10_P2_H1:B00,AN_ABS_AE4_NHE_S4_PNOM_KMID_AE4NA10_P2_H1,AN_ABS_AE4_NHE,4.0,2.0,1.0,H1,PRODUCTION_PRE_REVEAL,True,True,False,6.252593928723904e-12,8.36136715420821e-16,6.252593928723904e-16,4.8467614016778965e-26,5.065392549852277e-16,True,True,8.708311849403572e-12,11,0,4.263256414560601e-14,True,"{""cl_i_mM"":20.980163089645295,""cl_l_mM"":142.60175015509094,""k_i_mM"":81.86881178271697,""k_l_mM"":8.307636614780982,""na_i_mM"":20.350792299309745,""na_l_mM"":142.29508458194334,""ph_i"":7.498932516734066,""ph_l"":7.857427968249479,""tic_i_mM"":3.8095825171563042,""tic_l_mM"":8.110448177167877,""v_apical_mV"":-55.838558909390656,""v_basolateral_mV"":-75.09340573008045,""volume_i_pL"":1.3,""volume_l_pL"":0.1032548720243326}","[""cl_i_mM:outside_[47.1,53.1]"",""ph_i:outside_[6.77,7.05]"",""k_i_mM:outside_[100,160]""]",False,1.4210854715202004e-14,[],True,True
AN_ABS_AE4_NHE_S4_PNOM_KMID_AE4NA20_P2_H1:B00,AN_ABS_AE4_NHE_S4_PNOM_KMID_AE4NA20_P2_H1,AN_ABS_AE4_NHE,4.0,2.0,1.0,H1,PRODUCTION_PRE_REVEAL,True,True,False,2.2770414026540564e-11,7.73686670285656e-16,2.2770414026540564e-15,3.2311742677852644e-26,3.8077180297690916e-16,True,True,2.2770414026540564e-11,11,0,1.7763568394002505e-14,True,"{""cl_i_mM"":22.020391088974883,""cl_l_mM"":141.93326589821856,""k_i_mM"":64.70573457922025,""k_l_mM"":7.046845153432862,""na_i_mM"":37.96917939754562,""na_l_mM"":143.49245470321156,""ph_i"":7.3506220612045,""ph_l"":7.641062128766696,""tic_i_mM"":4.90339336511553,""tic_l_mM"":8.833329811896101,""v_apical_mV"":-54.06033644007628,""v_basolateral_mV"":-71.16664623537507,""volume_i_pL"":1.3,""volume_l_pL"":0.1030633082761991}","[""cl_i_mM:outside_[47.1,53.1]"",""ph_i:outside_[6.77,7.05]"",""na_i_mM:outside_[10,35]"",""k_i_mM:outside_[100,160]""]",False,1.4210854715202004e-14,[],True,True
AN_ABS_AE4_NHE_S5_PHIGH_KHIGH_AE4NA05_P2_H1:B00,AN_ABS_AE4_NHE_S5_PHIGH_KHIGH_AE4NA05_P2_H1,AN_ABS_AE4_NHE,5.0,2.0,1.0,H1,PRODUCTION_PRE_REVEAL,True,True,False,4.615448648270792e-12,2.1347507095370588e-14,4.615448648270792e-16,2.5849394142282115e-26,4.128641872824801e-16,True,True,4.615448648270792e-12,11,0,1.4210854715202004e-14,True,"{""cl_i_mM"":20.74804530983392,""cl_l_mM"":142.68719701599986,""k_i_mM"":87.82369256133673,""k_l_mM"":8.957953673939508,""na_i_mM"":15.694433181650775,""na_l_mM"":141.6994884554773,""ph_i"":7.757666538043473,""ph_l"":8.170113601440356,""tic_i_mM"":3.1358629358048367,""tic_l_mM"":7.977363691717078,""v_apical_mV"":-56.2766371113397,""v_basolateral_mV"":-75.41417092438036,""volume_i_pL"":1.3,""volume_l_pL"":0.10340523890584444}","[""cl_i_mM:outside_[47.1,53.1]"",""ph_i:outside_[6.77,7.05]"",""k_i_mM:outside_[100,160]""]",False,3.552713678800501e-13,[],True,True
AN_ABS_AE4_NHE_S5_PHIGH_KHIGH_AE4NA10_P2_H1:B00,AN_ABS_AE4_NHE_S5_PHIGH_KHIGH_AE4NA10_P2_H1,AN_ABS_AE4_NHE,5.0,2.0,1.0,H1,PRODUCTION_PRE_REVEAL,True,True,False,1.362842130814279e-12,5.158720672859829e-14,1.362842130814279e-16,4.6852026882886333e-26,4.588343593958655e-16,True,True,3.088891989411202e-11,11,0,2.1316282072803006e-14,True,"{""cl_i_mM"":19.943813289034473,""cl_l_mM"":142.32748244008803,""k_i_mM"":75.51835253036931,""k_l_mM"":7.406633677132096,""na_i_mM"":26.22986403052705,""na_l_mM"":143.21620700699276,""ph_i"":7.573170727962745,""ph_l"":7.959010740965059,""tic_i_mM"":3.6577199853024815,""tic_l_mM"":8.370693737677259,""v_apical_mV"":-57.109596343035456,""v_basolateral_mV"":-74.66549113567558,""volume_i_pL"":1.2999999999999938,""volume_l_pL"":0.10338430828706079}","[""cl_i_mM:outside_[47.1,53.1]"",""ph_i:outside_[6.77,7.05]"",""k_i_mM:outside_[100,160]""]",False,1.4210854715202004e-14,[],True,True
AN_ABS_AE4_NHE_S5_PHIGH_KLOW_AE4NA05_P2_H1:B00,AN_ABS_AE4_NHE_S5_PHIGH_KLOW_AE4NA05_P2_H1,AN_ABS_AE4_NHE,5.0,2.0,1.0,H1,PRODUCTION_PRE_REVEAL,True,True,False,1.2175590397012215e-11,2.482389294122811e-14,1.2175590397012215e-15,1.9387045606711586e-26,2.0729945537922845e-16,True,True,1.2175590397012215e-11,11,0,3.552713678800501e-15,True,"{""cl_i_mM"":20.863814992889083,""cl_l_mM"":142.71826698738124,""k_i_mM"":87.90266004146079,""k_l_mM"":7.8421370038683405,""na_i_mM"":15.732200395023218,""na_l_mM"":142.81413410145464,""ph_i"":7.756842275794105,""ph_l"":8.166991365774305,""tic_i_mM"":3.142647423861515,""tic_l_mM"":7.945995130458381,""v_apical_mV"":-56.12691904532481,""v_basolateral_mV"":-75.50792077909895,""volume_i_pL"":1.3,""volume_l_pL"":0.10337404143918356}","[""cl_i_mM:outside_[47.1,53.1]"",""ph_i:outside_[6.77,7.05]"",""k_i_mM:outside_[100,160]""]",False,4.11226608321158e-13,[],True,True
AN_ABS_AE4_NHE_S5_PHIGH_KLOW_AE4NA10_P2_H1:B00,AN_ABS_AE4_NHE_S5_PHIGH_KLOW_AE4NA10_P2_H1,AN_ABS_AE4_NHE,5.0,2.0,1.0,H1,PRODUCTION_PRE_REVEAL,True,True,False,8.68445940160889e-12,4.2327252813834093e-16,8.684459401608891e-16,1.9387045606711586e-26,2.0556473190325164e-16,True,True,8.68445940160889e-12,11,0,3.552713678800501e-15,True,"{""cl_i_mM"":20.402066909192065,""cl_l_mM"":142.3030924138787,""k_i_mM"":75.61099431918834,""k_l_mM"":6.532675261518352,""na_i_mM"":26.589023578637555,""na_l_mM"":144.08775317129542,""ph_i"":7.568875204981455,""ph_l"":7.952093280964757,""tic_i_mM"":3.691622757587439,""tic_l_mM"":8.395324033752239,""v_apical_mV"":-56.46045764178064,""v_basolateral_mV"":-74.06106363942436,""volume_i_pL"":1.3,""volume_l_pL"":0.10333820072408059}","[""cl_i_mM:outside_[47.1,53.1]"",""ph_i:outside_[6.77,7.05]"",""k_i_mM:outside_[100,160]""]",False,0.0,[],True,True
AN_ABS_AE4_NHE_S5_PLOW_KHIGH_AE4NA05_P2_H1:B00,AN_ABS_AE4_NHE_S5_PLOW_KHIGH_AE4NA05_P2_H1,AN_ABS_AE4_NHE,5.0,2.0,1.0,H1,PRODUCTION_PRE_REVEAL,True,True,False,1.2858637765678083e-12,1.0408340855860843e-14,1.2858637765678083e-16,4.362085261510107e-26,4.718447854656915e-16,True,True,1.2858637765678083e-12,11,0,3.552713678800501e-15,True,"{""cl_i_mM"":22.11842974890161,""cl_l_mM"":142.87090118083816,""k_i_mM"":88.90744019419039,""k_l_mM"":10.181129749150564,""na_i_mM"":16.01251483546344,""na_l_mM"":140.46699975059315,""ph_i"":7.75109630596146,""ph_l"":8.145043406547078,""tic_i_mM"":3.214388694385084,""tic_l_mM"":7.791296275000708,""v_apical_mV"":-54.52090471612365,""v_basolateral_mV"":-75.28919907448606,""volume_i_pL"":1.3,""volume_l_pL"":0.10315737930967554}","[""cl_i_mM:outside_[47.1,53.1]"",""ph_i:outside_[6.77,7.05]"",""k_i_mM:outside_[100,160]""]",False,1.723066134218243e-13,[],True,True
AN_ABS_AE4_NHE_S5_PLOW_KHIGH_AE4NA10_P2_H1:B00,AN_ABS_AE4_NHE_S5_PLOW_KHIGH_AE4NA10_P2_H1,AN_ABS_AE4_NHE,5.0,2.0,1.0,H1,PRODUCTION_PRE_REVEAL,True,True,False,3.854338723185968e-12,7.216449660063518e-16,3.8543387231859683e-16,4.8467614016778965e-26,6.036837696399289e-16,True,True,3.854338723185968e-12,11,0,1.0658141036401503e-14,True,"{""cl_i_mM"":21.51160543288629,""cl_l_mM"":142.49043024074732,""k_i_mM"":75.98180301269345,""k_l_mM"":8.567748084426752,""na_i_mM"":27.326713844901533,""na_l_mM"":142.04223284039819,""ph_i"":7.560450418227779,""ph_l"":7.923983902692608,""tic_i_mM"":3.7708606233599102,""tic_l_mM"":8.205595604352462,""v_apical_mV"":-54.98714203632709,""v_basolateral_mV"":-74.32479996969289,""volume_i_pL"":1.3,""volume_l_pL"":0.10306566893493067}","[""cl_i_mM:outside_[47.1,53.1]"",""ph_i:outside_[6.77,7.05]"",""k_i_mM:outside_[100,160]""]",False,1.4210854715202004e-14,[],True,True
AN_ABS_AE4_NHE_S5_PLOW_KLOW_AE4NA05_P2_H1:B00,AN_ABS_AE4_NHE_S5_PLOW_KLOW_AE4NA05_P2_H1,AN_ABS_AE4_NHE,5.0,2.0,1.0,H1,PRODUCTION_PRE_REVEAL,True,True,False,2.7570177044133892e-11,6.374588357171973e-13,2.7570177044133892e-15,1.454028420503369e-26,1.6306400674181987e-16,True,True,4.367062267363053e-12,11,0,2.1316282072803006e-14,True,"{""cl_i_mM"":22.120411050687395,""cl_l_mM"":142.9032671296765,""k_i_mM"":88.90373141816093,""k_l_mM"":9.220011555536523,""na_i_mM"":16.017523224382774,""na_l_mM"":141.42739477541488,""ph_i"":7.750983503175612,""ph_l"":8.143230464982599,""tic_i_mM"":3.214496444215129,""tic_l_mM"":7.758658742936108,""v_apical_mV"":-54.52431664248078,""v_basolateral_mV"":-75.50846355099019,""volume_i_pL"":1.300000000000026,""volume_l_pL"":0.10313626237451771}","[""cl_i_mM:outside_[47.1,53.1]"",""ph_i:outside_[6.77,7.05]"",""k_i_mM:outside_[100,160]""]",False,1.4921397450962104e-13,[],True,True
AN_ABS_AE4_NHE_S5_PLOW_KLOW_AE4NA10_P2_H1:B00,AN_ABS_AE4_NHE_S5_PLOW_KLOW_AE4NA10_P2_H1,AN_ABS_AE4_NHE,5.0,2.0,1.0,H1,PRODUCTION_PRE_REVEAL,True,True,False,2.413434035952733e-12,4.611586178031313e-16,2.413434035952733e-16,3.069615554396001e-26,5.967448757360216e-16,True,True,2.413434035952733e-12,11,0,1.7763568394002505e-14,True,"{""cl_i_mM"":21.83502962155182,""cl_l_mM"":142.4679222539696,""k_i_mM"":76.07962628543316,""k_l_mM"":7.866710488381421,""na_i_mM"":27.550808113844706,""na_l_mM"":142.7416808739149,""ph_i"":7.557936076165564,""ph_l"":7.920042347647417,""tic_i_mM"":3.7934691682452946,""tic_l_mM"":8.228162783119402,""v_apical_mV"":-54.55556921659323,""v_basolateral_mV"":-73.89972909344331,""volume_i_pL"":1.3,""volume_l_pL"":0.10303318170711655}","[""cl_i_mM:outside_[47.1,53.1]"",""ph_i:outside_[6.77,7.05]"",""k_i_mM:outside_[100,160]""]",False,1.4210854715202004e-14,[],True,True
AN_ABS_AE4_NHE_S5_PNOM_KMID_AE4NA05_P2_H1:B00,AN_ABS_AE4_NHE_S5_PNOM_KMID_AE4NA05_P2_H1,AN_ABS_AE4_NHE,5.0,2.0,1.0,H1,PRODUCTION_PRE_REVEAL,True,True,False,1.3062467774105357e-11,2.2121193765656244e-14,1.3062467774105357e-15,1.454028420503369e-26,3.0531133177191805e-16,True,True,1.3062467774105357e-11,11,0,7.105427357601002e-15,True,"{""cl_i_mM"":21.442376662609824,""cl_l_mM"":142.79700793687846,""k_i_mM"":88.36952332802642,""k_l_mM"":9.167532201970113,""na_i_mM"":15.858805945164397,""na_l_mM"":141.48481900825496,""ph_i"":7.754249469118284,""ph_l"":8.156503837820953,""tic_i_mM"":3.1761430801481487,""tic_l_mM"":7.866256276078199,""v_apical_mV"":-55.37730953447933,""v_basolateral_mV"":-75.45290007878175,""volume_i_pL"":1.3,""volume_l_pL"":0.1032696447037473}","[""cl_i_mM:outside_[47.1,53.1]"",""ph_i:outside_[6.77,7.05]"",""k_i_mM:outside_[100,160]""]",False,3.6770586575585185e-13,[],True,True
AN_ABS_AE4_NHE_S5_PNOM_KMID_AE4NA10_P2_H1:B00,AN_ABS_AE4_NHE_S5_PNOM_KMID_AE4NA10_P2_H1,AN_ABS_AE4_NHE,5.0,2.0,1.0,H1,PRODUCTION_PRE_REVEAL,True,True,False,3.252606517456513e-11,1.3316084346293167e-13,3.2526065174565133e-15,2.1002632740604218e-26,2.255140518769849e-16,True,True,3.3389090103863595e-11,11,0,5.558220550483384e-11,True,"{""cl_i_mM"":20.923463690405043,""cl_l_mM"":142.39865912323887,""k_i_mM"":75.8044531905434,""k_l_mM"":7.7064289153936745,""na_i_mM"":26.918648363136118,""na_l_mM"":142.90899863565372,""ph_i"":7.56511104989396,""ph_l"":7.93867574961378,""tic_i_mM"":3.729121814462125,""tic_l_mM"":8.298556456777476,""v_apical_mV"":-55.7612575424708,""v_basolateral_mV"":-74.22676624999502,""volume_i_pL"":1.2999999999999838,""volume_l_pL"":0.1032065478728282}","[""cl_i_mM:outside_[47.1,53.1]"",""ph_i:outside_[6.77,7.05]"",""k_i_mM:outside_[100,160]""]",False,1.4210854715202004e-14,[],True,True
AN_ABS_AE4_NHE_S6_PHIGH_KHIGH_AE4NA05_P2_H1:B00,AN_ABS_AE4_NHE_S6_PHIGH_KHIGH_AE4NA05_P2_H1,AN_ABS_AE4_NHE,6.0,2.0,1.0,H1,PRODUCTION_PRE_REVEAL,True,True,False,3.1787723495102505e-11,6.938893903907228e-16,3.1787723495102505e-15,4.2005265481208437e-26,4.0592529337857286e-16,True,True,6.928051882182373e-13,11,0,1.7763568394002505e-14,True,"{""cl_i_mM"":20.13584412358214,""cl_l_mM"":142.60553364247872,""k_i_mM"":85.14462368924526,""k_l_mM"":8.4027667252475,""na_i_mM"":18.08232773088719,""na_l_mM"":142.26442136187015,""ph_i"":7.817319996307352,""ph_l"":8.2337618329274,""tic_i_mM"":3.0635850007737857,""tic_l_mM"":8.050151287830923,""v_apical_mV"":-57.04175377742757,""v_basolateral_mV"":-75.75919964959115,""volume_i_pL"":1.3,""volume_l_pL"":0.10342371138993114}","[""cl_i_mM:outside_[47.1,53.1]"",""ph_i:outside_[6.77,7.05]"",""k_i_mM:outside_[100,160]""]",False,0.0,[],True,True
AN_ABS_AE4_NHE_S6_PHIGH_KHIGH_AE4NA10_P2_H1:B00,AN_ABS_AE4_NHE_S6_PHIGH_KHIGH_AE4NA10_P2_H1,AN_ABS_AE4_NHE,6.0,2.0,1.0,H1,PRODUCTION_PRE_REVEAL,True,True,False,3.023839859062072e-12,7.890891173985282e-16,3.023839859062072e-16,1.7771458472818954e-26,1.8735013540549517e-16,True,True,3.023839859062072e-12,11,0,3.552713678800501e-15,True,"{""cl_i_mM"":20.512736980312276,""cl_l_mM"":142.07960445520257,""k_i_mM"":68.11744153069483,""k_l_mM"":6.931176854317422,""na_i_mM"":34.25916218813458,""na_l_mM"":143.689772473507,""ph_i"":7.57372293036237,""ph_l"":7.964893221842705,""tic_i_mM"":3.713867101540954,""tic_l_mM"":8.616817498699339,""v_apical_mV"":-56.168521430715806,""v_basolateral_mV"":-72.8804675941571,""volume_i_pL"":1.3,""volume_l_pL"":0.10330691866784827}","[""cl_i_mM:outside_[47.1,53.1]"",""ph_i:outside_[6.77,7.05]"",""k_i_mM:outside_[100,160]""]",False,1.4210854715202004e-14,[],True,True
AN_ABS_AE4_NHE_S6_PHIGH_KLOW_AE4NA05_P2_H1:B00,AN_ABS_AE4_NHE_S6_PHIGH_KLOW_AE4NA05_P2_H1,AN_ABS_AE4_NHE,6.0,2.0,1.0,H1,PRODUCTION_PRE_REVEAL,True,True,False,4.039303613811995e-11,3.2439329000766293e-15,4.039303613811995e-15,2.7464981276174747e-26,3.0617869350990645e-16,True,True,2.0611767501121925e-11,11,0,7.958078640513122e-13,True,"{""cl_i_mM"":20.372546331393316,""cl_l_mM"":142.6215790318627,""k_i_mM"":85.28782671502644,""k_l_mM"":7.369306935884853,""na_i_mM"":18.17744410603314,""na_l_mM"":143.29645040085416,""ph_i"":7.815341419945544,""ph_l"":8.229656644057533,""tic_i_mM"":3.077810272295694,""tic_l_mM"":8.033901687926596,""v_apical_mV"":-56.717357948377014,""v_basolateral_mV"":-75.61936302131681,""volume_i_pL"":1.3000000000000003,""volume_l_pL"":0.10338900388228707}","[""cl_i_mM:outside_[47.1,53.1]"",""ph_i:outside_[6.77,7.05]"",""k_i_mM:outside_[100,160]""]",False,1.4210854715202004e-14,[],True,True
AN_ABS_AE4_NHE_S6_PHIGH_KLOW_AE4NA10_P2_H1:B00,AN_ABS_AE4_NHE_S6_PHIGH_KLOW_AE4NA10_P2_H1,AN_ABS_AE4_NHE,6.0,2.0,1.0,H1,PRODUCTION_PRE_REVEAL,True,True,False,5.2410333017949284e-12,4.154662724964453e-16,5.241033301794928e-16,2.1002632740604218e-26,1.8388068845354155e-16,True,True,7.696751222474596e-12,11,0,1.7763568394002505e-14,True,"{""cl_i_mM"":21.08337135574967,""cl_l_mM"":142.02505174311844,""k_i_mM"":68.0969196708487,""k_l_mM"":6.13918581589432,""na_i_mM"":34.84116231153112,""na_l_mM"":144.47876972529957,""ph_i"":7.5679711443657895,""ph_l"":7.9568309376984825,""tic_i_mM"":3.758772460520924,""tic_l_mM"":8.671769442326116,""v_apical_mV"":-55.371380640619,""v_basolateral_mV"":-72.03476022799303,""volume_i_pL"":1.3,""volume_l_pL"":0.10325184056745018}","[""cl_i_mM:outside_[47.1,53.1]"",""ph_i:outside_[6.77,7.05]"",""k_i_mM:outside_[100,160]""]",False,1.4210854715202004e-14,[],True,True
AN_ABS_AE4_NHE_S6_PLOW_KHIGH_AE4NA05_P2_H1:B00,AN_ABS_AE4_NHE_S6_PLOW_KHIGH_AE4NA05_P2_H1,AN_ABS_AE4_NHE,6.0,2.0,1.0,H1,PRODUCTION_PRE_REVEAL,True,True,False,2.1134352948259938e-11,3.3306690738754696e-16,2.1134352948259938e-15,2.908056841006738e-26,3.608224830031759e-16,True,True,1.867863502758027e-11,11,0,3.552713678800501e-15,True,"{""cl_i_mM"":21.571462226825737,""cl_l_mM"":142.79419892760015,""k_i_mM"":86.11472411713399,""k_l_mM"":9.62915687324527,""na_i_mM"":18.56858919576949,""na_l_mM"":141.02758723529007,""ph_i"":7.807471405484021,""ph_l"":8.206276452712709,""tic_i_mM"":3.1477397722564264,""tic_l_mM"":7.859167169930895,""v_apical_mV"":-55.143432798312176,""v_basolateral_mV"":-75.58660771900269,""volume_i_pL"":1.3,""volume_l_pL"":0.10315277807701317}","[""cl_i_mM:outside_[47.1,53.1]"",""ph_i:outside_[6.77,7.05]"",""k_i_mM:outside_[100,160]""]",False,1.4210854715202004e-14,[],True,True
AN_ABS_AE4_NHE_S6_PLOW_KHIGH_AE4NA10_P2_H1:B00,AN_ABS_AE4_NHE_S6_PLOW_KHIGH_AE4NA10_P2_H1,AN_ABS_AE4_NHE,6.0,2.0,1.0,H1,PRODUCTION_PRE_REVEAL,True,True,False,2.0771145220477294e-11,5.856453559952013e-16,2.0771145220477294e-15,8.077935669463161e-27,7.37257477290143e-17,True,True,8.503397638803811e-12,11,0,1.7763568394002505e-14,True,"{""cl_i_mM"":22.1414735846869,""cl_l_mM"":142.210734086801,""k_i_mM"":68.25321290123169,""k_l_mM"":8.017020285223657,""na_i_mM"":35.74064358878479,""na_l_mM"":142.59005465396092,""ph_i"":7.559438101820053,""ph_l"":7.929107759612765,""tic_i_mM"":3.8378688412627544,""tic_l_mM"":8.483448432204566,""v_apical_mV"":-53.99559002360318,""v_basolateral_mV"":-72.43914504889506,""volume_i_pL"":1.3,""volume_l_pL"":0.10296484892545686}","[""cl_i_mM:outside_[47.1,53.1]"",""ph_i:outside_[6.77,7.05]"",""na_i_mM:outside_[10,35]"",""k_i_mM:outside_[100,160]""]",False,7.105427357601002e-15,[],True,True
AN_ABS_AE4_NHE_S6_PLOW_KLOW_AE4NA05_P2_H1:B00,AN_ABS_AE4_NHE_S6_PLOW_KLOW_AE4NA05_P2_H1,AN_ABS_AE4_NHE,6.0,2.0,1.0,H1,PRODUCTION_PRE_REVEAL,True,True,False,6.207057437479513e-12,5.8827941670292535e-16,6.207057437479513e-16,1.454028420503369e-26,1.3183898417423734e-16,True,True,6.207057437479513e-12,11,0,3.552713678800501e-15,True,"{""cl_i_mM"":21.69088252621041,""cl_l_mM"":142.8111465874336,""k_i_mM"":86.19195525913773,""k_l_mM"":8.757907358076945,""na_i_mM"":18.611945394795125,""na_l_mM"":141.89792660121415,""ph_i"":7.806601252541738,""ph_l"":8.203860764317351,""tic_i_mM"":3.154552991630904,""tic_l_mM"":7.842004370891584,""v_apical_mV"":-54.99085753892447,""v_basolateral_mV"":-75.58648688116845,""volume_i_pL"":1.3,""volume_l_pL"":0.10312889006996177}","[""cl_i_mM:outside_[47.1,53.1]"",""ph_i:outside_[6.77,7.05]"",""k_i_mM:outside_[100,160]""]",False,7.105427357601002e-15,[],True,True
AN_ABS_AE4_NHE_S6_PLOW_KLOW_AE4NA10_P2_H1:B00,AN_ABS_AE4_NHE_S6_PLOW_KLOW_AE4NA10_P2_H1,AN_ABS_AE4_NHE,6.0,2.0,1.0,H1,PRODUCTION_PRE_REVEAL,True,True,False,6.697116819442961e-12,2.5934115965853266e-16,6.697116819442961e-16,6.462348535570529e-27,1.0061396160665481e-16,True,True,6.697116819442961e-12,11,0,5.684341886080802e-14,True,"{""cl_i_mM"":22.562034863416535,""cl_l_mM"":142.16002041653144,""k_i_mM"":68.29732206868738,""k_l_mM"":7.402014830519047,""na_i_mM"":36.11465115581998,""na_l_mM"":143.20306593484023,""ph_i"":7.5559596261330055,""ph_l"":7.9247118435805515,""tic_i_mM"":3.8688649864106766,""tic_l_mM"":8.534316181288217,""v_apical_mV"":-53.440820051276766,""v_basolateral_mV"":-71.79899500647689,""volume_i_pL"":1.3,""volume_l_pL"":0.1029257867609081}","[""cl_i_mM:outside_[47.1,53.1]"",""ph_i:outside_[6.77,7.05]"",""na_i_mM:outside_[10,35]"",""k_i_mM:outside_[100,160]""]",False,7.105427357601002e-15,[],True,True
AN_ABS_AE4_NHE_S6_PNOM_KMID_AE4NA05_P2_H1:B00,AN_ABS_AE4_NHE_S6_PNOM_KMID_AE4NA05_P2_H1,AN_ABS_AE4_NHE,6.0,2.0,1.0,H1,PRODUCTION_PRE_REVEAL,True,True,False,1.2061749168901237e-11,1.949829186997931e-15,1.2061749168901237e-15,1.6155871338926322e-26,1.1796119636642288e-16,True,True,1.2061749168901237e-11,11,0,1.4210854715202004e-14,True,"{""cl_i_mM"":20.92950892900307,""cl_l_mM"":142.70990749153415,""k_i_mM"":85.67851782255102,""k_l_mM"":8.656834246824285,""na_i_mM"":18.35369118551668,""na_l_mM"":142.00457771800387,""ph_i"":7.811786869982175,""ph_l"":8.218549082411853,""tic_i_mM"":3.110663073259632,""tic_l_mM"":7.944548616502537,""v_apical_mV"":-55.97769185994846,""v_basolateral_mV"":-75.64906813380452,""volume_i_pL"":1.3,""volume_l_pL"":0.10327500803739746}","[""cl_i_mM:outside_[47.1,53.1]"",""ph_i:outside_[6.77,7.05]"",""k_i_mM:outside_[100,160]""]",False,1.4210854715202004e-14,[],True,True
AN_ABS_AE4_NHE_S6_PNOM_KMID_AE4NA10_P2_H1:B00,AN_ABS_AE4_NHE_S6_PNOM_KMID_AE4NA10_P2_H1,AN_ABS_AE4_NHE,6.0,2.0,1.0,H1,PRODUCTION_PRE_REVEAL,True,True,False,2.1974609631936204e-11,8.684025720739896e-15,2.1974609631936204e-15,1.454028420503369e-26,1.4051260155412137e-16,True,True,2.1974609631936204e-11,11,0,3.552713678800501e-15,True,"{""cl_i_mM"":21.582337059068458,""cl_l_mM"":142.11971014612945,""k_i_mM"":68.19855358061652,""k_l_mM"":7.230868569065521,""na_i_mM"":35.239699895685455,""na_l_mM"":143.38188617654265,""ph_i"":7.564186528335012,""ph_l"":7.943659202312114,""tic_i_mM"":3.7960364610417616,""tic_l_mM"":8.575777676197808,""v_apical_mV"":-54.716962043760255,""v_basolateral_mV"":-72.26550815918222,""volume_i_pL"":1.2999999999999978,""volume_l_pL"":0.10311313121772268}","[""cl_i_mM:outside_[47.1,53.1]"",""ph_i:outside_[6.77,7.05]"",""na_i_mM:outside_[10,35]"",""k_i_mM:outside_[100,160]""]",False,7.105427357601002e-15,[],True,True
AN_ABS_AE4_NHE_S7_PHIGH_KHIGH_AE4NA05_P2_H1:B00,AN_ABS_AE4_NHE_S7_PHIGH_KHIGH_AE4NA05_P2_H1,AN_ABS_AE4_NHE,7.0,2.0,1.0,H1,PRODUCTION_PRE_REVEAL,True,True,False,7.379079985936343e-12,6.279698983036042e-16,7.379079985936343e-16,3.3927329811745276e-26,4.0592529337857286e-16,True,True,7.379079985936343e-12,11,0,7.105427357601002e-15,True,"{""cl_i_mM"":19.805983229633306,""cl_l_mM"":142.51272200811286,""k_i_mM"":82.04004403039518,""k_l_mM"":7.957997732626655,""na_i_mM"":20.926731451229234,""na_l_mM"":142.71253750754101,""ph_i"":7.833909923308376,""ph_l"":8.255724587128098,""tic_i_mM"":3.0305502180770842,""tic_l_mM"":8.139641658658746,""v_apical_mV"":-57.42957271601363,""v_basolateral_mV"":-75.72493964660724,""volume_i_pL"":1.3,""volume_l_pL"":0.10342426098132229}","[""cl_i_mM:outside_[47.1,53.1]"",""ph_i:outside_[6.77,7.05]"",""k_i_mM:outside_[100,160]""]",False,7.105427357601002e-15,[],True,True
AN_ABS_AE4_NHE_S7_PHIGH_KHIGH_AE4NA10_P2_H1:B00,AN_ABS_AE4_NHE_S7_PHIGH_KHIGH_AE4NA10_P2_H1,AN_ABS_AE4_NHE,7.0,2.0,1.0,H1,PRODUCTION_PRE_REVEAL,True,True,False,1.259626083993659e-11,4.85722573273506e-16,1.259626083993659e-15,1.7771458472818954e-26,9.71445146547012e-17,True,True,2.158971786070385e-11,11,0,1.5987211554602254e-14,True,"{""cl_i_mM"":21.625344841384653,""cl_l_mM"":141.78798550084014,""k_i_mM"":60.20544001919772,""k_l_mM"":6.536263815633737,""na_i_mM"":43.24722328739766,""na_l_mM"":144.07600193036237,""ph_i"":7.551594262527214,""ph_l"":7.9384787143007784,""tic_i_mM"":3.887801596832987,""tic_l_mM"":8.912254876739555,""v_apical_mV"":-54.53140894371998,""v_basolateral_mV"":-70.34829154075636,""volume_i_pL"":1.3,""volume_l_pL"":0.10320363943114087}","[""cl_i_mM:outside_[47.1,53.1]"",""ph_i:outside_[6.77,7.05]"",""na_i_mM:outside_[10,35]"",""k_i_mM:outside_[100,160]""]",False,0.0,[],True,True
AN_ABS_AE4_NHE_S7_PHIGH_KLOW_AE4NA05_P2_H1:B00,AN_ABS_AE4_NHE_S7_PHIGH_KLOW_AE4NA05_P2_H1,AN_ABS_AE4_NHE,7.0,2.0,1.0,H1,PRODUCTION_PRE_REVEAL,True,True,False,1.2857553563505597e-11,4.260793107224714e-13,1.2857553563505597e-15,1.9387045606711586e-26,3.642919299551295e-16,True,True,1.2857553563505597e-11,11,0,2.1316282072803006e-14,True,"{""cl_i_mM"":20.14060037762858,""cl_l_mM"":142.51394954642512,""k_i_mM"":82.19616833785582,""k_l_mM"":6.993304097555866,""na_i_mM"":21.105305869406365,""na_l_mM"":143.67553121271308,""ph_i"":7.830571404584508,""ph_l"":8.250475118459352,""tic_i_mM"":3.051276909889175,""tic_l_mM"":8.138287936846643,""v_apical_mV"":-56.95859893662321,""v_basolateral_mV"":-75.38366738311117,""volume_i_pL"":1.3000000000000258,""volume_l_pL"":0.10338549562321718}","[""cl_i_mM:outside_[47.1,53.1]"",""ph_i:outside_[6.77,7.05]"",""k_i_mM:outside_[100,160]""]",False,1.4210854715202004e-14,[],True,True
AN_ABS_AE4_NHE_S7_PHIGH_KLOW_AE4NA10_P2_H1:B00,AN_ABS_AE4_NHE_S7_PHIGH_KLOW_AE4NA10_P2_H1,AN_ABS_AE4_NHE,7.0,2.0,1.0,H1,PRODUCTION_PRE_REVEAL,True,True,False,2.4499716491654944e-11,6.938893903907228e-16,2.4499716491654944e-15,1.2924697071141057e-26,2.255140518769849e-16,True,True,7.230544288305829e-12,11,0,7.105427357601002e-14,True,"{""cl_i_mM"":22.288969461780944,""cl_l_mM"":141.70295917672468,""k_i_mM"":60.11575920435221,""k_l_mM"":5.814879124989612,""na_i_mM"":43.99737404777212,""na_l_mM"":144.7939582410624,""ph_i"":7.545619696349655,""ph_l"":7.930580340407793,""tic_i_mM"":3.9428834273842193,""tic_l_mM"":8.99774702694567,""v_apical_mV"":-53.63949844208276,""v_basolateral_mV"":-69.3214232270997,""volume_i_pL"":1.3,""volume_l_pL"":0.10314074932742384}","[""cl_i_mM:outside_[47.1,53.1]"",""ph_i:outside_[6.77,7.05]"",""na_i_mM:outside_[10,35]"",""k_i_mM:outside_[100,160]""]",False,0.0,[],True,True
AN_ABS_AE4_NHE_S7_PLOW_KHIGH_AE4NA05_P2_H1:B00,AN_ABS_AE4_NHE_S7_PLOW_KHIGH_AE4NA05_P2_H1,AN_ABS_AE4_NHE,7.0,2.0,1.0,H1,PRODUCTION_PRE_REVEAL,True,True,False,4.421376459395887e-12,5.576788691757061e-16,4.421376459395887e-16,5.169878828456423e-26,5.585809592645319e-16,True,True,4.421376459395887e-12,11,0,7.105427357601002e-15,True,"{""cl_i_mM"":21.29779937415828,""cl_l_mM"":142.69829922784032,""k_i_mM"":82.84133839064405,""k_l_mM"":9.171556940193437,""na_i_mM"":21.62720920864405,""na_l_mM"":141.48756419297217,""ph_i"":7.821103261763067,""ph_l"":8.225832685681734,""tic_i_mM"":3.12053180060446,""tic_l_mM"":7.951745052011195,""v_apical_mV"":-55.41666519088523,""v_basolateral_mV"":-75.48958600440672,""volume_i_pL"":1.3,""volume_l_pL"":0.10313272168789737}","[""cl_i_mM:outside_[47.1,53.1]"",""ph_i:outside_[6.77,7.05]"",""k_i_mM:outside_[100,160]""]",False,7.105427357601002e-15,[],True,True
AN_ABS_AE4_NHE_S7_PLOW_KHIGH_AE4NA10_P2_H1:B00,AN_ABS_AE4_NHE_S7_PLOW_KHIGH_AE4NA10_P2_H1,AN_ABS_AE4_NHE,7.0,2.0,1.0,H1,PRODUCTION_PRE_REVEAL,True,True,False,6.87817858224804e-12,6.623865410164409e-16,6.87817858224804e-16,2.4233807008389483e-26,1.7867651802561113e-16,True,True,6.87817858224804e-12,11,0,7.105427357601002e-15,True,"{""cl_i_mM"":23.288643476731274,""cl_l_mM"":141.88744802104986,""k_i_mM"":60.2027203555366,""k_l_mM"":7.5412828058995975,""na_i_mM"":44.917321964386424,""na_l_mM"":143.05667789184773,""ph_i"":7.538553467964083,""ph_l"":7.904967100405835,""tic_i_mM"":4.020035564264235,""tic_l_mM"":8.810308667343206,""v_apical_mV"":-52.3962927231804,""v_basolateral_mV"":-69.88148140195811,""volume_i_pL"":1.3,""volume_l_pL"":0.10284724238628593}","[""cl_i_mM:outside_[47.1,53.1]"",""ph_i:outside_[6.77,7.05]"",""na_i_mM:outside_[10,35]"",""k_i_mM:outside_[100,160]""]",False,0.0,[],True,True
AN_ABS_AE4_NHE_S7_PLOW_KLOW_AE4NA05_P2_H1:B00,AN_ABS_AE4_NHE_S7_PLOW_KLOW_AE4NA05_P2_H1,AN_ABS_AE4_NHE,7.0,2.0,1.0,H1,PRODUCTION_PRE_REVEAL,True,True,False,3.104070819825999e-12,2.3491625311677922e-14,3.104070819825999e-16,8.077935669463161e-27,1.491862189340054e-16,True,True,3.913969842672671e-12,11,0,7.105427357601002e-15,True,"{""cl_i_mM"":21.509490387362483,""cl_l_mM"":142.70032587733226,""k_i_mM"":82.95332346446925,""k_l_mM"":8.374048291978418,""na_i_mM"":21.72786169293341,""na_l_mM"":142.28398025048548,""ph_i"":7.819292888148926,""ph_l"":8.222697082477996,""tic_i_mM"":3.1329338348237044,""tic_l_mM"":7.949538906057013,""v_apical_mV"":-55.136671885784736,""v_basolateral_mV"":-75.30354721914497,""volume_i_pL"":1.3,""volume_l_pL"":0.10310571738767743}","[""cl_i_mM:outside_[47.1,53.1]"",""ph_i:outside_[6.77,7.05]"",""k_i_mM:outside_[100,160]""]",False,2.6911806116913795e-13,[],True,True
AN_ABS_AE4_NHE_S7_PLOW_KLOW_AE4NA10_P2_H1:B00,AN_ABS_AE4_NHE_S7_PLOW_KLOW_AE4NA10_P2_H1,AN_ABS_AE4_NHE,7.0,2.0,1.0,H1,PRODUCTION_PRE_REVEAL,True,True,False,1.3154624958766625e-11,4.058905989090533e-14,1.3154624958766625e-15,4.8467614016778965e-27,1.5612511283791264e-16,True,True,8.24318911740729e-12,11,0,2.1316282072803006e-14,True,"{""cl_i_mM"":23.790048862339923,""cl_l_mM"":141.8084251433756,""k_i_mM"":60.21446241796159,""k_l_mM"":6.999113685080034,""na_i_mM"":45.40865378114642,""na_l_mM"":143.5965339619834,""ph_i"":7.534846287547383,""ph_l"":7.900916705039442,""tic_i_mM"":4.058603254582394,""tic_l_mM"":8.889525218425632,""v_apical_mV"":-51.757264964487675,""v_basolateral_mV"":-69.07437289120571,""volume_i_pL"":1.2999999999999825,""volume_l_pL"":0.10280225152256324}","[""cl_i_mM:outside_[47.1,53.1]"",""ph_i:outside_[6.77,7.05]"",""na_i_mM:outside_[10,35]"",""k_i_mM:outside_[100,160]""]",False,7.105427357601002e-15,[],True,True
AN_ABS_AE4_NHE_S7_PNOM_KMID_AE4NA05_P2_H1:B00,AN_ABS_AE4_NHE_S7_PNOM_KMID_AE4NA05_P2_H1,AN_ABS_AE4_NHE,7.0,2.0,1.0,H1,PRODUCTION_PRE_REVEAL,True,True,False,5.71808225768855e-12,1.0685896612017132e-15,5.71808225768855e-16,1.1309109937248425e-26,1.8041124150158794e-16,True,True,5.71808225768855e-12,11,0,3.552713678800501e-15,True,"{""cl_i_mM"":20.681154122758308,""cl_l_mM"":142.60795468802402,""k_i_mM"":82.50804936885946,""k_l_mM"":8.240247990243668,""na_i_mM"":21.339923881036654,""na_l_mM"":142.42390483755491,""ph_i"":7.826297016596036,""ph_l"":8.238814045995442,""tic_i_mM"":3.083926221619599,""tic_l_mM"":8.043215205807016,""v_apical_mV"":-56.230375778919004,""v_basolateral_mV"":-75.47682245922721,""volume_i_pL"":1.3,""volume_l_pL"":0.10326343113535855}","[""cl_i_mM:outside_[47.1,53.1]"",""ph_i:outside_[6.77,7.05]"",""k_i_mM:outside_[100,160]""]",False,7.105427357601002e-15,[],True,True
AN_ABS_AE4_NHE_S7_PNOM_KMID_AE4NA10_P2_H1:B00,AN_ABS_AE4_NHE_S7_PNOM_KMID_AE4NA10_P2_H1,AN_ABS_AE4_NHE,7.0,2.0,1.0,H1,PRODUCTION_PRE_REVEAL,True,True,False,1.3108004265349749e-11,2.0056872829243844e-14,1.3108004265349749e-15,1.6155871338926322e-26,3.157196726277789e-16,True,True,1.3710820673251689e-11,11,0,7.460698725481052e-12,True,"{""cl_i_mM"":22.760686804204873,""cl_l_mM"":141.79669836721294,""k_i_mM"":60.19210863956982,""k_l_mM"":6.825820187470852,""na_i_mM"":44.39829781934925,""na_l_mM"":143.77783064569056,""ph_i"":7.542543873565414,""ph_l"":7.91847761864421,""tic_i_mM"":3.978865729570677,""tic_l_mM"":8.902507665285508,""v_apical_mV"":-53.0484948499447,""v_basolateral_mV"":-69.62507947246833,""volume_i_pL"":1.2999999999999914,""volume_l_pL"":0.10299880169277566}","[""cl_i_mM:outside_[47.1,53.1]"",""ph_i:outside_[6.77,7.05]"",""na_i_mM:outside_[10,35]"",""k_i_mM:outside_[100,160]""]",False,0.0,[],True,True
AN_ABS_AE4_NHE_S8_PHIGH_KHIGH_AE4NA05_P2_H1:B00,AN_ABS_AE4_NHE_S8_PHIGH_KHIGH_AE4NA05_P2_H1,AN_ABS_AE4_NHE,8.0,2.0,1.0,H1,PRODUCTION_PRE_REVEAL,True,True,False,1.1210650463500116e-12,3.0531133177191805e-16,1.1210650463500116e-16,1.6155871338926322e-26,1.6479873021779667e-16,True,True,1.48318857196017e-12,11,0,1.4210854715202004e-14,True,"{""cl_i_mM"":19.725763722440554,""cl_l_mM"":142.40700619591524,""k_i_mM"":78.53649663194064,""k_l_mM"":7.5983640199855,""na_i_mM"":24.3041848106056,""na_l_mM"":143.0716364277339,""ph_i"":7.826280670728585,""ph_l"":8.25405809425326,""tic_i_mM"":3.031331930418153,""tic_l_mM"":8.245115946597506,""v_apical_mV"":-57.46601118626682,""v_basolateral_mV"":-75.33062438349278,""volume_i_pL"":1.3,""volume_l_pL"":0.1034077810654633}","[""cl_i_mM:outside_[47.1,53.1]"",""ph_i:outside_[6.77,7.05]"",""k_i_mM:outside_[100,160]""]",False,1.4210854715202004e-14,[],True,True
AN_ABS_AE4_NHE_S8_PHIGH_KLOW_AE4NA05_P2_H1:B00,AN_ABS_AE4_NHE_S8_PHIGH_KLOW_AE4NA05_P2_H1,AN_ABS_AE4_NHE,8.0,2.0,1.0,H1,PRODUCTION_PRE_REVEAL,True,True,False,2.045889499480147e-12,2.1017909634934995e-14,2.0458894994801469e-16,2.4233807008389483e-26,1.457167719820518e-16,True,True,2.045889499480147e-12,11,0,7.105427357601002e-15,True,"{""cl_i_mM"":20.14134524852757,""cl_l_mM"":142.3930898701147,""k_i_mM"":78.66470026459118,""k_l_mM"":6.691952267169683,""na_i_mM"":24.589058948536007,""na_l_mM"":143.9760692250408,""ph_i"":7.821616302388189,""ph_l"":8.247654702475806,""tic_i_mM"":3.058054640415459,""tic_l_mM"":8.258969415223516,""v_apical_mV"":-56.87408362051168,""v_basolateral_mV"":-74.81583099981309,""volume_i_pL"":1.300000000000002,""volume_l_pL"":0.1033644367693644}","[""cl_i_mM:outside_[47.1,53.1]"",""ph_i:outside_[6.77,7.05]"",""k_i_mM:outside_[100,160]""]",False,1.4210854715202004e-14,[],True,True
AN_ABS_AE4_NHE_S8_PLOW_KHIGH_AE4NA05_P2_H1:B00,AN_ABS_AE4_NHE_S8_PLOW_KHIGH_AE4NA05_P2_H1,AN_ABS_AE4_NHE,8.0,2.0,1.0,H1,PRODUCTION_PRE_REVEAL,True,True,False,7.446300520630444e-12,2.220446049250313e-16,7.446300520630444e-16,4.8467614016778965e-27,5.984795992119984e-17,True,True,4.990582599950777e-12,11,0,3.574918139293004e-14,True,"{""cl_i_mM"":21.265943709192562,""cl_l_mM"":142.58253712838044,""k_i_mM"":79.13537458926673,""k_l_mM"":8.786348186248253,""na_i_mM"":25.24604120842353,""na_l_mM"":141.8714418215377,""ph_i"":7.811178382719832,""ph_l"":8.221963684468443,""tic_i_mM"":3.127544276039616,""tic_l_mM"":8.067209046624496,""v_apical_mV"":-55.368008409556936,""v_basolateral_mV"":-75.02486510286158,""volume_i_pL"":1.3,""volume_l_pL"":0.10309813583292975}","[""cl_i_mM:outside_[47.1,53.1]"",""ph_i:outside_[6.77,7.05]"",""k_i_mM:outside_[100,160]""]",False,1.4210854715202004e-14,[],True,True
AN_ABS_AE4_NHE_S8_PLOW_KLOW_AE4NA05_P2_H1:B00,AN_ABS_AE4_NHE_S8_PLOW_KLOW_AE4NA05_P2_H1,AN_ABS_AE4_NHE,8.0,2.0,1.0,H1,PRODUCTION_PRE_REVEAL,True,True,False,4.43763949198317e-12,5.253433864142731e-16,4.4376394919831696e-16,6.462348535570529e-27,9.367506770274758e-17,True,True,5.9913012051548975e-12,11,0,1.7763568394002505e-15,True,"{""cl_i_mM"":21.55115581294232,""cl_l_mM"":142.56971694483926,""k_i_mM"":79.24681395853791,""k_l_mM"":8.050520228016612,""na_i_mM"":25.419574658582444,""na_l_mM"":142.6059942871493,""ph_i"":7.808454386764421,""ph_l"":8.21814147538319,""tic_i_mM"":3.1448301356285873,""tic_l_mM"":8.079871550562492,""v_apical_mV"":-54.985704119791194,""v_basolateral_mV"":-74.68162275097816,""volume_i_pL"":1.3,""volume_l_pL"":0.10306771196412676}","[""cl_i_mM:outside_[47.1,53.1]"",""ph_i:outside_[6.77,7.05]"",""k_i_mM:outside_[100,160]""]",False,7.105427357601002e-15,[],True,True
AN_ABS_AE4_NHE_S8_PNOM_KMID_AE4NA05_P2_H1:B00,AN_ABS_AE4_NHE_S8_PNOM_KMID_AE4NA05_P2_H1,AN_ABS_AE4_NHE,8.0,2.0,1.0,H1,PRODUCTION_PRE_REVEAL,True,True,False,1.083334810747516e-11,2.8640284588377085e-14,1.083334810747516e-15,1.454028420503369e-26,1.6306400674181987e-16,True,True,1.3289066028154828e-11,11,0,3.552713678800501e-15,True,"{""cl_i_mM"":20.66881122650515,""cl_l_mM"":142.48959221854193,""k_i_mM"":78.90043991120483,""k_l_mM"":7.896251026215388,""na_i_mM"":24.883753649970227,""na_l_mM"":142.76684198150855,""ph_i"":7.816909483480408,""ph_l"":8.235524784437313,""tic_i_mM"":3.090850478701364,""tic_l_mM"":8.161335685889306,""v_apical_mV"":-56.16032866470042,""v_basolateral_mV"":-74.95629112373776,""volume_i_pL"":1.3,""volume_l_pL"":0.10323579587979234}","[""cl_i_mM:outside_[47.1,53.1]"",""ph_i:outside_[6.77,7.05]"",""k_i_mM:outside_[100,160]""]",False,2.824407374646398e-13,[],True,True
N_ABS_NKCC_S0.5_PHIGH_KHIGH_AE4NA05_P0.5_H1:B00,N_ABS_NKCC_S0.5_PHIGH_KHIGH_AE4NA05_P0.5_H1,N_ABS_NKCC,0.5,0.5,1.0,H1,PRODUCTION_PRE_REVEAL,True,True,False,1.3070057189312756e-12,2.3502033652533783e-14,1.3070057189312756e-16,4.8467614016778965e-26,5.759281940243e-16,True,True,1.3070057189312756e-12,11,0,1.4210854715202004e-14,True,"{""cl_i_mM"":18.371448057971158,""cl_l_mM"":138.18398799793695,""k_i_mM"":72.8789479626379,""k_l_mM"":8.315411571829287,""na_i_mM"":16.21186936445166,""na_l_mM"":141.9091236103623,""ph_i"":6.68379640683745,""ph_l"":7.277701460929383,""tic_i_mM"":3.980029642764295,""tic_l_mM"":12.827201210661162,""v_apical_mV"":-56.31390136958021,""v_basolateral_mV"":-67.23942838137043,""volume_i_pL"":1.3,""volume_l_pL"":0.10157369061758612}","[""cl_i_mM:outside_[47.1,53.1]"",""ph_i:outside_[6.77,7.05]"",""k_i_mM:outside_[100,160]""]",False,3.206324095117452e-13,[],True,True
N_ABS_NKCC_S0.5_PHIGH_KHIGH_AE4NA05_P1_H1:B00,N_ABS_NKCC_S0.5_PHIGH_KHIGH_AE4NA05_P1_H1,N_ABS_NKCC,0.5,1.0,1.0,H1,PRODUCTION_PRE_REVEAL,True,True,False,2.949572010246815e-12,2.4210668192470308e-14,2.949572010246815e-16,1.5348077771980006e-26,1.6479873021779667e-16,True,True,2.949572010246815e-12,11,0,3.552713678800501e-15,True,"{""cl_i_mM"":17.13081711281059,""cl_l_mM"":138.37008592534877,""k_i_mM"":78.33206866525613,""k_l_mM"":8.261202998247102,""na_i_mM"":9.49631403796161,""na_l_mM"":141.968539485405,""ph_i"":6.684021924344506,""ph_l"":7.275274553966006,""tic_i_mM"":3.9488074259401893,""tic_l_mM"":12.638968265908979,""v_apical_mV"":-58.295380390874136,""v_basolateral_mV"":-69.43654616238244,""volume_i_pL"":1.2999999999999967,""volume_l_pL"":0.10163891011283385}","[""cl_i_mM:outside_[47.1,53.1]"",""ph_i:outside_[6.77,7.05]"",""na_i_mM:outside_[10,35]"",""k_i_mM:outside_[100,160]""]",False,3.765876499528531e-13,[],True,True
N_ABS_NKCC_S0.5_PHIGH_KHIGH_AE4NA05_P2_H1:B00,N_ABS_NKCC_S0.5_PHIGH_KHIGH_AE4NA05_P2_H1,N_ABS_NKCC,0.5,2.0,1.0,H1,PRODUCTION_PRE_REVEAL,True,True,False,7.958586047129845e-12,1.1535911115245767e-16,7.958586047129845e-16,1.0501316370302109e-26,1.5005358067199381e-16,True,True,7.958586047129845e-12,11,0,3.552713678800501e-15,True,"{""cl_i_mM"":16.582776629161167,""cl_l_mM"":138.4317458702206,""k_i_mM"":80.47216523293669,""k_l_mM"":8.18285153738768,""na_i_mM"":6.912085505324139,""na_l_mM"":142.0490021195153,""ph_i"":6.69002956294448,""ph_l"":7.2747041180715,""tic_i_mM"":3.979834284209822,""tic_l_mM"":12.576556553365306,""v_apical_mV"":-59.20546915532327,""v_basolateral_mV"":-70.38734810511146,""volume_i_pL"":1.3,""volume_l_pL"":0.10166776803815411}","[""cl_i_mM:outside_[47.1,53.1]"",""ph_i:outside_[6.77,7.05]"",""na_i_mM:outside_[10,35]"",""k_i_mM:outside_[100,160]""]",False,7.105427357601002e-15,[],True,True
N_ABS_NKCC_S0.5_PHIGH_KHIGH_AE4NA10_P0.5_H1:B00,N_ABS_NKCC_S0.5_PHIGH_KHIGH_AE4NA10_P0.5_H1,N_ABS_NKCC,0.5,0.5,1.0,H1,PRODUCTION_PRE_REVEAL,True,True,False,2.3987973066241786e-11,6.453171330633722e-16,2.3987973066241786e-15,3.473512337869159e-26,3.7730235602495554e-16,True,True,7.742287713718987e-12,11,0,1.1368683772161603e-13,True,"{""cl_i_mM"":19.1954537103422,""cl_l_mM"":137.8921203286668,""k_i_mM"":65.45742478602239,""k_l_mM"":7.832388788593018,""na_i_mM"":25.807112624811595,""na_l_mM"":142.3850228577449,""ph_i"":6.749033777752207,""ph_l"":7.280825109641215,""tic_i_mM"":4.562114441001213,""tic_l_mM"":13.124599269162172,""v_apical_mV"":-54.998622629013184,""v_basolateral_mV"":-65.2877531380174,""volume_i_pL"":1.3,""volume_l_pL"":0.10153987075766167}","[""cl_i_mM:outside_[47.1,53.1]"",""ph_i:outside_[6.77,7.05]"",""k_i_mM:outside_[100,160]""]",False,0.0,[],True,True
N_ABS_NKCC_S0.5_PHIGH_KHIGH_AE4NA10_P1_H1:B00,N_ABS_NKCC_S0.5_PHIGH_KHIGH_AE4NA10_P1_H1,N_ABS_NKCC,0.5,1.0,1.0,H1,PRODUCTION_PRE_REVEAL,True,True,False,3.694418902744356e-12,3.3133218391157016e-16,3.6944189027443564e-16,2.261821987449685e-26,3.382710778154774e-16,True,True,3.694418902744356e-12,11,0,2.1316282072803006e-14,True,"{""cl_i_mM"":16.400611401040855,""cl_l_mM"":138.29802922545872,""k_i_mM"":77.1143889046316,""k_l_mM"":7.739735384276615,""na_i_mM"":11.272418905364963,""na_l_mM"":142.48974043058868,""ph_i"":6.748596447306708,""ph_l"":7.276562179164865,""tic_i_mM"":4.468037460302705,""tic_l_mM"":12.713083224555707,""v_apical_mV"":-59.4457831006021,""v_basolateral_mV"":-70.20525927380093,""volume_i_pL"":1.3,""volume_l_pL"":0.10167694259581905}","[""cl_i_mM:outside_[47.1,53.1]"",""ph_i:outside_[6.77,7.05]"",""k_i_mM:outside_[100,160]""]",False,7.105427357601002e-15,[],True,True
N_ABS_NKCC_S0.5_PHIGH_KHIGH_AE4NA10_P2_H1:B00,N_ABS_NKCC_S0.5_PHIGH_KHIGH_AE4NA10_P2_H1,N_ABS_NKCC,0.5,2.0,1.0,H1,PRODUCTION_PRE_REVEAL,True,True,False,5.149418218219903e-12,3.3306690738754696e-16,5.149418218219903e-16,1.0501316370302109e-26,9.84455572616838e-17,True,True,5.149418218219903e-12,11,0,3.552713678800501e-15,True,"{""cl_i_mM"":15.628075104928847,""cl_l_mM"":138.3724291285307,""k_i_mM"":80.04496855550367,""k_l_mM"":7.614148733267675,""na_i_mM"":7.791343264005425,""na_l_mM"":142.61838039459525,""ph_i"":6.760124027962908,""ph_l"":7.276338864198959,""tic_i_mM"":4.544640622327218,""tic_l_mM"":12.637473917150256,""v_apical_mV"":-60.78684775742207,""v_basolateral_mV"":-71.57360261060053,""volume_i_pL"":1.3,""volume_l_pL"":0.1017160857178921}","[""cl_i_mM:outside_[47.1,53.1]"",""ph_i:outside_[6.77,7.05]"",""na_i_mM:outside_[10,35]"",""k_i_mM:outside_[100,160]""]",False,7.105427357601002e-15,[],True,True
N_ABS_NKCC_S0.5_PHIGH_KHIGH_AE4NA20_P1_H1:B00,N_ABS_NKCC_S0.5_PHIGH_KHIGH_AE4NA20_P1_H1,N_ABS_NKCC,0.5,1.0,1.0,H1,PRODUCTION_PRE_REVEAL,True,True,False,1.6121002102686965e-11,1.0482933965327845e-14,1.6121002102686965e-15,5.977672395402739e-26,6.214646852686911e-16,True,True,2.0520694518633142e-11,11,0,5.7767124417296145e-12,True,"{""cl_i_mM"":15.642767033085157,""cl_l_mM"":138.2128478530907,""k_i_mM"":75.711092844922,""k_l_mM"":7.202305040459917,""na_i_mM"":13.910306257425963,""na_l_mM"":143.02557770977205,""ph_i"":6.838119393197511,""ph_l"":7.276768891958194,""tic_i_mM"":5.342320031563488,""tic_l_mM"":12.801762203217994,""v_apical_mV"":-60.69183054572878,""v_basolateral_mV"":-71.02316482927354,""volume_i_pL"":1.2999999999999992,""volume_l_pL"":0.1017173728558292}","[""cl_i_mM:outside_[47.1,53.1]"",""k_i_mM:outside_[100,160]""]",False,0.0,[],True,True
N_ABS_NKCC_S0.5_PHIGH_KHIGH_AE4NA20_P2_H1:B00,N_ABS_NKCC_S0.5_PHIGH_KHIGH_AE4NA20_P2_H1,N_ABS_NKCC,0.5,2.0,1.0,H1,PRODUCTION_PRE_REVEAL,True,True,False,9.105671945619509e-12,4.371503159461554e-16,9.105671945619509e-16,1.3732490638087374e-26,2.2898349882893854e-16,True,True,9.105671945619509e-12,11,0,7.105427357601002e-15,True,"{""cl_i_mM"":14.518702312393494,""cl_l_mM"":138.3119574598019,""k_i_mM"":80.12943037258525,""k_l_mM"":7.021285286268666,""na_i_mM"":8.787585869047732,""na_l_mM"":143.21149755273484,""ph_i"":6.857575200207962,""ph_l"":7.277327531055193,""tic_i_mM"":5.504519637008207,""tic_l_mM"":12.700348024723295,""v_apical_mV"":-62.7546588729284,""v_basolateral_mV"":-73.10539879799086,""volume_i_pL"":1.3,""volume_l_pL"":0.10177247137577285}","[""cl_i_mM:outside_[47.1,53.1]"",""na_i_mM:outside_[10,35]"",""k_i_mM:outside_[100,160]""]",False,1.4210854715202004e-14,[],True,True
N_ABS_NKCC_S0.5_PHIGH_KLOW_AE4NA05_P0.5_H1:B00,N_ABS_NKCC_S0.5_PHIGH_KLOW_AE4NA05_P0.5_H1,N_ABS_NKCC,0.5,0.5,1.0,H1,PRODUCTION_PRE_REVEAL,True,True,False,9.65156773946596e-12,3.3436794999452957e-16,9.65156773946596e-16,9.693522803355793e-27,9.93129189996722e-17,True,True,9.65156773946596e-12,11,0,0.0,True,"{""cl_i_mM"":17.95257869649644,""cl_l_mM"":138.23019174494516,""k_i_mM"":72.4588152351452,""k_l_mM"":7.709669371127791,""na_i_mM"":16.14361749102018,""na_l_mM"":142.51475006732494,""ph_i"":6.680148737493069,""ph_l"":7.276074230206829,""tic_i_mM"":3.9528739920194176,""tic_l_mM"":12.780888844200659,""v_apical_mV"":-56.94849557630487,""v_basolateral_mV"":-68.02702667516952,""volume_i_pL"":1.3,""volume_l_pL"":0.10156892775923575}","[""cl_i_mM:outside_[47.1,53.1]"",""ph_i:outside_[6.77,7.05]"",""k_i_mM:outside_[100,160]""]",False,1.4210854715202004e-14,[],True,True
N_ABS_NKCC_S0.5_PHIGH_KLOW_AE4NA05_P1_H1:B00,N_ABS_NKCC_S0.5_PHIGH_KLOW_AE4NA05_P1_H1,N_ABS_NKCC,0.5,1.0,1.0,H1,PRODUCTION_PRE_REVEAL,True,True,False,3.743208000506204e-12,1.968911145233676e-16,3.743208000506204e-16,1.0501316370302109e-26,2.1076890233118206e-16,True,True,3.421742056364252e-12,11,0,3.552713678800501e-15,True,"{""cl_i_mM"":16.759921999335965,""cl_l_mM"":138.4048776750497,""k_i_mM"":77.91511619114786,""k_l_mM"":7.644017541773129,""na_i_mM"":9.473750438319797,""na_l_mM"":142.58546223440044,""ph_i"":6.680387703293023,""ph_l"":7.273946665438536,""tic_i_mM"":3.922513966831621,""tic_l_mM"":12.604063177189097,""v_apical_mV"":-58.89212483151567,""v_basolateral_mV"":-70.17085418201648,""volume_i_pL"":1.3,""volume_l_pL"":0.10163092726951693}","[""cl_i_mM:outside_[47.1,53.1]"",""ph_i:outside_[6.77,7.05]"",""na_i_mM:outside_[10,35]"",""k_i_mM:outside_[100,160]""]",False,1.4210854715202004e-14,[],True,True
N_ABS_NKCC_S0.5_PHIGH_KLOW_AE4NA05_P2_H1:B00,N_ABS_NKCC_S0.5_PHIGH_KLOW_AE4NA05_P2_H1,N_ABS_NKCC,0.5,2.0,1.0,H1,PRODUCTION_PRE_REVEAL,True,True,False,3.876564867721921e-12,3.469446951953614e-16,3.876564867721921e-16,3.3927329811745276e-26,1.8735013540549517e-16,True,True,1.4208469470422536e-12,11,0,8.881784197001252e-14,True,"{""cl_i_mM"":16.2450581522369,""cl_l_mM"":138.46229817807122,""k_i_mM"":80.08080685467388,""k_l_mM"":7.568566226959464,""na_i_mM"":6.899434647552366,""na_l_mM"":142.6629748082324,""ph_i"":6.686536249018753,""ph_l"":7.273494159911428,""tic_i_mM"":3.9544657071174933,""tic_l_mM"":12.545887804707712,""v_apical_mV"":-59.76473951186014,""v_basolateral_mV"":-71.0777153560421,""volume_i_pL"":1.3,""volume_l_pL"":0.10165865975266862}","[""cl_i_mM:outside_[47.1,53.1]"",""ph_i:outside_[6.77,7.05]"",""na_i_mM:outside_[10,35]"",""k_i_mM:outside_[100,160]""]",False,2.842170943040401e-14,[],True,True
N_ABS_NKCC_S0.5_PHIGH_KLOW_AE4NA10_P0.5_H1:B00,N_ABS_NKCC_S0.5_PHIGH_KLOW_AE4NA10_P0.5_H1,N_ABS_NKCC,0.5,0.5,1.0,H1,PRODUCTION_PRE_REVEAL,True,True,False,1.6740081543176188e-12,1.3209919269563386e-15,1.6740081543176188e-16,5.331437541845686e-26,6.565928356572215e-16,True,True,1.6740081543176188e-12,11,0,3.552713678800501e-15,True,"{""cl_i_mM"":18.870296578423556,""cl_l_mM"":137.9410586583719,""k_i_mM"":65.22371305936875,""k_l_mM"":7.299095599346827,""na_i_mM"":25.660223194574083,""na_l_mM"":142.91832849858906,""ph_i"":6.746429114344844,""ph_l"":7.279232115641935,""tic_i_mM"":4.538229195101677,""tic_l_mM"":13.0755185506232,""v_apical_mV"":-55.47533322428617,""v_basolateral_mV"":-65.91272566009188,""volume_i_pL"":1.3,""volume_l_pL"":0.10153711240569663}","[""cl_i_mM:outside_[47.1,53.1]"",""ph_i:outside_[6.77,7.05]"",""k_i_mM:outside_[100,160]""]",False,7.105427357601002e-15,[],True,True
N_ABS_NKCC_S0.5_PHIGH_KLOW_AE4NA10_P1_H1:B00,N_ABS_NKCC_S0.5_PHIGH_KLOW_AE4NA10_P1_H1,N_ABS_NKCC,0.5,1.0,1.0,H1,PRODUCTION_PRE_REVEAL,True,True,False,8.014964560099092e-12,1.737412297364571e-14,8.014964560099092e-16,2.1002632740604218e-26,2.0860049798621105e-16,True,True,8.014964560099092e-12,11,0,1.4210854715202004e-14,True,"{""cl_i_mM"":16.174415261580698,""cl_l_mM"":138.3271298273093,""k_i_mM"":76.86453884339389,""k_l_mM"":7.183037581851097,""na_i_mM"":11.248134388193114,""na_l_mM"":143.04616735325106,""ph_i"":6.7462768955974495,""ph_l"":7.275442555660189,""tic_i_mM"":4.448428442037258,""tic_l_mM"":12.683862811244612,""v_apical_mV"":-59.82604086671831,""v_basolateral_mV"":-70.70836653471382,""volume_i_pL"":1.2999999999999987,""volume_l_pL"":0.10166864886926039}","[""cl_i_mM:outside_[47.1,53.1]"",""ph_i:outside_[6.77,7.05]"",""k_i_mM:outside_[100,160]""]",False,7.105427357601002e-15,[],True,True
N_ABS_NKCC_S0.5_PHIGH_KLOW_AE4NA10_P2_H1:B00,N_ABS_NKCC_S0.5_PHIGH_KLOW_AE4NA10_P2_H1,N_ABS_NKCC,0.5,2.0,1.0,H1,PRODUCTION_PRE_REVEAL,True,True,False,1.5927472014898303e-11,2.203098814490545e-16,1.5927472014898303e-15,2.665718770922843e-26,2.983724378680108e-16,True,True,1.5927472014898303e-11,11,0,1.7763568394002505e-14,True,"{""cl_i_mM"":15.44959499147783,""cl_l_mM"":138.39727692071654,""k_i_mM"":79.83441608432021,""k_l_mM"":7.064678143529002,""na_i_mM"":7.781854907121913,""na_l_mM"":143.16752931431947,""ph_i"":6.758130601589265,""ph_l"":7.275332928598919,""tic_i_mM"":4.527652348825629,""tic_l_mM"":12.612509394932363,""v_apical_mV"":-61.10057386675968,""v_basolateral_mV"":-72.00316894688221,""volume_i_pL"":1.3,""volume_l_pL"":0.10170677921216878}","[""cl_i_mM:outside_[47.1,53.1]"",""ph_i:outside_[6.77,7.05]"",""na_i_mM:outside_[10,35]"",""k_i_mM:outside_[100,160]""]",False,1.4210854715202004e-14,[],True,True
N_ABS_NKCC_S0.5_PHIGH_KLOW_AE4NA20_P1_H1:B00,N_ABS_NKCC_S0.5_PHIGH_KLOW_AE4NA20_P1_H1,N_ABS_NKCC,0.5,1.0,1.0,H1,PRODUCTION_PRE_REVEAL,True,True,False,1.0550371340456444e-11,4.675079767757495e-16,1.0550371340456444e-15,1.3732490638087374e-26,1.444157293750692e-16,True,True,1.0550371340456444e-11,11,0,1.4210854715202004e-14,True,"{""cl_i_mM"":15.561621189935332,""cl_l_mM"":138.23454242480503,""k_i_mM"":75.62183301776714,""k_l_mM"":6.704729348696403,""na_i_mM"":13.897873102715586,""na_l_mM"":143.52285633449844,""ph_i"":6.837232463321856,""ph_l"":7.275898195524528,""tic_i_mM"":5.333170344905705,""tic_l_mM"":12.779955551834593,""v_apical_mV"":-60.83645612729881,""v_basolateral_mV"":-71.27143038106722,""volume_i_pL"":1.3,""volume_l_pL"":0.10170868734999333}","[""cl_i_mM:outside_[47.1,53.1]"",""k_i_mM:outside_[100,160]""]",False,0.0,[],True,True
N_ABS_NKCC_S0.5_PHIGH_KLOW_AE4NA20_P2_H1:B00,N_ABS_NKCC_S0.5_PHIGH_KLOW_AE4NA20_P2_H1,N_ABS_NKCC,0.5,2.0,1.0,H1,PRODUCTION_PRE_REVEAL,True,True,False,6.6846484944593776e-12,2.9233386544813555e-13,6.684648494459378e-16,3.554291694563791e-26,2.931682674400804e-16,True,True,6.6846484944593776e-12,11,0,1.7763568394002505e-15,True,"{""cl_i_mM"":14.49908434212906,""cl_l_mM"":138.32992871998448,""k_i_mM"":80.10242993292196,""k_l_mM"":6.534928367435307,""na_i_mM"":8.78849428742775,""na_l_mM"":143.69751619844595,""ph_i"":6.857287527795335,""ph_l"":7.276552276717792,""tic_i_mM"":5.501829813834365,""tic_l_mM"":12.682275193083662,""v_apical_mV"":-62.794478396516475,""v_basolateral_mV"":-73.24162620801042,""volume_i_pL"":1.299999999999973,""volume_l_pL"":0.10176313420501465}","[""cl_i_mM:outside_[47.1,53.1]"",""na_i_mM:outside_[10,35]"",""k_i_mM:outside_[100,160]""]",False,0.0,[],True,True
N_ABS_NKCC_S0.5_PLOW_KHIGH_AE4NA05_P0.5_H1:B00,N_ABS_NKCC_S0.5_PLOW_KHIGH_AE4NA05_P0.5_H1,N_ABS_NKCC,0.5,0.5,1.0,H1,PRODUCTION_PRE_REVEAL,True,True,False,5.513710148175033e-12,3.2612801348363973e-16,5.513710148175033e-16,4.52364397489937e-26,4.570996359198887e-16,True,True,5.513710148175033e-12,11,0,0.0,True,"{""cl_i_mM"":18.764931810508394,""cl_l_mM"":138.25914939168297,""k_i_mM"":73.22464846439419,""k_l_mM"":8.645461216935441,""na_i_mM"":16.320452158520215,""na_l_mM"":141.5768207407281,""ph_i"":6.686866064258197,""ph_l"":7.27407154130804,""tic_i_mM"":4.005608012902687,""tic_l_mM"":12.751493333239287,""v_apical_mV"":-55.752766633635275,""v_basolateral_mV"":-67.17168776924042,""volume_i_pL"":1.3,""volume_l_pL"":0.10151425745686384}","[""cl_i_mM:outside_[47.1,53.1]"",""ph_i:outside_[6.77,7.05]"",""k_i_mM:outside_[100,160]""]",False,7.105427357601002e-15,[],True,True
N_ABS_NKCC_S0.5_PLOW_KHIGH_AE4NA05_P1_H1:B00,N_ABS_NKCC_S0.5_PLOW_KHIGH_AE4NA05_P1_H1,N_ABS_NKCC,0.5,1.0,1.0,H1,PRODUCTION_PRE_REVEAL,True,True,False,2.3282699553039965e-11,2.498001805406602e-16,2.3282699553039965e-15,2.4233807008389483e-26,2.740863092043355e-16,True,True,8.447019125834565e-12,11,0,2.842170943040401e-14,True,"{""cl_i_mM"":17.559751606823035,""cl_l_mM"":138.4676377077521,""k_i_mM"":78.79647672957486,""k_l_mM"":8.641750748967992,""na_i_mM"":9.53455499339854,""na_l_mM"":141.58559577577967,""ph_i"":6.687793211178669,""ph_l"":7.270761265094826,""tic_i_mM"":3.9790190933594336,""tic_l_mM"":12.540773794232537,""v_apical_mV"":-57.64719240625275,""v_basolateral_mV"":-69.37000952177412,""volume_i_pL"":1.3,""volume_l_pL"":0.10157440465284938}","[""cl_i_mM:outside_[47.1,53.1]"",""ph_i:outside_[6.77,7.05]"",""na_i_mM:outside_[10,35]"",""k_i_mM:outside_[100,160]""]",False,7.105427357601002e-15,[],True,True
N_ABS_NKCC_S0.5_PLOW_KHIGH_AE4NA05_P2_H1:B00,N_ABS_NKCC_S0.5_PLOW_KHIGH_AE4NA05_P2_H1,N_ABS_NKCC,0.5,2.0,1.0,H1,PRODUCTION_PRE_REVEAL,True,True,False,2.161140190415356e-11,6.802718111043049e-15,2.161140190415356e-15,5.6545549686242126e-27,7.112366251504909e-17,True,True,1.9155683983473892e-11,11,0,3.552713678800501e-15,True,"{""cl_i_mM"":17.036198231407568,""cl_l_mM"":138.54094264143012,""k_i_mM"":80.98468325835073,""k_l_mM"":8.590751455858351,""na_i_mM"":6.935806095509582,""na_l_mM"":141.63858491143392,""ph_i"":6.6942490423822925,""ph_l"":7.2697066148053935,""tic_i_mM"":4.013662063901461,""tic_l_mM"":12.46666616831085,""v_apical_mV"":-58.50076474092523,""v_basolateral_mV"":-70.31568429736836,""volume_i_pL"":1.2999999999999996,""volume_l_pL"":0.10159960588436948}","[""cl_i_mM:outside_[47.1,53.1]"",""ph_i:outside_[6.77,7.05]"",""na_i_mM:outside_[10,35]"",""k_i_mM:outside_[100,160]""]",False,0.0,[],True,True
N_ABS_NKCC_S0.5_PLOW_KHIGH_AE4NA10_P0.5_H1:B00,N_ABS_NKCC_S0.5_PLOW_KHIGH_AE4NA10_P0.5_H1,N_ABS_NKCC,0.5,0.5,1.0,H1,PRODUCTION_PRE_REVEAL,True,True,False,6.559423143537302e-12,3.2414348982712227e-13,6.559423143537302e-16,2.7464981276174747e-26,2.8406096919120216e-16,True,True,6.559423143537302e-12,11,0,3.552713678800501e-15,True,"{""cl_i_mM"":19.677434201962363,""cl_l_mM"":137.96115127866418,""k_i_mM"":65.67935457636723,""k_l_mM"":8.183063985026775,""na_i_mM"":26.14432916043735,""na_l_mM"":142.0314210159829,""ph_i"":6.7524880811931425,""ph_l"":7.277096966853817,""tic_i_mM"":4.598081993556962,""tic_l_mM"":13.055042544579152,""v_apical_mV"":-54.33231265864195,""v_basolateral_mV"":-65.1668508095848,""volume_i_pL"":1.2999999999999776,""volume_l_pL"":0.10146658161012093}","[""cl_i_mM:outside_[47.1,53.1]"",""ph_i:outside_[6.77,7.05]"",""k_i_mM:outside_[100,160]""]",False,0.0,[],True,True
N_ABS_NKCC_S0.5_PLOW_KHIGH_AE4NA10_P1_H1:B00,N_ABS_NKCC_S0.5_PLOW_KHIGH_AE4NA10_P1_H1,N_ABS_NKCC,0.5,1.0,1.0,H1,PRODUCTION_PRE_REVEAL,True,True,False,1.3995423743529134e-11,1.5005878484242174e-13,1.3995423743529134e-15,5.816113682013476e-26,6.023827270329463e-16,True,True,1.3995423743529134e-11,11,0,3.552713678800501e-15,True,"{""cl_i_mM"":16.920412672603803,""cl_l_mM"":138.4193697288875,""k_i_mM"":77.65866039169411,""k_l_mM"":8.189811394875266,""na_i_mM"":11.349404871706003,""na_l_mM"":142.03657182063841,""ph_i"":6.753316364700046,""ph_l"":7.270902879213154,""tic_i_mM"":4.512481202482673,""tic_l_mM"":12.590957489597862,""v_apical_mV"":-58.626969434459554,""v_basolateral_mV"":-70.12163320796479,""volume_i_pL"":1.2999999999999887,""volume_l_pL"":0.10159462267916963}","[""cl_i_mM:outside_[47.1,53.1]"",""ph_i:outside_[6.77,7.05]"",""k_i_mM:outside_[100,160]""]",False,1.4210854715202004e-14,[],True,True
N_ABS_NKCC_S0.5_PLOW_KHIGH_AE4NA10_P2_H1:B00,N_ABS_NKCC_S0.5_PLOW_KHIGH_AE4NA10_P2_H1,N_ABS_NKCC,0.5,2.0,1.0,H1,PRODUCTION_PRE_REVEAL,True,True,False,1.0595365730614592e-11,1.6331901109278846e-13,1.0595365730614592e-15,2.3426013441443167e-26,2.42861286636753e-16,True,True,1.0595365730614592e-11,11,0,2.842170943040401e-14,True,"{""cl_i_mM"":16.174740902209038,""cl_l_mM"":138.51172300766984,""k_i_mM"":80.66939185798275,""k_l_mM"":8.09951232940679,""na_i_mM"":7.831243978150939,""na_l_mM"":142.12976219147393,""ph_i"":6.765552803406906,""ph_l"":7.269953152126041,""tic_i_mM"":4.596071977886067,""tic_l_mM"":12.497309571204406,""v_apical_mV"":-59.888652347647096,""v_basolateral_mV"":-71.4882644400883,""volume_i_pL"":1.299999999999987,""volume_l_pL"":0.10162851724445393}","[""cl_i_mM:outside_[47.1,53.1]"",""ph_i:outside_[6.77,7.05]"",""na_i_mM:outside_[10,35]"",""k_i_mM:outside_[100,160]""]",False,1.4210854715202004e-14,[],True,True
N_ABS_NKCC_S0.5_PLOW_KHIGH_AE4NA20_P1_H1:B00,N_ABS_NKCC_S0.5_PLOW_KHIGH_AE4NA20_P1_H1,N_ABS_NKCC,0.5,1.0,1.0,H1,PRODUCTION_PRE_REVEAL,True,True,False,3.591961797444476e-12,2.3534733190055945e-13,3.591961797444476e-16,4.362085261510107e-26,6.305719835175694e-16,True,True,3.2173699468507344e-12,11,0,1.4210854715202004e-14,True,"{""cl_i_mM"":16.255970129640545,""cl_l_mM"":138.35725668828178,""k_i_mM"":76.29153116613085,""k_l_mM"":7.714066810034171,""na_i_mM"":14.079581626002495,""na_l_mM"":142.50988390420153,""ph_i"":6.843680627591562,""ph_l"":7.269902906063783,""tic_i_mM"":5.408556043741712,""tic_l_mM"":12.656472885185202,""v_apical_mV"":-59.680461884771425,""v_basolateral_mV"":-70.90923311489638,""volume_i_pL"":1.2999999999999792,""volume_l_pL"":0.10161521106440433}","[""cl_i_mM:outside_[47.1,53.1]"",""k_i_mM:outside_[100,160]""]",False,1.4210854715202004e-14,[],True,True
N_ABS_NKCC_S0.5_PLOW_KHIGH_AE4NA20_P2_H1:B00,N_ABS_NKCC_S0.5_PLOW_KHIGH_AE4NA20_P2_H1,N_ABS_NKCC,0.5,2.0,1.0,H1,PRODUCTION_PRE_REVEAL,True,True,False,5.445947512394689e-12,6.106226635438361e-16,5.445947512394689e-16,2.9888361977013695e-26,2.992397996059992e-16,True,True,5.445947512394689e-12,11,0,7.105427357601002e-15,True,"{""cl_i_mM"":15.15077301364665,""cl_l_mM"":138.48466922627438,""k_i_mM"":80.8625176439943,""k_l_mM"":7.5769702337647065,""na_i_mM"":8.853126777068555,""na_l_mM"":142.65171081150032,""ph_i"":6.864297237202242,""ph_l"":7.26937874296837,""tic_i_mM"":5.585061918932412,""tic_l_mM"":12.526596745070341,""v_apical_mV"":-61.6415218313746,""v_basolateral_mV"":-73.00636199490455,""volume_i_pL"":1.3,""volume_l_pL"":0.10166332995881704}","[""cl_i_mM:outside_[47.1,53.1]"",""na_i_mM:outside_[10,35]"",""k_i_mM:outside_[100,160]""]",False,0.0,[],True,True
N_ABS_NKCC_S0.5_PLOW_KLOW_AE4NA05_P0.5_H1:B00,N_ABS_NKCC_S0.5_PLOW_KLOW_AE4NA05_P0.5_H1,N_ABS_NKCC,0.5,0.5,1.0,H1,PRODUCTION_PRE_REVEAL,True,True,False,6.1051424332658755e-12,2.857870190497991e-14,6.105142433265875e-16,1.6963664905872638e-26,2.662800535624399e-16,True,True,6.1051424332658755e-12,11,0,2.1316282072803006e-14,True,"{""cl_i_mM"":18.302659024586056,""cl_l_mM"":138.30685024952095,""k_i_mM"":72.76678237961995,""k_l_mM"":8.08519686854185,""na_i_mM"":16.240980445673223,""na_l_mM"":142.1370501909018,""ph_i"":6.682949517840088,""ph_l"":7.272418169548396,""tic_i_mM"":3.976107291573171,""tic_l_mM"":12.703698718889068,""v_apical_mV"":-56.439146106260296,""v_basolateral_mV"":-68.00519145004345,""volume_i_pL"":1.3,""volume_l_pL"":0.10151152633032544}","[""cl_i_mM:outside_[47.1,53.1]"",""ph_i:outside_[6.77,7.05]"",""k_i_mM:outside_[100,160]""]",False,3.9168668308775523e-13,[],True,True
N_ABS_NKCC_S0.5_PLOW_KLOW_AE4NA05_P1_H1:B00,N_ABS_NKCC_S0.5_PLOW_KLOW_AE4NA05_P1_H1,N_ABS_NKCC,0.5,1.0,1.0,H1,PRODUCTION_PRE_REVEAL,True,True,False,1.2437425221667464e-11,2.6896887495020394e-14,1.2437425221667464e-15,1.3732490638087374e-26,1.8908485888147197e-16,True,True,1.4893143142347132e-11,11,0,5.233147248873138e-12,True,"{""cl_i_mM"":17.14008020368118,""cl_l_mM"":138.5021928472173,""k_i_mM"":78.32774789477926,""k_l_mM"":8.072432286236536,""na_i_mM"":9.50787053484449,""na_l_mM"":142.1547268159554,""ph_i"":6.683807472791666,""ph_l"":7.269464364946059,""tic_i_mM"":3.949810133767787,""tic_l_mM"":12.50612312835241,""v_apical_mV"":-58.30622051776015,""v_basolateral_mV"":-70.15625656864579,""volume_i_pL"":1.2999999999999998,""volume_l_pL"":0.10156839811558624}","[""cl_i_mM:outside_[47.1,53.1]"",""ph_i:outside_[6.77,7.05]"",""na_i_mM:outside_[10,35]"",""k_i_mM:outside_[100,160]""]",False,4.0234482412415673e-13,[],True,True
N_ABS_NKCC_S0.5_PLOW_KLOW_AE4NA05_P2_H1:B00,N_ABS_NKCC_S0.5_PLOW_KLOW_AE4NA05_P2_H1,N_ABS_NKCC,0.5,2.0,1.0,H1,PRODUCTION_PRE_REVEAL,True,True,False,2.3776553642607112e-12,3.924811864397526e-16,2.377655364260711e-16,2.8272774843121063e-26,2.962040335230398e-16,True,True,2.3776553642607112e-12,11,0,1.0658141036401503e-14,True,"{""cl_i_mM"":16.646863160242738,""cl_l_mM"":138.5705231580005,""k_i_mM"":80.53615588358448,""k_l_mM"":8.026529651971506,""na_i_mM"":6.920583074550037,""na_l_mM"":142.20256850626984,""ph_i"":6.690355089394602,""ph_l"":7.268553517209873,""tic_i_mM"":3.9849831464687506,""tic_l_mM"":12.436987966434288,""v_apical_mV"":-59.12844580073104,""v_basolateral_mV"":-71.06199578450034,""volume_i_pL"":1.3,""volume_l_pL"":0.10159247540438483}","[""cl_i_mM:outside_[47.1,53.1]"",""ph_i:outside_[6.77,7.05]"",""na_i_mM:outside_[10,35]"",""k_i_mM:outside_[100,160]""]",False,0.0,[],True,True
N_ABS_NKCC_S0.5_PLOW_KLOW_AE4NA10_P0.5_H1:B00,N_ABS_NKCC_S0.5_PLOW_KLOW_AE4NA10_P0.5_H1,N_ABS_NKCC,0.5,0.5,1.0,H1,PRODUCTION_PRE_REVEAL,True,True,False,2.3402503893099613e-12,3.3306690738754696e-16,2.3402503893099613e-16,7.270142102516845e-27,1.5092094240998222e-16,True,True,2.3402503893099613e-12,11,0,7.105427357601002e-15,True,"{""cl_i_mM"":19.303360384240968,""cl_l_mM"":138.01389309703464,""k_i_mM"":65.42423203135169,""k_l_mM"":7.705941596732268,""na_i_mM"":25.963208863310157,""na_l_mM"":142.50867710616308,""ph_i"":6.749591741301147,""ph_l"":7.275426247727146,""tic_i_mM"":4.571035683208063,""tic_l_mM"":13.002164818479587,""v_apical_mV"":-54.86819989956867,""v_basolateral_mV"":-65.84753493362564,""volume_i_pL"":1.3,""volume_l_pL"":0.10146653478372447}","[""cl_i_mM:outside_[47.1,53.1]"",""ph_i:outside_[6.77,7.05]"",""k_i_mM:outside_[100,160]""]",False,7.105427357601002e-15,[],True,True
N_ABS_NKCC_S0.5_PLOW_KLOW_AE4NA10_P1_H1:B00,N_ABS_NKCC_S0.5_PLOW_KLOW_AE4NA10_P1_H1,N_ABS_NKCC,0.5,1.0,1.0,H1,PRODUCTION_PRE_REVEAL,True,True,False,3.5475095083725705e-12,8.187894806610529e-16,3.5475095083725705e-16,3.7966297646476856e-26,6.990935608186533e-16,True,True,4.4663708495540355e-12,11,0,1.7763568394002505e-14,True,"{""cl_i_mM"":16.639342356241407,""cl_l_mM"":138.44817901657134,""k_i_mM"":77.3529324177815,""k_l_mM"":7.694012592295439,""na_i_mM"":11.316575793368719,""na_l_mM"":142.53219668528195,""ph_i"":6.750560093448979,""ph_l"":7.269827974775768,""tic_i_mM"":4.488720724861663,""tic_l_mM"":12.562046477151458,""v_apical_mV"":-59.084701684578356,""v_basolateral_mV"":-70.68936689863769,""volume_i_pL"":1.3,""volume_l_pL"":0.10158877081737279}","[""cl_i_mM:outside_[47.1,53.1]"",""ph_i:outside_[6.77,7.05]"",""k_i_mM:outside_[100,160]""]",False,2.842170943040401e-14,[],True,True
N_ABS_NKCC_S0.5_PLOW_KLOW_AE4NA10_P2_H1:B00,N_ABS_NKCC_S0.5_PLOW_KLOW_AE4NA10_P2_H1,N_ABS_NKCC,0.5,2.0,1.0,H1,PRODUCTION_PRE_REVEAL,True,True,False,5.183570586653197e-12,7.355227538141662e-16,5.183570586653197e-16,2.261821987449685e-26,4.2327252813834093e-16,True,True,5.183570586653197e-12,11,0,3.552713678800501e-15,True,"{""cl_i_mM"":15.93942944809826,""cl_l_mM"":138.5351957601187,""k_i_mM"":80.39522260347765,""k_l_mM"":7.614565721443357,""na_i_mM"":7.817380491405055,""na_l_mM"":142.61447952506342,""ph_i"":6.763050484162844,""ph_l"":7.269027710319878,""tic_i_mM"":4.5742569566820075,""tic_l_mM"":12.473740318262683,""v_apical_mV"":-60.28752120841458,""v_basolateral_mV"":-71.98725201622617,""volume_i_pL"":1.3,""volume_l_pL"":0.10162160158446139}","[""cl_i_mM:outside_[47.1,53.1]"",""ph_i:outside_[6.77,7.05]"",""na_i_mM:outside_[10,35]"",""k_i_mM:outside_[100,160]""]",False,1.4210854715202004e-14,[],True,True
N_ABS_NKCC_S0.5_PLOW_KLOW_AE4NA20_P1_H1:B00,N_ABS_NKCC_S0.5_PLOW_KLOW_AE4NA20_P1_H1,N_ABS_NKCC,0.5,1.0,1.0,H1,PRODUCTION_PRE_REVEAL,True,True,False,1.499505814656077e-11,5.429684479807406e-16,1.499505814656077e-15,1.7771458472818954e-26,1.7824283715661693e-16,True,True,1.499505814656077e-11,11,0,1.0302869668521453e-13,True,"{""cl_i_mM"":16.11534848695593,""cl_l_mM"":138.37874468596317,""k_i_mM"":76.14928928731179,""k_l_mM"":7.29121409984667,""na_i_mM"":14.04823927759452,""na_l_mM"":142.93256422192016,""ph_i"":6.842286089614717,""ph_l"":7.269094363410015,""tic_i_mM"":5.393478702660173,""tic_l_mM"":12.634884224963832,""v_apical_mV"":-59.919479008065196,""v_basolateral_mV"":-71.23698742179373,""volume_i_pL"":1.3,""volume_l_pL"":0.10160941455953887}","[""cl_i_mM:outside_[47.1,53.1]"",""k_i_mM:outside_[100,160]""]",False,1.4210854715202004e-14,[],True,True
N_ABS_NKCC_S0.5_PLOW_KLOW_AE4NA20_P2_H1:B00,N_ABS_NKCC_S0.5_PLOW_KLOW_AE4NA20_P2_H1,N_ABS_NKCC,0.5,2.0,1.0,H1,PRODUCTION_PRE_REVEAL,True,True,False,1.015192704206802e-11,3.0591848498850993e-15,1.015192704206802e-15,1.1309109937248425e-26,1.8821749714348357e-16,True,True,1.015192704206802e-11,11,0,3.552713678800501e-15,True,"{""cl_i_mM"":15.072751495709412,""cl_l_mM"":138.5007833589999,""k_i_mM"":80.76918816219919,""k_l_mM"":7.170925561386549,""na_i_mM"":8.846910272339338,""na_l_mM"":143.0575264386085,""ph_i"":6.863394607667677,""ph_l"":7.268713282579419,""tic_i_mM"":5.575259958654779,""tic_l_mM"":12.510398954007648,""v_apical_mV"":-61.783561701949225,""v_basolateral_mV"":-73.22608166039099,""volume_i_pL"":1.2999999999999998,""volume_l_pL"":0.10165669177998253}","[""cl_i_mM:outside_[47.1,53.1]"",""na_i_mM:outside_[10,35]"",""k_i_mM:outside_[100,160]""]",False,7.105427357601002e-15,[],True,True
N_ABS_NKCC_S0.5_PNOM_KMID_AE4NA05_P0.5_H1:B00,N_ABS_NKCC_S0.5_PNOM_KMID_AE4NA05_P0.5_H1,N_ABS_NKCC,0.5,0.5,1.0,H1,PRODUCTION_PRE_REVEAL,True,True,False,1.7965229998084808e-12,3.04565400677248e-14,1.7965229998084808e-16,1.857925203976527e-26,2.445960101127298e-16,True,True,1.6414820891430537e-12,11,0,1.7763568394002505e-15,True,"{""cl_i_mM"":18.313948034630904,""cl_l_mM"":138.24828082364542,""k_i_mM"":72.79943555296228,""k_l_mM"":8.217060016978557,""na_i_mM"":16.222940364913256,""na_l_mM"":142.00631598043444,""ph_i"":6.683173221001488,""ph_l"":7.274961163405769,""tic_i_mM"":3.9765844296518797,""tic_l_mM"":12.762579578617594,""v_apical_mV"":-56.411244351441226,""v_basolateral_mV"":-67.66787262973929,""volume_i_pL"":1.3,""volume_l_pL"":0.10154210303467702}","[""cl_i_mM:outside_[47.1,53.1]"",""ph_i:outside_[6.77,7.05]"",""k_i_mM:outside_[100,160]""]",False,4.1389114358025836e-13,[],True,True
N_ABS_NKCC_S0.5_PNOM_KMID_AE4NA05_P1_H1:B00,N_ABS_NKCC_S0.5_PNOM_KMID_AE4NA05_P1_H1,N_ABS_NKCC,0.5,1.0,1.0,H1,PRODUCTION_PRE_REVEAL,True,True,False,5.377100674441859e-12,2.937667470392924e-14,5.377100674441859e-16,1.2116903504194741e-26,1.1405806854547507e-16,True,True,5.377100674441859e-12,11,0,3.552713678800501e-15,True,"{""cl_i_mM"":17.116138399372367,""cl_l_mM"":138.4383678511531,""k_i_mM"":78.3081652717659,""k_l_mM"":8.186393635807027,""na_i_mM"":9.500972102959544,""na_l_mM"":142.04203208241987,""ph_i"":6.6837265430183335,""ph_l"":7.272287731101847,""tic_i_mM"":3.9479523023218266,""tic_l_mM"":12.570307566041695,""v_apical_mV"":-58.33163252270841,""v_basolateral_mV"":-69.8375619124309,""volume_i_pL"":1.3,""volume_l_pL"":0.10160291662223611}","[""cl_i_mM:outside_[47.1,53.1]"",""ph_i:outside_[6.77,7.05]"",""na_i_mM:outside_[10,35]"",""k_i_mM:outside_[100,160]""]",False,4.1655567883935873e-13,[],True,True
N_ABS_NKCC_S0.5_PNOM_KMID_AE4NA05_P2_H1:B00,N_ABS_NKCC_S0.5_PNOM_KMID_AE4NA05_P2_H1,N_ABS_NKCC,0.5,2.0,1.0,H1,PRODUCTION_PRE_REVEAL,True,True,False,1.8758323887257955e-11,1.5423686633431188e-13,1.8758323887257955e-15,7.270142102516845e-27,8.890457814381136e-17,True,True,1.542657061121e-11,11,0,8.008882446119969e-11,True,"{""cl_i_mM"":16.598121065545904,""cl_l_mM"":138.5031464298968,""k_i_mM"":80.48480926133456,""k_l_mM"":8.125996459594097,""na_i_mM"":6.915732420232208,""na_l_mM"":142.10445050754848,""ph_i"":6.690020816391662,""ph_l"":7.2715533019063034,""tic_i_mM"":3.981169021188474,""tic_l_mM"":12.50475010112798,""v_apical_mV"":-59.19434756156623,""v_basolateral_mV"":-70.76229325533191,""volume_i_pL"":1.2999999999999896,""volume_l_pL"":0.10162928992236679}","[""cl_i_mM:outside_[47.1,53.1]"",""ph_i:outside_[6.77,7.05]"",""na_i_mM:outside_[10,35]"",""k_i_mM:outside_[100,160]""]",False,0.0,[],True,True
N_ABS_NKCC_S0.5_PNOM_KMID_AE4NA10_P0.5_H1:B00,N_ABS_NKCC_S0.5_PNOM_KMID_AE4NA10_P0.5_H1,N_ABS_NKCC,0.5,0.5,1.0,H1,PRODUCTION_PRE_REVEAL,True,True,False,3.115075471876727e-11,3.630255818176664e-14,3.115075471876727e-15,1.6963664905872638e-26,1.6566609195578508e-16,True,True,1.568840543586525e-12,11,0,3.552713678800501e-15,True,"{""cl_i_mM"":19.234502730925293,""cl_l_mM"":137.9559889589761,""k_i_mM"":65.42985501197862,""k_l_mM"":7.788935121954904,""na_i_mM"":25.87870428420469,""na_l_mM"":142.4270631306473,""ph_i"":6.749193767397849,""ph_l"":7.278025576600427,""tic_i_mM"":4.565496460668858,""tic_l_mM"":13.060387916326304,""v_apical_mV"":-54.95508550837,""v_basolateral_mV"":-65.60101271852412,""volume_i_pL"":1.2999999999999976,""volume_l_pL"":0.1015025913226399}","[""cl_i_mM:outside_[47.1,53.1]"",""ph_i:outside_[6.77,7.05]"",""k_i_mM:outside_[100,160]""]",False,7.105427357601002e-15,[],True,True
N_ABS_NKCC_S0.5_PNOM_KMID_AE4NA10_P1_H1:B00,N_ABS_NKCC_S0.5_PNOM_KMID_AE4NA10_P1_H1,N_ABS_NKCC,0.5,1.0,1.0,H1,PRODUCTION_PRE_REVEAL,True,True,False,9.504658345094175e-12,3.2612801348363973e-16,9.504658345094175e-16,1.6963664905872638e-26,2.949029909160572e-16,True,True,7.048940424414507e-12,11,0,1.2612133559741778e-13,True,"{""cl_i_mM"":16.511812663423747,""cl_l_mM"":138.3750753984236,""k_i_mM"":77.22472004468153,""k_l_mM"":7.741819505462656,""na_i_mM"":11.293626116503985,""na_l_mM"":142.4859907906913,""ph_i"":6.749498712869742,""ph_l"":7.273121841486143,""tic_i_mM"":4.477712412956748,""tic_l_mM"":12.635581953642026,""v_apical_mV"":-59.27827691673573,""v_basolateral_mV"":-70.47112332063529,""volume_i_pL"":1.3,""volume_l_pL"":0.10163192542202278}","[""cl_i_mM:outside_[47.1,53.1]"",""ph_i:outside_[6.77,7.05]"",""k_i_mM:outside_[100,160]""]",False,1.4210854715202004e-14,[],True,True
N_ABS_NKCC_S0.5_PNOM_KMID_AE4NA10_P2_H1:B00,N_ABS_NKCC_S0.5_PNOM_KMID_AE4NA10_P2_H1,N_ABS_NKCC,0.5,2.0,1.0,H1,PRODUCTION_PRE_REVEAL,True,True,False,1.6700508163880468e-11,4.527628272299467e-16,1.6700508163880468e-15,1.7771458472818954e-26,2.6194324487249787e-16,True,True,1.5029210514994062e-11,11,0,9.947598300641403e-14,True,"{""cl_i_mM"":15.778748339364945,""cl_l_mM"":138.4555712033379,""k_i_mM"":80.2143193559687,""k_l_mM"":7.641313893146979,""na_i_mM"":7.804115131645476,""na_l_mM"":142.58943817574288,""ph_i"":6.76153914955109,""ph_l"":7.272617289613133,""tic_i_mM"":4.559036786909724,""tic_l_mM"":12.55383659680008,""v_apical_mV"":-60.54476806177397,""v_basolateral_mV"":-71.79860069346344,""volume_i_pL"":1.3,""volume_l_pL"":0.10166784846255214}","[""cl_i_mM:outside_[47.1,53.1]"",""ph_i:outside_[6.77,7.05]"",""na_i_mM:outside_[10,35]"",""k_i_mM:outside_[100,160]""]",False,1.4210854715202004e-14,[],True,True
N_ABS_NKCC_S0.5_PNOM_KMID_AE4NA20_P1_H1:B00,N_ABS_NKCC_S0.5_PNOM_KMID_AE4NA20_P1_H1,N_ABS_NKCC,0.5,1.0,1.0,H1,PRODUCTION_PRE_REVEAL,True,True,False,1.6097691755978527e-11,6.600622826091751e-15,1.6097691755978527e-15,2.1002632740604218e-26,2.1293730667615307e-16,True,True,1.364197383529886e-11,11,0,3.552713678800501e-15,True,"{""cl_i_mM"":15.880885763916405,""cl_l_mM"":138.2974104762602,""k_i_mM"":75.93234914890616,""k_l_mM"":7.275691592350607,""na_i_mM"":13.979734295286177,""na_l_mM"":142.95009959715887,""ph_i"":6.840238030151857,""ph_l"":7.272869313330557,""tic_i_mM"":5.368257951095622,""tic_l_mM"":12.716697263425536,""v_apical_mV"":-60.29994614432266,""v_basolateral_mV"":-71.1352099004563,""volume_i_pL"":1.2999999999999994,""volume_l_pL"":0.10166230914277948}","[""cl_i_mM:outside_[47.1,53.1]"",""k_i_mM:outside_[100,160]""]",False,0.0,[],True,True
N_ABS_NKCC_S0.5_PNOM_KMID_AE4NA20_P2_H1:B00,N_ABS_NKCC_S0.5_PNOM_KMID_AE4NA20_P2_H1,N_ABS_NKCC,0.5,2.0,1.0,H1,PRODUCTION_PRE_REVEAL,True,True,False,3.115454942637097e-12,1.3877787807814457e-16,3.115454942637097e-16,1.9387045606711586e-26,1.196959198423997e-16,True,True,5.5711728633167645e-12,11,0,1.0658141036401503e-14,True,"{""cl_i_mM"":14.800549736930826,""cl_l_mM"":138.40773176329543,""k_i_mM"":80.45551608310784,""k_l_mM"":7.127029122384042,""na_i_mM"":8.817794642237926,""na_l_mM"":143.1035495487453,""ph_i"":6.8605697884015,""ph_l"":7.272970099186556,""tic_i_mM"":5.540750451067194,""tic_l_mM"":12.60400085125209,""v_apical_mV"":-62.25596128946444,""v_basolateral_mV"":-73.16278684787726,""volume_i_pL"":1.3,""volume_l_pL"":0.10171351946901765}","[""cl_i_mM:outside_[47.1,53.1]"",""na_i_mM:outside_[10,35]"",""k_i_mM:outside_[100,160]""]",False,1.4210854715202004e-14,[],True,True
N_ABS_NKCC_S12_PHIGH_KHIGH_AE4NA05_P1_H1:B00,N_ABS_NKCC_S12_PHIGH_KHIGH_AE4NA05_P1_H1,N_ABS_NKCC,12.0,1.0,1.0,H1,DIAGNOSTIC_ONLY_ABSOLUTE_SOURCE_STRESS,False,True,False,1.3121014691419575e-11,2.579533808777512e-15,1.3121014691419575e-15,3.2311742677852644e-27,2.949029909160572e-17,True,True,1.3121014691419575e-11,11,0,1.7763568394002505e-15,True,"{""cl_i_mM"":59.787058791952056,""cl_l_mM"":145.8004452962931,""k_i_mM"":112.18455447378385,""k_l_mM"":25.279876466591,""na_i_mM"":21.91478638146906,""na_l_mM"":125.06927355797117,""ph_i"":6.856050543565697,""ph_l"":6.895100011539567,""tic_i_mM"":5.429490680923831,""tic_l_mM"":5.275499661650328,""v_apical_mV"":-31.8349774368292,""v_basolateral_mV"":-66.2398490181998,""volume_i_pL"":1.3,""volume_l_pL"":0.10559371413215607}","[""cl_i_mM:outside_[47.1,53.1]""]",False,1.4210854715202004e-14,[],True,True
N_ABS_NKCC_S12_PHIGH_KHIGH_AE4NA05_P2_H1:B00,N_ABS_NKCC_S12_PHIGH_KHIGH_AE4NA05_P2_H1,N_ABS_NKCC,12.0,2.0,1.0,H1,DIAGNOSTIC_ONLY_ABSOLUTE_SOURCE_STRESS,False,True,False,1.4495783046131194e-11,9.221217539545634e-13,1.4495783046131194e-15,1.2924697071141057e-26,9.540979117872439e-17,True,True,1.4495783046131194e-11,11,0,4.263256414560601e-14,True,"{""cl_i_mM"":72.88420739349658,""cl_l_mM"":146.7905553006521,""k_i_mM"":137.02458695519294,""k_l_mM"":30.87701691339639,""na_i_mM"":11.316946339043724,""na_l_mM"":119.52495705370634,""ph_i"":6.90852218316598,""ph_l"":6.817551449108187,""tic_i_mM"":5.869237989632952,""tic_l_mM"":4.301910275574187,""v_apical_mV"":-28.575121495615548,""v_basolateral_mV"":-69.11485047855811,""volume_i_pL"":1.300000000000075,""volume_l_pL"":0.10706578412249385}","[""cl_i_mM:outside_[47.1,53.1]"",""v_apical_mV:outside_[-80,-30]""]",False,2.673417043297377e-13,[],True,True
N_ABS_NKCC_S12_PHIGH_KHIGH_AE4NA10_P1_H1:B00,N_ABS_NKCC_S12_PHIGH_KHIGH_AE4NA10_P1_H1,N_ABS_NKCC,12.0,1.0,1.0,H1,DIAGNOSTIC_ONLY_ABSOLUTE_SOURCE_STRESS,False,True,False,3.450473413935118e-11,3.66720542821497e-15,3.450473413935118e-15,2.908056841006738e-26,3.2959746043559335e-16,True,True,2.774473359390406e-12,11,0,2.842170943040401e-14,True,"{""cl_i_mM"":54.21297881881819,""cl_l_mM"":145.2781293133862,""k_i_mM"":98.58959126402947,""k_l_mM"":21.632936129030547,""na_i_mM"":31.10409179800711,""na_l_mM"":128.6914117483955,""ph_i"":6.899321382188353,""ph_l"":6.92578184557262,""tic_i_mM"":6.053117585915328,""tic_l_mM"":5.797166932173643,""v_apical_mV"":-33.62883228883405,""v_basolateral_mV"":-65.23937285086778,""volume_i_pL"":1.3,""volume_l_pL"":0.10505343460507535}","[""cl_i_mM:outside_[47.1,53.1]"",""k_i_mM:outside_[100,160]""]",False,5.773159728050814e-14,[],True,True
N_ABS_NKCC_S12_PHIGH_KHIGH_AE4NA10_P2_H1:B00,N_ABS_NKCC_S12_PHIGH_KHIGH_AE4NA10_P2_H1,N_ABS_NKCC,12.0,2.0,1.0,H1,DIAGNOSTIC_ONLY_ABSOLUTE_SOURCE_STRESS,False,True,False,1.6759597182280928e-11,3.885780586188048e-16,1.6759597182280928e-15,6.462348535570529e-27,1.1622647289044608e-16,True,True,1.4972832002024816e-11,11,0,2.842170943040401e-14,True,"{""cl_i_mM"":68.72539666963686,""cl_l_mM"":146.73985835305365,""k_i_mM"":132.88438801934552,""k_l_mM"":28.574939705041317,""na_i_mM"":13.165492886632222,""na_l_mM"":121.82257721110342,""ph_i"":6.978644039270733,""ph_l"":6.819128592326021,""tic_i_mM"":6.8148898284418635,""tic_l_mM"":4.354443714351063,""v_apical_mV"":-30.052726200179308,""v_basolateral_mV"":-70.2049369985239,""volume_i_pL"":1.3,""volume_l_pL"":0.10701015398562935}","[""cl_i_mM:outside_[47.1,53.1]""]",False,0.0,[],True,True
N_ABS_NKCC_S12_PHIGH_KHIGH_AE4NA20_P1_H1:B00,N_ABS_NKCC_S12_PHIGH_KHIGH_AE4NA20_P1_H1,N_ABS_NKCC,12.0,1.0,1.0,H1,DIAGNOSTIC_ONLY_ABSOLUTE_SOURCE_STRESS,False,True,False,2.1824989732133204e-12,1.7843365673897438e-14,2.1824989732133204e-16,9.693522803355793e-27,7.719519468096792e-17,True,True,2.1824989732133204e-12,11,0,0.0,True,"{""cl_i_mM"":49.78142796669687,""cl_l_mM"":144.47957546571033,""k_i_mM"":80.60012948690624,""k_l_mM"":17.668857224994298,""na_i_mM"":46.582654732725324,""na_l_mM"":132.61968663169037,""ph_i"":6.963144494545635,""ph_l"":6.963984401721804,""tic_i_mM"":7.16502029502375,""tic_l_mM"":6.600115560392424,""v_apical_mV"":-34.839101532074714,""v_basolateral_mV"":-62.69689865302396,""volume_i_pL"":1.300000000000002,""volume_l_pL"":0.10438666854056404}","[""na_i_mM:outside_[10,35]"",""k_i_mM:outside_[100,160]""]",False,0.0,[],True,True
N_ABS_NKCC_S12_PHIGH_KHIGH_AE4NA20_P2_H1:B00,N_ABS_NKCC_S12_PHIGH_KHIGH_AE4NA20_P2_H1,N_ABS_NKCC,12.0,2.0,1.0,H1,DIAGNOSTIC_ONLY_ABSOLUTE_SOURCE_STRESS,False,True,False,5.95443833129039e-12,2.7755575615628914e-16,5.95443833129039e-16,6.462348535570529e-27,1.457167719820518e-16,True,True,5.95443833129039e-12,11,0,1.4210854715202004e-14,True,"{""cl_i_mM"":63.70930952365207,""cl_l_mM"":146.6456041244323,""k_i_mM"":127.71975081727699,""k_l_mM"":25.94561442661916,""na_i_mM"":16.03155028534975,""na_l_mM"":124.44356439341414,""ph_i"":7.0694989840106786,""ph_l"":6.822024887961167,""tic_i_mM"":8.33763463883879,""tic_l_mM"":4.451963577584844,""v_apical_mV"":-31.904105298858134,""v_basolateral_mV"":-71.35905525297198,""volume_i_pL"":1.3,""volume_l_pL"":0.10690247404272996}","[""cl_i_mM:outside_[47.1,53.1]"",""ph_i:outside_[6.77,7.05]""]",False,0.0,[],True,True
N_ABS_NKCC_S12_PHIGH_KLOW_AE4NA05_P1_H1:B00,N_ABS_NKCC_S12_PHIGH_KLOW_AE4NA05_P1_H1,N_ABS_NKCC,12.0,1.0,1.0,H1,DIAGNOSTIC_ONLY_ABSOLUTE_SOURCE_STRESS,False,True,False,3.3675319477399768e-12,1.0547118733938987e-15,3.367531947739977e-16,1.9387045606711586e-26,1.6393136847980827e-16,True,True,3.3675319477399768e-12,11,0,1.7763568394002505e-15,True,"{""cl_i_mM"":59.17501168323542,""cl_l_mM"":146.06471350225033,""k_i_mM"":110.94426363829557,""k_l_mM"":20.557443450744543,""na_i_mM"":22.503028166381995,""na_l_mM"":129.78977999681345,""ph_i"":6.854132059499876,""ph_l"":6.868090635834258,""tic_i_mM"":5.415201846532247,""tic_l_mM"":5.010938162911752,""v_apical_mV"":-32.30826463769453,""v_basolateral_mV"":-68.97603442489682,""volume_i_pL"":1.3,""volume_l_pL"":0.10554658997915836}","[""cl_i_mM:outside_[47.1,53.1]""]",False,1.4210854715202004e-14,[],True,True
N_ABS_NKCC_S12_PHIGH_KLOW_AE4NA05_P2_H1:B00,N_ABS_NKCC_S12_PHIGH_KLOW_AE4NA05_P2_H1,N_ABS_NKCC,12.0,2.0,1.0,H1,DIAGNOSTIC_ONLY_ABSOLUTE_SOURCE_STRESS,False,True,False,1.296055276989172e-11,1.8263168755083825e-14,1.296055276989172e-15,2.5849394142282115e-26,2.636779683484747e-16,True,True,1.0503750647039567e-11,11,0,4.845901457883883e-12,True,"{""cl_i_mM"":72.66544724351195,""cl_l_mM"":147.05466439604385,""k_i_mM"":136.7338338338843,""k_l_mM"":24.28513028830116,""na_i_mM"":11.36817702150897,""na_l_mM"":126.1113326892939,""ph_i"":6.907430830734459,""ph_l"":6.782068896894346,""tic_i_mM"":5.863807079783031,""tic_l_mM"":4.035372550753635,""v_apical_mV"":-28.80666830441761,""v_basolateral_mV"":-72.37120980239322,""volume_i_pL"":1.3,""volume_l_pL"":0.1068972391835352}","[""cl_i_mM:outside_[47.1,53.1]"",""v_apical_mV:outside_[-80,-30]""]",False,2.673417043297377e-13,[],True,True
N_ABS_NKCC_S12_PHIGH_KLOW_AE4NA10_P1_H1:B00,N_ABS_NKCC_S12_PHIGH_KLOW_AE4NA10_P1_H1,N_ABS_NKCC,12.0,1.0,1.0,H1,DIAGNOSTIC_ONLY_ABSOLUTE_SOURCE_STRESS,False,True,False,1.5243882545146192e-12,4.440892098500626e-16,1.5243882545146192e-16,1.9387045606711586e-26,2.185751579730777e-16,True,True,1.5243882545146192e-12,11,0,6.750155989720952e-14,True,"{""cl_i_mM"":53.719969575026234,""cl_l_mM"":145.51545954991,""k_i_mM"":97.16611281134851,""k_l_mM"":17.84405017552726,""na_i_mM"":31.99436999145675,""na_l_mM"":132.47895749664525,""ph_i"":6.897430645616877,""ph_l"":6.903974796705284,""tic_i_mM"":6.038882770340105,""tic_l_mM"":5.560066816264963,""v_apical_mV"":-34.04911909957182,""v_basolateral_mV"":-67.46265730145234,""volume_i_pL"":1.3,""volume_l_pL"":0.10502986934972375}","[""cl_i_mM:outside_[47.1,53.1]"",""k_i_mM:outside_[100,160]""]",False,7.105427357601002e-15,[],True,True
N_ABS_NKCC_S12_PHIGH_KLOW_AE4NA10_P2_H1:B00,N_ABS_NKCC_S12_PHIGH_KLOW_AE4NA10_P2_H1,N_ABS_NKCC,12.0,2.0,1.0,H1,DIAGNOSTIC_ONLY_ABSOLUTE_SOURCE_STRESS,False,True,False,3.404394821604484e-12,2.7755575615628914e-16,3.404394821604484e-16,9.693522803355793e-27,7.632783294297951e-17,True,True,3.404394821604484e-12,11,0,1.4210854715202004e-14,True,"{""cl_i_mM"":68.55597357671871,""cl_l_mM"":146.97858729092195,""k_i_mM"":132.64239426273815,""k_l_mM"":22.442625223949342,""na_i_mM"":13.21631360079137,""na_l_mM"":127.9495682415682,""ph_i"":6.977575292329091,""ph_l"":6.787413204423157,""tic_i_mM"":6.808300171347775,""tic_l_mM"":4.113383084664846,""v_apical_mV"":-30.245028568595558,""v_basolateral_mV"":-73.11578576829976,""volume_i_pL"":1.3,""volume_l_pL"":0.10684764801066196}","[""cl_i_mM:outside_[47.1,53.1]""]",False,1.4210854715202004e-14,[],True,True
N_ABS_NKCC_S12_PHIGH_KLOW_AE4NA20_P1_H1:B00,N_ABS_NKCC_S12_PHIGH_KLOW_AE4NA20_P1_H1,N_ABS_NKCC,12.0,1.0,1.0,H1,DIAGNOSTIC_ONLY_ABSOLUTE_SOURCE_STRESS,False,True,False,1.372274689714903e-11,6.055919654635034e-14,1.372274689714903e-15,2.5849394142282115e-26,1.6306400674181987e-16,True,True,1.372274689714903e-11,11,0,3.0613733770223917e-11,True,"{""cl_i_mM"":49.52808449472409,""cl_l_mM"":144.69087420451802,""k_i_mM"":79.22085453256797,""k_l_mM"":14.88814102796954,""na_i_mM"":47.68876129813827,""na_l_mM"":135.3996492155412,""ph_i"":6.9620589789691465,""ph_l"":6.947144709636352,""tic_i_mM"":7.161015889195141,""tic_l_mM"":6.3895570384243054,""v_apical_mV"":-35.130044589620454,""v_basolateral_mV"":-64.34037403174968,""volume_i_pL"":1.3000000000000074,""volume_l_pL"":0.10438638415860936}","[""na_i_mM:outside_[10,35]"",""k_i_mM:outside_[100,160]""]",False,1.4210854715202004e-14,[],True,True
N_ABS_NKCC_S12_PHIGH_KLOW_AE4NA20_P2_H1:B00,N_ABS_NKCC_S12_PHIGH_KLOW_AE4NA20_P2_H1,N_ABS_NKCC,12.0,2.0,1.0,H1,DIAGNOSTIC_ONLY_ABSOLUTE_SOURCE_STRESS,False,True,False,2.1135437150432423e-11,2.2638141361497333e-16,2.1135437150432423e-15,3.554291694563791e-26,2.5760643618255585e-16,True,True,2.3590070868939605e-11,11,0,3.552713678800501e-15,True,"{""cl_i_mM"":63.58391474341974,""cl_l_mM"":146.85542451726351,""k_i_mM"":127.51736144680314,""k_l_mM"":20.368046717402688,""na_i_mM"":16.086107250053413,""na_l_mM"":130.01607281627946,""ph_i"":7.0684807025259255,""ph_l"":6.794710302110406,""tic_i_mM"":8.329586447190518,""tic_l_mM"":4.239961375270051,""v_apical_mV"":-32.055742587233595,""v_basolateral_mV"":-73.87112697717369,""volume_i_pL"":1.3,""volume_l_pL"":0.10674875759043974}","[""cl_i_mM:outside_[47.1,53.1]"",""ph_i:outside_[6.77,7.05]""]",False,1.4210854715202004e-14,[],True,True
N_ABS_NKCC_S12_PLOW_KHIGH_AE4NA05_P1_H1:B00,N_ABS_NKCC_S12_PLOW_KHIGH_AE4NA05_P1_H1,N_ABS_NKCC,12.0,1.0,1.0,H1,DIAGNOSTIC_ONLY_ABSOLUTE_SOURCE_STRESS,False,True,False,1.1186798015705435e-11,6.106226635438361e-16,1.1186798015705435e-15,9.693522803355793e-27,2.0643209364124004e-16,True,True,8.732164297198253e-12,11,0,2.842170943040401e-14,True,"{""cl_i_mM"":60.20142445494711,""cl_l_mM"":145.80546561314955,""k_i_mM"":112.96556217997515,""k_l_mM"":26.542907901185327,""na_i_mM"":21.566046828358164,""na_l_mM"":123.80016152602752,""ph_i"":6.856621701305746,""ph_l"":6.892143063077269,""tic_i_mM"":5.440779184233395,""tic_l_mM"":5.267607912399316,""v_apical_mV"":-31.515698458046998,""v_basolateral_mV"":-66.34249015023639,""volume_i_pL"":1.3,""volume_l_pL"":0.10540367739124698}","[""cl_i_mM:outside_[47.1,53.1]""]",False,1.4210854715202004e-14,[],True,True
N_ABS_NKCC_S12_PLOW_KHIGH_AE4NA05_P2_H1:B00,N_ABS_NKCC_S12_PLOW_KHIGH_AE4NA05_P2_H1,N_ABS_NKCC,12.0,2.0,1.0,H1,DIAGNOSTIC_ONLY_ABSOLUTE_SOURCE_STRESS,False,True,False,6.889020603972895e-12,1.9420229313560355e-14,6.889020603972895e-16,9.693522803355793e-27,1.9949319973733282e-16,True,True,9.345822726825048e-12,11,0,5.6132876125047915e-12,True,"{""cl_i_mM"":73.24773227646648,""cl_l_mM"":146.78481617872455,""k_i_mM"":137.47052785144626,""k_l_mM"":32.577648453382736,""na_i_mM"":11.246742999050063,""na_l_mM"":117.816161031957,""ph_i"":6.908660229966374,""ph_l"":6.814570180294683,""tic_i_mM"":5.880995306864258,""tic_l_mM"":4.303794965362622,""v_apical_mV"":-28.24208880577393,""v_basolateral_mV"":-69.16163143519407,""volume_i_pL"":1.3000000000000003,""volume_l_pL"":0.10681064251857202}","[""cl_i_mM:outside_[47.1,53.1]"",""v_apical_mV:outside_[-80,-30]""]",False,2.673417043297377e-13,[],True,True
N_ABS_NKCC_S12_PLOW_KHIGH_AE4NA10_P1_H1:B00,N_ABS_NKCC_S12_PLOW_KHIGH_AE4NA10_P1_H1,N_ABS_NKCC,12.0,1.0,1.0,H1,DIAGNOSTIC_ONLY_ABSOLUTE_SOURCE_STRESS,False,True,False,5.422095064600008e-12,4.5035503104529084e-13,5.422095064600008e-16,2.261821987449685e-26,2.1423834928313568e-16,True,True,5.422095064600008e-12,11,0,5.992717433400685e-11,True,"{""cl_i_mM"":54.59913985904174,""cl_l_mM"":145.28718448334413,""k_i_mM"":99.60215991505682,""k_l_mM"":22.8475253029264,""na_i_mM"":30.50018972535791,""na_l_mM"":127.47041854046897,""ph_i"":6.900072542082197,""ph_l"":6.9225645013388455,""tic_i_mM"":6.0663381887669345,""tic_l_mM"":5.7850116732854575,""v_apical_mV"":-33.3020339842379,""v_basolateral_mV"":-65.41627988106823,""volume_i_pL"":1.3000000000000125,""volume_l_pL"":0.10485167784103928}","[""cl_i_mM:outside_[47.1,53.1]"",""k_i_mM:outside_[100,160]""]",False,1.723066134218243e-13,[],True,True
N_ABS_NKCC_S12_PLOW_KHIGH_AE4NA10_P2_H1:B00,N_ABS_NKCC_S12_PLOW_KHIGH_AE4NA10_P2_H1,N_ABS_NKCC,12.0,2.0,1.0,H1,DIAGNOSTIC_ONLY_ABSOLUTE_SOURCE_STRESS,False,True,False,1.435917357239802e-11,9.43689570931383e-16,1.435917357239802e-15,3.2311742677852644e-27,1.1622647289044608e-16,True,True,1.6813807290905203e-11,11,0,1.7763568394002505e-15,True,"{""cl_i_mM"":69.13655461109511,""cl_l_mM"":146.73365367398267,""k_i_mM"":133.41895454228128,""k_l_mM"":30.457663460827305,""na_i_mM"":13.064739117791998,""na_l_mM"":119.93012238279523,""ph_i"":6.979029731218854,""ph_l"":6.815521403517207,""tic_i_mM"":6.834020482705888,""tic_l_mM"":4.35607686356107,""v_apical_mV"":-29.656380899835217,""v_basolateral_mV"":-70.27194259182879,""volume_i_pL"":1.3,""volume_l_pL"":0.10670653346367348}","[""cl_i_mM:outside_[47.1,53.1]"",""v_apical_mV:outside_[-80,-30]""]",False,0.0,[],True,True
N_ABS_NKCC_S12_PLOW_KHIGH_AE4NA20_P1_H1:B00,N_ABS_NKCC_S12_PLOW_KHIGH_AE4NA20_P1_H1,N_ABS_NKCC,12.0,1.0,1.0,H1,DIAGNOSTIC_ONLY_ABSOLUTE_SOURCE_STRESS,False,True,False,1.1584700213007615e-11,5.996505375582828e-15,1.1584700213007615e-15,1.2924697071141057e-26,1.6132928326584306e-16,True,True,1.4040418133687282e-11,11,0,2.842170943040401e-14,True,"{""cl_i_mM"":50.03233525064977,""cl_l_mM"":144.48627841443448,""k_i_mM"":81.75963033808988,""k_l_mM"":18.730343516829198,""na_i_mM"":45.68634167597035,""na_l_mM"":131.55156171842256,""ph_i"":6.963522659893405,""ph_l"":6.96118397111455,""tic_i_mM"":7.172522006226352,""tic_l_mM"":6.590103737115573,""v_apical_mV"":-34.563910918485696,""v_basolateral_mV"":-62.97792154428489,""volume_i_pL"":1.3,""volume_l_pL"":0.10417549970272603}","[""na_i_mM:outside_[10,35]"",""k_i_mM:outside_[100,160]""]",False,3.730349362740526e-13,[],True,True
N_ABS_NKCC_S12_PLOW_KHIGH_AE4NA20_P2_H1:B00,N_ABS_NKCC_S12_PLOW_KHIGH_AE4NA20_P2_H1,N_ABS_NKCC,12.0,2.0,1.0,H1,DIAGNOSTIC_ONLY_ABSOLUTE_SOURCE_STRESS,False,True,False,1.3767199186220935e-11,3.6487826649000965e-13,1.3767199186220935e-15,6.462348535570529e-27,8.673617379884035e-17,True,True,1.3767199186220935e-11,11,0,4.9464432549939374e-11,True,"{""cl_i_mM"":64.1752130528113,""cl_l_mM"":146.64000560767636,""k_i_mM"":128.39154118502418,""k_l_mM"":27.97439197284072,""na_i_mM"":15.867876087506549,""na_l_mM"":122.40339782009771,""ph_i"":7.070321191091819,""ph_l"":6.8176655587642605,""tic_i_mM"":8.370793274499759,""tic_l_mM"":4.452244305943145,""v_apical_mV"":-31.435348556607615,""v_basolateral_mV"":-71.45851987623269,""volume_i_pL"":1.3000000000000347,""volume_l_pL"":0.1065478160648215}","[""cl_i_mM:outside_[47.1,53.1]"",""ph_i:outside_[6.77,7.05]""]",False,7.105427357601002e-15,[],True,True
N_ABS_NKCC_S12_PLOW_KLOW_AE4NA05_P1_H1:B00,N_ABS_NKCC_S12_PLOW_KLOW_AE4NA05_P1_H1,N_ABS_NKCC,12.0,1.0,1.0,H1,DIAGNOSTIC_ONLY_ABSOLUTE_SOURCE_STRESS,False,True,False,3.14440314064246e-11,2.7755575615628914e-16,3.14440314064246e-15,1.9387045606711586e-26,3.608224830031759e-16,True,True,1.5525775109992423e-12,11,0,2.842170943040401e-14,True,"{""cl_i_mM"":59.54223655586528,""cl_l_mM"":146.07469731267622,""k_i_mM"":111.65027231474755,""k_l_mM"":22.00374446714437,""na_i_mM"":22.17950995281682,""na_l_mM"":128.3379035125417,""ph_i"":6.8546092728130175,""ph_l"":6.864773288102638,""tic_i_mM"":5.425006813155208,""tic_l_mM"":4.998327316774951,""v_apical_mV"":-32.022887199857024,""v_basolateral_mV"":-69.10783148835272,""volume_i_pL"":1.3,""volume_l_pL"":0.10537246443525754}","[""cl_i_mM:outside_[47.1,53.1]""]",False,7.105427357601002e-15,[],True,True
N_ABS_NKCC_S12_PLOW_KLOW_AE4NA05_P2_H1:B00,N_ABS_NKCC_S12_PLOW_KLOW_AE4NA05_P2_H1,N_ABS_NKCC,12.0,2.0,1.0,H1,DIAGNOSTIC_ONLY_ABSOLUTE_SOURCE_STRESS,False,True,False,6.526897078362737e-12,1.803245053277891e-14,6.526897078362737e-16,6.462348535570529e-27,5.0306980803327406e-17,True,True,2.5203363701598036e-11,11,0,4.263256414560601e-14,True,"{""cl_i_mM"":72.98233283317899,""cl_l_mM"":147.05455777829812,""k_i_mM"":137.12134737003,""k_l_mM"":26.21547388997655,""na_i_mM"":11.307752533614973,""na_l_mM"":124.17361950431139,""ph_i"":6.907520643837551,""ph_l"":6.77869091806552,""tic_i_mM"":5.874067722858235,""tic_l_mM"":4.032026727548367,""v_apical_mV"":-28.513520892124102,""v_basolateral_mV"":-72.45105678392233,""volume_i_pL"":1.3,""volume_l_pL"":0.10666750556122954}","[""cl_i_mM:outside_[47.1,53.1]"",""v_apical_mV:outside_[-80,-30]""]",False,2.673417043297377e-13,[],True,True
N_ABS_NKCC_S12_PLOW_KLOW_AE4NA10_P1_H1:B00,N_ABS_NKCC_S12_PLOW_KLOW_AE4NA10_P1_H1,N_ABS_NKCC,12.0,1.0,1.0,H1,DIAGNOSTIC_ONLY_ABSOLUTE_SOURCE_STRESS,False,True,False,1.3335686721571705e-11,2.7389028545155014e-13,1.3335686721571705e-15,2.261821987449685e-26,2.203098814490545e-16,True,True,1.3335686721571705e-11,11,0,1.4342660392685502e-10,True,"{""cl_i_mM"":54.06007982382733,""cl_l_mM"":145.52984630191932,""k_i_mM"":98.08595267372198,""k_l_mM"":19.24916701747372,""na_i_mM"":31.433200586880773,""na_l_mM"":131.06793276113527,""ph_i"":6.898038937175899,""ph_l"":6.9004019192437,""tic_i_mM"":6.049987885690645,""tic_l_mM"":5.542824030373612,""v_apical_mV"":-33.75761796616259,""v_basolateral_mV"":-67.667163663377,""volume_i_pL"":1.3000000000000067,""volume_l_pL"":0.10484382570856711}","[""cl_i_mM:outside_[47.1,53.1]"",""k_i_mM:outside_[100,160]""]",False,1.4210854715202004e-14,[],True,True
N_ABS_NKCC_S12_PLOW_KLOW_AE4NA10_P2_H1:B00,N_ABS_NKCC_S12_PLOW_KLOW_AE4NA10_P2_H1,N_ABS_NKCC,12.0,2.0,1.0,H1,DIAGNOSTIC_ONLY_ABSOLUTE_SOURCE_STRESS,False,True,False,3.8098864341140626e-12,4.996003610813204e-16,3.8098864341140626e-16,2.261821987449685e-26,2.2898349882893854e-16,True,True,6.264520152621245e-12,11,0,1.7763568394002505e-15,True,"{""cl_i_mM"":68.91676901318792,""cl_l_mM"":146.9787210551622,""k_i_mM"":133.1100907475394,""k_l_mM"":24.588718125981675,""na_i_mM"":13.12876244251075,""na_l_mM"":125.79466488090469,""ph_i"":6.97787955067297,""ph_l"":6.78338080318526,""tic_i_mM"":6.825069366133718,""tic_l_mM"":4.109141177025923,""v_apical_mV"":-29.89450671018713,""v_basolateral_mV"":-73.21920364980502,""volume_i_pL"":1.3,""volume_l_pL"":0.10657340752028584}","[""cl_i_mM:outside_[47.1,53.1]"",""v_apical_mV:outside_[-80,-30]""]",False,0.0,[],True,True
N_ABS_NKCC_S12_PLOW_KLOW_AE4NA20_P1_H1:B00,N_ABS_NKCC_S12_PLOW_KLOW_AE4NA20_P1_H1,N_ABS_NKCC,12.0,1.0,1.0,H1,DIAGNOSTIC_ONLY_ABSOLUTE_SOURCE_STRESS,False,True,False,1.332484469984685e-11,2.7755575615628914e-16,1.332484469984685e-15,2.5849394142282115e-26,4.527628272299467e-16,True,True,1.332484469984685e-11,11,0,1.7763568394002505e-15,True,"{""cl_i_mM"":49.74642020275996,""cl_l_mM"":144.70411050198734,""k_i_mM"":80.27892685193923,""k_l_mM"":16.149112069496372,""na_i_mM"":46.85751265676449,""na_l_mM"":134.13250283434434,""ph_i"":6.96230598693326,""ph_l"":6.943962384192877,""tic_i_mM"":7.16644764947434,""tic_l_mM"":6.373248553014179,""v_apical_mV"":-34.885347860706105,""v_basolateral_mV"":-64.64378911989024,""volume_i_pL"":1.3,""volume_l_pL"":0.10419007448818744}","[""na_i_mM:outside_[10,35]"",""k_i_mM:outside_[100,160]""]",False,1.4210854715202004e-14,[],True,True
N_ABS_NKCC_S12_PLOW_KLOW_AE4NA20_P2_H1:B00,N_ABS_NKCC_S12_PLOW_KLOW_AE4NA20_P2_H1,N_ABS_NKCC,12.0,2.0,1.0,H1,DIAGNOSTIC_ONLY_ABSOLUTE_SOURCE_STRESS,False,True,False,4.0115480381963664e-12,2.777292285038868e-15,4.0115480381963664e-16,3.877409121342317e-26,4.735795089416683e-16,True,True,4.0115480381963664e-12,11,0,2.842170943040401e-14,True,"{""cl_i_mM"":63.99618377989443,""cl_l_mM"":146.85671408043197,""k_i_mM"":128.11039933219115,""k_l_mM"":22.692558389574803,""na_i_mM"":15.942090535339904,""na_l_mM"":127.68119691448393,""ph_i"":7.069171694273071,""ph_l"":6.789910849801709,""tic_i_mM"":8.358869458235665,""tic_l_mM"":4.233867831635565,""v_apical_mV"":-31.638467208253264,""v_basolateral_mV"":-74.00948182452404,""volume_i_pL"":1.3000000000000003,""volume_l_pL"":0.10642676165283865}","[""cl_i_mM:outside_[47.1,53.1]"",""ph_i:outside_[6.77,7.05]""]",False,1.4210854715202004e-14,[],True,True
N_ABS_NKCC_S12_PNOM_KMID_AE4NA05_P1_H1:B00,N_ABS_NKCC_S12_PNOM_KMID_AE4NA05_P1_H1,N_ABS_NKCC,12.0,1.0,1.0,H1,DIAGNOSTIC_ONLY_ABSOLUTE_SOURCE_STRESS,False,True,False,2.682316174729138e-12,4.440892098500626e-16,2.682316174729138e-16,1.9387045606711586e-26,3.3306690738754696e-16,True,True,2.682316174729138e-12,11,0,1.7763568394002505e-15,True,"{""cl_i_mM"":59.566755111152084,""cl_l_mM"":145.95150899545834,""k_i_mM"":111.72179841923472,""k_l_mM"":23.900331849005006,""na_i_mM"":22.13953922571362,""na_l_mM"":126.44567062646844,""ph_i"":6.8551090516242095,""ph_l"":6.879011861144401,""tic_i_mM"":5.42475193889556,""tic_l_mM"":5.123305109975527,""v_apical_mV"":-31.999114139770114,""v_basolateral_mV"":-67.81192959581692,""volume_i_pL"":1.3,""volume_l_pL"":0.10550289076367987}","[""cl_i_mM:outside_[47.1,53.1]""]",False,1.4210854715202004e-14,[],True,True
N_ABS_NKCC_S12_PNOM_KMID_AE4NA05_P2_H1:B00,N_ABS_NKCC_S12_PNOM_KMID_AE4NA05_P2_H1,N_ABS_NKCC,12.0,2.0,1.0,H1,DIAGNOSTIC_ONLY_ABSOLUTE_SOURCE_STRESS,False,True,False,1.923374653989285e-12,2.159036838200734e-14,1.9233746539892849e-16,1.6155871338926322e-26,1.700029006457271e-16,True,True,1.923374653989285e-12,11,0,0.0,True,"{""cl_i_mM"":72.84396511981271,""cl_l_mM"":146.93892660778118,""k_i_mM"":136.95871767658033,""k_l_mM"":28.951737095282184,""na_i_mM"":11.332990701881918,""na_l_mM"":121.44496548978253,""ph_i"":6.907897432889012,""ph_l"":6.7969493384497035,""tic_i_mM"":5.8687895936985806,""tic_l_mM"":4.1511515158234005,""v_apical_mV"":-28.6216992931859,""v_basolateral_mV"":-70.95839662535836,""volume_i_pL"":1.3000000000000003,""volume_l_pL"":0.10690319976793614}","[""cl_i_mM:outside_[47.1,53.1]"",""v_apical_mV:outside_[-80,-30]""]",False,2.673417043297377e-13,[],True,True
N_ABS_NKCC_S12_PNOM_KMID_AE4NA10_P1_H1:B00,N_ABS_NKCC_S12_PNOM_KMID_AE4NA10_P1_H1,N_ABS_NKCC,12.0,1.0,1.0,H1,DIAGNOSTIC_ONLY_ABSOLUTE_SOURCE_STRESS,False,True,False,1.1686615217221252e-11,4.163336342344337e-16,1.1686615217221252e-15,9.693522803355793e-27,1.1102230246251565e-16,True,True,1.1686615217221252e-11,11,0,1.4210854715202004e-14,True,"{""cl_i_mM"":54.072441191047325,""cl_l_mM"":145.41612932446674,""k_i_mM"":98.15574406815107,""k_l_mM"":20.64726386243004,""na_i_mM"":31.381958671886483,""na_l_mM"":129.67383728553324,""ph_i"":6.89848457772902,""ph_l"":6.912284293970846,""tic_i_mM"":6.049536862396173,""tic_l_mM"":5.6580980643559435,""v_apical_mV"":-33.743984389942746,""v_basolateral_mV"":-66.5614631400013,""volume_i_pL"":1.3,""volume_l_pL"":0.1049618218691915}","[""cl_i_mM:outside_[47.1,53.1]"",""k_i_mM:outside_[100,160]""]",False,7.105427357601002e-15,[],True,True
N_ABS_NKCC_S12_PNOM_KMID_AE4NA10_P2_H1:B00,N_ABS_NKCC_S12_PNOM_KMID_AE4NA10_P2_H1,N_ABS_NKCC,12.0,2.0,1.0,H1,DIAGNOSTIC_ONLY_ABSOLUTE_SOURCE_STRESS,False,True,False,1.1653004949874202e-11,2.220446049250313e-16,1.1653004949874202e-15,1.2924697071141057e-26,6.938893903907228e-17,True,True,9.19837123136702e-12,11,0,5.684341886080802e-14,True,"{""cl_i_mM"":68.7466396399029,""cl_l_mM"":146.87382061360015,""k_i_mM"":132.89551976467231,""k_l_mM"":26.968223164198672,""na_i_mM"":13.168975260523023,""na_l_mM"":123.42323201916516,""ph_i"":6.978106399833478,""ph_l"":6.800198278260002,""tic_i_mM"":6.816455990507873,""tic_l_mM"":4.217733034087693,""v_apical_mV"":-30.041297591085915,""v_basolateral_mV"":-71.86865915107876,""volume_i_pL"":1.3,""volume_l_pL"":0.1068231290632961}","[""cl_i_mM:outside_[47.1,53.1]""]",False,0.0,[],True,True
N_ABS_NKCC_S12_PNOM_KMID_AE4NA20_P1_H1:B00,N_ABS_NKCC_S12_PNOM_KMID_AE4NA20_P1_H1,N_ABS_NKCC,12.0,1.0,1.0,H1,DIAGNOSTIC_ONLY_ABSOLUTE_SOURCE_STRESS,False,True,False,6.752411130239722e-12,1.6653345369377348e-16,6.752411130239722e-16,1.9387045606711586e-26,2.0383000842727483e-16,True,True,6.752411130239722e-12,11,0,1.7763568394002505e-15,True,"{""cl_i_mM"":49.73762194728906,""cl_l_mM"":144.60291519569384,""k_i_mM"":80.29934498545019,""k_l_mM"":17.060918648910683,""na_i_mM"":46.8321476528577,""na_l_mM"":133.22436203987132,""ph_i"":6.962636211514353,""ph_l"":6.953253422514137,""tic_i_mM"":7.165188100851543,""tic_l_mM"":6.47578364952258,""v_apical_mV"":-34.8899506146803,""v_basolateral_mV"":-63.74849994971278,""volume_i_pL"":1.3,""volume_l_pL"":0.10429633454498596}","[""na_i_mM:outside_[10,35]"",""k_i_mM:outside_[100,160]""]",False,0.0,[],True,True
N_ABS_NKCC_S12_PNOM_KMID_AE4NA20_P2_H1:B00,N_ABS_NKCC_S12_PNOM_KMID_AE4NA20_P2_H1,N_ABS_NKCC,12.0,2.0,1.0,H1,DIAGNOSTIC_ONLY_ABSOLUTE_SOURCE_STRESS,False,True,False,3.126622225013698e-11,1.1102230246251565e-15,3.1266222250136977e-15,2.261821987449685e-26,2.7582103268031233e-16,True,True,1.990595188683386e-12,11,0,7.105427357601002e-14,True,"{""cl_i_mM"":63.79213987525691,""cl_l_mM"":146.76355690131896,""k_i_mM"":127.82233859685283,""k_l_mM"":24.677026515017342,""na_i_mM"":16.01212464275251,""na_l_mM"":125.70524924702578,""ph_i"":7.0691487803492645,""ph_l"":6.805052806773305,""tic_i_mM"":8.343773249053392,""tic_l_mM"":4.330894145829166,""v_apical_mV"":-31.828378387735523,""v_basolateral_mV"":-72.81882759984735,""volume_i_pL"":1.3,""volume_l_pL"":0.1066897721604684}","[""cl_i_mM:outside_[47.1,53.1]"",""ph_i:outside_[6.77,7.05]""]",False,0.0,[],True,True
N_ABS_NKCC_S16_PHIGH_KHIGH_AE4NA05_P1_H1:B00,N_ABS_NKCC_S16_PHIGH_KHIGH_AE4NA05_P1_H1,N_ABS_NKCC,16.0,1.0,1.0,H1,DIAGNOSTIC_ONLY_ABSOLUTE_SOURCE_STRESS,False,True,False,1.1312565467713753e-11,9.298117831235686e-16,1.1312565467713753e-15,6.462348535570529e-27,2.2551405187698492e-17,True,True,1.1312565467713753e-11,11,0,1.4210854715202004e-14,True,"{""cl_i_mM"":60.896014544113896,""cl_l_mM"":145.8592441286099,""k_i_mM"":112.80727886043026,""k_l_mM"":25.644105919042666,""na_i_mM"":22.445355260440348,""na_l_mM"":124.70704786779916,""ph_i"":6.857845053570441,""ph_l"":6.890028943209046,""tic_i_mM"":5.4509557342715365,""tic_l_mM"":5.218110296478375,""v_apical_mV"":-31.448281749512002,""v_basolateral_mV"":-66.18569988632468,""volume_i_pL"":1.3,""volume_l_pL"":0.10566617133061978}","[""cl_i_mM:outside_[47.1,53.1]""]",False,0.0,[],True,True
N_ABS_NKCC_S16_PHIGH_KHIGH_AE4NA05_P2_H1:B00,N_ABS_NKCC_S16_PHIGH_KHIGH_AE4NA05_P2_H1,N_ABS_NKCC,16.0,2.0,1.0,H1,DIAGNOSTIC_ONLY_ABSOLUTE_SOURCE_STRESS,False,True,False,2.738694687698384e-12,4.440892098500626e-16,2.738694687698384e-16,1.9387045606711586e-26,1.8995222061946038e-16,True,True,1.481020167615199e-12,11,0,2.842170943040401e-14,True,"{""cl_i_mM"":74.92057692046609,""cl_l_mM"":146.8735840730884,""k_i_mM"":139.01677384428413,""k_l_mM"":31.53213007482843,""na_i_mM"":11.440912900635015,""na_l_mM"":118.87451361793977,""ph_i"":6.911867851142942,""ph_l"":6.809476096287021,""tic_i_mM"":5.9044741078368785,""tic_l_mM"":4.221304381403854,""v_apical_mV"":-28.04060705195453,""v_basolateral_mV"":-69.17463564608246,""volume_i_pL"":1.3,""volume_l_pL"":0.10721634833801172}","[""cl_i_mM:outside_[47.1,53.1]"",""v_apical_mV:outside_[-80,-30]""]",False,3.552713678800501e-15,[],True,True
N_ABS_NKCC_S16_PHIGH_KHIGH_AE4NA10_P1_H1:B00,N_ABS_NKCC_S16_PHIGH_KHIGH_AE4NA10_P1_H1,N_ABS_NKCC,16.0,1.0,1.0,H1,DIAGNOSTIC_ONLY_ABSOLUTE_SOURCE_STRESS,False,True,False,6.286204196070955e-12,1.7338561142388187e-14,6.286204196070955e-16,1.2924697071141057e-26,1.0581813203458523e-16,True,True,6.286204196070955e-12,11,0,0.0,True,"{""cl_i_mM"":55.12783520425257,""cl_l_mM"":145.32679867778245,""k_i_mM"":98.74433330154712,""k_l_mM"":21.893580143407775,""na_i_mM"":31.905700865852367,""na_l_mM"":128.43183266364773,""ph_i"":6.900742072346259,""ph_l"":6.921584233494643,""tic_i_mM"":6.076876927877344,""tic_l_mM"":5.749752045612521,""v_apical_mV"":-33.25630030675047,""v_basolateral_mV"":-65.11779664153663,""volume_i_pL"":1.3,""volume_l_pL"":0.1051026717778744}","[""cl_i_mM:outside_[47.1,53.1]"",""k_i_mM:outside_[100,160]""]",False,2.611244553918368e-13,[],True,True
N_ABS_NKCC_S16_PHIGH_KHIGH_AE4NA10_P2_H1:B00,N_ABS_NKCC_S16_PHIGH_KHIGH_AE4NA10_P2_H1,N_ABS_NKCC,16.0,2.0,1.0,H1,DIAGNOSTIC_ONLY_ABSOLUTE_SOURCE_STRESS,False,True,False,4.117799851099946e-12,2.7755575615628914e-16,4.117799851099946e-16,9.693522803355793e-27,1.0581813203458523e-16,True,True,1.6609977282477928e-12,11,0,3.552713678800501e-15,True,"{""cl_i_mM"":70.60838214638346,""cl_l_mM"":146.82093570798645,""k_i_mM"":134.6888532403161,""k_l_mM"":29.184791673291336,""na_i_mM"":13.329014077882688,""na_l_mM"":121.21704460352245,""ph_i"":6.981869725296183,""ph_l"":6.811197294379345,""tic_i_mM"":6.856656420609898,""tic_l_mM"":4.275692603098137,""v_apical_mV"":-29.522041025696513,""v_basolateral_mV"":-70.2534327560517,""volume_i_pL"":1.3,""volume_l_pL"":0.10715122914153975}","[""cl_i_mM:outside_[47.1,53.1]"",""v_apical_mV:outside_[-80,-30]""]",False,0.0,[],True,True
N_ABS_NKCC_S16_PHIGH_KHIGH_AE4NA20_P1_H1:B00,N_ABS_NKCC_S16_PHIGH_KHIGH_AE4NA20_P1_H1,N_ABS_NKCC,16.0,1.0,1.0,H1,DIAGNOSTIC_ONLY_ABSOLUTE_SOURCE_STRESS,False,True,False,5.353790327733421e-12,7.879114027886658e-15,5.353790327733421e-16,9.693522803355793e-27,1.9081958235744878e-16,True,True,5.353790327733421e-12,11,0,2.842170943040401e-14,True,"{""cl_i_mM"":50.605737214711745,""cl_l_mM"":144.52307400608777,""k_i_mM"":80.43955737787188,""k_l_mM"":17.850500588458516,""na_i_mM"":47.61873537676868,""na_l_mM"":132.43839012653027,""ph_i"":6.964594568658576,""ph_l"":6.960277300631473,""tic_i_mM"":7.198447182934196,""tic_l_mM"":6.557872083267965,""v_apical_mV"":-34.45557893261217,""v_basolateral_mV"":-62.50982004069491,""volume_i_pL"":1.300000000000001,""volume_l_pL"":0.10442067467778621}","[""na_i_mM:outside_[10,35]"",""k_i_mM:outside_[100,160]""]",False,2.5845992013273644e-13,[],True,True
N_ABS_NKCC_S16_PHIGH_KHIGH_AE4NA20_P2_H1:B00,N_ABS_NKCC_S16_PHIGH_KHIGH_AE4NA20_P2_H1,N_ABS_NKCC,16.0,2.0,1.0,H1,DIAGNOSTIC_ONLY_ABSOLUTE_SOURCE_STRESS,False,True,False,1.156410037173039e-11,4.0245584642661925e-16,1.156410037173039e-15,3.554291694563791e-26,3.946495907847236e-16,True,True,9.107298248878237e-12,11,0,2.842170943040401e-14,True,"{""cl_i_mM"":65.38159058503561,""cl_l_mM"":146.7223141609552,""k_i_mM"":129.23027785053952,""k_l_mM"":26.487600460850004,""na_i_mM"":16.27823464686576,""na_l_mM"":123.90530805585087,""ph_i"":7.072279195705435,""ph_l"":6.814452713143083,""tic_i_mM"":8.385797090402924,""tic_l_mM"":4.37744560980875,""v_apical_mV"":-31.38548507069714,""v_basolateral_mV"":-71.3825974989294,""volume_i_pL"":1.3,""volume_l_pL"":0.10702818329883938}","[""cl_i_mM:outside_[47.1,53.1]"",""ph_i:outside_[6.77,7.05]""]",False,0.0,[],True,True
N_ABS_NKCC_S16_PHIGH_KLOW_AE4NA05_P1_H1:B00,N_ABS_NKCC_S16_PHIGH_KLOW_AE4NA05_P1_H1,N_ABS_NKCC,16.0,1.0,1.0,H1,DIAGNOSTIC_ONLY_ABSOLUTE_SOURCE_STRESS,False,True,False,4.091778998960294e-12,7.216449660063518e-16,4.0917789989602937e-16,2.261821987449685e-26,4.0592529337857286e-16,True,True,4.091778998960294e-12,11,0,1.7763568394002505e-15,True,"{""cl_i_mM"":60.295047319506246,""cl_l_mM"":146.1237207104151,""k_i_mM"":111.54775243364318,""k_l_mM"":20.813359218029362,""na_i_mM"":23.065077080984693,""na_l_mM"":129.5356618026802,""ph_i"":6.85596141991154,""ph_l"":6.86255082402237,""tic_i_mM"":5.437473088606774,""tic_l_mM"":4.953273854260039,""v_apical_mV"":-31.909778222134833,""v_basolateral_mV"":-68.95047173247139,""volume_i_pL"":1.3,""volume_l_pL"":0.10561325700408744}","[""cl_i_mM:outside_[47.1,53.1]""]",False,0.0,[],True,True
N_ABS_NKCC_S16_PHIGH_KLOW_AE4NA05_P2_H1:B00,N_ABS_NKCC_S16_PHIGH_KLOW_AE4NA05_P2_H1,N_ABS_NKCC,16.0,2.0,1.0,H1,DIAGNOSTIC_ONLY_ABSOLUTE_SOURCE_STRESS,False,True,False,9.582178800426888e-12,6.106226635438361e-16,9.582178800426888e-16,1.9387045606711586e-26,4.2674197509029455e-16,True,True,2.2145913575188914e-11,11,0,8.526512829121202e-14,True,"{""cl_i_mM"":74.74083850299863,""cl_l_mM"":147.13703702829977,""k_i_mM"":138.77030504724704,""k_l_mM"":24.724444352275164,""na_i_mM"":11.488482579450139,""na_l_mM"":125.67612266552634,""ph_i"":6.910818942038908,""ph_l"":6.773043482891116,""tic_i_mM"":5.900189835243046,""tic_l_mM"":3.9551393972881708,""v_apical_mV"":-28.24612317493511,""v_basolateral_mV"":-72.48509504230556,""volume_i_pL"":1.3,""volume_l_pL"":0.10702977873444192}","[""cl_i_mM:outside_[47.1,53.1]"",""v_apical_mV:outside_[-80,-30]""]",False,1.4210854715202004e-14,[],True,True
N_ABS_NKCC_S16_PHIGH_KLOW_AE4NA10_P1_H1:B00,N_ABS_NKCC_S16_PHIGH_KLOW_AE4NA10_P1_H1,N_ABS_NKCC,16.0,1.0,1.0,H1,DIAGNOSTIC_ONLY_ABSOLUTE_SOURCE_STRESS,False,True,False,1.1152103546185899e-11,3.777551188521855e-13,1.1152103546185899e-15,1.6155871338926322e-26,1.5872719805187785e-16,True,True,1.1152103546185899e-11,11,0,1.4210854715202004e-14,True,"{""cl_i_mM"":54.646941550056816,""cl_l_mM"":145.56487793819718,""k_i_mM"":97.2873734077207,""k_l_mM"":18.032830053951013,""na_i_mM"":32.84347413702289,""na_l_mM"":132.29112038636086,""ph_i"":6.898909447247906,""ph_l"":6.899427970121528,""tic_i_mM"":6.063869895184949,""tic_l_mM"":5.511892208283874,""v_apical_mV"":-33.666559712040964,""v_basolateral_mV"":-67.35956655882913,""volume_i_pL"":1.300000000000008,""volume_l_pL"":0.10507628614594824}","[""cl_i_mM:outside_[47.1,53.1]"",""k_i_mM:outside_[100,160]""]",False,1.4210854715202004e-14,[],True,True
N_ABS_NKCC_S16_PHIGH_KLOW_AE4NA10_P2_H1:B00,N_ABS_NKCC_S16_PHIGH_KLOW_AE4NA10_P2_H1,N_ABS_NKCC,16.0,2.0,1.0,H1,DIAGNOSTIC_ONLY_ABSOLUTE_SOURCE_STRESS,False,True,False,5.594483210025203e-13,5.273559366969494e-16,5.594483210025203e-17,4.52364397489937e-26,4.3368086899420177e-16,True,True,5.594483210025203e-13,11,0,1.4210854715202004e-14,True,"{""cl_i_mM"":70.46881870867469,""cl_l_mM"":147.05950078700957,""k_i_mM"":134.4817404383461,""k_l_mM"":22.851908295920026,""na_i_mM"":13.376507637806803,""na_l_mM"":127.54410685377887,""ph_i"":6.980842411564008,""ph_l"":6.778610912367163,""tic_i_mM"":6.851293716314336,""tic_l_mM"":4.0345483541029505,""v_apical_mV"":-29.692913872860352,""v_basolateral_mV"":-73.21623777950354,""volume_i_pL"":1.3,""volume_l_pL"":0.10697290476966718}","[""cl_i_mM:outside_[47.1,53.1]"",""v_apical_mV:outside_[-80,-30]""]",False,1.4210854715202004e-14,[],True,True
N_ABS_NKCC_S16_PHIGH_KLOW_AE4NA20_P1_H1:B00,N_ABS_NKCC_S16_PHIGH_KLOW_AE4NA20_P1_H1,N_ABS_NKCC,16.0,1.0,1.0,H1,DIAGNOSTIC_ONLY_ABSOLUTE_SOURCE_STRESS,False,True,False,4.5394460759795585e-11,4.440892098500626e-16,4.5394460759795585e-15,1.2924697071141057e-26,7.806255641895632e-17,True,True,1.3664199979834812e-11,11,0,1.4210854715202004e-14,True,"{""cl_i_mM"":50.37000527770173,""cl_l_mM"":144.73580176857726,""k_i_mM"":79.03001465896345,""k_l_mM"":15.02527760725132,""na_i_mM"":48.77556205281812,""na_l_mM"":135.26279827000778,""ph_i"":6.963590721283708,""ph_l"":6.94315128414076,""tic_i_mM"":7.196285205855495,""tic_l_mM"":6.345910407082068,""v_apical_mV"":-34.736354645091865,""v_basolateral_mV"":-64.16480017731358,""volume_i_pL"":1.3,""volume_l_pL"":0.10441963976588417}","[""na_i_mM:outside_[10,35]"",""k_i_mM:outside_[100,160]""]",False,7.105427357601002e-15,[],True,True
N_ABS_NKCC_S16_PHIGH_KLOW_AE4NA20_P2_H1:B00,N_ABS_NKCC_S16_PHIGH_KLOW_AE4NA20_P2_H1,N_ABS_NKCC,16.0,2.0,1.0,H1,DIAGNOSTIC_ONLY_ABSOLUTE_SOURCE_STRESS,False,True,False,1.2518198283517634e-11,4.081977811321025e-14,1.2518198283517634e-15,3.554291694563791e-26,3.5214886562329184e-16,True,True,1.0063564565010452e-11,11,0,1.4210854715202004e-14,True,"{""cl_i_mM"":65.27662095936313,""cl_l_mM"":146.93260385071096,""k_i_mM"":129.05282419701996,""k_l_mM"":20.73346862444284,""na_i_mM"":16.329943624521064,""na_l_mM"":129.65397602145316,""ph_i"":7.0712965275873465,""ph_l"":6.786371875412635,""tic_i_mM"":8.378999982550722,""tic_l_mM"":4.1647758967571935,""v_apical_mV"":-31.521217004312575,""v_basolateral_mV"":-73.94335870241976,""volume_i_pL"":1.300000000000004,""volume_l_pL"":0.10686167043934654}","[""cl_i_mM:outside_[47.1,53.1]"",""ph_i:outside_[6.77,7.05]""]",False,1.4210854715202004e-14,[],True,True
N_ABS_NKCC_S16_PLOW_KHIGH_AE4NA05_P1_H1:B00,N_ABS_NKCC_S16_PLOW_KHIGH_AE4NA05_P1_H1,N_ABS_NKCC,16.0,1.0,1.0,H1,DIAGNOSTIC_ONLY_ABSOLUTE_SOURCE_STRESS,False,True,False,4.206704429243757e-12,5.551115123125783e-16,4.206704429243757e-16,2.261821987449685e-26,2.3592239273284576e-16,True,True,4.206704429243757e-12,11,0,0.0,True,"{""cl_i_mM"":61.30227031702148,""cl_l_mM"":145.86429907506556,""k_i_mM"":113.60499316567163,""k_l_mM"":26.92444589196208,""na_i_mM"":22.071013527334067,""na_l_mM"":123.42062461070603,""ph_i"":6.85838890179509,""ph_l"":6.8870693168855714,""tic_i_mM"":5.4617738790099715,""tic_l_mM"":5.210153887894757,""v_apical_mV"":-31.13509073548928,""v_basolateral_mV"":-66.2929044430462,""volume_i_pL"":1.3,""volume_l_pL"":0.10547544007146212}","[""cl_i_mM:outside_[47.1,53.1]""]",False,3.552713678800501e-15,[],True,True
N_ABS_NKCC_S16_PLOW_KHIGH_AE4NA05_P2_H1:B00,N_ABS_NKCC_S16_PLOW_KHIGH_AE4NA05_P2_H1,N_ABS_NKCC,16.0,2.0,1.0,H1,DIAGNOSTIC_ONLY_ABSOLUTE_SOURCE_STRESS,False,True,False,7.663140955127545e-12,6.106226635438361e-16,7.663140955127545e-16,3.2311742677852644e-26,3.365363543395006e-16,True,True,7.663140955127545e-12,11,0,2.842170943040401e-14,True,"{""cl_i_mM"":75.25104610088539,""cl_l_mM"":146.86683927008818,""k_i_mM"":139.43183388847677,""k_l_mM"":33.26109569796143,""na_i_mM"":11.36692686663447,""na_l_mM"":117.13727059041798,""ph_i"":6.911937073597259,""ph_l"":6.806568638196044,""tic_i_mM"":5.91553226555037,""tic_l_mM"":4.224113708101024,""v_apical_mV"":-27.71800193444178,""v_basolateral_mV"":-69.2211290533833,""volume_i_pL"":1.3,""volume_l_pL"":0.10695708914091548}","[""cl_i_mM:outside_[47.1,53.1]"",""v_apical_mV:outside_[-80,-30]""]",False,1.0658141036401503e-14,[],True,True
N_ABS_NKCC_S16_PLOW_KHIGH_AE4NA10_P1_H1:B00,N_ABS_NKCC_S16_PLOW_KHIGH_AE4NA10_P1_H1,N_ABS_NKCC,16.0,1.0,1.0,H1,DIAGNOSTIC_ONLY_ABSOLUTE_SOURCE_STRESS,False,True,False,1.2175590397012215e-11,2.2816817879522944e-14,1.2175590397012215e-15,9.693522803355793e-27,1.2663481374630692e-16,True,True,1.2175590397012215e-11,11,0,6.174616373755271e-12,True,"{""cl_i_mM"":55.5002453526705,""cl_l_mM"":145.3358704710508,""k_i_mM"":99.77853650115227,""k_l_mM"":23.119788424233647,""na_i_mM"":31.264847825796796,""na_l_mM"":127.1992389724695,""ph_i"":6.901442289654391,""ph_l"":6.9183818439445695,""tic_i_mM"":6.089144149276874,""tic_l_mM"":5.737551045776032,""v_apical_mV"":-32.93883315997516,""v_basolateral_mV"":-65.30182017551134,""volume_i_pL"":1.3,""volume_l_pL"":0.10490069224448512}","[""cl_i_mM:outside_[47.1,53.1]"",""k_i_mM:outside_[100,160]""]",False,3.4283687000424834e-13,[],True,True
N_ABS_NKCC_S16_PLOW_KHIGH_AE4NA10_P2_H1:B00,N_ABS_NKCC_S16_PLOW_KHIGH_AE4NA10_P2_H1,N_ABS_NKCC,16.0,2.0,1.0,H1,DIAGNOSTIC_ONLY_ABSOLUTE_SOURCE_STRESS,False,True,False,1.296055276989172e-11,5.73981834284254e-13,1.296055276989172e-15,2.5849394142282115e-26,3.200564813177209e-16,True,True,1.296055276989172e-11,11,0,2.842170943040401e-14,True,"{""cl_i_mM"":70.98367637107738,""cl_l_mM"":146.81362398089365,""k_i_mM"":135.19211588740308,""k_l_mM"":31.09730698274136,""na_i_mM"":13.221817493763538,""na_l_mM"":119.29468570084177,""ph_i"":6.98218228689009,""ph_l"":6.807675758001544,""tic_i_mM"":6.874873065430274,""tic_l_mM"":4.278346165416535,""v_apical_mV"":-29.138238871479683,""v_basolateral_mV"":-70.32051926158412,""volume_i_pL"":1.300000000000061,""volume_l_pL"":0.10684338087611149}","[""cl_i_mM:outside_[47.1,53.1]"",""v_apical_mV:outside_[-80,-30]""]",False,0.0,[],True,True
N_ABS_NKCC_S16_PLOW_KHIGH_AE4NA20_P1_H1:B00,N_ABS_NKCC_S16_PLOW_KHIGH_AE4NA20_P1_H1,N_ABS_NKCC,16.0,1.0,1.0,H1,DIAGNOSTIC_ONLY_ABSOLUTE_SOURCE_STRESS,False,True,False,4.114547244582489e-12,4.163336342344337e-16,4.1145472445824893e-16,1.6155871338926322e-26,2.706168622523819e-16,True,True,6.570265165262157e-12,11,0,1.7763568394002505e-15,True,"{""cl_i_mM"":50.83526426921464,""cl_l_mM"":144.52953465082643,""k_i_mM"":81.61676090367477,""k_l_mM"":18.918718087595042,""na_i_mM"":46.68060236235893,""na_l_mM"":131.36355463184256,""ph_i"":6.96489085987042,""ph_l"":6.957521254878445,""tic_i_mM"":7.204231683967223,""tic_l_mM"":6.548067115691713,""v_apical_mV"":-34.19311961617727,""v_basolateral_mV"":-62.79974670052162,""volume_i_pL"":1.3,""volume_l_pL"":0.10420919118491923}","[""na_i_mM:outside_[10,35]"",""k_i_mM:outside_[100,160]""]",False,7.105427357601002e-15,[],True,True
N_ABS_NKCC_S16_PLOW_KHIGH_AE4NA20_P2_H1:B00,N_ABS_NKCC_S16_PLOW_KHIGH_AE4NA20_P2_H1,N_ABS_NKCC,16.0,2.0,1.0,H1,DIAGNOSTIC_ONLY_ABSOLUTE_SOURCE_STRESS,False,True,False,6.87817858224804e-12,3.365363543395006e-16,6.87817858224804e-16,3.2311742677852644e-27,1.1449174941446927e-16,True,True,6.87817858224804e-12,11,0,1.7763568394002505e-15,True,"{""cl_i_mM"":65.81154175648979,""cl_l_mM"":146.71561380312153,""k_i_mM"":129.8768048414042,""k_l_mM"":28.546577134282803,""na_i_mM"":16.102011032489052,""na_l_mM"":121.83484533122514,""ph_i"":7.073040121817202,""ph_l"":6.810184474274844,""tic_i_mM"":8.417892076089604,""tic_l_mM"":4.378740335306769,""v_apical_mV"":-30.9312924071317,""v_basolateral_mV"":-71.48338506763201,""volume_i_pL"":1.3,""volume_l_pL"":0.10666960087920183}","[""cl_i_mM:outside_[47.1,53.1]"",""ph_i:outside_[6.77,7.05]""]",False,3.552713678800501e-15,[],True,True
N_ABS_NKCC_S16_PLOW_KLOW_AE4NA05_P1_H1:B00,N_ABS_NKCC_S16_PLOW_KLOW_AE4NA05_P1_H1,N_ABS_NKCC,16.0,1.0,1.0,H1,DIAGNOSTIC_ONLY_ABSOLUTE_SOURCE_STRESS,False,True,False,1.3686968225457008e-11,4.163336342344337e-16,1.3686968225457008e-15,2.261821987449685e-26,3.5388358909926865e-16,True,True,1.3686968225457008e-11,11,0,2.842170943040401e-14,True,"{""cl_i_mM"":60.654664361965736,""cl_l_mM"":146.13367421709137,""k_i_mM"":112.26917241160677,""k_l_mM"":22.276640947966364,""na_i_mM"":22.717762749511756,""na_l_mM"":128.0668076376386,""ph_i"":6.856411460995581,""ph_l"":6.8592305141498,""tic_i_mM"":5.446816645934234,""tic_l_mM"":4.94066856216229,""v_apical_mV"":-31.63020605064315,""v_basolateral_mV"":-69.08641825710204,""volume_i_pL"":1.3,""volume_l_pL"":0.1054386704455072}","[""cl_i_mM:outside_[47.1,53.1]""]",False,1.4210854715202004e-14,[],True,True
N_ABS_NKCC_S16_PLOW_KLOW_AE4NA05_P2_H1:B00,N_ABS_NKCC_S16_PLOW_KLOW_AE4NA05_P2_H1,N_ABS_NKCC,16.0,2.0,1.0,H1,DIAGNOSTIC_ONLY_ABSOLUTE_SOURCE_STRESS,False,True,False,1.160746845862981e-11,6.661338147750939e-16,1.160746845862981e-15,2.261821987449685e-26,1.249000902703301e-16,True,True,1.160746845862981e-11,11,0,1.1368683772161603e-13,True,"{""cl_i_mM"":75.02760571068862,""cl_l_mM"":147.13596074137615,""k_i_mM"":139.1293337766926,""k_l_mM"":26.685365672070557,""na_i_mM"":11.424953648607099,""na_l_mM"":123.70774661308748,""ph_i"":6.910846313269082,""ph_l"":6.7697389513754676,""tic_i_mM"":5.9098024687067445,""tic_l_mM"":3.9527007951043,""v_apical_mV"":-27.96290810093358,""v_basolateral_mV"":-72.56406603201502,""volume_i_pL"":1.3,""volume_l_pL"":0.10679691186221509}","[""cl_i_mM:outside_[47.1,53.1]"",""v_apical_mV:outside_[-80,-30]""]",False,1.4210854715202004e-14,[],True,True
N_ABS_NKCC_S16_PLOW_KLOW_AE4NA10_P1_H1:B00,N_ABS_NKCC_S16_PLOW_KLOW_AE4NA10_P1_H1,N_ABS_NKCC,16.0,1.0,1.0,H1,DIAGNOSTIC_ONLY_ABSOLUTE_SOURCE_STRESS,False,True,False,2.377221683391717e-11,7.244205235679146e-15,2.377221683391717e-15,1.2924697071141057e-26,2.0816681711721685e-16,True,True,7.956959743871117e-12,11,0,1.4210854715202004e-14,True,"{""cl_i_mM"":54.97394127747285,""cl_l_mM"":145.57919464155145,""k_i_mM"":98.22666669265627,""k_l_mM"":19.44940995825947,""na_i_mM"":32.24818637094958,""na_l_mM"":130.86865363582208,""ph_i"":6.899466550364715,""ph_l"":6.895871343284126,""tic_i_mM"":6.074039397851563,""tic_l_mM"":5.494694470230774,""v_apical_mV"":-33.38394328861679,""v_basolateral_mV"":-67.57046493040289,""volume_i_pL"":1.3,""volume_l_pL"":0.10489015857889113}","[""cl_i_mM:outside_[47.1,53.1]"",""k_i_mM:outside_[100,160]""]",False,1.056932319443149e-13,[],True,True
N_ABS_NKCC_S16_PLOW_KLOW_AE4NA10_P2_H1:B00,N_ABS_NKCC_S16_PLOW_KLOW_AE4NA10_P2_H1,N_ABS_NKCC,16.0,2.0,1.0,H1,DIAGNOSTIC_ONLY_ABSOLUTE_SOURCE_STRESS,False,True,False,1.1186798015705435e-11,6.054184931159057e-16,1.1186798015705435e-15,1.9387045606711586e-26,3.8337388819087437e-16,True,True,1.1186798015705435e-11,11,0,2.842170943040401e-14,True,"{""cl_i_mM"":70.79684917158926,""cl_l_mM"":147.05854867898887,""k_i_mM"":134.9203253748667,""k_l_mM"":25.03029581169154,""na_i_mM"":13.283555462939958,""na_l_mM"":125.3568244294591,""ph_i"":6.9810793549548,""ph_l"":6.774664131656837,""tic_i_mM"":6.86720571625263,""tic_l_mM"":4.031325033164213,""v_apical_mV"":-29.354274357404634,""v_basolateral_mV"":-73.31894619404449,""volume_i_pL"":1.3,""volume_l_pL"":0.1066954431868086}","[""cl_i_mM:outside_[47.1,53.1]"",""v_apical_mV:outside_[-80,-30]""]",False,1.4210854715202004e-14,[],True,True
N_ABS_NKCC_S16_PLOW_KLOW_AE4NA20_P1_H1:B00,N_ABS_NKCC_S16_PLOW_KLOW_AE4NA20_P1_H1,N_ABS_NKCC,16.0,1.0,1.0,H1,DIAGNOSTIC_ONLY_ABSOLUTE_SOURCE_STRESS,False,True,False,3.693876801658114e-12,9.159339953157541e-16,3.6938768016581136e-16,3.2311742677852644e-27,5.4643789493269423e-17,True,True,3.6201510539290993e-12,11,0,7.105427357601002e-14,True,"{""cl_i_mM"":50.568206934085566,""cl_l_mM"":144.74873351509527,""k_i_mM"":80.10370790928079,""k_l_mM"":16.293710997623926,""na_i_mM"":47.90591413916632,""na_l_mM"":133.98821201007934,""ph_i"":6.963758299871803,""ph_l"":6.940013210342317,""tic_i_mM"":7.200064410127243,""tic_l_mM"":6.329875154405837,""v_apical_mV"":-34.50364749587121,""v_basolateral_mV"":-64.4761120408866,""volume_i_pL"":1.3,""volume_l_pL"":0.10422314226491096}","[""na_i_mM:outside_[10,35]"",""k_i_mM:outside_[100,160]""]",False,0.0,[],True,True
N_ABS_NKCC_S16_PLOW_KLOW_AE4NA20_P2_H1:B00,N_ABS_NKCC_S16_PLOW_KLOW_AE4NA20_P2_H1,N_ABS_NKCC,16.0,2.0,1.0,H1,DIAGNOSTIC_ONLY_ABSOLUTE_SOURCE_STRESS,False,True,False,6.789274004104229e-12,3.885780586188048e-16,6.789274004104229e-16,2.5849394142282115e-26,1.6479873021779667e-16,True,True,6.789274004104229e-12,11,0,2.842170943040401e-14,True,"{""cl_i_mM"":65.65586226826301,""cl_l_mM"":146.93278020224054,""k_i_mM"":129.6218240943562,""k_l_mM"":23.090700657480678,""na_i_mM"":16.175161678994527,""na_l_mM"":127.28630803874667,""ph_i"":7.071929417041445,""ph_l"":6.781664200239407,""tic_i_mM"":8.407262118859968,""tic_l_mM"":4.159726348850793,""v_apical_mV"":-31.117680484254002,""v_basolateral_mV"":-74.08194749256498,""volume_i_pL"":1.3,""volume_l_pL"":0.10653668266519942}","[""cl_i_mM:outside_[47.1,53.1]"",""ph_i:outside_[6.77,7.05]""]",False,1.4210854715202004e-14,[],True,True
N_ABS_NKCC_S16_PNOM_KMID_AE4NA05_P1_H1:B00,N_ABS_NKCC_S16_PNOM_KMID_AE4NA05_P1_H1,N_ABS_NKCC,16.0,1.0,1.0,H1,DIAGNOSTIC_ONLY_ABSOLUTE_SOURCE_STRESS,False,True,False,2.533997317533121e-11,3.885780586188048e-16,2.533997317533121e-15,2.5849394142282115e-26,2.8796409701215e-16,True,True,3.93348548177741e-12,11,0,5.684341886080802e-14,True,"{""cl_i_mM"":60.67616715585454,""cl_l_mM"":146.01031639346115,""k_i_mM"":112.33336423185787,""k_l_mM"":24.224870350879982,""na_i_mM"":22.681964914858,""na_l_mM"":126.12304562349844,""ph_i"":6.8569082292247785,""ph_l"":6.873703085662393,""tic_i_mM"":5.446436012753865,""tic_l_mM"":5.065873147738778,""v_apical_mV"":-31.609625035535522,""v_basolateral_mV"":-67.7744042143592,""volume_i_pL"":1.3,""volume_l_pL"":0.10557270939072018}","[""cl_i_mM:outside_[47.1,53.1]""]",False,0.0,[],True,True
N_ABS_NKCC_S16_PNOM_KMID_AE4NA05_P2_H1:B00,N_ABS_NKCC_S16_PNOM_KMID_AE4NA05_P2_H1,N_ABS_NKCC,16.0,2.0,1.0,H1,DIAGNOSTIC_ONLY_ABSOLUTE_SOURCE_STRESS,False,True,False,9.855397747893235e-12,1.5092094240998222e-16,9.855397747893235e-16,1.6155871338926322e-26,1.465841337200402e-16,True,True,1.2310031466400417e-11,11,0,8.526512829121202e-14,True,"{""cl_i_mM"":74.88905512121755,""cl_l_mM"":147.02134607537005,""k_i_mM"":138.96181345668515,""k_l_mM"":29.52884817643527,""na_i_mM"":11.455063465980238,""na_l_mM"":120.87225720857359,""ph_i"":6.911245000335907,""ph_l"":6.788404787640962,""tic_i_mM"":5.904341853412576,""tic_l_mM"":4.071012768607153,""v_apical_mV"":-28.07877497414446,""v_basolateral_mV"":-71.04781295677513,""volume_i_pL"":1.3,""volume_l_pL"":0.1070450798169444}","[""cl_i_mM:outside_[47.1,53.1]"",""v_apical_mV:outside_[-80,-30]""]",False,3.552713678800501e-15,[],True,True
N_ABS_NKCC_S16_PNOM_KMID_AE4NA10_P1_H1:B00,N_ABS_NKCC_S16_PNOM_KMID_AE4NA10_P1_H1,N_ABS_NKCC,16.0,1.0,1.0,H1,DIAGNOSTIC_ONLY_ABSOLUTE_SOURCE_STRESS,False,True,False,3.3989738107420564e-12,1.0618242396454036e-14,3.3989738107420564e-16,1.2924697071141057e-26,2.203098814490545e-16,True,True,3.3989738107420564e-12,11,0,2.9878322038712213e-12,True,"{""cl_i_mM"":54.98713859233026,""cl_l_mM"":145.4651187614177,""k_i_mM"":98.29573204399263,""k_l_mM"":20.881667142190135,""na_i_mM"":32.198503861318606,""na_l_mM"":129.44045374226167,""ph_i"":6.899913578160693,""ph_l"":6.907913716808416,""tic_i_mM"":6.073557919528277,""tic_l_mM"":5.610354483001689,""v_apical_mV"":-33.370483689015465,""v_basolateral_mV"":-66.45210428906896,""volume_i_pL"":1.3,""volume_l_pL"":0.10500991663076191}","[""cl_i_mM:outside_[47.1,53.1]"",""k_i_mM:outside_[100,160]""]",False,1.616484723854228e-13,[],True,True
N_ABS_NKCC_S16_PNOM_KMID_AE4NA10_P2_H1:B00,N_ABS_NKCC_S16_PNOM_KMID_AE4NA10_P2_H1,N_ABS_NKCC,16.0,2.0,1.0,H1,DIAGNOSTIC_ONLY_ABSOLUTE_SOURCE_STRESS,False,True,False,1.0570971181733668e-11,1.2427558981897846e-14,1.0570971181733668e-15,2.5849394142282115e-26,3.3566899260151217e-16,True,True,1.0570971181733668e-11,11,0,1.4210854715202004e-14,True,"{""cl_i_mM"":70.63120833584715,""cl_l_mM"":146.95446747512642,""k_i_mM"":134.70420528025775,""k_l_mM"":27.507389821091692,""na_i_mM"":13.329959224003101,""na_l_mM"":122.888144814521,""ph_i"":6.981326205316566,""ph_l"":6.791845614256449,""tic_i_mM"":6.858435112416904,""tic_l_mM"":4.139282055487122,""v_apical_mV"":-29.505721883801307,""v_basolateral_mV"":-71.94559995435581,""volume_i_pL"":1.3000000000000007,""volume_l_pL"":0.10695634401887605}","[""cl_i_mM:outside_[47.1,53.1]"",""v_apical_mV:outside_[-80,-30]""]",False,0.0,[],True,True
N_ABS_NKCC_S16_PNOM_KMID_AE4NA20_P1_H1:B00,N_ABS_NKCC_S16_PNOM_KMID_AE4NA20_P1_H1,N_ABS_NKCC,16.0,1.0,1.0,H1,DIAGNOSTIC_ONLY_ABSOLUTE_SOURCE_STRESS,False,True,False,1.1164029770083239e-11,4.579669976578771e-16,1.116402977008324e-15,2.908056841006738e-26,2.96637714392034e-16,True,True,8.708311849403572e-12,11,0,1.7763568394002505e-15,True,"{""cl_i_mM"":50.56212247251401,""cl_l_mM"":144.6470445399683,""k_i_mM"":80.1267387764125,""k_l_mM"":17.226696187989628,""na_i_mM"":47.88082216982964,""na_l_mM"":133.05891545879646,""ph_i"":6.964095117384053,""ph_l"":6.949413955876967,""tic_i_mM"":7.198886087176919,""tic_l_mM"":6.43291408466462,""v_apical_mV"":-34.50660421688898,""v_basolateral_mV"":-63.57087138858618,""volume_i_pL"":1.3,""volume_l_pL"":0.10433010326154545}","[""na_i_mM:outside_[10,35]"",""k_i_mM:outside_[100,160]""]",False,0.0,[],True,True
N_ABS_NKCC_S16_PNOM_KMID_AE4NA20_P2_H1:B00,N_ABS_NKCC_S16_PNOM_KMID_AE4NA20_P2_H1,N_ABS_NKCC,16.0,2.0,1.0,H1,DIAGNOSTIC_ONLY_ABSOLUTE_SOURCE_STRESS,False,True,False,2.0190012856025064e-11,6.661338147750939e-16,2.0190012856025064e-15,2.5849394142282115e-26,3.0184188481996443e-16,True,True,9.085614205428527e-12,11,0,1.4210854715202004e-14,True,"{""cl_i_mM"":65.45977263092928,""cl_l_mM"":146.84011836396115,""k_i_mM"":129.33246621711015,""k_l_mM"":25.158844661157733,""na_i_mM"":16.254466476917727,""na_l_mM"":125.22696375139216,""ph_i"":7.071918213438786,""ph_l"":6.797118705442484,""tic_i_mM"":8.392003588873786,""tic_l_mM"":4.25641339270864,""v_apical_mV"":-31.308819222252904,""v_basolateral_mV"":-72.869282893606,""volume_i_pL"":1.3,""volume_l_pL"":0.10680893448184768}","[""cl_i_mM:outside_[47.1,53.1]"",""ph_i:outside_[6.77,7.05]""]",False,1.4210854715202004e-14,[],True,True
N_ABS_NKCC_S24_PHIGH_KHIGH_AE4NA05_P1_H1:B00,N_ABS_NKCC_S24_PHIGH_KHIGH_AE4NA05_P1_H1,N_ABS_NKCC,24.0,1.0,1.0,H1,DIAGNOSTIC_ONLY_ABSOLUTE_SOURCE_STRESS,False,True,False,5.9804591834300425e-12,1.2212453270876722e-15,5.980459183430042e-16,6.462348535570529e-27,6.591949208711867e-17,True,True,2.57519700008757e-11,11,0,7.460698725481052e-14,True,"{""cl_i_mM"":62.03367019868278,""cl_l_mM"":145.9172090463302,""k_i_mM"":113.42297699594293,""k_l_mM"":26.01179121168147,""na_i_mM"":23.01159294949137,""na_l_mM"":124.34136202637262,""ph_i"":6.859621220226037,""ph_l"":6.88494856466986,""tic_i_mM"":5.472631434958329,""tic_l_mM"":5.161585361156574,""v_apical_mV"":-31.05840524836549,""v_basolateral_mV"":-66.12803280519458,""volume_i_pL"":1.3,""volume_l_pL"":0.10573918480048729}","[""cl_i_mM:outside_[47.1,53.1]""]",False,0.0,[],True,True
N_ABS_NKCC_S24_PHIGH_KHIGH_AE4NA05_P2_H1:B00,N_ABS_NKCC_S24_PHIGH_KHIGH_AE4NA05_P2_H1,N_ABS_NKCC,24.0,2.0,1.0,H1,DIAGNOSTIC_ONLY_ABSOLUTE_SOURCE_STRESS,False,True,False,1.3747683547116196e-12,3.0531133177191805e-15,1.3747683547116196e-16,1.2924697071141057e-26,1.700029006457271e-16,True,True,1.8171228410857054e-12,11,0,1.4210854715202004e-14,True,"{""cl_i_mM"":77.06539873885575,""cl_l_mM"":146.956971539876,""k_i_mM"":141.1126006156564,""k_l_mM"":32.20804776737806,""na_i_mM"":11.571069493295758,""na_l_mM"":118.20344993021699,""ph_i"":6.915260993158757,""ph_l"":6.801217527629148,""tic_i_mM"":5.940413417815447,""tic_l_mM"":4.1404482502295945,""v_apical_mV"":-27.495265523904806,""v_basolateral_mV"":-69.2394063608804,""volume_i_pL"":1.3000000000000003,""volume_l_pL"":0.10737312686398885}","[""cl_i_mM:outside_[47.1,53.1]"",""v_apical_mV:outside_[-80,-30]""]",False,0.0,[],True,True
N_ABS_NKCC_S24_PHIGH_KHIGH_AE4NA10_P1_H1:B00,N_ABS_NKCC_S24_PHIGH_KHIGH_AE4NA10_P1_H1,N_ABS_NKCC,24.0,1.0,1.0,H1,DIAGNOSTIC_ONLY_ABSOLUTE_SOURCE_STRESS,False,True,False,1.0129700897532068e-11,2.7667104718354096e-14,1.0129700897532068e-15,1.6155871338926322e-26,1.5092094240998222e-16,True,True,1.0129700897532068e-11,11,0,7.478462293875054e-12,True,"{""cl_i_mM"":56.06792065102852,""cl_l_mM"":145.37490580096195,""k_i_mM"":98.88471709638944,""k_l_mM"":22.156869009776287,""na_i_mM"":32.747479898254355,""na_l_mM"":128.16959143164493,""ph_i"":6.902167707723292,""ph_l"":6.917367788770606,""tic_i_mM"":6.1012030638255395,""tic_l_mM"":5.70292865986304,""v_apical_mV"":-32.87920132753576,""v_basolateral_mV"":-64.99137718022472,""volume_i_pL"":1.3,""volume_l_pL"":0.10515216293357686}","[""cl_i_mM:outside_[47.1,53.1]"",""k_i_mM:outside_[100,160]""]",False,4.18332035678759e-13,[],True,True
N_ABS_NKCC_S24_PHIGH_KHIGH_AE4NA10_P2_H1:B00,N_ABS_NKCC_S24_PHIGH_KHIGH_AE4NA10_P2_H1,N_ABS_NKCC,24.0,2.0,1.0,H1,DIAGNOSTIC_ONLY_ABSOLUTE_SOURCE_STRESS,False,True,False,8.83407930141189e-12,6.106226635438361e-16,8.83407930141189e-16,1.9387045606711586e-26,1.3704315460216776e-16,True,True,8.83407930141189e-12,11,0,4.263256414560601e-14,True,"{""cl_i_mM"":72.58627527829066,""cl_l_mM"":146.90220559839028,""k_i_mM"":136.58060131974796,""k_l_mM"":29.814029231678877,""na_i_mM"":13.501291924427347,""na_l_mM"":120.59228194797683,""ph_i"":6.985126925753615,""ph_l"":6.803102129741112,""tic_i_mM"":6.8991246134239335,""tic_l_mM"":4.196845424015472,""v_apical_mV"":-28.981470152034056,""v_basolateral_mV"":-70.30583230712405,""volume_i_pL"":1.3,""volume_l_pL"":0.10729765404774609}","[""cl_i_mM:outside_[47.1,53.1]"",""v_apical_mV:outside_[-80,-30]""]",False,1.4210854715202004e-14,[],True,True
N_ABS_NKCC_S24_PHIGH_KHIGH_AE4NA20_P1_H1:B00,N_ABS_NKCC_S24_PHIGH_KHIGH_AE4NA20_P1_H1,N_ABS_NKCC,24.0,1.0,1.0,H1,DIAGNOSTIC_ONLY_ABSOLUTE_SOURCE_STRESS,False,True,False,9.84455572616838e-12,5.551115123125783e-16,9.84455572616838e-16,6.462348535570529e-27,8.500145032286355e-17,True,True,9.84455572616838e-12,11,0,1.4210854715202004e-14,True,"{""cl_i_mM"":51.45547373202425,""cl_l_mM"":144.56652867816118,""k_i_mM"":80.2711860021921,""k_l_mM"":18.035240915098857,""na_i_mM"":48.689327257132284,""na_l_mM"":132.2539865200804,""ph_i"":6.9660717245233315,""ph_l"":6.9565268921994585,""tic_i_mM"":7.232848126965254,""tic_l_mM"":6.515702499051412,""v_apical_mV"":-34.06643348330209,""v_basolateral_mV"":-62.31859951399082,""volume_i_pL"":1.3,""volume_l_pL"":0.10445510297220828}","[""na_i_mM:outside_[10,35]"",""k_i_mM:outside_[100,160]""]",False,7.105427357601002e-15,[],True,True
N_ABS_NKCC_S24_PHIGH_KHIGH_AE4NA20_P2_H1:B00,N_ABS_NKCC_S24_PHIGH_KHIGH_AE4NA20_P2_H1,N_ABS_NKCC,24.0,2.0,1.0,H1,DIAGNOSTIC_ONLY_ABSOLUTE_SOURCE_STRESS,False,True,False,1.5484575427437974e-11,4.440892098500626e-16,1.5484575427437974e-15,2.261821987449685e-26,2.0122792321330962e-16,True,True,2.1159289598227105e-11,11,0,1.7053025658242404e-13,True,"{""cl_i_mM"":67.12948255414554,""cl_l_mM"":146.79892899022101,""k_i_mM"":130.80231345553662,""k_l_mM"":27.045801251316682,""na_i_mM"":16.539342011795245,""na_l_mM"":123.35094469997327,""ph_i"":7.075055531945548,""ph_l"":6.806752811438507,""tic_i_mM"":8.434365953380187,""tic_l_mM"":4.3031016592846285,""v_apical_mV"":-30.858669918283773,""v_basolateral_mV"":-71.40802500042271,""volume_i_pL"":1.3,""volume_l_pL"":0.10715785265774802}","[""cl_i_mM:outside_[47.1,53.1]"",""ph_i:outside_[6.77,7.05]""]",False,1.4210854715202004e-14,[],True,True
N_ABS_NKCC_S24_PHIGH_KLOW_AE4NA05_P1_H1:B00,N_ABS_NKCC_S24_PHIGH_KLOW_AE4NA05_P1_H1,N_ABS_NKCC,24.0,1.0,1.0,H1,DIAGNOSTIC_ONLY_ABSOLUTE_SOURCE_STRESS,False,True,False,5.345116710353537e-12,3.885780586188048e-16,5.345116710353537e-16,9.693522803355793e-27,1.700029006457271e-16,True,True,7.799750428860719e-12,11,0,1.4210854715202004e-14,True,"{""cl_i_mM"":61.44367130792598,""cl_l_mM"":146.18180137114734,""k_i_mM"":112.14273739313916,""k_l_mM"":21.070937045125348,""na_i_mM"":23.66418139545244,""na_l_mM"":129.27986602792663,""ph_i"":6.857772153201512,""ph_l"":6.857000940711757,""tic_i_mM"":5.459981729685619,""tic_l_mM"":4.896562363100609,""v_apical_mV"":-31.508081339055305,""v_basolateral_mV"":-68.92133949050026,""volume_i_pL"":1.3,""volume_l_pL"":0.1056801522177754}","[""cl_i_mM:outside_[47.1,53.1]""]",False,1.4210854715202004e-14,[],True,True
N_ABS_NKCC_S24_PHIGH_KLOW_AE4NA05_P2_H1:B00,N_ABS_NKCC_S24_PHIGH_KLOW_AE4NA05_P2_H1,N_ABS_NKCC,24.0,2.0,1.0,H1,DIAGNOSTIC_ONLY_ABSOLUTE_SOURCE_STRESS,False,True,False,1.0289078616887437e-11,1.8041124150158794e-16,1.0289078616887437e-15,3.2311742677852644e-27,9.194034422677078e-17,True,True,1.0289078616887437e-11,11,0,4.263256414560601e-14,True,"{""cl_i_mM"":76.92359642351391,""cl_l_mM"":147.2194906974111,""k_i_mM"":140.91014102687384,""k_l_mM"":25.175490028766987,""na_i_mM"":11.614045282736507,""na_l_mM"":125.22931164731519,""ph_i"":6.914247196899118,""ph_l"":6.763810932509272,""tic_i_mM"":5.937255487847422,""tic_l_mM"":3.874903799722649,""v_apical_mV"":-27.674374958106387,""v_basolateral_mV"":-72.60514380568301,""volume_i_pL"":1.3,""volume_l_pL"":0.10716675948420139}","[""cl_i_mM:outside_[47.1,53.1]"",""v_apical_mV:outside_[-80,-30]""]",False,1.4210854715202004e-14,[],True,True
N_ABS_NKCC_S24_PHIGH_KLOW_AE4NA10_P1_H1:B00,N_ABS_NKCC_S24_PHIGH_KLOW_AE4NA10_P1_H1,N_ABS_NKCC,24.0,1.0,1.0,H1,DIAGNOSTIC_ONLY_ABSOLUTE_SOURCE_STRESS,False,True,False,4.444036284800834e-11,1.5909148998183298e-14,4.444036284800834e-15,1.6155871338926322e-26,1.3357370765021415e-16,True,True,1.2710102068047568e-11,11,0,4.263256414560601e-14,True,"{""cl_i_mM"":55.59996462400881,""cl_l_mM"":145.61370636165535,""k_i_mM"":97.39355433565323,""k_l_mM"":18.22320817827796,""na_i_mM"":33.73440997266931,""na_l_mM"":132.10166269192206,""ph_i"":6.900396753211817,""ph_l"":6.894858746340482,""tic_i_mM"":6.089497831015859,""tic_l_mM"":5.464336136595562,""v_apical_mV"":-33.27916753618771,""v_basolateral_mV"":-67.25157064841495,""volume_i_pL"":1.3,""volume_l_pL"":0.1051228352629353}","[""cl_i_mM:outside_[47.1,53.1]"",""k_i_mM:outside_[100,160]""]",False,2.362554596402333e-13,[],True,True
N_ABS_NKCC_S24_PHIGH_KLOW_AE4NA10_P2_H1:B00,N_ABS_NKCC_S24_PHIGH_KLOW_AE4NA10_P2_H1,N_ABS_NKCC,24.0,2.0,1.0,H1,DIAGNOSTIC_ONLY_ABSOLUTE_SOURCE_STRESS,False,True,False,1.472129709800818e-11,5.84601811404184e-16,1.472129709800818e-15,9.693522803355793e-27,8.500145032286355e-17,True,True,1.472129709800818e-11,11,0,3.090860900556436e-13,True,"{""cl_i_mM"":72.47577736486602,""cl_l_mM"":147.14038564015826,""k_i_mM"":136.40855049708492,""k_l_mM"":23.27231221542896,""na_i_mM"":13.544420930621333,""na_l_mM"":127.1276354530204,""ph_i"":6.984136688292343,""ph_l"":6.769622189777377,""tic_i_mM"":6.894989107414282,""tic_l_mM"":3.955813763545897,""v_apical_mV"":-29.130570292451043,""v_basolateral_mV"":-73.32178776030365,""volume_i_pL"":1.3,""volume_l_pL"":0.10710203212681223}","[""cl_i_mM:outside_[47.1,53.1]"",""v_apical_mV:outside_[-80,-30]""]",False,1.4210854715202004e-14,[],True,True
N_ABS_NKCC_S24_PHIGH_KLOW_AE4NA20_P1_H1:B00,N_ABS_NKCC_S24_PHIGH_KLOW_AE4NA20_P1_H1,N_ABS_NKCC,24.0,1.0,1.0,H1,DIAGNOSTIC_ONLY_ABSOLUTE_SOURCE_STRESS,False,True,False,4.206704429243757e-13,1.2212453270876722e-15,4.206704429243757e-17,2.5849394142282115e-26,1.474514954580286e-16,True,True,4.206704429243757e-13,11,0,1.4210854715202004e-14,True,"{""cl_i_mM"":51.238560744015594,""cl_l_mM"":144.780681402606,""k_i_mM"":78.83115861131463,""k_l_mM"":15.164591623641401,""na_i_mM"":49.898430132906384,""na_l_mM"":135.1237570105179,""ph_i"":6.9651529113916375,""ph_l"":6.93910934130839,""tic_i_mM"":7.232618254672285,""tic_l_mM"":6.302342290435571,""v_apical_mV"":-34.33671899785908,""v_basolateral_mV"":-63.98512411121331,""volume_i_pL"":1.3,""volume_l_pL"":0.10445327128074265}","[""na_i_mM:outside_[10,35]"",""k_i_mM:outside_[100,160]""]",False,1.4210854715202004e-14,[],True,True
N_ABS_NKCC_S24_PHIGH_KLOW_AE4NA20_P2_H1:B00,N_ABS_NKCC_S24_PHIGH_KLOW_AE4NA20_P2_H1,N_ABS_NKCC,24.0,2.0,1.0,H1,DIAGNOSTIC_ONLY_ABSOLUTE_SOURCE_STRESS,False,True,False,2.0903417885520525e-12,1.942890293094024e-15,2.0903417885520525e-16,1.2924697071141057e-26,2.1510571102112408e-16,True,True,2.0903417885520525e-12,11,0,1.4210854715202004e-14,True,"{""cl_i_mM"":67.0445314596578,""cl_l_mM"":147.0095419632724,""k_i_mM"":130.65057441278464,""k_l_mM"":21.108438652252918,""na_i_mM"":16.587033218381727,""na_l_mM"":129.28240675516366,""ph_i"":7.074107604695181,""ph_l"":6.777885951189083,""tic_i_mM"":8.428850289454097,""tic_l_mM"":4.0898922860003655,""v_apical_mV"":-30.978223113121782,""v_basolateral_mV"":-74.01863934034067,""volume_i_pL"":1.3,""volume_l_pL"":0.10697747662998419}","[""cl_i_mM:outside_[47.1,53.1]"",""ph_i:outside_[6.77,7.05]""]",False,1.4210854715202004e-14,[],True,True
N_ABS_NKCC_S24_PLOW_KHIGH_AE4NA05_P1_H1:B00,N_ABS_NKCC_S24_PLOW_KHIGH_AE4NA05_P1_H1,N_ABS_NKCC,24.0,1.0,1.0,H1,DIAGNOSTIC_ONLY_ABSOLUTE_SOURCE_STRESS,False,True,False,9.86623976961809e-13,2.7755575615628914e-16,9.86623976961809e-17,3.2311742677852644e-26,3.165870343657673e-16,True,True,9.86623976961809e-13,11,0,1.4210854715202004e-14,True,"{""cl_i_mM"":62.43186837480747,""cl_l_mM"":145.9223636246751,""k_i_mM"":114.23942381221902,""k_l_mM"":27.309707948251184,""na_i_mM"":22.6096698555203,""na_l_mM"":123.03736464130652,""ph_i"":6.860138526275505,""ph_l"":6.88198299770746,""tic_i_mM"":5.482960986046269,""tic_l_mM"":5.153500105646621,""v_apical_mV"":-30.75127071113974,""v_basolateral_mV"":-66.24008449546919,""volume_i_pL"":1.3,""volume_l_pL"":0.1055478893056154}","[""cl_i_mM:outside_[47.1,53.1]""]",False,3.552713678800501e-15,[],True,True
N_ABS_NKCC_S24_PLOW_KHIGH_AE4NA05_P2_H1:B00,N_ABS_NKCC_S24_PLOW_KHIGH_AE4NA05_P2_H1,N_ABS_NKCC,24.0,2.0,1.0,H1,DIAGNOSTIC_ONLY_ABSOLUTE_SOURCE_STRESS,False,True,False,1.2221126888256606e-11,2.220446049250313e-16,1.2221126888256606e-15,1.9387045606711586e-26,2.3592239273284576e-16,True,True,1.2221126888256606e-11,11,0,5.684341886080802e-14,True,"{""cl_i_mM"":77.36043097615507,""cl_l_mM"":146.94925569717117,""k_i_mM"":141.4946277354534,""k_l_mM"":33.96593053020073,""na_i_mM"":11.493083141525592,""na_l_mM"":116.4371757472519,""ph_i"":6.915262461624155,""ph_l"":6.798384238967711,""tic_i_mM"":5.950770608686043,""tic_l_mM"":4.144145425375606,""v_apical_mV"":-27.18317675134151,""v_basolateral_mV"":-69.28551442828055,""volume_i_pL"":1.3,""volume_l_pL"":0.10710968128923117}","[""cl_i_mM:outside_[47.1,53.1]"",""v_apical_mV:outside_[-80,-30]""]",False,3.552713678800501e-15,[],True,True
N_ABS_NKCC_S24_PLOW_KHIGH_AE4NA10_P1_H1:B00,N_ABS_NKCC_S24_PLOW_KHIGH_AE4NA10_P1_H1,N_ABS_NKCC,24.0,1.0,1.0,H1,DIAGNOSTIC_ONLY_ABSOLUTE_SOURCE_STRESS,False,True,False,1.7007879479780108e-11,2.477532068390076e-14,1.7007879479780108e-15,1.6155871338926322e-26,1.726049858596923e-16,True,True,1.472129709800818e-11,11,0,6.767919558114954e-12,True,"{""cl_i_mM"":56.42590722001731,""cl_l_mM"":145.38401636692026,""k_i_mM"":99.94149758793795,""k_l_mM"":23.394720405069346,""na_i_mM"":32.067985573127956,""na_l_mM"":126.92537621139367,""ph_i"":6.902814998055841,""ph_l"":6.914180460657057,""tic_i_mM"":6.112465841527557,""tic_l_mM"":5.6906596451325315,""v_apical_mV"":-32.57120969121165,""v_basolateral_mV"":-65.18272878909293,""volume_i_pL"":1.3,""volume_l_pL"":0.1049500208588149}","[""cl_i_mM:outside_[47.1,53.1]"",""k_i_mM:outside_[100,160]""]",False,3.694822225952521e-13,[],True,True
N_ABS_NKCC_S24_PLOW_KHIGH_AE4NA10_P2_H1:B00,N_ABS_NKCC_S24_PLOW_KHIGH_AE4NA10_P2_H1,N_ABS_NKCC,24.0,2.0,1.0,H1,DIAGNOSTIC_ONLY_ABSOLUTE_SOURCE_STRESS,False,True,False,5.412337245047638e-12,2.3071822230491534e-16,5.412337245047638e-16,6.462348535570529e-27,8.673617379884035e-17,True,True,2.955535122195485e-12,11,0,1.3855583347321954e-13,True,"{""cl_i_mM"":72.92347523939316,""cl_l_mM"":146.8938364711133,""k_i_mM"":137.05078398019646,""k_l_mM"":31.756906290823185,""na_i_mM"":13.387239174389432,""na_l_mM"":118.63944927580229,""ph_i"":6.985368692628428,""ph_l"":6.799665909326729,""tic_i_mM"":6.916436398839433,""tic_l_mM"":4.2004681875669245,""v_apical_mV"":-28.610256655173316,""v_basolateral_mV"":-70.37292709260583,""volume_i_pL"":1.3,""volume_l_pL"":0.10698555547038333}","[""cl_i_mM:outside_[47.1,53.1]"",""v_apical_mV:outside_[-80,-30]""]",False,3.552713678800501e-15,[],True,True
N_ABS_NKCC_S24_PLOW_KHIGH_AE4NA20_P1_H1:B00,N_ABS_NKCC_S24_PLOW_KHIGH_AE4NA20_P1_H1,N_ABS_NKCC,24.0,1.0,1.0,H1,DIAGNOSTIC_ONLY_ABSOLUTE_SOURCE_STRESS,False,True,False,6.375108774214766e-13,1.0824674490095276e-15,6.375108774214766e-17,1.9387045606711586e-26,9.454242944073599e-17,True,True,2.078415564654712e-12,11,0,1.7763568394002505e-15,True,"{""cl_i_mM"":51.66264553218546,""cl_l_mM"":144.5727511881023,""k_i_mM"":81.4662236646387,""k_l_mM"":19.11022802964762,""na_i_mM"":47.70818601908862,""na_l_mM"":131.17240326308345,""ph_i"":6.966284286783614,""ph_l"":6.953816240543418,""tic_i_mM"":7.2368565261431055,""tic_l_mM"":6.506099575442387,""v_apical_mV"":-33.81684841325767,""v_basolateral_mV"":-62.617539866264266,""volume_i_pL"":1.3,""volume_l_pL"":0.10424331723600887}","[""na_i_mM:outside_[10,35]"",""k_i_mM:outside_[100,160]""]",False,0.0,[],True,True
N_ABS_NKCC_S24_PLOW_KHIGH_AE4NA20_P2_H1:B00,N_ABS_NKCC_S24_PLOW_KHIGH_AE4NA20_P2_H1,N_ABS_NKCC,24.0,2.0,1.0,H1,DIAGNOSTIC_ONLY_ABSOLUTE_SOURCE_STRESS,False,True,False,5.7636187489329416e-12,1.1657341758564144e-15,5.763618748932942e-16,2.908056841006738e-26,2.8275992658421956e-16,True,True,5.7636187489329416e-12,11,0,1.7763568394002505e-15,True,"{""cl_i_mM"":67.52178446465652,""cl_l_mM"":146.7911993594763,""k_i_mM"":131.42289578476783,""k_l_mM"":29.13550845340854,""na_i_mM"":16.34966340314229,""na_l_mM"":121.24965788493103,""ph_i"":7.07575999097804,""ph_l"":6.802573804187789,""tic_i_mM"":8.465440546659469,""tic_l_mM"":4.305337382396597,""v_apical_mV"":-30.419001176143333,""v_basolateral_mV"":-71.5101559192406,""volume_i_pL"":1.3,""volume_l_pL"":0.10679541013909469}","[""cl_i_mM:outside_[47.1,53.1]"",""ph_i:outside_[6.77,7.05]""]",False,1.4210854715202004e-14,[],True,True
N_ABS_NKCC_S24_PLOW_KLOW_AE4NA05_P1_H1:B00,N_ABS_NKCC_S24_PLOW_KLOW_AE4NA05_P1_H1,N_ABS_NKCC,24.0,1.0,1.0,H1,DIAGNOSTIC_ONLY_ABSOLUTE_SOURCE_STRESS,False,True,False,5.9804591834300425e-12,9.992007221626409e-16,5.980459183430042e-16,6.462348535570529e-27,7.632783294297951e-17,True,True,2.574980159653073e-11,11,0,1.4210854715202004e-14,True,"{""cl_i_mM"":61.79570004722564,""cl_l_mM"":146.19178004769043,""k_i_mM"":112.88136683149654,""k_l_mM"":22.55119752749761,""na_i_mM"":23.291282799449444,""na_l_mM"":127.79404067862642,""ph_i"":6.858195529450172,""ph_l"":6.853674650937623,""tic_i_mM"":5.468845438635538,""tic_l_mM"":4.883907807559947,""v_apical_mV"":-31.234280662948652,""v_basolateral_mV"":-69.06171039266151,""volume_i_pL"":1.3,""volume_l_pL"":0.1055052148523783}","[""cl_i_mM:outside_[47.1,53.1]""]",False,7.105427357601002e-15,[],True,True
N_ABS_NKCC_S24_PLOW_KLOW_AE4NA05_P2_H1:B00,N_ABS_NKCC_S24_PLOW_KLOW_AE4NA05_P2_H1,N_ABS_NKCC,24.0,2.0,1.0,H1,DIAGNOSTIC_ONLY_ABSOLUTE_SOURCE_STRESS,False,True,False,7.858297346174936e-12,2.498001805406602e-16,7.858297346174936e-16,2.908056841006738e-26,2.723515857283587e-16,True,True,7.858297346174936e-12,11,0,1.4210854715202004e-14,True,"{""cl_i_mM"":77.17818586904332,""cl_l_mM"":147.2174776426906,""k_i_mM"":141.2387930426377,""k_l_mM"":27.167401308983106,""na_i_mM"":11.547259371050922,""na_l_mM"":123.22986045170526,""ph_i"":6.914213296036161,""ph_l"":6.760580395864719,""tic_i_mM"":5.9462203720909566,""tic_l_mM"":3.8733384335855323,""v_apical_mV"":-27.401151974788167,""v_basolateral_mV"":-72.68314132605083,""volume_i_pL"":1.3,""volume_l_pL"":0.10693073564983341}","[""cl_i_mM:outside_[47.1,53.1]"",""v_apical_mV:outside_[-80,-30]""]",False,3.552713678800501e-15,[],True,True
N_ABS_NKCC_S24_PLOW_KLOW_AE4NA10_P1_H1:B00,N_ABS_NKCC_S24_PLOW_KLOW_AE4NA10_P1_H1,N_ABS_NKCC,24.0,1.0,1.0,H1,DIAGNOSTIC_ONLY_ABSOLUTE_SOURCE_STRESS,False,True,False,1.0881053003064522e-11,2.0027382530152238e-14,1.0881053003064522e-15,1.6155871338926322e-26,1.6306400674181987e-16,True,True,1.0881053003064522e-11,11,0,5.4143356464919634e-12,True,"{""cl_i_mM"":55.9132047681853,""cl_l_mM"":145.62797061890538,""k_i_mM"":98.35306946713548,""k_l_mM"":19.65116088144216,""na_i_mM"":33.103514557743765,""na_l_mM"":130.66784672290564,""ph_i"":6.900900733266974,""ph_l"":6.8913186232411165,""tic_i_mM"":6.098683414690861,""tic_l_mM"":5.447165704878668,""v_apical_mV"":-33.005566041687764,""v_basolateral_mV"":-67.46904859476552,""volume_i_pL"":1.3,""volume_l_pL"":0.10493667459261703}","[""cl_i_mM:outside_[47.1,53.1]"",""k_i_mM:outside_[100,160]""]",False,2.993161274389422e-13,[],True,True
N_ABS_NKCC_S24_PLOW_KLOW_AE4NA10_P2_H1:B00,N_ABS_NKCC_S24_PLOW_KLOW_AE4NA10_P2_H1,N_ABS_NKCC,24.0,2.0,1.0,H1,DIAGNOSTIC_ONLY_ABSOLUTE_SOURCE_STRESS,False,True,False,4.605690828718423e-12,4.3923198411732756e-15,4.605690828718423e-16,1.9387045606711586e-26,2.1163626406917047e-16,True,True,4.605690828718423e-12,11,0,1.4210854715202004e-14,True,"{""cl_i_mM"":72.76909451078578,""cl_l_mM"":147.13839311279295,""k_i_mM"":136.8164223249662,""k_l_mM"":25.483368670948657,""na_i_mM"":13.445760036522815,""na_l_mM"":124.90760083931069,""ph_i"":6.98430850890612,""ph_l"":6.7657609929534255,""tic_i_mM"":6.9100531550790825,""tic_l_mM"":3.9535629229803138,""v_apical_mV"":-28.80383313521977,""v_basolateral_mV"":-73.42370715910185,""volume_i_pL"":1.3000000000000005,""volume_l_pL"":0.10682136106050351}","[""cl_i_mM:outside_[47.1,53.1]"",""v_apical_mV:outside_[-80,-30]""]",False,0.0,[],True,True
N_ABS_NKCC_S24_PLOW_KLOW_AE4NA20_P1_H1:B00,N_ABS_NKCC_S24_PLOW_KLOW_AE4NA20_P1_H1,N_ABS_NKCC,24.0,1.0,1.0,H1,DIAGNOSTIC_ONLY_ABSOLUTE_SOURCE_STRESS,False,True,False,8.389556410692833e-12,2.3765711620882257e-16,8.389556410692833e-16,1.6155871338926322e-26,1.0928757898653885e-16,True,True,2.334070436926794e-11,11,0,1.4210854715202004e-14,True,"{""cl_i_mM"":51.415714394798044,""cl_l_mM"":144.79331175896363,""k_i_mM"":79.92052455244628,""k_l_mM"":16.440505565591412,""na_i_mM"":48.98934185213584,""na_l_mM"":133.84171381534657,""ph_i"":6.965239397669143,""ph_l"":6.93601652548486,""tic_i_mM"":7.234690077810866,""tic_l_mM"":6.28657656794217,""v_apical_mV"":-34.11612500624884,""v_basolateral_mV"":-64.30441880566165,""volume_i_pL"":1.3,""volume_l_pL"":0.10425659878090354}","[""na_i_mM:outside_[10,35]"",""k_i_mM:outside_[100,160]""]",False,7.105427357601002e-15,[],True,True
N_ABS_NKCC_S24_PLOW_KLOW_AE4NA20_P2_H1:B00,N_ABS_NKCC_S24_PLOW_KLOW_AE4NA20_P2_H1,N_ABS_NKCC,24.0,2.0,1.0,H1,DIAGNOSTIC_ONLY_ABSOLUTE_SOURCE_STRESS,False,True,False,2.0816681711721685e-12,9.992007221626409e-16,2.0816681711721685e-16,1.6155871338926322e-26,4.7704895589362195e-17,True,True,1.6761765586625899e-12,11,0,1.0658141036401503e-13,True,"{""cl_i_mM"":67.38924081247171,""cl_l_mM"":147.008669587912,""k_i_mM"":131.19484703625,""k_l_mM"":23.498679827204022,""na_i_mM"":16.42076787599192,""na_l_mM"":126.88166138442037,""ph_i"":7.074686630890344,""ph_l"":6.773268643264099,""tic_i_mM"":8.45612958446732,""tic_l_mM"":4.085822392866468,""v_apical_mV"":-30.588367155393275,""v_basolateral_mV"":-74.1574597076409,""volume_i_pL"":1.3,""volume_l_pL"":0.10664957381737851}","[""cl_i_mM:outside_[47.1,53.1]"",""ph_i:outside_[6.77,7.05]""]",False,3.552713678800501e-15,[],True,True
N_ABS_NKCC_S24_PNOM_KMID_AE4NA05_P1_H1:B00,N_ABS_NKCC_S24_PNOM_KMID_AE4NA05_P1_H1,N_ABS_NKCC,24.0,1.0,1.0,H1,DIAGNOSTIC_ONLY_ABSOLUTE_SOURCE_STRESS,False,True,False,2.690989792109022e-12,1.1102230246251565e-15,2.690989792109022e-16,3.2311742677852644e-26,2.6107588313450947e-16,True,True,2.690989792109022e-12,11,0,1.4210854715202004e-14,True,"{""cl_i_mM"":61.814136707680056,""cl_l_mM"":146.06825179526882,""k_i_mM"":112.93722373144143,""k_l_mM"":24.551919642945332,""na_i_mM"":23.260609661998338,""na_l_mM"":125.79790126416694,""ph_i"":6.858689203319019,""ph_l"":6.868384484396108,""tic_i_mM"":5.46834257443812,""tic_l_mM"":5.009342097846865,""v_apical_mV"":-31.2169256151829,""v_basolateral_mV"":-67.73335069012391,""volume_i_pL"":1.3,""volume_l_pL"":0.10564296001404823}","[""cl_i_mM:outside_[47.1,53.1]""]",False,3.552713678800501e-15,[],True,True
N_ABS_NKCC_S24_PNOM_KMID_AE4NA05_P2_H1:B00,N_ABS_NKCC_S24_PNOM_KMID_AE4NA05_P2_H1,N_ABS_NKCC,24.0,2.0,1.0,H1,DIAGNOSTIC_ONLY_ABSOLUTE_SOURCE_STRESS,False,True,False,3.084338340286763e-11,2.5066754227864863e-16,3.084338340286763e-15,3.2311742677852644e-27,5.0306980803327406e-17,True,True,3.084338340286763e-11,11,0,1.7763568394002505e-15,True,"{""cl_i_mM"":77.04174661379204,""cl_l_mM"":147.10399934914764,""k_i_mM"":141.06807513994104,""k_l_mM"":30.122847430886253,""na_i_mM"":11.582904797683726,""na_l_mM"":120.28282072248379,""ph_i"":6.91463731425911,""ph_l"":6.779664108267965,""tic_i_mM"":5.940591299005023,""tic_l_mM"":3.990734772639716,""v_apical_mV"":-27.524800977144096,""v_basolateral_mV"":-71.14288161257498,""volume_i_pL"":1.3,""volume_l_pL"":0.10719236302761383}","[""cl_i_mM:outside_[47.1,53.1]"",""v_apical_mV:outside_[-80,-30]""]",False,0.0,[],True,True
N_ABS_NKCC_S24_PNOM_KMID_AE4NA10_P1_H1:B00,N_ABS_NKCC_S24_PNOM_KMID_AE4NA10_P1_H1,N_ABS_NKCC,24.0,1.0,1.0,H1,DIAGNOSTIC_ONLY_ABSOLUTE_SOURCE_STRESS,False,True,False,1.9765005604410746e-12,2.306314861311165e-14,1.9765005604410746e-16,3.2311742677852644e-26,3.2873009869760494e-16,True,True,1.9765005604410746e-12,11,0,2.842170943040401e-14,True,"{""cl_i_mM"":55.927274529401494,""cl_l_mM"":145.5135353436136,""k_i_mM"":98.42099966287404,""k_l_mM"":21.11816656988904,""na_i_mM"":33.05583618700644,""na_l_mM"":129.2049552025566,""ph_i"":6.901349007260628,""ph_l"":6.903522800109599,""tic_i_mM"":6.098172843743361,""tic_l_mM"":5.563212934617866,""v_apical_mV"":-32.99229532039569,""v_basolateral_mV"":-66.3378793014299,""volume_i_pL"":1.3,""volume_l_pL"":0.10505823067516622}","[""cl_i_mM:outside_[47.1,53.1]"",""k_i_mM:outside_[100,160]""]",False,3.4283687000424834e-13,[],True,True
N_ABS_NKCC_S24_PNOM_KMID_AE4NA10_P2_H1:B00,N_ABS_NKCC_S24_PNOM_KMID_AE4NA10_P2_H1,N_ABS_NKCC,24.0,2.0,1.0,H1,DIAGNOSTIC_ONLY_ABSOLUTE_SOURCE_STRESS,False,True,False,1.4857906571741353e-11,3.885780586188048e-16,1.4857906571741353e-15,2.261821987449685e-26,2.3071822230491534e-16,True,True,1.4857906571741353e-11,11,0,1.5987211554602254e-13,True,"{""cl_i_mM"":72.60983983689204,""cl_l_mM"":147.03521625341398,""k_i_mM"":136.59982365661543,""k_l_mM"":28.062383385502986,""na_i_mM"":13.499194883711253,""na_l_mM"":122.33736665722334,""ph_i"":6.984576483644765,""ph_l"":6.783316875554358,""tic_i_mM"":6.901121410850753,""tic_l_mM"":4.0608142044503355,""v_apical_mV"":-28.960053798550273,""v_basolateral_mV"":-72.02709829170762,""volume_i_pL"":1.3,""volume_l_pL"":0.10709425042063807}","[""cl_i_mM:outside_[47.1,53.1]"",""v_apical_mV:outside_[-80,-30]""]",False,3.552713678800501e-15,[],True,True
N_ABS_NKCC_S24_PNOM_KMID_AE4NA20_P1_H1:B00,N_ABS_NKCC_S24_PNOM_KMID_AE4NA20_P1_H1,N_ABS_NKCC,24.0,1.0,1.0,H1,DIAGNOSTIC_ONLY_ABSOLUTE_SOURCE_STRESS,False,True,False,8.969604572972578e-12,1.8995222061946038e-16,8.969604572972578e-16,1.6155871338926322e-26,1.3444106938820255e-16,True,True,8.969604572972578e-12,11,0,1.4210854715202004e-14,True,"{""cl_i_mM"":51.4123523986162,""cl_l_mM"":144.6911288935641,""k_i_mM"":79.94610863727775,""k_l_mM"":17.395177272585535,""na_i_mM"":48.964582767724536,""na_l_mM"":132.89075436987127,""ph_i"":6.965582489769146,""ph_l"":6.945528845451337,""tic_i_mM"":7.233588769367477,""tic_l_mM"":6.390119844601313,""v_apical_mV"":-34.11748581827163,""v_basolateral_mV"":-63.38911639184139,""volume_i_pL"":1.3,""volume_l_pL"":0.1043642832089134}","[""na_i_mM:outside_[10,35]"",""k_i_mM:outside_[100,160]""]",False,7.105427357601002e-15,[],True,True
N_ABS_NKCC_S24_PNOM_KMID_AE4NA20_P2_H1:B00,N_ABS_NKCC_S24_PNOM_KMID_AE4NA20_P2_H1,N_ABS_NKCC,24.0,2.0,1.0,H1,DIAGNOSTIC_ONLY_ABSOLUTE_SOURCE_STRESS,False,True,False,3.106022383736473e-11,3.226585665316861e-16,3.106022383736473e-15,1.6155871338926322e-26,1.6653345369377348e-16,True,True,2.748886188119748e-11,11,0,1.1368683772161603e-13,True,"{""cl_i_mM"":67.20236538706212,""cl_l_mM"":146.91653981012018,""k_i_mM"":130.904185343387,""k_l_mM"":25.65401244202436,""na_i_mM"":16.51054166470414,""na_l_mM"":124.73542359970064,""ph_i"":7.074685006697437,""ph_l"":6.789045878739064,""tic_i_mM"":8.440668571551596,""tic_l_mM"":4.182143586154403,""v_apical_mV"":-30.780875840016236,""v_basolateral_mV"":-72.92225161719796,""volume_i_pL"":1.3,""volume_l_pL"":0.1069316187707955}","[""cl_i_mM:outside_[47.1,53.1]"",""ph_i:outside_[6.77,7.05]""]",False,3.552713678800501e-15,[],True,True
N_ABS_NKCC_S2_PHIGH_KHIGH_AE4NA05_P0.5_H1:B00,N_ABS_NKCC_S2_PHIGH_KHIGH_AE4NA05_P0.5_H1,N_ABS_NKCC,2.0,0.5,1.0,H1,PRODUCTION_PRE_REVEAL,True,True,False,1.2289431625123193e-11,5.3550913703404035e-15,1.2289431625123193e-15,2.4233807008389483e-26,3.382710778154774e-16,True,True,1.474514954580286e-11,11,0,7.105427357601002e-15,True,"{""cl_i_mM"":38.691197200806506,""cl_l_mM"":142.15484501754858,""k_i_mM"":65.66410467739047,""k_l_mM"":13.509326159744212,""na_i_mM"":46.48427936559362,""na_l_mM"":136.73741078278724,""ph_i"":6.808968276189218,""ph_l"":7.1003151181160415,""tic_i_mM"":5.220785046481322,""tic_l_mM"":8.894320216661988,""v_apical_mV"":-39.08510023302893,""v_basolateral_mV"":-59.0237922448766,""volume_i_pL"":1.3,""volume_l_pL"":0.10285116518420843}","[""cl_i_mM:outside_[47.1,53.1]"",""na_i_mM:outside_[10,35]"",""k_i_mM:outside_[100,160]""]",False,7.283063041541027e-14,[],True,True
N_ABS_NKCC_S2_PHIGH_KHIGH_AE4NA05_P1_H1:B00,N_ABS_NKCC_S2_PHIGH_KHIGH_AE4NA05_P1_H1,N_ABS_NKCC,2.0,1.0,1.0,H1,PRODUCTION_PRE_REVEAL,True,True,False,2.205267218835516e-12,2.112372776696958e-14,2.205267218835516e-16,4.2005265481208437e-26,4.735795089416683e-16,True,True,2.205267218835516e-12,11,0,1.4210854715202004e-14,True,"{""cl_i_mM"":41.6115798698165,""cl_l_mM"":144.39488334534653,""k_i_mM"":99.54145688568853,""k_l_mM"":18.597219663922573,""na_i_mM"":15.428889441546191,""na_l_mM"":131.71191522058,""ph_i"":6.814895895213171,""ph_l"":6.999015180275995,""tic_i_mM"":5.002214318705447,""tic_l_mM"":6.6568024422550565,""v_apical_mV"":-39.44873591891857,""v_basolateral_mV"":-67.00962404939214,""volume_i_pL"":1.3,""volume_l_pL"":0.10422927714721925}","[""cl_i_mM:outside_[47.1,53.1]"",""k_i_mM:outside_[100,160]""]",False,2.8421709430404007e-13,[],True,True
N_ABS_NKCC_S2_PHIGH_KHIGH_AE4NA05_P2_H1:B00,N_ABS_NKCC_S2_PHIGH_KHIGH_AE4NA05_P2_H1,N_ABS_NKCC,2.0,2.0,1.0,H1,PRODUCTION_PRE_REVEAL,True,True,False,9.993091423798894e-12,1.6653345369377348e-16,9.993091423798894e-16,4.52364397489937e-26,4.597017211338539e-16,True,True,7.537373503119227e-12,11,0,2.842170943040401e-14,True,"{""cl_i_mM"":44.577925203671946,""cl_l_mM"":144.99840053602682,""k_i_mM"":109.0486474890138,""k_l_mM"":20.40939290986654,""na_i_mM"":9.491110234023514,""na_l_mM"":129.9202700055365,""ph_i"":6.8437939306876885,""ph_l"":6.963630528603539,""tic_i_mM"":5.225727720539958,""tic_l_mM"":6.0579469601180875,""v_apical_mV"":-38.42531000339248,""v_basolateral_mV"":-68.60897295398141,""volume_i_pL"":1.3,""volume_l_pL"":0.10476401352826106}","[""cl_i_mM:outside_[47.1,53.1]"",""na_i_mM:outside_[10,35]""]",False,7.105427357601002e-15,[],True,True
N_ABS_NKCC_S2_PHIGH_KHIGH_AE4NA10_P1_H1:B00,N_ABS_NKCC_S2_PHIGH_KHIGH_AE4NA10_P1_H1,N_ABS_NKCC,2.0,1.0,1.0,H1,PRODUCTION_PRE_REVEAL,True,True,False,2.5476582649064383e-11,9.80118763926896e-16,2.5476582649064383e-15,9.693522803355793e-27,1.3357370765021415e-16,True,True,6.252593928723904e-12,11,0,5.435651928564766e-13,True,"{""cl_i_mM"":39.03930392377227,""cl_l_mM"":144.09229358119248,""k_i_mM"":93.20091250009533,""k_l_mM"":16.682293390133186,""na_i_mM"":20.480347227360497,""na_l_mM"":133.61693608067912,""ph_i"":6.867744462147022,""ph_l"":7.013048899905109,""tic_i_mM"":5.616433088978185,""tic_l_mM"":6.961222105266146,""v_apical_mV"":-40.82757832715812,""v_basolateral_mV"":-67.03133683744633,""volume_i_pL"":1.3000000000000003,""volume_l_pL"":0.1040578473638104}","[""cl_i_mM:outside_[47.1,53.1]"",""k_i_mM:outside_[100,160]""]",False,0.0,[],True,True
N_ABS_NKCC_S2_PHIGH_KHIGH_AE4NA10_P2_H1:B00,N_ABS_NKCC_S2_PHIGH_KHIGH_AE4NA10_P2_H1,N_ABS_NKCC,2.0,2.0,1.0,H1,PRODUCTION_PRE_REVEAL,True,True,False,1.910364227919459e-12,3.920475055707584e-16,1.9103642279194588e-16,1.2924697071141057e-26,2.0469737016526324e-16,True,True,1.910364227919459e-12,11,0,0.0,True,"{""cl_i_mM"":42.13427231075827,""cl_l_mM"":144.96401009776756,""k_i_mM"":107.00231119630092,""k_l_mM"":18.848917676310126,""na_i_mM"":10.824797018674555,""na_l_mM"":131.48004659047112,""ph_i"":6.914507227944332,""ph_l"":6.964479648083196,""tic_i_mM"":6.039173958369213,""tic_l_mM"":6.094791269178148,""v_apical_mV"":-39.93291011186843,""v_basolateral_mV"":-69.80915502721355,""volume_i_pL"":1.3,""volume_l_pL"":0.10480127398337583}","[""cl_i_mM:outside_[47.1,53.1]""]",False,0.0,[],True,True
N_ABS_NKCC_S2_PHIGH_KHIGH_AE4NA20_P1_H1:B00,N_ABS_NKCC_S2_PHIGH_KHIGH_AE4NA20_P1_H1,N_ABS_NKCC,2.0,1.0,1.0,H1,PRODUCTION_PRE_REVEAL,True,True,False,3.0899761915836876e-12,4.0072112295064244e-16,3.0899761915836876e-16,2.7464981276174747e-26,2.636779683484747e-16,True,True,4.868067754459915e-13,11,0,7.460698725481052e-14,True,"{""cl_i_mM"":36.562842145092155,""cl_l_mM"":143.51180498100024,""k_i_mM"":82.30970395790416,""k_l_mM"":14.358166555371907,""na_i_mM"":30.774252393152235,""na_l_mM"":135.92071024855224,""ph_i"":6.936457886909185,""ph_l"":7.036086862275651,""tic_i_mM"":6.6165263022340435,""tic_l_mM"":7.5465149684246615,""v_apical_mV"":-41.975225568755675,""v_basolateral_mV"":-65.85612252090361,""volume_i_pL"":1.3,""volume_l_pL"":0.10372778054185301}","[""cl_i_mM:outside_[47.1,53.1]"",""k_i_mM:outside_[100,160]""]",False,7.105427357601002e-15,[],True,True
N_ABS_NKCC_S2_PHIGH_KHIGH_AE4NA20_P2_H1:B00,N_ABS_NKCC_S2_PHIGH_KHIGH_AE4NA20_P2_H1,N_ABS_NKCC,2.0,2.0,1.0,H1,PRODUCTION_PRE_REVEAL,True,True,False,3.349208931024972e-11,4.242526469022678e-14,3.3492089310249717e-15,2.261821987449685e-26,2.888314587501384e-16,True,True,4.217546450968612e-12,11,0,2.0058621430507628e-11,True,"{""cl_i_mM"":39.36852174502722,""cl_l_mM"":144.91899658993054,""k_i_mM"":105.02775356157795,""k_l_mM"":17.201999134851555,""na_i_mM"":12.649037079349647,""na_l_mM"":133.12497013197978,""ph_i"":7.010074520586738,""ph_l"":6.964398602228698,""tic_i_mM"":7.394680859592509,""tic_l_mM"":6.143800176329803,""v_apical_mV"":-41.74461338377131,""v_basolateral_mV"":-71.23905763783553,""volume_i_pL"":1.2999999999999972,""volume_l_pL"":0.10484373914341909}","[""cl_i_mM:outside_[47.1,53.1]""]",False,3.241851231905457e-13,[],True,True
N_ABS_NKCC_S2_PHIGH_KLOW_AE4NA05_P0.5_H1:B00,N_ABS_NKCC_S2_PHIGH_KLOW_AE4NA05_P0.5_H1,N_ABS_NKCC,2.0,0.5,1.0,H1,PRODUCTION_PRE_REVEAL,True,True,False,6.922630871319946e-12,2.203619231533338e-14,6.922630871319946e-16,4.52364397489937e-26,5.186823193170653e-16,True,True,6.922630871319946e-12,11,0,1.4210854715202004e-14,True,"{""cl_i_mM"":38.25998758362411,""cl_l_mM"":142.32967937209338,""k_i_mM"":63.64296807717623,""k_l_mM"":11.904874123792583,""na_i_mM"":48.11693763420677,""na_l_mM"":138.3413023721347,""ph_i"":6.810428684445712,""ph_l"":7.089988757222161,""tic_i_mM"":5.246855663831934,""tic_l_mM"":8.720688815233865,""v_apical_mV"":-39.49324325054977,""v_basolateral_mV"":-60.16814019204032,""volume_i_pL"":1.3000000000000005,""volume_l_pL"":0.10286480453161094}","[""cl_i_mM:outside_[47.1,53.1]"",""na_i_mM:outside_[10,35]"",""k_i_mM:outside_[100,160]""]",False,2.3447910280083306e-13,[],True,True
N_ABS_NKCC_S2_PHIGH_KLOW_AE4NA05_P1_H1:B00,N_ABS_NKCC_S2_PHIGH_KLOW_AE4NA05_P1_H1,N_ABS_NKCC,2.0,1.0,1.0,H1,PRODUCTION_PRE_REVEAL,True,True,False,2.7451999007332972e-12,3.7643499428696714e-16,2.745199900733297e-16,2.908056841006738e-26,3.139849491518021e-16,True,True,1.5341460740669888e-12,11,0,7.105427357601002e-15,True,"{""cl_i_mM"":40.739286772319,""cl_l_mM"":144.62313131284293,""k_i_mM"":98.434474439273,""k_l_mM"":15.688760452578606,""na_i_mM"":15.593592612898279,""na_l_mM"":134.6204623896614,""ph_i"":6.811757721447059,""ph_l"":6.982003107563545,""tic_i_mM"":4.972081333046455,""tic_l_mM"":6.428776095222636,""v_apical_mV"":-40.18365368175315,""v_basolateral_mV"":-69.15294808384895,""volume_i_pL"":1.3,""volume_l_pL"":0.10423584897887418}","[""cl_i_mM:outside_[47.1,53.1]"",""k_i_mM:outside_[100,160]""]",False,7.105427357601002e-15,[],True,True
N_ABS_NKCC_S2_PHIGH_KLOW_AE4NA05_P2_H1:B00,N_ABS_NKCC_S2_PHIGH_KLOW_AE4NA05_P2_H1,N_ABS_NKCC,2.0,2.0,1.0,H1,PRODUCTION_PRE_REVEAL,True,True,False,5.1510445214786316e-12,2.8536201179818477e-16,5.151044521478632e-16,6.462348535570529e-27,1.5959455978986625e-16,True,True,2.695326600798964e-12,11,0,2.842170943040401e-14,True,"{""cl_i_mM"":43.65564295784835,""cl_l_mM"":145.22098377800782,""k_i_mM"":108.02048018411783,""k_l_mM"":16.917386207844725,""na_i_mM"":9.52421487596558,""na_l_mM"":133.41156554272473,""ph_i"":6.840616874656888,""ph_l"":6.944887968104574,""tic_i_mM"":5.193879391466292,""tic_l_mM"":5.835162830793296,""v_apical_mV"":-39.14351176496098,""v_basolateral_mV"":-70.91834729359155,""volume_i_pL"":1.3,""volume_l_pL"":0.1047446521735414}","[""cl_i_mM:outside_[47.1,53.1]"",""na_i_mM:outside_[10,35]""]",False,1.4210854715202004e-14,[],True,True
N_ABS_NKCC_S2_PHIGH_KLOW_AE4NA10_P1_H1:B00,N_ABS_NKCC_S2_PHIGH_KLOW_AE4NA10_P1_H1,N_ABS_NKCC,2.0,1.0,1.0,H1,PRODUCTION_PRE_REVEAL,True,True,False,1.1721309686740788e-11,5.551115123125783e-16,1.1721309686740788e-15,1.6155871338926322e-26,2.463307335887066e-16,True,True,1.4177027607420456e-11,11,0,9.947598300641403e-14,True,"{""cl_i_mM"":38.36745682601248,""cl_l_mM"":144.2961880709741,""k_i_mM"":92.24394988495469,""k_l_mM"":14.171260381653214,""na_i_mM"":20.698013979054917,""na_l_mM"":136.12800156089455,""ph_i"":6.864917384539477,""ph_l"":6.998576174641401,""tic_i_mM"":5.585756256701755,""tic_l_mM"":6.757545976064252,""v_apical_mV"":-41.43690101406662,""v_basolateral_mV"":-68.83921242285729,""volume_i_pL"":1.3,""volume_l_pL"":0.10406317211775505}","[""cl_i_mM:outside_[47.1,53.1]"",""k_i_mM:outside_[100,160]""]",False,1.4210854715202004e-14,[],True,True
N_ABS_NKCC_S2_PHIGH_KLOW_AE4NA10_P2_H1:B00,N_ABS_NKCC_S2_PHIGH_KLOW_AE4NA10_P2_H1,N_ABS_NKCC,2.0,2.0,1.0,H1,PRODUCTION_PRE_REVEAL,True,True,False,8.504481840976297e-12,1.2942771854262958e-14,8.504481840976297e-16,6.462348535570529e-27,6.765421556309548e-17,True,True,6.048763920296629e-12,11,0,7.105427357601002e-15,True,"{""cl_i_mM"":41.427681616622905,""cl_l_mM"":145.16017618687584,""k_i_mM"":106.20334718366956,""k_l_mM"":15.617498248789472,""na_i_mM"":10.848246851285372,""na_l_mM"":134.71053951991453,""ph_i"":6.911747182641118,""ph_l"":6.947991263666036,""tic_i_mM"":6.006670869520665,""tic_l_mM"":5.898305749543302,""v_apical_mV"":-40.518372044435246,""v_basolateral_mV"":-71.81197053084138,""volume_i_pL"":1.3000000000000007,""volume_l_pL"":0.10477482498599289}","[""cl_i_mM:outside_[47.1,53.1]""]",False,1.7763568394002505e-14,[],True,True
N_ABS_NKCC_S2_PHIGH_KLOW_AE4NA20_P1_H1:B00,N_ABS_NKCC_S2_PHIGH_KLOW_AE4NA20_P1_H1,N_ABS_NKCC,2.0,1.0,1.0,H1,PRODUCTION_PRE_REVEAL,True,True,False,2.7842311789427754e-12,3.469446951953614e-16,2.7842311789427754e-16,3.715850407953054e-26,4.0419056990259605e-16,True,True,2.7842311789427754e-12,11,0,7.105427357601002e-15,True,"{""cl_i_mM"":36.10547327604501,""cl_l_mM"":143.68711865403034,""k_i_mM"":81.47897259401051,""k_l_mM"":12.353586628351454,""na_i_mM"":31.090676674265357,""na_l_mM"":137.9252774238851,""ph_i"":6.934259256876478,""ph_l"":7.024651147753677,""tic_i_mM"":6.588851158549269,""tic_l_mM"":7.371468772236549,""v_apical_mV"":-42.42993264347936,""v_basolateral_mV"":-67.25012345170688,""volume_i_pL"":1.3,""volume_l_pL"":0.10373318793431499}","[""cl_i_mM:outside_[47.1,53.1]"",""k_i_mM:outside_[100,160]""]",False,1.4210854715202004e-14,[],True,True
N_ABS_NKCC_S2_PHIGH_KLOW_AE4NA20_P2_H1:B00,N_ABS_NKCC_S2_PHIGH_KLOW_AE4NA20_P2_H1,N_ABS_NKCC,2.0,2.0,1.0,H1,PRODUCTION_PRE_REVEAL,True,True,False,1.1083798809319312e-11,5.480858822348722e-15,1.1083798809319312e-15,6.462348535570529e-27,1.7954387976359953e-16,True,True,1.353951672999898e-11,11,0,3.2933655802480644e-12,True,"{""cl_i_mM"":38.880499689206744,""cl_l_mM"":145.08483991556673,""k_i_mM"":104.46337092170762,""k_l_mM"":14.242491417813625,""na_i_mM"":12.6646147014459,""na_l_mM"":136.08327555652136,""ph_i"":7.0078992017802335,""ph_l"":6.950444310794585,""tic_i_mM"":7.362957543241576,""tic_l_mM"":5.977494667399694,""v_apical_mV"":-42.181230591187486,""v_basolateral_mV"":-72.89717695275635,""volume_i_pL"":1.3000000000000007,""volume_l_pL"":0.10480840508359655}","[""cl_i_mM:outside_[47.1,53.1]""]",False,3.090860900556436e-13,[],True,True
N_ABS_NKCC_S2_PLOW_KHIGH_AE4NA05_P0.5_H1:B00,N_ABS_NKCC_S2_PLOW_KHIGH_AE4NA05_P0.5_H1,N_ABS_NKCC,2.0,0.5,1.0,H1,PRODUCTION_PRE_REVEAL,True,True,False,4.3021142204224816e-12,8.465450562766819e-16,4.3021142204224816e-16,4.52364397489937e-26,4.432218481120742e-16,True,True,1.6989448042847854e-12,11,0,7.105427357601002e-15,True,"{""cl_i_mM"":38.93385975408582,""cl_l_mM"":142.1768627614192,""k_i_mM"":66.45551281539005,""k_l_mM"":14.014815287849055,""na_i_mM"":45.923536382021176,""na_l_mM"":136.22895463166668,""ph_i"":6.8084354498657715,""ph_l"":7.098194771962586,""tic_i_mM"":5.215558212169922,""tic_l_mM"":8.870828762314844,""v_apical_mV"":-38.87291495533973,""v_basolateral_mV"":-59.21507636381821,""volume_i_pL"":1.3,""volume_l_pL"":0.1027568957789169}","[""cl_i_mM:outside_[47.1,53.1]"",""na_i_mM:outside_[10,35]"",""k_i_mM:outside_[100,160]""]",False,1.1546319456101628e-14,[],True,True
N_ABS_NKCC_S2_PLOW_KHIGH_AE4NA05_P1_H1:B00,N_ABS_NKCC_S2_PLOW_KHIGH_AE4NA05_P1_H1,N_ABS_NKCC,2.0,1.0,1.0,H1,PRODUCTION_PRE_REVEAL,True,True,False,7.2077760426836335e-12,2.9433053216898486e-14,7.207776042683633e-16,1.6155871338926322e-26,1.3704315460216776e-16,True,True,7.2077760426836335e-12,11,0,7.105427357601002e-15,True,"{""cl_i_mM"":42.21234550877562,""cl_l_mM"":144.41614937057943,""k_i_mM"":100.24711056885536,""k_l_mM"":19.568217509309733,""na_i_mM"":15.36357658532328,""na_l_mM"":130.73572491607163,""ph_i"":6.816428875449839,""ph_l"":6.9952956359829015,""tic_i_mM"":5.023312437173652,""tic_l_mM"":6.633439049826741,""v_apical_mV"":-38.97463461165018,""v_basolateral_mV"":-67.04995613241717,""volume_i_pL"":1.3,""volume_l_pL"":0.10407452622763604}","[""cl_i_mM:outside_[47.1,53.1]""]",False,4.04121180963557e-13,[],True,True
N_ABS_NKCC_S2_PLOW_KHIGH_AE4NA05_P2_H1:B00,N_ABS_NKCC_S2_PLOW_KHIGH_AE4NA05_P2_H1,N_ABS_NKCC,2.0,2.0,1.0,H1,PRODUCTION_PRE_REVEAL,True,True,False,8.902384038278477e-12,1.9308860066402644e-13,8.902384038278477e-16,0.0,4.85722573273506e-17,True,True,8.902384038278477e-12,11,0,2.1316282072803006e-14,True,"{""cl_i_mM"":45.36267409016723,""cl_l_mM"":145.02803792493813,""k_i_mM"":109.89756866682038,""k_l_mM"":21.640665547539758,""na_i_mM"":9.478226580140646,""na_l_mM"":128.6831899535207,""ph_i"":6.845737186294929,""ph_l"":6.958737422385884,""tic_i_mM"":5.253141456209108,""tic_l_mM"":6.0259147677458795,""v_apical_mV"":-37.858833314623844,""v_basolateral_mV"":-68.64154183691677,""volume_i_pL"":1.3000000000000078,""volume_l_pL"":0.10458989405098139}","[""cl_i_mM:outside_[47.1,53.1]"",""na_i_mM:outside_[10,35]""]",False,0.0,[],True,True
N_ABS_NKCC_S2_PLOW_KHIGH_AE4NA10_P1_H1:B00,N_ABS_NKCC_S2_PLOW_KHIGH_AE4NA10_P1_H1,N_ABS_NKCC,2.0,1.0,1.0,H1,PRODUCTION_PRE_REVEAL,True,True,False,9.923702484759822e-12,4.8303375188574194e-14,9.923702484759822e-16,1.9387045606711586e-26,1.6740081543176188e-16,True,True,9.923702484759822e-12,11,0,0.0,True,"{""cl_i_mM"":39.66096751368223,""cl_l_mM"":144.1142671214038,""k_i_mM"":93.98180558122324,""k_l_mM"":17.68170454425861,""na_i_mM"":20.37177976391172,""na_l_mM"":132.61146815297207,""ph_i"":6.869560581781428,""ph_l"":7.009024326894066,""tic_i_mM"":5.644675445397014,""tic_l_mM"":6.93684455328643,""v_apical_mV"":-40.299101465016314,""v_basolateral_mV"":-67.09577710004213,""volume_i_pL"":1.3000000000000018,""volume_l_pL"":0.10387823892645577}","[""cl_i_mM:outside_[47.1,53.1]"",""k_i_mM:outside_[100,160]""]",False,1.4210854715202004e-14,[],True,True
N_ABS_NKCC_S2_PLOW_KHIGH_AE4NA10_P2_H1:B00,N_ABS_NKCC_S2_PLOW_KHIGH_AE4NA10_P2_H1,N_ABS_NKCC,2.0,2.0,1.0,H1,PRODUCTION_PRE_REVEAL,True,True,False,1.1264860572124391e-12,2.9851121574608896e-14,1.126486057212439e-16,1.2924697071141057e-26,2.220446049250313e-16,True,True,1.1264860572124391e-12,11,0,1.7763568394002505e-15,True,"{""cl_i_mM"":43.03351924695499,""cl_l_mM"":144.99985955205864,""k_i_mM"":107.98310716409848,""k_l_mM"":20.23509752757927,""na_i_mM"":10.816038299536409,""na_l_mM"":130.08671721516768,""ph_i"":6.917010889706815,""ph_l"":6.958518526485409,""tic_i_mM"":6.080436769623672,""tic_l_mM"":6.056028467899912,""v_apical_mV"":-39.245513841047995,""v_basolateral_mV"":-69.85492062835883,""volume_i_pL"":1.299999999999997,""volume_l_pL"":0.10458765592492464}","[""cl_i_mM:outside_[47.1,53.1]""]",False,1.4210854715202004e-14,[],True,True
N_ABS_NKCC_S2_PLOW_KHIGH_AE4NA20_P1_H1:B00,N_ABS_NKCC_S2_PLOW_KHIGH_AE4NA20_P1_H1,N_ABS_NKCC,2.0,1.0,1.0,H1,PRODUCTION_PRE_REVEAL,True,True,False,7.544962918326625e-12,2.49219915537946e-13,7.544962918326625e-16,1.2924697071141057e-26,1.7780915628762273e-16,True,True,1.5200514458246772e-11,11,0,1.2938983218191424e-10,True,"{""cl_i_mM"":37.142979949935835,""cl_l_mM"":143.53022622336002,""k_i_mM"":83.15408299395084,""k_l_mM"":15.29554503317426,""na_i_mM"":30.56781108055491,""na_l_mM"":134.97660983444962,""ph_i"":6.938301760857321,""ph_l"":7.03222123263131,""tic_i_mM"":6.651212666467434,""tic_l_mM"":7.52549352860703,""v_apical_mV"":-41.436584778416595,""v_basolateral_mV"":-65.96779566418736,""volume_i_pL"":1.3000000000000107,""volume_l_pL"":0.10352988710668502}","[""cl_i_mM:outside_[47.1,53.1]"",""k_i_mM:outside_[100,160]""]",False,7.105427357601002e-15,[],True,True
N_ABS_NKCC_S2_PLOW_KHIGH_AE4NA20_P2_H1:B00,N_ABS_NKCC_S2_PLOW_KHIGH_AE4NA20_P2_H1,N_ABS_NKCC,2.0,2.0,1.0,H1,PRODUCTION_PRE_REVEAL,True,True,False,1.863309853633588e-11,1.3877787807814457e-16,1.863309853633588e-15,9.693522803355793e-27,9.974659986866641e-17,True,True,1.0641444322945226e-11,11,0,1.1368683772161603e-13,True,"{""cl_i_mM"":40.373745770852416,""cl_l_mM"":144.96149880844064,""k_i_mM"":106.13520260323006,""k_l_mM"":18.7229629196615,""na_i_mM"":12.650273114284287,""na_l_mM"":131.595296230159,""ph_i"":7.013172485200196,""ph_l"":6.957243465938713,""tic_i_mM"":7.458779919745613,""tic_l_mM"":6.097823637148525,""v_apical_mV"":-40.92143413004068,""v_basolateral_mV"":-71.30023909254457,""volume_i_pL"":1.3,""volume_l_pL"":0.10458508374423636}","[""cl_i_mM:outside_[47.1,53.1]""]",False,0.0,[],True,True
N_ABS_NKCC_S2_PLOW_KLOW_AE4NA05_P0.5_H1:B00,N_ABS_NKCC_S2_PLOW_KLOW_AE4NA05_P0.5_H1,N_ABS_NKCC,2.0,0.5,1.0,H1,PRODUCTION_PRE_REVEAL,True,True,False,7.798666226688233e-12,1.2470927068797266e-14,7.798666226688233e-16,3.069615554396001e-26,5.221517662690189e-16,True,True,7.798666226688233e-12,11,0,1.4210854715202004e-14,True,"{""cl_i_mM"":38.471144765277096,""cl_l_mM"":142.356285293758,""k_i_mM"":64.3662194896959,""k_l_mM"":12.496652950940721,""na_i_mM"":47.59102585860862,""na_l_mM"":137.74671815788804,""ph_i"":6.809819405496003,""ph_l"":7.087641822370259,""tic_i_mM"":5.240773939318924,""tic_l_mM"":8.692690333014859,""v_apical_mV"":-39.30641236622133,""v_basolateral_mV"":-60.384390010296876,""volume_i_pL"":1.3,""volume_l_pL"":0.10277568906693164}","[""cl_i_mM:outside_[47.1,53.1]"",""na_i_mM:outside_[10,35]"",""k_i_mM:outside_[100,160]""]",False,1.7852386235972517e-13,[],True,True
N_ABS_NKCC_S2_PLOW_KLOW_AE4NA05_P1_H1:B00,N_ABS_NKCC_S2_PLOW_KLOW_AE4NA05_P1_H1,N_ABS_NKCC,2.0,1.0,1.0,H1,PRODUCTION_PRE_REVEAL,True,True,False,5.5012418231914495e-12,9.664144484666792e-15,5.5012418231914495e-16,3.2311742677852644e-26,3.382710778154774e-16,True,True,5.5012418231914495e-12,11,0,7.105427357601002e-15,True,"{""cl_i_mM"":41.2829855618157,""cl_l_mM"":144.64971226821856,""k_i_mM"":99.07141880592945,""k_l_mM"":16.805805400262216,""na_i_mM"":15.536654648484845,""na_l_mM"":133.49856069147296,""ph_i"":6.813166474442864,""ph_l"":6.977937192862551,""tic_i_mM"":4.99145711542001,""tic_l_mM"":6.400238935340306,""v_apical_mV"":-39.74828428935328,""v_basolateral_mV"":-69.2325332475064,""volume_i_pL"":1.3,""volume_l_pL"":0.10409122124601501}","[""cl_i_mM:outside_[47.1,53.1]"",""k_i_mM:outside_[100,160]""]",False,1.2878587085651816e-13,[],True,True
N_ABS_NKCC_S2_PLOW_KLOW_AE4NA05_P2_H1:B00,N_ABS_NKCC_S2_PLOW_KLOW_AE4NA05_P2_H1,N_ABS_NKCC,2.0,2.0,1.0,H1,PRODUCTION_PRE_REVEAL,True,True,False,2.6042536183101817e-12,7.488801245791876e-15,2.6042536183101817e-16,3.2311742677852644e-26,5.082739784612045e-16,True,True,5.659535340374333e-13,11,0,7.105427357601002e-15,True,"{""cl_i_mM"":44.36699515890518,""cl_l_mM"":145.2556455170375,""k_i_mM"":108.78923953595265,""k_l_mM"":18.300011095582093,""na_i_mM"":9.514094634685838,""na_l_mM"":132.02353269706677,""ph_i"":6.842414659007741,""ph_l"":6.939608902312898,""tic_i_mM"":5.219118734961311,""tic_l_mM"":5.798277066124326,""v_apical_mV"":-38.62318537143906,""v_basolateral_mV"":-70.99846690497475,""volume_i_pL"":1.3000000000000005,""volume_l_pL"":0.10458263782329058}","[""cl_i_mM:outside_[47.1,53.1]"",""na_i_mM:outside_[10,35]""]",False,1.4210854715202004e-14,[],True,True
N_ABS_NKCC_S2_PLOW_KLOW_AE4NA10_P1_H1:B00,N_ABS_NKCC_S2_PLOW_KLOW_AE4NA10_P1_H1,N_ABS_NKCC,2.0,1.0,1.0,H1,PRODUCTION_PRE_REVEAL,True,True,False,6.342582709040201e-12,5.724587470723463e-16,6.342582709040201e-16,3.2311742677852644e-27,1.0061396160665481e-16,True,True,6.342582709040201e-12,11,0,1.7763568394002505e-15,True,"{""cl_i_mM"":38.93130161212229,""cl_l_mM"":144.3243459146069,""k_i_mM"":92.95017078896463,""k_l_mM"":15.334300266266942,""na_i_mM"":20.60191217033812,""na_l_mM"":134.95928896019876,""ph_i"":6.866576181471041,""ph_l"":6.994192883903901,""tic_i_mM"":5.611607084170615,""tic_l_mM"":6.7271437992655745,""v_apical_mV"":-40.951929848464545,""v_basolateral_mV"":-68.94524702279476,""volume_i_pL"":1.3,""volume_l_pL"":0.10389510629584296}","[""cl_i_mM:outside_[47.1,53.1]"",""k_i_mM:outside_[100,160]""]",False,7.105427357601002e-15,[],True,True
N_ABS_NKCC_S2_PLOW_KLOW_AE4NA10_P2_H1:B00,N_ABS_NKCC_S2_PLOW_KLOW_AE4NA10_P2_H1,N_ABS_NKCC,2.0,2.0,1.0,H1,PRODUCTION_PRE_REVEAL,True,True,False,3.4683627497811287e-12,3.0531133177191805e-16,3.4683627497811287e-16,3.554291694563791e-26,4.996003610813204e-16,True,True,8.378714388967978e-12,11,0,2.1316282072803006e-14,True,"{""cl_i_mM"":42.24460941232089,""cl_l_mM"":145.20168785109243,""k_i_mM"":107.09335115141822,""k_l_mM"":17.179703625426452,""na_i_mM"":10.84209397242416,""na_l_mM"":133.141670917217,""ph_i"":6.914054082716161,""ph_l"":6.941625278452376,""tic_i_mM"":6.044581677418111,""tic_l_mM"":5.854086427051567,""v_apical_mV"":-39.88741169282198,""v_basolateral_mV"":-71.91280197030433,""volume_i_pL"":1.3,""volume_l_pL"":0.1045758966569408}","[""cl_i_mM:outside_[47.1,53.1]""]",False,1.4210854715202004e-14,[],True,True
N_ABS_NKCC_S2_PLOW_KLOW_AE4NA20_P1_H1:B00,N_ABS_NKCC_S2_PLOW_KLOW_AE4NA20_P1_H1,N_ABS_NKCC,2.0,1.0,1.0,H1,PRODUCTION_PRE_REVEAL,True,True,False,2.6248534595874062e-12,4.2674197509029455e-16,2.624853459587406e-16,3.2311742677852644e-27,1.0408340855860843e-17,True,True,2.6248534595874062e-12,11,0,1.4210854715202004e-14,True,"{""cl_i_mM"":36.63425405446183,""cl_l_mM"":143.7130170649722,""k_i_mM"":82.24863660497685,""k_l_mM"":13.46595813438807,""na_i_mM"":30.902538887187763,""na_l_mM"":136.80658884410568,""ph_i"":6.935938078858241,""ph_l"":7.020410160350639,""tic_i_mM"":6.620602092391729,""tic_l_mM"":7.343134867160973,""v_apical_mV"":-41.93527824985129,""v_basolateral_mV"":-67.40291828804543,""volume_i_pL"":1.3,""volume_l_pL"":0.10354738543796314}","[""cl_i_mM:outside_[47.1,53.1]"",""k_i_mM:outside_[100,160]""]",False,1.4210854715202004e-14,[],True,True
N_ABS_NKCC_S2_PLOW_KLOW_AE4NA20_P2_H1:B00,N_ABS_NKCC_S2_PLOW_KLOW_AE4NA20_P2_H1,N_ABS_NKCC,2.0,2.0,1.0,H1,PRODUCTION_PRE_REVEAL,True,True,False,1.7629127324614302e-12,1.4260294334267343e-14,1.7629127324614302e-16,1.9387045606711586e-26,2.2985086056692694e-16,True,True,1.7629127324614302e-12,11,0,7.105427357601002e-15,True,"{""cl_i_mM"":39.7967335334537,""cl_l_mM"":145.13358441269975,""k_i_mM"":105.47156129755446,""k_l_mM"":15.9654017555527,""na_i_mM"":12.667692619298709,""na_l_mM"":134.3522293697306,""ph_i"":7.010746730770653,""ph_l"":6.942881969654715,""tic_i_mM"":7.421838781298852,""tic_l_mM"":5.925513967705292,""v_apical_mV"":-41.42545467360617,""v_basolateral_mV"":-73.02117641449675,""volume_i_pL"":1.3,""volume_l_pL"":0.10456699529298837}","[""cl_i_mM:outside_[47.1,53.1]""]",False,2.673417043297377e-13,[],True,True
N_ABS_NKCC_S2_PNOM_KMID_AE4NA05_P0.5_H1:B00,N_ABS_NKCC_S2_PNOM_KMID_AE4NA05_P0.5_H1,N_ABS_NKCC,2.0,0.5,1.0,H1,PRODUCTION_PRE_REVEAL,True,True,False,4.736211423050918e-12,3.6401784364592515e-13,1.5287250632045613e-16,4.8467614016778965e-27,5.204170427930421e-17,True,True,3.487488076103773e-12,11,0,6.163958232718869e-11,True,"{""cl_i_mM"":38.548341537750616,""cl_l_mM"":142.26508775405551,""k_i_mM"":64.86920961201402,""k_l_mM"":13.0544280624407,""na_i_mM"":47.15344999592586,""na_l_mM"":137.19065641366873,""ph_i"":6.809485785385896,""ph_l"":7.093464191217039,""tic_i_mM"":5.232404177171426,""tic_l_mM"":8.784089333566985,""v_apical_mV"":-39.22561432989457,""v_basolateral_mV"":-59.76631672847956,""volume_i_pL"":1.3000000000000245,""volume_l_pL"":0.10281633769162306}","[""cl_i_mM:outside_[47.1,53.1]"",""na_i_mM:outside_[10,35]"",""k_i_mM:outside_[100,160]""]",False,1.376676550535194e-13,[],True,True
N_ABS_NKCC_S2_PNOM_KMID_AE4NA05_P1_H1:B00,N_ABS_NKCC_S2_PNOM_KMID_AE4NA05_P1_H1,N_ABS_NKCC,2.0,1.0,1.0,H1,PRODUCTION_PRE_REVEAL,True,True,False,1.1879603203923672e-11,1.3466658344007953e-14,1.1879603203923672e-15,1.9387045606711586e-26,1.951563910473908e-16,True,True,1.1879603203923672e-11,11,0,2.842170943040401e-14,True,"{""cl_i_mM"":41.36186243738101,""cl_l_mM"":144.53426188752337,""k_i_mM"":99.19825513852456,""k_l_mM"":17.840880600734458,""na_i_mM"":15.49906830202097,""na_l_mM"":132.4661608994785,""ph_i"":6.8137542097675565,""ph_l"":6.987809540876862,""tic_i_mM"":4.993836755419425,""tic_l_mM"":6.51668621071497,""v_apical_mV"":-39.667995685664906,""v_basolateral_mV"":-68.24008138181668,""volume_i_pL"":1.3,""volume_l_pL"":0.1041691781500463}","[""cl_i_mM:outside_[47.1,53.1]"",""k_i_mM:outside_[100,160]""]",False,1.8474111129762605e-13,[],True,True
N_ABS_NKCC_S2_PNOM_KMID_AE4NA05_P2_H1:B00,N_ABS_NKCC_S2_PNOM_KMID_AE4NA05_P2_H1,N_ABS_NKCC,2.0,2.0,1.0,H1,PRODUCTION_PRE_REVEAL,True,True,False,2.852535915809362e-12,3.82951049343605e-15,2.852535915809362e-16,1.9387045606711586e-26,1.1015494072452725e-16,True,True,2.852535915809362e-12,11,0,3.339550858072471e-13,True,"{""cl_i_mM"":44.3654520920121,""cl_l_mM"":145.1379253927913,""k_i_mM"":108.80010202959066,""k_l_mM"":19.530828632674524,""na_i_mM"":9.506588621894677,""na_l_mM"":130.79612615521847,""ph_i"":6.842781687294689,""ph_l"":6.951003026300962,""tic_i_mM"":5.218654489745285,""tic_l_mM"":5.917358819101208,""v_apical_mV"":-38.60433973657657,""v_basolateral_mV"":-69.93183931130429,""volume_i_pL"":1.3,""volume_l_pL"":0.10468395271295149}","[""cl_i_mM:outside_[47.1,53.1]"",""na_i_mM:outside_[10,35]""]",False,2.673417043297377e-13,[],True,True
N_ABS_NKCC_S2_PNOM_KMID_AE4NA10_P1_H1:B00,N_ABS_NKCC_S2_PNOM_KMID_AE4NA10_P1_H1,N_ABS_NKCC,2.0,1.0,1.0,H1,PRODUCTION_PRE_REVEAL,True,True,False,1.2800090848363865e-11,5.290906601729262e-16,1.2800090848363865e-15,1.6155871338926322e-26,3.0704605524789486e-16,True,True,1.5255808769043533e-11,11,0,2.1316282072803006e-14,True,"{""cl_i_mM"":38.923672984203954,""cl_l_mM"":144.21893097141148,""k_i_mM"":92.98762308958595,""k_l_mM"":16.135573367577553,""na_i_mM"":20.561498606587442,""na_l_mM"":134.16104778480138,""ph_i"":6.866922178165956,""ph_l"":7.003033264737592,""tic_i_mM"":5.611159945408449,""tic_l_mM"":6.833668612139205,""v_apical_mV"":-40.94378251801432,""v_basolateral_mV"":-68.08719712006585,""volume_i_pL"":1.3,""volume_l_pL"":0.10398302974540997}","[""cl_i_mM:outside_[47.1,53.1]"",""k_i_mM:outside_[100,160]""]",False,7.105427357601002e-15,[],True,True
N_ABS_NKCC_S2_PNOM_KMID_AE4NA10_P2_H1:B00,N_ABS_NKCC_S2_PNOM_KMID_AE4NA10_P2_H1,N_ABS_NKCC,2.0,2.0,1.0,H1,PRODUCTION_PRE_REVEAL,True,True,False,1.4246416546459528e-11,2.5500435096859064e-16,1.4246416546459528e-15,2.5849394142282115e-26,4.631711680858075e-16,True,True,1.4246416546459528e-11,11,0,7.105427357601002e-15,True,"{""cl_i_mM"":42.10566508540328,""cl_l_mM"":145.09223001776405,""k_i_mM"":106.95350600800603,""k_l_mM"":18.190873509170476,""na_i_mM"":10.836385724416541,""na_l_mM"":132.13458451344513,""ph_i"":6.91399564317913,""ph_l"":6.952522599164812,""tic_i_mM"":6.037956821254324,""tic_l_mM"":5.965175902738955,""v_apical_mV"":-39.97657152360617,""v_basolateral_mV"":-70.97077998845964,""volume_i_pL"":1.3,""volume_l_pL"":0.10469721922319421}","[""cl_i_mM:outside_[47.1,53.1]""]",False,1.4210854715202004e-14,[],True,True
N_ABS_NKCC_S2_PNOM_KMID_AE4NA20_P1_H1:B00,N_ABS_NKCC_S2_PNOM_KMID_AE4NA20_P1_H1,N_ABS_NKCC,2.0,1.0,1.0,H1,PRODUCTION_PRE_REVEAL,True,True,False,1.4075112603206819e-11,4.709774237277031e-16,1.4075112603206819e-15,1.6155871338926322e-26,1.1796119636642288e-16,True,True,1.4075112603206819e-11,11,0,2.1316282072803006e-14,True,"{""cl_i_mM"":36.56135293255999,""cl_l_mM"":143.62153289826364,""k_i_mM"":82.2108869486152,""k_l_mM"":14.017122485643528,""na_i_mM"":30.864991850454395,""na_l_mM"":136.25870921241437,""ph_i"":6.936030538648811,""ph_l"":7.027750782066317,""tic_i_mM"":6.6162791834235595,""tic_l_mM"":7.435765827184939,""v_apical_mV"":-41.99101015924189,""v_basolateral_mV"":-66.70442691092508,""volume_i_pL"":1.3,""volume_l_pL"":0.10364145910494342}","[""cl_i_mM:outside_[47.1,53.1]"",""k_i_mM:outside_[100,160]""]",False,0.0,[],True,True
N_ABS_NKCC_S2_PNOM_KMID_AE4NA20_P2_H1:B00,N_ABS_NKCC_S2_PNOM_KMID_AE4NA20_P2_H1,N_ABS_NKCC,2.0,2.0,1.0,H1,PRODUCTION_PRE_REVEAL,True,True,False,6.5821913891594974e-12,1.6432168126190305e-14,6.582191389159497e-16,9.693522803355793e-27,8.239936510889834e-17,True,True,9.03682510766668e-12,11,0,5.9472426983120386e-12,True,"{""cl_i_mM"":39.52173493207071,""cl_l_mM"":145.0340215500916,""k_i_mM"":105.1796388554793,""k_l_mM"":16.75719824793571,""na_i_mM"":12.660494589609257,""na_l_mM"":133.5653220837257,""ph_i"":7.010180813251331,""ph_l"":6.953203214817556,""tic_i_mM"":7.40426596723044,""tic_l_mM"":6.0270097858978025,""v_apical_mV"":-41.636399632247915,""v_basolateral_mV"":-72.21985939844531,""volume_i_pL"":1.3,""volume_l_pL"":0.10471181847414353}","[""cl_i_mM:outside_[47.1,53.1]""]",False,3.099742684753437e-13,[],True,True
N_ABS_NKCC_S32_PHIGH_KHIGH_AE4NA05_P1_H1:B00,N_ABS_NKCC_S32_PHIGH_KHIGH_AE4NA05_P1_H1,N_ABS_NKCC,32.0,1.0,1.0,H1,DIAGNOSTIC_ONLY_ABSOLUTE_SOURCE_STRESS,False,True,False,4.252240920488148e-12,8.881784197001252e-16,4.2522409204881484e-16,2.261821987449685e-26,2.706168622523819e-16,True,True,4.252240920488148e-12,11,0,2.842170943040401e-14,True,"{""cl_i_mM"":62.61409286351107,""cl_l_mM"":145.94589442567533,""k_i_mM"":113.72775936904154,""k_l_mM"":26.19701391176754,""na_i_mM"":23.309378071820447,""na_l_mM"":124.15713722091806,""ph_i"":6.860503132014156,""ph_l"":6.882403003407073,""tic_i_mM"":5.483567189206226,""tic_l_mM"":5.133632421269001,""v_apical_mV"":-30.862053908807432,""v_basolateral_mV"":-66.09772656791375,""volume_i_pL"":1.3,""volume_l_pL"":0.10577591692274031}","[""cl_i_mM:outside_[47.1,53.1]""]",False,3.552713678800501e-15,[],True,True
N_ABS_NKCC_S32_PHIGH_KHIGH_AE4NA05_P2_H1:B00,N_ABS_NKCC_S32_PHIGH_KHIGH_AE4NA05_P2_H1,N_ABS_NKCC,32.0,2.0,1.0,H1,DIAGNOSTIC_ONLY_ABSOLUTE_SOURCE_STRESS,False,True,False,4.625206467823162e-12,1.1102230246251565e-15,4.625206467823162e-16,6.462348535570529e-27,9.020562075079397e-17,True,True,4.625206467823162e-12,11,0,1.7763568394002505e-15,True,"{""cl_i_mM"":78.18317462874074,""cl_l_mM"":146.99887861742098,""k_i_mM"":142.2038635889962,""k_l_mM"":32.55463034172384,""na_i_mM"":11.638764264930963,""na_l_mM"":117.85937137479728,""ph_i"":6.916978749770312,""ph_l"":6.797009265011563,""tic_i_mM"":5.958686014039459,""tic_l_mM"":4.099852175009569,""v_apical_mV"":-27.21789300101102,""v_basolateral_mV"":-69.27382888943616,""volume_i_pL"":1.3,""volume_l_pL"":0.10745411343639492}","[""cl_i_mM:outside_[47.1,53.1]"",""v_apical_mV:outside_[-80,-30]""]",False,0.0,[],True,True
N_ABS_NKCC_S32_PHIGH_KHIGH_AE4NA10_P1_H1:B00,N_ABS_NKCC_S32_PHIGH_KHIGH_AE4NA10_P1_H1,N_ABS_NKCC,32.0,1.0,1.0,H1,DIAGNOSTIC_ONLY_ABSOLUTE_SOURCE_STRESS,False,True,False,7.538457705291712e-12,2.455154135549975e-14,7.538457705291712e-16,6.462348535570529e-27,9.8879238130678e-17,True,True,7.538457705291712e-12,11,0,6.679101716144942e-12,True,"{""cl_i_mM"":56.548263312562234,""cl_l_mM"":145.39877371561963,""k_i_mM"":98.94933167386444,""k_l_mM"":22.289633467986462,""na_i_mM"":33.18450912298224,""na_l_mM"":128.03734446029824,""ph_i"":6.902883711596916,""ph_l"":6.915249999166853,""tic_i_mM"":6.113606535008653,""tic_l_mM"":5.679714632882905,""v_apical_mV"":-32.68869251245902,""v_basolateral_mV"":-64.92622446506216,""volume_i_pL"":1.3,""volume_l_pL"":0.10517702927188634}","[""cl_i_mM:outside_[47.1,53.1]"",""k_i_mM:outside_[100,160]""]",False,3.632649736573512e-13,[],True,True
N_ABS_NKCC_S32_PHIGH_KHIGH_AE4NA10_P2_H1:B00,N_ABS_NKCC_S32_PHIGH_KHIGH_AE4NA10_P2_H1,N_ABS_NKCC,32.0,2.0,1.0,H1,DIAGNOSTIC_ONLY_ABSOLUTE_SOURCE_STRESS,False,True,False,2.3136874360840665e-12,1.9984014443252818e-15,2.3136874360840665e-16,3.2311742677852644e-27,7.632783294297951e-17,True,True,2.3136874360840665e-12,11,0,5.684341886080802e-14,True,"{""cl_i_mM"":73.61477671731086,""cl_l_mM"":146.9429842489067,""k_i_mM"":137.56283179523336,""k_l_mM"":30.136662586154007,""na_i_mM"":13.59112797494845,""na_l_mM"":120.27195094336278,""ph_i"":6.9867699828771705,""ph_l"":6.798983832348226,""tic_i_mM"":6.920661135469736,""tic_l_mM"":4.157318380791394,""v_apical_mV"":-28.70688580889495,""v_basolateral_mV"":-70.33361217482702,""volume_i_pL"":1.3,""volume_l_pL"":0.10737309866243903}","[""cl_i_mM:outside_[47.1,53.1]"",""v_apical_mV:outside_[-80,-30]""]",False,0.0,[],True,True
N_ABS_NKCC_S32_PHIGH_KHIGH_AE4NA20_P1_H1:B00,N_ABS_NKCC_S32_PHIGH_KHIGH_AE4NA20_P1_H1,N_ABS_NKCC,32.0,1.0,1.0,H1,DIAGNOSTIC_ONLY_ABSOLUTE_SOURCE_STRESS,False,True,False,2.7841227587255268e-11,1.249000902703301e-16,2.784122758725527e-15,6.462348535570529e-27,6.418476861114186e-17,True,True,2.7841227587255268e-11,11,0,1.4210854715202004e-14,True,"{""cl_i_mM"":51.89058663622975,""cl_l_mM"":144.5882604396047,""k_i_mM"":80.18398962593739,""k_l_mM"":18.128879003262714,""na_i_mM"":49.23839890165913,""na_l_mM"":132.1605130802844,""ph_i"":6.966821412377568,""ph_l"":6.954633387274501,""tic_i_mM"":7.250440949058842,""tic_l_mM"":6.494625394195963,""v_apical_mV"":-33.86954856675404,""v_basolateral_mV"":-62.22133366803819,""volume_i_pL"":1.3,""volume_l_pL"":0.10447249545727631}","[""na_i_mM:outside_[10,35]"",""k_i_mM:outside_[100,160]""]",False,0.0,[],True,True
N_ABS_NKCC_S32_PHIGH_KHIGH_AE4NA20_P2_H1:B00,N_ABS_NKCC_S32_PHIGH_KHIGH_AE4NA20_P2_H1,N_ABS_NKCC,32.0,2.0,1.0,H1,DIAGNOSTIC_ONLY_ABSOLUTE_SOURCE_STRESS,False,True,False,4.14815751192954e-12,1.6653345369377348e-16,4.14815751192954e-16,9.693522803355793e-27,9.367506770274758e-17,True,True,2.7582103268031233e-11,11,0,1.4210854715202004e-14,True,"{""cl_i_mM"":68.03474352448356,""cl_l_mM"":146.83725944156046,""k_i_mM"":131.61374100000725,""k_l_mM"":27.331578779786913,""na_i_mM"":16.675964321203228,""na_l_mM"":123.06713071508773,""ph_i"":7.076443400546686,""ph_l"":6.802847429528673,""tic_i_mM"":8.458831585630355,""tic_l_mM"":4.265939434012608,""v_apical_mV"":-30.591680540918965,""v_basolateral_mV"":-71.4214725565859,""volume_i_pL"":1.3,""volume_l_pL"":0.10722433493215895}","[""cl_i_mM:outside_[47.1,53.1]"",""ph_i:outside_[6.77,7.05]""]",False,3.552713678800501e-15,[],True,True
N_ABS_NKCC_S32_PHIGH_KLOW_AE4NA05_P1_H1:B00,N_ABS_NKCC_S32_PHIGH_KLOW_AE4NA05_P1_H1,N_ABS_NKCC,32.0,1.0,1.0,H1,DIAGNOSTIC_ONLY_ABSOLUTE_SOURCE_STRESS,False,True,False,3.2504381131115423e-12,1.5543122344752192e-15,3.2504381131115423e-16,3.2311742677852644e-27,5.898059818321144e-17,True,True,3.2504381131115423e-12,11,0,3.552713678800501e-15,True,"{""cl_i_mM"":62.029567765964664,""cl_l_mM"":146.21051326507265,""k_i_mM"":112.43661837405497,""k_l_mM"":21.200418230398522,""na_i_mM"":23.978946321882255,""na_l_mM"":129.15126979577857,""ph_i"":6.858671417469202,""ph_l"":6.854219980561584,""tic_i_mM"":5.4713461180574825,""tic_l_mM"":4.868545909987881,""v_apical_mV"":-31.305792907327692,""v_basolateral_mV"":-68.90529007803725,""volume_i_pL"":1.3,""volume_l_pL"":0.10571370135934925}","[""cl_i_mM:outside_[47.1,53.1]""]",False,0.0,[],True,True
N_ABS_NKCC_S32_PHIGH_KLOW_AE4NA05_P2_H1:B00,N_ABS_NKCC_S32_PHIGH_KLOW_AE4NA05_P2_H1,N_ABS_NKCC,32.0,2.0,1.0,H1,DIAGNOSTIC_ONLY_ABSOLUTE_SOURCE_STRESS,False,True,False,1.581634129221854e-11,6.661338147750939e-16,1.5816341292218539e-15,2.908056841006738e-26,4.3021142204224816e-16,True,True,1.5916087892087205e-11,11,0,5.684341886080802e-14,True,"{""cl_i_mM"":78.05978034594585,""cl_l_mM"":147.260822137587,""k_i_mM"":142.02320017345255,""k_l_mM"":25.40591962397147,""na_i_mM"":11.679043671954974,""na_l_mM"":125.00105422325122,""ph_i"":6.915979637304594,""ph_l"":6.759105515485535,""tic_i_mM"":5.9560836049778345,""tic_l_mM"":3.8347143007412083,""v_apical_mV"":-27.383638450482277,""v_basolateral_mV"":-72.66770030118373,""volume_i_pL"":1.3,""volume_l_pL"":0.10723711259128012}","[""cl_i_mM:outside_[47.1,53.1]"",""v_apical_mV:outside_[-80,-30]""]",False,1.4210854715202004e-14,[],True,True
N_ABS_NKCC_S32_PHIGH_KLOW_AE4NA10_P1_H1:B00,N_ABS_NKCC_S32_PHIGH_KLOW_AE4NA10_P1_H1,N_ABS_NKCC,32.0,1.0,1.0,H1,DIAGNOSTIC_ONLY_ABSOLUTE_SOURCE_STRESS,False,True,False,8.550018332220688e-12,2.2192317428171293e-14,8.550018332220688e-16,2.261821987449685e-26,2.0469737016526324e-16,True,True,1.1005736252900356e-11,11,0,5.9898752624576446e-12,True,"{""cl_i_mM"":56.08712872741305,""cl_l_mM"":145.6379270479114,""k_i_mM"":97.44081087227046,""k_l_mM"":18.319094407699776,""na_i_mM"":34.196675029532265,""na_l_mM"":132.0062284220069,""ph_i"":6.901145054809182,""ph_l"":6.89256287636027,""tic_i_mM"":6.102582177794631,""tic_l_mM"":5.440763408174705,""v_apical_mV"":-33.08339738677091,""v_basolateral_mV"":-67.19561748180016,""volume_i_pL"":1.3,""volume_l_pL"":0.10514618468344535}","[""cl_i_mM:outside_[47.1,53.1]"",""k_i_mM:outside_[100,160]""]",False,3.268496584496461e-13,[],True,True
N_ABS_NKCC_S32_PHIGH_KLOW_AE4NA10_P2_H1:B00,N_ABS_NKCC_S32_PHIGH_KLOW_AE4NA10_P2_H1,N_ABS_NKCC,32.0,2.0,1.0,H1,DIAGNOSTIC_ONLY_ABSOLUTE_SOURCE_STRESS,False,True,False,5.9696171617051874e-12,3.0531133177191805e-16,5.969617161705187e-16,9.693522803355793e-27,5.898059818321144e-17,True,True,5.9696171617051874e-12,11,0,2.842170943040401e-14,True,"{""cl_i_mM"":73.51840827693258,""cl_l_mM"":147.1808861395564,""k_i_mM"":137.40833489107607,""k_l_mM"":23.487148940662358,""na_i_mM"":13.631626202987833,""na_l_mM"":126.91481150318131,""ph_i"":6.985796653905755,""ph_l"":6.7650475416575455,""tic_i_mM"":6.917140469837681,""tic_l_mM"":3.916418301088897,""v_apical_mV"":-28.844953689315155,""v_basolateral_mV"":-73.37664654830216,""volume_i_pL"":1.3,""volume_l_pL"":0.10716821811054246}","[""cl_i_mM:outside_[47.1,53.1]"",""v_apical_mV:outside_[-80,-30]""]",False,3.552713678800501e-15,[],True,True
N_ABS_NKCC_S32_PHIGH_KLOW_AE4NA20_P1_H1:B00,N_ABS_NKCC_S32_PHIGH_KLOW_AE4NA20_P1_H1,N_ABS_NKCC,32.0,1.0,1.0,H1,DIAGNOSTIC_ONLY_ABSOLUTE_SOURCE_STRESS,False,True,False,2.115278438519219e-12,8.604228440844963e-16,2.1152784385192192e-16,3.554291694563791e-26,4.2847669856627135e-16,True,True,2.9614982341441554e-11,11,0,2.842170943040401e-14,True,"{""cl_i_mM"":51.683575998134025,""cl_l_mM"":144.80312552454365,""k_i_mM"":78.72863624831763,""k_l_mM"":15.235145370044048,""na_i_mM"":50.47426861394589,""na_l_mM"":135.0533348568469,""ph_i"":6.965946440377475,""ph_l"":6.937067878958296,""tic_i_mM"":7.251212806584168,""tic_l_mM"":6.280566276683724,""v_apical_mV"":-34.13445739536909,""v_basolateral_mV"":-63.89365180701535,""volume_i_pL"":1.3,""volume_l_pL"":0.10447024760459322}","[""na_i_mM:outside_[10,35]"",""k_i_mM:outside_[100,160]""]",False,7.105427357601002e-15,[],True,True
N_ABS_NKCC_S32_PHIGH_KLOW_AE4NA20_P2_H1:B00,N_ABS_NKCC_S32_PHIGH_KLOW_AE4NA20_P2_H1,N_ABS_NKCC,32.0,2.0,1.0,H1,DIAGNOSTIC_ONLY_ABSOLUTE_SOURCE_STRESS,False,True,False,1.0050554138940626e-11,4.1411665763213534e-13,1.0050554138940626e-15,1.6155871338926322e-26,2.0383000842727483e-16,True,True,7.593752016088473e-12,11,0,1.4210854715202004e-14,True,"{""cl_i_mM"":67.9595994044586,""cl_l_mM"":147.04797919882424,""k_i_mM"":131.47517844173342,""k_l_mM"":21.29988666967901,""na_i_mM"":16.72113599616277,""na_l_mM"":129.0926909034915,""ph_i"":7.075512667940552,""ph_l"":6.773579182762859,""tic_i_mM"":8.45397097162011,""tic_l_mM"":4.052507635315157,""v_apical_mV"":-30.703028599305355,""v_basolateral_mV"":-74.05750666376265,""volume_i_pL"":1.3000000000000398,""volume_l_pL"":0.10703659226602741}","[""cl_i_mM:outside_[47.1,53.1]"",""ph_i:outside_[6.77,7.05]""]",False,7.105427357601002e-15,[],True,True
N_ABS_NKCC_S32_PLOW_KHIGH_AE4NA05_P1_H1:B00,N_ABS_NKCC_S32_PLOW_KHIGH_AE4NA05_P1_H1,N_ABS_NKCC,32.0,1.0,1.0,H1,DIAGNOSTIC_ONLY_ABSOLUTE_SOURCE_STRESS,False,True,False,9.061761757633846e-12,3.5995512126518747e-16,9.061761757633846e-16,2.5849394142282115e-26,3.5388358909926865e-16,True,True,6.607128039126664e-12,11,0,3.197442310920451e-14,True,"{""cl_i_mM"":63.00825924681237,""cl_l_mM"":145.95112220280024,""k_i_mM"":114.55437756765293,""k_l_mM"":27.50381737963921,""na_i_mM"":22.892850823954703,""na_l_mM"":122.8442564825785,""ph_i"":6.861007340450794,""ph_l"":6.879433329829199,""tic_i_mM"":5.493643711763231,""tic_l_mM"":5.125459641531788,""v_apical_mV"":-30.55794830942859,""v_basolateral_mV"":-66.21231834820807,""volume_i_pL"":1.3,""volume_l_pL"":0.10558438903232852}","[""cl_i_mM:outside_[47.1,53.1]""]",False,3.552713678800501e-15,[],True,True
N_ABS_NKCC_S32_PLOW_KHIGH_AE4NA05_P2_H1:B00,N_ABS_NKCC_S32_PLOW_KHIGH_AE4NA05_P2_H1,N_ABS_NKCC,32.0,2.0,1.0,H1,DIAGNOSTIC_ONLY_ABSOLUTE_SOURCE_STRESS,False,True,False,1.1447006537101956e-11,1.2824984130244133e-13,1.1447006537101956e-15,2.261821987449685e-26,2.8275992658421956e-16,True,True,1.1447006537101956e-11,11,0,2.842170943040401e-14,True,"{""cl_i_mM"":78.45943516843121,""cl_l_mM"":146.99068720968742,""k_i_mM"":142.5684191987954,""k_l_mM"":34.32719296970962,""na_i_mM"":11.558681036315557,""na_l_mM"":116.07835967517387,""ph_i"":6.916946627207,""ph_l"":6.794213507344238,""tic_i_mM"":5.968690667633712,""tic_l_mM"":4.1039823371406685,""v_apical_mV"":-26.911120939642615,""v_basolateral_mV"":-69.31970475156261,""volume_i_pL"":1.3000000000000054,""volume_l_pL"":0.10718854015479874}","[""cl_i_mM:outside_[47.1,53.1]"",""v_apical_mV:outside_[-80,-30]""]",False,0.0,[],True,True
N_ABS_NKCC_S32_PLOW_KHIGH_AE4NA10_P1_H1:B00,N_ABS_NKCC_S32_PLOW_KHIGH_AE4NA10_P1_H1,N_ABS_NKCC,32.0,1.0,1.0,H1,DIAGNOSTIC_ONLY_ABSOLUTE_SOURCE_STRESS,False,True,False,4.058168731613243e-12,2.3083965294823372e-14,4.058168731613243e-16,3.2311742677852644e-27,8.847089727481716e-17,True,True,5.423179266772493e-12,11,0,1.4210854715202004e-14,True,"{""cl_i_mM"":56.89874329231393,""cl_l_mM"":145.4079102305259,""k_i_mM"":100.01775563278845,""k_l_mM"":23.53331207781041,""na_i_mM"":32.48501283637893,""na_l_mM"":126.78731390835968,""ph_i"":6.903503673697228,""ph_l"":6.912070389728389,""tic_i_mM"":6.124345853203276,""tic_l_mM"":5.667404949133914,""v_apical_mV"":-32.38550744208123,""v_basolateral_mV"":-65.12132531126468,""volume_i_pL"":1.3000000000000003,""volume_l_pL"":0.10497482696750118}","[""cl_i_mM:outside_[47.1,53.1]""]",False,3.1441516057384433e-13,[],True,True
N_ABS_NKCC_S32_PLOW_KHIGH_AE4NA10_P2_H1:B00,N_ABS_NKCC_S32_PLOW_KHIGH_AE4NA10_P2_H1,N_ABS_NKCC,32.0,2.0,1.0,H1,DIAGNOSTIC_ONLY_ABSOLUTE_SOURCE_STRESS,False,True,False,3.1777965675550135e-11,6.661338147750939e-16,3.1777965675550135e-15,6.462348535570529e-27,1.457167719820518e-16,True,True,4.865899350114944e-12,11,0,5.3290705182007514e-14,True,"{""cl_i_mM"":73.9319436157617,""cl_l_mM"":146.93410179861354,""k_i_mM"":138.01568319569375,""k_l_mM"":32.09493424304435,""na_i_mM"":13.473465368045025,""na_l_mM"":118.30366766787463,""ph_i"":6.986977139708818,""ph_l"":6.795590473468706,""tic_i_mM"":6.937522524615912,""tic_l_mM"":4.161409620289181,""v_apical_mV"":-28.342011241510395,""v_basolateral_mV"":-70.40068311713526,""volume_i_pL"":1.3,""volume_l_pL"":0.10705885915089015}","[""cl_i_mM:outside_[47.1,53.1]"",""v_apical_mV:outside_[-80,-30]""]",False,3.552713678800501e-15,[],True,True
N_ABS_NKCC_S32_PLOW_KHIGH_AE4NA20_P1_H1:B00,N_ABS_NKCC_S32_PLOW_KHIGH_AE4NA20_P1_H1,N_ABS_NKCC,32.0,1.0,1.0,H1,DIAGNOSTIC_ONLY_ABSOLUTE_SOURCE_STRESS,False,True,False,1.332484469984685e-11,3.608224830031759e-16,1.332484469984685e-15,3.2311742677852644e-26,3.5301622736128024e-16,True,True,1.332484469984685e-11,11,0,3.907985046680551e-14,True,"{""cl_i_mM"":52.086175907399245,""cl_l_mM"":144.59436437007747,""k_i_mM"":81.3879966039084,""k_l_mM"":19.207264559706992,""na_i_mM"":48.235263188717546,""na_l_mM"":131.07554276759706,""ph_i"":6.9669913533004255,""ph_l"":6.951945911035531,""tic_i_mM"":7.25353741679462,""tic_l_mM"":6.485122720072422,""v_apical_mV"":-33.626466079464414,""v_basolateral_mV"":-62.52482801356073,""volume_i_pL"":1.3,""volume_l_pL"":0.10426056231619339}","[""na_i_mM:outside_[10,35]"",""k_i_mM:outside_[100,160]""]",False,1.4210854715202004e-14,[],True,True
N_ABS_NKCC_S32_PLOW_KHIGH_AE4NA20_P2_H1:B00,N_ABS_NKCC_S32_PLOW_KHIGH_AE4NA20_P2_H1,N_ABS_NKCC,32.0,2.0,1.0,H1,DIAGNOSTIC_ONLY_ABSOLUTE_SOURCE_STRESS,False,True,False,3.943893822633271e-11,3.608224830031759e-15,3.943893822633271e-15,1.6155871338926322e-26,2.411265631607762e-16,True,True,5.2518753235197835e-12,11,0,2.842170943040401e-14,True,"{""cl_i_mM"":68.4074680148164,""cl_l_mM"":146.82903926358063,""k_i_mM"":132.22103123744193,""k_l_mM"":29.43684856012899,""na_i_mM"":16.479165513458113,""na_l_mM"":120.95023576687782,""ph_i"":7.077121417654031,""ph_l"":6.798712651637179,""tic_i_mM"":8.48941137164406,""tic_l_mM"":4.268621282123878,""v_apical_mV"":-30.1592868476519,""v_basolateral_mV"":-71.52428740455423,""volume_i_pL"":1.3,""volume_l_pL"":0.10685998234780358}","[""cl_i_mM:outside_[47.1,53.1]"",""ph_i:outside_[6.77,7.05]""]",False,3.552713678800501e-15,[],True,True
N_ABS_NKCC_S32_PLOW_KLOW_AE4NA05_P1_H1:B00,N_ABS_NKCC_S32_PLOW_KLOW_AE4NA05_P1_H1,N_ABS_NKCC,32.0,1.0,1.0,H1,DIAGNOSTIC_ONLY_ABSOLUTE_SOURCE_STRESS,False,True,False,4.0354004859910475e-12,8.326672684688674e-16,4.0354004859910475e-16,1.2924697071141057e-26,1.0408340855860843e-16,True,True,1.4311468676808659e-12,11,0,1.7763568394002505e-15,True,"{""cl_i_mM"":62.377785026949965,""cl_l_mM"":146.22052412738884,""k_i_mM"":113.18456234530834,""k_l_mM"":22.689163745648074,""na_i_mM"":23.592521664065558,""na_l_mM"":127.65696493388612,""ph_i"":6.859081535475609,""ph_l"":6.850889668781832,""tic_i_mM"":5.479961166743916,""tic_l_mM"":4.8558473361370265,""v_apical_mV"":-31.03487769816456,""v_basolateral_mV"":-69.04798475433219,""volume_i_pL"":1.3,""volume_l_pL"":0.10553862999531588}","[""cl_i_mM:outside_[47.1,53.1]""]",False,1.4210854715202004e-14,[],True,True
N_ABS_NKCC_S32_PLOW_KLOW_AE4NA05_P2_H1:B00,N_ABS_NKCC_S32_PLOW_KLOW_AE4NA05_P2_H1,N_ABS_NKCC,32.0,2.0,1.0,H1,DIAGNOSTIC_ONLY_ABSOLUTE_SOURCE_STRESS,False,True,False,6.570265165262157e-12,3.0531133177191805e-16,6.570265165262157e-16,1.9387045606711586e-26,2.393918396847994e-16,True,True,6.570265165262157e-12,11,0,1.4210854715202004e-14,True,"{""cl_i_mM"":78.2973669351934,""cl_l_mM"":147.25835008774564,""k_i_mM"":142.3358211105951,""k_l_mM"":27.413489024286704,""na_i_mM"":11.610560833189885,""na_l_mM"":122.98590212568966,""ph_i"":6.915915425644215,""ph_l"":6.755912510100559,""tic_i_mM"":5.96472339593058,""tic_l_mM"":3.8335756296599266,""v_apical_mV"":-27.11545785375895,""v_basolateral_mV"":-72.74516976793221,""volume_i_pL"":1.3,""volume_l_pL"":0.10699949489235498}","[""cl_i_mM:outside_[47.1,53.1]"",""v_apical_mV:outside_[-80,-30]""]",False,1.4210854715202004e-14,[],True,True
N_ABS_NKCC_S32_PLOW_KLOW_AE4NA10_P1_H1:B00,N_ABS_NKCC_S32_PLOW_KLOW_AE4NA10_P1_H1,N_ABS_NKCC,32.0,1.0,1.0,H1,DIAGNOSTIC_ONLY_ABSOLUTE_SOURCE_STRESS,False,True,False,9.81094545882133e-12,2.74051614734816e-14,9.81094545882133e-16,2.5849394142282115e-26,1.2836953722228372e-16,True,True,9.81094545882133e-12,11,0,0.0,True,"{""cl_i_mM"":56.39320549922249,""cl_l_mM"":145.65217001976373,""k_i_mM"":98.41072463395886,""k_l_mM"":19.752698939468605,""na_i_mM"":33.547374295337924,""na_l_mM"":130.56677334420826,""ph_i"":6.901621639592878,""ph_l"":6.889031245014717,""tic_i_mM"":6.111255775170124,""tic_l_mM"":5.4236015908807635,""v_apical_mV"":-32.814365918916614,""v_basolateral_mV"":-67.41646015316245,""volume_i_pL"":1.3,""volume_l_pL"":0.10496002505008187}","[""cl_i_mM:outside_[47.1,53.1]"",""k_i_mM:outside_[100,160]""]",False,3.7925218521195347e-13,[],True,True
N_ABS_NKCC_S32_PLOW_KLOW_AE4NA10_P2_H1:B00,N_ABS_NKCC_S32_PLOW_KLOW_AE4NA10_P2_H1,N_ABS_NKCC,32.0,2.0,1.0,H1,DIAGNOSTIC_ONLY_ABSOLUTE_SOURCE_STRESS,False,True,False,4.605690828718423e-12,3.0531133177191805e-15,4.605690828718423e-16,1.9387045606711586e-26,1.6653345369377348e-16,True,True,4.605690828718423e-12,11,0,8.526512829121202e-14,True,"{""cl_i_mM"":73.79350349662403,""cl_l_mM"":147.17838720558495,""k_i_mM"":137.8001326959899,""k_l_mM"":25.714685768988186,""na_i_mM"":13.529975109078508,""na_l_mM"":124.67825519376976,""ph_i"":6.985936637422821,""ph_l"":6.7612294736693075,""tic_i_mM"":6.93178256306786,""tic_l_mM"":3.9146395307578303,""v_apical_mV"":-28.524201379275393,""v_basolateral_mV"":-73.4781381827917,""volume_i_pL"":1.3,""volume_l_pL"":0.10688594092350115}","[""cl_i_mM:outside_[47.1,53.1]"",""v_apical_mV:outside_[-80,-30]""]",False,3.552713678800501e-15,[],True,True
N_ABS_NKCC_S32_PLOW_KLOW_AE4NA20_P1_H1:B00,N_ABS_NKCC_S32_PLOW_KLOW_AE4NA20_P1_H1,N_ABS_NKCC,32.0,1.0,1.0,H1,DIAGNOSTIC_ONLY_ABSOLUTE_SOURCE_STRESS,False,True,False,1.2766480581016815e-11,1.3322676295501878e-15,1.2766480581016815e-15,2.5849394142282115e-26,4.0592529337857286e-16,True,True,1.2766480581016815e-11,11,0,1.7763568394002505e-15,True,"{""cl_i_mM"":51.84982585537491,""cl_l_mM"":144.8156053163311,""k_i_mM"":79.82586016228234,""k_l_mM"":16.514807150756567,""na_i_mM"":49.545028098977205,""na_l_mM"":133.7675560623522,""ph_i"":6.965991701371376,""ph_l"":6.933998168483902,""tic_i_mM"":7.252408692938308,""tic_l_mM"":6.264934945829954,""v_apical_mV"":-33.919977403840164,""v_basolateral_mV"":-64.2169750657859,""volume_i_pL"":1.3,""volume_l_pL"":0.1042734916032561}","[""na_i_mM:outside_[10,35]"",""k_i_mM:outside_[100,160]""]",False,1.4210854715202004e-14,[],True,True
N_ABS_NKCC_S32_PLOW_KLOW_AE4NA20_P2_H1:B00,N_ABS_NKCC_S32_PLOW_KLOW_AE4NA20_P2_H1,N_ABS_NKCC,32.0,2.0,1.0,H1,DIAGNOSTIC_ONLY_ABSOLUTE_SOURCE_STRESS,False,True,False,1.14361645153771e-11,6.938893903907228e-16,1.14361645153771e-15,5.169878828456423e-26,3.226585665316861e-16,True,True,8.981530796869919e-12,11,0,1.6697754290362354e-13,True,"{""cl_i_mM"":68.28637079818066,""cl_l_mM"":147.04660337703473,""k_i_mM"":132.00676180325547,""k_l_mM"":23.70674245903181,""na_i_mM"":16.54881734305827,""na_l_mM"":126.6752980254929,""ph_i"":7.076066313055412,""ph_l"":6.769006863979788,""tic_i_mM"":8.480772021041174,""tic_l_mM"":4.048906604299647,""v_apical_mV"":-30.320017772483045,""v_basolateral_mV"":-74.19644277955298,""volume_i_pL"":1.3,""volume_l_pL"":0.10670725702515935}","[""cl_i_mM:outside_[47.1,53.1]"",""ph_i:outside_[6.77,7.05]""]",False,2.842170943040401e-14,[],True,True
N_ABS_NKCC_S32_PNOM_KMID_AE4NA05_P1_H1:B00,N_ABS_NKCC_S32_PNOM_KMID_AE4NA05_P1_H1,N_ABS_NKCC,32.0,1.0,1.0,H1,DIAGNOSTIC_ONLY_ABSOLUTE_SOURCE_STRESS,False,True,False,3.759362612876238e-11,1.2630521628587132e-14,3.759362612876238e-15,9.693522803355793e-27,1.700029006457271e-16,True,True,5.865533753146579e-12,11,0,1.4210854715202004e-14,True,"{""cl_i_mM"":62.394668155902245,""cl_l_mM"":146.09690918639458,""k_i_mM"":113.23582916287867,""k_l_mM"":24.716459793531193,""na_i_mM"":23.564813981639137,""na_l_mM"":125.63431012606893,""ph_i"":6.8595736307496455,""ph_l"":6.865719492249623,""tic_i_mM"":5.479398938674411,""tic_l_mM"":4.981398724958346,""v_apical_mV"":-31.019147814625164,""v_basolateral_mV"":-67.71135203598395,""volume_i_pL"":1.3000000000000003,""volume_l_pL"":0.10567826339753274}","[""cl_i_mM:outside_[47.1,53.1]""]",False,3.552713678800501e-15,[],True,True
N_ABS_NKCC_S32_PNOM_KMID_AE4NA05_P2_H1:B00,N_ABS_NKCC_S32_PNOM_KMID_AE4NA05_P2_H1,N_ABS_NKCC,32.0,2.0,1.0,H1,DIAGNOSTIC_ONLY_ABSOLUTE_SOURCE_STRESS,False,True,False,1.1709383462843448e-11,3.885780586188048e-16,1.1709383462843448e-15,9.693522803355793e-27,1.8041124150158794e-16,True,True,1.7564075194265172e-11,11,0,5.684341886080802e-14,True,"{""cl_i_mM"":78.1630389436616,""cl_l_mM"":147.14548929654055,""k_i_mM"":142.16430119221062,""k_l_mM"":30.426864619065412,""na_i_mM"":11.649259507455659,""na_l_mM"":119.98115180033383,""ph_i"":6.916353543762505,""ph_l"":6.775209387447027,""tic_i_mM"":5.959016357604702,""tic_l_mM"":3.950471966964069,""v_apical_mV"":-27.2430246475685,""v_basolateral_mV"":-71.19273396230734,""volume_i_pL"":1.3,""volume_l_pL"":0.10726826300281397}","[""cl_i_mM:outside_[47.1,53.1]"",""v_apical_mV:outside_[-80,-30]""]",False,3.552713678800501e-15,[],True,True
N_ABS_NKCC_S32_PNOM_KMID_AE4NA10_P1_H1:B00,N_ABS_NKCC_S32_PNOM_KMID_AE4NA10_P1_H1,N_ABS_NKCC,32.0,1.0,1.0,H1,DIAGNOSTIC_ONLY_ABSOLUTE_SOURCE_STRESS,False,True,False,1.075636975322869e-11,2.800711051964555e-14,1.075636975322869e-15,6.462348535570529e-27,1.3704315460216776e-16,True,True,1.6062455185372748e-11,11,0,7.620570841027074e-12,True,"{""cl_i_mM"":56.40773057779889,""cl_l_mM"":145.53755463370356,""k_i_mM"":98.4779204685315,""k_l_mM"":21.23731745660771,""na_i_mM"":33.500884142480075,""na_l_mM"":129.08629782129202,""ph_i"":6.902070502105354,""ph_l"":6.901317082354107,""tic_i_mM"":6.1107315466801175,""tic_l_mM"":5.539843149763006,""v_apical_mV"":-32.80119338890205,""v_basolateral_mV"":-66.278821452536,""volume_i_pL"":1.3,""volume_l_pL"":0.10508249489595456}","[""cl_i_mM:outside_[47.1,53.1]"",""k_i_mM:outside_[100,160]""]",False,4.1744385725905886e-13,[],True,True
N_ABS_NKCC_S32_PNOM_KMID_AE4NA10_P2_H1:B00,N_ABS_NKCC_S32_PNOM_KMID_AE4NA10_P2_H1,N_ABS_NKCC,32.0,2.0,1.0,H1,DIAGNOSTIC_ONLY_ABSOLUTE_SOURCE_STRESS,False,True,False,5.32993787993874e-12,3.885780586188048e-16,5.32993787993874e-16,1.9387045606711586e-26,2.229119666630197e-16,True,True,5.32993787993874e-12,11,0,3.907985046680551e-14,True,"{""cl_i_mM"":73.63830747241911,""cl_l_mM"":147.07569787184337,""k_i_mM"":137.5838027958404,""k_l_mM"":28.34643601168324,""na_i_mM"":13.58728900642778,""na_l_mM"":122.05547848279575,""ph_i"":6.986215651975039,""ph_l"":6.778976734870372,""tic_i_mM"":6.922769084107846,""tic_l_mM"":4.021508516983782,""v_apical_mV"":-28.682843279488466,""v_basolateral_mV"":-72.0697040173656,""volume_i_pL"":1.3,""volume_l_pL"":0.10716516120431546}","[""cl_i_mM:outside_[47.1,53.1]"",""v_apical_mV:outside_[-80,-30]""]",False,7.105427357601002e-15,[],True,True
N_ABS_NKCC_S32_PNOM_KMID_AE4NA20_P1_H1:B00,N_ABS_NKCC_S32_PNOM_KMID_AE4NA20_P1_H1,N_ABS_NKCC,32.0,1.0,1.0,H1,DIAGNOSTIC_ONLY_ABSOLUTE_SOURCE_STRESS,False,True,False,9.02706728811431e-12,1.9480944635219544e-14,9.02706728811431e-16,1.9387045606711586e-26,3.434752482434078e-16,True,True,1.1482785208793977e-11,11,0,9.64917035162216e-12,True,"{""cl_i_mM"":51.847832561061246,""cl_l_mM"":144.71317535583168,""k_i_mM"":79.85269548803026,""k_l_mM"":17.480527411886346,""na_i_mM"":49.52046546988592,""na_l_mM"":132.80556018619012,""ph_i"":6.966337820892206,""ph_l"":6.943567029912828,""tic_i_mM"":7.251344495101883,""tic_l_mM"":6.3687306708463565,""v_apical_mV"":-33.92055726801483,""v_basolateral_mV"":-63.29659387211892,""volume_i_pL"":1.3000000000000023,""volume_l_pL"":0.10438154703274938}","[""na_i_mM:outside_[10,35]"",""k_i_mM:outside_[100,160]""]",False,7.105427357601002e-15,[],True,True
N_ABS_NKCC_S32_PNOM_KMID_AE4NA20_P2_H1:B00,N_ABS_NKCC_S32_PNOM_KMID_AE4NA20_P2_H1,N_ABS_NKCC,32.0,2.0,1.0,H1,DIAGNOSTIC_ONLY_ABSOLUTE_SOURCE_STRESS,False,True,False,3.6125616387217008e-12,1.4432899320127035e-15,3.612561638721701e-16,2.261821987449685e-26,2.0990154059319366e-16,True,True,3.6125616387217008e-12,11,0,1.4210854715202004e-14,True,"{""cl_i_mM"":68.10467218714192,""cl_l_mM"":146.95475538154827,""k_i_mM"":131.71547073734763,""k_l_mM"":25.907102852848038,""na_i_mM"":16.64434506615056,""na_l_mM"":124.48418655304391,""ph_i"":7.076068606310764,""ph_l"":6.784949538769755,""tic_i_mM"":8.465193587893564,""tic_l_mM"":4.145033334687189,""v_apical_mV"":-30.513255545445716,""v_basolateral_mV"":-72.94973685128248,""volume_i_pL"":1.3,""volume_l_pL"":0.10699442672665803}","[""cl_i_mM:outside_[47.1,53.1]"",""ph_i:outside_[6.77,7.05]""]",False,1.4210854715202004e-14,[],True,True
N_ABS_NKCC_S4_PHIGH_KHIGH_AE4NA05_P0.5_H1:B00,N_ABS_NKCC_S4_PHIGH_KHIGH_AE4NA05_P0.5_H1,N_ABS_NKCC,4.0,0.5,1.0,H1,PRODUCTION_PRE_REVEAL,True,True,False,5.786386994555137e-12,1.3877787807814457e-16,5.786386994555137e-16,1.6155871338926322e-26,2.0556473190325164e-16,True,True,1.0697822835914472e-11,11,0,4.263256414560601e-14,True,"{""cl_i_mM"":45.077290102395274,""cl_l_mM"":142.51987374712274,""k_i_mM"":61.23925124192217,""k_l_mM"":14.382876972108601,""na_i_mM"":58.111818538940696,""na_l_mM"":135.86148589027997,""ph_i"":6.840431459305065,""ph_l"":7.073630654694059,""tic_i_mM"":5.651520109217384,""tic_l_mM"":8.53969990618576,""v_apical_mV"":-35.320809878042986,""v_basolateral_mV"":-56.39518437497979,""volume_i_pL"":1.3,""volume_l_pL"":0.10302172087203029}","[""cl_i_mM:outside_[47.1,53.1]"",""na_i_mM:outside_[10,35]"",""k_i_mM:outside_[100,160]""]",False,7.105427357601002e-15,[],True,True
N_ABS_NKCC_S4_PHIGH_KHIGH_AE4NA05_P1_H1:B00,N_ABS_NKCC_S4_PHIGH_KHIGH_AE4NA05_P1_H1,N_ABS_NKCC,4.0,1.0,1.0,H1,PRODUCTION_PRE_REVEAL,True,True,True,4.228388472693467e-12,3.7470027081099033e-16,4.2283884726934673e-16,2.5849394142282115e-26,3.8510861166685117e-16,True,True,4.228388472693467e-12,11,0,1.4210854715202004e-14,True,"{""cl_i_mM"":51.727764048467556,""cl_l_mM"":145.29487920067712,""k_i_mM"":107.07327379549376,""k_l_mM"":22.471137807901556,""na_i_mM"":18.603414600683543,""na_l_mM"":127.8618984676637,""ph_i"":6.840856842478318,""ph_l"":6.93584257518408,""tic_i_mM"":5.260513058557183,""tic_l_mM"":5.7706194129000155,""v_apical_mV"":-34.87423691292624,""v_basolateral_mV"":-66.58957015065715,""volume_i_pL"":1.3,""volume_l_pL"":0.10502988741068876}",[],True,1.4210854715202004e-14,[],True,True
N_ABS_NKCC_S4_PHIGH_KHIGH_AE4NA05_P2_H1:B00,N_ABS_NKCC_S4_PHIGH_KHIGH_AE4NA05_P2_H1,N_ABS_NKCC,4.0,2.0,1.0,H1,PRODUCTION_PRE_REVEAL,True,True,False,7.446300520630444e-12,2.0296264668928643e-16,7.446300520630444e-16,9.693522803355793e-27,1.0581813203458523e-16,True,True,7.446300520630444e-12,11,0,1.7763568394002505e-15,True,"{""cl_i_mM"":59.34775349116905,""cl_l_mM"":146.11762068355443,""k_i_mM"":123.71881131067954,""k_l_mM"":26.18470751203937,""na_i_mM"":10.476128053664366,""na_l_mM"":124.18458053266221,""ph_i"":6.8825935428683875,""ph_l"":6.878144580777583,""tic_i_mM"":5.602792108551046,""tic_l_mM"":4.9582113206250655,""v_apical_mV"":-32.62326130037938,""v_basolateral_mV"":-68.77585826258823,""volume_i_pL"":1.3,""volume_l_pL"":0.10601881307165154}","[""cl_i_mM:outside_[47.1,53.1]""]",False,0.0,[],True,True
N_ABS_NKCC_S4_PHIGH_KHIGH_AE4NA10_P1_H1:B00,N_ABS_NKCC_S4_PHIGH_KHIGH_AE4NA10_P1_H1,N_ABS_NKCC,4.0,1.0,1.0,H1,PRODUCTION_PRE_REVEAL,True,True,False,1.2482419611825613e-11,3.0531133177191805e-16,1.2482419611825613e-15,2.5849394142282115e-26,2.914335439641036e-16,True,True,1.2482419611825613e-11,11,0,7.105427357601002e-15,True,"{""cl_i_mM"":47.57035782040497,""cl_l_mM"":144.86001028623392,""k_i_mM"":96.89455585935055,""k_l_mM"":19.608308658307838,""na_i_mM"":25.832416636522524,""na_l_mM"":130.70685455100838,""ph_i"":6.887723089920671,""ph_l"":6.959430572465707,""tic_i_mM"":5.8753177383474275,""tic_l_mM"":6.206007190344173,""v_apical_mV"":-36.51702687007635,""v_basolateral_mV"":-66.0745329771508,""volume_i_pL"":1.3,""volume_l_pL"":0.1046614864646838}","[""k_i_mM:outside_[100,160]""]",False,0.0,[],True,True
N_ABS_NKCC_S4_PHIGH_KHIGH_AE4NA10_P2_H1:B00,N_ABS_NKCC_S4_PHIGH_KHIGH_AE4NA10_P2_H1,N_ABS_NKCC,4.0,2.0,1.0,H1,PRODUCTION_PRE_REVEAL,True,True,False,2.093160714200515e-11,1.5822412824384458e-14,2.093160714200515e-15,6.462348535570529e-27,4.2500725161431774e-17,True,True,2.093160714200515e-11,11,0,1.7763568394002505e-15,True,"{""cl_i_mM"":56.09658487944956,""cl_l_mM"":146.0780935843963,""k_i_mM"":120.69094403782775,""k_l_mM"":24.210211553011238,""na_i_mM"":12.07157637313026,""na_l_mM"":126.15669995302119,""ph_i"":6.953273172373252,""ph_l"":6.879044925800863,""tic_i_mM"":6.495949235042878,""tic_l_mM"":5.000050751960303,""v_apical_mV"":-34.093506527068605,""v_basolateral_mV"":-69.92958999400142,""volume_i_pL"":1.3000000000000016,""volume_l_pL"":0.10601745007433801}","[""cl_i_mM:outside_[47.1,53.1]""]",False,0.0,[],True,True
N_ABS_NKCC_S4_PHIGH_KHIGH_AE4NA20_P1_H1:B00,N_ABS_NKCC_S4_PHIGH_KHIGH_AE4NA20_P1_H1,N_ABS_NKCC,4.0,1.0,1.0,H1,PRODUCTION_PRE_REVEAL,True,True,False,5.797229016279992e-12,2.0556473190325164e-16,5.797229016279992e-16,3.2311742677852644e-27,6.678685382510707e-17,True,True,3.3415110956003247e-12,11,0,2.842170943040401e-14,True,"{""cl_i_mM"":43.89531870651059,""cl_l_mM"":144.12272077342618,""k_i_mM"":81.62398663468782,""k_l_mM"":16.295060799995216,""na_i_mM"":39.29753708910908,""na_l_mM"":133.9903011756358,""ph_i"":6.952216220633126,""ph_l"":6.992732008439546,""tic_i_mM"":6.924554614486477,""tic_l_mM"":6.947757143635229,""v_apical_mV"":-37.76701944888444,""v_basolateral_mV"":-64.07400763518821,""volume_i_pL"":1.3,""volume_l_pL"":0.10412354346294085}","[""cl_i_mM:outside_[47.1,53.1]"",""na_i_mM:outside_[10,35]"",""k_i_mM:outside_[100,160]""]",False,1.4210854715202004e-14,[],True,True
N_ABS_NKCC_S4_PHIGH_KHIGH_AE4NA20_P2_H1:B00,N_ABS_NKCC_S4_PHIGH_KHIGH_AE4NA20_P2_H1,N_ABS_NKCC,4.0,2.0,1.0,H1,PRODUCTION_PRE_REVEAL,True,True,True,1.2984405217686401e-11,3.7470027081099033e-16,1.2984405217686401e-15,6.462348535570529e-27,9.71445146547012e-17,True,True,1.5441207340538554e-11,11,0,1.4210854715202004e-14,True,"{""cl_i_mM"":52.30555987274908,""cl_l_mM"":146.01121731489613,""k_i_mM"":117.25346909672912,""k_l_mM"":22.043492179818998,""na_i_mM"":14.41423310273199,""na_l_mM"":128.3185880529636,""ph_i"":7.046777296541653,""ph_l"":6.879978559308944,""tic_i_mM"":7.959285563756632,""tic_l_mM"":5.070825877192134,""v_apical_mV"":-35.891172288448885,""v_basolateral_mV"":-71.23257578708805,""volume_i_pL"":1.3,""volume_l_pL"":0.10599765639721886}",[],True,0.0,[],True,True
N_ABS_NKCC_S4_PHIGH_KLOW_AE4NA05_P1_H1:B00,N_ABS_NKCC_S4_PHIGH_KLOW_AE4NA05_P1_H1,N_ABS_NKCC,4.0,1.0,1.0,H1,PRODUCTION_PRE_REVEAL,True,True,True,4.822531263215524e-12,6.106226635438361e-16,4.822531263215524e-16,2.261821987449685e-26,4.198030811863873e-16,True,True,3.3989738107420564e-12,11,0,1.4210854715202004e-14,True,"{""cl_i_mM"":51.0172208230514,""cl_l_mM"":145.55298395608276,""k_i_mM"":105.93491592621889,""k_l_mM"":18.553894280885828,""na_i_mM"":18.98139711993734,""na_l_mM"":131.77847623554823,""ph_i"":6.838597585025212,""ph_l"":6.912653628961993,""tic_i_mM"":5.240131322026218,""tic_l_mM"":5.512603391898992,""v_apical_mV"":-35.445078244436594,""v_basolateral_mV"":-69.09331965733881,""volume_i_pL"":1.3,""volume_l_pL"":0.10501763813297078}",[],True,1.4210854715202004e-14,[],True,True
N_ABS_NKCC_S4_PHIGH_KLOW_AE4NA05_P2_H1:B00,N_ABS_NKCC_S4_PHIGH_KLOW_AE4NA05_P2_H1,N_ABS_NKCC,4.0,2.0,1.0,H1,PRODUCTION_PRE_REVEAL,True,True,False,3.827884190177322e-11,3.3306690738754696e-16,3.827884190177322e-15,1.9387045606711586e-26,2.0990154059319366e-16,True,True,1.1460016963171782e-11,11,0,4.263256414560601e-14,True,"{""cl_i_mM"":58.80888135105799,""cl_l_mM"":146.37759572314542,""k_i_mM"":123.08397109327919,""k_l_mM"":21.06900387763754,""na_i_mM"":10.53446369663004,""na_l_mM"":129.29786940686947,""ph_i"":6.880921903704188,""ph_l"":6.849723763114257,""tic_i_mM"":5.587414610066825,""tic_l_mM"":4.697300457594985,""v_apical_mV"":-33.05578004810616,""v_basolateral_mV"":-71.62851455920939,""volume_i_pL"":1.3,""volume_l_pL"":0.10594768573940537}","[""cl_i_mM:outside_[47.1,53.1]""]",False,1.4210854715202004e-14,[],True,True
N_ABS_NKCC_S4_PHIGH_KLOW_AE4NA10_P1_H1:B00,N_ABS_NKCC_S4_PHIGH_KLOW_AE4NA10_P1_H1,N_ABS_NKCC,4.0,1.0,1.0,H1,PRODUCTION_PRE_REVEAL,True,True,False,1.5267734992940873e-11,2.0816681711721685e-16,1.5267734992940873e-15,2.5849394142282115e-26,2.706168622523819e-16,True,True,1.2812017072261206e-11,11,0,2.842170943040401e-14,True,"{""cl_i_mM"":46.99760889030279,""cl_l_mM"":145.08934054615506,""k_i_mM"":95.70765518502687,""k_l_mM"":16.364252766994962,""na_i_mM"":26.394170316932442,""na_l_mM"":133.9503686179285,""ph_i"":6.8854503299993155,""ph_l"":6.940400005686844,""tic_i_mM"":5.853225927589446,""tic_l_mM"":5.976960033668544,""v_apical_mV"":-37.01261463885378,""v_basolateral_mV"":-68.1442949949984,""volume_i_pL"":1.3,""volume_l_pL"":0.10465599424392}","[""cl_i_mM:outside_[47.1,53.1]"",""k_i_mM:outside_[100,160]""]",False,7.105427357601002e-15,[],True,True
N_ABS_NKCC_S4_PHIGH_KLOW_AE4NA10_P2_H1:B00,N_ABS_NKCC_S4_PHIGH_KLOW_AE4NA10_P2_H1,N_ABS_NKCC,4.0,2.0,1.0,H1,PRODUCTION_PRE_REVEAL,True,True,False,4.13471340499072e-11,4.573442319300014e-13,4.13471340499072e-15,2.261821987449685e-26,2.480654570646834e-16,True,True,9.619041674291395e-12,11,0,6.363265470099577e-11,True,"{""cl_i_mM"":55.681945681572344,""cl_l_mM"":146.3104048577967,""k_i_mM"":120.18473737040048,""k_l_mM"":19.454033478192958,""na_i_mM"":12.125277046890071,""na_l_mM"":130.9103285635551,""ph_i"":6.951711573852093,""ph_l"":6.853782594247535,""tic_i_mM"":6.479245656987074,""tic_l_mM"":4.7667319134738095,""v_apical_mV"":-34.45019169166349,""v_basolateral_mV"":-72.45379085042826,""volume_i_pL"":1.300000000000047,""volume_l_pL"":0.10594194024157226}","[""cl_i_mM:outside_[47.1,53.1]""]",False,1.4210854715202004e-14,[],True,True
N_ABS_NKCC_S4_PHIGH_KLOW_AE4NA20_P1_H1:B00,N_ABS_NKCC_S4_PHIGH_KLOW_AE4NA20_P1_H1,N_ABS_NKCC,4.0,1.0,1.0,H1,PRODUCTION_PRE_REVEAL,True,True,False,3.8118379980245365e-11,4.718447854656915e-16,3.8118379980245365e-15,2.261821987449685e-26,3.0617869350990645e-16,True,True,2.2886423658996513e-11,11,0,1.1723955140041653e-13,True,"{""cl_i_mM"":43.533480429345424,""cl_l_mM"":144.32193267869312,""k_i_mM"":80.47907973577136,""k_l_mM"":13.845143288496915,""na_i_mM"":40.04200327640676,""na_l_mM"":136.4398680522233,""ph_i"":6.9505806591824175,""ph_l"":6.978068093032912,""tic_i_mM"":6.908462991218177,""tic_l_mM"":6.749091049337565,""v_apical_mV"":-38.130673555978326,""v_basolateral_mV"":-65.62461766578777,""volume_i_pL"":1.3,""volume_l_pL"":0.10412768672688255}","[""cl_i_mM:outside_[47.1,53.1]"",""na_i_mM:outside_[10,35]"",""k_i_mM:outside_[100,160]""]",False,1.4210854715202004e-14,[],True,True
N_ABS_NKCC_S4_PHIGH_KLOW_AE4NA20_P2_H1:B00,N_ABS_NKCC_S4_PHIGH_KLOW_AE4NA20_P2_H1,N_ABS_NKCC,4.0,2.0,1.0,H1,PRODUCTION_PRE_REVEAL,True,True,True,4.871658632055187e-12,6.866070212385722e-13,2.749536709423239e-16,1.9387045606711586e-26,2.0729945537922845e-16,True,True,5.206338832275392e-12,11,0,9.393374966748524e-11,True,"{""cl_i_mM"":52.01352951313897,""cl_l_mM"":146.21172440373644,""k_i_mM"":116.87329561535007,""k_l_mM"":17.6922700726937,""na_i_mM"":14.465986422416755,""na_l_mM"":132.6670904512919,""ph_i"":7.045404735077692,""ph_l"":6.858338289961608,""tic_i_mM"":7.9415991195961375,""tic_l_mM"":4.8692316565198555,""v_apical_mV"":-36.16410287202952,""v_basolateral_mV"":-73.38270073664599,""volume_i_pL"":1.2999999999999317,""volume_l_pL"":0.10591684348584582}",[],True,0.0,[],True,True
N_ABS_NKCC_S4_PLOW_KHIGH_AE4NA05_P0.5_H1:B00,N_ABS_NKCC_S4_PLOW_KHIGH_AE4NA05_P0.5_H1,N_ABS_NKCC,4.0,0.5,1.0,H1,PRODUCTION_PRE_REVEAL,True,True,False,3.9215592578800695e-12,3.858025010572419e-15,3.9215592578800695e-16,1.2924697071141057e-26,1.205632815803881e-16,True,True,3.9215592578800695e-12,11,0,0.0,True,"{""cl_i_mM"":45.19502723448997,""cl_l_mM"":142.54145976349824,""k_i_mM"":62.168109556665684,""k_l_mM"":14.914107314698454,""na_i_mM"":57.25937893067036,""na_l_mM"":135.32749612649562,""ph_i"":6.838809266683455,""ph_l"":7.071728741346573,""tic_i_mM"":5.630565880142067,""tic_l_mM"":8.516397012885824,""v_apical_mV"":-35.204388364298914,""v_basolateral_mV"":-56.67377525667922,""volume_i_pL"":1.299999999999999,""volume_l_pL"":0.10292669648871078}","[""cl_i_mM:outside_[47.1,53.1]"",""na_i_mM:outside_[10,35]"",""k_i_mM:outside_[100,160]""]",False,0.0,[],True,True
N_ABS_NKCC_S4_PLOW_KHIGH_AE4NA05_P1_H1:B00,N_ABS_NKCC_S4_PLOW_KHIGH_AE4NA05_P1_H1,N_ABS_NKCC,4.0,1.0,1.0,H1,PRODUCTION_PRE_REVEAL,True,True,True,3.376205565119861e-12,1.3938503129473645e-13,3.376205565119861e-16,9.693522803355793e-27,8.760353553682876e-17,True,True,3.638582490861353e-12,11,0,7.532463541792822e-11,True,"{""cl_i_mM"":52.21277016956934,""cl_l_mM"":145.3022861531174,""k_i_mM"":107.77878131867274,""k_l_mM"":23.60561596140796,""na_i_mM"":18.407742948763282,""na_l_mM"":126.72153017081858,""ph_i"":6.841704036459819,""ph_l"":6.9327689929825125,""tic_i_mM"":5.275396992992236,""tic_l_mM"":5.760614301756793,""v_apical_mV"":-34.501865042602475,""v_basolateral_mV"":-66.66292026419362,""volume_i_pL"":1.2999999999999972,""volume_l_pL"":0.10484969483961999}",[],True,0.0,[],True,True
N_ABS_NKCC_S4_PLOW_KHIGH_AE4NA05_P2_H1:B00,N_ABS_NKCC_S4_PLOW_KHIGH_AE4NA05_P2_H1,N_ABS_NKCC,4.0,2.0,1.0,H1,PRODUCTION_PRE_REVEAL,True,True,False,4.219714855313583e-12,4.996003610813204e-16,4.2197148553135833e-16,3.2311742677852644e-27,7.979727989493313e-17,True,True,4.219714855313583e-12,11,0,4.263256414560601e-14,True,"{""cl_i_mM"":59.92361402135875,""cl_l_mM"":146.1220378260467,""k_i_mM"":124.36527274606547,""k_l_mM"":27.6779814915469,""na_i_mM"":10.431685995389849,""na_l_mM"":122.68405459744521,""ph_i"":6.8833490668413395,""ph_l"":6.874515215992796,""tic_i_mM"":5.620387641907742,""tic_l_mM"":4.950549065234096,""v_apical_mV"":-32.20413624112786,""v_basolateral_mV"":-68.82175955575104,""volume_i_pL"":1.3,""volume_l_pL"":0.10579597771872551}","[""cl_i_mM:outside_[47.1,53.1]""]",False,0.0,[],True,True
N_ABS_NKCC_S4_PLOW_KHIGH_AE4NA10_P1_H1:B00,N_ABS_NKCC_S4_PLOW_KHIGH_AE4NA10_P1_H1,N_ABS_NKCC,4.0,1.0,1.0,H1,PRODUCTION_PRE_REVEAL,True,True,False,7.617604463883154e-12,6.175615574477433e-15,7.617604463883154e-16,3.2311742677852644e-27,4.163336342344337e-17,True,True,7.617604463883154e-12,11,0,2.1316282072803006e-14,True,"{""cl_i_mM"":48.053862879562146,""cl_l_mM"":144.87041958287867,""k_i_mM"":97.76855182777058,""k_l_mM"":20.73199920536468,""na_i_mM"":25.47542168091992,""na_l_mM"":129.57672711678103,""ph_i"":6.88885140522779,""ph_l"":6.956047655069413,""tic_i_mM"":5.894966318727431,""tic_l_mM"":6.192741410221196,""v_apical_mV"":-36.116244912398614,""v_basolateral_mV"":-66.20059461168978,""volume_i_pL"":1.2999999999999998,""volume_l_pL"":0.10446420362261748}","[""k_i_mM:outside_[100,160]""]",False,2.673417043297377e-13,[],True,True
N_ABS_NKCC_S4_PLOW_KHIGH_AE4NA10_P2_H1:B00,N_ABS_NKCC_S4_PLOW_KHIGH_AE4NA10_P2_H1,N_ABS_NKCC,4.0,2.0,1.0,H1,PRODUCTION_PRE_REVEAL,True,True,False,3.473350079774562e-11,2.7755575615628914e-16,3.473350079774562e-15,1.6155871338926322e-26,1.0408340855860843e-16,True,True,3.118382288502808e-11,11,0,4.263256414560601e-14,True,"{""cl_i_mM"":56.74595499126938,""cl_l_mM"":146.08351464099465,""k_i_mM"":121.43823504329735,""k_l_mM"":25.874097968044584,""na_i_mM"":12.013477042186528,""na_l_mM"":124.48403852776327,""ph_i"":6.954351956644984,""ph_l"":6.874662674907184,""tic_i_mM"":6.523046748264886,""tic_l_mM"":4.990729896306957,""v_apical_mV"":-33.59182632156403,""v_basolateral_mV"":-69.99316437732101,""volume_i_pL"":1.3,""volume_l_pL"":0.10574838489961935}","[""cl_i_mM:outside_[47.1,53.1]""]",False,0.0,[],True,True
N_ABS_NKCC_S4_PLOW_KHIGH_AE4NA20_P1_H1:B00,N_ABS_NKCC_S4_PLOW_KHIGH_AE4NA20_P1_H1,N_ABS_NKCC,4.0,1.0,1.0,H1,PRODUCTION_PRE_REVEAL,True,True,False,4.40771551202257e-11,3.885780586188048e-16,4.40771551202257e-15,3.554291694563791e-26,4.527628272299467e-16,True,True,1.9383366439695848e-11,11,0,1.4210854715202004e-13,True,"{""cl_i_mM"":44.29316146862424,""cl_l_mM"":144.13193196031685,""k_i_mM"":82.64647626891123,""k_l_mM"":17.304295975293204,""na_i_mM"":38.704872819439174,""na_l_mM"":132.9743095206508,""ph_i"":6.953201607025972,""ph_l"":6.989579967650492,""tic_i_mM"":6.944188098694934,""tic_l_mM"":6.93551053996481,""v_apical_mV"":-37.391464301389924,""v_basolateral_mV"":-64.2861178285922,""volume_i_pL"":1.3,""volume_l_pL"":0.10391567774476348}","[""cl_i_mM:outside_[47.1,53.1]"",""na_i_mM:outside_[10,35]"",""k_i_mM:outside_[100,160]""]",False,1.4210854715202004e-14,[],True,True
N_ABS_NKCC_S4_PLOW_KHIGH_AE4NA20_P2_H1:B00,N_ABS_NKCC_S4_PLOW_KHIGH_AE4NA20_P2_H1,N_ABS_NKCC,4.0,2.0,1.0,H1,PRODUCTION_PRE_REVEAL,True,True,True,1.9053768979260255e-11,1.5942976105964846e-14,1.9053768979260255e-15,9.693522803355793e-27,2.47198095326695e-16,True,True,1.2674323396355547e-11,11,0,1.4210854715202004e-14,True,"{""cl_i_mM"":53.02276689207907,""cl_l_mM"":146.0180942184643,""k_i_mM"":118.11570840046096,""k_l_mM"":23.84936333824938,""na_i_mM"":14.330572580918796,""na_l_mM"":126.50224248693233,""ph_i"":7.048271859910505,""ph_l"":6.874745333654742,""tic_i_mM"":8.00272460447838,""tic_l_mM"":5.0593453221565055,""v_apical_mV"":-35.29730852512663,""v_basolateral_mV"":-71.32074668811609,""volume_i_pL"":1.3000000000000016,""volume_l_pL"":0.10567757421624335}",[],True,0.0,[],True,True
N_ABS_NKCC_S4_PLOW_KLOW_AE4NA05_P1_H1:B00,N_ABS_NKCC_S4_PLOW_KLOW_AE4NA05_P1_H1,N_ABS_NKCC,4.0,1.0,1.0,H1,PRODUCTION_PRE_REVEAL,True,True,True,1.2686249620252887e-11,8.277527968614251e-13,1.2686249620252887e-15,2.5849394142282115e-26,2.7929047963226594e-16,True,True,1.1675773195496397e-11,11,0,4.460964930785849e-10,True,"{""cl_i_mM"":51.450651483083206,""cl_l_mM"":145.56561728606735,""k_i_mM"":106.57053590437759,""k_l_mM"":19.865343085254178,""na_i_mM"":18.801211031536752,""na_l_mM"":130.46157838609733,""ph_i"":6.83934235228688,""ph_l"":6.909226229149555,""tic_i_mM"":5.253445313305777,""tic_l_mM"":5.497571567239231,""v_apical_mV"":-35.10874974710239,""v_basolateral_mV"":-69.19925918673971,""volume_i_pL"":1.2999999999999794,""volume_l_pL"":0.10485104788222564}",[],True,1.4210854715202004e-14,[],True,True
N_ABS_NKCC_S4_PLOW_KLOW_AE4NA05_P2_H1:B00,N_ABS_NKCC_S4_PLOW_KLOW_AE4NA05_P2_H1,N_ABS_NKCC,4.0,2.0,1.0,H1,PRODUCTION_PRE_REVEAL,True,True,False,8.595554823465079e-12,3.885780586188048e-16,8.595554823465079e-16,1.6155871338926322e-26,1.1622647289044608e-16,True,True,8.595554823465079e-12,11,0,1.7763568394002505e-15,True,"{""cl_i_mM"":59.32233693440597,""cl_l_mM"":146.38731824256126,""k_i_mM"":123.65917218229853,""k_l_mM"":22.767156400489544,""na_i_mM"":10.495899742105356,""na_l_mM"":127.59306663269281,""ph_i"":6.881582571772489,""ph_l"":6.845702077520253,""tic_i_mM"":5.603172739212533,""tic_l_mM"":4.684614454674419,""v_apical_mV"":-32.67966219446465,""v_basolateral_mV"":-71.71263017512123,""volume_i_pL"":1.3,""volume_l_pL"":0.10574360209723545}","[""cl_i_mM:outside_[47.1,53.1]""]",False,1.4210854715202004e-14,[],True,True
N_ABS_NKCC_S4_PLOW_KLOW_AE4NA10_P1_H1:B00,N_ABS_NKCC_S4_PLOW_KLOW_AE4NA10_P1_H1,N_ABS_NKCC,4.0,1.0,1.0,H1,PRODUCTION_PRE_REVEAL,True,True,False,2.4318654728849864e-12,5.273559366969494e-16,2.4318654728849864e-16,9.693522803355793e-27,1.3183898417423734e-16,True,True,2.4318654728849864e-12,11,0,1.4210854715202004e-14,True,"{""cl_i_mM"":47.430263420420495,""cl_l_mM"":145.1055973093049,""k_i_mM"":96.50085651315484,""k_l_mM"":17.674819600689904,""na_i_mM"":26.063098957535818,""na_l_mM"":132.63382725272987,""ph_i"":6.886435996023276,""ph_l"":6.936656536806532,""tic_i_mM"":5.870663309706516,""tic_l_mM"":5.958056911159631,""v_apical_mV"":-36.65043978721429,""v_basolateral_mV"":-68.30330315293124,""volume_i_pL"":1.3,""volume_l_pL"":0.10447298703213155}","[""k_i_mM:outside_[100,160]""]",False,7.105427357601002e-15,[],True,True
N_ABS_NKCC_S4_PLOW_KLOW_AE4NA10_P2_H1:B00,N_ABS_NKCC_S4_PLOW_KLOW_AE4NA10_P2_H1,N_ABS_NKCC,4.0,2.0,1.0,H1,PRODUCTION_PRE_REVEAL,True,True,False,2.2328059540166478e-11,2.7755575615628914e-16,2.232805954016648e-15,6.462348535570529e-27,1.0581813203458523e-16,True,True,9.402201239794294e-12,11,0,1.4210854715202004e-14,True,"{""cl_i_mM"":56.263192289266065,""cl_l_mM"":146.32188477857926,""k_i_mM"":120.85220250529935,""k_l_mM"":21.353557125426413,""na_i_mM"":12.074485022769297,""na_l_mM"":129.00274652929195,""ph_i"":6.952660518445945,""ph_l"":6.848980024432231,""tic_i_mM"":6.503549123504333,""tic_l_mM"":4.751685925967204,""v_apical_mV"":-33.998940589023356,""v_basolateral_mV"":-72.56046974534064,""volume_i_pL"":1.3,""volume_l_pL"":0.10569517237222815}","[""cl_i_mM:outside_[47.1,53.1]""]",False,0.0,[],True,True
N_ABS_NKCC_S4_PLOW_KLOW_AE4NA20_P1_H1:B00,N_ABS_NKCC_S4_PLOW_KLOW_AE4NA20_P1_H1,N_ABS_NKCC,4.0,1.0,1.0,H1,PRODUCTION_PRE_REVEAL,True,True,False,3.04790914729125e-11,8.326672684688674e-16,3.04790914729125e-15,2.5849394142282115e-26,4.345482307321902e-16,True,True,1.2511693070482721e-12,11,0,2.842170943040401e-14,True,"{""cl_i_mM"":43.89032710064239,""cl_l_mM"":144.33813062645854,""k_i_mM"":81.41409906464105,""k_l_mM"":15.046790821915302,""na_i_mM"":39.491446859080526,""na_l_mM"":135.23190906804834,""ph_i"":6.951420204886285,""ph_l"":6.974535495848544,""tic_i_mM"":6.925619551640704,""tic_l_mM"":6.730063867438943,""v_apical_mV"":-37.79109128581568,""v_basolateral_mV"":-65.86664007556416,""volume_i_pL"":1.3,""volume_l_pL"":0.10393364515018885}","[""cl_i_mM:outside_[47.1,53.1]"",""na_i_mM:outside_[10,35]"",""k_i_mM:outside_[100,160]""]",False,7.105427357601002e-15,[],True,True
N_ABS_NKCC_S4_PLOW_KLOW_AE4NA20_P2_H1:B00,N_ABS_NKCC_S4_PLOW_KLOW_AE4NA20_P2_H1,N_ABS_NKCC,4.0,2.0,1.0,H1,PRODUCTION_PRE_REVEAL,True,True,True,8.265957363029486e-12,3.1786118875887226e-13,8.265957363029486e-16,2.908056841006738e-26,1.1188966420050406e-16,True,True,8.265957363029486e-12,11,0,1.7763568394002505e-15,True,"{""cl_i_mM"":52.65882312366784,""cl_l_mM"":146.2253556949718,""k_i_mM"":117.64746639115623,""k_l_mM"":19.7647066236868,""na_i_mM"":14.39203025946811,""na_l_mM"":130.58500557170842,""ph_i"":7.046728923589141,""ph_l"":6.852669010332151,""tic_i_mM"":7.980702346709644,""tic_l_mM"":4.851378695264425,""v_apical_mV"":-35.62795878345239,""v_basolateral_mV"":-73.51855157662537,""volume_i_pL"":1.2999999999999685,""volume_l_pL"":0.10562240642433614}",[],True,1.4210854715202004e-14,[],True,True
N_ABS_NKCC_S4_PNOM_KMID_AE4NA05_P0.5_H1:B00,N_ABS_NKCC_S4_PNOM_KMID_AE4NA05_P0.5_H1,N_ABS_NKCC,4.0,0.5,1.0,H1,PRODUCTION_PRE_REVEAL,True,True,False,6.7440497630855134e-12,3.654654703866278e-13,3.53558328447523e-16,6.462348535570529e-27,5.898059818321144e-17,True,True,6.745715097622451e-12,11,0,2.1316282072803006e-14,True,"{""cl_i_mM"":45.01428052673537,""cl_l_mM"":142.63229549636708,""k_i_mM"":60.244713296907705,""k_l_mM"":13.849672848355882,""na_i_mM"":59.088847081061964,""na_l_mM"":136.39275399162085,""ph_i"":6.841969311030555,""ph_l"":7.066083971255259,""tic_i_mM"":5.678828536796295,""tic_l_mM"":8.427528847640698,""v_apical_mV"":-35.40221025443749,""v_basolateral_mV"":-57.1131065560471,""volume_i_pL"":1.2999999999999499,""volume_l_pL"":0.10298594407557375}","[""cl_i_mM:outside_[47.1,53.1]"",""na_i_mM:outside_[10,35]"",""k_i_mM:outside_[100,160]""]",False,2.5845992013273644e-13,[],True,True
N_ABS_NKCC_S4_PNOM_KMID_AE4NA05_P1_H1:B00,N_ABS_NKCC_S4_PNOM_KMID_AE4NA05_P1_H1,N_ABS_NKCC,4.0,1.0,1.0,H1,PRODUCTION_PRE_REVEAL,True,True,True,3.701466216865512e-12,1.8228994702607082e-13,3.701466216865512e-16,1.6155871338926322e-26,2.185751579730777e-16,True,True,3.701466216865512e-12,11,0,1.4210854715202004e-14,True,"{""cl_i_mM"":51.49828391087373,""cl_l_mM"":145.44415577398036,""k_i_mM"":106.67761375937039,""k_l_mM"":21.37786881434762,""na_i_mM"":18.75000344655174,""na_l_mM"":128.95259904600937,""ph_i"":6.839866620914312,""ph_l"":6.921669926091222,""tic_i_mM"":5.254244663275258,""tic_l_mM"":5.620429566232922,""v_apical_mV"":-35.06062347126671,""v_basolateral_mV"":-68.02722748180626,""volume_i_pL"":1.2999999999999954,""volume_l_pL"":0.10495597693809079}",[],True,0.0,[],True,True
N_ABS_NKCC_S4_PNOM_KMID_AE4NA05_P2_H1:B00,N_ABS_NKCC_S4_PNOM_KMID_AE4NA05_P2_H1,N_ABS_NKCC,4.0,2.0,1.0,H1,PRODUCTION_PRE_REVEAL,True,True,False,1.2882490213472764e-11,4.996003610813204e-16,1.2882490213472764e-15,4.2005265481208437e-26,7.303185833862358e-16,True,True,1.2882490213472764e-11,11,0,5.684341886080802e-14,True,"{""cl_i_mM"":59.227444878702165,""cl_l_mM"":146.2669910888453,""k_i_mM"":123.5637538776092,""k_l_mM"":24.776091902729863,""na_i_mM"":10.497703226412735,""na_l_mM"":125.58943398500168,""ph_i"":6.881875948338248,""ph_l"":6.8609807959192475,""tic_i_mM"":5.599665710448388,""tic_l_mM"":4.807241006084197,""v_apical_mV"":-32.730667840402326,""v_basolateral_mV"":-70.39855787053061,""volume_i_pL"":1.3,""volume_l_pL"":0.10590498530095169}","[""cl_i_mM:outside_[47.1,53.1]""]",False,1.4210854715202004e-14,[],True,True
N_ABS_NKCC_S4_PNOM_KMID_AE4NA10_P1_H1:B00,N_ABS_NKCC_S4_PNOM_KMID_AE4NA10_P1_H1,N_ABS_NKCC,4.0,1.0,1.0,H1,PRODUCTION_PRE_REVEAL,True,True,False,1.5846698953048133e-11,2.498001805406602e-16,1.5846698953048133e-15,2.261821987449685e-26,2.2898349882893854e-16,True,True,1.5846698953048133e-11,11,0,0.0,True,"{""cl_i_mM"":47.43601617366652,""cl_l_mM"":144.99482900884001,""k_i_mM"":96.56558308091701,""k_l_mM"":18.816196710853312,""na_i_mM"":26.010150147698877,""na_l_mM"":131.49603168602806,""ph_i"":6.886860806378094,""ph_l"":6.947299846785458,""tic_i_mM"":5.8704086142926295,""tic_l_mM"":6.070185390581151,""v_apical_mV"":-36.636467013454094,""v_basolateral_mV"":-67.29622081314162,""volume_i_pL"":1.3,""volume_l_pL"":0.1045778916012293}","[""k_i_mM:outside_[100,160]""]",False,7.105427357601002e-15,[],True,True
N_ABS_NKCC_S4_PNOM_KMID_AE4NA10_P2_H1:B00,N_ABS_NKCC_S4_PNOM_KMID_AE4NA10_P2_H1,N_ABS_NKCC,4.0,2.0,1.0,H1,PRODUCTION_PRE_REVEAL,True,True,False,2.611409352648586e-11,1.9196623457506945e-13,2.611409352648586e-15,3.2311742677852644e-27,6.938893903907228e-17,True,True,2.611409352648586e-11,11,0,2.842170943040401e-14,True,"{""cl_i_mM"":56.092930486015696,""cl_l_mM"":146.2127602167512,""k_i_mM"":120.66691162907502,""k_l_mM"":23.071622635849142,""na_i_mM"":12.08430811026846,""na_l_mM"":127.2906409770927,""ph_i"":6.95275510495651,""ph_l"":6.863172992670017,""tic_i_mM"":6.4960124637135,""tic_l_mM"":4.863390505911574,""v_apical_mV"":-34.114108303854614,""v_basolateral_mV"":-71.38131367747094,""volume_i_pL"":1.3000000000000203,""volume_l_pL"":0.1058764619029247}","[""cl_i_mM:outside_[47.1,53.1]""]",False,7.105427357601002e-15,[],True,True
N_ABS_NKCC_S4_PNOM_KMID_AE4NA20_P1_H1:B00,N_ABS_NKCC_S4_PNOM_KMID_AE4NA20_P1_H1,N_ABS_NKCC,4.0,1.0,1.0,H1,PRODUCTION_PRE_REVEAL,True,True,False,1.1482785208793977e-11,1.8708992688409865e-15,1.1482785208793977e-15,6.785465962349055e-26,6.722053469410127e-16,True,True,1.1482785208793977e-11,11,0,2.842170943040401e-14,True,"{""cl_i_mM"":43.85895562893536,""cl_l_mM"":144.2408887426537,""k_i_mM"":81.41226718260022,""k_l_mM"":15.803081941872986,""na_i_mM"":39.46399076255826,""na_l_mM"":134.47912095992615,""ph_i"":6.951683093492877,""ph_l"":6.983000329084976,""tic_i_mM"":6.9235064639268105,""tic_l_mM"":6.8285699097285795,""v_apical_mV"":-37.81128632729083,""v_basolateral_mV"":-65.04899688947998,""volume_i_pL"":1.2999999999999998,""volume_l_pL"":0.10403484426781347}","[""cl_i_mM:outside_[47.1,53.1]"",""na_i_mM:outside_[10,35]"",""k_i_mM:outside_[100,160]""]",False,7.105427357601002e-15,[],True,True
N_ABS_NKCC_S4_PNOM_KMID_AE4NA20_P2_H1:B00,N_ABS_NKCC_S4_PNOM_KMID_AE4NA20_P2_H1,N_ABS_NKCC,4.0,2.0,1.0,H1,PRODUCTION_PRE_REVEAL,True,True,True,8.903468240450962e-12,4.283691457107608e-13,8.903468240450962e-16,2.261821987449685e-26,2.177077962350893e-16,True,True,8.903468240450962e-12,11,0,2.355342587634368e-10,True,"{""cl_i_mM"":52.415463080722006,""cl_l_mM"":146.1290855332081,""k_i_mM"":117.36523032014148,""k_l_mM"":21.17737648490521,""na_i_mM"":14.4148122053577,""na_l_mM"":129.17904402621545,""ph_i"":7.046551760952452,""ph_l"":6.865602985348553,""tic_i_mM"":7.965742213993891,""tic_l_mM"":4.950531736307492,""v_apical_mV"":-35.815108746982744,""v_basolateral_mV"":-72.49156472427333,""volume_i_pL"":1.3000000000000427,""volume_l_pL"":0.10582601158342145}",[],True,1.4210854715202004e-14,[],True,True
N_ABS_NKCC_S5_PHIGH_KHIGH_AE4NA05_P1_H1:B00,N_ABS_NKCC_S5_PHIGH_KHIGH_AE4NA05_P1_H1,N_ABS_NKCC,5.0,1.0,1.0,H1,PRODUCTION_PRE_REVEAL,True,True,False,8.423166678039884e-12,2.7755575615628914e-16,8.423166678039884e-16,1.6155871338926322e-26,2.5673907444456745e-16,True,True,8.423166678039884e-12,11,0,1.4210854715202004e-14,True,"{""cl_i_mM"":54.01433042006249,""cl_l_mM"":145.4536846641471,""k_i_mM"":108.61841602032362,""k_l_mM"":23.29557534613379,""na_i_mM"":19.456035943925393,""na_l_mM"":127.04230227756062,""ph_i"":6.845586640708651,""ph_l"":6.923539963066586,""tic_i_mM"":5.311126052536589,""tic_l_mM"":5.614818120226224,""v_apical_mV"":-33.966914550436215,""v_basolateral_mV"":-66.49600063236623,""volume_i_pL"":1.3,""volume_l_pL"":0.10519643476251438}","[""cl_i_mM:outside_[47.1,53.1]""]",False,1.4210854715202004e-14,[],True,True
N_ABS_NKCC_S5_PHIGH_KHIGH_AE4NA05_P2_H1:B00,N_ABS_NKCC_S5_PHIGH_KHIGH_AE4NA05_P2_H1,N_ABS_NKCC,5.0,2.0,1.0,H1,PRODUCTION_PRE_REVEAL,True,True,False,1.6588293239028218e-12,3.3306690738754696e-16,1.6588293239028218e-16,2.261821987449685e-26,2.0036056147532122e-16,True,True,3.252606517456513e-11,11,0,2.842170943040401e-14,True,"{""cl_i_mM"":62.99555113908336,""cl_l_mM"":146.32322166877856,""k_i_mM"":127.3159422543202,""k_l_mM"":27.507258742872846,""na_i_mM"":10.706508396683251,""na_l_mM"":122.8711366164371,""ph_i"":6.890295275454209,""ph_l"":6.860484021724624,""tic_i_mM"":5.680719272462276,""tic_l_mM"":4.757189546746319,""v_apical_mV"":-31.436921856171423,""v_basolateral_mV"":-68.85500494102874,""volume_i_pL"":1.3,""volume_l_pL"":0.10630935531302198}","[""cl_i_mM:outside_[47.1,53.1]""]",False,1.4210854715202004e-14,[],True,True
N_ABS_NKCC_S5_PHIGH_KHIGH_AE4NA10_P1_H1:B00,N_ABS_NKCC_S5_PHIGH_KHIGH_AE4NA10_P1_H1,N_ABS_NKCC,5.0,1.0,1.0,H1,PRODUCTION_PRE_REVEAL,True,True,False,2.1391308863139002e-12,5.828670879282072e-16,2.1391308863139002e-16,1.6155871338926322e-26,2.1684043449710089e-16,True,True,2.1391308863139002e-12,11,0,1.7763568394002505e-15,True,"{""cl_i_mM"":49.45905992763559,""cl_l_mM"":144.9917752029688,""k_i_mM"":97.48181047669354,""k_l_mM"":20.207566913131817,""na_i_mM"":27.23096224863266,""na_l_mM"":130.11047933905093,""ph_i"":6.891289133882726,""ph_l"":6.94924770165544,""tic_i_mM"":5.927183809745841,""tic_l_mM"":6.076913482230797,""v_apical_mV"":-35.660486150150156,""v_basolateral_mV"":-65.84590864499643,""volume_i_pL"":1.3,""volume_l_pL"":0.1047793940098055}","[""k_i_mM:outside_[100,160]""]",False,7.105427357601002e-15,[],True,True
N_ABS_NKCC_S5_PHIGH_KHIGH_AE4NA10_P2_H1:B00,N_ABS_NKCC_S5_PHIGH_KHIGH_AE4NA10_P2_H1,N_ABS_NKCC,5.0,2.0,1.0,H1,PRODUCTION_PRE_REVEAL,True,True,False,5.195496810550537e-12,2.480654570646834e-16,5.195496810550537e-16,1.2924697071141057e-26,1.6479873021779667e-16,True,True,2.6532595565065265e-11,11,0,1.4210854715202004e-14,True,"{""cl_i_mM"":59.51754707467857,""cl_l_mM"":146.28105873610423,""k_i_mM"":124.01016578524897,""k_l_mM"":25.439653000362554,""na_i_mM"":12.368626125050062,""na_l_mM"":124.93585003992294,""ph_i"":6.960868067649697,""ph_l"":6.861516331265055,""tic_i_mM"":6.5896969603177045,""tic_l_mM"":4.8015662347759775,""v_apical_mV"":-32.90585829265178,""v_basolateral_mV"":-69.99355425626945,""volume_i_pL"":1.3,""volume_l_pL"":0.10629495053199918}","[""cl_i_mM:outside_[47.1,53.1]""]",False,7.105427357601002e-15,[],True,True
N_ABS_NKCC_S5_PHIGH_KHIGH_AE4NA20_P1_H1:B00,N_ABS_NKCC_S5_PHIGH_KHIGH_AE4NA20_P1_H1,N_ABS_NKCC,5.0,1.0,1.0,H1,PRODUCTION_PRE_REVEAL,True,True,False,9.447737731038686e-12,3.608224830031759e-16,9.447737731038686e-16,2.908056841006738e-26,5.30825383648903e-16,True,True,9.447737731038686e-12,11,0,0.0,True,"{""cl_i_mM"":45.549739657280504,""cl_l_mM"":144.23228416194434,""k_i_mM"":81.36399378865738,""k_l_mM"":16.695705674354663,""na_i_mM"":41.31930914472662,""na_l_mM"":133.5906926008473,""ph_i"":6.955402086709736,""ph_l"":6.984207470887162,""tic_i_mM"":6.9925019747712645,""tic_l_mM"":6.840829107079908,""v_apical_mV"":-36.908334059605615,""v_basolateral_mV"":-63.68025455209321,""volume_i_pL"":1.3,""volume_l_pL"":0.10420148653408821}","[""cl_i_mM:outside_[47.1,53.1]"",""na_i_mM:outside_[10,35]"",""k_i_mM:outside_[100,160]""]",False,0.0,[],True,True
N_ABS_NKCC_S5_PHIGH_KHIGH_AE4NA20_P2_H1:B00,N_ABS_NKCC_S5_PHIGH_KHIGH_AE4NA20_P2_H1,N_ABS_NKCC,5.0,2.0,1.0,H1,PRODUCTION_PRE_REVEAL,True,True,False,5.436189692842319e-12,5.341213582532589e-15,5.436189692842319e-16,4.52364397489937e-26,4.978656376053436e-16,True,True,5.436189692842319e-12,11,0,2.842170943040401e-14,True,"{""cl_i_mM"":55.42506937482689,""cl_l_mM"":146.20716512421376,""k_i_mM"":120.14498046364704,""k_l_mM"":23.146365010400697,""na_i_mM"":14.847384866900521,""na_l_mM"":127.2234366988351,""ph_i"":7.053716958457816,""ph_l"":6.862900742737822,""tic_i_mM"":8.072193506549388,""tic_l_mM"":4.879234339043488,""v_apical_mV"":-34.71306808322346,""v_basolateral_mV"":-71.2594166219226,""volume_i_pL"":1.3000000000000005,""volume_l_pL"":0.10625404694341845}","[""cl_i_mM:outside_[47.1,53.1]"",""ph_i:outside_[6.77,7.05]""]",False,1.4210854715202004e-14,[],True,True
N_ABS_NKCC_S5_PHIGH_KLOW_AE4NA05_P1_H1:B00,N_ABS_NKCC_S5_PHIGH_KLOW_AE4NA05_P1_H1,N_ABS_NKCC,5.0,1.0,1.0,H1,PRODUCTION_PRE_REVEAL,True,True,False,1.2836953722228372e-12,2.7755575615628914e-16,1.2836953722228372e-16,3.554291694563791e-26,4.3368086899420177e-16,True,True,3.0446565407737936e-11,11,0,4.263256414560601e-14,True,"{""cl_i_mM"":53.33543626221965,""cl_l_mM"":145.7146093364501,""k_i_mM"":107.458682336965,""k_l_mM"":19.14798708740764,""na_i_mM"":19.890209324731256,""na_l_mM"":131.18891711234903,""ph_i"":6.843446286736321,""ph_l"":6.899182817624522,""tic_i_mM"":5.292563629697576,""tic_l_mM"":5.35389515480281,""v_apical_mV"":-34.50750089482418,""v_basolateral_mV"":-69.07030590481989,""volume_i_pL"":1.3,""volume_l_pL"":0.10517580682135529}","[""cl_i_mM:outside_[47.1,53.1]""]",False,2.842170943040401e-14,[],True,True
N_ABS_NKCC_S5_PHIGH_KLOW_AE4NA05_P2_H1:B00,N_ABS_NKCC_S5_PHIGH_KLOW_AE4NA05_P2_H1,N_ABS_NKCC,5.0,2.0,1.0,H1,PRODUCTION_PRE_REVEAL,True,True,False,1.1208482059155145e-11,3.885780586188048e-16,1.1208482059155145e-15,1.6155871338926322e-26,3.8510861166685117e-16,True,True,1.1208482059155145e-11,11,0,1.7763568394002505e-15,True,"{""cl_i_mM"":62.55162294365298,""cl_l_mM"":146.58617725372685,""k_i_mM"":126.78079796412624,""k_l_mM"":21.988744668762923,""na_i_mM"":10.765880460768596,""na_l_mM"":128.3865288679815,""ph_i"":6.888840832900876,""ph_l"":6.830015601232681,""tic_i_mM"":5.668473303309683,""tic_l_mM"":4.492967968793157,""v_apical_mV"":-31.809907413131786,""v_basolateral_mV"":-71.82449356855615,""volume_i_pL"":1.3,""volume_l_pL"":0.10621620926742598}","[""cl_i_mM:outside_[47.1,53.1]""]",False,0.0,[],True,True
N_ABS_NKCC_S5_PHIGH_KLOW_AE4NA10_P1_H1:B00,N_ABS_NKCC_S5_PHIGH_KLOW_AE4NA10_P1_H1,N_ABS_NKCC,5.0,1.0,1.0,H1,PRODUCTION_PRE_REVEAL,True,True,False,4.968898556501067e-12,4.440892098500626e-16,4.968898556501067e-16,2.908056841006738e-26,1.6046192152785466e-16,True,True,4.968898556501067e-12,11,0,9.947598300641403e-14,True,"{""cl_i_mM"":48.908206062835056,""cl_l_mM"":145.2240079245136,""k_i_mM"":96.23039105432699,""k_l_mM"":16.80504134710633,""na_i_mM"":27.882379918520094,""na_l_mM"":133.512257303674,""ph_i"":6.889120819138639,""ph_l"":6.9293756752059075,""tic_i_mM"":5.9071577065041065,""tic_l_mM"":5.844954974079658,""v_apical_mV"":-36.133918259729604,""v_basolateral_mV"":-67.9631330779378,""volume_i_pL"":1.3,""volume_l_pL"":0.10476934476768447}","[""k_i_mM:outside_[100,160]""]",False,1.4210854715202004e-14,[],True,True
N_ABS_NKCC_S5_PHIGH_KLOW_AE4NA10_P2_H1:B00,N_ABS_NKCC_S5_PHIGH_KLOW_AE4NA10_P2_H1,N_ABS_NKCC,5.0,2.0,1.0,H1,PRODUCTION_PRE_REVEAL,True,True,False,3.2959746043559335e-12,3.0531133177191805e-16,3.2959746043559335e-16,9.693522803355793e-27,1.8561541192951836e-16,True,True,2.5977484052752686e-11,11,0,2.842170943040401e-14,True,"{""cl_i_mM"":59.17574258618105,""cl_l_mM"":146.51675311889193,""k_i_mM"":123.57972055831625,""k_l_mM"":20.307188315499154,""na_i_mM"":12.42473881696471,""na_l_mM"":130.06512209571974,""ph_i"":6.959484860677023,""ph_l"":6.834386961031103,""tic_i_mM"":6.576107734129172,""tic_l_mM"":4.564567505145859,""v_apical_mV"":-33.21404936206976,""v_basolateral_mV"":-72.62955647452294,""volume_i_pL"":1.3,""volume_l_pL"":0.10619948719349907}","[""cl_i_mM:outside_[47.1,53.1]""]",False,1.4210854715202004e-14,[],True,True
N_ABS_NKCC_S5_PHIGH_KLOW_AE4NA20_P1_H1:B00,N_ABS_NKCC_S5_PHIGH_KLOW_AE4NA20_P1_H1,N_ABS_NKCC,5.0,1.0,1.0,H1,PRODUCTION_PRE_REVEAL,True,True,False,3.4781205693334982e-12,4.364564265557647e-15,3.478120569333498e-16,1.9387045606711586e-26,3.0010716134398763e-16,True,True,1.7336392738043216e-12,11,0,1.3855583347321954e-13,True,"{""cl_i_mM"":45.215465659583835,""cl_l_mM"":144.4353059872452,""k_i_mM"":80.1502974844962,""k_l_mM"":14.150463204416306,""na_i_mM"":42.16510368660672,""na_l_mM"":136.13547876574697,""ph_i"":6.953914063823643,""ph_l"":6.968904557168737,""tic_i_mM"":6.9795977020249325,""tic_l_mM"":6.638409821092064,""v_apical_mV"":-37.25149169450768,""v_basolateral_mV"":-65.259143773182,""volume_i_pL"":1.3,""volume_l_pL"":0.10420459084514172}","[""cl_i_mM:outside_[47.1,53.1]"",""na_i_mM:outside_[10,35]"",""k_i_mM:outside_[100,160]""]",False,2.673417043297377e-13,[],True,True
N_ABS_NKCC_S5_PHIGH_KLOW_AE4NA20_P2_H1:B00,N_ABS_NKCC_S5_PHIGH_KLOW_AE4NA20_P2_H1,N_ABS_NKCC,5.0,2.0,1.0,H1,PRODUCTION_PRE_REVEAL,True,True,False,1.0169816377914032e-12,8.881784197001252e-16,1.0169816377914032e-16,3.554291694563791e-26,1.6219664500383146e-16,True,True,1.0169816377914032e-12,11,0,1.4210854715202004e-14,True,"{""cl_i_mM"":55.1825440225408,""cl_l_mM"":146.41155898631854,""k_i_mM"":119.81450443973176,""k_l_mM"":18.457199053995556,""na_i_mM"":14.903354655501918,""na_l_mM"":131.90932470925225,""ph_i"":7.052466870979756,""ph_l"":6.839619846901611,""tic_i_mM"":8.057388879479761,""tic_l_mM"":4.673501644871649,""v_apical_mV"":-34.95037189935944,""v_basolateral_mV"":-73.51424460058674,""volume_i_pL"":1.3,""volume_l_pL"":0.10615604040409807}","[""cl_i_mM:outside_[47.1,53.1]"",""ph_i:outside_[6.77,7.05]""]",False,1.4210854715202004e-14,[],True,True
N_ABS_NKCC_S5_PLOW_KHIGH_AE4NA05_P0.5_H1:B00,N_ABS_NKCC_S5_PLOW_KHIGH_AE4NA05_P0.5_H1,N_ABS_NKCC,5.0,0.5,1.0,H1,PRODUCTION_PRE_REVEAL,True,True,False,1.0175237388776459e-11,4.2981568824929095e-15,1.017523738877646e-15,1.2924697071141057e-26,8.847089727481716e-17,True,True,1.0175237388776459e-11,11,0,2.1316282072803006e-14,True,"{""cl_i_mM"":46.62404080753243,""cl_l_mM"":142.60885708299003,""k_i_mM"":61.22774358474499,""k_l_mM"":15.093177411034771,""na_i_mM"":59.80562668542167,""na_l_mM"":135.14772255088545,""ph_i"":6.845370641459007,""ph_l"":7.066362258975817,""tic_i_mM"":5.7266141312673895,""tic_l_mM"":8.451262389915412,""v_apical_mV"":-34.43320367008768,""v_basolateral_mV"":-56.119046314951454,""volume_i_pL"":1.3,""volume_l_pL"":0.10295979608428614}","[""cl_i_mM:outside_[47.1,53.1]"",""na_i_mM:outside_[10,35]"",""k_i_mM:outside_[100,160]""]",False,2.531308496145357e-13,[],True,True
N_ABS_NKCC_S5_PLOW_KHIGH_AE4NA05_P1_H1:B00,N_ABS_NKCC_S5_PLOW_KHIGH_AE4NA05_P1_H1,N_ABS_NKCC,5.0,1.0,1.0,H1,PRODUCTION_PRE_REVEAL,True,True,False,1.3972113396820696e-11,3.5908775952719907e-16,1.3972113396820696e-15,2.5849394142282115e-26,2.47198095326695e-16,True,True,9.06067755546136e-12,11,0,8.526512829121202e-14,True,"{""cl_i_mM"":54.47690647474547,""cl_l_mM"":145.45984269079347,""k_i_mM"":109.33734503559583,""k_l_mM"":24.466778743662353,""na_i_mM"":19.222239822398596,""na_l_mM"":125.86512271545205,""ph_i"":6.846337573010616,""ph_l"":6.920528758779767,""tic_i_mM"":5.324918845828025,""tic_l_mM"":5.6059736881595335,""v_apical_mV"":-33.61157995898225,""v_basolateral_mV"":-66.57709728895095,""volume_i_pL"":1.3,""volume_l_pL"":0.10501254277177693}","[""cl_i_mM:outside_[47.1,53.1]""]",False,7.105427357601002e-15,[],True,True
N_ABS_NKCC_S5_PLOW_KHIGH_AE4NA05_P2_H1:B00,N_ABS_NKCC_S5_PLOW_KHIGH_AE4NA05_P2_H1,N_ABS_NKCC,5.0,2.0,1.0,H1,PRODUCTION_PRE_REVEAL,True,True,False,2.7443325389953088e-11,3.885780586188048e-16,2.744332538995309e-15,2.261821987449685e-26,3.2959746043559335e-16,True,True,1.1653004949874202e-11,11,0,1.4210854715202004e-14,True,"{""cl_i_mM"":63.514936385454874,""cl_l_mM"":146.32411127598982,""k_i_mM"":127.90864312563765,""k_l_mM"":29.05937118023503,""na_i_mM"":10.654912556289567,""na_l_mM"":121.31149332769095,""ph_i"":6.89085067233073,""ph_l"":6.857065417364827,""tic_i_mM"":5.696493937554347,""tic_l_mM"":4.752876419213484,""v_apical_mV"":-31.044599048227635,""v_basolateral_mV"":-68.90176514230605,""volume_i_pL"":1.3,""volume_l_pL"":0.1060768121739612}","[""cl_i_mM:outside_[47.1,53.1]""]",False,7.105427357601002e-15,[],True,True
N_ABS_NKCC_S5_PLOW_KHIGH_AE4NA10_P1_H1:B00,N_ABS_NKCC_S5_PLOW_KHIGH_AE4NA10_P1_H1,N_ABS_NKCC,5.0,1.0,1.0,H1,PRODUCTION_PRE_REVEAL,True,True,False,9.45857975276354e-12,2.0036056147532122e-16,9.45857975276354e-16,6.462348535570529e-27,1.0495077029659683e-16,True,True,1.9815963106517565e-11,11,0,5.3290705182007514e-14,True,"{""cl_i_mM"":49.914647411184426,""cl_l_mM"":145.00141416440093,""k_i_mM"":98.39082594598726,""k_l_mM"":21.358007475653068,""na_i_mM"":26.807892012703174,""na_l_mM"":128.9535888613947,""ph_i"":6.8923052881047004,""ph_l"":6.945928608650838,""tic_i_mM"":5.945060327124728,""tic_l_mM"":6.064341466438423,""v_apical_mV"":-35.28225129058937,""v_basolateral_mV"":-65.98622902951821,""volume_i_pL"":1.3,""volume_l_pL"":0.1045802091328645}","[""k_i_mM:outside_[100,160]""]",False,0.0,[],True,True
N_ABS_NKCC_S5_PLOW_KHIGH_AE4NA10_P2_H1:B00,N_ABS_NKCC_S5_PLOW_KHIGH_AE4NA10_P2_H1,N_ABS_NKCC,5.0,2.0,1.0,H1,PRODUCTION_PRE_REVEAL,True,True,False,1.098296800727816e-11,3.0531133177191805e-16,1.098296800727816e-15,1.9387045606711586e-26,2.636779683484747e-16,True,True,1.098296800727816e-11,11,0,1.7763568394002505e-15,True,"{""cl_i_mM"":60.10220150755743,""cl_l_mM"":146.28237187242308,""k_i_mM"":124.69876867287829,""k_l_mM"":27.165737417943223,""na_i_mM"":12.298905414110905,""na_l_mM"":123.20069078750014,""ph_i"":6.9617165918606325,""ph_l"":6.857389753395271,""tic_i_mM"":6.6142572405913045,""tic_l_mM"":4.796153141687678,""v_apical_mV"":-32.43726460815087,""v_basolateral_mV"":-70.05872553551171,""volume_i_pL"":1.3,""volume_l_pL"":0.10601527156179442}","[""cl_i_mM:outside_[47.1,53.1]""]",False,1.4210854715202004e-14,[],True,True
N_ABS_NKCC_S5_PLOW_KHIGH_AE4NA20_P1_H1:B00,N_ABS_NKCC_S5_PLOW_KHIGH_AE4NA20_P1_H1,N_ABS_NKCC,5.0,1.0,1.0,H1,PRODUCTION_PRE_REVEAL,True,True,False,1.113475631142613e-12,5.793976409762536e-16,1.113475631142613e-16,1.9387045606711586e-26,1.48318857196017e-16,True,True,3.0615700946645674e-11,11,0,2.842170943040401e-14,True,"{""cl_i_mM"":45.90692926246579,""cl_l_mM"":144.2405825711577,""k_i_mM"":82.42665723032519,""k_l_mM"":17.720294528014755,""na_i_mM"":40.64023979363353,""na_l_mM"":132.55937322742525,""ph_i"":6.956212168353442,""ph_l"":6.981163991734284,""tic_i_mM"":7.008744366950903,""tic_l_mM"":6.8294137891626985,""v_apical_mV"":-36.56300019053438,""v_basolateral_mV"":-63.91276058145677,""volume_i_pL"":1.3,""volume_l_pL"":0.10399244196369228}","[""cl_i_mM:outside_[47.1,53.1]"",""na_i_mM:outside_[10,35]"",""k_i_mM:outside_[100,160]""]",False,0.0,[],True,True
N_ABS_NKCC_S5_PLOW_KHIGH_AE4NA20_P2_H1:B00,N_ABS_NKCC_S5_PLOW_KHIGH_AE4NA20_P2_H1,N_ABS_NKCC,5.0,2.0,1.0,H1,PRODUCTION_PRE_REVEAL,True,True,False,1.4085954624931674e-11,5.551115123125783e-16,1.4085954624931674e-15,1.6155871338926322e-26,2.0643209364124004e-16,True,True,1.5187504032176946e-11,11,0,1.4210854715202004e-14,True,"{""cl_i_mM"":56.07186337137786,""cl_l_mM"":146.2094979289836,""k_i_mM"":120.951442981973,""k_l_mM"":25.015747619765957,""na_i_mM"":14.742512951420057,""na_l_mM"":125.34327879804901,""ph_i"":7.054974728219271,""ph_l"":6.857963595860061,""tic_i_mM"":8.112201603650034,""tic_l_mM"":4.8720795338765015,""v_apical_mV"":-34.1589673839551,""v_basolateral_mV"":-71.3512678497366,""volume_i_pL"":1.3,""volume_l_pL"":0.10592294231252634}","[""cl_i_mM:outside_[47.1,53.1]"",""ph_i:outside_[6.77,7.05]""]",False,0.0,[],True,True
N_ABS_NKCC_S5_PLOW_KLOW_AE4NA05_P1_H1:B00,N_ABS_NKCC_S5_PLOW_KLOW_AE4NA05_P1_H1,N_ABS_NKCC,5.0,1.0,1.0,H1,PRODUCTION_PRE_REVEAL,True,True,False,3.9290402528702195e-11,3.95516952522712e-16,3.9290402528702195e-15,2.261821987449685e-26,1.986258379993444e-16,True,True,5.589929560900764e-11,11,0,9.947598300641403e-14,True,"{""cl_i_mM"":53.747762434055964,""cl_l_mM"":145.7259518565808,""k_i_mM"":108.10687669809123,""k_l_mM"":20.49959724469633,""na_i_mM"":19.67414609344343,""na_l_mM"":129.8317933717414,""ph_i"":6.8440984071040445,""ph_l"":6.8958155256839735,""tic_i_mM"":5.304814931589774,""tic_l_mM"":5.34007939897012,""v_apical_mV"":-34.18759797654447,""v_basolateral_mV"":-69.18289964247323,""volume_i_pL"":1.3,""volume_l_pL"":0.10500625990290442}","[""cl_i_mM:outside_[47.1,53.1]""]",False,1.4210854715202004e-14,[],True,True
N_ABS_NKCC_S5_PLOW_KLOW_AE4NA05_P2_H1:B00,N_ABS_NKCC_S5_PLOW_KLOW_AE4NA05_P2_H1,N_ABS_NKCC,5.0,2.0,1.0,H1,PRODUCTION_PRE_REVEAL,True,True,False,2.1033522146218786e-12,2.498001805406602e-16,2.1033522146218786e-16,1.6155871338926322e-26,3.139849491518021e-16,True,True,2.1033522146218786e-12,11,0,0.0,True,"{""cl_i_mM"":63.01219956419921,""cl_l_mM"":146.59247148238006,""k_i_mM"":127.30514922532309,""k_l_mM"":23.75446248365435,""na_i_mM"":10.721112527263484,""na_l_mM"":126.61393491687724,""ph_i"":6.8893143518499,""ph_l"":6.82620360721074,""tic_i_mM"":5.682500018571959,""tic_l_mM"":4.483563372343062,""v_apical_mV"":-31.459800203357474,""v_basolateral_mV"":-71.90780973914482,""volume_i_pL"":1.3,""volume_l_pL"":0.10600421235394791}","[""cl_i_mM:outside_[47.1,53.1]""]",False,1.4210854715202004e-14,[],True,True
N_ABS_NKCC_S5_PLOW_KLOW_AE4NA10_P1_H1:B00,N_ABS_NKCC_S5_PLOW_KLOW_AE4NA10_P1_H1,N_ABS_NKCC,5.0,1.0,1.0,H1,PRODUCTION_PRE_REVEAL,True,True,False,1.0493992827487197e-11,3.5561831257524545e-16,1.0493992827487197e-15,2.5849394142282115e-26,3.0010716134398763e-16,True,True,1.0493992827487197e-11,11,0,1.4210854715202004e-14,True,"{""cl_i_mM"":49.31436001867929,""cl_l_mM"":145.23937269226593,""k_i_mM"":97.05595583137938,""k_l_mM"":18.144443695212196,""na_i_mM"":27.489335647167884,""na_l_mM"":132.16687999006652,""ph_i"":6.889994913210705,""ph_l"":6.925696622364256,""tic_i_mM"":5.9228482905308555,""tic_l_mM"":5.826877639257377,""v_apical_mV"":-35.79332486756957,""v_basolateral_mV"":-68.13483302032162,""volume_i_pL"":1.3,""volume_l_pL"":0.10458492286297132}","[""k_i_mM:outside_[100,160]""]",False,1.4210854715202004e-14,[],True,True
N_ABS_NKCC_S5_PLOW_KLOW_AE4NA10_P2_H1:B00,N_ABS_NKCC_S5_PLOW_KLOW_AE4NA10_P2_H1,N_ABS_NKCC,5.0,2.0,1.0,H1,PRODUCTION_PRE_REVEAL,True,True,False,1.3335686721571705e-12,3.885780586188048e-16,1.3335686721571705e-16,2.908056841006738e-26,1.205632815803881e-16,True,True,1.3335686721571705e-12,11,0,0.0,True,"{""cl_i_mM"":59.6965440809469,""cl_l_mM"":146.5242220725406,""k_i_mM"":124.19166635505823,""k_l_mM"":22.2786493756465,""na_i_mM"":12.363748158549834,""na_l_mM"":128.08536025421546,""ph_i"":6.960218041210649,""ph_l"":6.829838321488387,""tic_i_mM"":6.597997541323389,""tic_l_mM"":4.553367057779861,""v_apical_mV"":-32.79461468648017,""v_basolateral_mV"":-72.73570739335943,""volume_i_pL"":1.3,""volume_l_pL"":0.10594406195405769}","[""cl_i_mM:outside_[47.1,53.1]""]",False,1.4210854715202004e-14,[],True,True
N_ABS_NKCC_S5_PLOW_KLOW_AE4NA20_P1_H1:B00,N_ABS_NKCC_S5_PLOW_KLOW_AE4NA20_P1_H1,N_ABS_NKCC,5.0,1.0,1.0,H1,PRODUCTION_PRE_REVEAL,True,True,False,5.800481622797449e-13,2.645453300864631e-16,5.800481622797449e-17,9.693522803355793e-27,1.5178830414797062e-16,True,True,5.800481622797449e-13,11,0,7.105427357601002e-15,True,"{""cl_i_mM"":45.53396462356928,""cl_l_mM"":144.45046445127164,""k_i_mM"":81.1217917493738,""k_l_mM"":15.36987026812964,""na_i_mM"":41.534294401515446,""na_l_mM"":134.90979239645873,""ph_i"":6.954582040368909,""ph_l"":6.965480024007621,""tic_i_mM"":6.993468757716742,""tic_l_mM"":6.620349415589977,""v_apical_mV"":-36.94054578811843,""v_basolateral_mV"":-65.51937141025526,""volume_i_pL"":1.3,""volume_l_pL"":0.10400968820106371}","[""cl_i_mM:outside_[47.1,53.1]"",""na_i_mM:outside_[10,35]"",""k_i_mM:outside_[100,160]""]",False,7.105427357601002e-15,[],True,True
N_ABS_NKCC_S5_PLOW_KLOW_AE4NA20_P2_H1:B00,N_ABS_NKCC_S5_PLOW_KLOW_AE4NA20_P2_H1,N_ABS_NKCC,5.0,2.0,1.0,H1,PRODUCTION_PRE_REVEAL,True,True,False,2.0578157233774874e-12,3.443426099813962e-16,2.0578157233774874e-16,2.5849394142282115e-26,2.38524477946811e-16,True,True,2.0578157233774874e-12,11,0,2.842170943040401e-14,True,"{""cl_i_mM"":55.762100739093896,""cl_l_mM"":146.42071914029674,""k_i_mM"":120.53553322726965,""k_l_mM"":20.603528114498562,""na_i_mM"":14.8105671783074,""na_l_mM"":129.7531047685462,""ph_i"":7.053567890699377,""ph_l"":6.834244259069613,""tic_i_mM"":8.093214454811438,""tic_l_mM"":4.6599379893442645,""v_apical_mV"":-34.45216507167297,""v_basolateral_mV"":-73.65104975489527,""volume_i_pL"":1.3,""volume_l_pL"":0.10585259439250001}","[""cl_i_mM:outside_[47.1,53.1]"",""ph_i:outside_[6.77,7.05]""]",False,1.4210854715202004e-14,[],True,True
N_ABS_NKCC_S5_PNOM_KMID_AE4NA05_P1_H1:B00,N_ABS_NKCC_S5_PNOM_KMID_AE4NA05_P1_H1,N_ABS_NKCC,5.0,1.0,1.0,H1,PRODUCTION_PRE_REVEAL,True,True,False,7.2316284904783146e-12,4.692704558273419e-13,7.231628490478315e-16,1.9387045606711586e-26,1.457167719820518e-16,True,True,4.775910569798647e-12,11,0,6.297184995673888e-11,True,"{""cl_i_mM"":53.788566173969535,""cl_l_mM"":145.6038562523357,""k_i_mM"":108.20639570467273,""k_l_mM"":22.1219896930004,""na_i_mM"":19.623297715845872,""na_l_mM"":128.2131711835119,""ph_i"":6.844614679373366,""ph_l"":6.90878731628721,""tic_i_mM"":5.305293885888761,""tic_l_mM"":5.463677776419488,""v_apical_mV"":-34.1465700653781,""v_basolateral_mV"":-67.97433306901074,""volume_i_pL"":1.3000000000000111,""volume_l_pL"":0.10511819765195946}","[""cl_i_mM:outside_[47.1,53.1]""]",False,1.4210854715202004e-14,[],True,True
N_ABS_NKCC_S5_PNOM_KMID_AE4NA05_P2_H1:B00,N_ABS_NKCC_S5_PNOM_KMID_AE4NA05_P2_H1,N_ABS_NKCC,5.0,2.0,1.0,H1,PRODUCTION_PRE_REVEAL,True,True,False,2.932116355269798e-11,1.0423086005406645e-13,2.932116355269798e-15,1.2924697071141057e-26,1.3444106938820255e-16,True,True,2.686436142984583e-11,11,0,5.842082373419544e-11,True,"{""cl_i_mM"":62.899581677357965,""cl_l_mM"":146.4729734730453,""k_i_mM"":127.18683004779632,""k_l_mM"":25.960710594308484,""na_i_mM"":10.727751259445682,""na_l_mM"":124.41356450057197,""ph_i"":6.889618188943524,""ph_l"":6.842333920298727,""tic_i_mM"":5.678417879383553,""tic_l_mM"":4.605653470526858,""v_apical_mV"":-31.527127954094798,""v_basolateral_mV"":-70.54162457424711,""volume_i_pL"":1.3000000000000047,""volume_l_pL"":0.10618401180068425}","[""cl_i_mM:outside_[47.1,53.1]""]",False,0.0,[],True,True
N_ABS_NKCC_S5_PNOM_KMID_AE4NA10_P1_H1:B00,N_ABS_NKCC_S5_PNOM_KMID_AE4NA10_P1_H1,N_ABS_NKCC,5.0,1.0,1.0,H1,PRODUCTION_PRE_REVEAL,True,True,False,6.4900342044982295e-12,3.660266534311063e-16,6.49003420449823e-16,4.8467614016778965e-26,5.611830444784971e-16,True,True,6.4900342044982295e-12,11,0,2.842170943040401e-14,True,"{""cl_i_mM"":49.322181588548,""cl_l_mM"":145.12769303571613,""k_i_mM"":97.12384305001838,""k_l_mM"":19.360141845776745,""na_i_mM"":27.435391814467625,""na_l_mM"":130.95488473955007,""ph_i"":6.890428202372143,""ph_l"":6.936706386307984,""tic_i_mM"":5.922552224959482,""tic_l_mM"":5.939973483085484,""v_apical_mV"":-35.77920442437243,""v_basolateral_mV"":-67.0983980320326,""volume_i_pL"":1.3,""volume_l_pL"":0.10469359259483622}","[""k_i_mM:outside_[100,160]""]",False,1.4210854715202004e-14,[],True,True
N_ABS_NKCC_S5_PNOM_KMID_AE4NA10_P2_H1:B00,N_ABS_NKCC_S5_PNOM_KMID_AE4NA10_P2_H1,N_ABS_NKCC,5.0,2.0,1.0,H1,PRODUCTION_PRE_REVEAL,True,True,False,8.740837914578137e-12,1.2732870313669764e-15,8.740837914578137e-16,1.6155871338926322e-26,1.968911145233676e-16,True,True,3.829402073218802e-12,11,0,6.146194664324867e-13,True,"{""cl_i_mM"":59.522194230432525,""cl_l_mM"":146.41598560456572,""k_i_mM"":123.99607312905735,""k_l_mM"":24.17606276089271,""na_i_mM"":12.380049144311341,""na_l_mM"":126.19444460834569,""ph_i"":6.960348195459915,""ph_l"":6.844773670855448,""tic_i_mM"":6.590173303927892,""tic_l_mM"":4.664462082479841,""v_apical_mV"":-32.918138449078654,""v_basolateral_mV"":-71.50668550133967,""volume_i_pL"":1.3,""volume_l_pL"":0.10614268059910038}","[""cl_i_mM:outside_[47.1,53.1]""]",False,0.0,[],True,True
N_ABS_NKCC_S5_PNOM_KMID_AE4NA20_P1_H1:B00,N_ABS_NKCC_S5_PNOM_KMID_AE4NA20_P1_H1,N_ABS_NKCC,5.0,1.0,1.0,H1,PRODUCTION_PRE_REVEAL,True,True,False,7.570983770466277e-12,3.608224830031759e-16,7.570983770466277e-16,1.9387045606711586e-26,1.8735013540549517e-16,True,True,7.570983770466277e-12,11,0,2.1316282072803006e-14,True,"{""cl_i_mM"":45.50964203735811,""cl_l_mM"":144.35203564932328,""k_i_mM"":81.12681593929507,""k_l_mM"":16.17066130714972,""na_i_mM"":41.50764460370601,""na_l_mM"":134.11255028108533,""ph_i"":6.954868213438879,""ph_l"":6.974184673300109,""tic_i_mM"":6.991655076309093,""tic_l_mM"":6.720064504064305,""v_apical_mV"":-36.955537635473085,""v_basolateral_mV"":-64.67859099289079,""volume_i_pL"":1.3,""volume_l_pL"":0.10411233169188111}","[""cl_i_mM:outside_[47.1,53.1]"",""na_i_mM:outside_[10,35]"",""k_i_mM:outside_[100,160]""]",False,0.0,[],True,True
N_ABS_NKCC_S5_PNOM_KMID_AE4NA20_P2_H1:B00,N_ABS_NKCC_S5_PNOM_KMID_AE4NA20_P2_H1,N_ABS_NKCC,5.0,2.0,1.0,H1,PRODUCTION_PRE_REVEAL,True,True,False,1.5720931501039814e-12,2.8536201179818477e-16,1.5720931501039814e-16,0.0,1.9081958235744878e-17,True,True,1.5720931501039814e-12,11,0,4.263256414560601e-14,True,"{""cl_i_mM"":55.52765676824734,""cl_l_mM"":146.32526501104104,""k_i_mM"":120.25264851154597,""k_l_mM"":22.172050704892253,""na_i_mM"":14.843869592195677,""na_l_mM"":128.19176882516786,""ph_i"":7.053447029700704,""ph_l"":6.847793290735251,""tic_i_mM"":8.078404800607286,""tic_l_mM"":4.758531097036095,""v_apical_mV"":-34.638675730242184,""v_basolateral_mV"":-72.57666290428136,""volume_i_pL"":1.3,""volume_l_pL"":0.10607179029161679}","[""cl_i_mM:outside_[47.1,53.1]"",""ph_i:outside_[6.77,7.05]""]",False,0.0,[],True,True
N_ABS_NKCC_S6_PHIGH_KHIGH_AE4NA05_P1_H1:B00,N_ABS_NKCC_S6_PHIGH_KHIGH_AE4NA05_P1_H1,N_ABS_NKCC,6.0,1.0,1.0,H1,PRODUCTION_PRE_REVEAL,True,True,False,1.747300221177639e-11,1.6740081543176188e-16,1.747300221177639e-15,1.2924697071141057e-26,2.5326962749261384e-16,True,True,1.4255090163839412e-11,11,0,4.263256414560601e-14,True,"{""cl_i_mM"":55.59636926939957,""cl_l_mM"":145.55600443325622,""k_i_mM"":109.64607654615682,""k_l_mM"":23.853602173432567,""na_i_mM"":20.083374962741967,""na_l_mM"":126.48750198751307,""ph_i"":6.848654700676117,""ph_l"":6.915387368749652,""tic_i_mM"":5.344807414302107,""tic_l_mM"":5.514556943503602,""v_apical_mV"":-33.36126896158609,""v_basolateral_mV"":-66.4292699775689,""volume_i_pL"":1.3,""volume_l_pL"":0.1053086292972033}","[""cl_i_mM:outside_[47.1,53.1]""]",False,0.0,[],True,True
N_ABS_NKCC_S6_PHIGH_KHIGH_AE4NA05_P2_H1:B00,N_ABS_NKCC_S6_PHIGH_KHIGH_AE4NA05_P2_H1,N_ABS_NKCC,6.0,2.0,1.0,H1,PRODUCTION_PRE_REVEAL,True,True,False,2.0543462764255338e-11,2.7755575615628914e-16,2.0543462764255338e-15,2.908056841006738e-26,3.226585665316861e-16,True,True,1.60960654527198e-11,11,0,4.263256414560601e-14,True,"{""cl_i_mM"":65.6008970423998,""cl_l_mM"":146.4579998797113,""k_i_mM"":129.87968916018568,""k_l_mM"":28.425634162794715,""na_i_mM"":10.869057258136147,""na_l_mM"":121.95912530211817,""ph_i"":6.8954478108767825,""ph_l"":6.848517451448289,""tic_i_mM"":5.7334253582798835,""tic_l_mM"":4.625636106154536,""v_apical_mV"":-30.63598693340834,""v_basolateral_mV"":-68.9177297632858,""volume_i_pL"":1.3,""volume_l_pL"":0.10651291124228994}","[""cl_i_mM:outside_[47.1,53.1]""]",False,3.552713678800501e-15,[],True,True
N_ABS_NKCC_S6_PHIGH_KHIGH_AE4NA10_P1_H1:B00,N_ABS_NKCC_S6_PHIGH_KHIGH_AE4NA10_P1_H1,N_ABS_NKCC,6.0,1.0,1.0,H1,PRODUCTION_PRE_REVEAL,True,True,False,9.6710833785707e-13,1.7694179454963432e-16,9.6710833785707e-17,3.2311742677852644e-27,5.204170427930421e-17,True,True,9.6710833785707e-13,11,0,2.842170943040401e-14,True,"{""cl_i_mM"":50.762409013029384,""cl_l_mM"":145.0763436141125,""k_i_mM"":97.8376238657698,""k_l_mM"":20.610218287429937,""na_i_mM"":28.242950169361123,""na_l_mM"":129.70968858488368,""ph_i"":6.893614111124449,""ph_l"":6.942520187088692,""tic_i_mM"":5.962257159393365,""tic_l_mM"":5.994172312993032,""v_apical_mV"":-35.08655940629514,""v_basolateral_mV"":-65.68400250015706,""volume_i_pL"":1.3,""volume_l_pL"":0.10485768120303973}","[""k_i_mM:outside_[100,160]""]",False,1.4210854715202004e-14,[],True,True
N_ABS_NKCC_S6_PHIGH_KHIGH_AE4NA10_P2_H1:B00,N_ABS_NKCC_S6_PHIGH_KHIGH_AE4NA10_P2_H1,N_ABS_NKCC,6.0,2.0,1.0,H1,PRODUCTION_PRE_REVEAL,True,True,False,2.3310346708438345e-12,3.885780586188048e-16,2.3310346708438345e-16,9.693522803355793e-27,7.806255641895632e-17,True,True,4.7856683893510166e-12,11,0,3.552713678800501e-14,True,"{""cl_i_mM"":61.953210853082204,""cl_l_mM"":146.41376147145948,""k_i_mM"":126.36589043240768,""k_l_mM"":26.293758087003084,""na_i_mM"":12.579438978209327,""na_l_mM"":124.08771957666868,""ph_i"":6.965923846793999,""ph_l"":6.8496677554446235,""tic_i_mM"":6.652909382996373,""tic_l_mM"":4.6720040647806105,""v_apical_mV"":-32.10555009443195,""v_basolateral_mV"":-70.04454076696425,""volume_i_pL"":1.3,""volume_l_pL"":0.106488450867859}","[""cl_i_mM:outside_[47.1,53.1]""]",False,0.0,[],True,True
N_ABS_NKCC_S6_PHIGH_KHIGH_AE4NA20_P1_H1:B00,N_ABS_NKCC_S6_PHIGH_KHIGH_AE4NA20_P1_H1,N_ABS_NKCC,6.0,1.0,1.0,H1,PRODUCTION_PRE_REVEAL,True,True,False,2.636454422833001e-11,5.828670879282072e-16,2.636454422833001e-15,6.462348535570529e-27,9.454242944073599e-17,True,True,1.0277152392990097e-11,11,0,7.460698725481052e-14,True,"{""cl_i_mM"":46.70049134858581,""cl_l_mM"":144.3038932691925,""k_i_mM"":81.16847870356042,""k_l_mM"":16.96742382729604,""na_i_mM"":42.73929331459347,""na_l_mM"":133.3196246326786,""ph_i"":6.95756129504361,""ph_l"":6.978495513523371,""tic_i_mM"":7.0395805333852035,""tic_l_mM"":6.771031538618717,""v_apical_mV"":-36.32818343911025,""v_basolateral_mV"":-63.40925178986849,""volume_i_pL"":1.3,""volume_l_pL"":0.10425374484149562}","[""cl_i_mM:outside_[47.1,53.1]"",""na_i_mM:outside_[10,35]"",""k_i_mM:outside_[100,160]""]",False,7.105427357601002e-15,[],True,True
N_ABS_NKCC_S6_PHIGH_KHIGH_AE4NA20_P2_H1:B00,N_ABS_NKCC_S6_PHIGH_KHIGH_AE4NA20_P2_H1,N_ABS_NKCC,6.0,2.0,1.0,H1,PRODUCTION_PRE_REVEAL,True,True,False,5.787471196727623e-12,4.761815941556335e-16,5.787471196727623e-16,1.6155871338926322e-26,2.3158558404290375e-16,True,True,3.3328374782204406e-12,11,0,3.552713678800501e-15,True,"{""cl_i_mM"":57.63280765456606,""cl_l_mM"":146.3346635336827,""k_i_mM"":122.17844533806763,""k_l_mM"":23.91088224872539,""na_i_mM"":15.157592533374038,""na_l_mM"":126.46423739785577,""ph_i"":7.0582765970181285,""ph_l"":6.851411456224302,""tic_i_mM"":8.147588345420813,""tic_l_mM"":4.754766090788146,""v_apical_mV"":-33.92195106762395,""v_basolateral_mV"":-71.28251569609841,""volume_i_pL"":1.3,""volume_l_pL"":0.10643126322713421}","[""cl_i_mM:outside_[47.1,53.1]"",""ph_i:outside_[6.77,7.05]""]",False,0.0,[],True,True
N_ABS_NKCC_S6_PHIGH_KLOW_AE4NA05_P1_H1:B00,N_ABS_NKCC_S6_PHIGH_KLOW_AE4NA05_P1_H1,N_ABS_NKCC,6.0,1.0,1.0,H1,PRODUCTION_PRE_REVEAL,True,True,False,5.345116710353537e-12,9.35015953551499e-16,5.345116710353537e-16,1.9387045606711586e-26,1.9949319973733282e-16,True,True,8.808058449272238e-12,11,0,4.298783551348606e-13,True,"{""cl_i_mM"":54.93757567454949,""cl_l_mM"":145.8183109935806,""k_i_mM"":108.4679068788781,""k_l_mM"":19.547154342261667,""na_i_mM"":20.558063251534325,""na_l_mM"":130.7927382897189,""ph_i"":6.846584432893805,""ph_l"":6.890263956771917,""tic_i_mM"":5.327448126798434,""tic_l_mM"":5.252181134705152,""v_apical_mV"":-33.88224163899421,""v_basolateral_mV"":-69.05020068276762,""volume_i_pL"":1.3,""volume_l_pL"":0.10528144051685463}","[""cl_i_mM:outside_[47.1,53.1]""]",False,7.105427357601002e-15,[],True,True
N_ABS_NKCC_S6_PHIGH_KLOW_AE4NA05_P2_H1:B00,N_ABS_NKCC_S6_PHIGH_KLOW_AE4NA05_P2_H1,N_ABS_NKCC,6.0,2.0,1.0,H1,PRODUCTION_PRE_REVEAL,True,True,False,9.707946252435207e-12,3.608224830031759e-16,9.707946252435207e-16,4.8467614016778965e-26,3.400058012914542e-16,True,True,9.707946252435207e-12,11,0,1.4210854715202004e-14,True,"{""cl_i_mM"":65.22139409915712,""cl_l_mM"":146.72210901029445,""k_i_mM"":129.41308559796374,""k_l_mM"":22.621035703906006,""na_i_mM"":10.927835096527312,""na_l_mM"":127.7600355792577,""ph_i"":6.894118092229029,""ph_l"":6.816657059050114,""tic_i_mM"":5.723197047452308,""tic_l_mM"":4.3599911813731635,""v_apical_mV"":-30.96905738610493,""v_basolateral_mV"":-71.96688784095564,""volume_i_pL"":1.3,""volume_l_pL"":0.10640201489899961}","[""cl_i_mM:outside_[47.1,53.1]""]",False,1.4210854715202004e-14,[],True,True
N_ABS_NKCC_S6_PHIGH_KLOW_AE4NA10_P1_H1:B00,N_ABS_NKCC_S6_PHIGH_KLOW_AE4NA10_P1_H1,N_ABS_NKCC,6.0,1.0,1.0,H1,PRODUCTION_PRE_REVEAL,True,True,False,8.07188517415458e-12,4.718447854656915e-16,8.071885174154581e-16,3.2311742677852644e-26,3.0184188481996443e-16,True,True,2.8569811447165527e-11,11,0,9.237055564881302e-14,True,"{""cl_i_mM"":50.226835774317095,""cl_l_mM"":145.31023474873837,""k_i_mM"":96.53995219168398,""k_l_mM"":17.09980943700475,""na_i_mM"":28.958224473049846,""na_l_mM"":133.21919639344745,""ph_i"":6.891518781293027,""ph_l"":6.922094277824807,""tic_i_mM"":5.943726919055227,""tic_l_mM"":5.760545876646589,""v_apical_mV"":-35.5451374840775,""v_basolateral_mV"":-67.832109569849,""volume_i_pL"":1.3,""volume_l_pL"":0.10484417268442679}","[""k_i_mM:outside_[100,160]""]",False,1.4210854715202004e-14,[],True,True
N_ABS_NKCC_S6_PHIGH_KLOW_AE4NA10_P2_H1:B00,N_ABS_NKCC_S6_PHIGH_KLOW_AE4NA10_P2_H1,N_ABS_NKCC,6.0,2.0,1.0,H1,PRODUCTION_PRE_REVEAL,True,True,False,1.197176038858494e-11,8.326672684688674e-16,1.197176038858494e-15,1.9387045606711586e-26,3.1051550219984847e-16,True,True,1.197176038858494e-11,11,0,1.4210854715202004e-14,True,"{""cl_i_mM"":61.660779396330376,""cl_l_mM"":146.65100736706262,""k_i_mM"":125.98782215309693,""k_l_mM"":20.89442840579358,""na_i_mM"":12.635863478892984,""na_l_mM"":129.4833464843679,""ph_i"":6.96464498616229,""ph_l"":6.8212671899146295,""tic_i_mM"":6.641353858816352,""tic_l_mM"":4.433213340746506,""v_apical_mV"":-32.38113020700851,""v_basolateral_mV"":-72.75679979675556,""volume_i_pL"":1.3,""volume_l_pL"":0.10637705298391409}","[""cl_i_mM:outside_[47.1,53.1]""]",False,1.4210854715202004e-14,[],True,True
N_ABS_NKCC_S6_PHIGH_KLOW_AE4NA20_P1_H1:B00,N_ABS_NKCC_S6_PHIGH_KLOW_AE4NA20_P1_H1,N_ABS_NKCC,6.0,1.0,1.0,H1,PRODUCTION_PRE_REVEAL,True,True,False,2.5114459123454225e-11,3.053980679457169e-15,2.5114459123454225e-15,2.261821987449685e-26,3.616898447411643e-16,True,True,6.615801656506548e-12,11,0,2.842170943040401e-14,True,"{""cl_i_mM"":46.38670757709525,""cl_l_mM"":144.50934967443158,""k_i_mM"":79.90816441113016,""k_l_mM"":14.356970492584724,""na_i_mM"":43.655806481997494,""na_l_mM"":135.929544171615,""ph_i"":6.95617949132548,""ph_l"":6.962762081016473,""tic_i_mM"":7.028996206686386,""tic_l_mM"":6.566216064484164,""v_apical_mV"":-36.65712206303884,""v_basolateral_mV"":-65.00671921705856,""volume_i_pL"":1.3000000000000005,""volume_l_pL"":0.10425601914681548}","[""cl_i_mM:outside_[47.1,53.1]"",""na_i_mM:outside_[10,35]"",""k_i_mM:outside_[100,160]""]",False,1.4210854715202004e-14,[],True,True
N_ABS_NKCC_S6_PHIGH_KLOW_AE4NA20_P2_H1:B00,N_ABS_NKCC_S6_PHIGH_KLOW_AE4NA20_P2_H1,N_ABS_NKCC,6.0,2.0,1.0,H1,PRODUCTION_PRE_REVEAL,True,True,False,2.4897618688957124e-11,3.3306690738754696e-16,2.4897618688957124e-15,1.9387045606711586e-26,2.7755575615628914e-16,True,True,9.287275809510831e-12,11,0,1.2079226507921703e-13,True,"{""cl_i_mM"":57.42380668424074,""cl_l_mM"":146.54111043296547,""k_i_mM"":121.88278285780783,""k_l_mM"":18.983260859355422,""na_i_mM"":15.21508499428465,""na_l_mM"":131.38814602317402,""ph_i"":7.057099758829071,""ph_l"":6.8270128480821946,""tic_i_mM"":8.134697345875436,""tic_l_mM"":4.5467796273205785,""v_apical_mV"":-34.1352147018925,""v_basolateral_mV"":-73.60870579603063,""volume_i_pL"":1.3,""volume_l_pL"":0.10631976501177837}","[""cl_i_mM:outside_[47.1,53.1]"",""ph_i:outside_[6.77,7.05]""]",False,1.4210854715202004e-14,[],True,True
N_ABS_NKCC_S6_PLOW_KHIGH_AE4NA05_P1_H1:B00,N_ABS_NKCC_S6_PLOW_KHIGH_AE4NA05_P1_H1,N_ABS_NKCC,6.0,1.0,1.0,H1,PRODUCTION_PRE_REVEAL,True,True,False,1.6789954843110522e-11,3.608224830031759e-16,1.6789954843110522e-15,9.693522803355793e-27,1.3964523981613297e-16,True,True,1.7393855453184948e-11,11,0,1.4210854715202004e-14,True,"{""cl_i_mM"":56.044580338446615,""cl_l_mM"":145.56159319745126,""k_i_mM"":110.37790985248238,""k_l_mM"":25.05015591608011,""na_i_mM"":19.82090404383722,""na_l_mM"":125.28492774066663,""ph_i"":6.849348486159173,""ph_l"":6.912404393798687,""tic_i_mM"":5.357888757597954,""tic_l_mM"":5.506225897675234,""v_apical_mV"":-33.016698869239086,""v_basolateral_mV"":-66.51594829630537,""volume_i_pL"":1.3,""volume_l_pL"":0.10512260989060229}","[""cl_i_mM:outside_[47.1,53.1]""]",False,0.0,[],True,True
N_ABS_NKCC_S6_PLOW_KHIGH_AE4NA05_P2_H1:B00,N_ABS_NKCC_S6_PLOW_KHIGH_AE4NA05_P2_H1,N_ABS_NKCC,6.0,2.0,1.0,H1,PRODUCTION_PRE_REVEAL,True,True,False,9.560494756977178e-12,2.3418766925686896e-16,9.560494756977178e-16,2.261821987449685e-26,3.3133218391157016e-16,True,True,7.105861038469996e-12,11,0,1.0658141036401503e-14,True,"{""cl_i_mM"":66.07968416208996,""cl_l_mM"":146.45678848324627,""k_i_mM"":130.43395119282903,""k_l_mM"":30.018504232909006,""na_i_mM"":10.812474822031701,""na_l_mM"":120.35854151078757,""ph_i"":6.895877389435865,""ph_l"":6.845230442645627,""tic_i_mM"":5.748023688132308,""tic_l_mM"":4.623303527393399,""v_apical_mV"":-30.260969215816743,""v_basolateral_mV"":-68.96477303420129,""volume_i_pL"":1.3,""volume_l_pL"":0.10627392902224884}","[""cl_i_mM:outside_[47.1,53.1]""]",False,0.0,[],True,True
N_ABS_NKCC_S6_PLOW_KHIGH_AE4NA10_P1_H1:B00,N_ABS_NKCC_S6_PLOW_KHIGH_AE4NA10_P1_H1,N_ABS_NKCC,6.0,1.0,1.0,H1,PRODUCTION_PRE_REVEAL,True,True,False,2.476317761956892e-12,1.6653345369377348e-16,2.476317761956892e-16,9.693522803355793e-27,1.5612511283791264e-16,True,True,4.730374078554256e-12,11,0,3.552713678800501e-14,True,"{""cl_i_mM"":51.1990265742769,""cl_l_mM"":145.08566754682016,""k_i_mM"":98.77313933548935,""k_l_mM"":21.778776407102765,""na_i_mM"":27.772276379202907,""na_l_mM"":128.5346831005552,""ph_i"":6.894556311738478,""ph_l"":6.939235397608135,""tic_i_mM"":5.978895535756679,""tic_l_mM"":5.981866309547173,""v_apical_mV"":-34.7230649489922,""v_basolateral_mV"":-65.834268702488,""volume_i_pL"":1.3,""volume_l_pL"":0.10465750993215442}","[""k_i_mM:outside_[100,160]""]",False,7.105427357601002e-15,[],True,True
N_ABS_NKCC_S6_PLOW_KHIGH_AE4NA10_P2_H1:B00,N_ABS_NKCC_S6_PLOW_KHIGH_AE4NA10_P2_H1,N_ABS_NKCC,6.0,2.0,1.0,H1,PRODUCTION_PRE_REVEAL,True,True,False,1.3723831099321515e-11,6.609296443471635e-16,1.3723831099321515e-15,1.6155871338926322e-26,2.1163626406917047e-16,True,True,1.3723831099321515e-11,11,0,7.460698725481052e-14,True,"{""cl_i_mM"":62.491962615895865,""cl_l_mM"":146.41265814341733,""k_i_mM"":127.01328617924125,""k_l_mM"":28.06289016899861,""na_i_mM"":12.501515124076853,""na_l_mM"":122.30931939031365,""ph_i"":6.9666299772020945,""ph_l"":6.84569926024274,""tic_i_mM"":6.67585289350534,""tic_l_mM"":4.668873856008869,""v_apical_mV"":-31.658188021811522,""v_basolateral_mV"":-70.11048886265228,""volume_i_pL"":1.3,""volume_l_pL"":0.1062018334236699}","[""cl_i_mM:outside_[47.1,53.1]""]",False,7.105427357601002e-15,[],True,True
N_ABS_NKCC_S6_PLOW_KHIGH_AE4NA20_P1_H1:B00,N_ABS_NKCC_S6_PLOW_KHIGH_AE4NA20_P1_H1,N_ABS_NKCC,6.0,1.0,1.0,H1,PRODUCTION_PRE_REVEAL,True,True,False,1.2846711541780742e-11,1.942890293094024e-16,1.2846711541780742e-15,1.9387045606711586e-26,2.0556473190325164e-16,True,True,1.2846711541780742e-11,11,0,1.4210854715202004e-14,True,"{""cl_i_mM"":47.02921168286807,""cl_l_mM"":144.31167568474626,""k_i_mM"":82.25840264397787,""k_l_mM"":18.002408088952446,""na_i_mM"":42.000637051854405,""na_l_mM"":132.27793184709333,""ph_i"":6.95825179279755,""ph_l"":6.975521910095699,""tic_i_mM"":7.0534568398024815,""tic_l_mM"":6.760077974610846,""v_apical_mV"":-36.00284124170525,""v_basolateral_mV"":-63.65545081171789,""volume_i_pL"":1.3,""volume_l_pL"":0.10404401578623014}","[""cl_i_mM:outside_[47.1,53.1]"",""na_i_mM:outside_[10,35]"",""k_i_mM:outside_[100,160]""]",False,7.105427357601002e-15,[],True,True
N_ABS_NKCC_S6_PLOW_KHIGH_AE4NA20_P2_H1:B00,N_ABS_NKCC_S6_PLOW_KHIGH_AE4NA20_P2_H1,N_ABS_NKCC,6.0,2.0,1.0,H1,PRODUCTION_PRE_REVEAL,True,True,False,9.547484330907352e-12,3.7470027081099033e-16,9.547484330907352e-16,1.9387045606711586e-26,3.8250652645288596e-16,True,True,9.547484330907352e-12,11,0,1.7763568394002505e-15,True,"{""cl_i_mM"":58.23062331182347,""cl_l_mM"":146.33438064203537,""k_i_mM"":122.94719506777915,""k_l_mM"":25.82415791804246,""na_i_mM"":15.037471558765585,""na_l_mM"":124.53999847326205,""ph_i"":7.05939348966588,""ph_l"":6.8466540508617175,""tic_i_mM"":8.185476866172422,""tic_l_mM"":4.750083736070485,""v_apical_mV"":-33.393157830828294,""v_basolateral_mV"":-71.37663776961122,""volume_i_pL"":1.3,""volume_l_pL"":0.10609312756113061}","[""cl_i_mM:outside_[47.1,53.1]"",""ph_i:outside_[6.77,7.05]""]",False,7.105427357601002e-15,[],True,True
N_ABS_NKCC_S6_PLOW_KLOW_AE4NA05_P1_H1:B00,N_ABS_NKCC_S6_PLOW_KLOW_AE4NA05_P1_H1,N_ABS_NKCC,6.0,1.0,1.0,H1,PRODUCTION_PRE_REVEAL,True,True,False,1.7607443281164592e-12,3.885780586188048e-16,1.7607443281164592e-16,2.261821987449685e-26,2.2985086056692694e-16,True,True,4.216462248796127e-12,11,0,8.526512829121202e-14,True,"{""cl_i_mM"":55.33644382902353,""cl_l_mM"":145.8290418806854,""k_i_mM"":109.12818659318273,""k_l_mM"":20.925706754289976,""na_i_mM"":20.315093987954537,""na_l_mM"":129.40864150187767,""ph_i"":6.847181402386684,""ph_l"":6.886923387234894,""tic_i_mM"":5.339005954133045,""tic_l_mM"":5.238930202958432,""v_apical_mV"":-33.57267799548437,""v_basolateral_mV"":-69.16768649467967,""volume_i_pL"":1.3,""volume_l_pL"":0.1051102462486958}","[""cl_i_mM:outside_[47.1,53.1]""]",False,0.0,[],True,True
N_ABS_NKCC_S6_PLOW_KLOW_AE4NA05_P2_H1:B00,N_ABS_NKCC_S6_PLOW_KLOW_AE4NA05_P2_H1,N_ABS_NKCC,6.0,2.0,1.0,H1,PRODUCTION_PRE_REVEAL,True,True,False,1.4118480690106239e-11,3.3306690738754696e-16,1.4118480690106239e-15,2.261821987449685e-26,3.625572064791527e-16,True,True,1.4118480690106239e-11,11,0,2.842170943040401e-14,True,"{""cl_i_mM"":65.644239734395,""cl_l_mM"":146.72637008172367,""k_i_mM"":129.90133028592018,""k_l_mM"":24.432738711858153,""na_i_mM"":10.878804873496012,""na_l_mM"":125.94131121136556,""ph_i"":6.894474983479881,""ph_l"":6.812975708009276,""tic_i_mM"":5.736113186762683,""tic_l_mM"":4.352522343387877,""v_apical_mV"":-30.63566076387399,""v_basolateral_mV"":-72.04944131705726,""volume_i_pL"":1.3,""volume_l_pL"":0.10618486751262281}","[""cl_i_mM:outside_[47.1,53.1]""]",False,2.842170943040401e-14,[],True,True
N_ABS_NKCC_S6_PLOW_KLOW_AE4NA10_P1_H1:B00,N_ABS_NKCC_S6_PLOW_KLOW_AE4NA10_P1_H1,N_ABS_NKCC,6.0,1.0,1.0,H1,PRODUCTION_PRE_REVEAL,True,True,False,1.3767199186220935e-11,2.781108676686017e-14,1.3767199186220935e-15,2.261821987449685e-26,2.5066754227864863e-16,True,True,1.3767199186220935e-11,11,0,1.4836132322670892e-11,True,"{""cl_i_mM"":50.61496899257764,""cl_l_mM"":145.32518797289654,""k_i_mM"":97.38983894424209,""k_l_mM"":18.458230770255803,""na_i_mM"":28.520717994567587,""na_l_mM"":131.85480995526854,""ph_i"":6.892318928325274,""ph_l"":6.91845031662666,""tic_i_mM"":5.958196573913603,""tic_l_mM"":5.742837901223751,""v_apical_mV"":-35.218632428898715,""v_basolateral_mV"":-68.012705662967,""volume_i_pL"":1.300000000000001,""volume_l_pL"":0.10465906460286185}","[""k_i_mM:outside_[100,160]""]",False,0.0,[],True,True
N_ABS_NKCC_S6_PLOW_KLOW_AE4NA10_P2_H1:B00,N_ABS_NKCC_S6_PLOW_KLOW_AE4NA10_P2_H1,N_ABS_NKCC,6.0,2.0,1.0,H1,PRODUCTION_PRE_REVEAL,True,True,False,8.560860353945543e-12,3.3306690738754696e-16,8.560860353945543e-16,1.9387045606711586e-26,1.6479873021779667e-16,True,True,8.560860353945543e-12,11,0,0.0,True,"{""cl_i_mM"":62.13897111720063,""cl_l_mM"":146.65612075570326,""k_i_mM"":126.56098327270831,""k_l_mM"":22.9147751004679,""na_i_mM"":12.5677589404671,""na_l_mM"":127.4545458607522,""ph_i"":6.965245551393844,""ph_l"":6.816875465139172,""tic_i_mM"":6.661712767862286,""tic_l_mM"":4.42425991710582,""v_apical_mV"":-31.98203043620122,""v_basolateral_mV"":-72.86237622431507,""volume_i_pL"":1.3,""volume_l_pL"":0.10611607252393782}","[""cl_i_mM:outside_[47.1,53.1]""]",False,1.4210854715202004e-14,[],True,True
N_ABS_NKCC_S6_PLOW_KLOW_AE4NA20_P1_H1:B00,N_ABS_NKCC_S6_PLOW_KLOW_AE4NA20_P1_H1,N_ABS_NKCC,6.0,1.0,1.0,H1,PRODUCTION_PRE_REVEAL,True,True,False,4.161167937999366e-12,8.881784197001252e-16,4.161167937999366e-16,2.261821987449685e-26,2.0469737016526324e-16,True,True,1.7054500173196985e-12,11,0,1.2789769243681803e-13,True,"{""cl_i_mM"":46.678362994032575,""cl_l_mM"":144.52390295955996,""k_i_mM"":80.90422389202394,""k_l_mM"":15.588226262471753,""na_i_mM"":42.96983943492049,""na_l_mM"":134.69203486443078,""ph_i"":6.956730624826019,""ph_l"":6.959407149958311,""tic_i_mM"":7.040578304232231,""tic_l_mM"":6.5487126027783695,""v_apical_mV"":-36.36509017286034,""v_basolateral_mV"":-65.27915752695083,""volume_i_pL"":1.3,""volume_l_pL"":0.10406063956933292}","[""cl_i_mM:outside_[47.1,53.1]"",""na_i_mM:outside_[10,35]"",""k_i_mM:outside_[100,160]""]",False,1.4210854715202004e-14,[],True,True
N_ABS_NKCC_S6_PLOW_KLOW_AE4NA20_P2_H1:B00,N_ABS_NKCC_S6_PLOW_KLOW_AE4NA20_P2_H1,N_ABS_NKCC,6.0,2.0,1.0,H1,PRODUCTION_PRE_REVEAL,True,True,False,3.174543961037557e-12,5.551115123125783e-16,3.174543961037557e-16,1.2924697071141057e-26,1.9168694409543718e-16,True,True,3.174543961037557e-12,11,0,0.0,True,"{""cl_i_mM"":57.957853344197154,""cl_l_mM"":146.5476906437039,""k_i_mM"":122.56794663775838,""k_l_mM"":21.179655128423647,""na_i_mM"":15.108879001975708,""na_l_mM"":129.18171260270574,""ph_i"":7.05806826301698,""ph_l"":6.821815822937815,""tic_i_mM"":8.168499942012202,""tic_l_mM"":4.535678438369604,""v_apical_mV"":-33.661081309285244,""v_basolateral_mV"":-73.74602277042511,""volume_i_pL"":1.3,""volume_l_pL"":0.10601067761395518}","[""cl_i_mM:outside_[47.1,53.1]"",""ph_i:outside_[6.77,7.05]""]",False,0.0,[],True,True
N_ABS_NKCC_S6_PNOM_KMID_AE4NA05_P1_H1:B00,N_ABS_NKCC_S6_PNOM_KMID_AE4NA05_P1_H1,N_ABS_NKCC,6.0,1.0,1.0,H1,PRODUCTION_PRE_REVEAL,True,True,False,1.354168513434395e-11,1.4051260155412137e-16,1.354168513434395e-15,3.554291694563791e-26,4.0158848468863084e-16,True,True,1.354168513434395e-11,11,0,4.263256414560601e-14,True,"{""cl_i_mM"":55.372662924794135,""cl_l_mM"":145.70659172665648,""k_i_mM"":109.22147462573808,""k_l_mM"":22.62388791660306,""na_i_mM"":20.265651537105246,""na_l_mM"":127.71438888873438,""ph_i"":6.8476928306463245,""ph_l"":6.900251187932973,""tic_i_mM"":5.339272491585604,""tic_l_mM"":5.362959375515074,""v_apical_mV"":-33.53647721840775,""v_basolateral_mV"":-67.93453842149678,""volume_i_pL"":1.3,""volume_l_pL"":0.10522716277439131}","[""cl_i_mM:outside_[47.1,53.1]""]",False,7.105427357601002e-15,[],True,True
N_ABS_NKCC_S6_PNOM_KMID_AE4NA05_P2_H1:B00,N_ABS_NKCC_S6_PNOM_KMID_AE4NA05_P2_H1,N_ABS_NKCC,6.0,2.0,1.0,H1,PRODUCTION_PRE_REVEAL,True,True,False,3.3501847129802087e-12,5.946632075648495e-15,3.3501847129802087e-16,3.877409121342317e-26,3.694961003830599e-16,True,True,3.325248063013042e-11,11,0,1.4210854715202004e-14,True,"{""cl_i_mM"":65.52135678738424,""cl_l_mM"":146.6076893890137,""k_i_mM"":129.76851742748497,""k_l_mM"":26.779694603347405,""na_i_mM"":10.889553148026735,""na_l_mM"":123.60066601738808,""ph_i"":6.8947921607438545,""ph_l"":6.829691452361223,""tic_i_mM"":5.731665447804381,""tic_l_mM"":4.47401783947145,""v_apical_mV"":-30.714261891913043,""v_basolateral_mV"":-70.64791678755223,""volume_i_pL"":1.3000000000000003,""volume_l_pL"":0.10637858675809408}","[""cl_i_mM:outside_[47.1,53.1]""]",False,1.4210854715202004e-14,[],True,True
N_ABS_NKCC_S6_PNOM_KMID_AE4NA10_P1_H1:B00,N_ABS_NKCC_S6_PNOM_KMID_AE4NA10_P1_H1,N_ABS_NKCC,6.0,1.0,1.0,H1,PRODUCTION_PRE_REVEAL,True,True,False,1.1083798809319312e-11,5.828670879282072e-16,1.1083798809319312e-15,1.6155871338926322e-26,2.3071822230491534e-16,True,True,1.1083798809319312e-11,11,0,1.4210854715202004e-14,True,"{""cl_i_mM"":50.624106683213725,""cl_l_mM"":145.2129171209072,""k_i_mM"":97.45915041233866,""k_l_mM"":19.724673547253794,""na_i_mM"":28.466704641630525,""na_l_mM"":130.592153059793,""ph_i"":6.892756713624268,""ph_l"":6.929706308534675,""tic_i_mM"":5.957862546329438,""tic_l_mM"":5.856563591971354,""v_apical_mV"":-35.204546262929895,""v_basolateral_mV"":-66.95665668686433,""volume_i_pL"":1.3,""volume_l_pL"":0.10477031640057011}","[""k_i_mM:outside_[100,160]""]",False,0.0,[],True,True
N_ABS_NKCC_S6_PNOM_KMID_AE4NA10_P2_H1:B00,N_ABS_NKCC_S6_PNOM_KMID_AE4NA10_P2_H1,N_ABS_NKCC,6.0,2.0,1.0,H1,PRODUCTION_PRE_REVEAL,True,True,False,4.852888924045118e-12,3.0878077872387166e-16,4.852888924045118e-16,9.693522803355793e-27,8.933825901280557e-17,True,True,4.852888924045118e-12,11,0,2.842170943040401e-14,True,"{""cl_i_mM"":61.96331538300345,""cl_l_mM"":146.5486456016454,""k_i_mM"":126.35890476638652,""k_l_mM"":24.940119668197436,""na_i_mM"":12.589425440380804,""na_l_mM"":125.43609835041856,""ph_i"":6.965401129576658,""ph_l"":6.832324999187422,""tic_i_mM"":6.653679775984981,""tic_l_mM"":4.534802422006211,""v_apical_mV"":-32.11167585003635,""v_basolateral_mV"":-71.59948994542677,""volume_i_pL"":1.3,""volume_l_pL"":0.10632760038084595}","[""cl_i_mM:outside_[47.1,53.1]""]",False,1.4210854715202004e-14,[],True,True
N_ABS_NKCC_S6_PNOM_KMID_AE4NA20_P1_H1:B00,N_ABS_NKCC_S6_PNOM_KMID_AE4NA20_P1_H1,N_ABS_NKCC,6.0,1.0,1.0,H1,PRODUCTION_PRE_REVEAL,True,True,False,1.0266310371265241e-11,1.3864950854092228e-13,1.0266310371265241e-15,4.2005265481208437e-26,4.119968255444917e-16,True,True,7.810592450585574e-12,11,0,7.065281693030556e-11,True,"{""cl_i_mM"":46.658578712273915,""cl_l_mM"":144.42468306368596,""k_i_mM"":80.9137484453187,""k_l_mM"":16.419598012531576,""na_i_mM"":42.943594308217584,""na_l_mM"":133.8642438153941,""ph_i"":6.957030751313169,""ph_l"":6.968275123813438,""tic_i_mM"":7.0389422098264705,""tic_l_mM"":6.6492336741758065,""v_apical_mV"":-36.37688420330368,""v_basolateral_mV"":-64.42293250456746,""volume_i_pL"":1.3000000000000176,""volume_l_pL"":0.10416427370985491}","[""cl_i_mM:outside_[47.1,53.1]"",""na_i_mM:outside_[10,35]"",""k_i_mM:outside_[100,160]""]",False,7.105427357601002e-15,[],True,True
N_ABS_NKCC_S6_PNOM_KMID_AE4NA20_P2_H1:B00,N_ABS_NKCC_S6_PNOM_KMID_AE4NA20_P2_H1,N_ABS_NKCC,6.0,2.0,1.0,H1,PRODUCTION_PRE_REVEAL,True,True,False,1.3075478200175183e-11,1.205632815803881e-16,1.3075478200175183e-15,6.462348535570529e-27,9.280770596475918e-17,True,True,1.865695098413056e-11,11,0,4.973799150320701e-14,True,"{""cl_i_mM"":57.730371121733704,""cl_l_mM"":146.452827364513,""k_i_mM"":122.28407031687307,""k_l_mM"":22.8589712134358,""na_i_mM"":15.150628181846859,""na_l_mM"":127.50992999270035,""ph_i"":7.057980432451692,""ph_l"":6.835795664785713,""tic_i_mM"":8.153705596301275,""tic_l_mM"":4.633868223609284,""v_apical_mV"":-33.84789644994299,""v_basolateral_mV"":-72.63937095442593,""volume_i_pL"":1.3,""volume_l_pL"":0.10624121699610183}","[""cl_i_mM:outside_[47.1,53.1]"",""ph_i:outside_[6.77,7.05]""]",False,7.105427357601002e-15,[],True,True
N_ABS_NKCC_S7_PHIGH_KHIGH_AE4NA05_P1_H1:B00,N_ABS_NKCC_S7_PHIGH_KHIGH_AE4NA05_P1_H1,N_ABS_NKCC,7.0,1.0,1.0,H1,PRODUCTION_PRE_REVEAL,True,True,False,8.389556410692833e-12,1.3912482277333993e-15,8.389556410692833e-16,6.462348535570529e-27,9.974659986866641e-17,True,True,8.389556410692833e-12,11,0,7.140954494389007e-13,True,"{""cl_i_mM"":56.75733698962932,""cl_l_mM"":145.62744286381132,""k_i_mM"":110.37706200562566,""k_l_mM"":24.25641792533466,""na_i_mM"":20.564967025443863,""na_l_mM"":126.08698887114382,""ph_i"":6.850806260768729,""ph_l"":6.909581998367155,""tic_i_mM"":5.368889884255999,""tic_l_mM"":5.444619620142027,""v_apical_mV"":-32.927528380905386,""v_basolateral_mV"":-66.37886554448181,""volume_i_pL"":1.3,""volume_l_pL"":0.10538937644524134}","[""cl_i_mM:outside_[47.1,53.1]""]",False,7.105427357601002e-15,[],True,True
N_ABS_NKCC_S7_PHIGH_KHIGH_AE4NA05_P2_H1:B00,N_ABS_NKCC_S7_PHIGH_KHIGH_AE4NA05_P2_H1,N_ABS_NKCC,7.0,2.0,1.0,H1,PRODUCTION_PRE_REVEAL,True,True,False,6.604959634781693e-12,1.6653345369377348e-16,6.604959634781693e-16,2.261821987449685e-26,2.498001805406602e-16,True,True,6.604959634781693e-12,11,0,7.105427357601002e-14,True,"{""cl_i_mM"":67.55967477448272,""cl_l_mM"":146.55344676424733,""k_i_mM"":131.8043661589269,""k_l_mM"":29.101670175817855,""na_i_mM"":10.990354092929717,""na_l_mM"":121.28780048956754,""ph_i"":6.899147334962035,""ph_l"":6.839845865249356,""tic_i_mM"":5.771552276551136,""tic_l_mM"":4.532589977313668,""v_apical_mV"":-30.057129714031642,""v_basolateral_mV"":-68.96783612149693,""volume_i_pL"":1.3,""volume_l_pL"":0.10666388627368022}","[""cl_i_mM:outside_[47.1,53.1]""]",False,3.552713678800501e-15,[],True,True
N_ABS_NKCC_S7_PHIGH_KHIGH_AE4NA10_P1_H1:B00,N_ABS_NKCC_S7_PHIGH_KHIGH_AE4NA10_P1_H1,N_ABS_NKCC,7.0,1.0,1.0,H1,PRODUCTION_PRE_REVEAL,True,True,False,2.1009669698424105e-11,1.5404344466674047e-15,2.1009669698424105e-15,2.261821987449685e-26,2.723515857283587e-16,True,True,1.0719506879364182e-11,11,0,1.4210854715202004e-14,True,"{""cl_i_mM"":51.71805813085963,""cl_l_mM"":145.13530429332292,""k_i_mM"":98.07317889298272,""k_l_mM"":20.899760359833483,""na_i_mM"":29.00914418946158,""na_l_mM"":129.42144570106683,""ph_i"":6.895255753718355,""ph_l"":6.937733678107946,""tic_i_mM"":5.987672264769548,""tic_l_mM"":5.936543614124981,""v_apical_mV"":-34.674134794251614,""v_basolateral_mV"":-65.56314952090379,""volume_i_pL"":1.3,""volume_l_pL"":0.10491353655454715}","[""k_i_mM:outside_[100,160]""]",False,7.105427357601002e-15,[],True,True
N_ABS_NKCC_S7_PHIGH_KHIGH_AE4NA10_P2_H1:B00,N_ABS_NKCC_S7_PHIGH_KHIGH_AE4NA10_P2_H1,N_ABS_NKCC,7.0,2.0,1.0,H1,PRODUCTION_PRE_REVEAL,True,True,False,1.525689297121602e-11,2.96637714392034e-16,1.5256892971216018e-15,1.2924697071141057e-26,1.8388068845354155e-16,True,True,1.525689297121602e-11,11,0,1.4210854715202004e-14,True,"{""cl_i_mM"":63.780002751609594,""cl_l_mM"":146.507559098192,""k_i_mM"":128.12874581895952,""k_l_mM"":26.922676839774518,""na_i_mM"":12.737407749858058,""na_l_mM"":123.46320819896566,""ph_i"":6.969539962775547,""ph_l"":6.84109719403993,""tic_i_mM"":6.6985243315300504,""tic_l_mM"":4.580536594619205,""v_apical_mV"":-31.527967257815455,""v_basolateral_mV"":-70.08533443391703,""volume_i_pL"":1.3,""volume_l_pL"":0.1066314774876512}","[""cl_i_mM:outside_[47.1,53.1]""]",False,1.4210854715202004e-14,[],True,True
N_ABS_NKCC_S7_PHIGH_KHIGH_AE4NA20_P1_H1:B00,N_ABS_NKCC_S7_PHIGH_KHIGH_AE4NA20_P1_H1,N_ABS_NKCC,7.0,1.0,1.0,H1,PRODUCTION_PRE_REVEAL,True,True,False,8.937078507798013e-12,3.714129698240143e-13,8.937078507798013e-16,1.2924697071141057e-26,1.3097162243624894e-16,True,True,1.139279642847768e-11,11,0,2.1316282072803006e-14,True,"{""cl_i_mM"":47.548929704429796,""cl_l_mM"":144.35448949226085,""k_i_mM"":81.01783987767851,""k_l_mM"":17.164273314592418,""na_i_mM"":43.792270259965825,""na_l_mM"":133.12322077811726,""ph_i"":6.959126204086214,""ph_l"":6.974390212044827,""tic_i_mM"":7.074207770784606,""tic_l_mM"":6.721759898259159,""v_apical_mV"":-35.90902516807499,""v_basolateral_mV"":-63.21109555248219,""volume_i_pL"":1.3000000000000442,""volume_l_pL"":0.10429132357875272}","[""na_i_mM:outside_[10,35]"",""k_i_mM:outside_[100,160]""]",False,0.0,[],True,True
N_ABS_NKCC_S7_PHIGH_KHIGH_AE4NA20_P2_H1:B00,N_ABS_NKCC_S7_PHIGH_KHIGH_AE4NA20_P2_H1,N_ABS_NKCC,7.0,2.0,1.0,H1,PRODUCTION_PRE_REVEAL,True,True,False,1.51311255192077e-11,1.115427195053087e-15,1.51311255192077e-15,9.693522803355793e-27,1.1622647289044608e-16,True,True,1.0219689677848365e-11,11,0,4.973799150320701e-13,True,"{""cl_i_mM"":59.28112252662085,""cl_l_mM"":146.42446438940013,""k_i_mM"":123.68966091146973,""k_l_mM"":24.472934209390626,""na_i_mM"":15.391524483416669,""na_l_mM"":125.9060806994633,""ph_i"":7.061505358143194,""ph_l"":6.843130032254609,""tic_i_mM"":8.201589876827246,""tic_l_mM"":4.667201009103815,""v_apical_mV"":-33.352475865761384,""v_basolateral_mV"":-71.30160159911996,""volume_i_pL"":1.3,""volume_l_pL"":0.10656141495710887}","[""cl_i_mM:outside_[47.1,53.1]"",""ph_i:outside_[6.77,7.05]""]",False,0.0,[],True,True
N_ABS_NKCC_S7_PHIGH_KLOW_AE4NA05_P1_H1:B00,N_ABS_NKCC_S7_PHIGH_KLOW_AE4NA05_P1_H1,N_ABS_NKCC,7.0,1.0,1.0,H1,PRODUCTION_PRE_REVEAL,True,True,False,3.2378613679107104e-11,4.6894779726081026e-14,3.2378613679107104e-15,1.6155871338926322e-26,1.1275702593849246e-16,True,True,3.2378613679107104e-11,11,0,0.0,True,"{""cl_i_mM"":56.11238551255089,""cl_l_mM"":145.89051421086344,""k_i_mM"":109.18353146618298,""k_l_mM"":19.833885569383558,""na_i_mM"":21.07022281998847,""na_l_mM"":130.50812305557744,""ph_i"":6.8487822599911805,""ph_l"":6.883916307211332,""tic_i_mM"":5.352392901520979,""tic_l_mM"":5.18142186374439,""v_apical_mV"":-33.434719113042675,""v_basolateral_mV"":-69.0329045729936,""volume_i_pL"":1.3000000000000016,""volume_l_pL"":0.10535701212265185}","[""cl_i_mM:outside_[47.1,53.1]""]",False,1.4210854715202004e-14,[],True,True
N_ABS_NKCC_S7_PHIGH_KLOW_AE4NA05_P2_H1:B00,N_ABS_NKCC_S7_PHIGH_KLOW_AE4NA05_P2_H1,N_ABS_NKCC,7.0,2.0,1.0,H1,PRODUCTION_PRE_REVEAL,True,True,False,1.9199052070373313e-11,1.4311468676808659e-16,1.9199052070373313e-15,9.693522803355793e-27,1.6653345369377348e-16,True,True,1.4287616229013977e-11,11,0,2.842170943040401e-14,True,"{""cl_i_mM"":67.22638807404917,""cl_l_mM"":146.81797667289274,""k_i_mM"":131.38750092000757,""k_l_mM"":23.083292626748005,""na_i_mM"":11.04795369923422,""na_l_mM"":127.30203277851254,""ph_i"":6.897896588685914,""ph_l"":6.806974272710084,""tic_i_mM"":5.762730149116199,""tic_l_mM"":4.266303639647583,""v_apical_mV"":-30.361508329009514,""v_basolateral_mV"":-72.07491016397523,""volume_i_pL"":1.3,""volume_l_pL"":0.10653860320345418}","[""cl_i_mM:outside_[47.1,53.1]""]",False,7.105427357601002e-15,[],True,True
N_ABS_NKCC_S7_PHIGH_KLOW_AE4NA10_P1_H1:B00,N_ABS_NKCC_S7_PHIGH_KLOW_AE4NA10_P1_H1,N_ABS_NKCC,7.0,1.0,1.0,H1,PRODUCTION_PRE_REVEAL,True,True,False,1.1856834958301476e-11,4.3021142204224816e-16,1.1856834958301476e-15,1.9387045606711586e-26,3.400058012914542e-16,True,True,6.9453991169421414e-12,11,0,1.2789769243681803e-13,True,"{""cl_i_mM"":51.19389136796803,""cl_l_mM"":145.37026813228218,""k_i_mM"":96.74098222736279,""k_l_mM"":17.31112805684552,""na_i_mM"":29.77211055601965,""na_l_mM"":133.00905954537836,""ph_i"":6.8932151165512305,""ph_l"":6.916913823249605,""tic_i_mM"":5.970280684338842,""tic_l_mM"":5.701836072791482,""v_apical_mV"":-35.12198995497212,""v_basolateral_mV"":-67.73299590803991,""volume_i_pL"":1.3,""volume_l_pL"":0.10489735713979471}","[""k_i_mM:outside_[100,160]""]",False,7.105427357601002e-15,[],True,True
N_ABS_NKCC_S7_PHIGH_KLOW_AE4NA10_P2_H1:B00,N_ABS_NKCC_S7_PHIGH_KLOW_AE4NA10_P2_H1,N_ABS_NKCC,7.0,2.0,1.0,H1,PRODUCTION_PRE_REVEAL,True,True,False,1.4758159971872686e-11,2.7087707077377843e-14,1.4758159971872686e-15,1.9387045606711586e-26,2.5847379792054426e-16,True,True,1.4758159971872686e-11,11,0,0.0,True,"{""cl_i_mM"":63.52296008305583,""cl_l_mM"":146.74557587665458,""k_i_mM"":127.7888746770876,""k_l_mM"":21.32411612361542,""na_i_mM"":12.793273784480721,""na_l_mM"":129.05765699662462,""ph_i"":6.968328479915801,""ph_l"":6.81177220803233,""tic_i_mM"":6.688402341896148,""tic_l_mM"":4.340779386831095,""v_apical_mV"":-31.78006004137828,""v_basolateral_mV"":-72.85305400506299,""volume_i_pL"":1.3000000000000027,""volume_l_pL"":0.10650724185179238}","[""cl_i_mM:outside_[47.1,53.1]""]",False,1.4210854715202004e-14,[],True,True
N_ABS_NKCC_S7_PHIGH_KLOW_AE4NA20_P1_H1:B00,N_ABS_NKCC_S7_PHIGH_KLOW_AE4NA20_P1_H1,N_ABS_NKCC,7.0,1.0,1.0,H1,PRODUCTION_PRE_REVEAL,True,True,False,2.581485372687986e-12,1.156193196738542e-14,2.581485372687986e-16,1.2924697071141057e-26,1.5439038936193583e-16,True,True,2.581485372687986e-12,11,0,7.105427357601002e-15,True,"{""cl_i_mM"":47.25096533307406,""cl_l_mM"":144.561644532341,""k_i_mM"":79.72388203616684,""k_l_mM"":14.506308413901245,""na_i_mM"":44.76098063975314,""na_l_mM"":135.780592979243,""ph_i"":6.957824392979579,""ph_l"":6.958345844976439,""tic_i_mM"":7.065384100125618,""tic_l_mM"":6.515273599730087,""v_apical_mV"":-36.22749418799261,""v_basolateral_mV"":-64.82174524518476,""volume_i_pL"":1.3000000000000014,""volume_l_pL"":0.10429293782396037}","[""na_i_mM:outside_[10,35]"",""k_i_mM:outside_[100,160]""]",False,7.105427357601002e-15,[],True,True
N_ABS_NKCC_S7_PHIGH_KLOW_AE4NA20_P2_H1:B00,N_ABS_NKCC_S7_PHIGH_KLOW_AE4NA20_P2_H1,N_ABS_NKCC,7.0,2.0,1.0,H1,PRODUCTION_PRE_REVEAL,True,True,False,3.494600442355278e-11,4.996003610813204e-16,3.494600442355278e-15,1.6155871338926322e-26,1.48318857196017e-16,True,True,2.6057715013516614e-11,11,0,1.8829382497642655e-13,True,"{""cl_i_mM"":59.09614312516264,""cl_l_mM"":146.6321257006687,""k_i_mM"":123.41969635450057,""k_l_mM"":19.36793020531598,""na_i_mM"":15.449297114992742,""na_l_mM"":131.00702738877294,""ph_i"":7.060377076813431,""ph_l"":6.8179183672502415,""tic_i_mM"":8.190068016847835,""tic_l_mM"":4.457838575084471,""v_apical_mV"":-33.54839050120363,""v_basolateral_mV"":-73.679685632333,""volume_i_pL"":1.3,""volume_l_pL"":0.10643917288134111}","[""cl_i_mM:outside_[47.1,53.1]"",""ph_i:outside_[6.77,7.05]""]",False,1.4210854715202004e-14,[],True,True
N_ABS_NKCC_S7_PLOW_KHIGH_AE4NA05_P1_H1:B00,N_ABS_NKCC_S7_PLOW_KHIGH_AE4NA05_P1_H1,N_ABS_NKCC,7.0,1.0,1.0,H1,PRODUCTION_PRE_REVEAL,True,True,False,2.660632131279428e-12,3.191891195797325e-16,2.660632131279428e-16,9.693522803355793e-27,1.3010426069826053e-16,True,True,1.2641797331180982e-12,11,0,1.7763568394002505e-15,True,"{""cl_i_mM"":57.195591306581385,""cl_l_mM"":145.63274823516173,""k_i_mM"":111.1203162038014,""k_l_mM"":25.47151197516506,""na_i_mM"":20.28015905193322,""na_l_mM"":124.86584948235942,""ph_i"":6.85146232912148,""ph_l"":6.90661279206548,""tic_i_mM"":5.381465406783489,""tic_l_mM"":5.436533538892798,""v_apical_mV"":-32.59039150269228,""v_basolateral_mV"":-66.46978119250635,""volume_i_pL"":1.3,""volume_l_pL"":0.10520201406966022}","[""cl_i_mM:outside_[47.1,53.1]""]",False,0.0,[],True,True
N_ABS_NKCC_S7_PLOW_KHIGH_AE4NA05_P2_H1:B00,N_ABS_NKCC_S7_PLOW_KHIGH_AE4NA05_P2_H1,N_ABS_NKCC,7.0,2.0,1.0,H1,PRODUCTION_PRE_REVEAL,True,True,False,1.035846755592651e-11,2.3592239273284576e-16,1.035846755592651e-15,1.9387045606711586e-26,1.708702623837155e-16,True,True,1.035846755592651e-11,11,0,2.842170943040401e-14,True,"{""cl_i_mM"":68.00777727784953,""cl_l_mM"":146.5508447893044,""k_i_mM"":132.32968135154047,""k_l_mM"":30.724449882507745,""na_i_mM"":10.930074008455767,""na_l_mM"":119.65717766986926,""ph_i"":6.899490504056319,""ph_l"":6.836649050397604,""tic_i_mM"":5.785326678852205,""tic_l_mM"":4.531560914694069,""v_apical_mV"":-29.694246947215753,""v_basolateral_mV"":-69.01494531743326,""volume_i_pL"":1.3,""volume_l_pL"":0.10642030909156895}","[""cl_i_mM:outside_[47.1,53.1]"",""v_apical_mV:outside_[-80,-30]""]",False,0.0,[],True,True
N_ABS_NKCC_S7_PLOW_KHIGH_AE4NA10_P1_H1:B00,N_ABS_NKCC_S7_PLOW_KHIGH_AE4NA10_P1_H1,N_ABS_NKCC,7.0,1.0,1.0,H1,PRODUCTION_PRE_REVEAL,True,True,False,3.029911391227991e-11,9.159339953157541e-16,3.0299113912279907e-15,2.908056841006738e-26,3.5735303605122226e-16,True,True,3.029911391227991e-11,11,0,1.7763568394002505e-15,True,"{""cl_i_mM"":52.14080939356492,""cl_l_mM"":145.14448457623806,""k_i_mM"":99.02914744010735,""k_l_mM"":22.081376662822386,""na_i_mM"":28.502586015819574,""na_l_mM"":128.23338915192838,""ph_i"":6.896144741673567,""ph_l"":6.934470263566782,""tic_i_mM"":6.003387909418683,""tic_l_mM"":5.9243470325310925,""v_apical_mV"":-34.32109952179079,""v_basolateral_mV"":-65.72075450041876,""volume_i_pL"":1.3,""volume_l_pL"":0.10471278979534082}","[""k_i_mM:outside_[100,160]""]",False,1.4210854715202004e-14,[],True,True
N_ABS_NKCC_S7_PLOW_KHIGH_AE4NA10_P2_H1:B00,N_ABS_NKCC_S7_PLOW_KHIGH_AE4NA10_P2_H1,N_ABS_NKCC,7.0,2.0,1.0,H1,PRODUCTION_PRE_REVEAL,True,True,False,1.1698541441118593e-11,5.551115123125783e-16,1.1698541441118593e-15,2.261821987449685e-26,2.740863092043355e-16,True,True,1.4153175159625775e-11,11,0,1.4210854715202004e-14,True,"{""cl_i_mM"":64.2843963459691,""cl_l_mM"":146.50487166538161,""k_i_mM"":128.7455189029802,""k_l_mM"":28.723374019197365,""na_i_mM"":12.653346615671127,""na_l_mM"":121.65310794348072,""ph_i"":6.970149578023428,""ph_l"":6.837236237668035,""tic_i_mM"":6.720347563409845,""tic_l_mM"":4.578894765929959,""v_apical_mV"":-31.09542689690263,""v_basolateral_mV"":-70.15170854700375,""volume_i_pL"":1.3,""volume_l_pL"":0.10633996274183984}","[""cl_i_mM:outside_[47.1,53.1]""]",False,3.552713678800501e-15,[],True,True
N_ABS_NKCC_S7_PLOW_KHIGH_AE4NA20_P1_H1:B00,N_ABS_NKCC_S7_PLOW_KHIGH_AE4NA20_P1_H1,N_ABS_NKCC,7.0,1.0,1.0,H1,PRODUCTION_PRE_REVEAL,True,True,False,1.0073322384562822e-11,1.4490752348050862e-13,1.0073322384562822e-15,9.693522803355793e-27,9.8879238130678e-17,True,True,1.0073322384562822e-11,11,0,1.4210854715202004e-14,True,"{""cl_i_mM"":47.85649263339413,""cl_l_mM"":144.36193820103827,""k_i_mM"":82.12744201710399,""k_l_mM"":18.206757017679198,""na_i_mM"":43.00994366097292,""na_l_mM"":132.07404640951842,""ph_i"":6.959729618482189,""ph_l"":6.9714659345730565,""tic_i_mM"":7.086334848517318,""tic_l_mM"":6.711101135362553,""v_apical_mV"":-35.59794781641629,""v_basolateral_mV"":-63.46714253023375,""volume_i_pL"":1.3000000000000167,""volume_l_pL"":0.10408114772532018}","[""na_i_mM:outside_[10,35]"",""k_i_mM:outside_[100,160]""]",False,1.4210854715202004e-14,[],True,True
N_ABS_NKCC_S7_PLOW_KHIGH_AE4NA20_P2_H1:B00,N_ABS_NKCC_S7_PLOW_KHIGH_AE4NA20_P2_H1,N_ABS_NKCC,7.0,2.0,1.0,H1,PRODUCTION_PRE_REVEAL,True,True,False,1.5460722979643293e-12,2.480654570646834e-16,1.5460722979643293e-16,9.693522803355793e-27,2.203098814490545e-16,True,True,1.5460722979643293e-12,11,0,3.907985046680551e-14,True,"{""cl_i_mM"":59.84280341499651,""cl_l_mM"":146.4224963625198,""k_i_mM"":124.43117720028722,""k_l_mM"":26.418356299364323,""na_i_mM"":15.25985006339731,""na_l_mM"":123.94956733785445,""ph_i"":7.062529791437789,""ph_l"":6.838493155133844,""tic_i_mM"":8.238045757893797,""tic_l_mM"":4.664102445598725,""v_apical_mV"":-32.84124431096896,""v_basolateral_mV"":-71.39728289496041,""volume_i_pL"":1.3,""volume_l_pL"":0.1062184103507477}","[""cl_i_mM:outside_[47.1,53.1]"",""ph_i:outside_[6.77,7.05]""]",False,0.0,[],True,True
N_ABS_NKCC_S7_PLOW_KLOW_AE4NA05_P1_H1:B00,N_ABS_NKCC_S7_PLOW_KLOW_AE4NA05_P1_H1,N_ABS_NKCC,7.0,1.0,1.0,H1,PRODUCTION_PRE_REVEAL,True,True,False,1.4619382093794542e-11,3.608224830031759e-16,1.4619382093794542e-15,6.462348535570529e-27,1.8214596497756474e-16,True,True,1.4619382093794542e-11,11,0,0.0,True,"{""cl_i_mM"":56.501944171022984,""cl_l_mM"":145.9009223766825,""k_i_mM"":109.8544810302883,""k_l_mM"":21.231748345660666,""na_i_mM"":20.80634100827272,""na_l_mM"":129.1047001794751,""ph_i"":6.849342673790556,""ph_l"":6.880588512427771,""tic_i_mM"":5.363457090971049,""tic_l_mM"":5.1684616692104655,""v_apical_mV"":-33.13227814571082,""v_basolateral_mV"":-69.15414924458834,""volume_i_pL"":1.3,""volume_l_pL"":0.10518480509098585}","[""cl_i_mM:outside_[47.1,53.1]""]",False,0.0,[],True,True
N_ABS_NKCC_S7_PLOW_KLOW_AE4NA05_P2_H1:B00,N_ABS_NKCC_S7_PLOW_KLOW_AE4NA05_P2_H1,N_ABS_NKCC,7.0,2.0,1.0,H1,PRODUCTION_PRE_REVEAL,True,True,False,1.1015494072452725e-11,2.411265631607762e-16,1.1015494072452725e-15,2.908056841006738e-26,3.7990444123892075e-16,True,True,1.1015494072452725e-11,11,0,1.4210854715202004e-14,True,"{""cl_i_mM"":67.62086625875506,""cl_l_mM"":146.82089494594277,""k_i_mM"":131.8486878279754,""k_l_mM"":24.928334090093372,""na_i_mM"":10.995795235511986,""na_l_mM"":125.44986859200684,""ph_i"":6.898173861713114,""ph_l"":6.803382382731373,""tic_i_mM"":5.774872302287026,""tic_l_mM"":4.260108078240857,""v_apical_mV"":-30.03978802219181,""v_basolateral_mV"":-72.15680955137051,""volume_i_pL"":1.3,""volume_l_pL"":0.1063178282115638}","[""cl_i_mM:outside_[47.1,53.1]""]",False,1.4210854715202004e-14,[],True,True
N_ABS_NKCC_S7_PLOW_KLOW_AE4NA10_P1_H1:B00,N_ABS_NKCC_S7_PLOW_KLOW_AE4NA10_P1_H1,N_ABS_NKCC,7.0,1.0,1.0,H1,PRODUCTION_PRE_REVEAL,True,True,False,1.0629518099047885e-11,2.636779683484747e-16,1.0629518099047885e-15,1.6155871338926322e-26,3.2786273695961654e-16,True,True,1.0629518099047885e-11,11,0,1.7763568394002505e-15,True,"{""cl_i_mM"":51.56884112248873,""cl_l_mM"":145.38500086800104,""k_i_mM"":97.60954532255548,""k_l_mM"":18.6830213309204,""na_i_mM"":29.30118791351725,""na_l_mM"":131.63121291446765,""ph_i"":6.893961905943696,""ph_l"":6.9132920246311285,""tic_i_mM"":5.983840802529777,""tic_l_mM"":5.684319190122371,""v_apical_mV"":-34.80547177341134,""v_basolateral_mV"":-67.92017082388713,""volume_i_pL"":1.3,""volume_l_pL"":0.10471187442909204}","[""k_i_mM:outside_[100,160]""]",False,0.0,[],True,True
N_ABS_NKCC_S7_PLOW_KLOW_AE4NA10_P2_H1:B00,N_ABS_NKCC_S7_PLOW_KLOW_AE4NA10_P2_H1,N_ABS_NKCC,7.0,2.0,1.0,H1,PRODUCTION_PRE_REVEAL,True,True,False,1.0629518099047885e-11,6.106226635438361e-16,1.0629518099047885e-15,1.9387045606711586e-26,2.5326962749261384e-16,True,True,1.0629518099047885e-11,11,0,2.842170943040401e-14,True,"{""cl_i_mM"":63.96939652665945,""cl_l_mM"":146.74914517040247,""k_i_mM"":128.33331365422853,""k_l_mM"":23.37985868535105,""na_i_mM"":12.71989186801509,""na_l_mM"":126.99335504877212,""ph_i"":6.968839509321357,""ph_l"":6.807487258229114,""tic_i_mM"":6.707703716718164,""tic_l_mM"":4.333293188835862,""v_apical_mV"":-31.39511521226705,""v_basolateral_mV"":-72.95811871699773,""volume_i_pL"":1.3,""volume_l_pL"":0.10624239090432502}","[""cl_i_mM:outside_[47.1,53.1]""]",False,7.105427357601002e-15,[],True,True
N_ABS_NKCC_S7_PLOW_KLOW_AE4NA20_P1_H1:B00,N_ABS_NKCC_S7_PLOW_KLOW_AE4NA20_P1_H1,N_ABS_NKCC,7.0,1.0,1.0,H1,PRODUCTION_PRE_REVEAL,True,True,False,2.3928341946755083e-12,3.608224830031759e-16,2.3928341946755083e-16,1.2924697071141057e-26,2.480654570646834e-16,True,True,2.3928341946755083e-12,11,0,1.4210854715202004e-14,True,"{""cl_i_mM"":47.522677960856534,""cl_l_mM"":144.575798266956,""k_i_mM"":80.73758034271854,""k_l_mM"":15.746037312897661,""na_i_mM"":44.03468040982031,""na_l_mM"":134.5346309312486,""ph_i"":6.958290566296635,""ph_l"":6.955040065415062,""tic_i_mM"":7.075276051127891,""tic_l_mM"":6.498135159614075,""v_apical_mV"":-35.948942890709084,""v_basolateral_mV"":-65.10295640042716,""volume_i_pL"":1.3,""volume_l_pL"":0.10409725806447992}","[""na_i_mM:outside_[10,35]"",""k_i_mM:outside_[100,160]""]",False,1.4210854715202004e-14,[],True,True
N_ABS_NKCC_S7_PLOW_KLOW_AE4NA20_P2_H1:B00,N_ABS_NKCC_S7_PLOW_KLOW_AE4NA20_P2_H1,N_ABS_NKCC,7.0,2.0,1.0,H1,PRODUCTION_PRE_REVEAL,True,True,False,1.2971394791616575e-11,3.443426099813962e-16,1.2971394791616575e-15,9.693522803355793e-27,1.5005358067199381e-16,True,True,1.2971394791616575e-11,11,0,0.0,True,"{""cl_i_mM"":59.59672318056156,""cl_l_mM"":146.63703822809669,""k_i_mM"":124.07898351853112,""k_l_mM"":21.600490827503325,""na_i_mM"":15.332988977095598,""na_l_mM"":128.76432821701553,""ph_i"":7.061258640638995,""ph_l"":6.812841307198502,""tic_i_mM"":8.222503289018867,""tic_l_mM"":4.448322832402958,""v_apical_mV"":-33.09092629747189,""v_basolateral_mV"":-73.8173257695482,""volume_i_pL"":1.3,""volume_l_pL"":0.10612622966930234}","[""cl_i_mM:outside_[47.1,53.1]"",""ph_i:outside_[6.77,7.05]""]",False,1.4210854715202004e-14,[],True,True
N_ABS_NKCC_S7_PNOM_KMID_AE4NA05_P1_H1:B00,N_ABS_NKCC_S7_PNOM_KMID_AE4NA05_P1_H1,N_ABS_NKCC,7.0,1.0,1.0,H1,PRODUCTION_PRE_REVEAL,True,True,False,5.230191280070073e-12,4.440892098500626e-16,5.230191280070073e-16,6.462348535570529e-27,4.7704895589362195e-17,True,True,5.230191280070073e-12,11,0,1.4210854715202004e-14,True,"{""cl_i_mM"":56.53486411073953,""cl_l_mM"":145.77824446173813,""k_i_mM"":109.94257350390282,""k_l_mM"":22.98530766287001,""na_i_mM"":20.758625318707274,""na_l_mM"":127.35518678852445,""ph_i"":6.849850767566774,""ph_l"":6.894173102872043,""tic_i_mM"":5.363572811148169,""tic_l_mM"":5.292775784332009,""v_apical_mV"":-33.0995740568979,""v_basolateral_mV"":-67.90329214669292,""volume_i_pL"":1.3,""volume_l_pL"":0.10530542720911915}","[""cl_i_mM:outside_[47.1,53.1]""]",False,0.0,[],True,True
N_ABS_NKCC_S7_PNOM_KMID_AE4NA05_P2_H1:B00,N_ABS_NKCC_S7_PNOM_KMID_AE4NA05_P2_H1,N_ABS_NKCC,7.0,2.0,1.0,H1,PRODUCTION_PRE_REVEAL,True,True,False,3.934786524384393e-11,3.0531133177191805e-16,3.934786524384393e-15,1.9387045606711586e-26,1.7867651802561113e-16,True,True,7.617604463883154e-12,11,0,6.394884621840902e-14,True,"{""cl_i_mM"":67.49177378177379,""cl_l_mM"":146.70293302332928,""k_i_mM"":131.70618243501576,""k_l_mM"":27.380709581485245,""na_i_mM"":11.010000310685355,""na_l_mM"":123.00414079141416,""ph_i"":6.898503997026776,""ph_l"":6.820526360045102,""tic_i_mM"":5.770173792472522,""tic_l_mM"":4.381059426797473,""v_apical_mV"":-30.12663715891702,""v_basolateral_mV"":-70.72969575912934,""volume_i_pL"":1.3,""volume_l_pL"":0.10652240821295658}","[""cl_i_mM:outside_[47.1,53.1]""]",False,1.4210854715202004e-14,[],True,True
N_ABS_NKCC_S7_PNOM_KMID_AE4NA10_P1_H1:B00,N_ABS_NKCC_S7_PNOM_KMID_AE4NA10_P1_H1,N_ABS_NKCC,7.0,1.0,1.0,H1,PRODUCTION_PRE_REVEAL,True,True,False,1.376828338839342e-11,3.625572064791527e-14,1.376828338839342e-15,9.693522803355793e-27,1.2576745200831851e-16,True,True,1.376828338839342e-11,11,0,0.0,True,"{""cl_i_mM"":51.57889980874549,""cl_l_mM"":145.2723134390874,""k_i_mM"":97.6794817864115,""k_l_mM"":19.98634138056475,""na_i_mM"":29.247487165786985,""na_l_mM"":130.3317390886541,""ph_i"":6.89440238825613,""ph_l"":6.9247251676156765,""tic_i_mM"":5.983475709614803,""tic_l_mM"":5.798489785905063,""v_apical_mV"":-34.79146665869814,""v_basolateral_mV"":-66.85005204615409,""volume_i_pL"":1.3000000000000014,""volume_l_pL"":0.10482500855270559}","[""k_i_mM:outside_[100,160]""]",False,0.0,[],True,True
N_ABS_NKCC_S7_PNOM_KMID_AE4NA10_P2_H1:B00,N_ABS_NKCC_S7_PNOM_KMID_AE4NA10_P2_H1,N_ABS_NKCC,7.0,2.0,1.0,H1,PRODUCTION_PRE_REVEAL,True,True,False,4.447397311535539e-12,3.885780586188048e-16,4.447397311535539e-16,1.6155871338926322e-26,2.5326962749261384e-16,True,True,4.447397311535539e-12,11,0,1.4210854715202004e-14,True,"{""cl_i_mM"":63.793793814005035,""cl_l_mM"":146.642302422458,""k_i_mM"":128.1269682315035,""k_l_mM"":25.501074884369366,""na_i_mM"":12.746018359594304,""na_l_mM"":124.8793438293543,""ph_i"":6.9690142237528,""ph_l"":6.823314730679873,""tic_i_mM"":6.699513315817448,""tic_l_mM"":4.443365432473395,""v_apical_mV"":-31.529397790516335,""v_basolateral_mV"":-71.6706746474972,""volume_i_pL"":1.3,""volume_l_pL"":0.10646389750501772}","[""cl_i_mM:outside_[47.1,53.1]""]",False,0.0,[],True,True
N_ABS_NKCC_S7_PNOM_KMID_AE4NA20_P1_H1:B00,N_ABS_NKCC_S7_PNOM_KMID_AE4NA20_P1_H1,N_ABS_NKCC,7.0,1.0,1.0,H1,PRODUCTION_PRE_REVEAL,True,True,False,1.3302076454224654e-11,2.931682674400804e-16,1.3302076454224654e-15,9.693522803355793e-27,9.8879238130678e-17,True,True,1.3302076454224654e-11,11,0,2.1316282072803006e-14,True,"{""cl_i_mM"":47.50607345353149,""cl_l_mM"":144.47601365043258,""k_i_mM"":80.75027648018377,""k_l_mM"":16.59976548539834,""na_i_mM"":44.00868636200798,""na_l_mM"":133.68450686470422,""ph_i"":6.958599953935335,""ph_l"":6.964026607505757,""tic_i_mM"":7.07375684150375,""tic_l_mM"":6.599231731465669,""v_apical_mV"":-35.958572499738516,""v_basolateral_mV"":-64.2356572897904,""volume_i_pL"":1.3,""volume_l_pL"":0.10420161789027678}","[""na_i_mM:outside_[10,35]"",""k_i_mM:outside_[100,160]""]",False,0.0,[],True,True
N_ABS_NKCC_S7_PNOM_KMID_AE4NA20_P2_H1:B00,N_ABS_NKCC_S7_PNOM_KMID_AE4NA20_P2_H1,N_ABS_NKCC,7.0,2.0,1.0,H1,PRODUCTION_PRE_REVEAL,True,True,False,2.1250362580715887e-12,2.0122792321330962e-16,2.1250362580715887e-16,1.2924697071141057e-26,1.734723475976807e-16,True,True,2.1250362580715887e-12,11,0,0.0,True,"{""cl_i_mM"":59.37489797860456,""cl_l_mM"":146.54262503878596,""k_i_mM"":123.79413772314764,""k_l_mM"":23.36263736176416,""na_i_mM"":15.381641327876892,""na_l_mM"":127.00997834653674,""ph_i"":7.061192055262193,""ph_l"":6.827140052124472,""tic_i_mM"":8.207674805844707,""tic_l_mM"":4.546205900873133,""v_apical_mV"":-33.278300049776966,""v_basolateral_mV"":-72.68722137745016,""volume_i_pL"":1.3,""volume_l_pL"":0.10636539968584285}","[""cl_i_mM:outside_[47.1,53.1]"",""ph_i:outside_[6.77,7.05]""]",False,0.0,[],True,True
N_ABS_NKCC_S8_PHIGH_KHIGH_AE4NA05_P1_H1:B00,N_ABS_NKCC_S8_PHIGH_KHIGH_AE4NA05_P1_H1,N_ABS_NKCC,8.0,1.0,1.0,H1,PRODUCTION_PRE_REVEAL,True,True,False,1.5981140022436335e-12,4.718447854656915e-16,1.5981140022436335e-16,2.261821987449685e-26,2.662800535624399e-16,True,True,1.5981140022436335e-12,11,0,2.842170943040401e-14,True,"{""cl_i_mM"":57.64627397080953,""cl_l_mM"":145.68015948363544,""k_i_mM"":110.92282092206176,""k_l_mM"":24.56092270908944,""na_i_mM"":20.94661172813531,""na_l_mM"":125.78420938147147,""ph_i"":6.852399051472161,""ph_l"":6.905234751606377,""tic_i_mM"":5.38699196263414,""tic_l_mM"":5.393047202972695,""v_apical_mV"":-32.60123836460254,""v_basolateral_mV"":-66.33929016565102,""volume_i_pL"":1.3,""volume_l_pL"":0.10545029110075253}","[""cl_i_mM:outside_[47.1,53.1]""]",False,1.4210854715202004e-14,[],True,True
N_ABS_NKCC_S8_PHIGH_KHIGH_AE4NA05_P2_H1:B00,N_ABS_NKCC_S8_PHIGH_KHIGH_AE4NA05_P2_H1,N_ABS_NKCC,8.0,2.0,1.0,H1,PRODUCTION_PRE_REVEAL,True,True,False,1.0323773086406973e-11,5.915407053080912e-15,1.0323773086406973e-15,9.693522803355793e-27,1.3791051634015616e-16,True,True,1.0323773086406973e-11,11,0,1.609379296496627e-12,True,"{""cl_i_mM"":69.08849439872091,""cl_l_mM"":146.62471692964348,""k_i_mM"":133.30494188710634,""k_l_mM"":29.620722544641716,""na_i_mM"":11.084554554673465,""na_l_mM"":120.77238274754856,""ph_i"":6.901937435708147,""ph_l"":6.833259930827031,""tic_i_mM"":5.800464323157407,""tic_l_mM"":4.463179967354319,""v_apical_mV"":-29.618387868118976,""v_basolateral_mV"":-69.00852662043735,""volume_i_pL"":1.3,""volume_l_pL"":0.1067805313853564}","[""cl_i_mM:outside_[47.1,53.1]"",""v_apical_mV:outside_[-80,-30]""]",False,8.79296635503124e-14,[],True,True
N_ABS_NKCC_S8_PHIGH_KHIGH_AE4NA10_P1_H1:B00,N_ABS_NKCC_S8_PHIGH_KHIGH_AE4NA10_P1_H1,N_ABS_NKCC,8.0,1.0,1.0,H1,PRODUCTION_PRE_REVEAL,True,True,False,1.5823930707425937e-11,2.220446049250313e-16,1.5823930707425937e-15,9.693522803355793e-27,1.5265566588595902e-16,True,True,1.0912494866066602e-11,11,0,6.394884621840902e-14,True,"{""cl_i_mM"":52.44971398986906,""cl_l_mM"":145.17879964457694,""k_i_mM"":98.23923437496173,""k_l_mM"":21.1181747762264,""na_i_mM"":29.609441930974757,""na_l_mM"":129.20398957949405,""ph_i"":6.89647942851826,""ph_l"":6.934149145137991,""tic_i_mM"":6.006985386914576,""tic_l_mM"":5.894063775946695,""v_apical_mV"":-34.36298649848822,""v_basolateral_mV"":-65.4694188025146,""volume_i_pL"":1.3,""volume_l_pL"":0.10495543722182046}","[""k_i_mM:outside_[100,160]""]",False,0.0,[],True,True
N_ABS_NKCC_S8_PHIGH_KHIGH_AE4NA10_P2_H1:B00,N_ABS_NKCC_S8_PHIGH_KHIGH_AE4NA10_P2_H1,N_ABS_NKCC,8.0,2.0,1.0,H1,PRODUCTION_PRE_REVEAL,True,True,False,7.149229125369416e-12,8.881784197001252e-16,7.149229125369416e-16,2.5849394142282115e-26,2.697495005143935e-16,True,True,4.694595406862234e-12,11,0,1.1723955140041653e-13,True,"{""cl_i_mM"":65.20307701948772,""cl_l_mM"":146.57749466914385,""k_i_mM"":129.49969084983545,""k_l_mM"":27.405655634696966,""na_i_mM"":12.860472617000696,""na_l_mM"":122.98362054063608,""ph_i"":6.972258807333516,""ph_l"":6.834597230021592,""tic_i_mM"":6.733045219129958,""tic_l_mM"":4.512401829401044,""v_apical_mV"":-31.090681438261928,""v_basolateral_mV"":-70.11846722964886,""volume_i_pL"":1.3,""volume_l_pL"":0.10674169381031182}","[""cl_i_mM:outside_[47.1,53.1]""]",False,1.4210854715202004e-14,[],True,True
N_ABS_NKCC_S8_PHIGH_KHIGH_AE4NA20_P1_H1:B00,N_ABS_NKCC_S8_PHIGH_KHIGH_AE4NA20_P1_H1,N_ABS_NKCC,8.0,1.0,1.0,H1,PRODUCTION_PRE_REVEAL,True,True,False,1.6458188978329957e-12,1.1823007850519929e-14,1.6458188978329957e-16,1.6155871338926322e-26,1.8908485888147197e-16,True,True,1.6458188978329957e-12,11,0,7.105427357601002e-15,True,"{""cl_i_mM"":48.201095262525556,""cl_l_mM"":144.39219250922525,""k_i_mM"":80.89876682402245,""k_l_mM"":17.31364146963594,""na_i_mM"":44.60469662082318,""na_l_mM"":132.9741769865403,""ph_i"":6.960314457022973,""ph_l"":6.971292704907251,""tic_i_mM"":7.1007801319734405,""tic_l_mM"":6.685068765549392,""v_apical_mV"":-35.59162076043221,""v_basolateral_mV"":-63.05978160705065,""volume_i_pL"":1.3000000000000014,""volume_l_pL"":0.10431968990116719}","[""na_i_mM:outside_[10,35]"",""k_i_mM:outside_[100,160]""]",False,1.4210854715202004e-14,[],True,True
N_ABS_NKCC_S8_PHIGH_KHIGH_AE4NA20_P2_H1:B00,N_ABS_NKCC_S8_PHIGH_KHIGH_AE4NA20_P2_H1,N_ABS_NKCC,8.0,2.0,1.0,H1,PRODUCTION_PRE_REVEAL,True,True,False,1.431363708115363e-11,5.990000162547915e-15,1.431363708115363e-15,1.9387045606711586e-26,2.177077962350893e-16,True,True,1.1856834958301476e-11,11,0,3.311129148642067e-12,True,"{""cl_i_mM"":60.56055700547001,""cl_l_mM"":146.4912371250741,""k_i_mM"":124.85854708150552,""k_l_mM"":24.904024018190142,""na_i_mM"":15.574625239750711,""na_l_mM"":125.47797170932445,""ph_i"":7.063913740849302,""ph_l"":6.836866597631731,""tic_i_mM"":8.24221628767044,""tic_l_mM"":4.6021487984882254,""v_apical_mV"":-32.922197312101055,""v_basolateral_mV"":-71.3173556201931,""volume_i_pL"":1.2999999999999994,""volume_l_pL"":0.10666121668518784}","[""cl_i_mM:outside_[47.1,53.1]"",""ph_i:outside_[6.77,7.05]""]",False,0.0,[],True,True
N_ABS_NKCC_S8_PHIGH_KLOW_AE4NA05_P1_H1:B00,N_ABS_NKCC_S8_PHIGH_KLOW_AE4NA05_P1_H1,N_ABS_NKCC,8.0,1.0,1.0,H1,PRODUCTION_PRE_REVEAL,True,True,False,5.787471196727623e-12,9.43689570931383e-16,5.787471196727623e-16,3.554291694563791e-26,2.2724877535296173e-16,True,True,3.3306690738754696e-12,11,0,1.4210854715202004e-13,True,"{""cl_i_mM"":57.011431805056205,""cl_l_mM"":145.94369184484262,""k_i_mM"":109.7165300961195,""k_l_mM"":20.049884751822933,""na_i_mM"":21.475741761889203,""na_l_mM"":130.2936999864738,""ph_i"":6.850408008808747,""ph_l"":6.879164550095492,""tic_i_mM"":5.3711470441627975,""tic_l_mM"":5.129341979467571,""v_apical_mV"":-33.098192797115566,""v_basolateral_mV"":-69.01806029277292,""volume_i_pL"":1.3,""volume_l_pL"":0.10541377379927}","[""cl_i_mM:outside_[47.1,53.1]""]",False,1.4210854715202004e-14,[],True,True
N_ABS_NKCC_S8_PHIGH_KLOW_AE4NA05_P2_H1:B00,N_ABS_NKCC_S8_PHIGH_KLOW_AE4NA05_P2_H1,N_ABS_NKCC,8.0,2.0,1.0,H1,PRODUCTION_PRE_REVEAL,True,True,False,1.0835516511820131e-11,4.996003610813204e-16,1.0835516511820131e-15,2.908056841006738e-26,3.365363543395006e-16,True,True,1.3292318634672284e-11,11,0,1.2789769243681803e-13,True,"{""cl_i_mM"":68.78982475061267,""cl_l_mM"":146.889342519801,""k_i_mM"":132.92571126919046,""k_l_mM"":23.43644221392118,""na_i_mM"":11.140799062628242,""na_l_mM"":126.95214348249655,""ph_i"":6.90074028458337,""ph_l"":6.79961879779259,""tic_i_mM"":5.792677920309312,""tic_l_mM"":4.196615533137346,""v_apical_mV"":-29.90110953841159,""v_basolateral_mV"":-72.15966054769929,""volume_i_pL"":1.3,""volume_l_pL"":0.10664342942165325}","[""cl_i_mM:outside_[47.1,53.1]"",""v_apical_mV:outside_[-80,-30]""]",False,1.4210854715202004e-14,[],True,True
N_ABS_NKCC_S8_PHIGH_KLOW_AE4NA10_P1_H1:B00,N_ABS_NKCC_S8_PHIGH_KLOW_AE4NA10_P1_H1,N_ABS_NKCC,8.0,1.0,1.0,H1,PRODUCTION_PRE_REVEAL,True,True,False,1.1935981716892918e-11,2.7755575615628914e-16,1.1935981716892918e-15,1.2924697071141057e-26,1.43982048506075e-16,True,True,1.4391699637572586e-11,11,0,2.842170943040401e-14,True,"{""cl_i_mM"":51.93444700057008,""cl_l_mM"":145.41451580695218,""k_i_mM"":96.8803732687027,""k_l_mM"":17.470199757001176,""na_i_mM"":30.40935783844326,""na_l_mM"":132.8508538409861,""ph_i"":6.894481576516666,""ph_l"":6.913033969052286,""tic_i_mM"":5.990491242681319,""tic_l_mM"":5.65859679733857,""v_apical_mV"":-34.80270557336251,""v_basolateral_mV"":-67.655418280751,""volume_i_pL"":1.3,""volume_l_pL"":0.10493714743578948}","[""k_i_mM:outside_[100,160]""]",False,1.4210854715202004e-14,[],True,True
N_ABS_NKCC_S8_PHIGH_KLOW_AE4NA10_P2_H1:B00,N_ABS_NKCC_S8_PHIGH_KLOW_AE4NA10_P2_H1,N_ABS_NKCC,8.0,2.0,1.0,H1,PRODUCTION_PRE_REVEAL,True,True,False,1.2244979336051287e-11,4.996003610813204e-16,1.2244979336051287e-15,1.6155871338926322e-26,2.1163626406917047e-16,True,True,1.2244979336051287e-11,11,0,6.039613253960852e-14,True,"{""cl_i_mM"":64.97252655707365,""cl_l_mM"":146.81590714144406,""k_i_mM"":129.1888522684418,""k_l_mM"":21.65258542454815,""na_i_mM"":12.915422489980747,""na_l_mM"":128.7322452284811,""ph_i"":6.971093975150476,""ph_l"":6.80456822366586,""tic_i_mM"":6.7239894264020705,""tic_l_mM"":4.272087827470503,""v_apical_mV"":-31.32502067441009,""v_basolateral_mV"":-72.9283997772234,""volume_i_pL"":1.3,""volume_l_pL"":0.10660695642689794}","[""cl_i_mM:outside_[47.1,53.1]""]",False,0.0,[],True,True
N_ABS_NKCC_S8_PHIGH_KLOW_AE4NA20_P1_H1:B00,N_ABS_NKCC_S8_PHIGH_KLOW_AE4NA20_P1_H1,N_ABS_NKCC,8.0,1.0,1.0,H1,PRODUCTION_PRE_REVEAL,True,True,False,3.101251894177537e-11,3.1138286393783687e-16,3.101251894177537e-15,3.2311742677852644e-27,4.9439619065339e-17,True,True,3.172375556692586e-12,11,0,5.684341886080802e-14,True,"{""cl_i_mM"":47.91571094817106,""cl_l_mM"":144.6006037203666,""k_i_mM"":79.57939377505582,""k_l_mM"":14.619480489336224,""na_i_mM"":45.61354303513445,""na_l_mM"":135.66769908657602,""ph_i"":6.9590750123634635,""ph_l"":6.955012754242,""tic_i_mM"":7.093337214559107,""tic_l_mM"":6.477347414476538,""v_apical_mV"":-35.902047272508135,""v_basolateral_mV"":-64.68028811694553,""volume_i_pL"":1.3,""volume_l_pL"":0.10432077211784598}","[""na_i_mM:outside_[10,35]"",""k_i_mM:outside_[100,160]""]",False,0.0,[],True,True
N_ABS_NKCC_S8_PHIGH_KLOW_AE4NA20_P2_H1:B00,N_ABS_NKCC_S8_PHIGH_KLOW_AE4NA20_P2_H1,N_ABS_NKCC,8.0,2.0,1.0,H1,PRODUCTION_PRE_REVEAL,True,True,False,9.348077867343818e-13,1.3290497175022509e-13,4.5536491244391186e-17,2.261821987449685e-26,4.553649124439119e-16,True,True,5.366800753803247e-12,11,0,7.242562105602701e-11,True,"{""cl_i_mM"":60.39356611853851,""cl_l_mM"":146.69967567922092,""k_i_mM"":124.60833270851121,""k_l_mM"":19.661825897769724,""na_i_mM"":15.632081434007304,""na_l_mM"":130.71583402739742,""ph_i"":7.062820019998716,""ph_l"":6.811035626815279,""tic_i_mM"":8.231726139092956,""tic_l_mM"":4.391877071633379,""v_apical_mV"":-33.10498085159571,""v_basolateral_mV"":-73.73494233215929,""volume_i_pL"":1.3000000000000127,""volume_l_pL"":0.1065302595784947}","[""cl_i_mM:outside_[47.1,53.1]"",""ph_i:outside_[6.77,7.05]""]",False,7.105427357601002e-15,[],True,True
N_ABS_NKCC_S8_PLOW_KHIGH_AE4NA05_P1_H1:B00,N_ABS_NKCC_S8_PLOW_KHIGH_AE4NA05_P1_H1,N_ABS_NKCC,8.0,1.0,1.0,H1,PRODUCTION_PRE_REVEAL,True,True,False,1.0956947155138508e-11,3.3306690738754696e-16,1.0956947155138508e-15,2.261821987449685e-26,2.2638141361497333e-16,True,True,1.0956947155138508e-11,11,0,1.4210854715202004e-14,True,"{""cl_i_mM"":58.07722166446985,""cl_l_mM"":145.68531727519252,""k_i_mM"":111.67595524203682,""k_l_mM"":25.79016021035582,""na_i_mM"":20.64391712996258,""na_l_mM"":124.54891183533609,""ph_i"":6.853028358301724,""ph_l"":6.902272470604573,""tic_i_mM"":5.3991866751895765,""tic_l_mM"":5.385080691368832,""v_apical_mV"":-32.26955472360046,""v_basolateral_mV"":-66.43354088338292,""volume_i_pL"":1.3,""volume_l_pL"":0.10526202193401782}","[""cl_i_mM:outside_[47.1,53.1]""]",False,0.0,[],True,True
N_ABS_NKCC_S8_PLOW_KHIGH_AE4NA05_P2_H1:B00,N_ABS_NKCC_S8_PLOW_KHIGH_AE4NA05_P2_H1,N_ABS_NKCC,8.0,2.0,1.0,H1,PRODUCTION_PRE_REVEAL,True,True,False,5.878544179216405e-12,9.398731792842341e-15,5.878544179216405e-16,3.2311742677852644e-26,3.720981855970251e-16,True,True,5.878544179216405e-12,11,0,1.4210854715202004e-14,True,"{""cl_i_mM"":69.51251892865031,""cl_l_mM"":146.62112655667391,""k_i_mM"":133.80760182356553,""k_l_mM"":31.2663872947367,""na_i_mM"":11.0214112922885,""na_l_mM"":119.11877832193736,""ph_i"":6.902217542292234,""ph_l"":6.830129013342332,""tic_i_mM"":5.813628313162544,""tic_l_mM"":4.46307327936058,""v_apical_mV"":-29.26451143618796,""v_basolateral_mV"":-69.05561170218532,""volume_i_pL"":1.3,""volume_l_pL"":0.10653350277412157}","[""cl_i_mM:outside_[47.1,53.1]"",""v_apical_mV:outside_[-80,-30]""]",False,1.412203687323199e-13,[],True,True
N_ABS_NKCC_S8_PLOW_KHIGH_AE4NA10_P1_H1:B00,N_ABS_NKCC_S8_PLOW_KHIGH_AE4NA10_P1_H1,N_ABS_NKCC,8.0,1.0,1.0,H1,PRODUCTION_PRE_REVEAL,True,True,False,6.401129626354418e-12,2.523155295808266e-14,6.401129626354418e-16,9.693522803355793e-27,8.413408858487514e-17,True,True,6.401129626354418e-12,11,0,1.3280043731356272e-11,True,"{""cl_i_mM"":52.86182381186721,""cl_l_mM"":145.1879106225309,""k_i_mM"":99.21136738482122,""k_l_mM"":22.309639366192794,""na_i_mM"":29.074873100807523,""na_l_mM"":128.00609289296548,""ph_i"":6.897327974529382,""ph_l"":6.930900430969454,""tic_i_mM"":6.021983522562651,""tic_l_mM"":5.881911159191854,""v_apical_mV"":-34.01778922740335,""v_basolateral_mV"":-65.63266507041241,""volume_i_pL"":1.3000000000000007,""volume_l_pL"":0.10475432553607765}","[""k_i_mM:outside_[100,160]""]",False,0.0,[],True,True
N_ABS_NKCC_S8_PLOW_KHIGH_AE4NA10_P2_H1:B00,N_ABS_NKCC_S8_PLOW_KHIGH_AE4NA10_P2_H1,N_ABS_NKCC,8.0,2.0,1.0,H1,PRODUCTION_PRE_REVEAL,True,True,False,1.702197410802242e-12,5.551115123125783e-16,1.702197410802242e-16,1.9387045606711586e-26,1.942890293094024e-16,True,True,1.702197410802242e-12,11,0,0.0,True,"{""cl_i_mM"":65.68070987342065,""cl_l_mM"":146.57368988032673,""k_i_mM"":130.09273914027014,""k_l_mM"":29.230487234358637,""na_i_mM"":12.771627755369991,""na_l_mM"":121.14928617881539,""ph_i"":6.9727987389342845,""ph_l"":6.83081437414468,""tic_i_mM"":6.754045665368668,""tic_l_mM"":4.511805242593425,""v_apical_mV"":-30.669103288309426,""v_basolateral_mV"":-70.18509426901254,""volume_i_pL"":1.3,""volume_l_pL"":0.10644653203078672}","[""cl_i_mM:outside_[47.1,53.1]""]",False,0.0,[],True,True
N_ABS_NKCC_S8_PLOW_KHIGH_AE4NA20_P1_H1:B00,N_ABS_NKCC_S8_PLOW_KHIGH_AE4NA20_P1_H1,N_ABS_NKCC,8.0,1.0,1.0,H1,PRODUCTION_PRE_REVEAL,True,True,False,1.2284010614260765e-12,1.8388068845354155e-16,1.2284010614260765e-16,6.462348535570529e-27,1.1449174941446927e-16,True,True,3.050294392070718e-11,11,0,8.526512829121202e-14,True,"{""cl_i_mM"":48.49227124229491,""cl_l_mM"":144.3994062260038,""k_i_mM"":82.02323424635345,""k_l_mM"":18.361788756775454,""na_i_mM"":43.78894312986735,""na_l_mM"":131.91935355632518,""ph_i"":6.960851510502614,""ph_l"":6.968405354403819,""tic_i_mM"":7.111559592772099,""tic_l_mM"":6.674615637556016,""v_apical_mV"":-35.29125981237065,""v_basolateral_mV"":-63.32326122731791,""volume_i_pL"":1.3,""volume_l_pL"":0.1041091991325298}","[""na_i_mM:outside_[10,35]"",""k_i_mM:outside_[100,160]""]",False,0.0,[],True,True
N_ABS_NKCC_S8_PLOW_KHIGH_AE4NA20_P2_H1:B00,N_ABS_NKCC_S8_PLOW_KHIGH_AE4NA20_P2_H1,N_ABS_NKCC,8.0,2.0,1.0,H1,PRODUCTION_PRE_REVEAL,True,True,False,8.775532384097673e-12,6.288372600415926e-16,8.775532384097673e-16,2.5849394142282115e-26,3.3393426912553537e-16,True,True,3.864096542738338e-12,11,0,3.694822225952521e-13,True,"{""cl_i_mM"":61.09440622969753,""cl_l_mM"":146.48809736870922,""k_i_mM"":125.57943392195725,""k_l_mM"":26.874000398647723,""na_i_mM"":15.433863236224491,""na_l_mM"":123.49681143081179,""ph_i"":7.064873216149748,""ph_l"":6.832316244124505,""tic_i_mM"":8.277641189367914,""tic_l_mM"":4.600146375919227,""v_apical_mV"":-32.423894507554756,""v_basolateral_mV"":-71.41418275211166,""volume_i_pL"":1.3,""volume_l_pL"":0.10631464115410123}","[""cl_i_mM:outside_[47.1,53.1]"",""ph_i:outside_[6.77,7.05]""]",False,1.4210854715202004e-14,[],True,True
N_ABS_NKCC_S8_PLOW_KLOW_AE4NA05_P1_H1:B00,N_ABS_NKCC_S8_PLOW_KLOW_AE4NA05_P1_H1,N_ABS_NKCC,8.0,1.0,1.0,H1,PRODUCTION_PRE_REVEAL,True,True,False,4.12647346847983e-12,1.9024365416342448e-13,4.12647346847983e-16,2.5849394142282115e-26,3.400058012914542e-16,True,True,4.12647346847983e-12,11,0,0.0,True,"{""cl_i_mM"":57.39416334016034,""cl_l_mM"":145.9539172101483,""k_i_mM"":110.3966865040739,""k_l_mM"":21.462259177059863,""na_i_mM"":21.19514298466026,""na_l_mM"":128.87575720166663,""ph_i"":6.850942364692648,""ph_l"":6.875843015204579,""tic_i_mM"":5.381839160311564,""tic_l_mM"":5.116541364468169,""v_apical_mV"":-32.80096913555842,""v_basolateral_mV"":-69.14228640189188,""volume_i_pL"":1.2999999999999963,""volume_l_pL"":0.1052408984840604}","[""cl_i_mM:outside_[47.1,53.1]""]",False,7.105427357601002e-15,[],True,True
N_ABS_NKCC_S8_PLOW_KLOW_AE4NA05_P2_H1:B00,N_ABS_NKCC_S8_PLOW_KLOW_AE4NA05_P2_H1,N_ABS_NKCC,8.0,2.0,1.0,H1,PRODUCTION_PRE_REVEAL,True,True,False,1.4200880055215137e-11,4.440892098500626e-16,1.4200880055215137e-15,0.0,5.204170427930421e-17,True,True,1.7529380724745636e-11,11,0,2.842170943040401e-14,True,"{""cl_i_mM"":69.16212834028664,""cl_l_mM"":146.89130735687888,""k_i_mM"":133.36579607384047,""k_l_mM"":25.306771046456472,""na_i_mM"":11.086236693656517,""na_l_mM"":125.07461702717944,""ph_i"":6.900959697939658,""ph_l"":6.796092261667447,""tic_i_mM"":5.804248724450675,""tic_l_mM"":4.191321165751527,""v_apical_mV"":-29.58803249870617,""v_basolateral_mV"":-72.24100873903886,""volume_i_pL"":1.3,""volume_l_pL"":0.10641995542508956}","[""cl_i_mM:outside_[47.1,53.1]"",""v_apical_mV:outside_[-80,-30]""]",False,3.552713678800501e-15,[],True,True
N_ABS_NKCC_S8_PLOW_KLOW_AE4NA10_P1_H1:B00,N_ABS_NKCC_S8_PLOW_KLOW_AE4NA10_P1_H1,N_ABS_NKCC,8.0,1.0,1.0,H1,PRODUCTION_PRE_REVEAL,True,True,False,1.0981883805105674e-11,2.498001805406602e-16,1.0981883805105674e-15,1.2924697071141057e-26,2.636779683484747e-16,True,True,1.0981883805105674e-11,11,0,8.526512829121202e-14,True,"{""cl_i_mM"":52.29927214185625,""cl_l_mM"":145.42911725746356,""k_i_mM"":97.76363986707014,""k_l_mM"":18.852130713194047,""na_i_mM"":29.912408622753933,""na_l_mM"":131.46298080827322,""ph_i"":6.89518775436996,""ph_l"":6.909427592187655,""tic_i_mM"":6.0033445812125255,""tic_l_mM"":5.641189456453899,""v_apical_mV"":-34.493666258019324,""v_basolateral_mV"":-67.84765578085742,""volume_i_pL"":1.3,""volume_l_pL"":0.10475144261067931}","[""k_i_mM:outside_[100,160]""]",False,1.4210854715202004e-14,[],True,True
N_ABS_NKCC_S8_PLOW_KLOW_AE4NA10_P2_H1:B00,N_ABS_NKCC_S8_PLOW_KLOW_AE4NA10_P2_H1,N_ABS_NKCC,8.0,2.0,1.0,H1,PRODUCTION_PRE_REVEAL,True,True,False,4.581838380923742e-12,1.0633854907737827e-14,4.581838380923742e-16,1.2924697071141057e-26,1.97758476261356e-16,True,True,4.310787837802366e-12,11,0,1.4210854715202004e-14,True,"{""cl_i_mM"":65.39430663819894,""cl_l_mM"":146.81838660340202,""k_i_mM"":129.71109297898101,""k_l_mM"":23.7351468339661,""na_i_mM"":12.83795300028239,""na_l_mM"":126.64104734588282,""ph_i"":6.971540526333785,""ph_l"":6.800360878736152,""tic_i_mM"":6.742515695263875,""tic_l_mM"":4.265634047865341,""v_apical_mV"":-30.950522863413706,""v_basolateral_mV"":-73.03302629142541,""volume_i_pL"":1.3000000000000012,""volume_l_pL"":0.10633925025771707}","[""cl_i_mM:outside_[47.1,53.1]""]",False,1.4210854715202004e-14,[],True,True
N_ABS_NKCC_S8_PLOW_KLOW_AE4NA20_P1_H1:B00,N_ABS_NKCC_S8_PLOW_KLOW_AE4NA20_P1_H1,N_ABS_NKCC,8.0,1.0,1.0,H1,PRODUCTION_PRE_REVEAL,True,True,False,2.9891453895425357e-12,1.0824674490095276e-15,2.9891453895425357e-16,1.2924697071141057e-26,1.8127860323957634e-16,True,True,2.9891453895425357e-12,11,0,7.105427357601002e-15,True,"{""cl_i_mM"":48.17198114038154,""cl_l_mM"":144.6144719799367,""k_i_mM"":80.6063645315037,""k_l_mM"":15.865571812669916,""na_i_mM"":44.856419357933824,""na_l_mM"":134.41539094770525,""ph_i"":6.959476524147804,""ph_l"":6.951743779159177,""tic_i_mM"":7.101928318786952,""tic_l_mM"":6.460468429731292,""v_apical_mV"":-35.63361451923654,""v_basolateral_mV"":-64.9681143557159,""volume_i_pL"":1.3,""volume_l_pL"":0.10412488673612565}","[""na_i_mM:outside_[10,35]"",""k_i_mM:outside_[100,160]""]",False,1.4210854715202004e-14,[],True,True
N_ABS_NKCC_S8_PLOW_KLOW_AE4NA20_P2_H1:B00,N_ABS_NKCC_S8_PLOW_KLOW_AE4NA20_P2_H1,N_ABS_NKCC,8.0,2.0,1.0,H1,PRODUCTION_PRE_REVEAL,True,True,False,6.03900610074426e-12,1.942890293094024e-16,6.03900610074426e-16,3.2311742677852644e-27,5.551115123125783e-17,True,True,6.03900610074426e-12,11,0,1.4210854715202004e-14,True,"{""cl_i_mM"":60.868428695563175,""cl_l_mM"":146.7034244896834,""k_i_mM"":125.24802388505721,""k_l_mM"":21.921738268768447,""na_i_mM"":15.507864837432502,""na_l_mM"":128.44571204464768,""ph_i"":7.0636404723141215,""ph_l"":6.806044860709,""tic_i_mM"":8.263176963079,""tic_l_mM"":4.383464177920884,""v_apical_mV"":-32.65976875947578,""v_basolateral_mV"":-73.87280787688651,""volume_i_pL"":1.3,""volume_l_pL"":0.10621451570765049}","[""cl_i_mM:outside_[47.1,53.1]"",""ph_i:outside_[6.77,7.05]""]",False,0.0,[],True,True
N_ABS_NKCC_S8_PNOM_KMID_AE4NA05_P1_H1:B00,N_ABS_NKCC_S8_PNOM_KMID_AE4NA05_P1_H1,N_ABS_NKCC,8.0,1.0,1.0,H1,PRODUCTION_PRE_REVEAL,True,True,False,6.264520152621245e-12,4.996003610813204e-16,6.264520152621245e-16,2.908056841006738e-26,3.174543961037557e-16,True,True,3.8077180297690916e-12,11,0,2.842170943040401e-14,True,"{""cl_i_mM"":57.42458988839313,""cl_l_mM"":145.8310791979688,""k_i_mM"":110.48039802331972,""k_l_mM"":23.258035070118332,""na_i_mM"":21.149188348497233,""na_l_mM"":127.08411757199093,""ph_i"":6.8514479826583266,""ph_l"":6.889621826878673,""tic_i_mM"":5.3818425014428595,""tic_l_mM"":5.2410599870074925,""v_apical_mV"":-32.77091538167369,""v_basolateral_mV"":-67.87804529710859,""volume_i_pL"":1.3,""volume_l_pL"":0.10536438106398167}","[""cl_i_mM:outside_[47.1,53.1]""]",False,0.0,[],True,True
N_ABS_NKCC_S8_PNOM_KMID_AE4NA05_P2_H1:B00,N_ABS_NKCC_S8_PNOM_KMID_AE4NA05_P2_H1,N_ABS_NKCC,8.0,2.0,1.0,H1,PRODUCTION_PRE_REVEAL,True,True,False,5.557620336160696e-12,6.833734966793514e-13,5.557620336160696e-16,1.2924697071141057e-26,1.214306433183765e-16,True,True,5.557620336160696e-12,11,0,3.552713678800501e-15,True,"{""cl_i_mM"":69.02917646134989,""cl_l_mM"":146.77396169375487,""k_i_mM"":133.21652634132678,""k_l_mM"":27.841109909200302,""na_i_mM"":11.10336224264924,""na_l_mM"":122.54719533897806,""ph_i"":6.901301578490055,""ph_l"":6.813563570186373,""tic_i_mM"":5.799368608059071,""tic_l_mM"":4.311796688447064,""v_apical_mV"":-29.681175233014514,""v_basolateral_mV"":-70.79448606869248,""volume_i_pL"":1.2999999999999787,""volume_l_pL"":0.10663323729226709}","[""cl_i_mM:outside_[47.1,53.1]"",""v_apical_mV:outside_[-80,-30]""]",False,0.0,[],True,True
N_ABS_NKCC_S8_PNOM_KMID_AE4NA10_P1_H1:B00,N_ABS_NKCC_S8_PNOM_KMID_AE4NA10_P1_H1,N_ABS_NKCC,8.0,1.0,1.0,H1,PRODUCTION_PRE_REVEAL,True,True,False,4.141652298894627e-12,7.102131382996646e-14,4.141652298894627e-16,6.462348535570529e-27,6.071532165918825e-17,True,True,2.4101814294352764e-12,11,0,3.552713678800501e-15,True,"{""cl_i_mM"":52.31001712679951,""cl_l_mM"":145.31611964739352,""k_i_mM"":97.83380514508171,""k_l_mM"":20.183478272738615,""na_i_mM"":29.8591726563541,""na_l_mM"":130.1355253469199,""ph_i"":6.895630003676457,""ph_l"":6.92099444994404,""tic_i_mM"":6.002954572362799,""tic_l_mM"":5.755691912106429,""v_apical_mV"":-34.47974941094251,""v_basolateral_mV"":-66.76693478786804,""volume_i_pL"":1.3000000000000018,""volume_l_pL"":0.10486601077398405}","[""k_i_mM:outside_[100,160]""]",False,0.0,[],True,True
N_ABS_NKCC_S8_PNOM_KMID_AE4NA10_P2_H1:B00,N_ABS_NKCC_S8_PNOM_KMID_AE4NA10_P2_H1,N_ABS_NKCC,8.0,2.0,1.0,H1,PRODUCTION_PRE_REVEAL,True,True,False,1.2858637765678083e-11,9.742207041085749e-15,1.2858637765678083e-15,1.9387045606711586e-26,2.498001805406602e-16,True,True,1.04040040471709e-11,11,0,5.46052092431637e-12,True,"{""cl_i_mM"":65.21943173304291,""cl_l_mM"":146.71206981213427,""k_i_mM"":129.50184066103787,""k_l_mM"":25.930918705293937,""na_i_mM"":12.867824092615137,""na_l_mM"":124.45272510095784,""ph_i"":6.971730191117652,""ph_l"":6.816478206447745,""tic_i_mM"":6.734202742574701,""tic_l_mM"":4.375309863072454,""v_apical_mV"":-31.088424379734036,""v_basolateral_mV"":-71.72693016812424,""volume_i_pL"":1.2999999999999992,""volume_l_pL"":0.1065686999739726}","[""cl_i_mM:outside_[47.1,53.1]""]",False,1.4210854715202004e-14,[],True,True
N_ABS_NKCC_S8_PNOM_KMID_AE4NA20_P1_H1:B00,N_ABS_NKCC_S8_PNOM_KMID_AE4NA20_P1_H1,N_ABS_NKCC,8.0,1.0,1.0,H1,PRODUCTION_PRE_REVEAL,True,True,False,8.538092108323347e-12,3.172462292866385e-14,8.538092108323347e-16,1.9387045606711586e-26,1.249000902703301e-16,True,True,8.538092108323347e-12,11,0,7.105427357601002e-15,True,"{""cl_i_mM"":48.15773513346848,""cl_l_mM"":144.51426402372022,""k_i_mM"":80.6214114553191,""k_l_mM"":16.736376860795882,""na_i_mM"":44.830605427858146,""na_l_mM"":133.54820800090414,""ph_i"":6.959792496207215,""ph_l"":6.960820392269117,""tic_i_mM"":7.100491671864377,""tic_l_mM"":6.561996538380694,""v_apical_mV"":-35.64168128257326,""v_basolateral_mV"":-64.09247262895028,""volume_i_pL"":1.3000000000000038,""volume_l_pL"":0.1042298025846804}","[""na_i_mM:outside_[10,35]"",""k_i_mM:outside_[100,160]""]",False,3.9257486150745535e-13,[],True,True
N_ABS_NKCC_S8_PNOM_KMID_AE4NA20_P2_H1:B00,N_ABS_NKCC_S8_PNOM_KMID_AE4NA20_P2_H1,N_ABS_NKCC,8.0,2.0,1.0,H1,PRODUCTION_PRE_REVEAL,True,True,False,6.784937195414287e-12,3.7730235602495554e-16,6.784937195414287e-16,1.2924697071141057e-26,1.8908485888147197e-16,True,True,3.606056425686788e-11,11,0,5.684341886080802e-14,True,"{""cl_i_mM"":60.6513179054933,""cl_l_mM"":146.609366707459,""k_i_mM"":124.96231999534668,""k_l_mM"":23.74818336684815,""na_i_mM"":15.562253155000105,""na_l_mM"":126.62727029427678,""ph_i"":7.063588461933079,""ph_l"":6.820589365998754,""tic_i_mM"":8.248296623747812,""tic_l_mM"":4.4811050951242875,""v_apical_mV"":-32.8477392766176,""v_basolateral_mV"":-72.72485310215644,""volume_i_pL"":1.3,""volume_l_pL"":0.10646047751425387}","[""cl_i_mM:outside_[47.1,53.1]"",""ph_i:outside_[6.77,7.05]""]",False,1.4210854715202004e-14,[],True,True
STRICT_NATIVE_S1_PHIGH_KHIGH_AE4NA05_P0.5_H1:B00,STRICT_NATIVE_S1_PHIGH_KHIGH_AE4NA05_P0.5_H1,STRICT_NATIVE,1.0,0.5,1.0,H1,PRODUCTION_PRE_REVEAL,True,True,False,6.173447170132462e-12,1.734723475976807e-16,6.173447170132462e-16,2.4233807008389483e-26,2.5934115965853266e-16,True,True,3.717729249452795e-12,11,0,4.973799150320701e-14,True,"{""cl_i_mM"":28.83071291895707,""cl_l_mM"":141.1414335729332,""k_i_mM"":71.932683991863,""k_l_mM"":11.581308043417968,""na_i_mM"":29.077943936525017,""na_l_mM"":138.66312777895286,""ph_i"":6.754994012582238,""ph_l"":7.158549823930627,""tic_i_mM"":4.596814969600285,""tic_l_mM"":9.890701175358036,""v_apical_mV"":-46.1469807384291,""v_basolateral_mV"":-63.272873789265965,""volume_i_pL"":1.3,""volume_l_pL"":0.10244078725640206}","[""cl_i_mM:outside_[47.1,53.1]"",""ph_i:outside_[6.77,7.05]"",""k_i_mM:outside_[100,160]""]",False,0.0,[],True,True
STRICT_NATIVE_S1_PHIGH_KHIGH_AE4NA05_P0.5_H2.5:B00,STRICT_NATIVE_S1_PHIGH_KHIGH_AE4NA05_P0.5_H2.5,STRICT_NATIVE,1.0,0.5,2.5,HW,DIAGNOSTIC_ONLY_HW_HYDRAULIC_TRANSFER,False,True,False,9.802651312201816e-11,7.644336552647957e-13,9.802651312201816e-15,4.2005265481208437e-26,4.432218481120742e-16,True,True,4.220636427160196e-11,11,0,3.864926156893489e-10,True,"{""cl_i_mM"":28.827454278583247,""cl_l_mM"":141.1083760416273,""k_i_mM"":71.92758345750441,""k_l_mM"":11.581518149195619,""na_i_mM"":29.07956685308198,""na_l_mM"":138.6284519239174,""ph_i"":6.754985577931494,""ph_l"":7.15849925720591,""tic_i_mM"":4.596690295035723,""tic_l_mM"":9.88926449152884,""v_apical_mV"":-46.14401205071535,""v_basolateral_mV"":-63.27038534457802,""volume_i_pL"":1.2999999999999685,""volume_l_pL"":0.10244220402567944}","[""cl_i_mM:outside_[47.1,53.1]"",""ph_i:outside_[6.77,7.05]"",""k_i_mM:outside_[100,160]""]",False,1.4210854715202004e-14,[],True,True
STRICT_NATIVE_S1_PHIGH_KHIGH_AE4NA05_P0.5_H3.5:B00,STRICT_NATIVE_S1_PHIGH_KHIGH_AE4NA05_P0.5_H3.5,STRICT_NATIVE,1.0,0.5,3.5,HW,DIAGNOSTIC_ONLY_HW_HYDRAULIC_TRANSFER,False,True,False,4.010897516892875e-11,1.5265566588595902e-16,4.010897516892875e-15,1.2924697071141057e-26,1.3877787807814457e-16,True,True,4.010897516892875e-11,11,0,7.105427357601002e-15,True,"{""cl_i_mM"":28.826833073642607,""cl_l_mM"":141.10207503912,""k_i_mM"":71.9266111245563,""k_l_mM"":11.581558172078847,""na_i_mM"":29.079876235736595,""na_l_mM"":138.62184246101558,""ph_i"":6.7549839700104295,""ph_l"":7.158489617720784,""tic_i_mM"":4.596666526513052,""tic_l_mM"":9.888990626368948,""v_apical_mV"":-46.143446154336665,""v_basolateral_mV"":-63.269910966003856,""volume_i_pL"":1.3,""volume_l_pL"":0.1024424741713599}","[""cl_i_mM:outside_[47.1,53.1]"",""ph_i:outside_[6.77,7.05]"",""k_i_mM:outside_[100,160]""]",False,1.4210854715202004e-14,[],True,True
STRICT_NATIVE_S1_PHIGH_KHIGH_AE4NA05_P0.5_H5:B00,STRICT_NATIVE_S1_PHIGH_KHIGH_AE4NA05_P0.5_H5,STRICT_NATIVE,1.0,0.5,5.0,HW,DIAGNOSTIC_ONLY_HW_HYDRAULIC_TRANSFER,False,True,False,1.1220896174030104e-10,2.220446049250313e-16,1.1220896174030104e-14,1.6155871338926322e-26,1.4051260155412137e-16,True,True,3.4162668353932e-11,11,0,4.796163466380676e-14,True,"{""cl_i_mM"":28.826367062337063,""cl_l_mM"":141.09734837687043,""k_i_mM"":71.92588170614161,""k_l_mM"":11.581588189808924,""na_i_mM"":29.08010832669408,""na_l_mM"":138.6168844097384,""ph_i"":6.754982763815315,""ph_l"":7.1584823865127865,""tic_i_mM"":4.596648695675501,""tic_l_mM"":9.888785183109595,""v_apical_mV"":-46.143021641243536,""v_basolateral_mV"":-63.26955510028101,""volume_i_pL"":1.3,""volume_l_pL"":0.10244267684052714}","[""cl_i_mM:outside_[47.1,53.1]"",""ph_i:outside_[6.77,7.05]"",""k_i_mM:outside_[100,160]""]",False,7.105427357601002e-15,[],True,True
STRICT_NATIVE_S1_PHIGH_KHIGH_AE4NA05_P0.5_H6.75:B00,STRICT_NATIVE_S1_PHIGH_KHIGH_AE4NA05_P0.5_H6.75,STRICT_NATIVE,1.0,0.5,6.75,HW,DIAGNOSTIC_ONLY_HW_HYDRAULIC_TRANSFER,False,True,False,2.121832440651894e-10,4.176867185456956e-14,2.121832440651894e-14,1.9387045606711586e-26,2.3245294578089215e-16,True,True,1.8569672709245477e-11,11,0,7.105427357601002e-15,True,"{""cl_i_mM"":28.82608510948814,""cl_l_mM"":141.0944886590456,""k_i_mM"":71.92544038278204,""k_l_mM"":11.581606348919584,""na_i_mM"":29.080248749785437,""na_l_mM"":138.61388469761349,""ph_i"":6.754982034027283,""ph_l"":7.158478011403524,""tic_i_mM"":4.596637907280788,""tic_l_mM"":9.888660884143768,""v_apical_mV"":-46.142764799215236,""v_basolateral_mV"":-63.26933978943007,""volume_i_pL"":1.3000000000000018,""volume_l_pL"":0.10244279946780135}","[""cl_i_mM:outside_[47.1,53.1]"",""ph_i:outside_[6.77,7.05]"",""k_i_mM:outside_[100,160]""]",False,0.0,[],True,True
STRICT_NATIVE_S1_PHIGH_KHIGH_AE4NA05_P0.5_H8:B00,STRICT_NATIVE_S1_PHIGH_KHIGH_AE4NA05_P0.5_H8,STRICT_NATIVE,1.0,0.5,8.0,HW,DIAGNOSTIC_ONLY_HW_HYDRAULIC_TRANSFER,False,True,False,2.898565719042234e-10,5.030698080332741e-16,2.898565719042234e-14,4.2005265481208437e-26,5.30825383648903e-16,True,True,3.6016654068882215e-11,11,0,1.4210854715202004e-14,True,"{""cl_i_mM"":28.825959226776483,""cl_l_mM"":141.09321190705012,""k_i_mM"":71.92524334632795,""k_l_mM"":11.58161445572263,""na_i_mM"":29.08031144413596,""na_l_mM"":138.6125454437315,""ph_i"":6.754981708203334,""ph_l"":7.158476058068263,""tic_i_mM"":4.596633090582579,""tic_l_mM"":9.888605389035789,""v_apical_mV"":-46.142650128393036,""v_basolateral_mV"":-63.26924366022548,""volume_i_pL"":1.3,""volume_l_pL"":0.10244285421819162}","[""cl_i_mM:outside_[47.1,53.1]"",""ph_i:outside_[6.77,7.05]"",""k_i_mM:outside_[100,160]""]",False,7.105427357601002e-15,[],True,True
STRICT_NATIVE_S1_PHIGH_KHIGH_AE4NA05_P0.5_HWQ_H2.5:B00,STRICT_NATIVE_S1_PHIGH_KHIGH_AE4NA05_P0.5_HWQ_H2.5,STRICT_NATIVE,1.0,0.5,2.5,HWQ,DIAGNOSTIC_ONLY_HWQ_HYDRAULIC_TRANSFER,False,True,False,2.4840698074901635e-11,4.440892098500626e-16,2.4840698074901635e-15,9.693522803355793e-27,1.7694179454963432e-16,True,True,2.4840698074901635e-11,11,0,2.1316282072803006e-14,True,"{""cl_i_mM"":28.8274542786289,""cl_l_mM"":141.10837604162697,""k_i_mM"":71.92758345744554,""k_l_mM"":11.58151814920216,""na_i_mM"":29.079566852876287,""na_l_mM"":138.62845192392342,""ph_i"":6.7549855779071635,""ph_l"":7.158499257170989,""tic_i_mM"":4.596690295070539,""tic_l_mM"":9.889264491516515,""v_apical_mV"":-46.144012050673645,""v_basolateral_mV"":-63.27038534455338,""volume_i_pL"":1.3,""volume_l_pL"":0.10097688161027189}","[""cl_i_mM:outside_[47.1,53.1]"",""ph_i:outside_[6.77,7.05]"",""k_i_mM:outside_[100,160]""]",False,0.0,[],True,True
STRICT_NATIVE_S1_PHIGH_KHIGH_AE4NA05_P0.5_HWQ_H3.5:B00,STRICT_NATIVE_S1_PHIGH_KHIGH_AE4NA05_P0.5_HWQ_H3.5,STRICT_NATIVE,1.0,0.5,3.5,HWQ,DIAGNOSTIC_ONLY_HWQ_HYDRAULIC_TRANSFER,False,True,False,5.729845851260018e-11,4.3021142204224816e-16,5.729845851260018e-15,2.5849394142282115e-26,2.8102520310824275e-16,True,True,4.8703445790221345e-11,11,0,2.842170943040401e-14,True,"{""cl_i_mM"":28.82683307364893,""cl_l_mM"":141.10207503909336,""k_i_mM"":71.92661112455215,""k_l_mM"":11.58155817208301,""na_i_mM"":29.079876235734364,""na_l_mM"":138.62184246105792,""ph_i"":6.754983970009351,""ph_l"":7.158489617715844,""tic_i_mM"":4.59666652651579,""tic_l_mM"":9.888990626349118,""v_apical_mV"":-46.14344615432544,""v_basolateral_mV"":-63.269910966003486,""volume_i_pL"":1.3,""volume_l_pL"":0.10069784976324557}","[""cl_i_mM:outside_[47.1,53.1]"",""ph_i:outside_[6.77,7.05]"",""k_i_mM:outside_[100,160]""]",False,7.105427357601002e-15,[],True,True
STRICT_NATIVE_S1_PHIGH_KHIGH_AE4NA05_P0.5_HWQ_H5:B00,STRICT_NATIVE_S1_PHIGH_KHIGH_AE4NA05_P0.5_HWQ_H5,STRICT_NATIVE,1.0,0.5,5.0,HWQ,DIAGNOSTIC_ONLY_HWQ_HYDRAULIC_TRANSFER,False,True,False,4.64407158562441e-11,9.853229343548264e-16,4.64407158562441e-15,3.715850407953054e-26,3.7990444123892075e-16,True,True,4.64407158562441e-11,11,0,5.453415496958769e-13,True,"{""cl_i_mM"":28.8263670623441,""cl_l_mM"":141.09734837684044,""k_i_mM"":71.92588170613702,""k_l_mM"":11.581588189813603,""na_i_mM"":29.080108326691846,""na_l_mM"":138.61688440978594,""ph_i"":6.754982763814133,""ph_l"":7.1584823865072895,""tic_i_mM"":4.5966486956785335,""tic_l_mM"":9.888785183087347,""v_apical_mV"":-46.14302164123099,""v_basolateral_mV"":-63.269555100280634,""volume_i_pL"":1.2999999999999998,""volume_l_pL"":0.10048853536810534}","[""cl_i_mM:outside_[47.1,53.1]"",""ph_i:outside_[6.77,7.05]"",""k_i_mM:outside_[100,160]""]",False,1.4210854715202004e-14,[],True,True
STRICT_NATIVE_S1_PHIGH_KHIGH_AE4NA05_P0.5_HWQ_H6.75:B00,STRICT_NATIVE_S1_PHIGH_KHIGH_AE4NA05_P0.5_HWQ_H6.75,STRICT_NATIVE,1.0,0.5,6.75,HWQ,DIAGNOSTIC_ONLY_HWQ_HYDRAULIC_TRANSFER,False,True,False,6.981177788634163e-12,7.741810664763094e-14,6.981177788634163e-16,6.139231108792002e-26,6.314393452555578e-16,True,True,6.981177788634163e-12,11,0,3.893774191965349e-11,True,"{""cl_i_mM"":28.826085109489817,""cl_l_mM"":141.09448865901072,""k_i_mM"":71.92544038278507,""k_l_mM"":11.581606348924112,""na_i_mM"":29.080248749815564,""na_l_mM"":138.61388469766862,""ph_i"":6.754982034029615,""ph_l"":7.158478011402283,""tic_i_mM"":4.596637907279096,""tic_l_mM"":9.888660884118966,""v_apical_mV"":-46.14276479920654,""v_basolateral_mV"":-63.269339789433204,""volume_i_pL"":1.2999999999999912,""volume_l_pL"":0.10036189621745197}","[""cl_i_mM:outside_[47.1,53.1]"",""ph_i:outside_[6.77,7.05]"",""k_i_mM:outside_[100,160]""]",False,1.4210854715202004e-14,[],True,True
STRICT_NATIVE_S1_PHIGH_KHIGH_AE4NA05_P0.5_HWQ_H8:B00,STRICT_NATIVE_S1_PHIGH_KHIGH_AE4NA05_P0.5_HWQ_H8,STRICT_NATIVE,1.0,0.5,8.0,HWQ,DIAGNOSTIC_ONLY_HWQ_HYDRAULIC_TRANSFER,False,True,False,3.6016654068882215e-11,1.6375789613221059e-15,3.6016654068882215e-15,1.1309109937248425e-26,1.3357370765021415e-16,True,True,3.6016654068882215e-11,11,0,1.7763568394002505e-15,True,"{""cl_i_mM"":28.825959226784256,""cl_l_mM"":141.09321190701775,""k_i_mM"":71.92524334632292,""k_l_mM"":11.581614455727731,""na_i_mM"":29.08031144413322,""na_l_mM"":138.61254544378352,""ph_i"":6.754981708202012,""ph_l"":7.158476058062119,""tic_i_mM"":4.596633090585966,""tic_l_mM"":9.888605389010989,""v_apical_mV"":-46.142650128379316,""v_basolateral_mV"":-63.2692436602251,""volume_i_pL"":1.3,""volume_l_pL"":0.1003053567772739}","[""cl_i_mM:outside_[47.1,53.1]"",""ph_i:outside_[6.77,7.05]"",""k_i_mM:outside_[100,160]""]",False,7.105427357601002e-15,[],True,True
STRICT_NATIVE_S1_PHIGH_KHIGH_AE4NA05_P1_H1:B00,STRICT_NATIVE_S1_PHIGH_KHIGH_AE4NA05_P1_H1,STRICT_NATIVE,1.0,1.0,1.0,H1,PRODUCTION_PRE_REVEAL,True,True,False,1.3619747690762907e-11,5.273559366969494e-16,1.3619747690762907e-15,4.8467614016778965e-26,5.568462357885551e-16,True,True,1.8110513089197866e-11,11,0,3.375077994860476e-14,True,"{""cl_i_mM"":27.629444227326864,""cl_l_mM"":142.18410194984804,""k_i_mM"":87.81470739566939,""k_l_mM"":12.78843476518623,""na_i_mM"":11.969690035505593,""na_l_mM"":137.4802068544815,""ph_i"":6.758473468700535,""ph_l"":7.1223251878062195,""tic_i_mM"":4.507571682876366,""tic_l_mM"":8.84604039260322,""v_apical_mV"":-48.131941233913246,""v_basolateral_mV"":-67.91392808911291,""volume_i_pL"":1.3,""volume_l_pL"":0.10291234070715544}","[""cl_i_mM:outside_[47.1,53.1]"",""ph_i:outside_[6.77,7.05]"",""k_i_mM:outside_[100,160]""]",False,0.0,[],True,True
STRICT_NATIVE_S1_PHIGH_KHIGH_AE4NA05_P1_H2.5:B00,STRICT_NATIVE_S1_PHIGH_KHIGH_AE4NA05_P1_H2.5,STRICT_NATIVE,1.0,1.0,2.5,HW,DIAGNOSTIC_ONLY_HW_HYDRAULIC_TRANSFER,False,True,False,2.057707303160239e-11,2.3505503099485736e-16,2.057707303160239e-15,3.715850407953054e-26,4.0419056990259605e-16,True,True,2.057707303160239e-11,11,0,0.0,True,"{""cl_i_mM"":27.62438588815066,""cl_l_mM"":142.14427232735233,""k_i_mM"":87.80920701528929,""k_l_mM"":12.788391576197613,""na_i_mM"":11.969628274286416,""na_l_mM"":137.43912797282877,""ph_i"":6.758452181461352,""ph_l"":7.122277529846966,""tic_i_mM"":4.507316740269378,""tic_l_mM"":8.844711070496276,""v_apical_mV"":-48.12960917007535,""v_basolateral_mV"":-67.91174170097705,""volume_i_pL"":1.3,""volume_l_pL"":0.10291412812449964}","[""cl_i_mM:outside_[47.1,53.1]"",""ph_i:outside_[6.77,7.05]"",""k_i_mM:outside_[100,160]""]",False,7.105427357601002e-15,[],True,True
STRICT_NATIVE_S1_PHIGH_KHIGH_AE4NA05_P1_H3.5:B00,STRICT_NATIVE_S1_PHIGH_KHIGH_AE4NA05_P1_H3.5,STRICT_NATIVE,1.0,1.0,3.5,HW,DIAGNOSTIC_ONLY_HW_HYDRAULIC_TRANSFER,False,True,False,4.683319704268385e-11,2.38524477946811e-16,4.683319704268385e-15,1.2924697071141057e-26,1.9949319973733282e-16,True,True,4.683319704268385e-11,11,0,1.7763568394002505e-15,True,"{""cl_i_mM"":27.623421541969314,""cl_l_mM"":142.1366802149787,""k_i_mM"":87.80815839876188,""k_l_mM"":12.788383284894064,""na_i_mM"":11.969616488704945,""na_l_mM"":137.43129776741162,""ph_i"":6.758448122757566,""ph_l"":7.122268444567455,""tic_i_mM"":4.5072681322215935,""tic_l_mM"":8.844457654794002,""v_apical_mV"":-48.12916465757163,""v_basolateral_mV"":-67.9113248989021,""volume_i_pL"":1.3,""volume_l_pL"":0.10291446897578796}","[""cl_i_mM:outside_[47.1,53.1]"",""ph_i:outside_[6.77,7.05]"",""k_i_mM:outside_[100,160]""]",False,1.4210854715202004e-14,[],True,True
STRICT_NATIVE_S1_PHIGH_KHIGH_AE4NA05_P1_H5:B00,STRICT_NATIVE_S1_PHIGH_KHIGH_AE4NA05_P1_H5,STRICT_NATIVE,1.0,1.0,5.0,HW,DIAGNOSTIC_ONLY_HW_HYDRAULIC_TRANSFER,False,True,False,1.2506272059620294e-11,5.273559366969494e-16,1.2506272059620294e-15,4.8467614016778965e-26,5.967448757360216e-16,True,True,1.6834407132182427e-11,11,0,1.4210854715202004e-14,True,"{""cl_i_mM"":27.622698102954992,""cl_l_mM"":142.13098497051226,""k_i_mM"":87.807371741843,""k_l_mM"":12.78837705277537,""na_i_mM"":11.96960764498766,""na_l_mM"":137.42542392395947,""ph_i"":6.7584450778902925,""ph_l"":7.122261629015476,""tic_i_mM"":4.507231666185458,""tic_l_mM"":8.844267548544432,""v_apical_mV"":-48.12883120804344,""v_basolateral_mV"":-67.91101222433792,""volume_i_pL"":1.3,""volume_l_pL"":0.10291472469645942}","[""cl_i_mM:outside_[47.1,53.1]"",""ph_i:outside_[6.77,7.05]"",""k_i_mM:outside_[100,160]""]",False,7.105427357601002e-15,[],True,True
STRICT_NATIVE_S1_PHIGH_KHIGH_AE4NA05_P1_H6.75:B00,STRICT_NATIVE_S1_PHIGH_KHIGH_AE4NA05_P1_H6.75,STRICT_NATIVE,1.0,1.0,6.75,HW,DIAGNOSTIC_ONLY_HW_HYDRAULIC_TRANSFER,False,True,False,2.559215860065134e-10,1.8041124150158794e-16,2.5592158600651338e-14,1.7771458472818954e-26,1.7433970933566911e-16,True,True,2.5169753434250985e-11,11,0,1.4210854715202004e-14,True,"{""cl_i_mM"":27.62226039233729,""cl_l_mM"":142.12753921622578,""k_i_mM"":87.80689578199049,""k_l_mM"":12.788373277048722,""na_i_mM"":11.96960229319815,""na_l_mM"":137.42187011615556,""ph_i"":6.758443235584064,""ph_l"":7.122257505364271,""tic_i_mM"":4.5072096023216845,""tic_l_mM"":8.844152527485301,""v_apical_mV"":-48.128629464543145,""v_basolateral_mV"":-67.91082304513642,""volume_i_pL"":1.3,""volume_l_pL"":0.10291487942590248}","[""cl_i_mM:outside_[47.1,53.1]"",""ph_i:outside_[6.77,7.05]"",""k_i_mM:outside_[100,160]""]",False,7.105427357601002e-15,[],True,True
STRICT_NATIVE_S1_PHIGH_KHIGH_AE4NA05_P1_H8:B00,STRICT_NATIVE_S1_PHIGH_KHIGH_AE4NA05_P1_H8,STRICT_NATIVE,1.0,1.0,8.0,HW,DIAGNOSTIC_ONLY_HW_HYDRAULIC_TRANSFER,False,True,False,1.5343087043928616e-10,3.191891195797325e-16,1.5343087043928616e-14,2.261821987449685e-26,2.5153490401663703e-16,True,True,1.730766138047235e-10,11,0,1.7763568394002505e-15,True,"{""cl_i_mM"":27.62206496763238,""cl_l_mM"":142.1260008154887,""k_i_mM"":87.8066832801995,""k_l_mM"":12.788371590073597,""na_i_mM"":11.969599903547113,""na_l_mM"":137.42028347428192,""ph_i"":6.758442413040854,""ph_l"":7.122255664287184,""tic_i_mM"":4.507199751368978,""tic_l_mM"":8.844101174291131,""v_apical_mV"":-48.12853939387845,""v_basolateral_mV"":-67.9107385827369,""volume_i_pL"":1.3,""volume_l_pL"":0.1029149485098786}","[""cl_i_mM:outside_[47.1,53.1]"",""ph_i:outside_[6.77,7.05]"",""k_i_mM:outside_[100,160]""]",False,7.105427357601002e-15,[],True,True
STRICT_NATIVE_S1_PHIGH_KHIGH_AE4NA05_P1_HWQ_H2.5:B00,STRICT_NATIVE_S1_PHIGH_KHIGH_AE4NA05_P1_HWQ_H2.5,STRICT_NATIVE,1.0,1.0,2.5,HWQ,DIAGNOSTIC_ONLY_HWQ_HYDRAULIC_TRANSFER,False,True,False,5.874749471612706e-11,4.163336342344337e-16,5.874749471612706e-15,2.1002632740604218e-26,1.986258379993444e-16,True,True,5.874749471612706e-11,11,0,1.7763568394002505e-15,True,"{""cl_i_mM"":27.62438588815838,""cl_l_mM"":142.1442723273274,""k_i_mM"":87.80920701528203,""k_l_mM"":12.788391576202407,""na_i_mM"":11.96962827428638,""na_l_mM"":137.43912797286794,""ph_i"":6.758452181460079,""ph_l"":7.1222775298411785,""tic_i_mM"":4.507316740272548,""tic_l_mM"":8.84471107047723,""v_apical_mV"":-48.12960917006293,""v_basolateral_mV"":-67.911741700976,""volume_i_pL"":1.3,""volume_l_pL"":0.1011656512497997}","[""cl_i_mM:outside_[47.1,53.1]"",""ph_i:outside_[6.77,7.05]"",""k_i_mM:outside_[100,160]""]",False,7.105427357601002e-15,[],True,True
STRICT_NATIVE_S1_PHIGH_KHIGH_AE4NA05_P1_HWQ_H3.5:B00,STRICT_NATIVE_S1_PHIGH_KHIGH_AE4NA05_P1_HWQ_H3.5,STRICT_NATIVE,1.0,1.0,3.5,HWQ,DIAGNOSTIC_ONLY_HWQ_HYDRAULIC_TRANSFER,False,True,False,4.683319704268385e-11,1.690141082644203e-14,4.683319704268385e-15,8.077935669463161e-27,6.591949208711867e-17,True,True,4.683319704268385e-11,11,0,1.4210854715202004e-14,True,"{""cl_i_mM"":27.6234215419773,""cl_l_mM"":142.13668021494837,""k_i_mM"":87.80815839875835,""k_l_mM"":12.78838328489999,""na_i_mM"":11.96961648870535,""na_l_mM"":137.43129776745883,""ph_i"":6.758448122756586,""ph_l"":7.122268444561319,""tic_i_mM"":4.507268132224566,""tic_l_mM"":8.844457654771142,""v_apical_mV"":-48.129164657557965,""v_basolateral_mV"":-67.91132489890225,""volume_i_pL"":1.2999999999999992,""volume_l_pL"":0.10083270542165358}","[""cl_i_mM:outside_[47.1,53.1]"",""ph_i:outside_[6.77,7.05]"",""k_i_mM:outside_[100,160]""]",False,0.0,[],True,True
STRICT_NATIVE_S1_PHIGH_KHIGH_AE4NA05_P1_HWQ_H5:B00,STRICT_NATIVE_S1_PHIGH_KHIGH_AE4NA05_P1_HWQ_H5,STRICT_NATIVE,1.0,1.0,5.0,HWQ,DIAGNOSTIC_ONLY_HWQ_HYDRAULIC_TRANSFER,False,True,False,1.2506272059620294e-11,3.608224830031759e-16,1.2506272059620294e-15,3.554291694563791e-26,6.054184931159057e-16,True,True,1.4614394763801108e-10,11,0,7.815970093361102e-14,True,"{""cl_i_mM"":27.622698102965376,""cl_l_mM"":142.13098497047872,""k_i_mM"":87.80737174183298,""k_l_mM"":12.78837705278179,""na_i_mM"":11.969607644987596,""na_l_mM"":137.42542392401202,""ph_i"":6.7584450778885605,""ph_l"":7.122261629007711,""tic_i_mM"":4.507231666189741,""tic_l_mM"":8.844267548519031,""v_apical_mV"":-48.12883120802671,""v_basolateral_mV"":-67.9110122243364,""volume_i_pL"":1.3,""volume_l_pL"":0.10058294493929178}","[""cl_i_mM:outside_[47.1,53.1]"",""ph_i:outside_[6.77,7.05]"",""k_i_mM:outside_[100,160]""]",False,7.105427357601002e-15,[],True,True
STRICT_NATIVE_S1_PHIGH_KHIGH_AE4NA05_P1_HWQ_H6.75:B00,STRICT_NATIVE_S1_PHIGH_KHIGH_AE4NA05_P1_HWQ_H6.75,STRICT_NATIVE,1.0,1.0,6.75,HWQ,DIAGNOSTIC_ONLY_HWQ_HYDRAULIC_TRANSFER,False,True,False,1.724325977142671e-10,1.6838960781306866e-14,1.724325977142671e-14,3.554291694563791e-26,4.388850394221322e-16,True,True,2.5169753434250985e-11,11,0,8.93329854534386e-12,True,"{""cl_i_mM"":27.622260392347094,""cl_l_mM"":142.12753921618966,""k_i_mM"":87.80689578198523,""k_l_mM"":12.788373277055777,""na_i_mM"":11.969602293198557,""na_l_mM"":137.421870116212,""ph_i"":6.7584432355827815,""ph_l"":7.122257505356758,""tic_i_mM"":4.50720960232541,""tic_l_mM"":8.844152527457876,""v_apical_mV"":-48.128629464526554,""v_basolateral_mV"":-67.91082304513635,""volume_i_pL"":1.2999999999999992,""volume_l_pL"":0.10043183398902251}","[""cl_i_mM:outside_[47.1,53.1]"",""ph_i:outside_[6.77,7.05]"",""k_i_mM:outside_[100,160]""]",False,1.4210854715202004e-14,[],True,True
STRICT_NATIVE_S1_PHIGH_KHIGH_AE4NA05_P1_HWQ_H8:B00,STRICT_NATIVE_S1_PHIGH_KHIGH_AE4NA05_P1_HWQ_H8,STRICT_NATIVE,1.0,1.0,8.0,HWQ,DIAGNOSTIC_ONLY_HWQ_HYDRAULIC_TRANSFER,False,True,False,1.730766138047235e-10,1.457167719820518e-15,1.730766138047235e-14,1.454028420503369e-26,2.636779683484747e-16,True,True,1.730766138047235e-10,11,0,0.0,True,"{""cl_i_mM"":27.622064967643713,""cl_l_mM"":142.1260008154519,""k_i_mM"":87.80668328018874,""k_l_mM"":12.788371590080645,""na_i_mM"":11.969599903547062,""na_l_mM"":137.42028347433953,""ph_i"":6.758442413038978,""ph_l"":7.122255664278701,""tic_i_mM"":4.507199751373637,""tic_l_mM"":8.844101174263253,""v_apical_mV"":-48.128539393860166,""v_basolateral_mV"":-67.9107385827353,""volume_i_pL"":1.3,""volume_l_pL"":0.10036436856373475}","[""cl_i_mM:outside_[47.1,53.1]"",""ph_i:outside_[6.77,7.05]"",""k_i_mM:outside_[100,160]""]",False,7.105427357601002e-15,[],True,True
STRICT_NATIVE_S1_PHIGH_KHIGH_AE4NA05_P2_H1:B00,STRICT_NATIVE_S1_PHIGH_KHIGH_AE4NA05_P2_H1,STRICT_NATIVE,1.0,2.0,1.0,H1,PRODUCTION_PRE_REVEAL,True,True,False,3.9118014383277e-12,4.996003610813204e-16,3.9118014383277e-16,5.492996255234949e-26,7.129713486264677e-16,True,True,3.9118014383277e-12,11,0,1.4210854715202004e-14,True,"{""cl_i_mM"":27.392793713619234,""cl_l_mM"":142.44154194643747,""k_i_mM"":91.6782214336673,""k_l_mM"":13.00755983348177,""na_i_mM"":8.118597326019453,""na_l_mM"":137.26764221398165,""ph_i"":6.771443299583393,""ph_l"":7.112479096975776,""tic_i_mM"":4.591339558595094,""tic_l_mM"":8.588712162074106,""v_apical_mV"":-48.596853413110196,""v_basolateral_mV"":-69.07432187847472,""volume_i_pL"":1.3,""volume_l_pL"":0.10305398031419281}","[""cl_i_mM:outside_[47.1,53.1]"",""na_i_mM:outside_[10,35]"",""k_i_mM:outside_[100,160]""]",False,7.105427357601002e-15,[],True,True
STRICT_NATIVE_S1_PHIGH_KHIGH_AE4NA05_P2_H2.5:B00,STRICT_NATIVE_S1_PHIGH_KHIGH_AE4NA05_P2_H2.5,STRICT_NATIVE,1.0,2.0,2.5,HW,DIAGNOSTIC_ONLY_HW_HYDRAULIC_TRANSFER,False,True,False,2.0093518862673854e-11,3.191891195797325e-16,2.0093518862673854e-15,6.785465962349055e-26,6.83481049534862e-16,True,True,2.0093518862673854e-11,11,0,4.618527782440651e-14,True,"{""cl_i_mM"":27.387113196082332,""cl_l_mM"":142.39962765516836,""k_i_mM"":91.67201792962486,""k_l_mM"":13.00734012786,""na_i_mM"":8.118517246364892,""na_l_mM"":137.2247397375904,""ph_i"":6.771417789322582,""ph_l"":7.112434825082136,""tic_i_mM"":4.591039467965308,""tic_l_mM"":8.587465964963412,""v_apical_mV"":-48.59474763439251,""v_basolateral_mV"":-69.07208795692678,""volume_i_pL"":1.3,""volume_l_pL"":0.10305585589096829}","[""cl_i_mM:outside_[47.1,53.1]"",""na_i_mM:outside_[10,35]"",""k_i_mM:outside_[100,160]""]",False,1.4210854715202004e-14,[],True,True
STRICT_NATIVE_S1_PHIGH_KHIGH_AE4NA05_P2_H3.5:B00,STRICT_NATIVE_S1_PHIGH_KHIGH_AE4NA05_P2_H3.5,STRICT_NATIVE,1.0,2.0,3.5,HW,DIAGNOSTIC_ONLY_HW_HYDRAULIC_TRANSFER,False,True,False,1.377142757469363e-10,2.213507155346406e-15,1.3771427574693629e-14,1.6155871338926322e-26,1.8735013540549517e-16,True,True,9.299093613190923e-11,11,0,1.0444978215673473e-12,True,"{""cl_i_mM"":27.386030245375935,""cl_l_mM"":142.39163817291313,""k_i_mM"":91.67083526862714,""k_l_mM"":13.007298180736154,""na_i_mM"":8.118501974401942,""na_l_mM"":137.21656193224229,""ph_i"":6.77141292539744,""ph_l"":7.11242638520163,""tic_i_mM"":4.590982251860977,""tic_l_mM"":8.587228390178637,""v_apical_mV"":-48.594346266295425,""v_basolateral_mV"":-69.07166209282816,""volume_i_pL"":1.2999999999999998,""volume_l_pL"":0.1030562135594239}","[""cl_i_mM:outside_[47.1,53.1]"",""na_i_mM:outside_[10,35]"",""k_i_mM:outside_[100,160]""]",False,0.0,[],True,True
STRICT_NATIVE_S1_PHIGH_KHIGH_AE4NA05_P2_H5:B00,STRICT_NATIVE_S1_PHIGH_KHIGH_AE4NA05_P2_H5,STRICT_NATIVE,1.0,2.0,5.0,HW,DIAGNOSTIC_ONLY_HW_HYDRAULIC_TRANSFER,False,True,False,3.427596748095674e-11,3.469446951953614e-16,3.4275967480956737e-15,1.2924697071141057e-26,1.0928757898653885e-16,True,True,3.427596748095674e-11,11,0,7.105427357601002e-15,True,"{""cl_i_mM"":27.385217833124024,""cl_l_mM"":142.3856448400121,""k_i_mM"":91.66994805392588,""k_l_mM"":13.007266699685122,""na_i_mM"":8.11849051649747,""na_l_mM"":137.21042733655767,""ph_i"":6.771409276438122,""ph_l"":7.112420053789996,""tic_i_mM"":4.590939328008957,""tic_l_mM"":8.587050166210878,""v_apical_mV"":-48.594045184004244,""v_basolateral_mV"":-69.07134262005398,""volume_i_pL"":1.3,""volume_l_pL"":0.10305648189820907}","[""cl_i_mM:outside_[47.1,53.1]"",""na_i_mM:outside_[10,35]"",""k_i_mM:outside_[100,160]""]",False,1.4210854715202004e-14,[],True,True
STRICT_NATIVE_S1_PHIGH_KHIGH_AE4NA05_P2_H6.75:B00,STRICT_NATIVE_S1_PHIGH_KHIGH_AE4NA05_P2_H6.75,STRICT_NATIVE,1.0,2.0,6.75,HW,DIAGNOSTIC_ONLY_HW_HYDRAULIC_TRANSFER,False,True,False,2.60065406709753e-10,3.885780586188048e-16,2.6006540670975298e-14,3.2311742677852644e-27,3.8163916471489756e-17,True,True,1.682887770110275e-10,11,0,4.263256414560601e-14,True,"{""cl_i_mM"":27.38472629092889,""cl_l_mM"":142.38201873521857,""k_i_mM"":91.6694112526535,""k_l_mM"":13.007247646971111,""na_i_mM"":8.118483583535562,""na_l_mM"":137.20671576798213,""ph_i"":6.77140706862032,""ph_l"":7.11241622305185,""tic_i_mM"":4.590913356826765,""tic_l_mM"":8.586942333861876,""v_apical_mV"":-48.593863024402694,""v_basolateral_mV"":-69.07114932765073,""volume_i_pL"":1.3,""volume_l_pL"":0.10305664426301299}","[""cl_i_mM:outside_[47.1,53.1]"",""na_i_mM:outside_[10,35]"",""k_i_mM:outside_[100,160]""]",False,7.105427357601002e-15,[],True,True
STRICT_NATIVE_S1_PHIGH_KHIGH_AE4NA05_P2_H8:B00,STRICT_NATIVE_S1_PHIGH_KHIGH_AE4NA05_P2_H8,STRICT_NATIVE,1.0,2.0,8.0,HW,DIAGNOSTIC_ONLY_HW_HYDRAULIC_TRANSFER,False,True,False,1.336821278674627e-11,3.2980562725271056e-14,1.336821278674627e-15,1.6155871338926322e-26,1.0408340855860843e-16,True,True,1.336821278674627e-11,11,0,0.0,True,"{""cl_i_mM"":27.384506832256193,""cl_l_mM"":142.38039981467645,""k_i_mM"":91.66917158704968,""k_l_mM"":13.007239139196512,""na_i_mM"":8.118480488065096,""na_l_mM"":137.20505869189378,""ph_i"":6.771406082885558,""ph_l"":7.112414512750243,""tic_i_mM"":4.590901761354113,""tic_l_mM"":8.586894190074055,""v_apical_mV"":-48.59378169745761,""v_basolateral_mV"":-69.07106302883194,""volume_i_pL"":1.2999999999999983,""volume_l_pL"":0.10305671675616354}","[""cl_i_mM:outside_[47.1,53.1]"",""na_i_mM:outside_[10,35]"",""k_i_mM:outside_[100,160]""]",False,1.4210854715202004e-14,[],True,True
STRICT_NATIVE_S1_PHIGH_KHIGH_AE4NA05_P2_HWQ_H2.5:B00,STRICT_NATIVE_S1_PHIGH_KHIGH_AE4NA05_P2_HWQ_H2.5,STRICT_NATIVE,1.0,2.0,2.5,HWQ,DIAGNOSTIC_ONLY_HWQ_HYDRAULIC_TRANSFER,False,True,False,2.6233355765459265e-11,1.7416623698807143e-15,2.6233355765459265e-15,4.52364397489937e-26,4.562322741819003e-16,True,True,2.0093518862673854e-11,11,0,9.876544027065393e-13,True,"{""cl_i_mM"":27.387113196090787,""cl_l_mM"":142.39962765514258,""k_i_mM"":91.67201792961747,""k_l_mM"":13.007340127865286,""na_i_mM"":8.118517246364949,""na_l_mM"":137.22473973763059,""ph_i"":6.77141778932125,""ph_l"":7.11243482507593,""tic_i_mM"":4.591039467968679,""tic_l_mM"":8.587465964943732,""v_apical_mV"":-48.5947476343792,""v_basolateral_mV"":-69.07208795692573,""volume_i_pL"":1.3,""volume_l_pL"":0.10122234235638716}","[""cl_i_mM:outside_[47.1,53.1]"",""na_i_mM:outside_[10,35]"",""k_i_mM:outside_[100,160]""]",False,1.4210854715202004e-14,[],True,True
STRICT_NATIVE_S1_PHIGH_KHIGH_AE4NA05_P2_HWQ_H3.5:B00,STRICT_NATIVE_S1_PHIGH_KHIGH_AE4NA05_P2_HWQ_H3.5,STRICT_NATIVE,1.0,2.0,3.5,HWQ,DIAGNOSTIC_ONLY_HWQ_HYDRAULIC_TRANSFER,False,True,False,1.377142757469363e-10,7.181755190543981e-16,1.3771427574693629e-14,2.908056841006738e-26,1.97758476261356e-16,True,True,2.665944721924607e-11,11,0,1.4210854715202004e-14,True,"{""cl_i_mM"":27.386030245386316,""cl_l_mM"":142.3916381728823,""k_i_mM"":91.67083526861705,""k_l_mM"":13.007298180742433,""na_i_mM"":8.118501974401966,""na_l_mM"":137.21656193229023,""ph_i"":6.771412925395725,""ph_l"":7.112426385194072,""tic_i_mM"":4.5909822518651815,""tic_l_mM"":8.587228390155305,""v_apical_mV"":-48.59434626627923,""v_basolateral_mV"":-69.07166209282653,""volume_i_pL"":1.3,""volume_l_pL"":0.10087320387412099}","[""cl_i_mM:outside_[47.1,53.1]"",""na_i_mM:outside_[10,35]"",""k_i_mM:outside_[100,160]""]",False,0.0,[],True,True
STRICT_NATIVE_S1_PHIGH_KHIGH_AE4NA05_P2_HWQ_H5:B00,STRICT_NATIVE_S1_PHIGH_KHIGH_AE4NA05_P2_HWQ_H5,STRICT_NATIVE,1.0,2.0,5.0,HWQ,DIAGNOSTIC_ONLY_HWQ_HYDRAULIC_TRANSFER,False,True,False,3.427596748095674e-11,1.1102230246251565e-15,3.4275967480956737e-15,2.261821987449685e-26,3.0010716134398763e-16,True,True,3.427596748095674e-11,11,0,0.0,True,"{""cl_i_mM"":27.385217833135563,""cl_l_mM"":142.38564483997735,""k_i_mM"":91.669948053915,""k_l_mM"":13.007266699692204,""na_i_mM"":8.118490516497513,""na_l_mM"":137.2104273366115,""ph_i"":6.771409276436242,""ph_l"":7.112420053781578,""tic_i_mM"":4.590939328013605,""tic_l_mM"":8.587050166184696,""v_apical_mV"":-48.59404518398614,""v_basolateral_mV"":-69.07134262005228,""volume_i_pL"":1.3,""volume_l_pL"":0.10061129637964171}","[""cl_i_mM:outside_[47.1,53.1]"",""na_i_mM:outside_[10,35]"",""k_i_mM:outside_[100,160]""]",False,0.0,[],True,True
STRICT_NATIVE_S1_PHIGH_KHIGH_AE4NA05_P2_HWQ_H6.75:B00,STRICT_NATIVE_S1_PHIGH_KHIGH_AE4NA05_P2_HWQ_H6.75,STRICT_NATIVE,1.0,2.0,6.75,HWQ,DIAGNOSTIC_ONLY_HWQ_HYDRAULIC_TRANSFER,False,True,False,2.9313574137490583e-11,2.0597343275419178e-12,2.9313574137490583e-15,3.3927329811745276e-26,4.510281037539698e-16,True,True,2.9313574137490583e-11,11,0,1.4210854715202004e-14,True,"{""cl_i_mM"":27.384726290806594,""cl_l_mM"":142.38201873516405,""k_i_mM"":91.66941125335048,""k_l_mM"":13.007247647009507,""na_i_mM"":8.118483583558673,""na_l_mM"":137.20671576808178,""ph_i"":6.771407068685061,""ph_l"":7.112416223130572,""tic_i_mM"":4.590913356734759,""tic_l_mM"":8.586942333778444,""v_apical_mV"":-48.593863024525135,""v_basolateral_mV"":-69.07114932783813,""volume_i_pL"":1.299999999999701,""volume_l_pL"":0.10045283618711436}","[""cl_i_mM:outside_[47.1,53.1]"",""na_i_mM:outside_[10,35]"",""k_i_mM:outside_[100,160]""]",False,0.0,[],True,True
STRICT_NATIVE_S1_PHIGH_KHIGH_AE4NA05_P2_HWQ_H8:B00,STRICT_NATIVE_S1_PHIGH_KHIGH_AE4NA05_P2_HWQ_H8,STRICT_NATIVE,1.0,2.0,8.0,HWQ,DIAGNOSTIC_ONLY_HWQ_HYDRAULIC_TRANSFER,False,True,False,1.336821278674627e-11,7.494005416219807e-16,1.336821278674627e-15,4.8467614016778965e-27,4.336808689942018e-17,True,True,1.336821278674627e-11,11,0,1.1723955140041653e-13,True,"{""cl_i_mM"":27.384506832271263,""cl_l_mM"":142.38039981463902,""k_i_mM"":91.66917158702668,""k_l_mM"":13.007239139203866,""na_i_mM"":8.118480488064783,""na_l_mM"":137.205058691952,""ph_i"":6.771406082882415,""ph_l"":7.112414512739527,""tic_i_mM"":4.590901761360808,""tic_l_mM"":8.586894190045935,""v_apical_mV"":-48.59378169743535,""v_basolateral_mV"":-69.07106302882707,""volume_i_pL"":1.3,""volume_l_pL"":0.10038208959452036}","[""cl_i_mM:outside_[47.1,53.1]"",""na_i_mM:outside_[10,35]"",""k_i_mM:outside_[100,160]""]",False,1.4210854715202004e-14,[],True,True
STRICT_NATIVE_S1_PHIGH_KHIGH_AE4NA10_P1_H1:B00,STRICT_NATIVE_S1_PHIGH_KHIGH_AE4NA10_P1_H1,STRICT_NATIVE,1.0,1.0,1.0,H1,PRODUCTION_PRE_REVEAL,True,True,False,7.6739829768524e-12,1.771759822188912e-14,7.6739829768524e-16,8.077935669463161e-27,9.280770596475918e-17,True,True,7.6739829768524e-12,11,0,0.0,True,"{""cl_i_mM"":26.40992220344763,""cl_l_mM"":142.0480880289084,""k_i_mM"":85.09268526966149,""k_l_mM"":11.831273035459246,""na_i_mM"":14.816127120391846,""na_l_mM"":138.43481179999137,""ph_i"":6.819159490736271,""ph_l"":7.126473717930518,""tic_i_mM"":5.096588314160788,""tic_l_mM"":8.984593552618554,""v_apical_mV"":-49.26172290783886,""v_basolateral_mV"":-68.4576363305693,""volume_i_pL"":1.3,""volume_l_pL"":0.10291196825291099}","[""cl_i_mM:outside_[47.1,53.1]"",""k_i_mM:outside_[100,160]""]",False,2.673417043297377e-13,[],True,True
STRICT_NATIVE_S1_PHIGH_KHIGH_AE4NA10_P1_H2.5:B00,STRICT_NATIVE_S1_PHIGH_KHIGH_AE4NA10_P1_H2.5,STRICT_NATIVE,1.0,1.0,2.5,HW,DIAGNOSTIC_ONLY_HW_HYDRAULIC_TRANSFER,False,True,False,1.662624031506521e-11,1.7458257062230587e-14,1.662624031506521e-15,3.069615554396001e-26,4.163336342344337e-16,True,True,1.0901652844341747e-11,11,0,4.565237077258644e-12,True,"{""cl_i_mM"":26.40528498684089,""cl_l_mM"":142.0083415935307,""k_i_mM"":85.08777212119202,""k_l_mM"":11.831386516349037,""na_i_mM"":14.815869241296369,""na_l_mM"":138.39358186052323,""ph_i"":6.819139072253525,""ph_l"":7.126423372560109,""tic_i_mM"":5.096300637800575,""tic_l_mM"":8.983186005017643,""v_apical_mV"":-49.259215405246074,""v_basolateral_mV"":-68.45544432048774,""volume_i_pL"":1.3,""volume_l_pL"":0.10291375814347022}","[""cl_i_mM:outside_[47.1,53.1]"",""k_i_mM:outside_[100,160]""]",False,2.673417043297377e-13,[],True,True
STRICT_NATIVE_S1_PHIGH_KHIGH_AE4NA10_P1_H3.5:B00,STRICT_NATIVE_S1_PHIGH_KHIGH_AE4NA10_P1_H3.5,STRICT_NATIVE,1.0,1.0,3.5,HW,DIAGNOSTIC_ONLY_HW_HYDRAULIC_TRANSFER,False,True,False,3.6298741790119493e-12,5.070787539862565e-13,3.222248856626919e-16,3.2311742677852644e-26,4.0419056990259605e-16,True,True,3.222248856626919e-12,11,0,6.750511261088832e-11,True,"{""cl_i_mM"":26.40440091750159,""cl_l_mM"":142.00076532871125,""k_i_mM"":85.08683545680279,""k_l_mM"":11.831408099030378,""na_i_mM"":14.815820059189422,""na_l_mM"":138.38572284225714,""ph_i"":6.819135179216973,""ph_l"":7.126413775001484,""tic_i_mM"":5.096245788654841,""tic_l_mM"":8.982917678823934,""v_apical_mV"":-49.25873744505526,""v_basolateral_mV"":-68.45502644640261,""volume_i_pL"":1.2999999999999734,""volume_l_pL"":0.10291409946689672}","[""cl_i_mM:outside_[47.1,53.1]"",""k_i_mM:outside_[100,160]""]",False,2.673417043297377e-13,[],True,True
STRICT_NATIVE_S1_PHIGH_KHIGH_AE4NA10_P1_H5:B00,STRICT_NATIVE_S1_PHIGH_KHIGH_AE4NA10_P1_H5,STRICT_NATIVE,1.0,1.0,5.0,HW,DIAGNOSTIC_ONLY_HW_HYDRAULIC_TRANSFER,False,True,False,1.931072489413932e-11,1.764040302720815e-14,1.931072489413932e-15,3.069615554396001e-26,4.423544863740858e-16,True,True,1.931072489413932e-11,11,0,7.105427357601002e-15,True,"{""cl_i_mM"":26.403737699439244,""cl_l_mM"":141.99508197042815,""k_i_mM"":85.08613278439617,""k_l_mM"":11.8314242791424,""na_i_mM"":14.815783159469031,""na_l_mM"":138.37982738074325,""ph_i"":6.819132258609448,""ph_l"":7.126406575116356,""tic_i_mM"":5.096204640558314,""tic_l_mM"":8.98271638753684,""v_apical_mV"":-49.25837890321697,""v_basolateral_mV"":-68.45471296750001,""volume_i_pL"":1.3,""volume_l_pL"":0.10291435554188953}","[""cl_i_mM:outside_[47.1,53.1]"",""k_i_mM:outside_[100,160]""]",False,2.673417043297377e-13,[],True,True
STRICT_NATIVE_S1_PHIGH_KHIGH_AE4NA10_P1_H6.75:B00,STRICT_NATIVE_S1_PHIGH_KHIGH_AE4NA10_P1_H6.75,STRICT_NATIVE,1.0,1.0,6.75,HW,DIAGNOSTIC_ONLY_HW_HYDRAULIC_TRANSFER,False,True,False,6.177567138387907e-11,1.749381889348811e-14,6.177567138387907e-15,6.462348535570529e-27,1.1709383462843448e-16,True,True,4.520038857092068e-11,11,0,4.639844064513454e-12,True,"{""cl_i_mM"":26.403336424277533,""cl_l_mM"":141.99164340675208,""k_i_mM"":85.08570763868376,""k_l_mM"":11.831434064244888,""na_i_mM"":14.815760831973382,""na_l_mM"":138.3762604918564,""ph_i"":6.819130491497414,""ph_l"":7.126402218944099,""tic_i_mM"":5.096179743791178,""tic_l_mM"":8.982594599306006,""v_apical_mV"":-49.258161977742404,""v_basolateral_mV"":-68.45452330164427,""volume_i_pL"":1.3,""volume_l_pL"":0.10291451048576797}","[""cl_i_mM:outside_[47.1,53.1]"",""k_i_mM:outside_[100,160]""]",False,2.673417043297377e-13,[],True,True
STRICT_NATIVE_S1_PHIGH_KHIGH_AE4NA10_P1_H8:B00,STRICT_NATIVE_S1_PHIGH_KHIGH_AE4NA10_P1_H8,STRICT_NATIVE,1.0,1.0,8.0,HW,DIAGNOSTIC_ONLY_HW_HYDRAULIC_TRANSFER,False,True,False,1.2760300628633647e-10,3.1965749491824624e-14,1.2760300628633647e-14,1.6155871338926322e-26,1.448494102440634e-16,True,True,1.0795834712307162e-10,11,0,1.2398970739013748e-11,True,"{""cl_i_mM"":26.403157266743765,""cl_l_mM"":141.99010821615943,""k_i_mM"":85.0855178238758,""k_l_mM"":11.831438431895627,""na_i_mM"":14.815750863013854,""na_l_mM"":138.37466800936232,""ph_i"":6.819129702527206,""ph_l"":7.126400274054792,""tic_i_mM"":5.096168628019329,""tic_l_mM"":8.982540224831416,""v_apical_mV"":-49.25806512875489,""v_basolateral_mV"":-68.45443862196393,""volume_i_pL"":1.2999999999999992,""volume_l_pL"":0.10291457966549658}","[""cl_i_mM:outside_[47.1,53.1]"",""k_i_mM:outside_[100,160]""]",False,2.673417043297377e-13,[],True,True
STRICT_NATIVE_S1_PHIGH_KHIGH_AE4NA10_P1_HWQ_H2.5:B00,STRICT_NATIVE_S1_PHIGH_KHIGH_AE4NA10_P1_HWQ_H2.5,STRICT_NATIVE,1.0,1.0,2.5,HWQ,DIAGNOSTIC_ONLY_HWQ_HYDRAULIC_TRANSFER,False,True,False,2.2766077217850622e-11,1.7659484985443896e-14,2.2766077217850622e-15,2.7464981276174747e-26,2.8102520310824275e-16,True,True,1.662624031506521e-11,11,0,4.668265773943858e-12,True,"{""cl_i_mM"":26.405284986848304,""cl_l_mM"":142.0083415935058,""k_i_mM"":85.08777212118405,""k_l_mM"":11.831386516353387,""na_i_mM"":14.815869241296486,""na_l_mM"":138.39358186056302,""ph_i"":6.819139072252265,""ph_l"":7.126423372554377,""tic_i_mM"":5.096300637803843,""tic_l_mM"":8.983186004998359,""v_apical_mV"":-49.2592154052336,""v_basolateral_mV"":-68.45544432048649,""volume_i_pL"":1.3,""volume_l_pL"":0.10116550325738792}","[""cl_i_mM:outside_[47.1,53.1]"",""k_i_mM:outside_[100,160]""]",False,2.673417043297377e-13,[],True,True
STRICT_NATIVE_S1_PHIGH_KHIGH_AE4NA10_P1_HWQ_H3.5:B00,STRICT_NATIVE_S1_PHIGH_KHIGH_AE4NA10_P1_HWQ_H3.5,STRICT_NATIVE,1.0,1.0,3.5,HWQ,DIAGNOSTIC_ONLY_HWQ_HYDRAULIC_TRANSFER,False,True,False,4.573164763543858e-12,2.2806409538667083e-14,4.573164763543858e-16,8.077935669463161e-27,4.9439619065339e-17,True,True,4.573164763543858e-12,11,0,7.105427357601002e-15,True,"{""cl_i_mM"":26.404400917545544,""cl_l_mM"":142.00076532869016,""k_i_mM"":85.08683545664599,""k_l_mM"":11.831408099030856,""na_i_mM"":14.815820059168985,""na_l_mM"":138.38572284229187,""ph_i"":6.81913517920004,""ph_l"":7.126413774973732,""tic_i_mM"":5.096245788681624,""tic_l_mM"":8.982917678809766,""v_apical_mV"":-49.25873744500412,""v_basolateral_mV"":-68.45502644635768,""volume_i_pL"":1.2999999999999998,""volume_l_pL"":0.10083259984768417}","[""cl_i_mM:outside_[47.1,53.1]"",""k_i_mM:outside_[100,160]""]",False,2.673417043297377e-13,[],True,True
STRICT_NATIVE_S1_PHIGH_KHIGH_AE4NA10_P1_HWQ_H5:B00,STRICT_NATIVE_S1_PHIGH_KHIGH_AE4NA10_P1_HWQ_H5,STRICT_NATIVE,1.0,1.0,5.0,HWQ,DIAGNOSTIC_ONLY_HWQ_HYDRAULIC_TRANSFER,False,True,False,1.187461587393024e-10,1.741835842228312e-14,1.1874615873930239e-14,2.5849394142282115e-26,2.3418766925686896e-16,True,True,3.990406095832899e-11,11,0,4.526157226791838e-12,True,"{""cl_i_mM"":26.403737699449245,""cl_l_mM"":141.99508197039478,""k_i_mM"":85.08613278438541,""k_l_mM"":11.831424279148242,""na_i_mM"":14.815783159469172,""na_l_mM"":138.37982738079668,""ph_i"":6.81913225860775,""ph_l"":7.126406575108666,""tic_i_mM"":5.096204640562706,""tic_l_mM"":8.982716387511033,""v_apical_mV"":-49.258378903200196,""v_basolateral_mV"":-68.45471296749831,""volume_i_pL"":1.3,""volume_l_pL"":0.1005828711083778}","[""cl_i_mM:outside_[47.1,53.1]"",""k_i_mM:outside_[100,160]""]",False,2.673417043297377e-13,[],True,True
STRICT_NATIVE_S1_PHIGH_KHIGH_AE4NA10_P1_HWQ_H6.75:B00,STRICT_NATIVE_S1_PHIGH_KHIGH_AE4NA10_P1_HWQ_H6.75,STRICT_NATIVE,1.0,1.0,6.75,HWQ,DIAGNOSTIC_ONLY_HWQ_HYDRAULIC_TRANSFER,False,True,False,2.8625105757962288e-11,1.7150343645244703e-14,2.862510575796229e-15,5.977672395402739e-26,5.84601811404184e-16,True,True,4.520038857092068e-11,11,0,7.105427357601002e-15,True,"{""cl_i_mM"":26.40333642428819,""cl_l_mM"":141.99164340671635,""k_i_mM"":85.0857076386723,""k_l_mM"":11.831434064251123,""na_i_mM"":14.815760831973535,""na_l_mM"":138.37626049191337,""ph_i"":6.819130491495605,""ph_l"":7.126402218935914,""tic_i_mM"":5.096179743795855,""tic_l_mM"":8.982594599278533,""v_apical_mV"":-49.25816197772446,""v_basolateral_mV"":-68.45452330164245,""volume_i_pL"":1.3,""volume_l_pL"":0.1004317793312248}","[""cl_i_mM:outside_[47.1,53.1]"",""k_i_mM:outside_[100,160]""]",False,2.673417043297377e-13,[],True,True
STRICT_NATIVE_S1_PHIGH_KHIGH_AE4NA10_P1_HWQ_H8:B00,STRICT_NATIVE_S1_PHIGH_KHIGH_AE4NA10_P1_HWQ_H8,STRICT_NATIVE,1.0,1.0,8.0,HWQ,DIAGNOSTIC_ONLY_HWQ_HYDRAULIC_TRANSFER,False,True,False,3.4078751105781624e-10,5.4755843956200145e-12,3.4078751105781624e-14,8.077935669463161e-27,1.3097162243624894e-16,True,True,1.0795834712307162e-10,11,0,2.94491897534499e-09,True,"{""cl_i_mM"":26.40315726636051,""cl_l_mM"":141.99010821602565,""k_i_mM"":85.08551782551989,""k_l_mM"":11.83143843195502,""na_i_mM"":14.815750863245293,""na_l_mM"":138.37466800956494,""ph_i"":6.819129702698782,""ph_l"":7.126400274281346,""tic_i_mM"":5.09616862776693,""tic_l_mM"":8.982540224703325,""v_apical_mV"":-49.25806512914357,""v_basolateral_mV"":-68.45443862245048,""volume_i_pL"":1.299999999999702,""volume_l_pL"":0.1003643224581893}","[""cl_i_mM:outside_[47.1,53.1]"",""k_i_mM:outside_[100,160]""]",False,2.673417043297377e-13,[],True,True
STRICT_NATIVE_S1_PHIGH_KHIGH_AE4NA10_P2_H1:B00,STRICT_NATIVE_S1_PHIGH_KHIGH_AE4NA10_P2_H1,STRICT_NATIVE,1.0,2.0,1.0,H1,PRODUCTION_PRE_REVEAL,True,True,False,2.6378638856572323e-12,1.2073675392798577e-15,2.6378638856572323e-16,5.169878828456423e-26,5.412337245047638e-16,True,True,2.6378638856572323e-12,11,0,2.1316282072803006e-14,True,"{""cl_i_mM"":25.79763174141499,""cl_l_mM"":142.3917192285254,""k_i_mM"":90.60243253474077,""k_l_mM"":12.015513848236612,""na_i_mM"":9.160769353522774,""na_l_mM"":138.26002717128134,""ph_i"":6.841417809049329,""ph_l"":7.114233586925476,""tic_i_mM"":5.270611599907692,""tic_l_mM"":8.640599027068857,""v_apical_mV"":-50.20327947347216,""v_basolateral_mV"":-70.29595126781457,""volume_i_pL"":1.2999999999999998,""volume_l_pL"":0.10310499454693182}","[""cl_i_mM:outside_[47.1,53.1]"",""na_i_mM:outside_[10,35]"",""k_i_mM:outside_[100,160]""]",False,1.4210854715202004e-14,[],True,True
STRICT_NATIVE_S1_PHIGH_KHIGH_AE4NA10_P2_H2.5:B00,STRICT_NATIVE_S1_PHIGH_KHIGH_AE4NA10_P2_H2.5,STRICT_NATIVE,1.0,2.0,2.5,HW,DIAGNOSTIC_ONLY_HW_HYDRAULIC_TRANSFER,False,True,False,1.952539692429145e-11,3.4122010772463796e-14,1.952539692429145e-15,1.7771458472818954e-26,3.157196726277789e-16,True,True,1.3386644223678523e-11,11,0,1.9184653865522705e-11,True,"{""cl_i_mM"":25.79229769103728,""cl_l_mM"":142.34913462429247,""k_i_mM"":90.59657864891268,""k_l_mM"":12.01543563557164,""na_i_mM"":9.16060684396536,""na_l_mM"":138.21626306519897,""ph_i"":6.841391702310077,""ph_l"":7.114187533029881,""tic_i_mM"":5.270250773340258,""tic_l_mM"":8.63930203889885,""v_apical_mV"":-50.2010283800933,""v_basolateral_mV"":-70.29365996221058,""volume_i_pL"":1.299999999999998,""volume_l_pL"":0.1031069035968153}","[""cl_i_mM:outside_[47.1,53.1]"",""na_i_mM:outside_[10,35]"",""k_i_mM:outside_[100,160]""]",False,0.0,[],True,True
STRICT_NATIVE_S1_PHIGH_KHIGH_AE4NA10_P2_H3.5:B00,STRICT_NATIVE_S1_PHIGH_KHIGH_AE4NA10_P2_H3.5,STRICT_NATIVE,1.0,2.0,3.5,HW,DIAGNOSTIC_ONLY_HW_HYDRAULIC_TRANSFER,False,True,False,7.261769310873412e-11,2.4434447520871316e-14,7.261769310873412e-15,1.7771458472818954e-26,1.97758476261356e-16,True,True,6.402322248744152e-11,11,0,2.1316282072803006e-14,True,"{""cl_i_mM"":25.791280787398215,""cl_l_mM"":142.3410173641321,""k_i_mM"":90.59546263589193,""k_l_mM"":12.015420668388806,""na_i_mM"":9.160575855579564,""na_l_mM"":138.20792100392768,""ph_i"":6.8413867246610485,""ph_l"":7.114178753411563,""tic_i_mM"":5.270181977277911,""tic_l_mM"":8.639054781553032,""v_apical_mV"":-50.200599306481294,""v_basolateral_mV"":-70.2932231556892,""volume_i_pL"":1.2999999999999985,""volume_l_pL"":0.10310726765097598}","[""cl_i_mM:outside_[47.1,53.1]"",""na_i_mM:outside_[10,35]"",""k_i_mM:outside_[100,160]""]",False,1.4210854715202004e-14,[],True,True
STRICT_NATIVE_S1_PHIGH_KHIGH_AE4NA10_P2_H5:B00,STRICT_NATIVE_S1_PHIGH_KHIGH_AE4NA10_P2_H5,STRICT_NATIVE,1.0,2.0,5.0,HW,DIAGNOSTIC_ONLY_HW_HYDRAULIC_TRANSFER,False,True,False,1.0862838406566766e-10,6.29704621779581e-16,1.0862838406566766e-14,1.7771458472818954e-26,2.1337098754514727e-16,True,True,2.5465740627339528e-11,11,0,1.2789769243681803e-13,True,"{""cl_i_mM"":25.790517921658992,""cl_l_mM"":142.3349281769245,""k_i_mM"":90.59462541853013,""k_l_mM"":12.01540942837153,""na_i_mM"":9.160552607100335,""na_l_mM"":138.20166318769628,""ph_i"":6.841382990385561,""ph_l"":7.114172167131089,""tic_i_mM"":5.270130366100681,""tic_l_mM"":8.638869293966444,""v_apical_mV"":-50.20027743947311,""v_basolateral_mV"":-70.29289547354598,""volume_i_pL"":1.3,""volume_l_pL"":0.10310754078111788}","[""cl_i_mM:outside_[47.1,53.1]"",""na_i_mM:outside_[10,35]"",""k_i_mM:outside_[100,160]""]",False,0.0,[],True,True
STRICT_NATIVE_S1_PHIGH_KHIGH_AE4NA10_P2_H6.75:B00,STRICT_NATIVE_S1_PHIGH_KHIGH_AE4NA10_P2_H6.75,STRICT_NATIVE,1.0,2.0,6.75,HW,DIAGNOSTIC_ONLY_HW_HYDRAULIC_TRANSFER,False,True,False,4.663436303786739e-11,6.644822712897902e-12,3.6142963621976776e-15,3.3927329811745276e-26,3.408731630294426e-16,True,True,5.271824643493517e-11,11,0,9.224905284099805e-10,True,"{""cl_i_mM"":25.790056356227474,""cl_l_mM"":142.33124407740968,""k_i_mM"":90.5941188695894,""k_l_mM"":12.015402622831667,""na_i_mM"":9.160538540298102,""na_l_mM"":138.1978770665606,""ph_i"":6.841380731162708,""ph_l"":7.114168182475841,""tic_i_mM"":5.270099138331409,""tic_l_mM"":8.638757066720006,""v_apical_mV"":-50.200082704602856,""v_basolateral_mV"":-70.29269721456772,""volume_i_pL"":1.2999999999995941,""volume_l_pL"":0.1031077060452898}","[""cl_i_mM:outside_[47.1,53.1]"",""na_i_mM:outside_[10,35]"",""k_i_mM:outside_[100,160]""]",False,1.4210854715202004e-14,[],True,True
STRICT_NATIVE_S1_PHIGH_KHIGH_AE4NA10_P2_H8:B00,STRICT_NATIVE_S1_PHIGH_KHIGH_AE4NA10_P2_H8,STRICT_NATIVE,1.0,2.0,8.0,HW,DIAGNOSTIC_ONLY_HW_HYDRAULIC_TRANSFER,False,True,False,2.119181566340167e-11,1.56845023080443e-14,2.119181566340167e-15,1.9387045606711586e-26,1.726049858596923e-16,True,True,1.5471565001368148e-12,11,0,8.842704346534447e-12,True,"{""cl_i_mM"":25.78985028187568,""cl_l_mM"":142.32959926438193,""k_i_mM"":90.59389270731945,""k_l_mM"":12.01539958306327,""na_i_mM"":9.160532259623608,""na_l_mM"":138.1961867049305,""ph_i"":6.841379722165409,""ph_l"":7.11416640303566,""tic_i_mM"":5.270085196377796,""tic_l_mM"":8.638706960968463,""v_apical_mV"":-50.19999576237429,""v_basolateral_mV"":-70.29260869733217,""volume_i_pL"":1.2999999999999992,""volume_l_pL"":0.10310777983297159}","[""cl_i_mM:outside_[47.1,53.1]"",""na_i_mM:outside_[10,35]"",""k_i_mM:outside_[100,160]""]",False,0.0,[],True,True
STRICT_NATIVE_S1_PHIGH_KHIGH_AE4NA10_P2_HWQ_H2.5:B00,STRICT_NATIVE_S1_PHIGH_KHIGH_AE4NA10_P2_HWQ_H2.5,STRICT_NATIVE,1.0,2.0,2.5,HWQ,DIAGNOSTIC_ONLY_HWQ_HYDRAULIC_TRANSFER,False,True,False,1.3386644223678523e-11,4.579669976578771e-16,1.3386644223678523e-15,8.077935669463161e-27,9.71445146547012e-17,True,True,1.3386644223678523e-11,11,0,7.105427357601002e-15,True,"{""cl_i_mM"":25.792297691048315,""cl_l_mM"":142.34913462426707,""k_i_mM"":90.59657864889168,""k_l_mM"":12.015435635576198,""na_i_mM"":9.160606843965036,""na_l_mM"":138.2162630652393,""ph_i"":6.841391702307531,""ph_l"":7.114187533021919,""tic_i_mM"":5.270250773345573,""tic_l_mM"":8.639302038879366,""v_apical_mV"":-50.201028380076664,""v_basolateral_mV"":-70.29365996220578,""volume_i_pL"":1.3,""volume_l_pL"":0.1012427614387259}","[""cl_i_mM:outside_[47.1,53.1]"",""na_i_mM:outside_[10,35]"",""k_i_mM:outside_[100,160]""]",False,0.0,[],True,True
STRICT_NATIVE_S1_PHIGH_KHIGH_AE4NA10_P2_HWQ_H3.5:B00,STRICT_NATIVE_S1_PHIGH_KHIGH_AE4NA10_P2_HWQ_H3.5,STRICT_NATIVE,1.0,2.0,3.5,HWQ,DIAGNOSTIC_ONLY_HWQ_HYDRAULIC_TRANSFER,False,True,False,4.70316060402487e-11,6.54684639833647e-15,4.70316060402487e-15,6.623907248959792e-26,7.008282842946301e-16,True,True,6.402322248744152e-11,11,0,2.842170943040401e-14,True,"{""cl_i_mM"":25.791280787409686,""cl_l_mM"":142.3410173641014,""k_i_mM"":90.59546263587487,""k_l_mM"":12.015420668394487,""na_i_mM"":9.160575855579474,""na_l_mM"":138.20792100397648,""ph_i"":6.8413867246587605,""ph_l"":7.114178753403061,""tic_i_mM"":5.270181977283174,""tic_l_mM"":8.63905478152923,""v_apical_mV"":-50.20059930646324,""v_basolateral_mV"":-70.29322315568571,""volume_i_pL"":1.2999999999999996,""volume_l_pL"":0.10088779075742156}","[""cl_i_mM:outside_[47.1,53.1]"",""na_i_mM:outside_[10,35]"",""k_i_mM:outside_[100,160]""]",False,7.105427357601002e-15,[],True,True
STRICT_NATIVE_S1_PHIGH_KHIGH_AE4NA10_P2_HWQ_H5:B00,STRICT_NATIVE_S1_PHIGH_KHIGH_AE4NA10_P2_HWQ_H5,STRICT_NATIVE,1.0,2.0,5.0,HWQ,DIAGNOSTIC_ONLY_HWQ_HYDRAULIC_TRANSFER,False,True,False,1.5774057407491604e-10,5.339226456790858e-12,1.5774057407491604e-14,1.1309109937248425e-26,1.4137996329210978e-16,True,True,3.7478076198027566e-11,11,0,1.4210854715202004e-14,True,"{""cl_i_mM"":25.790517921281754,""cl_l_mM"":142.33492817681721,""k_i_mM"":90.59462542036049,""k_l_mM"":12.015409428432568,""na_i_mM"":9.16055260716915,""na_l_mM"":138.20166318788998,""ph_i"":6.841382990556379,""ph_l"":7.11417216735468,""tic_i_mM"":5.270130365856955,""tic_l_mM"":8.638869293819223,""v_apical_mV"":-50.200277439875215,""v_basolateral_mV"":-70.29289547406387,""volume_i_pL"":1.2999999999996739,""volume_l_pL"":0.10062150815622792}","[""cl_i_mM:outside_[47.1,53.1]"",""na_i_mM:outside_[10,35]"",""k_i_mM:outside_[100,160]""]",False,0.0,[],True,True
STRICT_NATIVE_S1_PHIGH_KHIGH_AE4NA10_P2_HWQ_H6.75:B00,STRICT_NATIVE_S1_PHIGH_KHIGH_AE4NA10_P2_HWQ_H6.75,STRICT_NATIVE,1.0,2.0,6.75,HWQ,DIAGNOSTIC_ONLY_HWQ_HYDRAULIC_TRANSFER,False,True,False,8.586989626302444e-11,1.1657341758564144e-15,8.586989626302444e-15,2.5849394142282115e-26,3.7470027081099033e-16,True,True,8.586989626302444e-11,11,0,2.842170943040401e-14,True,"{""cl_i_mM"":25.790056356723433,""cl_l_mM"":142.3312440774632,""k_i_mM"":90.59411886728306,""k_l_mM"":12.015402622770921,""na_i_mM"":9.16053854021283,""na_l_mM"":138.1978770664474,""ph_i"":6.841380730945665,""ph_l"":7.11416818217743,""tic_i_mM"":5.270099138646287,""tic_l_mM"":8.638757066840224,""v_apical_mV"":-50.20008270405925,""v_basolateral_mV"":-70.29269721391871,""volume_i_pL"":1.3,""volume_l_pL"":0.10046040089559431}","[""cl_i_mM:outside_[47.1,53.1]"",""na_i_mM:outside_[10,35]"",""k_i_mM:outside_[100,160]""]",False,1.4210854715202004e-14,[],True,True
STRICT_NATIVE_S1_PHIGH_KHIGH_AE4NA10_P2_HWQ_H8:B00,STRICT_NATIVE_S1_PHIGH_KHIGH_AE4NA10_P2_HWQ_H8,STRICT_NATIVE,1.0,2.0,8.0,HWQ,DIAGNOSTIC_ONLY_HWQ_HYDRAULIC_TRANSFER,False,True,False,1.5471565001368148e-12,9.020562075079397e-16,1.5471565001368148e-16,3.554291694563791e-26,3.86843335142828e-16,True,True,1.5471565001368148e-12,11,0,1.0302869668521453e-13,True,"{""cl_i_mM"":25.789850281889336,""cl_l_mM"":142.32959926434424,""k_i_mM"":90.59389270730055,""k_l_mM"":12.015399583070316,""na_i_mM"":9.160532259623574,""na_l_mM"":138.19618670499074,""ph_i"":6.84137972216279,""ph_l"":7.114166403025416,""tic_i_mM"":5.270085196384006,""tic_l_mM"":8.63870696093885,""v_apical_mV"":-50.199995762352614,""v_basolateral_mV"":-70.29260869732852,""volume_i_pL"":1.3,""volume_l_pL"":0.10038847247912137}","[""cl_i_mM:outside_[47.1,53.1]"",""na_i_mM:outside_[10,35]"",""k_i_mM:outside_[100,160]""]",False,1.4210854715202004e-14,[],True,True
STRICT_NATIVE_S1_PHIGH_KHIGH_AE4NA20_P1_H1:B00,STRICT_NATIVE_S1_PHIGH_KHIGH_AE4NA20_P1_H1,STRICT_NATIVE,1.0,1.0,1.0,H1,PRODUCTION_PRE_REVEAL,True,True,False,7.849623728795052e-13,1.1207181016548162e-14,7.849623728795052e-17,9.693522803355793e-27,1.7954387976359953e-16,True,True,7.849623728795052e-13,11,0,3.538502824085299e-12,True,"{""cl_i_mM"":25.32247508466988,""cl_l_mM"":141.80743930723614,""k_i_mM"":80.62744734144746,""k_l_mM"":10.79006439964055,""na_i_mM"":20.200064947151755,""na_l_mM"":139.46917952075586,""ph_i"":6.90033056975143,""ph_l"":7.13198660281782,""tic_i_mM"":6.064042814619425,""tic_l_mM"":9.23010802934486,""v_apical_mV"":-50.22675151776631,""v_basolateral_mV"":-68.54735378310893,""volume_i_pL"":1.3,""volume_l_pL"":0.10287003888270696}","[""cl_i_mM:outside_[47.1,53.1]"",""k_i_mM:outside_[100,160]""]",False,2.007283228522283e-13,[],True,True
STRICT_NATIVE_S1_PHIGH_KHIGH_AE4NA20_P1_H2.5:B00,STRICT_NATIVE_S1_PHIGH_KHIGH_AE4NA20_P1_H2.5,STRICT_NATIVE,1.0,1.0,2.5,HW,DIAGNOSTIC_ONLY_HW_HYDRAULIC_TRANSFER,False,True,False,9.777335191474279e-12,1.1076209394111913e-14,9.777335191474279e-16,1.454028420503369e-26,3.2439329000766293e-16,True,True,9.777335191474279e-12,11,0,3.637978807091713e-12,True,"{""cl_i_mM"":25.31834101193636,""cl_l_mM"":141.76840059867544,""k_i_mM"":80.62345739500834,""k_l_mM"":10.790344451877802,""na_i_mM"":20.199378019790757,""na_l_mM"":139.4283758341699,""ph_i"":6.9003127559150546,""ph_l"":7.131932649923166,""tic_i_mM"":6.063718868029715,""tic_l_mM"":9.228584618796193,""v_apical_mV"":-50.22406604502886,""v_basolateral_mV"":-68.54523785060098,""volume_i_pL"":1.3,""volume_l_pL"":0.10287180712560409}","[""cl_i_mM:outside_[47.1,53.1]"",""k_i_mM:outside_[100,160]""]",False,1.9806378759312793e-13,[],True,True
STRICT_NATIVE_S1_PHIGH_KHIGH_AE4NA20_P1_H3.5:B00,STRICT_NATIVE_S1_PHIGH_KHIGH_AE4NA20_P1_H3.5,STRICT_NATIVE,1.0,1.0,3.5,HW,DIAGNOSTIC_ONLY_HW_HYDRAULIC_TRANSFER,False,True,False,2.096955421804214e-11,1.1120444842749322e-14,2.096955421804214e-15,6.623907248959792e-26,6.722053469410127e-16,True,True,2.096955421804214e-11,11,0,2.842170943040401e-14,True,"{""cl_i_mM"":25.3175528549145,""cl_l_mM"":141.76095922300757,""k_i_mM"":80.622696743893,""k_l_mM"":10.790397798467966,""na_i_mM"":20.199247022508693,""na_l_mM"":139.4205980403065,""ph_i"":6.900309359494219,""ph_l"":7.131922364654921,""tic_i_mM"":6.063657103454582,""tic_l_mM"":9.228294208684105,""v_apical_mV"":-50.223554155460874,""v_basolateral_mV"":-68.54483448368066,""volume_i_pL"":1.3,""volume_l_pL"":0.10287214432023448}","[""cl_i_mM:outside_[47.1,53.1]"",""k_i_mM:outside_[100,160]""]",False,1.9806378759312793e-13,[],True,True
STRICT_NATIVE_S1_PHIGH_KHIGH_AE4NA20_P1_H5:B00,STRICT_NATIVE_S1_PHIGH_KHIGH_AE4NA20_P1_H5,STRICT_NATIVE,1.0,1.0,5.0,HW,DIAGNOSTIC_ONLY_HW_HYDRAULIC_TRANSFER,False,True,False,6.866686039219694e-11,1.1005085731596864e-14,6.866686039219694e-15,1.2924697071141057e-26,1.0842021724855044e-16,True,True,5.6389354990971086e-11,11,0,7.105427357601002e-15,True,"{""cl_i_mM"":25.31696158687311,""cl_l_mM"":141.75537704924528,""k_i_mM"":80.62212611648941,""k_l_mM"":10.790437809099108,""na_i_mM"":20.199148742162215,""na_l_mM"":139.41476350413973,""ph_i"":6.900306811482655,""ph_l"":7.131914648910806,""tic_i_mM"":6.063610767307572,""tic_l_mM"":9.228076351332199,""v_apical_mV"":-50.223170160289854,""v_basolateral_mV"":-68.54453188864483,""volume_i_pL"":1.3,""volume_l_pL"":0.1028723972974906}","[""cl_i_mM:outside_[47.1,53.1]"",""k_i_mM:outside_[100,160]""]",False,1.971756091734278e-13,[],True,True
STRICT_NATIVE_S1_PHIGH_KHIGH_AE4NA20_P1_H6.75:B00,STRICT_NATIVE_S1_PHIGH_KHIGH_AE4NA20_P1_H6.75,STRICT_NATIVE,1.0,1.0,6.75,HW,DIAGNOSTIC_ONLY_HW_HYDRAULIC_TRANSFER,False,True,False,9.177988230524292e-11,2.5441853485075328e-12,9.177988230524292e-15,4.8467614016778965e-27,3.9898639947466563e-17,True,True,9.177988230524292e-11,11,0,1.370427327174184e-09,True,"{""cl_i_mM"":25.31660384347562,""cl_l_mM"":141.75199970326676,""k_i_mM"":80.62178086491572,""k_l_mM"":10.790462013365563,""na_i_mM"":20.199089275355607,""na_l_mM"":139.41123347431454,""ph_i"":6.900305269881458,""ph_l"":7.131909980722513,""tic_i_mM"":6.063582731390455,""tic_l_mM"":9.22794454032818,""v_apical_mV"":-50.22293783463207,""v_basolateral_mV"":-68.54434880846225,""volume_i_pL"":1.2999999999998433,""volume_l_pL"":0.10287255036695936}","[""cl_i_mM:outside_[47.1,53.1]"",""k_i_mM:outside_[100,160]""]",False,1.971756091734278e-13,[],True,True
STRICT_NATIVE_S1_PHIGH_KHIGH_AE4NA20_P1_H8:B00,STRICT_NATIVE_S1_PHIGH_KHIGH_AE4NA20_P1_H8,STRICT_NATIVE,1.0,1.0,8.0,HW,DIAGNOSTIC_ONLY_HW_HYDRAULIC_TRANSFER,False,True,False,6.639328843649484e-11,1.1326876936390562e-14,6.6393288436494835e-15,6.462348535570529e-27,3.209238430557093e-17,True,True,6.639328843649484e-11,11,0,7.105427357601002e-15,True,"{""cl_i_mM"":25.31644412162398,""cl_l_mM"":141.750491843872,""k_i_mM"":80.62162671968376,""k_l_mM"":10.790472818884043,""na_i_mM"":20.199062724076253,""na_l_mM"":139.40965744736573,""ph_i"":6.900304581482969,""ph_l"":7.131907896373501,""tic_i_mM"":6.063570214233757,""tic_l_mM"":9.227885691140218,""v_apical_mV"":-50.22283410965188,""v_basolateral_mV"":-68.54426706885592,""volume_i_pL"":1.3,""volume_l_pL"":0.10287261870977277}","[""cl_i_mM:outside_[47.1,53.1]"",""k_i_mM:outside_[100,160]""]",False,1.971756091734278e-13,[],True,True
STRICT_NATIVE_S1_PHIGH_KHIGH_AE4NA20_P1_HWQ_H2.5:B00,STRICT_NATIVE_S1_PHIGH_KHIGH_AE4NA20_P1_HWQ_H2.5,STRICT_NATIVE,1.0,1.0,2.5,HWQ,DIAGNOSTIC_ONLY_HWQ_HYDRAULIC_TRANSFER,False,True,False,9.777335191474279e-12,1.0879318279588546e-14,9.777335191474279e-16,1.1309109937248425e-26,5.811323644522304e-17,True,True,9.777335191474279e-12,11,0,1.7763568394002505e-15,True,"{""cl_i_mM"":25.318341011943325,""cl_l_mM"":141.76840059865108,""k_i_mM"":80.62345739499986,""k_l_mM"":10.790344451881577,""na_i_mM"":20.199378019791236,""na_l_mM"":139.42837583421,""ph_i"":6.900312755913845,""ph_l"":7.131932649917626,""tic_i_mM"":6.063718868033065,""tic_l_mM"":9.228584618776702,""v_apical_mV"":-50.22406604501659,""v_basolateral_mV"":-68.54523785059958,""volume_i_pL"":1.3,""volume_l_pL"":0.10114872285024146}","[""cl_i_mM:outside_[47.1,53.1]"",""k_i_mM:outside_[100,160]""]",False,1.9806378759312793e-13,[],True,True
STRICT_NATIVE_S1_PHIGH_KHIGH_AE4NA20_P1_HWQ_H3.5:B00,STRICT_NATIVE_S1_PHIGH_KHIGH_AE4NA20_P1_HWQ_H3.5,STRICT_NATIVE,1.0,1.0,3.5,HWQ,DIAGNOSTIC_ONLY_HWQ_HYDRAULIC_TRANSFER,False,True,False,1.4387362828882644e-11,1.1488206219656405e-14,1.4387362828882644e-15,1.2924697071141057e-26,2.5934115965853266e-16,True,True,1.2373999394577062e-11,11,0,7.105427357601002e-15,True,"{""cl_i_mM"":25.317552854922813,""cl_l_mM"":141.76095922297858,""k_i_mM"":80.62269674388295,""k_l_mM"":10.790397798472478,""na_i_mM"":20.19924702250931,""na_l_mM"":139.42059804035435,""ph_i"":6.900309359492784,""ph_l"":7.131922364648283,""tic_i_mM"":6.063657103458579,""tic_l_mM"":9.228294208660728,""v_apical_mV"":-50.22355415544625,""v_basolateral_mV"":-68.54483448367898,""volume_i_pL"":1.3,""volume_l_pL"":0.10082061266292398}","[""cl_i_mM:outside_[47.1,53.1]"",""k_i_mM:outside_[100,160]""]",False,1.9806378759312793e-13,[],True,True
STRICT_NATIVE_S1_PHIGH_KHIGH_AE4NA20_P1_HWQ_H5:B00,STRICT_NATIVE_S1_PHIGH_KHIGH_AE4NA20_P1_HWQ_H5,STRICT_NATIVE,1.0,1.0,5.0,HWQ,DIAGNOSTIC_ONLY_HWQ_HYDRAULIC_TRANSFER,False,True,False,5.314867469741191e-11,1.1205446293072185e-14,5.314867469741191e-15,4.6852026882886333e-26,5.212844045310305e-16,True,True,5.314867469741191e-11,11,0,7.105427357601002e-15,True,"{""cl_i_mM"":25.316961586882435,""cl_l_mM"":141.7553770492125,""k_i_mM"":80.62212611647819,""k_l_mM"":10.790437809104178,""na_i_mM"":20.199148742162897,""na_l_mM"":139.41476350419342,""ph_i"":6.900306811481048,""ph_l"":7.1319146489034,""tic_i_mM"":6.063610767312037,""tic_l_mM"":9.228076351306093,""v_apical_mV"":-50.2231701602734,""v_basolateral_mV"":-68.54453188864294,""volume_i_pL"":1.3,""volume_l_pL"":0.100574479459498}","[""cl_i_mM:outside_[47.1,53.1]"",""k_i_mM:outside_[100,160]""]",False,1.971756091734278e-13,[],True,True
STRICT_NATIVE_S1_PHIGH_KHIGH_AE4NA20_P1_HWQ_H6.75:B00,STRICT_NATIVE_S1_PHIGH_KHIGH_AE4NA20_P1_HWQ_H6.75,STRICT_NATIVE,1.0,1.0,6.75,HWQ,DIAGNOSTIC_ONLY_HWQ_HYDRAULIC_TRANSFER,False,True,False,5.862931667932614e-11,1.308848862624501e-14,5.862931667932614e-15,1.1309109937248425e-26,1.717376241217039e-16,True,True,5.862931667932614e-11,11,0,7.105427357601002e-15,True,"{""cl_i_mM"":25.316603843659678,""cl_l_mM"":141.7519997032853,""k_i_mM"":80.62178086423256,""k_l_mM"":10.790462013352291,""na_i_mM"":20.19908927513837,""na_l_mM"":139.4112334742998,""ph_i"":6.900305269801576,""ph_l"":7.131909980607739,""tic_i_mM"":6.063582731510226,""tic_l_mM"":9.227944540337555,""v_apical_mV"":-50.22293783443152,""v_basolateral_mV"":-68.54434880825046,""volume_i_pL"":1.2999999999999998,""volume_l_pL"":0.10042556301732626}","[""cl_i_mM:outside_[47.1,53.1]"",""k_i_mM:outside_[100,160]""]",False,1.971756091734278e-13,[],True,True
STRICT_NATIVE_S1_PHIGH_KHIGH_AE4NA20_P1_HWQ_H8:B00,STRICT_NATIVE_S1_PHIGH_KHIGH_AE4NA20_P1_HWQ_H8,STRICT_NATIVE,1.0,1.0,8.0,HWQ,DIAGNOSTIC_ONLY_HWQ_HYDRAULIC_TRANSFER,False,True,False,8.603794759975969e-11,1.152376805091393e-14,8.603794759975969e-15,5.492996255234949e-26,7.233796894823286e-16,True,True,8.603794759975969e-11,11,0,7.105427357601002e-15,True,"{""cl_i_mM"":25.316444121634202,""cl_l_mM"":141.75049184383624,""k_i_mM"":80.62162671967138,""k_l_mM"":10.790472818889588,""na_i_mM"":20.199062724076985,""na_l_mM"":139.40965744742465,""ph_i"":6.900304581481199,""ph_l"":7.131907896365354,""tic_i_mM"":6.063570214238673,""tic_l_mM"":9.227885691111537,""v_apical_mV"":-50.222834109633844,""v_basolateral_mV"":-68.54426706885384,""volume_i_pL"":1.3,""volume_l_pL"":0.10035907733872151}","[""cl_i_mM:outside_[47.1,53.1]"",""k_i_mM:outside_[100,160]""]",False,1.971756091734278e-13,[],True,True
STRICT_NATIVE_S1_PHIGH_KHIGH_AE4NA20_P2_H1:B00,STRICT_NATIVE_S1_PHIGH_KHIGH_AE4NA20_P2_H1,STRICT_NATIVE,1.0,2.0,1.0,H1,PRODUCTION_PRE_REVEAL,True,True,False,6.638569902128744e-12,4.067059189427624e-15,6.638569902128744e-16,3.2311742677852644e-26,3.5128150388530344e-16,True,True,9.094287822808411e-12,11,0,3.552713678800501e-15,True,"{""cl_i_mM"":23.989165926001697,""cl_l_mM"":142.34077057603977,""k_i_mM"":89.91580290849305,""k_l_mM"":10.988967757945248,""na_i_mM"":10.444031880032437,""na_l_mM"":139.28629830496087,""ph_i"":6.93795442461477,""ph_l"":7.115006556152371,""tic_i_mM"":6.418773092887005,""tic_l_mM"":8.694762286902922,""v_apical_mV"":-52.1552773675206,""v_basolateral_mV"":-71.82495296150604,""volume_i_pL"":1.2999999999999994,""volume_l_pL"":0.1031673984554735}","[""cl_i_mM:outside_[47.1,53.1]"",""k_i_mM:outside_[100,160]""]",False,1.4210854715202004e-14,[],True,True
STRICT_NATIVE_S1_PHIGH_KHIGH_AE4NA20_P2_H2.5:B00,STRICT_NATIVE_S1_PHIGH_KHIGH_AE4NA20_P2_H2.5,STRICT_NATIVE,1.0,2.0,2.5,HW,DIAGNOSTIC_ONLY_HW_HYDRAULIC_TRANSFER,False,True,False,3.2855662635000726e-11,2.822395095414265e-15,3.2855662635000726e-15,4.52364397489937e-26,4.544975507059235e-16,True,True,3.2855662635000726e-11,11,0,7.105427357601002e-15,True,"{""cl_i_mM"":23.984191804995262,""cl_l_mM"":142.29736073033317,""k_i_mM"":89.9103177777832,""k_l_mM"":10.989017103399867,""na_i_mM"":10.443750950107367,""na_l_mM"":139.24152587195212,""ph_i"":6.937928105456348,""ph_l"":7.1149586624072185,""tic_i_mM"":6.418314268231,""tic_l_mM"":8.693408317400825,""v_apical_mV"":-52.15288274883613,""v_basolateral_mV"":-71.82260888316017,""volume_i_pL"":1.2999999999999996,""volume_l_pL"":0.10316934989991539}","[""cl_i_mM:outside_[47.1,53.1]"",""k_i_mM:outside_[100,160]""]",False,1.4210854715202004e-14,[],True,True
STRICT_NATIVE_S1_PHIGH_KHIGH_AE4NA20_P2_H3.5:B00,STRICT_NATIVE_S1_PHIGH_KHIGH_AE4NA20_P2_H3.5,STRICT_NATIVE,1.0,2.0,3.5,HW,DIAGNOSTIC_ONLY_HW_HYDRAULIC_TRANSFER,False,True,False,4.14219439998087e-11,6.661338147750939e-16,4.14219439998087e-15,6.139231108792002e-26,6.505213034913027e-16,True,True,4.14219439998087e-11,11,0,7.105427357601002e-15,True,"{""cl_i_mM"":23.983243515210027,""cl_l_mM"":142.28908615477323,""k_i_mM"":89.9092720611879,""k_l_mM"":10.989026460297309,""na_i_mM"":10.443697383229361,""na_l_mM"":139.23299158551765,""ph_i"":6.937923087301723,""ph_l"":7.114949532011685,""tic_i_mM"":6.418226787585576,""tic_l_mM"":8.693150197070892,""v_apical_mV"":-52.15242631023358,""v_basolateral_mV"":-71.82216201288641,""volume_i_pL"":1.3,""volume_l_pL"":0.10316972204188028}","[""cl_i_mM:outside_[47.1,53.1]"",""k_i_mM:outside_[100,160]""]",False,1.4210854715202004e-14,[],True,True
STRICT_NATIVE_S1_PHIGH_KHIGH_AE4NA20_P2_H5:B00,STRICT_NATIVE_S1_PHIGH_KHIGH_AE4NA20_P2_H5,STRICT_NATIVE,1.0,2.0,5.0,HW,DIAGNOSTIC_ONLY_HW_HYDRAULIC_TRANSFER,False,True,False,5.690001421421176e-11,5.682086745562032e-15,5.690001421421176e-15,1.454028420503369e-26,1.1796119636642288e-16,True,True,5.690001421421176e-11,11,0,3.169020601490047e-12,True,"{""cl_i_mM"":23.98253212160921,""cl_l_mM"":142.282878954394,""k_i_mM"":89.9084875782082,""k_l_mM"":10.989033469080935,""na_i_mM"":10.44365719620552,""na_l_mM"":139.22658956614842,""ph_i"":6.937919322637963,""ph_l"":7.114942682579409,""tic_i_mM"":6.418161159125854,""tic_l_mM"":8.692956560269353,""v_apical_mV"":-52.15208391383893,""v_basolateral_mV"":-71.82182678044724,""volume_i_pL"":1.3000000000000005,""volume_l_pL"":0.10317000124053737}","[""cl_i_mM:outside_[47.1,53.1]"",""k_i_mM:outside_[100,160]""]",False,1.4210854715202004e-14,[],True,True
STRICT_NATIVE_S1_PHIGH_KHIGH_AE4NA20_P2_H6.75:B00,STRICT_NATIVE_S1_PHIGH_KHIGH_AE4NA20_P2_H6.75,STRICT_NATIVE,1.0,2.0,6.75,HW,DIAGNOSTIC_ONLY_HW_HYDRAULIC_TRANSFER,False,True,False,2.484991379336776e-12,4.0766001685454967e-16,2.484991379336776e-16,3.715850407953054e-26,4.3368086899420177e-16,True,True,2.484991379336776e-12,11,0,2.1316282072803006e-14,True,"{""cl_i_mM"":23.982101699019005,""cl_l_mM"":142.27912345320217,""k_i_mM"":89.90801293303743,""k_l_mM"":10.989037705261023,""na_i_mM"":10.443632880597487,""na_l_mM"":139.22271619657795,""ph_i"":6.937917044812922,""ph_l"":7.114938538415245,""tic_i_mM"":6.418121450475342,""tic_l_mM"":8.692839402577572,""v_apical_mV"":-52.15187675708304,""v_basolateral_mV"":-71.82162395232467,""volume_i_pL"":1.3,""volume_l_pL"":0.10317017017686704}","[""cl_i_mM:outside_[47.1,53.1]"",""k_i_mM:outside_[100,160]""]",False,7.105427357601002e-15,[],True,True
STRICT_NATIVE_S1_PHIGH_KHIGH_AE4NA20_P2_H8:B00,STRICT_NATIVE_S1_PHIGH_KHIGH_AE4NA20_P2_H8,STRICT_NATIVE,1.0,2.0,8.0,HW,DIAGNOSTIC_ONLY_HW_HYDRAULIC_TRANSFER,False,True,False,1.1432369807773402e-10,5.689893001203927e-16,1.1432369807773402e-14,2.261821987449685e-26,4.172009959724221e-16,True,True,1.1432369807773402e-10,11,0,1.4921397450962104e-13,True,"{""cl_i_mM"":23.981909528213514,""cl_l_mM"":142.27744676159676,""k_i_mM"":89.90780101805443,""k_l_mM"":10.98903959551152,""na_i_mM"":10.443622024212718,""na_l_mM"":139.2209868815291,""ph_i"":6.937916027820478,""ph_l"":7.114936688176061,""tic_i_mM"":6.418103721577492,""tic_l_mM"":8.692787095318392,""v_apical_mV"":-52.15178426955382,""v_basolateral_mV"":-71.82153339597481,""volume_i_pL"":1.3,""volume_l_pL"":0.10317024560421482}","[""cl_i_mM:outside_[47.1,53.1]"",""k_i_mM:outside_[100,160]""]",False,1.4210854715202004e-14,[],True,True
STRICT_NATIVE_S1_PHIGH_KHIGH_AE4NA20_P2_HWQ_H2.5:B00,STRICT_NATIVE_S1_PHIGH_KHIGH_AE4NA20_P2_HWQ_H2.5,STRICT_NATIVE,1.0,2.0,2.5,HWQ,DIAGNOSTIC_ONLY_HWQ_HYDRAULIC_TRANSFER,False,True,False,3.899441533561365e-11,7.147060721024445e-16,3.899441533561365e-15,4.8467614016778965e-27,5.2909066017292616e-17,True,True,3.899441533561365e-11,11,0,7.105427357601002e-15,True,"{""cl_i_mM"":23.984191805003682,""cl_l_mM"":142.29736073030716,""k_i_mM"":89.91031777777224,""k_l_mM"":10.989017103404379,""na_i_mM"":10.44375095010759,""na_l_mM"":139.24152587199455,""ph_i"":6.937928105454815,""ph_l"":7.114958662400473,""tic_i_mM"":6.4183142682351475,""tic_l_mM"":8.69340831737988,""v_apical_mV"":-52.15288274882161,""v_basolateral_mV"":-71.82260888315832,""volume_i_pL"":1.3,""volume_l_pL"":0.10126773995996599}","[""cl_i_mM:outside_[47.1,53.1]"",""k_i_mM:outside_[100,160]""]",False,0.0,[],True,True
STRICT_NATIVE_S1_PHIGH_KHIGH_AE4NA20_P2_HWQ_H3.5:B00,STRICT_NATIVE_S1_PHIGH_KHIGH_AE4NA20_P2_HWQ_H3.5,STRICT_NATIVE,1.0,2.0,3.5,HWQ,DIAGNOSTIC_ONLY_HWQ_HYDRAULIC_TRANSFER,False,True,False,5.001641462110129e-11,6.749106482017986e-13,5.001641462110129e-15,6.300789822181265e-26,6.357761539454998e-16,True,True,4.14219439998087e-11,11,0,3.8389558199014573e-10,True,"{""cl_i_mM"":23.983243515171523,""cl_l_mM"":142.28908615473156,""k_i_mM"":89.90927206141583,""k_l_mM"":10.98902646030895,""na_i_mM"":10.443697383240842,""na_l_mM"":139.23299158558683,""ph_i"":6.937923087321643,""ph_l"":7.114949532033356,""tic_i_mM"":6.418226787560383,""tic_l_mM"":8.693150197031757,""v_apical_mV"":-52.152426310272574,""v_basolateral_mV"":-71.82216201295374,""volume_i_pL"":1.2999999999999279,""volume_l_pL"":0.10090563486910938}","[""cl_i_mM:outside_[47.1,53.1]"",""k_i_mM:outside_[100,160]""]",False,7.105427357601002e-15,[],True,True
STRICT_NATIVE_S1_PHIGH_KHIGH_AE4NA20_P2_HWQ_H5:B00,STRICT_NATIVE_S1_PHIGH_KHIGH_AE4NA20_P2_HWQ_H5,STRICT_NATIVE,1.0,2.0,5.0,HWQ,DIAGNOSTIC_ONLY_HWQ_HYDRAULIC_TRANSFER,False,True,False,4.4622508812985906e-11,5.689893001203927e-16,4.4622508812985906e-15,4.8467614016778965e-27,7.632783294297951e-17,True,True,4.4622508812985906e-11,11,0,1.4210854715202004e-14,True,"{""cl_i_mM"":23.98253212161996,""cl_l_mM"":142.28287895435926,""k_i_mM"":89.90848757819641,""k_l_mM"":10.98903346908704,""na_i_mM"":10.443657196205958,""na_l_mM"":139.22658956620555,""ph_i"":6.937919322636168,""ph_l"":7.114942682570651,""tic_i_mM"":6.4181611591310785,""tic_l_mM"":8.69295656024083,""v_apical_mV"":-52.152083913820135,""v_basolateral_mV"":-71.82182678044566,""volume_i_pL"":1.3,""volume_l_pL"":0.10063400024810737}","[""cl_i_mM:outside_[47.1,53.1]"",""k_i_mM:outside_[100,160]""]",False,1.4210854715202004e-14,[],True,True
STRICT_NATIVE_S1_PHIGH_KHIGH_AE4NA20_P2_HWQ_H6.75:B00,STRICT_NATIVE_S1_PHIGH_KHIGH_AE4NA20_P2_HWQ_H6.75,STRICT_NATIVE,1.0,2.0,6.75,HWQ,DIAGNOSTIC_ONLY_HWQ_HYDRAULIC_TRANSFER,False,True,False,1.8941011953321762e-11,1.0130785099704553e-15,1.8941011953321762e-15,1.454028420503369e-26,8.153200337090993e-17,True,True,1.3682631416767066e-12,11,0,1.4210854715202004e-13,True,"{""cl_i_mM"":23.98210169903087,""cl_l_mM"":142.27912345316517,""k_i_mM"":89.90801293302272,""k_l_mM"":10.989037705267481,""na_i_mM"":10.443632880597855,""na_l_mM"":139.22271619663871,""ph_i"":6.937917044810815,""ph_l"":7.1149385384056565,""tic_i_mM"":6.418121450481183,""tic_l_mM"":8.692839402547321,""v_apical_mV"":-52.15187675706252,""v_basolateral_mV"":-71.82162395232237,""volume_i_pL"":1.3,""volume_l_pL"":0.10046965484101726}","[""cl_i_mM:outside_[47.1,53.1]"",""k_i_mM:outside_[100,160]""]",False,0.0,[],True,True
STRICT_NATIVE_S1_PHIGH_KHIGH_AE4NA20_P2_HWQ_H8:B00,STRICT_NATIVE_S1_PHIGH_KHIGH_AE4NA20_P2_HWQ_H8,STRICT_NATIVE,1.0,2.0,8.0,HWQ,DIAGNOSTIC_ONLY_HWQ_HYDRAULIC_TRANSFER,False,True,False,1.1432369807773402e-10,4.996003610813204e-16,1.1432369807773402e-14,3.3927329811745276e-26,5.48172618408671e-16,True,True,1.1432369807773402e-10,11,0,1.4210854715202004e-14,True,"{""cl_i_mM"":23.98190952822572,""cl_l_mM"":142.2774467615585,""k_i_mM"":89.90780101803931,""k_l_mM"":10.989039595518172,""na_i_mM"":10.443622024213097,""na_l_mM"":139.22098688159156,""ph_i"":6.9379160278183125,""ph_l"":7.114936688166246,""tic_i_mM"":6.418103721583479,""tic_l_mM"":8.692787095287475,""v_apical_mV"":-52.15178426953269,""v_basolateral_mV"":-71.82153339597241,""volume_i_pL"":1.3,""volume_l_pL"":0.10039628070052678}","[""cl_i_mM:outside_[47.1,53.1]"",""k_i_mM:outside_[100,160]""]",False,0.0,[],True,True
STRICT_NATIVE_S1_PHIGH_KLOW_AE4NA05_P0.5_H1:B00,STRICT_NATIVE_S1_PHIGH_KLOW_AE4NA05_P0.5_H1,STRICT_NATIVE,1.0,0.5,1.0,H1,PRODUCTION_PRE_REVEAL,True,True,False,7.855586840743722e-12,7.227898835004964e-14,7.855586840743722e-16,3.069615554396001e-26,5.516420653606247e-16,True,True,7.855586840743722e-12,11,0,3.672617765460018e-11,True,"{""cl_i_mM"":28.16289081273531,""cl_l_mM"":141.28577985519624,""k_i_mM"":70.84690401585733,""k_l_mM"":10.367388600376632,""na_i_mM"":29.439068152503744,""na_l_mM"":139.87722106731556,""ph_i"":6.752255089769025,""ph_l"":7.151663681152017,""tic_i_mM"":4.573705145056683,""tic_l_mM"":9.746669367745236,""v_apical_mV"":-46.85555032005958,""v_basolateral_mV"":-64.50748104327675,""volume_i_pL"":1.299999999999997,""volume_l_pL"":0.10245115347932174}","[""cl_i_mM:outside_[47.1,53.1]"",""ph_i:outside_[6.77,7.05]"",""k_i_mM:outside_[100,160]""]",False,1.4210854715202004e-14,[],True,True
STRICT_NATIVE_S1_PHIGH_KLOW_AE4NA05_P0.5_H2.5:B00,STRICT_NATIVE_S1_PHIGH_KLOW_AE4NA05_P0.5_H2.5,STRICT_NATIVE,1.0,0.5,2.5,HW,DIAGNOSTIC_ONLY_HW_HYDRAULIC_TRANSFER,False,True,False,2.938838408739208e-11,1.1449174941446927e-15,2.9388384087392083e-15,2.4233807008389483e-26,3.469446951953614e-16,True,True,2.938838408739208e-11,11,0,2.1316282072803006e-14,True,"{""cl_i_mM"":28.15966947650381,""cl_l_mM"":141.25255258045314,""k_i_mM"":70.84185080264174,""k_l_mM"":10.367432728052195,""na_i_mM"":29.440678984561476,""na_l_mM"":139.8425645811978,""ph_i"":6.752246508667506,""ph_l"":7.151613079270902,""tic_i_mM"":4.5735800388694985,""tic_l_mM"":9.745255900968754,""v_apical_mV"":-46.85258699489205,""v_basolateral_mV"":-64.50508445862947,""volume_i_pL"":1.3,""volume_l_pL"":0.10245256262838148}","[""cl_i_mM:outside_[47.1,53.1]"",""ph_i:outside_[6.77,7.05]"",""k_i_mM:outside_[100,160]""]",False,1.4210854715202004e-14,[],True,True
STRICT_NATIVE_S1_PHIGH_KLOW_AE4NA05_P0.5_H3.5:B00,STRICT_NATIVE_S1_PHIGH_KLOW_AE4NA05_P0.5_H3.5,STRICT_NATIVE,1.0,0.5,3.5,HW,DIAGNOSTIC_ONLY_HW_HYDRAULIC_TRANSFER,False,True,False,1.5020862158265924e-10,3.469446951953614e-16,1.5020862158265924e-14,3.3927329811745276e-26,3.7903707950093235e-16,True,True,6.330710695251485e-11,11,0,2.0250467969162855e-13,True,"{""cl_i_mM"":28.159055391953704,""cl_l_mM"":141.2462192650315,""k_i_mM"":70.84088750725024,""k_l_mM"":10.36744111200834,""na_i_mM"":29.44098605678293,""na_l_mM"":139.8359588560551,""ph_i"":6.752244872876655,""ph_l"":7.151603433178332,""tic_i_mM"":4.573556188294043,""tic_l_mM"":9.744986463329841,""v_apical_mV"":-46.852022119488225,""v_basolateral_mV"":-64.50462759277478,""volume_i_pL"":1.3,""volume_l_pL"":0.10245283131859248}","[""cl_i_mM:outside_[47.1,53.1]"",""ph_i:outside_[6.77,7.05]"",""k_i_mM:outside_[100,160]""]",False,0.0,[],True,True
STRICT_NATIVE_S1_PHIGH_KLOW_AE4NA05_P0.5_H5:B00,STRICT_NATIVE_S1_PHIGH_KLOW_AE4NA05_P0.5_H5,STRICT_NATIVE,1.0,0.5,5.0,HW,DIAGNOSTIC_ONLY_HW_HYDRAULIC_TRANSFER,False,True,False,1.3502653856134472e-11,3.469446951953614e-15,1.3502653856134472e-15,2.908056841006738e-26,4.0245584642661925e-16,True,True,1.3502653856134472e-11,11,0,7.105427357601002e-15,True,"{""cl_i_mM"":28.158594724103786,""cl_l_mM"":141.24146837215795,""k_i_mM"":70.84016487199784,""k_l_mM"":10.36744739548972,""na_i_mM"":29.441216412895454,""na_l_mM"":139.83100361826186,""ph_i"":6.75224364576096,""ph_l"":7.151596197002406,""tic_i_mM"":4.57353829598364,""tic_l_mM"":9.744784341814457,""v_apical_mV"":-46.85159837199648,""v_basolateral_mV"":-64.50428486484121,""volume_i_pL"":1.3000000000000003,""volume_l_pL"":0.10245303289531647}","[""cl_i_mM:outside_[47.1,53.1]"",""ph_i:outside_[6.77,7.05]"",""k_i_mM:outside_[100,160]""]",False,1.4210854715202004e-14,[],True,True
STRICT_NATIVE_S1_PHIGH_KLOW_AE4NA05_P0.5_H6.75:B00,STRICT_NATIVE_S1_PHIGH_KLOW_AE4NA05_P0.5_H6.75,STRICT_NATIVE,1.0,0.5,6.75,HW,DIAGNOSTIC_ONLY_HW_HYDRAULIC_TRANSFER,False,True,False,2.215447877235155e-10,3.469446951953614e-16,2.215447877235155e-14,2.4233807008389483e-26,2.445960101127298e-16,True,True,2.215447877235155e-10,11,0,1.4210854715202004e-14,True,"{""cl_i_mM"":28.158316005017305,""cl_l_mM"":141.2385939979848,""k_i_mM"":70.83972765413246,""k_l_mM"":10.367451194740353,""na_i_mM"":29.441355785749202,""na_l_mM"":139.8280056123645,""ph_i"":6.752242903318501,""ph_l"":7.151591818894326,""tic_i_mM"":4.573527470417194,""tic_l_mM"":9.744662052756524,""v_apical_mV"":-46.85134199306785,""v_basolateral_mV"":-64.50407750290354,""volume_i_pL"":1.3,""volume_l_pL"":0.10245315486137944}","[""cl_i_mM:outside_[47.1,53.1]"",""ph_i:outside_[6.77,7.05]"",""k_i_mM:outside_[100,160]""]",False,1.4210854715202004e-14,[],True,True
STRICT_NATIVE_S1_PHIGH_KLOW_AE4NA05_P0.5_H8:B00,STRICT_NATIVE_S1_PHIGH_KLOW_AE4NA05_P0.5_H8,STRICT_NATIVE,1.0,0.5,8.0,HW,DIAGNOSTIC_ONLY_HW_HYDRAULIC_TRANSFER,False,True,False,1.7671519629558485e-10,4.579669976578771e-16,1.7671519629558485e-14,2.4233807008389483e-26,4.111294638065033e-16,True,True,1.7671519629558485e-10,11,0,7.105427357601002e-15,True,"{""cl_i_mM"":28.158191566270183,""cl_l_mM"":141.23731070338906,""k_i_mM"":70.83953245099538,""k_l_mM"":10.367452890379605,""na_i_mM"":29.441418011036937,""na_l_mM"":139.8266671212216,""ph_i"":6.752242571843318,""ph_l"":7.1515898642189315,""tic_i_mM"":4.573522637131328,""tic_l_mM"":9.744607455040518,""v_apical_mV"":-46.85122752897351,""v_basolateral_mV"":-64.5039849226505,""volume_i_pL"":1.3,""volume_l_pL"":0.10245320931650086}","[""cl_i_mM:outside_[47.1,53.1]"",""ph_i:outside_[6.77,7.05]"",""k_i_mM:outside_[100,160]""]",False,1.4210854715202004e-14,[],True,True
STRICT_NATIVE_S1_PHIGH_KLOW_AE4NA05_P0.5_HWQ_H2.5:B00,STRICT_NATIVE_S1_PHIGH_KLOW_AE4NA05_P0.5_HWQ_H2.5,STRICT_NATIVE,1.0,0.5,2.5,HWQ,DIAGNOSTIC_ONLY_HWQ_HYDRAULIC_TRANSFER,False,True,False,3.552713678800501e-11,1.304364602439101e-13,3.552713678800501e-15,2.5849394142282115e-26,3.894454203567932e-16,True,True,4.9936725761423606e-11,11,0,6.587796974599769e-11,True,"{""cl_i_mM"":28.159669476502888,""cl_l_mM"":141.25255258042714,""k_i_mM"":70.84185080264646,""k_l_mM"":10.367432728055116,""na_i_mM"":29.440678984595827,""na_l_mM"":139.84256458123815,""ph_i"":6.75224650867056,""ph_l"":7.151613079271929,""tic_i_mM"":4.5735800388663765,""tic_l_mM"":9.745255900951513,""v_apical_mV"":-46.85258699488757,""v_basolateral_mV"":-64.50508445863258,""volume_i_pL"":1.2999999999999945,""volume_l_pL"":0.1009810250513524}","[""cl_i_mM:outside_[47.1,53.1]"",""ph_i:outside_[6.77,7.05]"",""k_i_mM:outside_[100,160]""]",False,2.842170943040401e-14,[],True,True
STRICT_NATIVE_S1_PHIGH_KLOW_AE4NA05_P0.5_HWQ_H3.5:B00,STRICT_NATIVE_S1_PHIGH_KLOW_AE4NA05_P0.5_HWQ_H3.5,STRICT_NATIVE,1.0,0.5,3.5,HWQ,DIAGNOSTIC_ONLY_HWQ_HYDRAULIC_TRANSFER,False,True,False,4.7748263676261615e-11,2.3418766925686896e-16,4.7748263676261615e-15,2.4233807008389483e-26,2.3678975447083417e-16,True,True,4.7748263676261615e-11,11,0,7.105427357601002e-15,True,"{""cl_i_mM"":28.15905539196013,""cl_l_mM"":141.24621926500487,""k_i_mM"":70.84088750724625,""k_l_mM"":10.367441112012136,""na_i_mM"":29.440986056780595,""na_l_mM"":139.83595885609765,""ph_i"":6.752244872875569,""ph_l"":7.1516034331733325,""tic_i_mM"":4.573556188296815,""tic_l_mM"":9.744986463310111,""v_apical_mV"":-46.85202211947676,""v_basolateral_mV"":-64.50462759277418,""volume_i_pL"":1.3,""volume_l_pL"":0.10070080894816916}","[""cl_i_mM:outside_[47.1,53.1]"",""ph_i:outside_[6.77,7.05]"",""k_i_mM:outside_[100,160]""]",False,1.4210854715202004e-14,[],True,True
STRICT_NATIVE_S1_PHIGH_KLOW_AE4NA05_P0.5_HWQ_H5:B00,STRICT_NATIVE_S1_PHIGH_KLOW_AE4NA05_P0.5_HWQ_H5,STRICT_NATIVE,1.0,0.5,5.0,HWQ,DIAGNOSTIC_ONLY_HWQ_HYDRAULIC_TRANSFER,False,True,False,2.529497878517306e-11,4.85722573273506e-16,2.529497878517306e-15,3.2311742677852644e-26,3.2873009869760494e-16,True,True,2.754632459633921e-11,11,0,1.1901590823981678e-13,True,"{""cl_i_mM"":28.158594724110763,""cl_l_mM"":141.24146837212766,""k_i_mM"":70.84016487199362,""k_l_mM"":10.367447395493983,""na_i_mM"":29.441216412893976,""na_l_mM"":139.83100361830978,""ph_i"":6.7522436457598705,""ph_l"":7.151596196997013,""tic_i_mM"":4.57353829598656,""tic_l_mM"":9.744784341792542,""v_apical_mV"":-46.85159837198376,""v_basolateral_mV"":-64.50428486484067,""volume_i_pL"":1.3,""volume_l_pL"":0.1004906065790632}","[""cl_i_mM:outside_[47.1,53.1]"",""ph_i:outside_[6.77,7.05]"",""k_i_mM:outside_[100,160]""]",False,1.4210854715202004e-14,[],True,True
STRICT_NATIVE_S1_PHIGH_KLOW_AE4NA05_P0.5_HWQ_H6.75:B00,STRICT_NATIVE_S1_PHIGH_KLOW_AE4NA05_P0.5_HWQ_H6.75,STRICT_NATIVE,1.0,0.5,6.75,HWQ,DIAGNOSTIC_ONLY_HWQ_HYDRAULIC_TRANSFER,False,True,False,9.208129050919389e-12,5.412337245047638e-16,9.20812905091939e-16,1.6155871338926322e-26,1.5092094240998222e-16,True,True,2.049695049105571e-10,11,0,7.105427357601002e-14,True,"{""cl_i_mM"":28.15831600502498,""cl_l_mM"":141.238593997953,""k_i_mM"":70.83972765412776,""k_l_mM"":10.367451194744897,""na_i_mM"":29.441355785746403,""na_l_mM"":139.8280056124154,""ph_i"":6.752242903317207,""ph_l"":7.151591818888343,""tic_i_mM"":4.573527470420509,""tic_l_mM"":9.744662052732851,""v_apical_mV"":-46.851341993054156,""v_basolateral_mV"":-64.50407750290286,""volume_i_pL"":1.3,""volume_l_pL"":0.10036343034983392}","[""cl_i_mM:outside_[47.1,53.1]"",""ph_i:outside_[6.77,7.05]"",""k_i_mM:outside_[100,160]""]",False,1.4210854715202004e-14,[],True,True
STRICT_NATIVE_S1_PHIGH_KLOW_AE4NA05_P0.5_HWQ_H8:B00,STRICT_NATIVE_S1_PHIGH_KLOW_AE4NA05_P0.5_HWQ_H8,STRICT_NATIVE,1.0,0.5,8.0,HWQ,DIAGNOSTIC_ONLY_HWQ_HYDRAULIC_TRANSFER,False,True,False,1.7671519629558485e-10,2.63503628639139e-13,1.7671519629558485e-14,1.1309109937248425e-26,1.3964523981613297e-16,True,True,7.71252636408426e-11,11,0,1.4210854715202004e-14,True,"{""cl_i_mM"":28.15819156626534,""cl_l_mM"":141.237310703349,""k_i_mM"":70.83953245100682,""k_l_mM"":10.367452890383731,""na_i_mM"":29.441418011107874,""na_l_mM"":139.8266671212835,""ph_i"":6.752242571850031,""ph_l"":7.151589864223321,""tic_i_mM"":4.573522637123704,""tic_l_mM"":9.74460745501456,""v_apical_mV"":-46.85122752896979,""v_basolateral_mV"":-64.50398492265711,""volume_i_pL"":1.2999999999999887,""volume_l_pL"":0.10030665116456251}","[""cl_i_mM:outside_[47.1,53.1]"",""ph_i:outside_[6.77,7.05]"",""k_i_mM:outside_[100,160]""]",False,7.105427357601002e-15,[],True,True
STRICT_NATIVE_S1_PHIGH_KLOW_AE4NA05_P1_H1:B00,STRICT_NATIVE_S1_PHIGH_KLOW_AE4NA05_P1_H1,STRICT_NATIVE,1.0,1.0,1.0,H1,PRODUCTION_PRE_REVEAL,True,True,False,1.3824661901362667e-11,3.191891195797325e-16,1.3824661901362667e-15,1.7771458472818954e-26,1.5785983631388945e-16,True,True,1.3824661901362667e-11,11,0,1.4210854715202004e-14,True,"{""cl_i_mM"":26.766371030650596,""cl_l_mM"":142.3077398088756,""k_i_mM"":86.85898091238275,""k_l_mM"":11.213920910238901,""na_i_mM"":11.961165333824585,""na_l_mM"":139.0545192415035,""ph_i"":6.753625676680072,""ph_l"":7.1156513078053525,""tic_i_mM"":4.46587551684353,""tic_l_mM"":8.722329344364859,""v_apical_mV"":-49.04736474611687,""v_basolateral_mV"":-69.3984791546703,""volume_i_pL"":1.3,""volume_l_pL"":0.1029065101917853}","[""cl_i_mM:outside_[47.1,53.1]"",""ph_i:outside_[6.77,7.05]"",""k_i_mM:outside_[100,160]""]",False,1.4210854715202004e-14,[],True,True
STRICT_NATIVE_S1_PHIGH_KLOW_AE4NA05_P1_H2.5:B00,STRICT_NATIVE_S1_PHIGH_KLOW_AE4NA05_P1_H2.5,STRICT_NATIVE,1.0,1.0,2.5,HW,DIAGNOSTIC_ONLY_HW_HYDRAULIC_TRANSFER,False,True,False,5.206668429735828e-12,6.96120244780829e-13,4.1492417141020255e-16,2.1002632740604218e-26,1.4224732503009818e-16,True,True,5.206668429735828e-12,11,0,0.0,True,"{""cl_i_mM"":26.76145635083579,""cl_l_mM"":142.26795799231235,""k_i_mM"":86.85363622335268,""k_l_mM"":11.213718965749527,""na_i_mM"":11.961089108856019,""na_l_mM"":139.01368090725288,""ph_i"":6.753604057099068,""ph_l"":7.115604051300365,""tic_i_mM"":4.465621626971996,""tic_l_mM"":8.72103460747388,""v_apical_mV"":-49.04504679054291,""v_basolateral_mV"":-69.39640334400296,""volume_i_pL"":1.2999999999999072,""volume_l_pL"":0.1029082651705325}","[""cl_i_mM:outside_[47.1,53.1]"",""ph_i:outside_[6.77,7.05]"",""k_i_mM:outside_[100,160]""]",False,2.842170943040401e-14,[],True,True
STRICT_NATIVE_S1_PHIGH_KLOW_AE4NA05_P1_H3.5:B00,STRICT_NATIVE_S1_PHIGH_KLOW_AE4NA05_P1_H3.5,STRICT_NATIVE,1.0,1.0,3.5,HW,DIAGNOSTIC_ONLY_HW_HYDRAULIC_TRANSFER,False,True,False,4.257661931350576e-12,2.2724877535296173e-16,4.257661931350576e-16,2.4233807008389483e-26,3.937822290467352e-16,True,True,4.257661931350576e-12,11,0,7.105427357601002e-15,True,"{""cl_i_mM"":26.760519416462024,""cl_l_mM"":142.26037508173403,""k_i_mM"":86.85261731394526,""k_l_mM"":11.213680418794148,""na_i_mM"":11.961074566493332,""na_l_mM"":139.00589664061195,""ph_i"":6.7535999351127,""ph_l"":7.115595042591629,""tic_i_mM"":4.465573220885331,""tic_l_mM"":8.720787787544475,""v_apical_mV"":-49.04460496073585,""v_basolateral_mV"":-69.39600762172722,""volume_i_pL"":1.3,""volume_l_pL"":0.10290859983030866}","[""cl_i_mM:outside_[47.1,53.1]"",""ph_i:outside_[6.77,7.05]"",""k_i_mM:outside_[100,160]""]",False,1.4210854715202004e-14,[],True,True
STRICT_NATIVE_S1_PHIGH_KLOW_AE4NA05_P1_H5:B00,STRICT_NATIVE_S1_PHIGH_KLOW_AE4NA05_P1_H5,STRICT_NATIVE,1.0,1.0,5.0,HW,DIAGNOSTIC_ONLY_HW_HYDRAULIC_TRANSFER,False,True,False,1.3733372078439388e-10,5.499073418846478e-16,1.3733372078439388e-14,1.454028420503369e-26,2.96637714392034e-16,True,True,4.587259391786169e-11,11,0,2.3092638912203256e-13,True,"{""cl_i_mM"":26.75981654638091,""cl_l_mM"":142.25468675879407,""k_i_mM"":86.85185294844906,""k_l_mM"":11.213651491475458,""na_i_mM"":11.961063654834811,""na_l_mM"":139.00005727655815,""ph_i"":6.753596842810234,""ph_l"":7.115588284518956,""tic_i_mM"":4.46553690659007,""tic_l_mM"":8.72060262981361,""v_apical_mV"":-49.04427352231268,""v_basolateral_mV"":-69.39571076074049,""volume_i_pL"":1.3,""volume_l_pL"":0.10290885090466917}","[""cl_i_mM:outside_[47.1,53.1]"",""ph_i:outside_[6.77,7.05]"",""k_i_mM:outside_[100,160]""]",False,7.105427357601002e-15,[],True,True
STRICT_NATIVE_S1_PHIGH_KLOW_AE4NA05_P1_H6.75:B00,STRICT_NATIVE_S1_PHIGH_KLOW_AE4NA05_P1_H6.75,STRICT_NATIVE,1.0,1.0,6.75,HW,DIAGNOSTIC_ONLY_HW_HYDRAULIC_TRANSFER,False,True,False,2.985242261721588e-11,8.500145032286355e-16,2.985242261721588e-15,2.908056841006738e-26,4.683753385137379e-16,True,True,2.5843042983364484e-11,11,0,5.151434834260726e-13,True,"{""cl_i_mM"":26.759391282908133,""cl_l_mM"":142.25124520000873,""k_i_mM"":86.85139047807655,""k_l_mM"":11.213633985110667,""na_i_mM"":11.961057051914725,""na_l_mM"":138.9965243371977,""ph_i"":6.753594971812827,""ph_l"":7.115584195651423,""tic_i_mM"":4.465514934642864,""tic_l_mM"":8.720490603011799,""v_apical_mV"":-49.04407299500945,""v_basolateral_mV"":-69.39553114930929,""volume_i_pL"":1.3,""volume_l_pL"":0.10290900282226545}","[""cl_i_mM:outside_[47.1,53.1]"",""ph_i:outside_[6.77,7.05]"",""k_i_mM:outside_[100,160]""]",False,1.4210854715202004e-14,[],True,True
STRICT_NATIVE_S1_PHIGH_KLOW_AE4NA05_P1_H8:B00,STRICT_NATIVE_S1_PHIGH_KLOW_AE4NA05_P1_H8,STRICT_NATIVE,1.0,1.0,8.0,HW,DIAGNOSTIC_ONLY_HW_HYDRAULIC_TRANSFER,False,True,False,4.6111118395808504e-11,1.942890293094024e-16,4.61111183958085e-15,2.261821987449685e-26,2.896988204881268e-16,True,True,4.6111118395808504e-11,11,0,1.4210854715202004e-14,True,"{""cl_i_mM"":26.75920141598953,""cl_l_mM"":142.24970867430994,""k_i_mM"":86.8511839994812,""k_l_mM"":11.213626168035066,""na_i_mM"":11.96105410368578,""na_l_mM"":138.99494701415884,""ph_i"":6.753594136462034,""ph_l"":7.115582370105669,""tic_i_mM"":4.4655051247542845,""tic_l_mM"":8.720440586712204,""v_apical_mV"":-49.04398346719302,""v_basolateral_mV"":-69.39545095860875,""volume_i_pL"":1.3,""volume_l_pL"":0.10290907065068121}","[""cl_i_mM:outside_[47.1,53.1]"",""ph_i:outside_[6.77,7.05]"",""k_i_mM:outside_[100,160]""]",False,1.4210854715202004e-14,[],True,True
STRICT_NATIVE_S1_PHIGH_KLOW_AE4NA05_P1_HWQ_H2.5:B00,STRICT_NATIVE_S1_PHIGH_KLOW_AE4NA05_P1_HWQ_H2.5,STRICT_NATIVE,1.0,1.0,2.5,HWQ,DIAGNOSTIC_ONLY_HWQ_HYDRAULIC_TRANSFER,False,True,False,6.90365733330145e-11,8.881784197001252e-16,6.9036573333014495e-15,1.2924697071141057e-26,2.0990154059319366e-16,True,True,1.0287994414714952e-11,11,0,8.348877145181177e-14,True,"{""cl_i_mM"":26.76145635088988,""cl_l_mM"":142.26795799229478,""k_i_mM"":86.85363622312438,""k_l_mM"":11.213718965745393,""na_i_mM"":11.961089108837003,""na_l_mM"":139.01368090727584,""ph_i"":6.7536040570754325,""ph_l"":7.115604051265076,""tic_i_mM"":4.465621627008267,""tic_l_mM"":8.721034607472593,""v_apical_mV"":-49.04504679048123,""v_basolateral_mV"":-69.39640334393822,""volume_i_pL"":1.3,""volume_l_pL"":0.10116330606821175}","[""cl_i_mM:outside_[47.1,53.1]"",""ph_i:outside_[6.77,7.05]"",""k_i_mM:outside_[100,160]""]",False,7.105427357601002e-15,[],True,True
STRICT_NATIVE_S1_PHIGH_KLOW_AE4NA05_P1_HWQ_H3.5:B00,STRICT_NATIVE_S1_PHIGH_KLOW_AE4NA05_P1_HWQ_H3.5,STRICT_NATIVE,1.0,1.0,3.5,HWQ,DIAGNOSTIC_ONLY_HWQ_HYDRAULIC_TRANSFER,False,True,False,4.336808689942018e-12,2.914335439641036e-16,4.3368086899420177e-16,2.5849394142282115e-26,1.8908485888147197e-16,True,True,4.336808689942018e-12,11,0,7.105427357601002e-15,True,"{""cl_i_mM"":26.76051941647122,""cl_l_mM"":142.26037508170398,""k_i_mM"":86.85261731393685,""k_l_mM"":11.213680418799235,""na_i_mM"":11.961074566493316,""na_l_mM"":139.00589664065893,""ph_i"":6.753599935111199,""ph_l"":7.115595042584806,""tic_i_mM"":4.465573220889088,""tic_l_mM"":8.720787787522374,""v_apical_mV"":-49.04460496072071,""v_basolateral_mV"":-69.39600762172564,""volume_i_pL"":1.3,""volume_l_pL"":0.1008310285229452}","[""cl_i_mM:outside_[47.1,53.1]"",""ph_i:outside_[6.77,7.05]"",""k_i_mM:outside_[100,160]""]",False,1.4210854715202004e-14,[],True,True
STRICT_NATIVE_S1_PHIGH_KLOW_AE4NA05_P1_HWQ_H5:B00,STRICT_NATIVE_S1_PHIGH_KLOW_AE4NA05_P1_HWQ_H5,STRICT_NATIVE,1.0,1.0,5.0,HWQ,DIAGNOSTIC_ONLY_HWQ_HYDRAULIC_TRANSFER,False,True,False,2.1316498913237503e-11,7.077671781985373e-16,2.1316498913237503e-15,1.6155871338926322e-26,2.0903417885520525e-16,True,True,2.1316498913237503e-11,11,0,1.4210854715202004e-14,True,"{""cl_i_mM"":26.759816546391274,""cl_l_mM"":142.25468675876039,""k_i_mM"":86.85185294843951,""k_l_mM"":11.213651491481157,""na_i_mM"":11.961063654834785,""na_l_mM"":139.0000572766109,""ph_i"":6.753596842808539,""ph_l"":7.1155882845112775,""tic_i_mM"":4.4655369065943,""tic_l_mM"":8.720602629788775,""v_apical_mV"":-49.04427352229565,""v_basolateral_mV"":-69.39571076073868,""volume_i_pL"":1.3,""volume_l_pL"":0.10058177018093373}","[""cl_i_mM:outside_[47.1,53.1]"",""ph_i:outside_[6.77,7.05]"",""k_i_mM:outside_[100,160]""]",False,1.4210854715202004e-14,[],True,True
STRICT_NATIVE_S1_PHIGH_KLOW_AE4NA05_P1_HWQ_H6.75:B00,STRICT_NATIVE_S1_PHIGH_KLOW_AE4NA05_P1_HWQ_H6.75,STRICT_NATIVE,1.0,1.0,6.75,HWQ,DIAGNOSTIC_ONLY_HWQ_HYDRAULIC_TRANSFER,False,True,False,1.3277139804257487e-11,7.494005416219807e-16,1.3277139804257487e-15,3.2311742677852644e-26,4.926614671774132e-16,True,True,1.3277139804257487e-11,11,0,2.842170943040401e-14,True,"{""cl_i_mM"":26.759391282919218,""cl_l_mM"":142.2512451999729,""k_i_mM"":86.85139047806626,""k_l_mM"":11.213633985116743,""na_i_mM"":11.961057051914684,""na_l_mM"":138.996524337254,""ph_i"":6.7535949718110055,""ph_l"":7.115584195643202,""tic_i_mM"":4.465514934647403,""tic_l_mM"":8.720490602985265,""v_apical_mV"":-49.044072994991254,""v_basolateral_mV"":-69.39553114930735,""volume_i_pL"":1.3,""volume_l_pL"":0.10043096338107628}","[""cl_i_mM:outside_[47.1,53.1]"",""ph_i:outside_[6.77,7.05]"",""k_i_mM:outside_[100,160]""]",False,1.4210854715202004e-14,[],True,True
STRICT_NATIVE_S1_PHIGH_KLOW_AE4NA05_P1_HWQ_H8:B00,STRICT_NATIVE_S1_PHIGH_KLOW_AE4NA05_P1_HWQ_H8,STRICT_NATIVE,1.0,1.0,8.0,HWQ,DIAGNOSTIC_ONLY_HWQ_HYDRAULIC_TRANSFER,False,True,False,4.6111118395808504e-11,1.3183898417423734e-15,4.61111183958085e-15,2.261821987449685e-26,1.5439038936193583e-16,True,True,4.6111118395808504e-11,11,0,7.105427357601002e-15,True,"{""cl_i_mM"":26.75920141600088,""cl_l_mM"":142.24970867427314,""k_i_mM"":86.85118399947079,""k_l_mM"":11.213626168041321,""na_i_mM"":11.961054103685756,""na_l_mM"":138.9949470142167,""ph_i"":6.753594136460181,""ph_l"":7.115582370097243,""tic_i_mM"":4.46550512475892,""tic_l_mM"":8.720440586684921,""v_apical_mV"":-49.04398346717438,""v_basolateral_mV"":-69.39545095860677,""volume_i_pL"":1.3,""volume_l_pL"":0.10036363383133508}","[""cl_i_mM:outside_[47.1,53.1]"",""ph_i:outside_[6.77,7.05]"",""k_i_mM:outside_[100,160]""]",False,0.0,[],True,True
STRICT_NATIVE_S1_PHIGH_KLOW_AE4NA05_P2_H1:B00,STRICT_NATIVE_S1_PHIGH_KLOW_AE4NA05_P2_H1,STRICT_NATIVE,1.0,2.0,1.0,H1,PRODUCTION_PRE_REVEAL,True,True,False,3.3995029014022293e-12,4.905745948358131e-13,2.430781270712501e-16,1.454028420503369e-26,1.3964523981613297e-16,True,True,3.193409078838805e-11,11,0,6.638956051574496e-11,True,"{""cl_i_mM"":26.502128399843766,""cl_l_mM"":142.54977615912003,""k_i_mM"":90.68922414873296,""k_l_mM"":11.333201923039264,""na_i_mM"":8.106907169514034,""na_l_mM"":138.9414623618908,""ph_i"":6.766222801999122,""ph_l"":7.106303068416824,""tic_i_mM"":4.545987379726748,""tic_l_mM"":8.480279641505598,""v_apical_mV"":-49.533984013345304,""v_basolateral_mV"":-70.55945120931051,""volume_i_pL"":1.2999999999999745,""volume_l_pL"":0.10303835476025963}","[""cl_i_mM:outside_[47.1,53.1]"",""ph_i:outside_[6.77,7.05]"",""na_i_mM:outside_[10,35]"",""k_i_mM:outside_[100,160]""]",False,1.4210854715202004e-14,[],True,True
STRICT_NATIVE_S1_PHIGH_KLOW_AE4NA05_P2_H2.5:B00,STRICT_NATIVE_S1_PHIGH_KLOW_AE4NA05_P2_H2.5,STRICT_NATIVE,1.0,2.0,2.5,HW,DIAGNOSTIC_ONLY_HW_HYDRAULIC_TRANSFER,False,True,False,3.612453218504452e-11,4.718447854656915e-16,3.612453218504452e-15,2.4233807008389483e-26,3.2612801348363973e-16,True,True,3.612453218504452e-11,11,0,3.019806626980426e-14,True,"{""cl_i_mM"":26.496662650641913,""cl_l_mM"":142.50805024449755,""k_i_mM"":90.68324233150015,""k_l_mM"":11.33286578068355,""na_i_mM"":8.106823030692349,""na_l_mM"":138.89889635056164,""ph_i"":6.766197155040737,""ph_l"":7.10625914431474,""tic_i_mM"":4.545691129749046,""tic_l_mM"":8.479065889829965,""v_apical_mV"":-49.531873194989004,""v_basolateral_mV"":-70.55732041573778,""volume_i_pL"":1.3,""volume_l_pL"":0.10304018831331953}","[""cl_i_mM:outside_[47.1,53.1]"",""ph_i:outside_[6.77,7.05]"",""na_i_mM:outside_[10,35]"",""k_i_mM:outside_[100,160]""]",False,7.105427357601002e-15,[],True,True
STRICT_NATIVE_S1_PHIGH_KLOW_AE4NA05_P2_H3.5:B00,STRICT_NATIVE_S1_PHIGH_KLOW_AE4NA05_P2_H3.5,STRICT_NATIVE,1.0,2.0,3.5,HW,DIAGNOSTIC_ONLY_HW_HYDRAULIC_TRANSFER,False,True,False,1.9337829948451457e-11,3.0531133177191805e-16,1.9337829948451457e-15,1.454028420503369e-26,1.3183898417423734e-16,True,True,1.9337829948451457e-11,11,0,1.7763568394002505e-15,True,"{""cl_i_mM"":26.495620671694674,""cl_l_mM"":142.50009677047302,""k_i_mM"":90.6821019638932,""k_l_mM"":11.33280164835816,""na_i_mM"":8.106806985563265,""na_l_mM"":138.89078277499016,""ph_i"":6.7661922651987405,""ph_l"":7.10625077079857,""tic_i_mM"":4.545634647433535,""tic_l_mM"":8.478834502868814,""v_apical_mV"":-49.531470856668946,""v_basolateral_mV"":-70.55691421140197,""volume_i_pL"":1.3,""volume_l_pL"":0.10304053796156848}","[""cl_i_mM:outside_[47.1,53.1]"",""ph_i:outside_[6.77,7.05]"",""na_i_mM:outside_[10,35]"",""k_i_mM:outside_[100,160]""]",False,7.105427357601002e-15,[],True,True
STRICT_NATIVE_S1_PHIGH_KLOW_AE4NA05_P2_H5:B00,STRICT_NATIVE_S1_PHIGH_KLOW_AE4NA05_P2_H5,STRICT_NATIVE,1.0,2.0,5.0,HW,DIAGNOSTIC_ONLY_HW_HYDRAULIC_TRANSFER,False,True,False,8.811311055789695e-12,4.718447854656915e-16,8.811311055789695e-16,3.877409121342317e-26,5.811323644522304e-16,True,True,8.811311055789695e-12,11,0,1.4210854715202004e-14,True,"{""cl_i_mM"":26.494839001623212,""cl_l_mM"":142.49413047046733,""k_i_mM"":90.6812464833949,""k_l_mM"":11.332753526983266,""na_i_mM"":8.106794947786003,""na_l_mM"":138.88469638134964,""ph_i"":6.766188596826683,""ph_l"":7.106244489184273,""tic_i_mM"":4.545592274394545,""tic_l_mM"":8.478660921397323,""v_apical_mV"":-49.531169044543724,""v_basolateral_mV"":-70.55660948688484,""volume_i_pL"":1.3,""volume_l_pL"":0.10304080028189656}","[""cl_i_mM:outside_[47.1,53.1]"",""ph_i:outside_[6.77,7.05]"",""na_i_mM:outside_[10,35]"",""k_i_mM:outside_[100,160]""]",False,2.842170943040401e-14,[],True,True
STRICT_NATIVE_S1_PHIGH_KLOW_AE4NA05_P2_H6.75:B00,STRICT_NATIVE_S1_PHIGH_KLOW_AE4NA05_P2_H6.75,STRICT_NATIVE,1.0,2.0,6.75,HW,DIAGNOSTIC_ONLY_HW_HYDRAULIC_TRANSFER,False,True,False,7.243988395244649e-11,2.910345575646289e-14,7.24398839524465e-15,1.1309109937248425e-26,1.0321604682062002e-16,True,True,7.243988395244649e-11,11,0,7.105427357601002e-15,True,"{""cl_i_mM"":26.494366062110306,""cl_l_mM"":142.49052073003298,""k_i_mM"":90.6807288852607,""k_l_mM"":11.332724407308884,""na_i_mM"":8.106787664037926,""na_l_mM"":138.88101398440708,""ph_i"":6.766186377276626,""ph_l"":7.106240688581736,""tic_i_mM"":4.545566636615211,""tic_l_mM"":8.478555898149688,""v_apical_mV"":-49.53098644253747,""v_basolateral_mV"":-70.55642511769919,""volume_i_pL"":1.2999999999999985,""volume_l_pL"":0.10304095900453064}","[""cl_i_mM:outside_[47.1,53.1]"",""ph_i:outside_[6.77,7.05]"",""na_i_mM:outside_[10,35]"",""k_i_mM:outside_[100,160]""]",False,0.0,[],True,True
STRICT_NATIVE_S1_PHIGH_KLOW_AE4NA05_P2_H8:B00,STRICT_NATIVE_S1_PHIGH_KLOW_AE4NA05_P2_H8,STRICT_NATIVE,1.0,2.0,8.0,HW,DIAGNOSTIC_ONLY_HW_HYDRAULIC_TRANSFER,False,True,False,1.1293049828609014e-11,2.8796409701215e-16,1.1293049828609014e-15,1.6155871338926322e-26,1.6740081543176188e-16,True,True,1.1293049828609014e-11,11,0,1.4210854715202004e-14,True,"{""cl_i_mM"":26.494154909566245,""cl_l_mM"":142.48890911771872,""k_i_mM"":90.68049779389648,""k_l_mM"":11.332711405210652,""na_i_mM"":8.106784411965853,""na_l_mM"":138.87936993437947,""ph_i"":6.7661853863043095,""ph_l"":7.106238991732655,""tic_i_mM"":4.545555190034536,""tic_l_mM"":8.478509008591761,""v_apical_mV"":-49.53090491786498,""v_basolateral_mV"":-70.5563428028008,""volume_i_pL"":1.3,""volume_l_pL"":0.1030410298713774}","[""cl_i_mM:outside_[47.1,53.1]"",""ph_i:outside_[6.77,7.05]"",""na_i_mM:outside_[10,35]"",""k_i_mM:outside_[100,160]""]",False,7.105427357601002e-15,[],True,True
STRICT_NATIVE_S1_PHIGH_KLOW_AE4NA05_P2_HWQ_H2.5:B00,STRICT_NATIVE_S1_PHIGH_KLOW_AE4NA05_P2_HWQ_H2.5,STRICT_NATIVE,1.0,2.0,2.5,HWQ,DIAGNOSTIC_ONLY_HWQ_HYDRAULIC_TRANSFER,False,True,False,3.612453218504452e-11,4.85722573273506e-16,3.612453218504452e-15,1.9387045606711586e-26,3.7990444123892075e-16,True,True,2.998469528225911e-11,11,0,1.5987211554602254e-13,True,"{""cl_i_mM"":26.49666265065043,""cl_l_mM"":142.5080502444716,""k_i_mM"":90.68324233149254,""k_l_mM"":11.332865780688167,""na_i_mM"":8.106823030692397,""na_l_mM"":138.89889635060194,""ph_i"":6.766197155039378,""ph_l"":7.106259144308578,""tic_i_mM"":4.545691129752447,""tic_l_mM"":8.479065889810947,""v_apical_mV"":-49.531873194975326,""v_basolateral_mV"":-70.55732041573631,""volume_i_pL"":1.3,""volume_l_pL"":0.10121607532532767}","[""cl_i_mM:outside_[47.1,53.1]"",""ph_i:outside_[6.77,7.05]"",""na_i_mM:outside_[10,35]"",""k_i_mM:outside_[100,160]""]",False,1.4210854715202004e-14,[],True,True
STRICT_NATIVE_S1_PHIGH_KLOW_AE4NA05_P2_HWQ_H3.5:B00,STRICT_NATIVE_S1_PHIGH_KLOW_AE4NA05_P2_HWQ_H3.5,STRICT_NATIVE,1.0,2.0,3.5,HWQ,DIAGNOSTIC_ONLY_HWQ_HYDRAULIC_TRANSFER,False,True,False,1.9337829948451457e-11,4.485647964180828e-14,1.9337829948451457e-15,2.908056841006738e-26,1.6306400674181987e-16,True,True,2.7933384771916536e-11,11,0,1.4210854715202004e-14,True,"{""cl_i_mM"":26.495620671701637,""cl_l_mM"":142.50009677044162,""k_i_mM"":90.68210196389896,""k_l_mM"":11.332801648364137,""na_i_mM"":8.106806985563818,""na_l_mM"":138.8907827750395,""ph_i"":6.766192265198571,""ph_l"":7.106250770793126,""tic_i_mM"":4.545634647435459,""tic_l_mM"":8.478834502844954,""v_apical_mV"":-49.53147085665602,""v_basolateral_mV"":-70.55691421140443,""volume_i_pL"":1.2999999999999978,""volume_l_pL"":0.10086872513187664}","[""cl_i_mM:outside_[47.1,53.1]"",""ph_i:outside_[6.77,7.05]"",""na_i_mM:outside_[10,35]"",""k_i_mM:outside_[100,160]""]",False,1.4210854715202004e-14,[],True,True
STRICT_NATIVE_S1_PHIGH_KLOW_AE4NA05_P2_HWQ_H5:B00,STRICT_NATIVE_S1_PHIGH_KLOW_AE4NA05_P2_HWQ_H5,STRICT_NATIVE,1.0,2.0,5.0,HWQ,DIAGNOSTIC_ONLY_HWQ_HYDRAULIC_TRANSFER,False,True,False,8.811311055789695e-12,1.0585282650410477e-14,8.811311055789695e-16,4.2005265481208437e-26,2.5326962749261384e-16,True,True,8.811311055789695e-12,11,0,7.105427357601002e-15,True,"{""cl_i_mM"":26.494839001633906,""cl_l_mM"":142.49413047043245,""k_i_mM"":90.68124648338812,""k_l_mM"":11.332753526989572,""na_i_mM"":8.10679494778618,""na_l_mM"":138.88469638140398,""ph_i"":6.766188596825197,""ph_l"":7.106244489176451,""tic_i_mM"":4.545592274398613,""tic_l_mM"":8.478660921371542,""v_apical_mV"":-49.53116904452617,""v_basolateral_mV"":-70.55660948688386,""volume_i_pL"":1.2999999999999996,""volume_l_pL"":0.10060816005637922}","[""cl_i_mM:outside_[47.1,53.1]"",""ph_i:outside_[6.77,7.05]"",""na_i_mM:outside_[10,35]"",""k_i_mM:outside_[100,160]""]",False,2.842170943040401e-14,[],True,True
STRICT_NATIVE_S1_PHIGH_KLOW_AE4NA05_P2_HWQ_H6.75:B00,STRICT_NATIVE_S1_PHIGH_KLOW_AE4NA05_P2_HWQ_H6.75,STRICT_NATIVE,1.0,2.0,6.75,HWQ,DIAGNOSTIC_ONLY_HWQ_HYDRAULIC_TRANSFER,False,True,False,8.901625096757737e-11,4.85722573273506e-16,8.901625096757737e-15,9.693522803355793e-27,1.0755285551056204e-16,True,True,7.243988395244649e-11,11,0,8.526512829121202e-14,True,"{""cl_i_mM"":26.49436606212459,""cl_l_mM"":142.49052072999632,""k_i_mM"":90.68072888523989,""k_l_mM"":11.332724407315183,""na_i_mM"":8.106787664037668,""na_l_mM"":138.88101398446398,""ph_i"":6.766186377273716,""ph_l"":7.106240688571601,""tic_i_mM"":4.545566636621501,""tic_l_mM"":8.478555898123076,""v_apical_mV"":-49.5309864425157,""v_basolateral_mV"":-70.55642511769433,""volume_i_pL"":1.3,""volume_l_pL"":0.10045051244511556}","[""cl_i_mM:outside_[47.1,53.1]"",""ph_i:outside_[6.77,7.05]"",""na_i_mM:outside_[10,35]"",""k_i_mM:outside_[100,160]""]",False,1.4210854715202004e-14,[],True,True
STRICT_NATIVE_S1_PHIGH_KLOW_AE4NA05_P2_HWQ_H8:B00,STRICT_NATIVE_S1_PHIGH_KLOW_AE4NA05_P2_HWQ_H8,STRICT_NATIVE,1.0,2.0,8.0,HWQ,DIAGNOSTIC_ONLY_HWQ_HYDRAULIC_TRANSFER,False,True,False,1.229268423164065e-11,1.6514567491299204e-15,1.229268423164065e-15,3.554291694563791e-26,4.198030811863873e-16,True,True,1.229268423164065e-11,11,0,1.4210854715202004e-14,True,"{""cl_i_mM"":26.494154909578846,""cl_l_mM"":142.4889091176808,""k_i_mM"":90.68049779388494,""k_l_mM"":11.332711405217424,""na_i_mM"":8.106784411965917,""na_l_mM"":138.87936993443876,""ph_i"":6.766185386302277,""ph_l"":7.106238991723504,""tic_i_mM"":4.545555190039599,""tic_l_mM"":8.478509008563647,""v_apical_mV"":-49.53090491784482,""v_basolateral_mV"":-70.55634280279857,""volume_i_pL"":1.3,""volume_l_pL"":0.10038012873392212}","[""cl_i_mM:outside_[47.1,53.1]"",""ph_i:outside_[6.77,7.05]"",""na_i_mM:outside_[10,35]"",""k_i_mM:outside_[100,160]""]",False,1.4210854715202004e-14,[],True,True
STRICT_NATIVE_S1_PHIGH_KLOW_AE4NA10_P1_H1:B00,STRICT_NATIVE_S1_PHIGH_KLOW_AE4NA10_P1_H1,STRICT_NATIVE,1.0,1.0,1.0,H1,PRODUCTION_PRE_REVEAL,True,True,False,4.092863201132779e-12,2.4121329933457503e-14,4.092863201132779e-16,1.6155871338926322e-26,2.5153490401663703e-16,True,True,4.092863201132779e-12,11,0,7.105427357601002e-15,True,"{""cl_i_mM"":25.762564679896553,""cl_l_mM"":142.1593874463776,""k_i_mM"":84.38884061223071,""k_l_mM"":10.41484181336257,""na_i_mM"":14.785230056251736,""na_l_mM"":139.85104162886094,""ph_i"":6.81531796720338,""ph_l"":7.120583096912043,""tic_i_mM"":5.057910574557193,""tic_l_mM"":8.873182424737443,""v_apical_mV"":-49.984216760161715,""v_basolateral_mV"":-69.69085293754455,""volume_i_pL"":1.3,""volume_l_pL"":0.1029053215820618}","[""cl_i_mM:outside_[47.1,53.1]"",""k_i_mM:outside_[100,160]""]",False,3.703704010149522e-13,[],True,True
STRICT_NATIVE_S1_PHIGH_KLOW_AE4NA10_P1_H2.5:B00,STRICT_NATIVE_S1_PHIGH_KLOW_AE4NA10_P1_H2.5,STRICT_NATIVE,1.0,1.0,2.5,HW,DIAGNOSTIC_ONLY_HW_HYDRAULIC_TRANSFER,False,True,False,4.741216100279111e-12,2.4254903641107717e-14,4.741216100279111e-16,2.261821987449685e-26,1.1622647289044608e-16,True,True,4.741216100279111e-12,11,0,0.0,True,"{""cl_i_mM"":25.758016844620894,""cl_l_mM"":142.1197056868589,""k_i_mM"":84.38403063731727,""k_l_mM"":10.414786997111037,""na_i_mM"":14.78495505056077,""na_l_mM"":139.81007336434357,""ph_i"":6.815297227528898,""ph_l"":7.120532957293337,""tic_i_mM"":5.057623350113684,""tic_l_mM"":8.871804126616832,""v_apical_mV"":-49.98174010624727,""v_basolateral_mV"":-69.68879261023723,""volume_i_pL"":1.3,""volume_l_pL"":0.10290708180417445}","[""cl_i_mM:outside_[47.1,53.1]"",""k_i_mM:outside_[100,160]""]",False,3.6859404417555197e-13,[],True,True
STRICT_NATIVE_S1_PHIGH_KLOW_AE4NA10_P1_H3.5:B00,STRICT_NATIVE_S1_PHIGH_KLOW_AE4NA10_P1_H3.5,STRICT_NATIVE,1.0,1.0,3.5,HW,DIAGNOSTIC_ONLY_HW_HYDRAULIC_TRANSFER,False,True,False,3.796008646306248e-11,2.3653821956681753e-14,3.796008646306248e-15,5.492996255234949e-26,5.620504062164855e-16,True,True,2.936561584176989e-11,11,0,1.4210854715202004e-14,True,"{""cl_i_mM"":25.757149836118153,""cl_l_mM"":142.11214182893673,""k_i_mM"":84.38311366375417,""k_l_mM"":10.414776502485559,""na_i_mM"":14.784902604944481,""na_l_mM"":139.8022643044973,""ph_i"":6.815293273332574,""ph_l"":7.120523399018486,""tic_i_mM"":5.057568588403034,""tic_l_mM"":8.871541379192498,""v_apical_mV"":-49.98126802117093,""v_basolateral_mV"":-69.68839983936563,""volume_i_pL"":1.3,""volume_l_pL"":0.1029074174647056}","[""cl_i_mM:outside_[47.1,53.1]"",""k_i_mM:outside_[100,160]""]",False,3.6859404417555197e-13,[],True,True
STRICT_NATIVE_S1_PHIGH_KLOW_AE4NA10_P1_H5:B00,STRICT_NATIVE_S1_PHIGH_KLOW_AE4NA10_P1_H5,STRICT_NATIVE,1.0,1.0,5.0,HW,DIAGNOSTIC_ONLY_HW_HYDRAULIC_TRANSFER,False,True,False,3.1206591130650274e-11,2.4228015427230076e-14,3.1206591130650274e-15,5.654554968624213e-26,5.898059818321144e-16,True,True,1.8928001527251936e-11,11,0,6.270539643082884e-12,True,"{""cl_i_mM"":25.756499421151013,""cl_l_mM"":142.10646779426742,""k_i_mM"":84.38242576790567,""k_l_mM"":10.41476862027376,""na_i_mM"":14.784863257359829,""na_l_mM"":139.79640633614463,""ph_i"":6.815290306889907,""ph_l"":7.120516228657136,""tic_i_mM"":5.057527506122942,""tic_l_mM"":8.871344273530058,""v_apical_mV"":-49.980913885566025,""v_basolateral_mV"":-69.68810519232933,""volume_i_pL"":1.3,""volume_l_pL"":0.10290766929005442}","[""cl_i_mM:outside_[47.1,53.1]"",""k_i_mM:outside_[100,160]""]",False,3.6859404417555197e-13,[],True,True
STRICT_NATIVE_S1_PHIGH_KLOW_AE4NA10_P1_H6.75:B00,STRICT_NATIVE_S1_PHIGH_KLOW_AE4NA10_P1_H6.75,STRICT_NATIVE,1.0,1.0,6.75,HW,DIAGNOSTIC_ONLY_HW_HYDRAULIC_TRANSFER,False,True,False,8.349007249441875e-11,3.211405100178588e-12,8.349007249441875e-15,2.5849394142282115e-26,3.0357660829594124e-16,True,True,5.033950686850197e-11,11,0,4.3383963088672317e-10,True,"{""cl_i_mM"":25.756105893995404,""cl_l_mM"":142.1030348784377,""k_i_mM"":84.38200956539677,""k_l_mM"":10.414763847369816,""na_i_mM"":14.784839449070942,""na_l_mM"":139.7928621385141,""ph_i"":6.815288512147196,""ph_l"":7.120511890481657,""tic_i_mM"":5.057502649148494,""tic_l_mM"":8.871225017938029,""v_apical_mV"":-49.98069962574604,""v_basolateral_mV"":-69.68792692068351,""volume_i_pL"":1.2999999999998215,""volume_l_pL"":0.10290782166213976}","[""cl_i_mM:outside_[47.1,53.1]"",""k_i_mM:outside_[100,160]""]",False,3.6770586575585185e-13,[],True,True
STRICT_NATIVE_S1_PHIGH_KLOW_AE4NA10_P1_H8:B00,STRICT_NATIVE_S1_PHIGH_KLOW_AE4NA10_P1_H8,STRICT_NATIVE,1.0,1.0,8.0,HW,DIAGNOSTIC_ONLY_HW_HYDRAULIC_TRANSFER,False,True,False,2.6193240285077302e-11,1.2095359436248287e-14,2.61932402850773e-15,2.1002632740604218e-26,2.0903417885520525e-16,True,True,2.6193240285077302e-11,11,0,0.0,True,"{""cl_i_mM"":25.755930196492933,""cl_l_mM"":142.10150221115606,""k_i_mM"":84.38182374249682,""k_l_mM"":10.414761715428329,""na_i_mM"":14.78482881881632,""na_l_mM"":139.79127978838312,""ph_i"":6.815287710693431,""ph_l"":7.12050995342715,""tic_i_mM"":5.057491551391118,""tic_l_mM"":8.871171774353773,""v_apical_mV"":-49.98060396640871,""v_basolateral_mV"":-69.6878473277185,""volume_i_pL"":1.2999999999999994,""volume_l_pL"":0.10290788969347973}","[""cl_i_mM:outside_[47.1,53.1]"",""k_i_mM:outside_[100,160]""]",False,3.6770586575585185e-13,[],True,True
STRICT_NATIVE_S1_PHIGH_KLOW_AE4NA10_P1_HWQ_H2.5:B00,STRICT_NATIVE_S1_PHIGH_KLOW_AE4NA10_P1_HWQ_H2.5,STRICT_NATIVE,1.0,1.0,2.5,HWQ,DIAGNOSTIC_ONLY_HWQ_HYDRAULIC_TRANSFER,False,True,False,1.3357370765021415e-11,2.381862068689955e-14,1.3357370765021415e-15,4.8467614016778965e-27,1.3444106938820255e-16,True,True,7.210594968332096e-11,11,0,2.1316282072803006e-14,True,"{""cl_i_mM"":25.758016844628354,""cl_l_mM"":142.11970568683392,""k_i_mM"":84.38403063730955,""k_l_mM"":10.414786997114916,""na_i_mM"":14.784955050560914,""na_l_mM"":139.81007336438347,""ph_i"":6.815297227527655,""ph_l"":7.120532957287645,""tic_i_mM"":5.057623350116936,""tic_l_mM"":8.871804126597922,""v_apical_mV"":-49.98174010623455,""v_basolateral_mV"":-69.68879261023575,""volume_i_pL"":1.3,""volume_l_pL"":0.10116283272166962}","[""cl_i_mM:outside_[47.1,53.1]"",""k_i_mM:outside_[100,160]""]",False,3.6859404417555197e-13,[],True,True
STRICT_NATIVE_S1_PHIGH_KLOW_AE4NA10_P1_HWQ_H3.5:B00,STRICT_NATIVE_S1_PHIGH_KLOW_AE4NA10_P1_HWQ_H3.5,STRICT_NATIVE,1.0,1.0,3.5,HWQ,DIAGNOSTIC_ONLY_HWQ_HYDRAULIC_TRANSFER,False,True,False,1.3182597374816751e-10,2.437199747573615e-14,1.3182597374816751e-14,1.1309109937248425e-26,1.1275702593849246e-16,True,True,2.0771145220477294e-11,11,0,7.105427357601002e-15,True,"{""cl_i_mM"":25.75714983612712,""cl_l_mM"":142.1121418289069,""k_i_mM"":84.38311366374471,""k_l_mM"":10.414776502490188,""na_i_mM"":14.78490260494463,""na_l_mM"":139.80226430454502,""ph_i"":6.815293273331064,""ph_l"":7.120523399011675,""tic_i_mM"":5.057568588406946,""tic_l_mM"":8.871541379170017,""v_apical_mV"":-49.981268021155664,""v_basolateral_mV"":-69.68839983936375,""volume_i_pL"":1.3,""volume_l_pL"":0.10083069070420146}","[""cl_i_mM:outside_[47.1,53.1]"",""k_i_mM:outside_[100,160]""]",False,3.6859404417555197e-13,[],True,True
STRICT_NATIVE_S1_PHIGH_KLOW_AE4NA10_P1_HWQ_H5:B00,STRICT_NATIVE_S1_PHIGH_KLOW_AE4NA10_P1_HWQ_H5,STRICT_NATIVE,1.0,1.0,5.0,HWQ,DIAGNOSTIC_ONLY_HWQ_HYDRAULIC_TRANSFER,False,True,False,1.775793054270558e-10,2.4428375988705398e-14,1.775793054270558e-14,3.715850407953054e-26,5.863365348801608e-16,True,True,1.0321604682062002e-11,11,0,6.185274514791672e-12,True,"{""cl_i_mM"":25.75649942116103,""cl_l_mM"":142.10646779423382,""k_i_mM"":84.38242576789524,""k_l_mM"":10.414768620278963,""na_i_mM"":14.784863257360014,""na_l_mM"":139.79640633619823,""ph_i"":6.815290306888233,""ph_l"":7.1205162286495325,""tic_i_mM"":5.057527506127301,""tic_l_mM"":8.871344273504882,""v_apical_mV"":-49.9809138855489,""v_basolateral_mV"":-69.68810519232727,""volume_i_pL"":1.3,""volume_l_pL"":0.10058153385801077}","[""cl_i_mM:outside_[47.1,53.1]"",""k_i_mM:outside_[100,160]""]",False,3.6859404417555197e-13,[],True,True
STRICT_NATIVE_S1_PHIGH_KLOW_AE4NA10_P1_HWQ_H6.75:B00,STRICT_NATIVE_S1_PHIGH_KLOW_AE4NA10_P1_HWQ_H6.75,STRICT_NATIVE,1.0,1.0,6.75,HWQ,DIAGNOSTIC_ONLY_HWQ_HYDRAULIC_TRANSFER,False,True,False,1.1411119445192686e-10,2.44656725434389e-14,1.1411119445192686e-14,2.7464981276174747e-26,4.848552115355176e-16,True,True,1.1411119445192686e-10,11,0,1.7763568394002505e-15,True,"{""cl_i_mM"":25.75610589423871,""cl_l_mM"":142.10303487845675,""k_i_mM"":84.38200956440262,""k_l_mM"":10.414763847346881,""na_i_mM"":14.7848394489333,""na_l_mM"":139.79286213848277,""ph_i"":6.815288512042324,""ph_l"":7.120511890334057,""tic_i_mM"":5.0575026493061435,""tic_l_mM"":8.871225017973153,""v_apical_mV"":-49.98069962548089,""v_basolateral_mV"":-69.68792692038457,""volume_i_pL"":1.3,""volume_l_pL"":0.10043078839438938}","[""cl_i_mM:outside_[47.1,53.1]"",""k_i_mM:outside_[100,160]""]",False,3.6770586575585185e-13,[],True,True
STRICT_NATIVE_S1_PHIGH_KLOW_AE4NA10_P1_HWQ_H8:B00,STRICT_NATIVE_S1_PHIGH_KLOW_AE4NA10_P1_HWQ_H8,STRICT_NATIVE,1.0,1.0,8.0,HWQ,DIAGNOSTIC_ONLY_HWQ_HYDRAULIC_TRANSFER,False,True,False,2.2464669013899652e-11,2.4262709896749612e-14,2.246466901389965e-15,9.693522803355793e-27,1.205632815803881e-16,True,True,6.6147174543340626e-12,11,0,6.366462912410498e-12,True,"{""cl_i_mM"":25.755930196504757,""cl_l_mM"":142.1015022111194,""k_i_mM"":84.38182374248173,""k_l_mM"":10.414761715433931,""na_i_mM"":14.784828818816028,""na_l_mM"":139.79127978844153,""ph_i"":6.815287710691215,""ph_l"":7.12050995341831,""tic_i_mM"":5.057491551396458,""tic_l_mM"":8.871171774326417,""v_apical_mV"":-49.980603966389054,""v_basolateral_mV"":-69.68784732771516,""volume_i_pL"":1.3,""volume_l_pL"":0.1003634862116849}","[""cl_i_mM:outside_[47.1,53.1]"",""k_i_mM:outside_[100,160]""]",False,3.6770586575585185e-13,[],True,True
STRICT_NATIVE_S1_PHIGH_KLOW_AE4NA10_P2_H1:B00,STRICT_NATIVE_S1_PHIGH_KLOW_AE4NA10_P2_H1,STRICT_NATIVE,1.0,2.0,1.0,H1,PRODUCTION_PRE_REVEAL,True,True,False,1.0720591081536668e-11,1.8041124150158794e-16,1.0720591081536668e-15,2.908056841006738e-26,2.0903417885520525e-16,True,True,1.0720591081536668e-11,11,0,1.4210854715202004e-14,True,"{""cl_i_mM"":25.154723288650423,""cl_l_mM"":142.48443887672624,""k_i_mM"":89.88254227156025,""k_l_mM"":10.49281250060862,""na_i_mM"":9.142878619017639,""na_l_mM"":139.78212195042804,""ph_i"":6.837310395149093,""ph_l"":7.1089347083158385,""tic_i_mM"":5.228492621044288,""tic_l_mM"":8.54763289768313,""v_apical_mV"":-50.920861218784374,""v_basolateral_mV"":-71.49765822052224,""volume_i_pL"":1.3,""volume_l_pL"":0.10308688571764756}","[""cl_i_mM:outside_[47.1,53.1]"",""na_i_mM:outside_[10,35]"",""k_i_mM:outside_[100,160]""]",False,1.4210854715202004e-14,[],True,True
STRICT_NATIVE_S1_PHIGH_KLOW_AE4NA10_P2_H2.5:B00,STRICT_NATIVE_S1_PHIGH_KLOW_AE4NA10_P2_H2.5,STRICT_NATIVE,1.0,2.0,2.5,HW,DIAGNOSTIC_ONLY_HW_HYDRAULIC_TRANSFER,False,True,False,2.4301307494090096e-11,2.201468174423127e-12,2.4301307494090096e-15,2.1002632740604218e-26,3.677613769070831e-16,True,True,2.4301307494090096e-11,11,0,1.4210854715202004e-14,True,"{""cl_i_mM"":25.14954721123148,""cl_l_mM"":142.4420836277056,""k_i_mM"":89.87685201252222,""k_l_mM"":10.492612811961743,""na_i_mM"":9.142713783313022,""na_l_mM"":139.73873446094802,""ph_i"":6.837284200001086,""ph_l"":7.108888787197871,""tic_i_mM"":5.22813594877429,""tic_l_mM"":8.546362472967736,""v_apical_mV"":-50.9186191955884,""v_basolateral_mV"":-71.49549081021628,""volume_i_pL"":1.2999999999998642,""volume_l_pL"":0.10308875387578456}","[""cl_i_mM:outside_[47.1,53.1]"",""na_i_mM:outside_[10,35]"",""k_i_mM:outside_[100,160]""]",False,1.4210854715202004e-14,[],True,True
STRICT_NATIVE_S1_PHIGH_KLOW_AE4NA10_P2_H3.5:B00,STRICT_NATIVE_S1_PHIGH_KLOW_AE4NA10_P2_H3.5,STRICT_NATIVE,1.0,2.0,3.5,HW,DIAGNOSTIC_ONLY_HW_HYDRAULIC_TRANSFER,False,True,False,2.7574513852823834e-11,5.412337245047638e-16,2.7574513852823834e-15,4.2005265481208437e-26,4.172009959724221e-16,True,True,2.7574513852823834e-11,11,0,0.0,True,"{""cl_i_mM"":25.148560448866068,""cl_l_mM"":142.4340101783934,""k_i_mM"":89.87576721998387,""k_l_mM"":10.492574696437758,""na_i_mM"":9.142682352471722,""na_l_mM"":139.7304642769302,""ph_i"":6.837279205547192,""ph_l"":7.108880032841557,""tic_i_mM"":5.22806794660691,""tic_l_mM"":8.546120282361093,""v_apical_mV"":-50.918191842195775,""v_basolateral_mV"":-71.49507762241666,""volume_i_pL"":1.3,""volume_l_pL"":0.10308911012576462}","[""cl_i_mM:outside_[47.1,53.1]"",""na_i_mM:outside_[10,35]"",""k_i_mM:outside_[100,160]""]",False,7.105427357601002e-15,[],True,True
STRICT_NATIVE_S1_PHIGH_KLOW_AE4NA10_P2_H5:B00,STRICT_NATIVE_S1_PHIGH_KLOW_AE4NA10_P2_H5,STRICT_NATIVE,1.0,2.0,5.0,HW,DIAGNOSTIC_ONLY_HW_HYDRAULIC_TRANSFER,False,True,False,2.6774372649529532e-11,2.3592239273284576e-16,2.6774372649529532e-15,1.2924697071141057e-26,1.8041124150158794e-16,True,True,2.6774372649529532e-11,11,0,7.105427357601002e-15,True,"{""cl_i_mM"":25.147820199691317,""cl_l_mM"":142.42795387542128,""k_i_mM"":89.87495342999868,""k_l_mM"":10.49254609307075,""na_i_mM"":9.142658772310128,""na_l_mM"":139.72426039831961,""ph_i"":6.837275458747078,""ph_l"":7.108873465597576,""tic_i_mM"":5.2280169312949205,""tic_l_mM"":8.545938596256962,""v_apical_mV"":-50.9178712639652,""v_basolateral_mV"":-71.49476765866027,""volume_i_pL"":1.3,""volume_l_pL"":0.10308937739956495}","[""cl_i_mM:outside_[47.1,53.1]"",""na_i_mM:outside_[10,35]"",""k_i_mM:outside_[100,160]""]",False,7.105427357601002e-15,[],True,True
STRICT_NATIVE_S1_PHIGH_KLOW_AE4NA10_P2_H6.75:B00,STRICT_NATIVE_S1_PHIGH_KLOW_AE4NA10_P2_H6.75,STRICT_NATIVE,1.0,2.0,6.75,HW,DIAGNOSTIC_ONLY_HW_HYDRAULIC_TRANSFER,False,True,False,4.780789479574832e-11,3.724374107727524e-12,4.780789479574832e-15,2.1002632740604218e-26,3.2699537522162814e-16,True,True,3.1232611982789926e-11,11,0,6.440039612698456e-10,True,"{""cl_i_mM"":25.14737232056854,""cl_l_mM"":142.42428967975795,""k_i_mM"":89.87446105692297,""k_l_mM"":10.49252878286335,""na_i_mM"":9.142644504880304,""na_l_mM"":139.72050691838314,""ph_i"":6.837273191862989,""ph_l"":7.108869492337466,""tic_i_mM"":5.227986064341282,""tic_l_mM"":8.545828669346934,""v_apical_mV"":-50.91767730786637,""v_basolateral_mV"":-71.49458011967302,""volume_i_pL"":1.29999999999977,""volume_l_pL"":0.10308953911966147}","[""cl_i_mM:outside_[47.1,53.1]"",""na_i_mM:outside_[10,35]"",""k_i_mM:outside_[100,160]""]",False,1.4210854715202004e-14,[],True,True
STRICT_NATIVE_S1_PHIGH_KLOW_AE4NA10_P2_H8:B00,STRICT_NATIVE_S1_PHIGH_KLOW_AE4NA10_P2_H8,STRICT_NATIVE,1.0,2.0,8.0,HW,DIAGNOSTIC_ONLY_HW_HYDRAULIC_TRANSFER,False,True,False,1.0195511969401938e-10,5.828670879282072e-16,1.0195511969401938e-14,2.908056841006738e-26,3.157196726277789e-16,True,True,1.0195511969401938e-10,11,0,2.1316282072803006e-14,True,"{""cl_i_mM"":25.147172356953668,""cl_l_mM"":142.42265375496484,""k_i_mM"":89.87424122577828,""k_l_mM"":10.492521053348344,""na_i_mM"":9.142638134707816,""na_l_mM"":139.7188311318232,""ph_i"":6.83727217958431,""ph_l"":7.108867718169931,""tic_i_mM"":5.227972283322976,""tic_l_mM"":8.545779590589412,""v_apical_mV"":-50.91759071347374,""v_basolateral_mV"":-71.49449638897192,""volume_i_pL"":1.3,""volume_l_pL"":0.10308961132485885}","[""cl_i_mM:outside_[47.1,53.1]"",""na_i_mM:outside_[10,35]"",""k_i_mM:outside_[100,160]""]",False,1.4210854715202004e-14,[],True,True
STRICT_NATIVE_S1_PHIGH_KLOW_AE4NA10_P2_HWQ_H2.5:B00,STRICT_NATIVE_S1_PHIGH_KLOW_AE4NA10_P2_HWQ_H2.5,STRICT_NATIVE,1.0,2.0,2.5,HWQ,DIAGNOSTIC_ONLY_HWQ_HYDRAULIC_TRANSFER,False,True,False,3.044006019470302e-11,4.718447854656915e-16,3.0440060194703022e-15,1.6155871338926322e-26,1.8908485888147197e-16,True,True,3.044006019470302e-11,11,0,2.1316282072803006e-14,True,"{""cl_i_mM"":25.14954721139873,""cl_l_mM"":142.44208362770766,""k_i_mM"":89.8768520117546,""k_l_mM"":10.492612811946763,""na_i_mM"":9.142713783284764,""na_l_mM"":139.73873446092938,""ph_i"":6.837284199928508,""ph_l"":7.108888787096026,""tic_i_mM"":5.228135948880512,""tic_l_mM"":8.546362472999228,""v_apical_mV"":-50.9186191953978,""v_basolateral_mV"":-71.4954908099965,""volume_i_pL"":1.3,""volume_l_pL"":0.10123550155031005}","[""cl_i_mM:outside_[47.1,53.1]"",""na_i_mM:outside_[10,35]"",""k_i_mM:outside_[100,160]""]",False,0.0,[],True,True
STRICT_NATIVE_S1_PHIGH_KLOW_AE4NA10_P2_HWQ_H3.5:B00,STRICT_NATIVE_S1_PHIGH_KLOW_AE4NA10_P2_HWQ_H3.5,STRICT_NATIVE,1.0,2.0,3.5,HWQ,DIAGNOSTIC_ONLY_HWQ_HYDRAULIC_TRANSFER,False,True,False,8.348031467486638e-11,2.5066754227864863e-16,8.348031467486638e-15,1.6155871338926322e-26,2.1423834928313568e-16,True,True,3.616898447411643e-11,11,0,7.105427357601002e-15,True,"{""cl_i_mM"":25.148560448876175,""cl_l_mM"":142.43401017836237,""k_i_mM"":89.87576721997331,""k_l_mM"":10.492574696442883,""na_i_mM"":9.142682352471871,""na_l_mM"":139.73046427697963,""ph_i"":6.837279205545511,""ph_l"":7.108880032833957,""tic_i_mM"":5.228067946611288,""tic_l_mM"":8.546120282337546,""v_apical_mV"":-50.91819184217894,""v_basolateral_mV"":-71.49507762241461,""volume_i_pL"":1.3,""volume_l_pL"":0.10088260289307548}","[""cl_i_mM:outside_[47.1,53.1]"",""na_i_mM:outside_[10,35]"",""k_i_mM:outside_[100,160]""]",False,7.105427357601002e-15,[],True,True
STRICT_NATIVE_S1_PHIGH_KLOW_AE4NA10_P2_HWQ_H5:B00,STRICT_NATIVE_S1_PHIGH_KLOW_AE4NA10_P2_HWQ_H5,STRICT_NATIVE,1.0,2.0,5.0,HWQ,DIAGNOSTIC_ONLY_HWQ_HYDRAULIC_TRANSFER,False,True,False,1.4495783046131194e-11,1.1796119636642288e-15,1.4495783046131194e-15,1.6155871338926322e-26,1.7520707107365752e-16,True,True,1.4495783046131194e-11,11,0,7.105427357601002e-15,True,"{""cl_i_mM"":25.147820199702686,""cl_l_mM"":142.42795387538663,""k_i_mM"":89.8749534299869,""k_l_mM"":10.492546093076498,""na_i_mM"":9.142658772310302,""na_l_mM"":139.72426039837512,""ph_i"":6.837275458745194,""ph_l"":7.108873465589,""tic_i_mM"":5.228016931299845,""tic_l_mM"":8.545938596230329,""v_apical_mV"":-50.9178712639463,""v_basolateral_mV"":-71.494767658658,""volume_i_pL"":1.3,""volume_l_pL"":0.1006178754799129}","[""cl_i_mM:outside_[47.1,53.1]"",""na_i_mM:outside_[10,35]"",""k_i_mM:outside_[100,160]""]",False,1.4210854715202004e-14,[],True,True
STRICT_NATIVE_S1_PHIGH_KLOW_AE4NA10_P2_HWQ_H6.75:B00,STRICT_NATIVE_S1_PHIGH_KLOW_AE4NA10_P2_HWQ_H6.75,STRICT_NATIVE,1.0,2.0,6.75,HWQ,DIAGNOSTIC_ONLY_HWQ_HYDRAULIC_TRANSFER,False,True,False,8.09584604216651e-11,1.0269562977782698e-15,8.09584604216651e-15,1.6155871338926322e-26,3.5041414214731503e-16,True,True,8.09584604216651e-11,11,0,1.7763568394002505e-15,True,"{""cl_i_mM"":25.147372320849367,""cl_l_mM"":142.4242896797686,""k_i_mM"":89.87446105562633,""k_l_mM"":10.492528782836882,""na_i_mM"":9.142644504832466,""na_l_mM"":139.72050691834076,""ph_i"":6.837273191740543,""ph_l"":7.108869492166695,""tic_i_mM"":5.227986064520087,""tic_l_mM"":8.545828669405013,""v_apical_mV"":-50.91767730754752,""v_basolateral_mV"":-71.49458011930157,""volume_i_pL"":1.3,""volume_l_pL"":0.10045770949920677}","[""cl_i_mM:outside_[47.1,53.1]"",""na_i_mM:outside_[10,35]"",""k_i_mM:outside_[100,160]""]",False,1.4210854715202004e-14,[],True,True
STRICT_NATIVE_S1_PHIGH_KLOW_AE4NA10_P2_HWQ_H8:B00,STRICT_NATIVE_S1_PHIGH_KLOW_AE4NA10_P2_HWQ_H8,STRICT_NATIVE,1.0,2.0,8.0,HWQ,DIAGNOSTIC_ONLY_HWQ_HYDRAULIC_TRANSFER,False,True,False,1.0195511969401938e-10,1.0269562977782698e-15,1.0195511969401938e-14,3.877409121342317e-26,6.366435156834882e-16,True,True,1.0195511969401938e-10,11,0,1.4210854715202004e-14,True,"{""cl_i_mM"":25.147172356966156,""cl_l_mM"":142.4226537549266,""k_i_mM"":89.87424122576516,""k_l_mM"":10.492521053354658,""na_i_mM"":9.142638134708,""na_l_mM"":139.71883113188406,""ph_i"":6.837272179582229,""ph_l"":7.108867718160562,""tic_i_mM"":5.227972283328376,""tic_l_mM"":8.545779590560441,""v_apical_mV"":-50.91759071345296,""v_basolateral_mV"":-71.49449638896935,""volume_i_pL"":1.3,""volume_l_pL"":0.10038620141560729}","[""cl_i_mM:outside_[47.1,53.1]"",""na_i_mM:outside_[10,35]"",""k_i_mM:outside_[100,160]""]",False,2.842170943040401e-14,[],True,True
STRICT_NATIVE_S1_PHIGH_KLOW_AE4NA20_P1_H1:B00,STRICT_NATIVE_S1_PHIGH_KLOW_AE4NA20_P1_H1,STRICT_NATIVE,1.0,1.0,1.0,H1,PRODUCTION_PRE_REVEAL,True,True,False,3.331753276047955e-12,6.106226635438361e-16,3.331753276047955e-16,2.4233807008389483e-26,4.154662724964453e-16,True,True,3.331753276047955e-12,11,0,7.105427357601002e-15,True,"{""cl_i_mM"":24.883759820815833,""cl_l_mM"":141.90531891259675,""k_i_mM"":80.17890107026264,""k_l_mM"":9.550992237198612,""na_i_mM"":20.1418974915721,""na_l_mM"":140.70807866503228,""ph_i"":6.897679765575938,""ph_l"":7.126987055190846,""tic_i_mM"":6.030596685951023,""tic_l_mM"":9.132078066551058,""v_apical_mV"":-50.74450880786011,""v_basolateral_mV"":-69.5073114335536,""volume_i_pL"":1.3,""volume_l_pL"":0.10286317415519558}","[""cl_i_mM:outside_[47.1,53.1]"",""k_i_mM:outside_[100,160]""]",False,1.4210854715202004e-14,[],True,True
STRICT_NATIVE_S1_PHIGH_KLOW_AE4NA20_P1_H2.5:B00,STRICT_NATIVE_S1_PHIGH_KLOW_AE4NA20_P1_H2.5,STRICT_NATIVE,1.0,1.0,2.5,HW,DIAGNOSTIC_ONLY_HW_HYDRAULIC_TRANSFER,False,True,False,3.2677853478713104e-12,8.049116928532385e-16,3.2677853478713104e-16,5.492996255234949e-26,7.494005416219807e-16,True,True,3.2677853478713104e-12,11,0,7.460698725481052e-14,True,"{""cl_i_mM"":24.879662103743236,""cl_l_mM"":141.86635497456172,""k_i_mM"":80.17496925436369,""k_l_mM"":9.551094113167686,""na_i_mM"":20.141183907399938,""na_l_mM"":140.66754969847315,""ph_i"":6.897661639139503,""ph_l"":7.126933063933161,""tic_i_mM"":6.030271924668868,""tic_l_mM"":9.130576887551802,""v_apical_mV"":-50.74187227366237,""v_basolateral_mV"":-69.50535087930703,""volume_i_pL"":1.3,""volume_l_pL"":0.10286491694926417}","[""cl_i_mM:outside_[47.1,53.1]"",""k_i_mM:outside_[100,160]""]",False,1.4210854715202004e-14,[],True,True
STRICT_NATIVE_S1_PHIGH_KLOW_AE4NA20_P1_H3.5:B00,STRICT_NATIVE_S1_PHIGH_KLOW_AE4NA20_P1_H3.5,STRICT_NATIVE,1.0,1.0,3.5,HW,DIAGNOSTIC_ONLY_HW_HYDRAULIC_TRANSFER,False,True,False,5.132613084546378e-12,3.148523108897905e-16,5.132613084546378e-16,1.6155871338926322e-26,1.8301332671555315e-16,True,True,5.132613084546378e-12,11,0,2.842170943040401e-14,True,"{""cl_i_mM"":24.87888089461044,""cl_l_mM"":141.8589279159017,""k_i_mM"":80.17421970129946,""k_l_mM"":9.55111349608383,""na_i_mM"":20.141047831316204,""na_l_mM"":140.65982433895275,""ph_i"":6.897658183190063,""ph_l"":7.126922771441115,""tic_i_mM"":6.0302100060125605,""tic_l_mM"":9.130290718601593,""v_apical_mV"":-50.741369709107424,""v_basolateral_mV"":-69.50497713259735,""volume_i_pL"":1.3,""volume_l_pL"":0.1028652492862224}","[""cl_i_mM:outside_[47.1,53.1]"",""k_i_mM:outside_[100,160]""]",False,1.4210854715202004e-14,[],True,True
STRICT_NATIVE_S1_PHIGH_KLOW_AE4NA20_P1_H5:B00,STRICT_NATIVE_S1_PHIGH_KLOW_AE4NA20_P1_H5,STRICT_NATIVE,1.0,1.0,5.0,HW,DIAGNOSTIC_ONLY_HW_HYDRAULIC_TRANSFER,False,True,False,3.3367406060413884e-11,1.942890293094024e-16,3.3367406060413884e-15,4.52364397489937e-26,4.553649124439119e-16,True,True,3.3367406060413884e-11,11,0,7.105427357601002e-15,True,"{""cl_i_mM"":24.878294842326575,""cl_l_mM"":141.8533564956839,""k_i_mM"":80.17365740281397,""k_l_mM"":9.551128028632531,""na_i_mM"":20.140945741593246,""na_l_mM"":140.65402915100083,""ph_i"":6.897655590535057,""ph_l"":7.126915050296719,""tic_i_mM"":6.030163554535973,""tic_l_mM"":9.13007604350573,""v_apical_mV"":-50.74099270840762,""v_basolateral_mV"":-69.50469675784038,""volume_i_pL"":1.3,""volume_l_pL"":0.10286549861806153}","[""cl_i_mM:outside_[47.1,53.1]"",""k_i_mM:outside_[100,160]""]",False,1.4210854715202004e-14,[],True,True
STRICT_NATIVE_S1_PHIGH_KLOW_AE4NA20_P1_H6.75:B00,STRICT_NATIVE_S1_PHIGH_KLOW_AE4NA20_P1_H6.75,STRICT_NATIVE,1.0,1.0,6.75,HW,DIAGNOSTIC_ONLY_HW_HYDRAULIC_TRANSFER,False,True,False,1.8931362553986641e-10,4.2275384581902387e-13,1.893136255398664e-14,3.2311742677852644e-26,6.29704621779581e-16,True,True,2.4864008421610073e-11,11,0,2.2897239659869228e-10,True,"{""cl_i_mM"":24.87794025630121,""cl_l_mM"":141.84998566155534,""k_i_mM"":80.17331719140205,""k_l_mM"":9.551136817998856,""na_i_mM"":20.140883970052936,""na_l_mM"":140.6505229337075,""ph_i"":6.897654021863443,""ph_l"":7.126910378759875,""tic_i_mM"":6.030135449043717,""tic_l_mM"":9.129946158177553,""v_apical_mV"":-50.740764614117225,""v_basolateral_mV"":-69.50452712151245,""volume_i_pL"":1.2999999999999732,""volume_l_pL"":0.10286564948137208}","[""cl_i_mM:outside_[47.1,53.1]"",""k_i_mM:outside_[100,160]""]",False,1.4210854715202004e-14,[],True,True
STRICT_NATIVE_S1_PHIGH_KLOW_AE4NA20_P1_H8:B00,STRICT_NATIVE_S1_PHIGH_KLOW_AE4NA20_P1_H8,STRICT_NATIVE,1.0,1.0,8.0,HW,DIAGNOSTIC_ONLY_HW_HYDRAULIC_TRANSFER,False,True,False,2.345595506020315e-10,4.0505793164058446e-16,2.345595506020315e-14,2.4233807008389483e-26,2.8189256484623115e-16,True,True,2.1418630757885637e-10,11,0,2.5224267119483557e-13,True,"{""cl_i_mM"":24.877781944271412,""cl_l_mM"":141.84848071077278,""k_i_mM"":80.17316529759688,""k_l_mM"":9.551140741348352,""na_i_mM"":20.140856390109565,""na_l_mM"":140.64895753971678,""ph_i"":6.897653321474489,""ph_l"":7.126908293046551,""tic_i_mM"":6.030122900711554,""tic_l_mM"":9.12988816876204,""v_apical_mV"":-50.740662778432316,""v_basolateral_mV"":-69.5044513843979,""volume_i_pL"":1.3,""volume_l_pL"":0.10286571683908187}","[""cl_i_mM:outside_[47.1,53.1]"",""k_i_mM:outside_[100,160]""]",False,1.4210854715202004e-14,[],True,True
STRICT_NATIVE_S1_PHIGH_KLOW_AE4NA20_P1_HWQ_H2.5:B00,STRICT_NATIVE_S1_PHIGH_KLOW_AE4NA20_P1_HWQ_H2.5,STRICT_NATIVE,1.0,1.0,2.5,HWQ,DIAGNOSTIC_ONLY_HWQ_HYDRAULIC_TRANSFER,False,True,False,3.2677853478713104e-12,1.3034712198489729e-14,3.2677853478713104e-16,2.908056841006738e-26,1.5612511283791264e-16,True,True,9.407622250656722e-12,11,0,7.151612635425408e-12,True,"{""cl_i_mM"":24.87966210374938,""cl_l_mM"":141.86635497453696,""k_i_mM"":80.17496925435907,""k_l_mM"":9.551094113171194,""na_i_mM"":20.1411839074016,""na_l_mM"":140.66754969851368,""ph_i"":6.89766163913872,""ph_l"":7.126933063928241,""tic_i_mM"":6.03027192467159,""tic_l_mM"":9.130576887532545,""v_apical_mV"":-50.74187227365085,""v_basolateral_mV"":-69.50535087930646,""volume_i_pL"":1.299999999999998,""volume_l_pL"":0.10114596677970551}","[""cl_i_mM:outside_[47.1,53.1]"",""k_i_mM:outside_[100,160]""]",False,1.4210854715202004e-14,[],True,True
STRICT_NATIVE_S1_PHIGH_KLOW_AE4NA20_P1_HWQ_H3.5:B00,STRICT_NATIVE_S1_PHIGH_KLOW_AE4NA20_P1_HWQ_H3.5,STRICT_NATIVE,1.0,1.0,3.5,HWQ,DIAGNOSTIC_ONLY_HWQ_HYDRAULIC_TRANSFER,False,True,False,5.132613084546378e-12,3.391384395534658e-16,5.132613084546378e-16,1.1309109937248425e-26,1.5178830414797062e-16,True,True,5.132613084546378e-12,11,0,8.881784197001252e-14,True,"{""cl_i_mM"":24.87888089461887,""cl_l_mM"":141.85892791587253,""k_i_mM"":80.17421970128967,""k_l_mM"":9.55111349608788,""na_i_mM"":20.14104783131688,""na_l_mM"":140.65982433900072,""ph_i"":6.897658183188643,""ph_l"":7.126922771434556,""tic_i_mM"":6.030210006016533,""tic_l_mM"":9.130290718578758,""v_apical_mV"":-50.741369709092496,""v_basolateral_mV"":-69.50497713259533,""volume_i_pL"":1.3,""volume_l_pL"":0.10081864265320625}","[""cl_i_mM:outside_[47.1,53.1]"",""k_i_mM:outside_[100,160]""]",False,7.105427357601002e-15,[],True,True
STRICT_NATIVE_S1_PHIGH_KLOW_AE4NA20_P1_HWQ_H5:B00,STRICT_NATIVE_S1_PHIGH_KLOW_AE4NA20_P1_HWQ_H5,STRICT_NATIVE,1.0,1.0,5.0,HWQ,DIAGNOSTIC_ONLY_HWQ_HYDRAULIC_TRANSFER,False,True,False,3.3367406060413884e-11,9.298117831235686e-16,3.3367406060413884e-15,5.654554968624213e-26,8.196568423990414e-16,True,True,3.3367406060413884e-11,11,0,7.105427357601002e-15,True,"{""cl_i_mM"":24.878294842335997,""cl_l_mM"":141.853356495651,""k_i_mM"":80.17365740280289,""k_l_mM"":9.551128028637077,""na_i_mM"":20.14094574159399,""na_l_mM"":140.6540291510547,""ph_i"":6.897655590533456,""ph_l"":7.1269150502893766,""tic_i_mM"":6.030163554540432,""tic_l_mM"":9.130076043480226,""v_apical_mV"":-50.740992708390834,""v_basolateral_mV"":-69.50469675783809,""volume_i_pL"":1.3,""volume_l_pL"":0.10057309972361218}","[""cl_i_mM:outside_[47.1,53.1]"",""k_i_mM:outside_[100,160]""]",False,1.4210854715202004e-14,[],True,True
STRICT_NATIVE_S1_PHIGH_KLOW_AE4NA20_P1_HWQ_H6.75:B00,STRICT_NATIVE_S1_PHIGH_KLOW_AE4NA20_P1_HWQ_H6.75,STRICT_NATIVE,1.0,1.0,6.75,HWQ,DIAGNOSTIC_ONLY_HWQ_HYDRAULIC_TRANSFER,False,True,False,1.8931362553986641e-10,1.0408340855860843e-15,1.893136255398664e-14,2.1002632740604218e-26,2.8189256484623115e-16,True,True,1.8931362553986641e-10,11,0,7.105427357601002e-15,True,"{""cl_i_mM"":24.877940256340302,""cl_l_mM"":141.84998566152916,""k_i_mM"":80.17331719127807,""k_l_mM"":9.551136818000673,""na_i_mM"":20.14088397001728,""na_l_mM"":140.65052293375277,""ph_i"":6.897654021848666,""ph_l"":7.12691037873412,""tic_i_mM"":6.0301354490677435,""tic_l_mM"":9.129946158156658,""v_apical_mV"":-50.74076461406826,""v_basolateral_mV"":-69.5045271214743,""volume_i_pL"":1.3,""volume_l_pL"":0.10042454066390673}","[""cl_i_mM:outside_[47.1,53.1]"",""k_i_mM:outside_[100,160]""]",False,0.0,[],True,True
STRICT_NATIVE_S1_PHIGH_KLOW_AE4NA20_P1_HWQ_H8:B00,STRICT_NATIVE_S1_PHIGH_KLOW_AE4NA20_P1_HWQ_H8,STRICT_NATIVE,1.0,1.0,8.0,HWQ,DIAGNOSTIC_ONLY_HWQ_HYDRAULIC_TRANSFER,False,True,False,2.738499531307337e-10,6.661338147750939e-16,2.7384995313073368e-14,2.261821987449685e-26,3.452099717193846e-16,True,True,2.3383096674212123e-10,11,0,9.592326932761353e-14,True,"{""cl_i_mM"":24.877781944281757,""cl_l_mM"":141.8484807107369,""k_i_mM"":80.17316529758469,""k_l_mM"":9.551140741353331,""na_i_mM"":20.140856390110347,""na_l_mM"":140.6489575397758,""ph_i"":6.897653321472727,""ph_l"":7.126908293038455,""tic_i_mM"":6.0301229007164645,""tic_l_mM"":9.12988816873393,""v_apical_mV"":-50.740662778413956,""v_basolateral_mV"":-69.50445138439537,""volume_i_pL"":1.3,""volume_l_pL"":0.10035821460488516}","[""cl_i_mM:outside_[47.1,53.1]"",""k_i_mM:outside_[100,160]""]",False,1.4210854715202004e-14,[],True,True
STRICT_NATIVE_S1_PHIGH_KLOW_AE4NA20_P2_H1:B00,STRICT_NATIVE_S1_PHIGH_KLOW_AE4NA20_P2_H1,STRICT_NATIVE,1.0,2.0,1.0,H1,PRODUCTION_PRE_REVEAL,True,True,False,1.1732151708465643e-11,3.0270924655795284e-16,1.1732151708465643e-15,1.6155871338926322e-26,1.6393136847980827e-16,True,True,1.1732151708465643e-11,11,0,3.552713678800501e-15,True,"{""cl_i_mM"":23.596460605327856,""cl_l_mM"":142.41563458098585,""k_i_mM"":89.47035082165694,""k_l_mM"":9.616156094590833,""na_i_mM"":10.425029412342756,""na_l_mM"":140.6584097806981,""ph_i"":6.9352036633068455,""ph_l"":7.110685404820777,""tic_i_mM"":6.3834082541610115,""tic_l_mM"":8.619601630940817,""v_apical_mV"":-52.62722006588356,""v_basolateral_mV"":-72.70885215710226,""volume_i_pL"":1.3,""volume_l_pL"":0.10314623722494962}","[""cl_i_mM:outside_[47.1,53.1]"",""k_i_mM:outside_[100,160]""]",False,1.4210854715202004e-14,[],True,True
STRICT_NATIVE_S1_PHIGH_KLOW_AE4NA20_P2_H2.5:B00,STRICT_NATIVE_S1_PHIGH_KLOW_AE4NA20_P2_H2.5,STRICT_NATIVE,1.0,2.0,2.5,HW,DIAGNOSTIC_ONLY_HW_HYDRAULIC_TRANSFER,False,True,False,7.415292338497359e-11,2.498001805406602e-16,7.415292338497359e-15,1.6155871338926322e-26,9.020562075079397e-17,True,True,5.172728564928342e-12,11,0,7.105427357601002e-15,True,"{""cl_i_mM"":23.591590613914654,""cl_l_mM"":142.37250432802057,""k_i_mM"":89.4649739031426,""k_l_mM"":9.61608265708744,""na_i_mM"":10.424748176825066,""na_l_mM"":140.61405842050831,""ph_i"":6.935177303626334,""ph_l"":7.110637389818537,""tic_i_mM"":6.382953849153209,""tic_l_mM"":8.618267128137981,""v_apical_mV"":-52.62484787393526,""v_basolateral_mV"":-72.7066542749219,""volume_i_pL"":1.3,""volume_l_pL"":0.10314814866042077}","[""cl_i_mM:outside_[47.1,53.1]"",""k_i_mM:outside_[100,160]""]",False,7.105427357601002e-15,[],True,True
STRICT_NATIVE_S1_PHIGH_KLOW_AE4NA20_P2_H3.5:B00,STRICT_NATIVE_S1_PHIGH_KLOW_AE4NA20_P2_H3.5,STRICT_NATIVE,1.0,2.0,3.5,HW,DIAGNOSTIC_ONLY_HW_HYDRAULIC_TRANSFER,False,True,False,3.9420506789400456e-11,6.93730663192671e-13,3.9420506789400456e-15,5.331437541845686e-26,5.672545766444159e-16,True,True,3.030778752965979e-11,11,0,3.197442310920451e-14,True,"{""cl_i_mM"":23.590662197096464,""cl_l_mM"":142.36428313040184,""k_i_mM"":89.46394884031785,""k_l_mM"":9.616068614239241,""na_i_mM"":10.424694553196467,""na_l_mM"":140.6056044789286,""ph_i"":6.935172277893004,""ph_l"":7.110628236403127,""tic_i_mM"":6.382867213138037,""tic_l_mM"":8.618012721797701,""v_apical_mV"":-52.6243957028633,""v_basolateral_mV"":-72.70623527529702,""volume_i_pL"":1.2999999999998975,""volume_l_pL"":0.10314851316671311}","[""cl_i_mM:outside_[47.1,53.1]"",""k_i_mM:outside_[100,160]""]",False,1.4210854715202004e-14,[],True,True
STRICT_NATIVE_S1_PHIGH_KLOW_AE4NA20_P2_H5:B00,STRICT_NATIVE_S1_PHIGH_KLOW_AE4NA20_P2_H5,STRICT_NATIVE,1.0,2.0,5.0,HW,DIAGNOSTIC_ONLY_HW_HYDRAULIC_TRANSFER,False,True,False,4.530447197947929e-11,1.9961549774238918e-13,4.530447197947929e-15,1.9387045606711586e-26,2.38524477946811e-16,True,True,4.530447197947929e-11,11,0,0.0,True,"{""cl_i_mM"":23.589965716455247,""cl_l_mM"":142.3581159892036,""k_i_mM"":89.4631798560755,""k_l_mM"":9.616058070573684,""na_i_mM"":10.424654323896982,""na_l_mM"":140.59926274773687,""ph_i"":6.9351685075379415,""ph_l"":7.1106213696734635,""tic_i_mM"":6.382802218789078,""tic_l_mM"":8.617821871790682,""v_apical_mV"":-52.62405650613118,""v_basolateral_mV"":-72.70592095072145,""volume_i_pL"":1.2999999999999707,""volume_l_pL"":0.1031487866354712}","[""cl_i_mM:outside_[47.1,53.1]"",""k_i_mM:outside_[100,160]""]",False,1.4210854715202004e-14,[],True,True
STRICT_NATIVE_S1_PHIGH_KLOW_AE4NA20_P2_H6.75:B00,STRICT_NATIVE_S1_PHIGH_KLOW_AE4NA20_P2_H6.75,STRICT_NATIVE,1.0,2.0,6.75,HW,DIAGNOSTIC_ONLY_HW_HYDRAULIC_TRANSFER,False,True,False,2.6322260343603077e-11,3.273423199168235e-15,2.6322260343603077e-15,3.2311742677852644e-26,5.0133508455729725e-16,True,True,2.6322260343603077e-11,11,0,1.4210854715202004e-14,True,"{""cl_i_mM"":23.589544318678065,""cl_l_mM"":142.35438473204968,""k_i_mM"":89.46271459036906,""k_l_mM"":9.616051687511098,""na_i_mM"":10.4246299828432,""na_l_mM"":140.59542586110433,""ph_i"":6.935166226283358,""ph_l"":7.110617215053761,""tic_i_mM"":6.382762893979611,""tic_l_mM"":8.617706400467048,""v_apical_mV"":-52.62385128460565,""v_basolateral_mV"":-72.70573077264955,""volume_i_pL"":1.2999999999999998,""volume_l_pL"":0.10314895210425862}","[""cl_i_mM:outside_[47.1,53.1]"",""k_i_mM:outside_[100,160]""]",False,7.105427357601002e-15,[],True,True
STRICT_NATIVE_S1_PHIGH_KLOW_AE4NA20_P2_H8:B00,STRICT_NATIVE_S1_PHIGH_KLOW_AE4NA20_P2_H8,STRICT_NATIVE,1.0,2.0,8.0,HW,DIAGNOSTIC_ONLY_HW_HYDRAULIC_TRANSFER,False,True,False,2.574004377697836e-11,6.088879400678593e-16,2.574004377697836e-15,2.4233807008389483e-26,1.4051260155412137e-16,True,True,2.574004377697836e-11,11,0,1.4210854715202004e-14,True,"{""cl_i_mM"":23.58935617762888,""cl_l_mM"":142.35271886628226,""k_i_mM"":89.46250686356674,""k_l_mM"":9.61604883676236,""na_i_mM"":10.424619115131057,""na_l_mM"":140.59371283608084,""ph_i"":6.935165207765121,""ph_l"":7.11061536015151,""tic_i_mM"":6.382745336495887,""tic_l_mM"":8.617654846177707,""v_apical_mV"":-52.62375966093415,""v_basolateral_mV"":-72.70564586415767,""volume_i_pL"":1.3,""volume_l_pL"":0.10314902598327848}","[""cl_i_mM:outside_[47.1,53.1]"",""k_i_mM:outside_[100,160]""]",False,2.842170943040401e-14,[],True,True
STRICT_NATIVE_S1_PHIGH_KLOW_AE4NA20_P2_HWQ_H2.5:B00,STRICT_NATIVE_S1_PHIGH_KLOW_AE4NA20_P2_HWQ_H2.5,STRICT_NATIVE,1.0,2.0,2.5,HWQ,DIAGNOSTIC_ONLY_HWQ_HYDRAULIC_TRANSFER,False,True,False,8.449729631265779e-11,4.3021142204224816e-16,8.449729631265779e-15,3.877409121342317e-26,2.0990154059319366e-16,True,True,4.817110252353096e-12,11,0,1.6697754290362354e-13,True,"{""cl_i_mM"":23.591590613922953,""cl_l_mM"":142.37250432799456,""k_i_mM"":89.46497390313269,""k_l_mM"":9.61608265709139,""na_i_mM"":10.424748176825334,""na_l_mM"":140.6140584205509,""ph_i"":6.93517730362489,""ph_l"":7.110637389811974,""tic_i_mM"":6.382953849157228,""tic_l_mM"":8.618267128117466,""v_apical_mV"":-52.62484787392074,""v_basolateral_mV"":-72.70665427492,""volume_i_pL"":1.3,""volume_l_pL"":0.10125925946416815}","[""cl_i_mM:outside_[47.1,53.1]"",""k_i_mM:outside_[100,160]""]",False,1.4210854715202004e-14,[],True,True
STRICT_NATIVE_S1_PHIGH_KLOW_AE4NA20_P2_HWQ_H3.5:B00,STRICT_NATIVE_S1_PHIGH_KLOW_AE4NA20_P2_HWQ_H3.5,STRICT_NATIVE,1.0,2.0,3.5,HWQ,DIAGNOSTIC_ONLY_HWQ_HYDRAULIC_TRANSFER,False,True,False,3.7681446504733707e-11,2.31715688303602e-14,3.768144650473371e-15,4.362085261510107e-26,6.843484112728504e-16,True,True,3.7681446504733707e-11,11,0,3.552713678800501e-15,True,"{""cl_i_mM"":23.59066219715222,""cl_l_mM"":142.36428313037695,""k_i_mM"":89.46394884006739,""k_l_mM"":9.616068614238385,""na_i_mM"":10.424694553185445,""na_l_mM"":140.60560447896134,""ph_i"":6.935172277870011,""ph_l"":7.110628236367105,""tic_i_mM"":6.382867213171995,""tic_l_mM"":8.618012721790471,""v_apical_mV"":-52.62439570279085,""v_basolateral_mV"":-72.70623527522511,""volume_i_pL"":1.2999999999999963,""volume_l_pL"":0.10089957519048846}","[""cl_i_mM:outside_[47.1,53.1]"",""k_i_mM:outside_[100,160]""]",False,1.4210854715202004e-14,[],True,True
STRICT_NATIVE_S1_PHIGH_KLOW_AE4NA20_P2_HWQ_H5:B00,STRICT_NATIVE_S1_PHIGH_KLOW_AE4NA20_P2_HWQ_H5,STRICT_NATIVE,1.0,2.0,5.0,HWQ,DIAGNOSTIC_ONLY_HWQ_HYDRAULIC_TRANSFER,False,True,False,3.3026966578253436e-11,1.4710455076283324e-15,3.3026966578253436e-15,3.3927329811745276e-26,5.091413401991929e-16,True,True,4.530447197947929e-11,11,0,7.105427357601002e-15,True,"{""cl_i_mM"":23.589965716479917,""cl_l_mM"":142.3581159891704,""k_i_mM"":89.46317985599148,""k_l_mM"":9.616058070577346,""na_i_mM"":10.424654323893993,""na_l_mM"":140.59926274778869,""ph_i"":6.935168507529706,""ph_l"":7.110621369656348,""tic_i_mM"":6.382802218803073,""tic_l_mM"":8.617821871768426,""v_apical_mV"":-52.62405650609538,""v_basolateral_mV"":-72.70592095069827,""volume_i_pL"":1.3,""volume_l_pL"":0.10062975732709396}","[""cl_i_mM:outside_[47.1,53.1]"",""k_i_mM:outside_[100,160]""]",False,1.4210854715202004e-14,[],True,True
STRICT_NATIVE_S1_PHIGH_KLOW_AE4NA20_P2_HWQ_H6.75:B00,STRICT_NATIVE_S1_PHIGH_KLOW_AE4NA20_P2_HWQ_H6.75,STRICT_NATIVE,1.0,2.0,6.75,HWQ,DIAGNOSTIC_ONLY_HWQ_HYDRAULIC_TRANSFER,False,True,False,2.6322260343603077e-11,1.3600232051658168e-15,2.6322260343603077e-15,8.077935669463161e-27,1.231653667943533e-16,True,True,2.6322260343603077e-11,11,0,7.744915819785092e-13,True,"{""cl_i_mM"":23.58954431869013,""cl_l_mM"":142.3543847320127,""k_i_mM"":89.46271459035415,""k_l_mM"":9.61605168751673,""na_i_mM"":10.424629982843552,""na_l_mM"":140.59542586116518,""ph_i"":6.935166226281221,""ph_l"":7.110617215044231,""tic_i_mM"":6.382762893985478,""tic_l_mM"":8.61770640043755,""v_apical_mV"":-52.62385128458469,""v_basolateral_mV"":-72.70573077264663,""volume_i_pL"":1.2999999999999998,""volume_l_pL"":0.10046651142285304}","[""cl_i_mM:outside_[47.1,53.1]"",""k_i_mM:outside_[100,160]""]",False,7.105427357601002e-15,[],True,True
STRICT_NATIVE_S1_PHIGH_KLOW_AE4NA20_P2_HWQ_H8:B00,STRICT_NATIVE_S1_PHIGH_KLOW_AE4NA20_P2_HWQ_H8,STRICT_NATIVE,1.0,2.0,8.0,HWQ,DIAGNOSTIC_ONLY_HWQ_HYDRAULIC_TRANSFER,False,True,False,4.5384702940243216e-11,1.7208456881689926e-15,4.5384702940243216e-15,1.454028420503369e-26,1.2576745200831851e-16,True,True,2.574004377697836e-11,11,0,1.509903313490213e-14,True,"{""cl_i_mM"":23.589356177641157,""cl_l_mM"":142.35271886624415,""k_i_mM"":89.46250686355202,""k_l_mM"":9.616048836768158,""na_i_mM"":10.424619115131446,""na_l_mM"":140.59371283614345,""ph_i"":6.9351652077629815,""ph_l"":7.110615360141797,""tic_i_mM"":6.382745336501833,""tic_l_mM"":8.61765484614738,""v_apical_mV"":-52.623759660912725,""v_basolateral_mV"":-72.70564586415486,""volume_i_pL"":1.3,""volume_l_pL"":0.10039362824790975}","[""cl_i_mM:outside_[47.1,53.1]"",""k_i_mM:outside_[100,160]""]",False,1.4210854715202004e-14,[],True,True
STRICT_NATIVE_S1_PLOW_KHIGH_AE4NA05_P0.5_H1:B00,STRICT_NATIVE_S1_PLOW_KHIGH_AE4NA05_P0.5_H1,STRICT_NATIVE,1.0,0.5,1.0,H1,PRODUCTION_PRE_REVEAL,True,True,False,1.7076184216646695e-11,1.89457824428807e-14,1.7076184216646695e-15,8.077935669463161e-27,1.1015494072452725e-16,True,True,1.7109252382907503e-11,11,0,9.821476965043985e-12,True,"{""cl_i_mM"":29.246421850954924,""cl_l_mM"":141.17449976598135,""k_i_mM"":72.42852935000161,""k_l_mM"":12.03695572952227,""na_i_mM"":29.03268789046758,""na_l_mM"":138.20442534626872,""ph_i"":6.756506784226355,""ph_l"":7.155755808168861,""tic_i_mM"":4.6137929026932145,""tic_l_mM"":9.856611482469347,""v_apical_mV"":-45.732014732625984,""v_basolateral_mV"":-63.30089488813963,""volume_i_pL"":1.2999999999999992,""volume_l_pL"":0.10235421285031486}","[""cl_i_mM:outside_[47.1,53.1]"",""ph_i:outside_[6.77,7.05]"",""k_i_mM:outside_[100,160]""]",False,1.4210854715202004e-14,[],True,True
STRICT_NATIVE_S1_PLOW_KHIGH_AE4NA05_P0.5_H2.5:B00,STRICT_NATIVE_S1_PLOW_KHIGH_AE4NA05_P0.5_H2.5,STRICT_NATIVE,1.0,0.5,2.5,HW,DIAGNOSTIC_ONLY_HW_HYDRAULIC_TRANSFER,False,True,False,1.1084340910405555e-11,2.637872559274612e-13,1.1084340910405555e-15,2.261821987449685e-26,2.3418766925686896e-16,True,True,1.1084340910405555e-11,11,0,2.1316282072803006e-14,True,"{""cl_i_mM"":29.243253251422168,""cl_l_mM"":141.14260298625106,""k_i_mM"":72.42354481817777,""k_l_mM"":12.03716300471893,""na_i_mM"":29.034294503269976,""na_l_mM"":138.17097456579188,""ph_i"":6.756498739229959,""ph_l"":7.155707157627774,""tic_i_mM"":4.613673641711867,""tic_l_mM"":9.855237519427934,""v_apical_mV"":-45.72913619338495,""v_basolateral_mV"":-63.298477437463596,""volume_i_pL"":1.2999999999999896,""volume_l_pL"":0.1023555642622511}","[""cl_i_mM:outside_[47.1,53.1]"",""ph_i:outside_[6.77,7.05]"",""k_i_mM:outside_[100,160]""]",False,0.0,[],True,True
STRICT_NATIVE_S1_PLOW_KHIGH_AE4NA05_P0.5_H3.5:B00,STRICT_NATIVE_S1_PLOW_KHIGH_AE4NA05_P0.5_H3.5,STRICT_NATIVE,1.0,0.5,3.5,HW,DIAGNOSTIC_ONLY_HW_HYDRAULIC_TRANSFER,False,True,False,1.8224354317308844e-11,1.8041124150158794e-16,1.8224354317308844e-15,1.2924697071141057e-26,1.5092094240998222e-16,True,True,1.8224354317308844e-11,11,0,1.4210854715202004e-14,True,"{""cl_i_mM"":29.2426492184834,""cl_l_mM"":141.13652327711299,""k_i_mM"":72.42259460894248,""k_l_mM"":12.037202487764997,""na_i_mM"":29.034600776243938,""na_l_mM"":138.16459866027753,""ph_i"":6.7564972056320975,""ph_l"":7.155697883544427,""tic_i_mM"":4.613650905604117,""tic_l_mM"":9.8549756127205,""v_apical_mV"":-45.72858748656175,""v_basolateral_mV"":-63.298016597573934,""volume_i_pL"":1.3,""volume_l_pL"":0.10235582194099734}","[""cl_i_mM:outside_[47.1,53.1]"",""ph_i:outside_[6.77,7.05]"",""k_i_mM:outside_[100,160]""]",False,7.105427357601002e-15,[],True,True
STRICT_NATIVE_S1_PLOW_KHIGH_AE4NA05_P0.5_H5:B00,STRICT_NATIVE_S1_PLOW_KHIGH_AE4NA05_P0.5_H5,STRICT_NATIVE,1.0,0.5,5.0,HW,DIAGNOSTIC_ONLY_HW_HYDRAULIC_TRANSFER,False,True,False,7.20202977116946e-11,7.28583859910259e-16,7.20202977116946e-15,1.1309109937248425e-26,1.240327285323417e-16,True,True,5.974225020938251e-11,11,0,7.105427357601002e-15,True,"{""cl_i_mM"":29.242196090700027,""cl_l_mM"":141.13196262651562,""k_i_mM"":72.42188178916723,""k_l_mM"":12.037232100476741,""na_i_mM"":29.03483053392011,""na_l_mM"":138.15981582116143,""ph_i"":6.756496055185759,""ph_l"":7.155690926454876,""tic_i_mM"":4.61363384936324,""tic_l_mM"":9.85477914075117,""v_apical_mV"":-45.72817586948851,""v_basolateral_mV"":-63.297670889218196,""volume_i_pL"":1.3,""volume_l_pL"":0.10235601525619488}","[""cl_i_mM:outside_[47.1,53.1]"",""ph_i:outside_[6.77,7.05]"",""k_i_mM:outside_[100,160]""]",False,0.0,[],True,True
STRICT_NATIVE_S1_PLOW_KHIGH_AE4NA05_P0.5_H6.75:B00,STRICT_NATIVE_S1_PLOW_KHIGH_AE4NA05_P0.5_H6.75,STRICT_NATIVE,1.0,0.5,6.75,HW,DIAGNOSTIC_ONLY_HW_HYDRAULIC_TRANSFER,False,True,False,2.8777978264282744e-11,2.3592239273284576e-16,2.8777978264282744e-15,1.9387045606711586e-26,3.122502256758253e-16,True,True,1.953515474384382e-11,11,0,2.808864252301646e-14,True,"{""cl_i_mM"":29.241921933458674,""cl_l_mM"":141.12920335281643,""k_i_mM"":72.42145050941063,""k_l_mM"":12.037250014516925,""na_i_mM"":29.034969545149657,""na_l_mM"":138.15692211995375,""ph_i"":6.756495359131025,""ph_l"":7.155686717206168,""tic_i_mM"":4.613623529662192,""tic_l_mM"":9.85466026988074,""v_apical_mV"":-45.72792683036864,""v_basolateral_mV"":-63.29746172434961,""volume_i_pL"":1.3,""volume_l_pL"":0.10235613222332547}","[""cl_i_mM:outside_[47.1,53.1]"",""ph_i:outside_[6.77,7.05]"",""k_i_mM:outside_[100,160]""]",False,7.105427357601002e-15,[],True,True
STRICT_NATIVE_S1_PLOW_KHIGH_AE4NA05_P0.5_H8:B00,STRICT_NATIVE_S1_PLOW_KHIGH_AE4NA05_P0.5_H8,STRICT_NATIVE,1.0,0.5,8.0,HW,DIAGNOSTIC_ONLY_HW_HYDRAULIC_TRANSFER,False,True,False,7.803490926355794e-11,3.697563089044564e-15,7.803490926355794e-15,1.2924697071141057e-26,6.852157730108388e-17,True,True,1.7580500857178327e-10,11,0,7.105427357601002e-15,True,"{""cl_i_mM"":29.241799531388487,""cl_l_mM"":141.12797144616843,""k_i_mM"":72.42125795730038,""k_l_mM"":12.037258011899446,""na_i_mM"":29.035031609093423,""na_l_mM"":138.15563019684495,""ph_i"":6.756495048366447,""ph_l"":7.155684837921562,""tic_i_mM"":4.613618922232233,""tic_l_mM"":9.854607198278012,""v_apical_mV"":-45.727815643377355,""v_basolateral_mV"":-63.29736833922653,""volume_i_pL"":1.3000000000000003,""volume_l_pL"":0.1023561844464839}","[""cl_i_mM:outside_[47.1,53.1]"",""ph_i:outside_[6.77,7.05]"",""k_i_mM:outside_[100,160]""]",False,7.105427357601002e-15,[],True,True
STRICT_NATIVE_S1_PLOW_KHIGH_AE4NA05_P0.5_HWQ_H2.5:B00,STRICT_NATIVE_S1_PLOW_KHIGH_AE4NA05_P0.5_HWQ_H2.5,STRICT_NATIVE,1.0,0.5,2.5,HWQ,DIAGNOSTIC_ONLY_HWQ_HYDRAULIC_TRANSFER,False,True,False,7.437952163902306e-11,2.7755575615628914e-16,7.437952163902306e-15,2.1002632740604218e-26,2.1684043449710089e-16,True,True,1.7223635712104723e-11,11,0,6.039613253960852e-14,True,"{""cl_i_mM"":29.243253251441708,""cl_l_mM"":141.14260298623725,""k_i_mM"":72.42354481815347,""k_l_mM"":12.037163004723267,""na_i_mM"":29.034294503200186,""na_l_mM"":138.17097456581592,""ph_i"":6.7564987392210085,""ph_l"":7.155707157613145,""tic_i_mM"":4.613673641725364,""tic_l_mM"":9.855237519413345,""v_apical_mV"":-45.72913619336454,""v_basolateral_mV"":-63.29847743745448,""volume_i_pL"":1.3,""volume_l_pL"":0.1009422257049004}","[""cl_i_mM:outside_[47.1,53.1]"",""ph_i:outside_[6.77,7.05]"",""k_i_mM:outside_[100,160]""]",False,7.105427357601002e-15,[],True,True
STRICT_NATIVE_S1_PLOW_KHIGH_AE4NA05_P0.5_HWQ_H3.5:B00,STRICT_NATIVE_S1_PLOW_KHIGH_AE4NA05_P0.5_HWQ_H3.5,STRICT_NATIVE,1.0,0.5,3.5,HWQ,DIAGNOSTIC_ONLY_HWQ_HYDRAULIC_TRANSFER,False,True,False,1.1002049965513905e-10,1.096345236817342e-15,1.1002049965513905e-14,1.2924697071141057e-26,1.9255430583342559e-16,True,True,1.1002049965513905e-10,11,0,7.105427357601002e-15,True,"{""cl_i_mM"":29.24264921848934,""cl_l_mM"":141.13652327708667,""k_i_mM"":72.42259460893867,""k_l_mM"":12.037202487769157,""na_i_mM"":29.034600776241827,""na_l_mM"":138.16459866031826,""ph_i"":6.756497205631092,""ph_l"":7.155697883539832,""tic_i_mM"":4.613650905606662,""tic_l_mM"":9.854975612701901,""v_apical_mV"":-45.728587486551035,""v_basolateral_mV"":-63.29801659757364,""volume_i_pL"":1.3,""volume_l_pL"":0.10067309198314198}","[""cl_i_mM:outside_[47.1,53.1]"",""ph_i:outside_[6.77,7.05]"",""k_i_mM:outside_[100,160]""]",False,1.4210854715202004e-14,[],True,True
STRICT_NATIVE_S1_PLOW_KHIGH_AE4NA05_P0.5_HWQ_H5:B00,STRICT_NATIVE_S1_PLOW_KHIGH_AE4NA05_P0.5_HWQ_H5,STRICT_NATIVE,1.0,0.5,5.0,HWQ,DIAGNOSTIC_ONLY_HWQ_HYDRAULIC_TRANSFER,False,True,False,7.20202977116946e-11,1.0269562977782698e-15,7.20202977116946e-15,1.7771458472818954e-26,2.177077962350893e-16,True,True,4.746366060598417e-11,11,0,1.8118839761882555e-13,True,"{""cl_i_mM"":29.242196090706678,""cl_l_mM"":141.13196262648626,""k_i_mM"":72.42188178916295,""k_l_mM"":12.0372321004814,""na_i_mM"":29.034830533917816,""na_l_mM"":138.15981582120716,""ph_i"":6.756496055184637,""ph_l"":7.155690926449702,""tic_i_mM"":4.613633849366099,""tic_l_mM"":9.854779140730175,""v_apical_mV"":-45.728175869476544,""v_basolateral_mV"":-63.297670889217905,""volume_i_pL"":1.3,""volume_l_pL"":0.10047120305123888}","[""cl_i_mM:outside_[47.1,53.1]"",""ph_i:outside_[6.77,7.05]"",""k_i_mM:outside_[100,160]""]",False,7.105427357601002e-15,[],True,True
STRICT_NATIVE_S1_PLOW_KHIGH_AE4NA05_P0.5_HWQ_H6.75:B00,STRICT_NATIVE_S1_PLOW_KHIGH_AE4NA05_P0.5_HWQ_H6.75,STRICT_NATIVE,1.0,0.5,6.75,HWQ,DIAGNOSTIC_ONLY_HWQ_HYDRAULIC_TRANSFER,False,True,False,1.8549614969054495e-11,1.942890293094024e-16,1.8549614969054495e-15,1.2924697071141057e-26,2.671474153004283e-16,True,True,1.8549614969054495e-11,11,0,1.4210854715202004e-14,True,"{""cl_i_mM"":29.24192193346577,""cl_l_mM"":141.12920335278514,""k_i_mM"":72.42145050940616,""k_l_mM"":12.037250014521893,""na_i_mM"":29.03496954514711,""na_l_mM"":138.15692212000246,""ph_i"":6.7564953591298265,""ph_l"":7.155686717200643,""tic_i_mM"":4.613623529665244,""tic_l_mM"":9.854660269858309,""v_apical_mV"":-45.72792683035587,""v_basolateral_mV"":-63.29746172434929,""volume_i_pL"":1.3,""volume_l_pL"":0.10034905662567778}","[""cl_i_mM:outside_[47.1,53.1]"",""ph_i:outside_[6.77,7.05]"",""k_i_mM:outside_[100,160]""]",False,7.105427357601002e-15,[],True,True
STRICT_NATIVE_S1_PLOW_KHIGH_AE4NA05_P0.5_HWQ_H8:B00,STRICT_NATIVE_S1_PLOW_KHIGH_AE4NA05_P0.5_HWQ_H8,STRICT_NATIVE,1.0,0.5,8.0,HWQ,DIAGNOSTIC_ONLY_HWQ_HYDRAULIC_TRANSFER,False,True,False,5.839025010029308e-11,1.3183898417423734e-15,5.8390250100293084e-15,1.454028420503369e-26,1.9255430583342559e-16,True,True,1.7580500857178327e-10,11,0,1.4210854715202004e-14,True,"{""cl_i_mM"":29.24179953139555,""cl_l_mM"":141.12797144613603,""k_i_mM"":72.42125795729599,""k_l_mM"":12.037258011904534,""na_i_mM"":29.03503160909197,""na_l_mM"":138.1556301968952,""ph_i"":6.75649504836534,""ph_l"":7.155684837916063,""tic_i_mM"":4.61361892223519,""tic_l_mM"":9.854607198255042,""v_apical_mV"":-45.727815643364394,""v_basolateral_mV"":-63.29736833922631,""volume_i_pL"":1.3,""volume_l_pL"":0.10029452305581042}","[""cl_i_mM:outside_[47.1,53.1]"",""ph_i:outside_[6.77,7.05]"",""k_i_mM:outside_[100,160]""]",False,7.105427357601002e-15,[],True,True
STRICT_NATIVE_S1_PLOW_KHIGH_AE4NA05_P1_H1:B00,STRICT_NATIVE_S1_PLOW_KHIGH_AE4NA05_P1_H1,STRICT_NATIVE,1.0,1.0,1.0,H1,PRODUCTION_PRE_REVEAL,True,True,False,8.049116928532385e-12,8.187894806610529e-16,8.049116928532385e-16,4.6852026882886333e-26,4.969982758673552e-16,True,True,5.593399007852717e-12,11,0,4.973799150320701e-14,True,"{""cl_i_mM"":28.291474589097284,""cl_l_mM"":142.25311211035458,""k_i_mM"":88.51529267501296,""k_l_mM"":13.484400467682574,""na_i_mM"":12.00086232358991,""na_l_mM"":136.78065141769167,""ph_i"":6.761628978927147,""ph_l"":7.1171350154218125,""tic_i_mM"":4.5392488659751296,""tic_l_mM"":8.775817000061688,""v_apical_mV"":-47.476177874131324,""v_basolateral_mV"":-67.89570200610716,""volume_i_pL"":1.3,""volume_l_pL"":0.10281038169966164}","[""cl_i_mM:outside_[47.1,53.1]"",""ph_i:outside_[6.77,7.05]"",""k_i_mM:outside_[100,160]""]",False,0.0,[],True,True
STRICT_NATIVE_S1_PLOW_KHIGH_AE4NA05_P1_H2.5:B00,STRICT_NATIVE_S1_PLOW_KHIGH_AE4NA05_P1_H2.5,STRICT_NATIVE,1.0,1.0,2.5,HW,DIAGNOSTIC_ONLY_HW_HYDRAULIC_TRANSFER,False,True,False,6.422813669804128e-12,5.022024462952857e-16,6.422813669804128e-16,6.462348535570529e-27,5.204170427930421e-17,True,True,6.422813669804128e-12,11,0,1.4210854715202004e-14,True,"{""cl_i_mM"":28.286513281011146,""cl_l_mM"":142.21465742881526,""k_i_mM"":88.5098963731758,""k_l_mM"":13.484343934488654,""na_i_mM"":12.000814668990587,""na_l_mM"":136.7410253429266,""ph_i"":6.761608707058366,""ph_l"":7.117089327319338,""tic_i_mM"":4.539003583616899,""tic_l_mM"":8.774553583216182,""v_apical_mV"":-47.47390328149519,""v_basolateral_mV"":-67.89356728628793,""volume_i_pL"":1.3,""volume_l_pL"":0.10281209105525202}","[""cl_i_mM:outside_[47.1,53.1]"",""ph_i:outside_[6.77,7.05]"",""k_i_mM:outside_[100,160]""]",False,1.4210854715202004e-14,[],True,True
STRICT_NATIVE_S1_PLOW_KHIGH_AE4NA05_P1_H3.5:B00,STRICT_NATIVE_S1_PLOW_KHIGH_AE4NA05_P1_H3.5,STRICT_NATIVE,1.0,1.0,3.5,HW,DIAGNOSTIC_ONLY_HW_HYDRAULIC_TRANSFER,False,True,False,2.725684261628558e-11,1.939368804437791e-13,2.725684261628558e-15,4.52364397489937e-26,5.741934705483231e-16,True,True,2.725684261628558e-11,11,0,7.105427357601002e-15,True,"{""cl_i_mM"":28.28556744132401,""cl_l_mM"":142.2073274473898,""k_i_mM"":88.50886760763558,""k_l_mM"":13.484333097898476,""na_i_mM"":12.00080557343281,""na_l_mM"":136.73347211596723,""ph_i"":6.761604842007324,""ph_l"":7.117080617672956,""tic_i_mM"":4.5389568179861675,""tic_l_mM"":8.774312733655934,""v_apical_mV"":-47.47346972679938,""v_basolateral_mV"":-67.89316033767386,""volume_i_pL"":1.299999999999991,""volume_l_pL"":0.10281241701456753}","[""cl_i_mM:outside_[47.1,53.1]"",""ph_i:outside_[6.77,7.05]"",""k_i_mM:outside_[100,160]""]",False,7.105427357601002e-15,[],True,True
STRICT_NATIVE_S1_PLOW_KHIGH_AE4NA05_P1_H5:B00,STRICT_NATIVE_S1_PLOW_KHIGH_AE4NA05_P1_H5,STRICT_NATIVE,1.0,1.0,5.0,HW,DIAGNOSTIC_ONLY_HW_HYDRAULIC_TRANSFER,False,True,False,4.4167143900541994e-11,2.740863092043355e-16,4.4167143900541994e-15,2.7464981276174747e-26,3.434752482434078e-16,True,True,4.4167143900541994e-11,11,0,7.105427357601002e-15,True,"{""cl_i_mM"":28.284857887338436,""cl_l_mM"":142.20182885108846,""k_i_mM"":88.50809584441491,""k_l_mM"":13.484324956066809,""na_i_mM"":12.000798747864236,""na_l_mM"":136.72780605964226,""ph_i"":6.761601942419624,""ph_l"":7.117074083918011,""tic_i_mM"":4.538921734279767,""tic_l_mM"":8.774132054704296,""v_apical_mV"":-47.47314449789618,""v_basolateral_mV"":-67.89285505567102,""volume_i_pL"":1.3,""volume_l_pL"":0.10281266156140431}","[""cl_i_mM:outside_[47.1,53.1]"",""ph_i:outside_[6.77,7.05]"",""k_i_mM:outside_[100,160]""]",False,0.0,[],True,True
STRICT_NATIVE_S1_PLOW_KHIGH_AE4NA05_P1_H6.75:B00,STRICT_NATIVE_S1_PLOW_KHIGH_AE4NA05_P1_H6.75,STRICT_NATIVE,1.0,1.0,6.75,HW,DIAGNOSTIC_ONLY_HW_HYDRAULIC_TRANSFER,False,True,False,9.162700979892247e-11,2.914335439641036e-16,9.162700979892247e-15,2.4233807008389483e-26,3.2959746043559335e-16,True,True,9.162700979892247e-11,11,0,7.105427357601002e-15,True,"{""cl_i_mM"":28.284428578435033,""cl_l_mM"":142.19850207759572,""k_i_mM"":88.50762889668425,""k_l_mM"":13.484320024773911,""na_i_mM"":12.0007946171998,""na_l_mM"":136.72437797241315,""ph_i"":6.761600188023643,""ph_l"":7.117070130778047,""tic_i_mM"":4.538900506842846,""tic_l_mM"":8.77402273769393,""v_apical_mV"":-47.47294772832931,""v_basolateral_mV"":-67.89267034956202,""volume_i_pL"":1.3,""volume_l_pL"":0.10281280952934656}","[""cl_i_mM:outside_[47.1,53.1]"",""ph_i:outside_[6.77,7.05]"",""k_i_mM:outside_[100,160]""]",False,7.105427357601002e-15,[],True,True
STRICT_NATIVE_S1_PLOW_KHIGH_AE4NA05_P1_H8:B00,STRICT_NATIVE_S1_PLOW_KHIGH_AE4NA05_P1_H8,STRICT_NATIVE,1.0,1.0,8.0,HW,DIAGNOSTIC_ONLY_HW_HYDRAULIC_TRANSFER,False,True,False,7.321400430360114e-11,4.683753385137379e-16,7.321400430360114e-15,2.7464981276174747e-26,4.128641872824801e-16,True,True,7.321400430360114e-11,11,0,0.0,True,"{""cl_i_mM"":28.28423690501591,""cl_l_mM"":142.19701679834716,""k_i_mM"":88.50742041872601,""k_l_mM"":13.484317821845671,""na_i_mM"":12.000792772758754,""na_l_mM"":136.7228474611979,""ph_i"":6.761599404731246,""ph_l"":7.117068365830889,""tic_i_mM"":4.538891029345719,""tic_l_mM"":8.773973931222333,""v_apical_mV"":-47.472859878402964,""v_basolateral_mV"":-67.89258788433172,""volume_i_pL"":1.3,""volume_l_pL"":0.10281287559430345}","[""cl_i_mM:outside_[47.1,53.1]"",""ph_i:outside_[6.77,7.05]"",""k_i_mM:outside_[100,160]""]",False,7.105427357601002e-15,[],True,True
STRICT_NATIVE_S1_PLOW_KHIGH_AE4NA05_P1_HWQ_H2.5:B00,STRICT_NATIVE_S1_PLOW_KHIGH_AE4NA05_P1_HWQ_H2.5,STRICT_NATIVE,1.0,1.0,2.5,HWQ,DIAGNOSTIC_ONLY_HWQ_HYDRAULIC_TRANSFER,False,True,False,7.290175407792532e-11,4.579669976578771e-16,7.290175407792532e-15,1.9387045606711586e-26,2.3505503099485736e-16,True,True,4.0310636773011055e-12,11,0,7.105427357601002e-14,True,"{""cl_i_mM"":28.286513281018436,""cl_l_mM"":142.21465742879064,""k_i_mM"":88.50989637316913,""k_l_mM"":13.48434393449347,""na_i_mM"":12.000814668990545,""na_l_mM"":136.74102534296418,""ph_i"":6.761608707057182,""ph_l"":7.117089327313943,""tic_i_mM"":4.53900358361985,""tic_l_mM"":8.774553583198378,""v_apical_mV"":-47.473903281483416,""v_basolateral_mV"":-67.89356728628702,""volume_i_pL"":1.3,""volume_l_pL"":0.10112483642210066}","[""cl_i_mM:outside_[47.1,53.1]"",""ph_i:outside_[6.77,7.05]"",""k_i_mM:outside_[100,160]""]",False,1.4210854715202004e-14,[],True,True
STRICT_NATIVE_S1_PLOW_KHIGH_AE4NA05_P1_HWQ_H3.5:B00,STRICT_NATIVE_S1_PLOW_KHIGH_AE4NA05_P1_HWQ_H3.5,STRICT_NATIVE,1.0,1.0,3.5,HWQ,DIAGNOSTIC_ONLY_HWQ_HYDRAULIC_TRANSFER,False,True,False,4.444578385887077e-11,4.85722573273506e-16,4.444578385887077e-15,3.554291694563791e-26,4.527628272299467e-16,True,True,3.5851313237578175e-11,11,0,1.7763568394002505e-15,True,"{""cl_i_mM"":28.285567441346608,""cl_l_mM"":142.2073274473633,""k_i_mM"":88.50886760756666,""k_l_mM"":13.48433309790159,""na_i_mM"":12.000805573427515,""na_l_mM"":136.73347211600768,""ph_i"":6.761604841999614,""ph_l"":7.117080617658086,""tic_i_mM"":4.538956817999049,""tic_l_mM"":8.774312733638801,""v_apical_mV"":-47.47346972677176,""v_basolateral_mV"":-67.89316033765574,""volume_i_pL"":1.3,""volume_l_pL"":0.10080354771844756}","[""cl_i_mM:outside_[47.1,53.1]"",""ph_i:outside_[6.77,7.05]"",""k_i_mM:outside_[100,160]""]",False,7.105427357601002e-15,[],True,True
STRICT_NATIVE_S1_PLOW_KHIGH_AE4NA05_P1_HWQ_H5:B00,STRICT_NATIVE_S1_PLOW_KHIGH_AE4NA05_P1_HWQ_H5,STRICT_NATIVE,1.0,1.0,5.0,HWQ,DIAGNOSTIC_ONLY_HWQ_HYDRAULIC_TRANSFER,False,True,False,5.644573350394033e-11,2.2898349882893854e-16,5.644573350394033e-15,2.7464981276174747e-26,3.0270924655795284e-16,True,True,3.1888554297143656e-11,11,0,2.1316282072803006e-14,True,"{""cl_i_mM"":28.28485788734819,""cl_l_mM"":142.20182885105527,""k_i_mM"":88.50809584440587,""k_l_mM"":13.484324956073277,""na_i_mM"":12.000798747864174,""na_l_mM"":136.72780605969265,""ph_i"":6.761601942418031,""ph_l"":7.117074083910817,""tic_i_mM"":4.5389217342837185,""tic_l_mM"":8.774132054680619,""v_apical_mV"":-47.47314449788038,""v_basolateral_mV"":-67.89285505566976,""volume_i_pL"":1.3,""volume_l_pL"":0.10056253231228077}","[""cl_i_mM:outside_[47.1,53.1]"",""ph_i:outside_[6.77,7.05]"",""k_i_mM:outside_[100,160]""]",False,7.105427357601002e-15,[],True,True
STRICT_NATIVE_S1_PLOW_KHIGH_AE4NA05_P1_HWQ_H6.75:B00,STRICT_NATIVE_S1_PLOW_KHIGH_AE4NA05_P1_HWQ_H6.75,STRICT_NATIVE,1.0,1.0,6.75,HWQ,DIAGNOSTIC_ONLY_HWQ_HYDRAULIC_TRANSFER,False,True,False,4.1900077157874804e-11,1.3461454173580023e-15,4.1900077157874804e-15,1.2924697071141057e-26,2.3592239273284576e-16,True,True,1.722764726014292e-10,11,0,1.4210854715202004e-14,True,"{""cl_i_mM"":28.284428578445432,""cl_l_mM"":142.19850207756025,""k_i_mM"":88.50762889667459,""k_l_mM"":13.484320024780809,""na_i_mM"":12.000794617199736,""na_l_mM"":136.72437797246684,""ph_i"":6.7616001880219425,""ph_l"":7.117070130770378,""tic_i_mM"":4.53890050684706,""tic_l_mM"":8.774022737668705,""v_apical_mV"":-47.47294772831245,""v_basolateral_mV"":-67.89267034956065,""volume_i_pL"":1.3,""volume_l_pL"":0.10041671252286608}","[""cl_i_mM:outside_[47.1,53.1]"",""ph_i:outside_[6.77,7.05]"",""k_i_mM:outside_[100,160]""]",False,0.0,[],True,True
STRICT_NATIVE_S1_PLOW_KHIGH_AE4NA05_P1_HWQ_H8:B00,STRICT_NATIVE_S1_PLOW_KHIGH_AE4NA05_P1_HWQ_H8,STRICT_NATIVE,1.0,1.0,8.0,HWQ,DIAGNOSTIC_ONLY_HWQ_HYDRAULIC_TRANSFER,False,True,False,9.285974766903848e-11,2.777292285038868e-15,9.285974766903848e-15,4.8467614016778965e-26,6.227657278756737e-16,True,True,9.285974766903848e-11,11,0,1.616484723854228e-12,True,"{""cl_i_mM"":28.284236905026376,""cl_l_mM"":142.19701679831078,""k_i_mM"":88.5074204187171,""k_l_mM"":13.48431782185281,""na_i_mM"":12.000792772758773,""na_l_mM"":136.7228474612532,""ph_i"":6.7615994047296,""ph_l"":7.1170683658231315,""tic_i_mM"":4.538891029349908,""tic_l_mM"":8.773973931196274,""v_apical_mV"":-47.47285987838586,""v_basolateral_mV"":-67.8925878843306,""volume_i_pL"":1.2999999999999996,""volume_l_pL"":0.10035160944928787}","[""cl_i_mM:outside_[47.1,53.1]"",""ph_i:outside_[6.77,7.05]"",""k_i_mM:outside_[100,160]""]",False,1.4210854715202004e-14,[],True,True
STRICT_NATIVE_S1_PLOW_KHIGH_AE4NA05_P2_H1:B00,STRICT_NATIVE_S1_PLOW_KHIGH_AE4NA05_P2_H1,STRICT_NATIVE,1.0,2.0,1.0,H1,PRODUCTION_PRE_REVEAL,True,True,False,3.729655473350135e-12,3.573530360512223e-15,3.7296554733501353e-16,1.9387045606711586e-26,2.0122792321330962e-16,True,True,3.729655473350135e-12,11,0,2.1316282072803006e-14,True,"{""cl_i_mM"":28.16968996366853,""cl_l_mM"":142.52956707100242,""k_i_mM"":92.52123852635688,""k_l_mM"":13.809950865297663,""na_i_mM"":8.1393169025492,""na_l_mM"":136.46154489799642,""ph_i"":6.775355424822552,""ph_l"":7.106064112115254,""tic_i_mM"":4.63040790917407,""tic_l_mM"":8.499409461381086,""v_apical_mV"":-47.8351968899292,""v_basolateral_mV"":-69.0512023000248,""volume_i_pL"":1.2999999999999998,""volume_l_pL"":0.10294818122782393}","[""cl_i_mM:outside_[47.1,53.1]"",""na_i_mM:outside_[10,35]"",""k_i_mM:outside_[100,160]""]",False,7.105427357601002e-15,[],True,True
STRICT_NATIVE_S1_PLOW_KHIGH_AE4NA05_P2_H2.5:B00,STRICT_NATIVE_S1_PLOW_KHIGH_AE4NA05_P2_H2.5,STRICT_NATIVE,1.0,2.0,2.5,HW,DIAGNOSTIC_ONLY_HW_HYDRAULIC_TRANSFER,False,True,False,3.4929741390965496e-11,2.177077962350893e-16,3.4929741390965496e-15,2.908056841006738e-26,3.0270924655795284e-16,True,True,3.4929741390965496e-11,11,0,5.3290705182007514e-14,True,"{""cl_i_mM"":28.16407578314415,""cl_l_mM"":142.48907742643158,""k_i_mM"":92.51511719982145,""k_l_mM"":13.80969464827977,""na_i_mM"":8.139244000670756,""na_l_mM"":136.4201726509393,""ph_i"":6.775331052520667,""ph_l"":7.106022014845624,""tic_i_mM"":4.6301179181922985,""tic_l_mM"":8.49823370704378,""v_apical_mV"":-47.83315203001476,""v_basolateral_mV"":-69.04901752567406,""volume_i_pL"":1.3,""volume_l_pL"":0.10294997673295217}","[""cl_i_mM:outside_[47.1,53.1]"",""na_i_mM:outside_[10,35]"",""k_i_mM:outside_[100,160]""]",False,7.105427357601002e-15,[],True,True
STRICT_NATIVE_S1_PLOW_KHIGH_AE4NA05_P2_H3.5:B00,STRICT_NATIVE_S1_PLOW_KHIGH_AE4NA05_P2_H3.5,STRICT_NATIVE,1.0,2.0,3.5,HW,DIAGNOSTIC_ONLY_HW_HYDRAULIC_TRANSFER,False,True,False,6.529065482707708e-12,2.914335439641036e-16,6.529065482707708e-16,2.1002632740604218e-26,2.3158558404290375e-16,True,True,2.9045776200886664e-12,11,0,2.842170943040401e-14,True,"{""cl_i_mM"":28.163005486579046,""cl_l_mM"":142.48135954837943,""k_i_mM"":92.51395021418148,""k_l_mM"":13.809645738352572,""na_i_mM"":8.13923009742119,""na_l_mM"":136.41228658232413,""ph_i"":6.7753264056191185,""ph_l"":7.106013989635577,""tic_i_mM"":4.630062628313052,""tic_l_mM"":8.49800956363835,""v_apical_mV"":-47.83276227720966,""v_basolateral_mV"":-69.04860103439512,""volume_i_pL"":1.3,""volume_l_pL"":0.10295031912558196}","[""cl_i_mM:outside_[47.1,53.1]"",""na_i_mM:outside_[10,35]"",""k_i_mM:outside_[100,160]""]",False,7.105427357601002e-15,[],True,True
STRICT_NATIVE_S1_PLOW_KHIGH_AE4NA05_P2_H5:B00,STRICT_NATIVE_S1_PLOW_KHIGH_AE4NA05_P2_H5,STRICT_NATIVE,1.0,2.0,5.0,HW,DIAGNOSTIC_ONLY_HW_HYDRAULIC_TRANSFER,False,True,False,5.0931481254679056e-11,1.7520707107365752e-16,5.093148125467906e-15,1.1309109937248425e-26,1.0234868508263162e-16,True,True,5.0931481254679056e-11,11,0,1.7763568394002505e-15,True,"{""cl_i_mM"":28.16220256883124,""cl_l_mM"":142.47556996973606,""k_i_mM"":92.51307476073544,""k_l_mM"":13.809609033464035,""na_i_mM"":8.139219666371108,""na_l_mM"":136.40637084482708,""ph_i"":6.775322919484313,""ph_l"":7.106007969322866,""tic_i_mM"":4.630021149652048,""tic_l_mM"":8.497841416088336,""v_apical_mV"":-47.83246990885117,""v_basolateral_mV"":-69.04828859364508,""volume_i_pL"":1.3,""volume_l_pL"":0.10295057600242997}","[""cl_i_mM:outside_[47.1,53.1]"",""na_i_mM:outside_[10,35]"",""k_i_mM:outside_[100,160]""]",False,0.0,[],True,True
STRICT_NATIVE_S1_PLOW_KHIGH_AE4NA05_P2_H6.75:B00,STRICT_NATIVE_S1_PLOW_KHIGH_AE4NA05_P2_H6.75,STRICT_NATIVE,1.0,2.0,6.75,HW,DIAGNOSTIC_ONLY_HW_HYDRAULIC_TRANSFER,False,True,False,5.6172514556473985e-11,6.38378239159465e-16,5.6172514556473985e-15,2.261821987449685e-26,2.3505503099485736e-16,True,True,8.932308018239077e-11,11,0,1.4210854715202004e-13,True,"{""cl_i_mM"":28.16171677184837,""cl_l_mM"":142.4720671449676,""k_i_mM"":92.51254507626831,""k_l_mM"":13.809586819928587,""na_i_mM"":8.139213354725648,""na_l_mM"":136.40279169510873,""ph_i"":6.7753208101888855,""ph_l"":7.106004326820325,""tic_i_mM"":4.629996052938717,""tic_l_mM"":8.497739680550568,""v_apical_mV"":-47.83229302166654,""v_basolateral_mV"":-69.04809955618532,""volume_i_pL"":1.3,""volume_l_pL"":0.1029507314313594}","[""cl_i_mM:outside_[47.1,53.1]"",""na_i_mM:outside_[10,35]"",""k_i_mM:outside_[100,160]""]",False,1.4210854715202004e-14,[],True,True
STRICT_NATIVE_S1_PLOW_KHIGH_AE4NA05_P2_H8:B00,STRICT_NATIVE_S1_PLOW_KHIGH_AE4NA05_P2_H8,STRICT_NATIVE,1.0,2.0,8.0,HW,DIAGNOSTIC_ONLY_HW_HYDRAULIC_TRANSFER,False,True,False,7.357829623355627e-11,6.279698983036042e-16,7.357829623355627e-15,1.454028420503369e-26,2.5326962749261384e-16,True,True,7.357829623355627e-11,11,0,1.4210854715202004e-14,True,"{""cl_i_mM"":28.161499878400313,""cl_l_mM"":142.47050326533147,""k_i_mM"":92.5123085882785,""k_l_mM"":13.809576900896763,""na_i_mM"":8.139210536660592,""na_l_mM"":136.40119374022055,""ph_i"":6.775319868441969,""ph_l"":7.1060027005607695,""tic_i_mM"":4.629984847908504,""tic_l_mM"":8.497694258846728,""v_apical_mV"":-47.832214048726165,""v_basolateral_mV"":-69.04801515713596,""volume_i_pL"":1.3,""volume_l_pL"":0.10295080082762348}","[""cl_i_mM:outside_[47.1,53.1]"",""na_i_mM:outside_[10,35]"",""k_i_mM:outside_[100,160]""]",False,0.0,[],True,True
STRICT_NATIVE_S1_PLOW_KHIGH_AE4NA05_P2_HWQ_H2.5:B00,STRICT_NATIVE_S1_PLOW_KHIGH_AE4NA05_P2_HWQ_H2.5,STRICT_NATIVE,1.0,2.0,2.5,HWQ,DIAGNOSTIC_ONLY_HWQ_HYDRAULIC_TRANSFER,False,True,False,3.4929741390965496e-11,1.098600377336112e-14,3.4929741390965496e-15,1.7771458472818954e-26,1.9949319973733282e-16,True,True,3.4929741390965496e-11,11,0,1.4210854715202004e-14,True,"{""cl_i_mM"":28.164075783151546,""cl_l_mM"":142.48907742640614,""k_i_mM"":92.51511719981764,""k_l_mM"":13.809694648285252,""na_i_mM"":8.139244000670903,""na_l_mM"":136.4201726509779,""ph_i"":6.775331052519713,""ph_l"":7.106022014840189,""tic_i_mM"":4.630117918195027,""tic_l_mM"":8.498233707025124,""v_apical_mV"":-47.8331520300028,""v_basolateral_mV"":-69.04901752567399,""volume_i_pL"":1.2999999999999996,""volume_l_pL"":0.10117999069318075}","[""cl_i_mM:outside_[47.1,53.1]"",""na_i_mM:outside_[10,35]"",""k_i_mM:outside_[100,160]""]",False,1.4210854715202004e-14,[],True,True
STRICT_NATIVE_S1_PLOW_KHIGH_AE4NA05_P2_HWQ_H3.5:B00,STRICT_NATIVE_S1_PLOW_KHIGH_AE4NA05_P2_HWQ_H3.5,STRICT_NATIVE,1.0,2.0,3.5,HWQ,DIAGNOSTIC_ONLY_HWQ_HYDRAULIC_TRANSFER,False,True,False,5.689893001203927e-12,6.522560269672795e-16,5.689893001203927e-16,1.6155871338926322e-26,1.4051260155412137e-16,True,True,3.456436525883788e-12,11,0,2.1316282072803006e-14,True,"{""cl_i_mM"":28.16300548658875,""cl_l_mM"":142.48135954834888,""k_i_mM"":92.51395021417265,""k_l_mM"":13.809645738358943,""na_i_mM"":8.139230097421224,""na_l_mM"":136.41228658237003,""ph_i"":6.775326405617567,""ph_l"":7.106013989628605,""tic_i_mM"":4.630062628316891,""tic_l_mM"":8.498009563616646,""v_apical_mV"":-47.83276227719445,""v_basolateral_mV"":-69.04860103439384,""volume_i_pL"":1.3,""volume_l_pL"":0.10084294832159472}","[""cl_i_mM:outside_[47.1,53.1]"",""na_i_mM:outside_[10,35]"",""k_i_mM:outside_[100,160]""]",False,0.0,[],True,True
STRICT_NATIVE_S1_PLOW_KHIGH_AE4NA05_P2_HWQ_H5:B00,STRICT_NATIVE_S1_PLOW_KHIGH_AE4NA05_P2_HWQ_H5,STRICT_NATIVE,1.0,2.0,5.0,HWQ,DIAGNOSTIC_ONLY_HWQ_HYDRAULIC_TRANSFER,False,True,False,9.544014883955398e-11,6.106226635438361e-16,9.544014883955398e-15,9.693522803355793e-27,5.2909066017292616e-17,True,True,3.8653975853453204e-11,11,0,2.1316282072803006e-13,True,"{""cl_i_mM"":28.162202568842126,""cl_l_mM"":142.47556996970192,""k_i_mM"":92.51307476072573,""k_l_mM"":13.8096090334712,""na_i_mM"":8.139219666371151,""na_l_mM"":136.40637084487864,""ph_i"":6.775322919482588,""ph_l"":7.106007969315035,""tic_i_mM"":4.6300211496563435,""tic_l_mM"":8.497841416063837,""v_apical_mV"":-47.832469908834135,""v_basolateral_mV"":-69.04828859364369,""volume_i_pL"":1.3,""volume_l_pL"":0.1005901152004859}","[""cl_i_mM:outside_[47.1,53.1]"",""na_i_mM:outside_[10,35]"",""k_i_mM:outside_[100,160]""]",False,7.105427357601002e-15,[],True,True
STRICT_NATIVE_S1_PLOW_KHIGH_AE4NA05_P2_HWQ_H6.75:B00,STRICT_NATIVE_S1_PLOW_KHIGH_AE4NA05_P2_HWQ_H6.75,STRICT_NATIVE,1.0,2.0,6.75,HWQ,DIAGNOSTIC_ONLY_HWQ_HYDRAULIC_TRANSFER,False,True,False,1.414298365920441e-10,1.942890293094024e-16,1.4142983659204411e-14,3.069615554396001e-26,3.0184188481996443e-16,True,True,7.274779736943238e-11,11,0,2.842170943040401e-14,True,"{""cl_i_mM"":28.16171677185999,""cl_l_mM"":142.47206714493097,""k_i_mM"":92.51254507625772,""k_l_mM"":13.80958681993622,""na_i_mM"":8.139213354725689,""na_l_mM"":136.40279169516367,""ph_i"":6.775320810187026,""ph_l"":7.106004326811974,""tic_i_mM"":4.629996052943318,""tic_l_mM"":8.497739680524585,""v_apical_mV"":-47.832293021648326,""v_basolateral_mV"":-69.04809955618377,""volume_i_pL"":1.3,""volume_l_pL"":0.10043714539723836}","[""cl_i_mM:outside_[47.1,53.1]"",""na_i_mM:outside_[10,35]"",""k_i_mM:outside_[100,160]""]",False,7.105427357601002e-15,[],True,True
STRICT_NATIVE_S1_PLOW_KHIGH_AE4NA05_P2_HWQ_H8:B00,STRICT_NATIVE_S1_PLOW_KHIGH_AE4NA05_P2_HWQ_H8,STRICT_NATIVE,1.0,2.0,8.0,HWQ,DIAGNOSTIC_ONLY_HWQ_HYDRAULIC_TRANSFER,False,True,False,7.357829623355627e-11,1.3183898417423734e-15,7.357829623355627e-15,3.554291694563791e-26,3.7816971776294395e-16,True,True,7.357829623355627e-11,11,0,7.105427357601002e-15,True,"{""cl_i_mM"":28.16149987841229,""cl_l_mM"":142.47050326529407,""k_i_mM"":92.51230858826767,""k_l_mM"":13.809576900904604,""na_i_mM"":8.139210536660634,""na_l_mM"":136.401193740277,""ph_i"":6.77531986844006,""ph_l"":7.106002700552144,""tic_i_mM"":4.629984847913247,""tic_l_mM"":8.497694258819829,""v_apical_mV"":-47.83221404870745,""v_basolateral_mV"":-69.0480151571344,""volume_i_pL"":1.3,""volume_l_pL"":0.10036885010345288}","[""cl_i_mM:outside_[47.1,53.1]"",""na_i_mM:outside_[10,35]"",""k_i_mM:outside_[100,160]""]",False,0.0,[],True,True
STRICT_NATIVE_S1_PLOW_KHIGH_AE4NA10_P1_H1:B00,STRICT_NATIVE_S1_PLOW_KHIGH_AE4NA10_P1_H1,STRICT_NATIVE,1.0,1.0,1.0,H1,PRODUCTION_PRE_REVEAL,True,True,False,1.0767211774953545e-11,1.7501625149130007e-14,1.0767211774953545e-15,3.554291694563791e-26,4.978656376053436e-16,True,True,1.0767211774953545e-11,11,0,1.4210854715202004e-14,True,"{""cl_i_mM"":27.159421226122028,""cl_l_mM"":142.12583184139643,""k_i_mM"":85.85335986603698,""k_l_mM"":12.601199592172204,""na_i_mM"":14.894816515532069,""na_l_mM"":137.66038255280986,""ph_i"":6.822860380129404,""ph_l"":7.120476217550257,""tic_i_mM"":5.1404397046170365,""tic_l_mM"":8.905396084093574,""v_apical_mV"":-48.48116319963156,""v_basolateral_mV"":-68.43486356770885,""volume_i_pL"":1.3,""volume_l_pL"":0.10278552489760313}","[""cl_i_mM:outside_[47.1,53.1]"",""k_i_mM:outside_[100,160]""]",False,2.673417043297377e-13,[],True,True
STRICT_NATIVE_S1_PLOW_KHIGH_AE4NA10_P1_H2.5:B00,STRICT_NATIVE_S1_PLOW_KHIGH_AE4NA10_P1_H2.5,STRICT_NATIVE,1.0,1.0,2.5,HW,DIAGNOSTIC_ONLY_HW_HYDRAULIC_TRANSFER,False,True,False,3.63804038977511e-11,1.7550197406457357e-14,3.63804038977511e-15,1.454028420503369e-26,7.45931094670027e-17,True,True,3.63804038977511e-11,11,0,1.7763568394002505e-15,True,"{""cl_i_mM"":27.154903835008703,""cl_l_mM"":142.08778958924142,""k_i_mM"":85.84856177970543,""k_l_mM"":12.601300885041443,""na_i_mM"":14.894590691566851,""na_l_mM"":137.62094992188344,""ph_i"":6.822841142729609,""ph_l"":7.120428333005909,""tic_i_mM"":5.140165381173171,""tic_l_mM"":8.90407121957291,""v_apical_mV"":-48.47873412458482,""v_basolateral_mV"":-68.43273566806997,""volume_i_pL"":1.3,""volume_l_pL"":0.10278721814194124}","[""cl_i_mM:outside_[47.1,53.1]"",""k_i_mM:outside_[100,160]""]",False,2.673417043297377e-13,[],True,True
STRICT_NATIVE_S1_PLOW_KHIGH_AE4NA10_P1_H3.5:B00,STRICT_NATIVE_S1_PLOW_KHIGH_AE4NA10_P1_H3.5,STRICT_NATIVE,1.0,1.0,3.5,HW,DIAGNOSTIC_ONLY_HW_HYDRAULIC_TRANSFER,False,True,False,1.384309333829492e-10,1.7563207832527183e-14,1.384309333829492e-14,4.8467614016778965e-26,5.100087019371813e-16,True,True,2.73750206530865e-11,11,0,1.4210854715202004e-14,True,"{""cl_i_mM"":27.154042619627855,""cl_l_mM"":142.08053822467122,""k_i_mM"":85.84764706135766,""k_l_mM"":12.601320142638336,""na_i_mM"":14.894547622240193,""na_l_mM"":137.61343356090322,""ph_i"":6.822837474930185,""ph_l"":7.120419204669096,""tic_i_mM"":5.140113078776771,""tic_l_mM"":8.90381865840235,""v_apical_mV"":-48.47827111779584,""v_basolateral_mV"":-68.43233002015597,""volume_i_pL"":1.3,""volume_l_pL"":0.10278754102806155}","[""cl_i_mM:outside_[47.1,53.1]"",""k_i_mM:outside_[100,160]""]",False,2.673417043297377e-13,[],True,True
STRICT_NATIVE_S1_PLOW_KHIGH_AE4NA10_P1_H5:B00,STRICT_NATIVE_S1_PLOW_KHIGH_AE4NA10_P1_H5,STRICT_NATIVE,1.0,1.0,5.0,HW,DIAGNOSTIC_ONLY_HW_HYDRAULIC_TRANSFER,False,True,False,7.861441532475144e-11,1.7464155122048908e-13,7.861441532475144e-15,4.2005265481208437e-26,4.40619762898109e-16,True,True,8.003580437287994e-11,11,0,2.1316282072803006e-14,True,"{""cl_i_mM"":27.15339654827784,""cl_l_mM"":142.07509860338592,""k_i_mM"":85.84696085501771,""k_l_mM"":12.601334578200383,""na_i_mM"":14.894515308633611,""na_l_mM"":137.60779515818487,""ph_i"":6.822834723342646,""ph_l"":7.120412356852188,""tic_i_mM"":5.1400738413915565,""tic_l_mM"":8.903629194199311,""v_apical_mV"":-48.47792379421009,""v_basolateral_mV"":-68.43202571406584,""volume_i_pL"":1.2999999999999916,""volume_l_pL"":0.10278778326908104}","[""cl_i_mM:outside_[47.1,53.1]"",""k_i_mM:outside_[100,160]""]",False,2.673417043297377e-13,[],True,True
STRICT_NATIVE_S1_PLOW_KHIGH_AE4NA10_P1_H6.75:B00,STRICT_NATIVE_S1_PLOW_KHIGH_AE4NA10_P1_H6.75,STRICT_NATIVE,1.0,1.0,6.75,HW,DIAGNOSTIC_ONLY_HW_HYDRAULIC_TRANSFER,False,True,False,1.9490702454771913e-11,1.7453920253540645e-14,1.9490702454771913e-15,2.4233807008389483e-26,2.38524477946811e-16,True,True,1.9468693150670457e-10,11,0,2.1316282072803006e-14,True,"{""cl_i_mM"":27.153005648488453,""cl_l_mM"":142.0718075112984,""k_i_mM"":85.84654567268538,""k_l_mM"":12.60134330764113,""na_i_mM"":14.894495756048828,""na_l_mM"":137.6043838013833,""ph_i"":6.822833058484743,""ph_l"":7.1204082136808715,""tic_i_mM"":5.140050100802942,""tic_l_mM"":8.903514562022965,""v_apical_mV"":-48.47771365634668,""v_basolateral_mV"":-68.43184159843449,""volume_i_pL"":1.3,""volume_l_pL"":0.10278792984176091}","[""cl_i_mM:outside_[47.1,53.1]"",""k_i_mM:outside_[100,160]""]",False,2.673417043297377e-13,[],True,True
STRICT_NATIVE_S1_PLOW_KHIGH_AE4NA10_P1_H8:B00,STRICT_NATIVE_S1_PLOW_KHIGH_AE4NA10_P1_H8,STRICT_NATIVE,1.0,1.0,8.0,HW,DIAGNOSTIC_ONLY_HW_HYDRAULIC_TRANSFER,False,True,False,7.91261587501646e-11,2.4332966197526673e-14,7.91261587501646e-15,9.693522803355793e-27,1.0928757898653885e-16,True,True,7.91261587501646e-11,11,0,8.324008149429574e-12,True,"{""cl_i_mM"":27.15283112345318,""cl_l_mM"":142.07033816250245,""k_i_mM"":85.84636030646534,""k_l_mM"":12.601347203939381,""na_i_mM"":14.894487026042054,""na_l_mM"":137.60286075952754,""ph_i"":6.822832315171763,""ph_l"":7.120406363894932,""tic_i_mM"":5.140039501249937,""tic_l_mM"":8.90346338255245,""v_apical_mV"":-48.477619837864076,""v_basolateral_mV"":-68.43175939685202,""volume_i_pL"":1.2999999999999996,""volume_l_pL"":0.10278799528373954}","[""cl_i_mM:outside_[47.1,53.1]"",""k_i_mM:outside_[100,160]""]",False,2.673417043297377e-13,[],True,True
STRICT_NATIVE_S1_PLOW_KHIGH_AE4NA10_P1_HWQ_H2.5:B00,STRICT_NATIVE_S1_PLOW_KHIGH_AE4NA10_P1_HWQ_H2.5,STRICT_NATIVE,1.0,1.0,2.5,HWQ,DIAGNOSTIC_ONLY_HWQ_HYDRAULIC_TRANSFER,False,True,False,4.251915659836403e-11,1.907501934184097e-14,4.251915659836403e-15,4.6852026882886333e-26,4.996003610813204e-16,True,True,3.63804038977511e-11,11,0,5.364597654988756e-12,True,"{""cl_i_mM"":27.154903835015524,""cl_l_mM"":142.08778958921698,""k_i_mM"":85.84856177969863,""k_l_mM"":12.60130088504583,""na_i_mM"":14.894590691566993,""na_l_mM"":137.6209499219213,""ph_i"":6.822841142728495,""ph_l"":7.120428333000694,""tic_i_mM"":5.140165381176111,""tic_l_mM"":8.904071219555096,""v_apical_mV"":-48.47873412457322,""v_basolateral_mV"":-68.43273566806904,""volume_i_pL"":1.3,""volume_l_pL"":0.10111488725677634}","[""cl_i_mM:outside_[47.1,53.1]"",""k_i_mM:outside_[100,160]""]",False,2.673417043297377e-13,[],True,True
STRICT_NATIVE_S1_PLOW_KHIGH_AE4NA10_P1_HWQ_H3.5:B00,STRICT_NATIVE_S1_PLOW_KHIGH_AE4NA10_P1_HWQ_H3.5,STRICT_NATIVE,1.0,1.0,3.5,HWQ,DIAGNOSTIC_ONLY_HWQ_HYDRAULIC_TRANSFER,False,True,False,1.556198746255344e-10,1.739060284666749e-14,1.556198746255344e-14,9.693522803355793e-27,1.222980050563649e-16,True,True,6.648978242984604e-11,11,0,4.686029342337861e-12,True,"{""cl_i_mM"":27.15404261963608,""cl_l_mM"":142.08053822464194,""k_i_mM"":85.84764706134898,""k_l_mM"":12.601320142643571,""na_i_mM"":14.894547622240276,""na_l_mM"":137.61343356094838,""ph_i"":6.822837474928798,""ph_l"":7.120419204662816,""tic_i_mM"":5.140113078780353,""tic_l_mM"":8.903818658381194,""v_apical_mV"":-48.47827111778191,""v_basolateral_mV"":-68.43233002015468,""volume_i_pL"":1.3,""volume_l_pL"":0.10079644029373173}","[""cl_i_mM:outside_[47.1,53.1]"",""k_i_mM:outside_[100,160]""]",False,2.673417043297377e-13,[],True,True
STRICT_NATIVE_S1_PLOW_KHIGH_AE4NA10_P1_HWQ_H5:B00,STRICT_NATIVE_S1_PLOW_KHIGH_AE4NA10_P1_HWQ_H5,STRICT_NATIVE,1.0,1.0,5.0,HWQ,DIAGNOSTIC_ONLY_HWQ_HYDRAULIC_TRANSFER,False,True,False,7.861441532475144e-11,1.760917800464057e-14,7.861441532475144e-15,1.7771458472818954e-26,2.3765711620882257e-16,True,True,6.77572147694816e-11,11,0,4.636291350834654e-12,True,"{""cl_i_mM"":27.153396548298453,""cl_l_mM"":142.0750986033558,""k_i_mM"":85.84696085496026,""k_l_mM"":12.601334578204417,""na_i_mM"":14.894515308627021,""na_l_mM"":137.60779515823177,""ph_i"":6.8228347233361015,""ph_l"":7.120412356838387,""tic_i_mM"":5.140073841402971,""tic_l_mM"":8.903629194178492,""v_apical_mV"":-48.477923794183035,""v_basolateral_mV"":-68.43202571405051,""volume_i_pL"":1.3,""volume_l_pL"":0.10055755665381601}","[""cl_i_mM:outside_[47.1,53.1]"",""k_i_mM:outside_[100,160]""]",False,2.673417043297377e-13,[],True,True
STRICT_NATIVE_S1_PLOW_KHIGH_AE4NA10_P1_HWQ_H6.75:B00,STRICT_NATIVE_S1_PLOW_KHIGH_AE4NA10_P1_HWQ_H6.75,STRICT_NATIVE,1.0,1.0,6.75,HWQ,DIAGNOSTIC_ONLY_HWQ_HYDRAULIC_TRANSFER,False,True,False,2.1479129239110328e-11,7.715095923233051e-14,2.147912923911033e-15,2.1002632740604218e-26,2.5934115965853266e-16,True,True,1.9490702454771913e-11,11,0,2.1316282072803006e-14,True,"{""cl_i_mM"":27.15300564849399,""cl_l_mM"":142.07180751126228,""k_i_mM"":85.84654567269325,""k_l_mM"":12.601343307648095,""na_i_mM"":14.8944957560515,""na_l_mM"":137.6043838014389,""ph_i"":6.8228330584849965,""ph_l"":7.120408213675954,""tic_i_mM"":5.140050100804394,""tic_l_mM"":8.903514561996563,""v_apical_mV"":-48.4777136563343,""v_basolateral_mV"":-68.43184159843824,""volume_i_pL"":1.2999999999999972,""volume_l_pL"":0.10041302664322378}","[""cl_i_mM:outside_[47.1,53.1]"",""k_i_mM:outside_[100,160]""]",False,2.673417043297377e-13,[],True,True
STRICT_NATIVE_S1_PLOW_KHIGH_AE4NA10_P1_HWQ_H8:B00,STRICT_NATIVE_S1_PLOW_KHIGH_AE4NA10_P1_HWQ_H8,STRICT_NATIVE,1.0,1.0,8.0,HWQ,DIAGNOSTIC_ONLY_HWQ_HYDRAULIC_TRANSFER,False,True,False,7.91261587501646e-11,1.7968265764167768e-14,7.91261587501646e-15,2.4233807008389483e-26,3.0878077872387166e-16,True,True,1.5506909992191176e-10,11,0,1.4210854715202004e-14,True,"{""cl_i_mM"":27.15283112346382,""cl_l_mM"":142.07033816246664,""k_i_mM"":85.84636030645274,""k_l_mM"":12.601347203945739,""na_i_mM"":14.894487026041901,""na_l_mM"":137.602860759583,""ph_i"":6.8228323151698556,""ph_l"":7.120406363886913,""tic_i_mM"":5.140039501254652,""tic_l_mM"":8.903463382526459,""v_apical_mV"":-48.477619837846426,""v_basolateral_mV"":-68.43175939684987,""volume_i_pL"":1.3,""volume_l_pL"":0.10034849941046738}","[""cl_i_mM:outside_[47.1,53.1]"",""k_i_mM:outside_[100,160]""]",False,2.673417043297377e-13,[],True,True
STRICT_NATIVE_S1_PLOW_KHIGH_AE4NA10_P2_H1:B00,STRICT_NATIVE_S1_PLOW_KHIGH_AE4NA10_P2_H1,STRICT_NATIVE,1.0,2.0,1.0,H1,PRODUCTION_PRE_REVEAL,True,True,False,4.059252933785729e-12,1.249000902703301e-16,4.0592529337857286e-16,1.454028420503369e-26,2.1510571102112408e-16,True,True,2.5153490401663703e-12,11,0,7.105427357601002e-14,True,"{""cl_i_mM"":26.70945084503011,""cl_l_mM"":142.50126434588654,""k_i_mM"":91.59651994870924,""k_l_mM"":12.937800374552683,""na_i_mM"":9.200077873892406,""na_l_mM"":137.33307791024865,""ph_i"":6.846390041422224,""ph_l"":7.106242558457725,""tic_i_mM"":5.329292032211557,""tic_l_mM"":8.529486782750535,""v_apical_mV"":-49.25710597557246,""v_basolateral_mV"":-70.27256265943711,""volume_i_pL"":1.3,""volume_l_pL"":0.10297274491833755}","[""cl_i_mM:outside_[47.1,53.1]"",""na_i_mM:outside_[10,35]"",""k_i_mM:outside_[100,160]""]",False,0.0,[],True,True
STRICT_NATIVE_S1_PLOW_KHIGH_AE4NA10_P2_H2.5:B00,STRICT_NATIVE_S1_PLOW_KHIGH_AE4NA10_P2_H2.5,STRICT_NATIVE,1.0,2.0,2.5,HW,DIAGNOSTIC_ONLY_HW_HYDRAULIC_TRANSFER,False,True,False,1.753588593778055e-11,4.102621020685149e-16,1.7535885937780549e-15,2.261821987449685e-26,2.5760643618255585e-16,True,True,1.753588593778055e-11,11,0,7.105427357601002e-15,True,"{""cl_i_mM"":26.704186805059468,""cl_l_mM"":142.4604584497535,""k_i_mM"":91.59075429256866,""k_l_mM"":12.937677603199704,""na_i_mM"":9.199927471644697,""na_l_mM"":137.29122552965518,""ph_i"":6.8463653007232255,""ph_l"":7.106199299704407,""tic_i_mM"":5.328945256692366,""tic_l_mM"":8.528279959405145,""v_apical_mV"":-49.25494224247505,""v_basolateral_mV"":-70.2703344504092,""volume_i_pL"":1.3,""volume_l_pL"":0.10297455433942801}","[""cl_i_mM:outside_[47.1,53.1]"",""na_i_mM:outside_[10,35]"",""k_i_mM:outside_[100,160]""]",False,7.105427357601002e-15,[],True,True
STRICT_NATIVE_S1_PLOW_KHIGH_AE4NA10_P2_H3.5:B00,STRICT_NATIVE_S1_PLOW_KHIGH_AE4NA10_P2_H3.5,STRICT_NATIVE,1.0,2.0,3.5,HW,DIAGNOSTIC_ONLY_HW_HYDRAULIC_TRANSFER,False,True,False,4.4962948295146354e-11,1.6954406628633123e-13,4.4962948295146354e-15,3.877409121342317e-26,3.7556763254897874e-16,True,True,4.4962948295146354e-11,11,0,9.440626058676571e-11,True,"{""cl_i_mM"":26.703183257090675,""cl_l_mM"":142.45268029304327,""k_i_mM"":91.58965511030762,""k_l_mM"":12.93765413830133,""na_i_mM"":9.199898792045204,""na_l_mM"":137.28324793573293,""ph_i"":6.84636058360307,""ph_l"":7.106191053086706,""tic_i_mM"":5.328879140495675,""tic_l_mM"":8.528049893715403,""v_apical_mV"":-49.25452982599979,""v_basolateral_mV"":-70.26990967708734,""volume_i_pL"":1.2999999999999898,""volume_l_pL"":0.10297489938659336}","[""cl_i_mM:outside_[47.1,53.1]"",""na_i_mM:outside_[10,35]"",""k_i_mM:outside_[100,160]""]",False,0.0,[],True,True
STRICT_NATIVE_S1_PLOW_KHIGH_AE4NA10_P2_H5:B00,STRICT_NATIVE_S1_PLOW_KHIGH_AE4NA10_P2_H5,STRICT_NATIVE,1.0,2.0,5.0,HW,DIAGNOSTIC_ONLY_HW_HYDRAULIC_TRANSFER,False,True,False,2.023663354944194e-11,7.283236513888625e-15,2.023663354944194e-15,9.693522803355793e-27,1.2750217548429532e-16,True,True,2.023663354944194e-11,11,0,7.105427357601002e-15,True,"{""cl_i_mM"":26.70243041241157,""cl_l_mM"":142.44684549694097,""k_i_mM"":91.58883052119218,""k_l_mM"":12.937636522817689,""na_i_mM"":9.199877275705397,""na_l_mM"":137.27726353925158,""ph_i"":6.846357044783751,""ph_l"":7.106184866667774,""tic_i_mM"":5.32882953996345,""tic_l_mM"":8.527877303538867,""v_apical_mV"":-49.254220455414305,""v_basolateral_mV"":-70.26959102292903,""volume_i_pL"":1.2999999999999996,""volume_l_pL"":0.10297515825515736}","[""cl_i_mM:outside_[47.1,53.1]"",""na_i_mM:outside_[10,35]"",""k_i_mM:outside_[100,160]""]",False,0.0,[],True,True
STRICT_NATIVE_S1_PLOW_KHIGH_AE4NA10_P2_H6.75:B00,STRICT_NATIVE_S1_PLOW_KHIGH_AE4NA10_P2_H6.75,STRICT_NATIVE,1.0,2.0,6.75,HW,DIAGNOSTIC_ONLY_HW_HYDRAULIC_TRANSFER,False,True,False,3.384120240979005e-11,1.3530843112619095e-16,3.384120240979005e-15,3.069615554396001e-26,2.975050761300224e-16,True,True,1.7265919596831658e-11,11,0,8.526512829121202e-14,True,"{""cl_i_mM"":26.701974911366683,""cl_l_mM"":142.4433153148738,""k_i_mM"":91.58833161148877,""k_l_mM"":12.937625859541626,""na_i_mM"":9.199864256886446,""na_l_mM"":137.27364284884473,""ph_i"":6.846354903615708,""ph_l"":7.106181123669425,""tic_i_mM"":5.328799529121576,""tic_l_mM"":8.527772880101455,""v_apical_mV"":-49.25403328108517,""v_basolateral_mV"":-70.26939822598004,""volume_i_pL"":1.3,""volume_l_pL"":0.10297531488929189}","[""cl_i_mM:outside_[47.1,53.1]"",""na_i_mM:outside_[10,35]"",""k_i_mM:outside_[100,160]""]",False,1.4210854715202004e-14,[],True,True
STRICT_NATIVE_S1_PLOW_KHIGH_AE4NA10_P2_H8:B00,STRICT_NATIVE_S1_PLOW_KHIGH_AE4NA10_P2_H8,STRICT_NATIVE,1.0,2.0,8.0,HW,DIAGNOSTIC_ONLY_HW_HYDRAULIC_TRANSFER,False,True,False,2.0911007300727924e-11,2.718963075520886e-12,2.0911007300727924e-15,1.6155871338926322e-26,2.5066754227864863e-16,True,True,2.0911007300727924e-11,11,0,1.7763568394002505e-15,True,"{""cl_i_mM"":26.70177154387027,""cl_l_mM"":142.4417392212636,""k_i_mM"":91.58810886438259,""k_l_mM"":12.93762109748251,""na_i_mM"":9.199858444276268,""na_l_mM"":137.27202634754926,""ph_i"":6.846353947726904,""ph_l"":7.106179452660261,""tic_i_mM"":5.328786129939923,""tic_l_mM"":8.52772625828656,""v_apical_mV"":-49.25394971542396,""v_basolateral_mV"":-70.26931214866117,""volume_i_pL"":1.299999999999835,""volume_l_pL"":0.10297538482368719}","[""cl_i_mM:outside_[47.1,53.1]"",""na_i_mM:outside_[10,35]"",""k_i_mM:outside_[100,160]""]",False,0.0,[],True,True
STRICT_NATIVE_S1_PLOW_KHIGH_AE4NA10_P2_HWQ_H2.5:B00,STRICT_NATIVE_S1_PLOW_KHIGH_AE4NA10_P2_HWQ_H2.5,STRICT_NATIVE,1.0,2.0,2.5,HWQ,DIAGNOSTIC_ONLY_HWQ_HYDRAULIC_TRANSFER,False,True,False,2.3674638638393475e-11,3.469446951953614e-16,2.3674638638393475e-15,9.693522803355793e-27,6.938893903907228e-17,True,True,2.3674638638393475e-11,11,0,1.4210854715202004e-14,True,"{""cl_i_mM"":26.70418680506739,""cl_l_mM"":142.46045844972798,""k_i_mM"":91.59075429256043,""k_l_mM"":12.937677603204698,""na_i_mM"":9.199927471644799,""na_l_mM"":137.29122552969426,""ph_i"":6.846365300721918,""ph_l"":7.106199299698479,""tic_i_mM"":5.3289452566957625,""tic_l_mM"":8.528279959386577,""v_apical_mV"":-49.2549422424621,""v_basolateral_mV"":-70.27033445040799,""volume_i_pL"":1.3,""volume_l_pL"":0.10118982173577105}","[""cl_i_mM:outside_[47.1,53.1]"",""na_i_mM:outside_[10,35]"",""k_i_mM:outside_[100,160]""]",False,1.4210854715202004e-14,[],True,True
STRICT_NATIVE_S1_PLOW_KHIGH_AE4NA10_P2_HWQ_H3.5:B00,STRICT_NATIVE_S1_PLOW_KHIGH_AE4NA10_P2_HWQ_H3.5,STRICT_NATIVE,1.0,2.0,3.5,HWQ,DIAGNOSTIC_ONLY_HWQ_HYDRAULIC_TRANSFER,False,True,False,5.749740961125127e-11,5.412337245047638e-16,5.749740961125127e-15,1.1309109937248425e-26,1.4137996329210978e-16,True,True,5.749740961125127e-11,11,0,6.750155989720952e-14,True,"{""cl_i_mM"":26.703183257112396,""cl_l_mM"":142.45268029301505,""k_i_mM"":91.58965511023905,""k_l_mM"":12.937654138305081,""na_i_mM"":9.199898792043136,""na_l_mM"":137.28324793577565,""ph_i"":6.846360583596024,""ph_l"":7.106191053072243,""tic_i_mM"":5.328879140507608,""tic_l_mM"":8.528049893697087,""v_apical_mV"":-49.25452982597149,""v_basolateral_mV"":-70.26990967706963,""volume_i_pL"":1.3,""volume_l_pL"":0.10084997125331208}","[""cl_i_mM:outside_[47.1,53.1]"",""na_i_mM:outside_[10,35]"",""k_i_mM:outside_[100,160]""]",False,0.0,[],True,True
STRICT_NATIVE_S1_PLOW_KHIGH_AE4NA10_P2_HWQ_H5:B00,STRICT_NATIVE_S1_PLOW_KHIGH_AE4NA10_P2_HWQ_H5,STRICT_NATIVE,1.0,2.0,5.0,HWQ,DIAGNOSTIC_ONLY_HWQ_HYDRAULIC_TRANSFER,False,True,False,4.479272855406613e-11,7.355227538141662e-16,4.479272855406613e-15,1.1309109937248425e-26,1.465841337200402e-16,True,True,3.251522315284028e-11,11,0,1.4210854715202004e-14,True,"{""cl_i_mM"":26.70243041242278,""cl_l_mM"":142.44684549690695,""k_i_mM"":91.58883052117852,""k_l_mM"":12.937636522824286,""na_i_mM"":9.199877275705436,""na_l_mM"":137.27726353930385,""ph_i"":6.846357044781748,""ph_l"":7.106184866659478,""tic_i_mM"":5.328829539968361,""tic_l_mM"":8.5278773035141,""v_apical_mV"":-49.25422045539634,""v_basolateral_mV"":-70.26959102292669,""volume_i_pL"":1.3,""volume_l_pL"":0.10059503165103137}","[""cl_i_mM:outside_[47.1,53.1]"",""na_i_mM:outside_[10,35]"",""k_i_mM:outside_[100,160]""]",False,1.4210854715202004e-14,[],True,True
STRICT_NATIVE_S1_PLOW_KHIGH_AE4NA10_P2_HWQ_H6.75:B00,STRICT_NATIVE_S1_PLOW_KHIGH_AE4NA10_P2_HWQ_H6.75,STRICT_NATIVE,1.0,2.0,6.75,HWQ,DIAGNOSTIC_ONLY_HWQ_HYDRAULIC_TRANSFER,False,True,False,1.8687308644960154e-11,5.412337245047638e-16,1.8687308644960154e-15,5.654554968624213e-26,5.872038966181492e-16,True,True,1.8687308644960154e-11,11,0,7.105427357601002e-15,True,"{""cl_i_mM"":26.701974911378038,""cl_l_mM"":142.44331531483726,""k_i_mM"":91.588331611477,""k_l_mM"":12.937625859548772,""na_i_mM"":9.199864256886588,""na_l_mM"":137.27364284890064,""ph_i"":6.846354903613834,""ph_l"":7.106181123660955,""tic_i_mM"":5.328799529126428,""tic_l_mM"":8.527772880074941,""v_apical_mV"":-49.25403328106661,""v_basolateral_mV"":-70.26939822597829,""volume_i_pL"":1.3,""volume_l_pL"":0.10044078739100613}","[""cl_i_mM:outside_[47.1,53.1]"",""na_i_mM:outside_[10,35]"",""k_i_mM:outside_[100,160]""]",False,1.4210854715202004e-14,[],True,True
STRICT_NATIVE_S1_PLOW_KHIGH_AE4NA10_P2_HWQ_H8:B00,STRICT_NATIVE_S1_PLOW_KHIGH_AE4NA10_P2_HWQ_H8,STRICT_NATIVE,1.0,2.0,8.0,HWQ,DIAGNOSTIC_ONLY_HWQ_HYDRAULIC_TRANSFER,False,True,False,3.074146839865399e-11,3.885780586188048e-16,3.0741468398653993e-15,1.2924697071141057e-26,7.632783294297951e-17,True,True,2.230995336388597e-10,11,0,2.1316282072803006e-14,True,"{""cl_i_mM"":26.70177154407795,""cl_l_mM"":142.44173922126217,""k_i_mM"":91.58810886342768,""k_l_mM"":12.937621097454294,""na_i_mM"":9.199858444241276,""na_l_mM"":137.2720263475438,""ph_i"":6.846353947637013,""ph_l"":7.106179452533231,""tic_i_mM"":5.328786130071251,""tic_l_mM"":8.527726258321586,""v_apical_mV"":-49.25394971519959,""v_basolateral_mV"":-70.26931214839855,""volume_i_pL"":1.3,""volume_l_pL"":0.10037192310295952}","[""cl_i_mM:outside_[47.1,53.1]"",""na_i_mM:outside_[10,35]"",""k_i_mM:outside_[100,160]""]",False,0.0,[],True,True
STRICT_NATIVE_S1_PLOW_KHIGH_AE4NA20_P1_H1:B00,STRICT_NATIVE_S1_PLOW_KHIGH_AE4NA20_P1_H1,STRICT_NATIVE,1.0,1.0,1.0,H1,PRODUCTION_PRE_REVEAL,True,True,False,7.696751222474596e-12,1.5856239932166005e-14,7.696751222474596e-16,2.1002632740604218e-26,2.437286483747414e-16,True,True,7.696751222474596e-12,11,0,7.105427357601002e-15,True,"{""cl_i_mM"":26.131675857041465,""cl_l_mM"":141.88356252502155,""k_i_mM"":81.33860716085142,""k_l_mM"":11.589094512535778,""na_i_mM"":20.406451659382785,""na_l_mM"":138.66452644320958,""ph_i"":6.904201315072444,""ph_l"":7.125647035575973,""tic_i_mM"":6.123240550504976,""tic_l_mM"":9.15235260724865,""v_apical_mV"":-49.3364316989115,""v_basolateral_mV"":-68.50433101244816,""volume_i_pL"":1.3,""volume_l_pL"":0.1027160236812735}","[""cl_i_mM:outside_[47.1,53.1]"",""k_i_mM:outside_[100,160]""]",False,2.7355895326763857e-13,[],True,True
STRICT_NATIVE_S1_PLOW_KHIGH_AE4NA20_P1_H2.5:B00,STRICT_NATIVE_S1_PLOW_KHIGH_AE4NA20_P1_H2.5,STRICT_NATIVE,1.0,1.0,2.5,HW,DIAGNOSTIC_ONLY_HW_HYDRAULIC_TRANSFER,False,True,False,3.4645680421774294e-11,7.011145136681662e-14,3.4645680421774294e-15,5.816113682013476e-26,6.25367813089639e-16,True,True,3.4645680421774294e-11,11,0,3.4212632726848824e-11,True,"{""cl_i_mM"":26.127700989597127,""cl_l_mM"":141.84659872851256,""k_i_mM"":81.33472655992563,""k_l_mM"":11.589371268796466,""na_i_mM"":20.405849482482587,""na_l_mM"":138.62590034938935,""ph_i"":6.90418478147054,""ph_l"":7.125596055535025,""tic_i_mM"":6.122935842086771,""tic_l_mM"":9.150930848378877,""v_apical_mV"":-49.333841456394374,""v_basolateral_mV"":-68.50228646622593,""volume_i_pL"":1.3000000000000034,""volume_l_pL"":0.10271767299996043}","[""cl_i_mM:outside_[47.1,53.1]"",""k_i_mM:outside_[100,160]""]",False,2.744471316873387e-13,[],True,True
STRICT_NATIVE_S1_PLOW_KHIGH_AE4NA20_P1_H3.5:B00,STRICT_NATIVE_S1_PLOW_KHIGH_AE4NA20_P1_H3.5,STRICT_NATIVE,1.0,1.0,3.5,HW,DIAGNOSTIC_ONLY_HW_HYDRAULIC_TRANSFER,False,True,False,4.484368605617295e-11,1.615201028482005e-14,4.484368605617295e-15,2.261821987449685e-26,2.645453300864631e-16,True,True,4.484368605617295e-11,11,0,2.1316282072803006e-14,True,"{""cl_i_mM"":26.12694319678652,""cl_l_mM"":141.8395529359674,""k_i_mM"":81.33398676547786,""k_l_mM"":11.589423985626048,""na_i_mM"":20.405734647236184,""na_l_mM"":138.6185377175975,""ph_i"":6.90418162921902,""ph_l"":7.125586337148773,""tic_i_mM"":6.122877746746153,""tic_l_mM"":9.15065981989688,""v_apical_mV"":-49.333347723783014,""v_basolateral_mV"":-68.50189671308254,""volume_i_pL"":1.3,""volume_l_pL"":0.10271798750745538}","[""cl_i_mM:outside_[47.1,53.1]"",""k_i_mM:outside_[100,160]""]",False,2.753353101070388e-13,[],True,True
STRICT_NATIVE_S1_PLOW_KHIGH_AE4NA20_P1_H5:B00,STRICT_NATIVE_S1_PLOW_KHIGH_AE4NA20_P1_H5,STRICT_NATIVE,1.0,1.0,5.0,HW,DIAGNOSTIC_ONLY_HW_HYDRAULIC_TRANSFER,False,True,False,2.06398483373893e-10,1.572787039494372e-14,2.06398483373893e-14,1.1309109937248425e-26,1.8474805019152996e-16,True,True,1.3545805102599395e-10,11,0,4.803268893738277e-12,True,"{""cl_i_mM"":26.12637471019631,""cl_l_mM"":141.83426752565347,""k_i_mM"":81.33343178665307,""k_l_mM"":11.58946352352506,""na_i_mM"":20.405648492427638,""na_l_mM"":138.61301463344566,""ph_i"":6.90417926439907,""ph_l"":7.125579046695111,""tic_i_mM"":6.122834163541807,""tic_l_mM"":9.150456502850124,""v_apical_mV"":-49.33297735008433,""v_basolateral_mV"":-68.50160433182346,""volume_i_pL"":1.3,""volume_l_pL"":0.10271822346201527}","[""cl_i_mM:outside_[47.1,53.1]"",""k_i_mM:outside_[100,160]""]",False,2.753353101070388e-13,[],True,True
STRICT_NATIVE_S1_PLOW_KHIGH_AE4NA20_P1_H6.75:B00,STRICT_NATIVE_S1_PLOW_KHIGH_AE4NA20_P1_H6.75,STRICT_NATIVE,1.0,1.0,6.75,HW,DIAGNOSTIC_ONLY_HW_HYDRAULIC_TRANSFER,False,True,False,6.415441095031227e-11,1.6002824065886045e-14,6.415441095031227e-15,3.3927329811745276e-26,3.7643499428696714e-16,True,True,9.730606077840154e-11,11,0,4.899192163065891e-12,True,"{""cl_i_mM"":26.126030751796282,""cl_l_mM"":141.83106973498005,""k_i_mM"":81.33309600336706,""k_l_mM"":11.589487441627861,""na_i_mM"":20.405596362276263,""na_l_mM"":138.60967304629025,""ph_i"":6.904177833566694,""ph_l"":7.1255746357288,""tic_i_mM"":6.122807793522686,""tic_l_mM"":9.150333489570134,""v_apical_mV"":-49.33275326595775,""v_basolateral_mV"":-68.50142743157062,""volume_i_pL"":1.3,""volume_l_pL"":0.10271836623073921}","[""cl_i_mM:outside_[47.1,53.1]"",""k_i_mM:outside_[100,160]""]",False,2.753353101070388e-13,[],True,True
STRICT_NATIVE_S1_PLOW_KHIGH_AE4NA20_P1_H8:B00,STRICT_NATIVE_S1_PLOW_KHIGH_AE4NA20_P1_H8,STRICT_NATIVE,1.0,1.0,8.0,HW,DIAGNOSTIC_ONLY_HW_HYDRAULIC_TRANSFER,False,True,False,1.7553233172540317e-11,1.611905053877649e-14,1.7553233172540317e-15,1.9387045606711586e-26,2.5673907444456745e-16,True,True,1.7553233172540317e-11,11,0,2.842170943040401e-14,True,"{""cl_i_mM"":26.12587718454972,""cl_l_mM"":141.82964204184057,""k_i_mM"":81.33294608663793,""k_l_mM"":11.589498119380059,""na_i_mM"":20.40557308701185,""na_l_mM"":138.60818115379354,""ph_i"":6.904177194738384,""ph_l"":7.125572666378973,""tic_i_mM"":6.1227960200068825,""tic_l_mM"":9.150278568297505,""v_apical_mV"":-49.33265322087836,""v_basolateral_mV"":-68.50134845151459,""volume_i_pL"":1.3,""volume_l_pL"":0.10271842997427058}","[""cl_i_mM:outside_[47.1,53.1]"",""k_i_mM:outside_[100,160]""]",False,2.753353101070388e-13,[],True,True
STRICT_NATIVE_S1_PLOW_KHIGH_AE4NA20_P1_HWQ_H2.5:B00,STRICT_NATIVE_S1_PLOW_KHIGH_AE4NA20_P1_HWQ_H2.5,STRICT_NATIVE,1.0,1.0,2.5,HWQ,DIAGNOSTIC_ONLY_HWQ_HYDRAULIC_TRANSFER,False,True,False,3.4645680421774294e-11,8.204374679632309e-15,3.4645680421774294e-15,5.331437541845686e-26,5.455705331947058e-16,True,True,3.4645680421774294e-11,11,0,7.105427357601002e-15,True,"{""cl_i_mM"":26.12770098959914,""cl_l_mM"":141.84659872848707,""k_i_mM"":81.33472655993472,""k_l_mM"":11.589371268800836,""na_i_mM"":20.405849482488417,""na_l_mM"":138.62590034942878,""ph_i"":6.9041847814713915,""ph_l"":7.12559605553276,""tic_i_mM"":6.122935842086899,""tic_l_mM"":9.150930848360613,""v_apical_mV"":-49.33384145638743,""v_basolateral_mV"":-68.50228646622982,""volume_i_pL"":1.2999999999999994,""volume_l_pL"":0.10108706919998407}","[""cl_i_mM:outside_[47.1,53.1]"",""k_i_mM:outside_[100,160]""]",False,2.744471316873387e-13,[],True,True
STRICT_NATIVE_S1_PLOW_KHIGH_AE4NA20_P1_HWQ_H3.5:B00,STRICT_NATIVE_S1_PLOW_KHIGH_AE4NA20_P1_HWQ_H3.5,STRICT_NATIVE,1.0,1.0,3.5,HWQ,DIAGNOSTIC_ONLY_HWQ_HYDRAULIC_TRANSFER,False,True,False,4.484368605617295e-11,1.6115581091824538e-14,4.484368605617295e-15,2.908056841006738e-26,2.914335439641036e-16,True,True,4.484368605617295e-11,11,0,1.4210854715202004e-14,True,"{""cl_i_mM"":26.126943196794123,""cl_l_mM"":141.839552935939,""k_i_mM"":81.33398676546898,""k_l_mM"":11.589423985630578,""na_i_mM"":20.405734647236667,""na_l_mM"":138.6185377176425,""ph_i"":6.904181629217729,""ph_l"":7.12558633714282,""tic_i_mM"":6.12287774674974,""tic_l_mM"":9.150659819875749,""v_apical_mV"":-49.333347723769506,""v_basolateral_mV"":-68.50189671308115,""volume_i_pL"":1.3,""volume_l_pL"":0.10077656785927283}","[""cl_i_mM:outside_[47.1,53.1]"",""k_i_mM:outside_[100,160]""]",False,2.744471316873387e-13,[],True,True
STRICT_NATIVE_S1_PLOW_KHIGH_AE4NA20_P1_HWQ_H5:B00,STRICT_NATIVE_S1_PLOW_KHIGH_AE4NA20_P1_HWQ_H5,STRICT_NATIVE,1.0,1.0,5.0,HWQ,DIAGNOSTIC_ONLY_HWQ_HYDRAULIC_TRANSFER,False,True,False,4.7748263676261615e-11,1.6112111644872584e-14,4.7748263676261615e-15,1.1309109937248425e-26,1.3877787807814457e-16,True,True,4.7748263676261615e-11,11,0,2.842170943040401e-14,True,"{""cl_i_mM"":26.126374710204793,""cl_l_mM"":141.83426752562121,""k_i_mM"":81.3334317866431,""k_l_mM"":11.589463523530169,""na_i_mM"":20.405648492428167,""na_l_mM"":138.61301463349622,""ph_i"":6.904179264397625,""ph_l"":7.125579046688506,""tic_i_mM"":6.122834163545805,""tic_l_mM"":9.150456502826712,""v_apical_mV"":-49.332977350069164,""v_basolateral_mV"":-68.50160433182185,""volume_i_pL"":1.3,""volume_l_pL"":0.10054364469240294}","[""cl_i_mM:outside_[47.1,53.1]"",""k_i_mM:outside_[100,160]""]",False,2.753353101070388e-13,[],True,True
STRICT_NATIVE_S1_PLOW_KHIGH_AE4NA20_P1_HWQ_H6.75:B00,STRICT_NATIVE_S1_PLOW_KHIGH_AE4NA20_P1_HWQ_H6.75,STRICT_NATIVE,1.0,1.0,6.75,HWQ,DIAGNOSTIC_ONLY_HWQ_HYDRAULIC_TRANSFER,False,True,False,8.072969376327066e-11,1.5923026785991112e-14,8.072969376327066e-15,1.1309109937248425e-26,1.3183898417423734e-16,True,True,1.3344794019820583e-10,11,0,4.906297590423492e-12,True,"{""cl_i_mM"":26.12603075180534,""cl_l_mM"":141.83106973494594,""k_i_mM"":81.33309600335645,""k_l_mM"":11.58948744163329,""na_i_mM"":20.405596362276842,""na_l_mM"":138.60967304634417,""ph_i"":6.904177833565153,""ph_l"":7.125574635721703,""tic_i_mM"":6.122807793526965,""tic_l_mM"":9.150333489544932,""v_apical_mV"":-49.33275326594162,""v_basolateral_mV"":-68.50142743156897,""volume_i_pL"":1.3,""volume_l_pL"":0.1004027209230724}","[""cl_i_mM:outside_[47.1,53.1]"",""k_i_mM:outside_[100,160]""]",False,2.753353101070388e-13,[],True,True
STRICT_NATIVE_S1_PLOW_KHIGH_AE4NA20_P1_HWQ_H8:B00,STRICT_NATIVE_S1_PLOW_KHIGH_AE4NA20_P1_HWQ_H8,STRICT_NATIVE,1.0,1.0,8.0,HWQ,DIAGNOSTIC_ONLY_HWQ_HYDRAULIC_TRANSFER,False,True,False,3.719897653797766e-11,7.494005416219807e-15,3.719897653797766e-15,1.2924697071141057e-26,1.951563910473908e-16,True,True,1.7553233172540317e-11,11,0,3.787192781601334e-12,True,"{""cl_i_mM"":26.125877184557936,""cl_l_mM"":141.82964204180522,""k_i_mM"":81.33294608663142,""k_l_mM"":11.58949811938581,""na_i_mM"":20.405573087013853,""na_l_mM"":138.60818115384936,""ph_i"":6.9041771947373,""ph_l"":7.125572666372348,""tic_i_mM"":6.122796020010547,""tic_l_mM"":9.1502785682713,""v_apical_mV"":-49.332653220862895,""v_basolateral_mV"":-68.50134845151423,""volume_i_pL"":1.2999999999999974,""volume_l_pL"":0.10033980374678375}","[""cl_i_mM:outside_[47.1,53.1]"",""k_i_mM:outside_[100,160]""]",False,2.753353101070388e-13,[],True,True
STRICT_NATIVE_S1_PLOW_KHIGH_AE4NA20_P2_H1:B00,STRICT_NATIVE_S1_PLOW_KHIGH_AE4NA20_P2_H1,STRICT_NATIVE,1.0,2.0,1.0,H1,PRODUCTION_PRE_REVEAL,True,True,False,3.854338723185968e-12,3.608224830031759e-16,3.8543387231859683e-16,2.5849394142282115e-26,2.489328188026718e-16,True,True,3.854338723185968e-12,11,0,8.526512829121202e-14,True,"{""cl_i_mM"":25.0301301768342,""cl_l_mM"":142.47468165874508,""k_i_mM"":91.054844113545,""k_l_mM"":12.01950321367925,""na_i_mM"":10.5167074240016,""na_l_mM"":138.24998140169683,""ph_i"":6.944065818370349,""ph_l"":7.1052014727329045,""tic_i_mM"":6.51012582622851,""tic_l_mM"":8.558996024262006,""v_apical_mV"":-50.99822800939416,""v_basolateral_mV"":-71.80030061994321,""volume_i_pL"":1.3,""volume_l_pL"":0.10300528552280772}","[""cl_i_mM:outside_[47.1,53.1]"",""k_i_mM:outside_[100,160]""]",False,1.4210854715202004e-14,[],True,True
STRICT_NATIVE_S1_PLOW_KHIGH_AE4NA20_P2_H2.5:B00,STRICT_NATIVE_S1_PLOW_KHIGH_AE4NA20_P2_H2.5,STRICT_NATIVE,1.0,2.0,2.5,HW,DIAGNOSTIC_ONLY_HW_HYDRAULIC_TRANSFER,False,True,False,7.247891523065597e-12,3.469446951953614e-16,7.247891523065597e-16,3.2311742677852644e-26,3.5388358909926865e-16,True,True,1.3386644223678523e-11,11,0,1.7763568394002505e-15,True,"{""cl_i_mM"":25.02522920996633,""cl_l_mM"":142.43344995454066,""k_i_mM"":91.04945297155986,""k_l_mM"":12.019503717381678,""na_i_mM"":10.516446418350684,""na_l_mM"":138.2075465940402,""ph_i"":6.944041108657268,""ph_l"":7.105157059360127,""tic_i_mM"":6.5096875908607705,""tic_l_mM"":8.557754801756076,""v_apical_mV"":-50.99594931351463,""v_basolateral_mV"":-71.79803516416632,""volume_i_pL"":1.3,""volume_l_pL"":0.10300711467177905}","[""cl_i_mM:outside_[47.1,53.1]"",""k_i_mM:outside_[100,160]""]",False,0.0,[],True,True
STRICT_NATIVE_S1_PLOW_KHIGH_AE4NA20_P2_H3.5:B00,STRICT_NATIVE_S1_PLOW_KHIGH_AE4NA20_P2_H3.5,STRICT_NATIVE,1.0,2.0,3.5,HW,DIAGNOSTIC_ONLY_HW_HYDRAULIC_TRANSFER,False,True,False,2.6501153702063185e-11,3.30221960886945e-13,2.6501153702063185e-15,1.7771458472818954e-26,2.220446049250313e-16,True,True,2.6501153702063185e-11,11,0,3.552713678800501e-15,True,"{""cl_i_mM"":25.02429487634583,""cl_l_mM"":142.42559063330802,""k_i_mM"":91.0484251852844,""k_l_mM"":12.01950375909233,""na_i_mM"":10.516396650964392,""na_l_mM"":138.19945797292013,""ph_i"":6.944036397458291,""ph_l"":7.10514859263736,""tic_i_mM"":6.509604037121573,""tic_l_mM"":8.557518178769318,""v_apical_mV"":-50.99551497870531,""v_basolateral_mV"":-71.79760328831925,""volume_i_pL"":1.2999999999999527,""volume_l_pL"":0.10300746348221468}","[""cl_i_mM:outside_[47.1,53.1]"",""k_i_mM:outside_[100,160]""]",False,7.105427357601002e-15,[],True,True
STRICT_NATIVE_S1_PLOW_KHIGH_AE4NA20_P2_H5:B00,STRICT_NATIVE_S1_PLOW_KHIGH_AE4NA20_P2_H5,STRICT_NATIVE,1.0,2.0,5.0,HW,DIAGNOSTIC_ONLY_HW_HYDRAULIC_TRANSFER,False,True,False,1.6026676513680727e-11,2.7755575615628914e-16,1.6026676513680727e-15,4.8467614016778965e-27,3.642919299551295e-17,True,True,1.6026676513680727e-11,11,0,7.105427357601002e-15,True,"{""cl_i_mM"":25.023593954552858,""cl_l_mM"":142.41969495156758,""k_i_mM"":91.04765415564735,""k_l_mM"":12.019503778954839,""na_i_mM"":10.516359314472378,""na_l_mM"":138.1933902873746,""ph_i"":6.944032863073919,""ph_l"":7.105142241089384,""tic_i_mM"":6.5095413549501515,""tic_l_mM"":8.557340669562242,""v_apical_mV"":-50.995189164998806,""v_basolateral_mV"":-71.79727930557006,""volume_i_pL"":1.3,""volume_l_pL"":0.10300772517440376}","[""cl_i_mM:outside_[47.1,53.1]"",""k_i_mM:outside_[100,160]""]",False,0.0,[],True,True
STRICT_NATIVE_S1_PLOW_KHIGH_AE4NA20_P2_H6.75:B00,STRICT_NATIVE_S1_PLOW_KHIGH_AE4NA20_P2_H6.75,STRICT_NATIVE,1.0,2.0,6.75,HW,DIAGNOSTIC_ONLY_HW_HYDRAULIC_TRANSFER,False,True,False,3.414803162460345e-11,3.0531133177191805e-16,3.4148031624603448e-15,2.1002632740604218e-26,2.2638141361497333e-16,True,True,3.414803162460345e-11,11,0,2.1316282072803006e-14,True,"{""cl_i_mM"":25.02316986868157,""cl_l_mM"":142.4161279323485,""k_i_mM"":91.0471876514044,""k_l_mM"":12.019503786221053,""na_i_mM"":10.516336723647573,""na_l_mM"":138.18971920445946,""ph_i"":6.944030724593351,""ph_l"":7.105138398186428,""tic_i_mM"":6.509503429065326,""tic_l_mM"":8.557233269967812,""v_apical_mV"":-50.99499204179502,""v_basolateral_mV"":-71.79708328446995,""volume_i_pL"":1.3,""volume_l_pL"":0.10300788351714632}","[""cl_i_mM:outside_[47.1,53.1]"",""k_i_mM:outside_[100,160]""]",False,1.4210854715202004e-14,[],True,True
STRICT_NATIVE_S1_PLOW_KHIGH_AE4NA20_P2_H8:B00,STRICT_NATIVE_S1_PLOW_KHIGH_AE4NA20_P2_H8,STRICT_NATIVE,1.0,2.0,8.0,HW,DIAGNOSTIC_ONLY_HW_HYDRAULIC_TRANSFER,False,True,False,1.4411215276677325e-11,9.87976193911333e-13,1.4411215276677325e-15,1.454028420503369e-26,2.194425197110661e-16,True,True,1.4411215276677325e-11,11,0,1.4210854715202004e-14,True,"{""cl_i_mM"":25.022980527172457,""cl_l_mM"":142.41453539236676,""k_i_mM"":91.04697937170617,""k_l_mM"":12.019503788320629,""na_i_mM"":10.516326637365646,""na_l_mM"":138.18808020457638,""ph_i"":6.94402976984782,""ph_l"":7.105136682496097,""tic_i_mM"":6.509486496112215,""tic_l_mM"":8.557185319440027,""v_apical_mV"":-50.994904034101715,""v_basolateral_mV"":-71.79699576746705,""volume_i_pL"":1.2999999999998588,""volume_l_pL"":0.10300795421442566}","[""cl_i_mM:outside_[47.1,53.1]"",""k_i_mM:outside_[100,160]""]",False,0.0,[],True,True
STRICT_NATIVE_S1_PLOW_KHIGH_AE4NA20_P2_HWQ_H2.5:B00,STRICT_NATIVE_S1_PLOW_KHIGH_AE4NA20_P2_HWQ_H2.5,STRICT_NATIVE,1.0,2.0,2.5,HWQ,DIAGNOSTIC_ONLY_HWQ_HYDRAULIC_TRANSFER,False,True,False,1.3386644223678523e-11,5.967448757360216e-16,1.3386644223678523e-15,1.1309109937248425e-26,1.6393136847980827e-16,True,True,7.247891523065597e-12,11,0,4.263256414560601e-14,True,"{""cl_i_mM"":25.025229209973993,""cl_l_mM"":142.43344995451517,""k_i_mM"":91.04945297155089,""k_l_mM"":12.019503717386321,""na_i_mM"":10.51644641835091,""na_l_mM"":138.20754659408001,""ph_i"":6.944041108655951,""ph_l"":7.105157059354124,""tic_i_mM"":6.509687590864426,""tic_l_mM"":8.557754801737152,""v_apical_mV"":-50.995949313501434,""v_basolateral_mV"":-71.798035164165,""volume_i_pL"":1.3,""volume_l_pL"":0.10120284586871148}","[""cl_i_mM:outside_[47.1,53.1]"",""k_i_mM:outside_[100,160]""]",False,0.0,[],True,True
STRICT_NATIVE_S1_PLOW_KHIGH_AE4NA20_P2_HWQ_H3.5:B00,STRICT_NATIVE_S1_PLOW_KHIGH_AE4NA20_P2_HWQ_H3.5,STRICT_NATIVE,1.0,2.0,3.5,HWQ,DIAGNOSTIC_ONLY_HWQ_HYDRAULIC_TRANSFER,False,True,False,5.877026296174925e-11,4.996003610813204e-16,5.877026296174925e-15,2.5849394142282115e-26,1.448494102440634e-16,True,True,5.877026296174925e-11,11,0,2.1316282072803006e-14,True,"{""cl_i_mM"":25.024294876377308,""cl_l_mM"":142.42559063328022,""k_i_mM"":91.0484251851561,""k_l_mM"":12.019503759093602,""na_i_mM"":10.516396650959056,""na_l_mM"":138.1994579729603,""ph_i"":6.944036397446274,""ph_l"":7.105148592616394,""tic_i_mM"":6.509604037140144,""tic_l_mM"":8.55751817875553,""v_apical_mV"":-50.995514978664126,""v_basolateral_mV"":-71.79760328828448,""volume_i_pL"":1.3,""volume_l_pL"":0.10085927528063224}","[""cl_i_mM:outside_[47.1,53.1]"",""k_i_mM:outside_[100,160]""]",False,1.4210854715202004e-14,[],True,True
STRICT_NATIVE_S1_PLOW_KHIGH_AE4NA20_P2_HWQ_H5:B00,STRICT_NATIVE_S1_PLOW_KHIGH_AE4NA20_P2_HWQ_H5,STRICT_NATIVE,1.0,2.0,5.0,HWQ,DIAGNOSTIC_ONLY_HWQ_HYDRAULIC_TRANSFER,False,True,False,1.745131816832668e-11,2.0816681711721685e-16,1.745131816832668e-15,1.1309109937248425e-26,1.3444106938820255e-16,True,True,1.4998852854164468e-11,11,0,4.263256414560601e-14,True,"{""cl_i_mM"":25.023593954563147,""cl_l_mM"":142.41969495153336,""k_i_mM"":91.04765415563513,""k_l_mM"":12.01950377896105,""na_i_mM"":10.516359314472671,""na_l_mM"":138.193390287428,""ph_i"":6.9440328630721355,""ph_l"":7.105142241081311,""tic_i_mM"":6.5095413549550765,""tic_l_mM"":8.557340669536867,""v_apical_mV"":-50.99518916498107,""v_basolateral_mV"":-71.79727930556824,""volume_i_pL"":1.3,""volume_l_pL"":0.10060154503488065}","[""cl_i_mM:outside_[47.1,53.1]"",""k_i_mM:outside_[100,160]""]",False,0.0,[],True,True
STRICT_NATIVE_S1_PLOW_KHIGH_AE4NA20_P2_HWQ_H6.75:B00,STRICT_NATIVE_S1_PLOW_KHIGH_AE4NA20_P2_HWQ_H6.75,STRICT_NATIVE,1.0,2.0,6.75,HWQ,DIAGNOSTIC_ONLY_HWQ_HYDRAULIC_TRANSFER,False,True,False,5.072331443756184e-11,2.4973079160162115e-14,5.072331443756184e-15,2.5849394142282115e-26,4.649058915617843e-16,True,True,5.072331443756184e-11,11,0,1.41824330057716e-11,True,"{""cl_i_mM"":25.023169868690715,""cl_l_mM"":142.41612793231167,""k_i_mM"":91.04718765140044,""k_l_mM"":12.019503786227968,""na_i_mM"":10.51633672364831,""na_l_mM"":138.18971920451705,""ph_i"":6.94403072459227,""ph_l"":7.105138398178923,""tic_i_mM"":6.509503429069446,""tic_l_mM"":8.557233269940147,""v_apical_mV"":-50.99499204177815,""v_basolateral_mV"":-71.79708328447057,""volume_i_pL"":1.299999999999998,""volume_l_pL"":0.10044561237291051}","[""cl_i_mM:outside_[47.1,53.1]"",""k_i_mM:outside_[100,160]""]",False,0.0,[],True,True
STRICT_NATIVE_S1_PLOW_KHIGH_AE4NA20_P2_HWQ_H8:B00,STRICT_NATIVE_S1_PLOW_KHIGH_AE4NA20_P2_HWQ_H8,STRICT_NATIVE,1.0,2.0,8.0,HWQ,DIAGNOSTIC_ONLY_HWQ_HYDRAULIC_TRANSFER,False,True,False,8.366788165070638e-12,1.1934897514720433e-15,8.366788165070638e-16,1.2924697071141057e-26,1.8735013540549517e-16,True,True,8.366788165070638e-12,11,0,1.4210854715202004e-14,True,"{""cl_i_mM"":25.022980527250645,""cl_l_mM"":142.41453539233854,""k_i_mM"":91.04697937134077,""k_l_mM"":12.01950378831467,""na_i_mM"":10.516326637349229,""na_l_mM"":138.1880802046128,""ph_i"":6.944029769814599,""ph_l"":7.105136682445746,""tic_i_mM"":6.509486496160152,""tic_l_mM"":8.557185319437725,""v_apical_mV"":-50.99490403400629,""v_basolateral_mV"":-71.79699576736589,""volume_i_pL"":1.3,""volume_l_pL"":0.10037599427680262}","[""cl_i_mM:outside_[47.1,53.1]"",""k_i_mM:outside_[100,160]""]",False,7.105427357601002e-15,[],True,True
STRICT_NATIVE_S1_PLOW_KLOW_AE4NA05_P0.5_H1:B00,STRICT_NATIVE_S1_PLOW_KLOW_AE4NA05_P0.5_H1,STRICT_NATIVE,1.0,0.5,1.0,H1,PRODUCTION_PRE_REVEAL,True,True,False,1.3426759704060487e-11,2.220446049250313e-16,1.3426759704060487e-15,4.0389678347315804e-26,4.2413988987632933e-16,True,True,1.097104178338082e-11,11,0,1.4210854715202004e-13,True,"{""cl_i_mM"":28.540474009903868,""cl_l_mM"":141.323728029809,""k_i_mM"":71.29036347091828,""k_l_mM"":10.89856187507181,""na_i_mM"":29.405654102905057,""na_l_mM"":139.34313611575948,""ph_i"":6.753664239650849,""ph_l"":7.148660069766667,""tic_i_mM"":4.589543590292184,""tic_l_mM"":9.707756004054238,""v_apical_mV"":-46.471998235864504,""v_basolateral_mV"":-64.56775186486696,""volume_i_pL"":1.3,""volume_l_pL"":0.10236885404678261}","[""cl_i_mM:outside_[47.1,53.1]"",""ph_i:outside_[6.77,7.05]"",""k_i_mM:outside_[100,160]""]",False,7.105427357601002e-15,[],True,True
STRICT_NATIVE_S1_PLOW_KLOW_AE4NA05_P0.5_H2.5:B00,STRICT_NATIVE_S1_PLOW_KLOW_AE4NA05_P0.5_H2.5,STRICT_NATIVE,1.0,0.5,2.5,HW,DIAGNOSTIC_ONLY_HW_HYDRAULIC_TRANSFER,False,True,False,3.6351672540180235e-11,3.191891195797325e-16,3.6351672540180235e-15,1.1309109937248425e-26,1.0755285551056204e-16,True,True,3.6351672540180235e-11,11,0,1.4210854715202004e-14,True,"{""cl_i_mM"":28.537334152733173,""cl_l_mM"":141.29160317429768,""k_i_mM"":71.28541254498325,""k_l_mM"":10.89859447057768,""na_i_mM"":29.40725322891465,""na_l_mM"":139.30965307231617,""ph_i"":6.753656027816226,""ph_l"":7.148611343719601,""tic_i_mM"":4.589423570435631,""tic_l_mM"":9.706403175530319,""v_apical_mV"":-46.46912327345787,""v_basolateral_mV"":-64.56541857407515,""volume_i_pL"":1.3,""volume_l_pL"":0.10237020208080796}","[""cl_i_mM:outside_[47.1,53.1]"",""ph_i:outside_[6.77,7.05]"",""k_i_mM:outside_[100,160]""]",False,0.0,[],True,True
STRICT_NATIVE_S1_PLOW_KLOW_AE4NA05_P0.5_H3.5:B00,STRICT_NATIVE_S1_PLOW_KLOW_AE4NA05_P0.5_H3.5,STRICT_NATIVE,1.0,0.5,3.5,HW,DIAGNOSTIC_ONLY_HW_HYDRAULIC_TRANSFER,False,True,False,1.3071141391485241e-10,1.942890293094024e-16,1.3071141391485241e-14,1.2924697071141057e-26,1.734723475976807e-16,True,True,9.999271376182062e-11,11,0,2.4868995751603507e-14,True,"{""cl_i_mM"":28.536735607093725,""cl_l_mM"":141.28548002839656,""k_i_mM"":71.28446875726641,""k_l_mM"":10.898600655635576,""na_i_mM"":29.407558068146685,""na_l_mM"":139.30327105793734,""ph_i"":6.753654462440893,""ph_l"":7.148602055303191,""tic_i_mM"":4.589400689873415,""tic_l_mM"":9.706145299019312,""v_apical_mV"":-46.468575247019814,""v_basolateral_mV"":-64.56497377843337,""volume_i_pL"":1.3,""volume_l_pL"":0.10237045911345878}","[""cl_i_mM:outside_[47.1,53.1]"",""ph_i:outside_[6.77,7.05]"",""k_i_mM:outside_[100,160]""]",False,7.105427357601002e-15,[],True,True
STRICT_NATIVE_S1_PLOW_KLOW_AE4NA05_P0.5_H5:B00,STRICT_NATIVE_S1_PLOW_KLOW_AE4NA05_P0.5_H5,STRICT_NATIVE,1.0,0.5,5.0,HW,DIAGNOSTIC_ONLY_HW_HYDRAULIC_TRANSFER,False,True,False,2.8705878819812458e-11,4.163336342344337e-16,2.870587881981246e-15,1.7771458472818954e-26,3.5475095083725705e-16,True,True,1.4586313927533734e-11,11,0,3.197442310920451e-14,True,"{""cl_i_mM"":28.536286597442434,""cl_l_mM"":141.28088680155474,""k_i_mM"":71.28376075790048,""k_l_mM"":10.89860528946094,""na_i_mM"":29.40778674883139,""na_l_mM"":139.29848364483684,""ph_i"":6.75365328815365,""ph_l"":7.148595087463517,""tic_i_mM"":4.589383525322608,""tic_l_mM"":9.70595185066071,""v_apical_mV"":-46.46816414003132,""v_basolateral_mV"":-64.56464010615545,""volume_i_pL"":1.3,""volume_l_pL"":0.10237065194352003}","[""cl_i_mM:outside_[47.1,53.1]"",""ph_i:outside_[6.77,7.05]"",""k_i_mM:outside_[100,160]""]",False,0.0,[],True,True
STRICT_NATIVE_S1_PLOW_KLOW_AE4NA05_P0.5_H6.75:B00,STRICT_NATIVE_S1_PLOW_KLOW_AE4NA05_P0.5_H6.75,STRICT_NATIVE,1.0,0.5,6.75,HW,DIAGNOSTIC_ONLY_HW_HYDRAULIC_TRANSFER,False,True,False,1.5309259936147068e-10,3.469446951953614e-16,1.5309259936147068e-14,5.331437541845686e-26,5.585809592645319e-16,True,True,6.108449249891956e-11,11,0,2.1316282072803006e-14,True,"{""cl_i_mM"":28.536014932518817,""cl_l_mM"":141.2781078217901,""k_i_mM"":71.28333239597846,""k_l_mM"":10.89860809057074,""na_i_mM"":29.40792510786705,""na_l_mM"":139.2955871798452,""ph_i"":6.753652577675895,""ph_l"":7.148590871714786,""tic_i_mM"":4.589373140110122,""tic_l_mM"":9.705834809288616,""v_apical_mV"":-46.46791540939979,""v_basolateral_mV"":-64.56443822357753,""volume_i_pL"":1.3,""volume_l_pL"":0.10237076861693788}","[""cl_i_mM:outside_[47.1,53.1]"",""ph_i:outside_[6.77,7.05]"",""k_i_mM:outside_[100,160]""]",False,0.0,[],True,True
STRICT_NATIVE_S1_PLOW_KLOW_AE4NA05_P0.5_H8:B00,STRICT_NATIVE_S1_PLOW_KLOW_AE4NA05_P0.5_H8,STRICT_NATIVE,1.0,0.5,8.0,HW,DIAGNOSTIC_ONLY_HW_HYDRAULIC_TRANSFER,False,True,False,1.3906139694624953e-10,1.1725863335865228e-14,1.3906139694624953e-14,4.0389678347315804e-26,4.0505793164058446e-16,True,True,9.513331962474059e-11,11,0,5.764277943853813e-12,True,"{""cl_i_mM"":28.53589364335788,""cl_l_mM"":141.27686711792518,""k_i_mM"":71.28314114690872,""k_l_mM"":10.898609340562546,""na_i_mM"":29.407986880491062,""na_l_mM"":139.2942940236826,""ph_i"":6.753652260472766,""ph_l"":7.14858898952981,""tic_i_mM"":4.589368503435593,""tic_l_mM"":9.705782554523795,""v_apical_mV"":-46.46780436010738,""v_basolateral_mV"":-64.56434808977137,""volume_i_pL"":1.2999999999999996,""volume_l_pL"":0.10237082070891726}","[""cl_i_mM:outside_[47.1,53.1]"",""ph_i:outside_[6.77,7.05]"",""k_i_mM:outside_[100,160]""]",False,0.0,[],True,True
STRICT_NATIVE_S1_PLOW_KLOW_AE4NA05_P0.5_HWQ_H2.5:B00,STRICT_NATIVE_S1_PLOW_KLOW_AE4NA05_P0.5_HWQ_H2.5,STRICT_NATIVE,1.0,0.5,2.5,HWQ,DIAGNOSTIC_ONLY_HWQ_HYDRAULIC_TRANSFER,False,True,False,3.6351672540180235e-11,2.0643209364124004e-16,3.6351672540180235e-15,1.2924697071141057e-26,1.6479873021779667e-16,True,True,3.6351672540180235e-11,11,0,1.4210854715202004e-14,True,"{""cl_i_mM"":28.537334152738204,""cl_l_mM"":141.2916031742756,""k_i_mM"":71.28541254498009,""k_l_mM"":10.898594470580894,""na_i_mM"":29.407253228912825,""na_l_mM"":139.30965307235053,""ph_i"":6.753656027815374,""ph_l"":7.14861134371571,""tic_i_mM"":4.589423570437801,""tic_l_mM"":9.70640317551489,""v_apical_mV"":-46.469123273448716,""v_basolateral_mV"":-64.56541857407471,""volume_i_pL"":1.3,""volume_l_pL"":0.10094808083232305}","[""cl_i_mM:outside_[47.1,53.1]"",""ph_i:outside_[6.77,7.05]"",""k_i_mM:outside_[100,160]""]",False,1.4210854715202004e-14,[],True,True
STRICT_NATIVE_S1_PLOW_KLOW_AE4NA05_P0.5_HWQ_H3.5:B00,STRICT_NATIVE_S1_PLOW_KLOW_AE4NA05_P0.5_HWQ_H3.5,STRICT_NATIVE,1.0,0.5,3.5,HWQ,DIAGNOSTIC_ONLY_HWQ_HYDRAULIC_TRANSFER,False,True,False,5.8205393629884306e-12,3.7470027081099033e-16,5.820539362988431e-16,1.9387045606711586e-26,1.1015494072452725e-16,True,True,9.999271376182062e-11,11,0,9.414691248821327e-14,True,"{""cl_i_mM"":28.53673560709972,""cl_l_mM"":141.2854800283702,""k_i_mM"":71.28446875726274,""k_l_mM"":10.898600655639413,""na_i_mM"":29.40755806814451,""na_l_mM"":139.30327105797832,""ph_i"":6.753654462439885,""ph_l"":7.148602055298543,""tic_i_mM"":4.5894006898759905,""tic_l_mM"":9.706145299000822,""v_apical_mV"":-46.4685752470089,""v_basolateral_mV"":-64.56497377843287,""volume_i_pL"":1.3,""volume_l_pL"":0.10067727403241668}","[""cl_i_mM:outside_[47.1,53.1]"",""ph_i:outside_[6.77,7.05]"",""k_i_mM:outside_[100,160]""]",False,1.4210854715202004e-14,[],True,True
STRICT_NATIVE_S1_PLOW_KLOW_AE4NA05_P0.5_HWQ_H5:B00,STRICT_NATIVE_S1_PLOW_KLOW_AE4NA05_P0.5_HWQ_H5,STRICT_NATIVE,1.0,0.5,5.0,HWQ,DIAGNOSTIC_ONLY_HWQ_HYDRAULIC_TRANSFER,False,True,False,1.6427831317500363e-11,1.413105743530707e-13,1.6427831317500363e-15,2.5849394142282115e-26,2.714842239903703e-16,True,True,2.8742199592590723e-11,11,0,1.7763568394002505e-15,True,"{""cl_i_mM"":28.53628659744216,""cl_l_mM"":141.28088680152132,""k_i_mM"":71.28376075790563,""k_l_mM"":10.898605289465026,""na_i_mM"":29.407786748867945,""na_l_mM"":139.29848364488794,""ph_i"":6.7536532881568405,""ph_l"":7.148595087463956,""tic_i_mM"":4.589383525319549,""tic_l_mM"":9.705951850639025,""v_apical_mV"":-46.46816414002471,""v_basolateral_mV"":-64.56464010615895,""volume_i_pL"":1.299999999999994,""volume_l_pL"":0.1004741303887039}","[""cl_i_mM:outside_[47.1,53.1]"",""ph_i:outside_[6.77,7.05]"",""k_i_mM:outside_[100,160]""]",False,7.105427357601002e-15,[],True,True
STRICT_NATIVE_S1_PLOW_KLOW_AE4NA05_P0.5_HWQ_H6.75:B00,STRICT_NATIVE_S1_PLOW_KLOW_AE4NA05_P0.5_HWQ_H6.75,STRICT_NATIVE,1.0,0.5,6.75,HWQ,DIAGNOSTIC_ONLY_HWQ_HYDRAULIC_TRANSFER,False,True,False,4.450920968596117e-11,9.853229343548264e-16,4.450920968596117e-15,6.462348535570529e-27,2.949029909160572e-17,True,True,4.450920968596117e-11,11,0,3.5349501104064984e-13,True,"{""cl_i_mM"":28.536014932525966,""cl_l_mM"":141.2781078217583,""k_i_mM"":71.28333239597411,""k_l_mM"":10.898608090575344,""na_i_mM"":29.40792510786466,""na_l_mM"":139.29558717989428,""ph_i"":6.753652577674712,""ph_l"":7.148590871709294,""tic_i_mM"":4.58937314011316,""tic_l_mM"":9.705834809266689,""v_apical_mV"":-46.467915409386706,""v_basolateral_mV"":-64.56443822357693,""volume_i_pL"":1.3,""volume_l_pL"":0.10035122498028702}","[""cl_i_mM:outside_[47.1,53.1]"",""ph_i:outside_[6.77,7.05]"",""k_i_mM:outside_[100,160]""]",False,7.105427357601002e-15,[],True,True
STRICT_NATIVE_S1_PLOW_KLOW_AE4NA05_P0.5_HWQ_H8:B00,STRICT_NATIVE_S1_PLOW_KLOW_AE4NA05_P0.5_HWQ_H8,STRICT_NATIVE,1.0,0.5,8.0,HWQ,DIAGNOSTIC_ONLY_HWQ_HYDRAULIC_TRANSFER,False,True,False,7.548811836038949e-11,1.3739009929736312e-15,7.548811836038949e-15,1.454028420503369e-26,2.0036056147532122e-16,True,True,7.548811836038949e-11,11,0,0.0,True,"{""cl_i_mM"":28.535893643365917,""cl_l_mM"":141.27686711789306,""k_i_mM"":71.28314114690312,""k_l_mM"":10.898609340567257,""na_i_mM"":29.40798688048563,""na_l_mM"":139.29429402373262,""ph_i"":6.753652260471172,""ph_l"":7.148588989523628,""tic_i_mM"":4.589368503439258,""tic_l_mM"":9.70578255450114,""v_apical_mV"":-46.4678043600934,""v_basolateral_mV"":-64.5643480897703,""volume_i_pL"":1.3,""volume_l_pL"":0.10029635258861459}","[""cl_i_mM:outside_[47.1,53.1]"",""ph_i:outside_[6.77,7.05]"",""k_i_mM:outside_[100,160]""]",False,1.4210854715202004e-14,[],True,True
STRICT_NATIVE_S1_PLOW_KLOW_AE4NA05_P1_H1:B00,STRICT_NATIVE_S1_PLOW_KLOW_AE4NA05_P1_H1,STRICT_NATIVE,1.0,1.0,1.0,H1,PRODUCTION_PRE_REVEAL,True,True,False,2.6818824938601438e-11,3.86843335142828e-16,2.6818824938601438e-15,2.5849394142282115e-26,2.38524477946811e-16,True,True,2.4557179206796675e-12,11,0,7.105427357601002e-15,True,"{""cl_i_mM"":27.360292388063193,""cl_l_mM"":142.3808124220723,""k_i_mM"":87.48666807240636,""k_l_mM"":11.989914077645711,""na_i_mM"":11.991865711663056,""na_l_mM"":138.27512566604585,""ph_i"":6.756560682515623,""ph_l"":7.1102563269156045,""tic_i_mM"":4.495074983897306,""tic_l_mM"":8.648111892598386,""v_apical_mV"":-48.44340218162059,""v_basolateral_mV"":-69.43144607697934,""volume_i_pL"":1.3,""volume_l_pL"":0.10281002214615693}","[""cl_i_mM:outside_[47.1,53.1]"",""ph_i:outside_[6.77,7.05]"",""k_i_mM:outside_[100,160]""]",False,1.4210854715202004e-14,[],True,True
STRICT_NATIVE_S1_PLOW_KLOW_AE4NA05_P1_H2.5:B00,STRICT_NATIVE_S1_PLOW_KLOW_AE4NA05_P1_H2.5,STRICT_NATIVE,1.0,1.0,2.5,HW,DIAGNOSTIC_ONLY_HW_HYDRAULIC_TRANSFER,False,True,False,1.9014737701050777e-11,1.942890293094024e-16,1.9014737701050777e-15,1.2924697071141057e-26,1.7867651802561113e-16,True,True,1.2874900798265365e-11,11,0,7.105427357601002e-14,True,"{""cl_i_mM"":27.35545984983713,""cl_l_mM"":142.34232968508363,""k_i_mM"":87.48141192619536,""k_l_mM"":11.989672835904027,""na_i_mM"":11.99180215898862,""na_l_mM"":138.23568888068337,""ph_i"":6.756539987146309,""ph_l"":7.110211050487529,""tic_i_mM"":4.4948297751038995,""tic_l_mM"":8.646881606460655,""v_apical_mV"":-48.44114702775238,""v_basolateral_mV"":-69.42941701891594,""volume_i_pL"":1.3,""volume_l_pL"":0.10281170462965611}","[""cl_i_mM:outside_[47.1,53.1]"",""ph_i:outside_[6.77,7.05]"",""k_i_mM:outside_[100,160]""]",False,7.105427357601002e-15,[],True,True
STRICT_NATIVE_S1_PLOW_KLOW_AE4NA05_P1_H3.5:B00,STRICT_NATIVE_S1_PLOW_KLOW_AE4NA05_P1_H3.5,STRICT_NATIVE,1.0,1.0,3.5,HW,DIAGNOSTIC_ONLY_HW_HYDRAULIC_TRANSFER,False,True,False,6.843484112728504e-12,5.134781488891349e-16,6.843484112728504e-16,2.1002632740604218e-26,2.2724877535296173e-16,True,True,1.5437954734021098e-11,11,0,2.842170943040401e-14,True,"{""cl_i_mM"":27.354538582041293,""cl_l_mM"":142.3349944384156,""k_i_mM"":87.48040990483216,""k_l_mM"":11.989626795330329,""na_i_mM"":11.991790033058532,""na_l_mM"":138.22817181617975,""ph_i"":6.756536041443331,""ph_l"":7.110202419378988,""tic_i_mM"":4.4947830246213565,""tic_l_mM"":8.64664707501026,""v_apical_mV"":-48.44071717251378,""v_basolateral_mV"":-69.4290302127711,""volume_i_pL"":1.3,""volume_l_pL"":0.10281202545964008}","[""cl_i_mM:outside_[47.1,53.1]"",""ph_i:outside_[6.77,7.05]"",""k_i_mM:outside_[100,160]""]",False,7.105427357601002e-15,[],True,True
STRICT_NATIVE_S1_PLOW_KLOW_AE4NA05_P1_H5:B00,STRICT_NATIVE_S1_PLOW_KLOW_AE4NA05_P1_H5,STRICT_NATIVE,1.0,1.0,5.0,HW,DIAGNOSTIC_ONLY_HW_HYDRAULIC_TRANSFER,False,True,False,4.1492417141020255e-12,1.7850824984844138e-13,4.1492417141020255e-16,3.069615554396001e-26,4.458239333260394e-16,True,True,4.1492417141020255e-12,11,0,9.486988972184918e-11,True,"{""cl_i_mM"":27.353847466254194,""cl_l_mM"":142.3294919097307,""k_i_mM"":87.47965820999002,""k_l_mM"":11.989592246019786,""na_i_mM"":11.991780934270281,""na_l_mM"":138.22253290429603,""ph_i"":6.756533081387934,""ph_l"":7.1101959445778276,""tic_i_mM"":4.494747952488251,""tic_l_mM"":8.646471136207042,""v_apical_mV"":-48.4403947175763,""v_basolateral_mV"":-69.4287400411228,""volume_i_pL"":1.2999999999999916,""volume_l_pL"":0.10281226615719906}","[""cl_i_mM:outside_[47.1,53.1]"",""ph_i:outside_[6.77,7.05]"",""k_i_mM:outside_[100,160]""]",False,7.105427357601002e-15,[],True,True
STRICT_NATIVE_S1_PLOW_KLOW_AE4NA05_P1_H6.75:B00,STRICT_NATIVE_S1_PLOW_KLOW_AE4NA05_P1_H6.75,STRICT_NATIVE,1.0,1.0,6.75,HW,DIAGNOSTIC_ONLY_HW_HYDRAULIC_TRANSFER,False,True,False,6.262026487624528e-11,6.994405055138486e-15,6.262026487624528e-15,3.2311742677852644e-26,5.967448757360216e-16,True,True,4.60438978611144e-11,11,0,3.884892407768348e-12,True,"{""cl_i_mM"":27.35342931523006,""cl_l_mM"":142.32616276428942,""k_i_mM"":87.47920340646354,""k_l_mM"":11.989571337954974,""na_i_mM"":11.991775428248333,""na_l_mM"":138.21912124717352,""ph_i"":6.756531290401728,""ph_l"":7.110192027095478,""tic_i_mM"":4.494726732170386,""tic_l_mM"":8.646364687358288,""v_apical_mV"":-48.44019962578279,""v_basolateral_mV"":-69.42856447724918,""volume_i_pL"":1.299999999999999,""volume_l_pL"":0.1028124117956148}","[""cl_i_mM:outside_[47.1,53.1]"",""ph_i:outside_[6.77,7.05]"",""k_i_mM:outside_[100,160]""]",False,1.4210854715202004e-14,[],True,True
STRICT_NATIVE_S1_PLOW_KLOW_AE4NA05_P1_H8:B00,STRICT_NATIVE_S1_PLOW_KLOW_AE4NA05_P1_H8,STRICT_NATIVE,1.0,1.0,8.0,HW,DIAGNOSTIC_ONLY_HW_HYDRAULIC_TRANSFER,False,True,False,1.907209199597526e-10,5.551115123125783e-16,1.907209199597526e-14,2.1002632740604218e-26,4.111294638065033e-16,True,True,1.7107626079648774e-10,11,0,1.7763568394002505e-15,True,"{""cl_i_mM"":27.35324262394648,""cl_l_mM"":142.32467642781313,""k_i_mM"":87.47900035106883,""k_l_mM"":11.989562002084366,""na_i_mM"":11.99177296976424,""na_l_mM"":138.21759807311898,""ph_i"":6.756530490777119,""ph_l"":7.11019027807275,""tic_i_mM"":4.494717257872103,""tic_l_mM"":8.646317161474329,""v_apical_mV"":-48.440112524800185,""v_basolateral_mV"":-69.4284860937306,""volume_i_pL"":1.3,""volume_l_pL"":0.10281247682037349}","[""cl_i_mM:outside_[47.1,53.1]"",""ph_i:outside_[6.77,7.05]"",""k_i_mM:outside_[100,160]""]",False,1.4210854715202004e-14,[],True,True
STRICT_NATIVE_S1_PLOW_KLOW_AE4NA05_P1_HWQ_H2.5:B00,STRICT_NATIVE_S1_PLOW_KLOW_AE4NA05_P1_HWQ_H2.5,STRICT_NATIVE,1.0,1.0,2.5,HWQ,DIAGNOSTIC_ONLY_HWQ_HYDRAULIC_TRANSFER,False,True,False,1.9014737701050777e-11,3.0010716134398763e-16,1.9014737701050777e-15,9.693522803355793e-27,1.196959198423997e-16,True,True,1.9014737701050777e-11,11,0,7.105427357601002e-15,True,"{""cl_i_mM"":27.35545984984441,""cl_l_mM"":142.3423296850588,""k_i_mM"":87.48141192618883,""k_l_mM"":11.98967283590838,""na_i_mM"":11.991802158988598,""na_l_mM"":138.23568888072114,""ph_i"":6.7565399871451355,""ph_l"":7.1102110504822,""tic_i_mM"":4.494829775106831,""tic_l_mM"":8.64688160644339,""v_apical_mV"":-48.441147027740335,""v_basolateral_mV"":-69.42941701891473,""volume_i_pL"":1.3,""volume_l_pL"":0.1011246818518623}","[""cl_i_mM:outside_[47.1,53.1]"",""ph_i:outside_[6.77,7.05]"",""k_i_mM:outside_[100,160]""]",False,7.105427357601002e-15,[],True,True
STRICT_NATIVE_S1_PLOW_KLOW_AE4NA05_P1_HWQ_H3.5:B00,STRICT_NATIVE_S1_PLOW_KLOW_AE4NA05_P1_HWQ_H3.5,STRICT_NATIVE,1.0,1.0,3.5,HWQ,DIAGNOSTIC_ONLY_HWQ_HYDRAULIC_TRANSFER,False,True,False,6.843484112728504e-12,7.077671781985373e-16,6.843484112728504e-16,4.2005265481208437e-26,8.291978215169138e-16,True,True,6.843484112728504e-12,11,0,7.105427357601002e-15,True,"{""cl_i_mM"":27.354538582050004,""cl_l_mM"":142.33499443838593,""k_i_mM"":87.48040990482428,""k_l_mM"":11.989626795335521,""na_i_mM"":11.991790033058502,""na_l_mM"":138.22817181622486,""ph_i"":6.756536041441921,""ph_l"":7.110202419372604,""tic_i_mM"":4.494783024624875,""tic_l_mM"":8.646647074989623,""v_apical_mV"":-48.440717172499376,""v_basolateral_mV"":-69.42903021276962,""volume_i_pL"":1.3,""volume_l_pL"":0.10080343584561133}","[""cl_i_mM:outside_[47.1,53.1]"",""ph_i:outside_[6.77,7.05]"",""k_i_mM:outside_[100,160]""]",False,1.4210854715202004e-14,[],True,True
STRICT_NATIVE_S1_PLOW_KLOW_AE4NA05_P1_HWQ_H5:B00,STRICT_NATIVE_S1_PLOW_KLOW_AE4NA05_P1_HWQ_H5,STRICT_NATIVE,1.0,1.0,5.0,HWQ,DIAGNOSTIC_ONLY_HWQ_HYDRAULIC_TRANSFER,False,True,False,4.1492417141020255e-12,1.4554329963445412e-15,4.1492417141020255e-16,4.0389678347315804e-26,5.429684479807406e-16,True,True,4.1492417141020255e-12,11,0,9.059419880941277e-13,True,"{""cl_i_mM"":27.353847466276584,""cl_l_mM"":142.3294919097003,""k_i_mM"":87.47965820992576,""k_l_mM"":11.989592246023372,""na_i_mM"":11.991780934265421,""na_l_mM"":138.22253290434242,""ph_i"":6.756533081380607,""ph_l"":7.110195944562896,""tic_i_mM"":4.494747952500768,""tic_l_mM"":8.646471136187447,""v_apical_mV"":-48.440394717547434,""v_basolateral_mV"":-69.42874004110523,""volume_i_pL"":1.3,""volume_l_pL"":0.1005624532314396}","[""cl_i_mM:outside_[47.1,53.1]"",""ph_i:outside_[6.77,7.05]"",""k_i_mM:outside_[100,160]""]",False,2.842170943040401e-14,[],True,True
STRICT_NATIVE_S1_PLOW_KLOW_AE4NA05_P1_HWQ_H6.75:B00,STRICT_NATIVE_S1_PLOW_KLOW_AE4NA05_P1_HWQ_H6.75,STRICT_NATIVE,1.0,1.0,6.75,HWQ,DIAGNOSTIC_ONLY_HWQ_HYDRAULIC_TRANSFER,False,True,False,1.3498208627227282e-10,1.6115581091824538e-14,1.3498208627227282e-14,2.1002632740604218e-26,1.6306400674181987e-16,True,True,1.3498208627227282e-10,11,0,1.4210854715202004e-14,True,"{""cl_i_mM"":27.353429315239815,""cl_l_mM"":142.32616276425378,""k_i_mM"":87.4792034064569,""k_l_mM"":11.989571337961278,""na_i_mM"":11.991775428248534,""na_l_mM"":138.21912124722778,""ph_i"":6.756531290400336,""ph_l"":7.110192027088235,""tic_i_mM"":4.494726732174157,""tic_l_mM"":8.646364687333406,""v_apical_mV"":-48.44019962576624,""v_basolateral_mV"":-69.42856447724827,""volume_i_pL"":1.2999999999999994,""volume_l_pL"":0.10041665359935027}","[""cl_i_mM:outside_[47.1,53.1]"",""ph_i:outside_[6.77,7.05]"",""k_i_mM:outside_[100,160]""]",False,1.4210854715202004e-14,[],True,True
STRICT_NATIVE_S1_PLOW_KLOW_AE4NA05_P1_HWQ_H8:B00,STRICT_NATIVE_S1_PLOW_KLOW_AE4NA05_P1_HWQ_H8,STRICT_NATIVE,1.0,1.0,8.0,HWQ,DIAGNOSTIC_ONLY_HWQ_HYDRAULIC_TRANSFER,False,True,False,1.514316016332229e-10,5.662137425588298e-15,1.514316016332229e-14,2.908056841006738e-26,3.7470027081099033e-16,True,True,1.514316016332229e-10,11,0,2.1316282072803006e-14,True,"{""cl_i_mM"":27.353242623956824,""cl_l_mM"":142.32467642777658,""k_i_mM"":87.47900035106095,""k_l_mM"":11.98956200209083,""na_i_mM"":11.99177296976436,""na_l_mM"":138.21759807317457,""ph_i"":6.756530490775564,""ph_l"":7.110190278065125,""tic_i_mM"":4.494717257876165,""tic_l_mM"":8.646317161448748,""v_apical_mV"":-48.440112524782855,""v_basolateral_mV"":-69.42848609372936,""volume_i_pL"":1.2999999999999992,""volume_l_pL"":0.10035155960254663}","[""cl_i_mM:outside_[47.1,53.1]"",""ph_i:outside_[6.77,7.05]"",""k_i_mM:outside_[100,160]""]",False,1.4210854715202004e-14,[],True,True
STRICT_NATIVE_S1_PLOW_KLOW_AE4NA05_P2_H1:B00,STRICT_NATIVE_S1_PLOW_KLOW_AE4NA05_P2_H1,STRICT_NATIVE,1.0,2.0,1.0,H1,PRODUCTION_PRE_REVEAL,True,True,False,3.577758748984916e-11,3.608224830031759e-16,3.577758748984916e-15,1.1309109937248425e-26,1.7694179454963432e-16,True,True,4.047326709888388e-12,11,0,1.4210854715202004e-14,True,"{""cl_i_mM"":27.194176013211525,""cl_l_mM"":142.64058716878412,""k_i_mM"":91.44137166681213,""k_l_mM"":12.210730830696209,""na_i_mM"":8.126607282585583,""na_l_mM"":138.0604159468811,""ph_i"":6.769840328892801,""ph_l"":7.099736890825338,""tic_i_mM"":4.581773135033508,""tic_l_mM"":8.388259770466414,""v_apical_mV"":-48.83574635878923,""v_basolateral_mV"":-70.59514735445356,""volume_i_pL"":1.3,""volume_l_pL"":0.1029380217927593}","[""cl_i_mM:outside_[47.1,53.1]"",""ph_i:outside_[6.77,7.05]"",""na_i_mM:outside_[10,35]"",""k_i_mM:outside_[100,160]""]",False,1.4210854715202004e-14,[],True,True
STRICT_NATIVE_S1_PLOW_KLOW_AE4NA05_P2_H2.5:B00,STRICT_NATIVE_S1_PLOW_KLOW_AE4NA05_P2_H2.5,STRICT_NATIVE,1.0,2.0,2.5,HW,DIAGNOSTIC_ONLY_HW_HYDRAULIC_TRANSFER,False,True,False,7.446300520630444e-12,6.106226635438361e-16,7.446300520630444e-16,2.1002632740604218e-26,2.7755575615628914e-16,True,True,7.446300520630444e-12,11,0,0.0,True,"{""cl_i_mM"":27.18876477717901,""cl_l_mM"":142.60020977204795,""k_i_mM"":91.4354586072524,""k_l_mM"":12.210326998460678,""na_i_mM"":8.126529400898239,""na_l_mM"":138.0193341938285,""ph_i"":6.7698157047304095,""ph_l"":7.099695176159531,""tic_i_mM"":4.581485868937055,""tic_l_mM"":8.387115345520172,""v_apical_mV"":-48.83370359882393,""v_basolateral_mV"":-70.59306082398116,""volume_i_pL"":1.3,""volume_l_pL"":0.10293978061015538}","[""cl_i_mM:outside_[47.1,53.1]"",""ph_i:outside_[6.77,7.05]"",""na_i_mM:outside_[10,35]"",""k_i_mM:outside_[100,160]""]",False,0.0,[],True,True
STRICT_NATIVE_S1_PLOW_KLOW_AE4NA05_P2_H3.5:B00,STRICT_NATIVE_S1_PLOW_KLOW_AE4NA05_P2_H3.5,STRICT_NATIVE,1.0,2.0,3.5,HW,DIAGNOSTIC_ONLY_HW_HYDRAULIC_TRANSFER,False,True,False,1.4933367042946344e-10,2.914335439641036e-16,1.4933367042946344e-14,9.693522803355793e-27,1.0755285551056204e-16,True,True,7.277707082808949e-11,11,0,4.263256414560601e-14,True,"{""cl_i_mM"":27.187733197456247,""cl_l_mM"":142.5925133849641,""k_i_mM"":91.4343313556133,""k_l_mM"":12.21024995918566,""na_i_mM"":8.126514548893502,""na_l_mM"":138.011503586911,""ph_i"":6.769811009942039,""ph_l"":7.09968722393714,""tic_i_mM"":4.581431100029687,""tic_l_mM"":8.386897176795669,""v_apical_mV"":-48.83331423739702,""v_basolateral_mV"":-70.59266306113986,""volume_i_pL"":1.3,""volume_l_pL"":0.10294011600082151}","[""cl_i_mM:outside_[47.1,53.1]"",""ph_i:outside_[6.77,7.05]"",""na_i_mM:outside_[10,35]"",""k_i_mM:outside_[100,160]""]",False,7.105427357601002e-15,[],True,True
STRICT_NATIVE_S1_PLOW_KLOW_AE4NA05_P2_H5:B00,STRICT_NATIVE_S1_PLOW_KLOW_AE4NA05_P2_H5,STRICT_NATIVE,1.0,2.0,5.0,HW,DIAGNOSTIC_ONLY_HW_HYDRAULIC_TRANSFER,False,True,False,9.788177213199134e-12,1.942890293094024e-16,9.788177213199134e-16,4.362085261510107e-26,3.660266534311063e-16,True,True,9.788177213199134e-12,11,0,1.4210854715202004e-14,True,"{""cl_i_mM"":27.18695933012008,""cl_l_mM"":142.5867399477891,""k_i_mM"":91.43348571615338,""k_l_mM"":12.21019215473089,""na_i_mM"":8.126503406230919,""na_l_mM"":138.0056294729392,""ph_i"":6.769807487910373,""ph_l"":7.0996812583884665,""tic_i_mM"":4.581390012507175,""tic_l_mM"":8.386733511766288,""v_apical_mV"":-48.83302216075983,""v_basolateral_mV"":-70.59236466993963,""volume_i_pL"":1.3,""volume_l_pL"":0.10294036762328733}","[""cl_i_mM:outside_[47.1,53.1]"",""ph_i:outside_[6.77,7.05]"",""na_i_mM:outside_[10,35]"",""k_i_mM:outside_[100,160]""]",False,1.4210854715202004e-14,[],True,True
STRICT_NATIVE_S1_PLOW_KLOW_AE4NA05_P2_H6.75:B00,STRICT_NATIVE_S1_PLOW_KLOW_AE4NA05_P2_H6.75,STRICT_NATIVE,1.0,2.0,6.75,HW,DIAGNOSTIC_ONLY_HW_HYDRAULIC_TRANSFER,False,True,False,7.675067179024886e-12,3.561300560006586e-13,7.675067179024886e-16,1.9387045606711586e-26,2.0990154059319366e-16,True,True,7.675067179024886e-12,11,0,7.105427357601002e-15,True,"{""cl_i_mM"":27.186491112138633,""cl_l_mM"":142.5832468972858,""k_i_mM"":91.43297407304169,""k_l_mM"":12.210157176201616,""na_i_mM"":8.12649666408855,""na_l_mM"":138.00207551423915,""ph_i"":6.769805356918777,""ph_l"":7.099677649040056,""tic_i_mM"":4.581365152561989,""tic_l_mM"":8.386634488497053,""v_apical_mV"":-48.83284544931977,""v_basolateral_mV"":-70.59218413296452,""volume_i_pL"":1.2999999999999818,""volume_l_pL"":0.1029405198724298}","[""cl_i_mM:outside_[47.1,53.1]"",""ph_i:outside_[6.77,7.05]"",""na_i_mM:outside_[10,35]"",""k_i_mM:outside_[100,160]""]",False,7.105427357601002e-15,[],True,True
STRICT_NATIVE_S1_PLOW_KLOW_AE4NA05_P2_H8:B00,STRICT_NATIVE_S1_PLOW_KLOW_AE4NA05_P2_H8,STRICT_NATIVE,1.0,2.0,8.0,HW,DIAGNOSTIC_ONLY_HW_HYDRAULIC_TRANSFER,False,True,False,2.6393492426335374e-10,1.6653345369377348e-16,2.6393492426335374e-14,8.077935669463161e-27,1.474514954580286e-16,True,True,1.0096090630185017e-11,11,0,2.1316282072803006e-14,True,"{""cl_i_mM"":27.186282067790636,""cl_l_mM"":142.58168738352396,""k_i_mM"":91.43274564042211,""k_l_mM"":12.210141558246152,""na_i_mM"":8.126493653827058,""na_l_mM"":138.00048880809223,""ph_i"":6.769804405471124,""ph_l"":7.099676037561287,""tic_i_mM"":4.581354053298025,""tic_l_mM"":8.386590277792575,""v_apical_mV"":-48.83276655461577,""v_basolateral_mV"":-70.59210352905302,""volume_i_pL"":1.3,""volume_l_pL"":0.10294058784884921}","[""cl_i_mM:outside_[47.1,53.1]"",""ph_i:outside_[6.77,7.05]"",""na_i_mM:outside_[10,35]"",""k_i_mM:outside_[100,160]""]",False,0.0,[],True,True
STRICT_NATIVE_S1_PLOW_KLOW_AE4NA05_P2_HWQ_H2.5:B00,STRICT_NATIVE_S1_PLOW_KLOW_AE4NA05_P2_HWQ_H2.5,STRICT_NATIVE,1.0,2.0,2.5,HWQ,DIAGNOSTIC_ONLY_HWQ_HYDRAULIC_TRANSFER,False,True,False,6.862999751833243e-12,3.469446951953614e-16,6.862999751833243e-16,6.462348535570529e-27,9.367506770274758e-17,True,True,7.801810412988441e-11,11,0,1.4210854715202004e-14,True,"{""cl_i_mM"":27.18876477718711,""cl_l_mM"":142.60020977202234,""k_i_mM"":91.43545860724521,""k_l_mM"":12.21032699846542,""na_i_mM"":8.126529400898276,""na_l_mM"":138.0193341938671,""ph_i"":6.769815704729126,""ph_l"":7.099695176153756,""tic_i_mM"":4.58148586894025,""tic_l_mM"":8.38711534550246,""v_apical_mV"":-48.833703598810956,""v_basolateral_mV"":-70.59306082397983,""volume_i_pL"":1.3,""volume_l_pL"":0.10117591224406201}","[""cl_i_mM:outside_[47.1,53.1]"",""ph_i:outside_[6.77,7.05]"",""na_i_mM:outside_[10,35]"",""k_i_mM:outside_[100,160]""]",False,1.4210854715202004e-14,[],True,True
STRICT_NATIVE_S1_PLOW_KLOW_AE4NA05_P2_HWQ_H3.5:B00,STRICT_NATIVE_S1_PLOW_KLOW_AE4NA05_P2_HWQ_H3.5,STRICT_NATIVE,1.0,2.0,3.5,HWQ,DIAGNOSTIC_ONLY_HWQ_HYDRAULIC_TRANSFER,False,True,False,2.968328707830814e-11,4.805184028455756e-16,2.968328707830814e-15,1.6155871338926322e-26,1.6653345369377348e-16,True,True,3.827884190177322e-11,11,0,7.105427357601002e-15,True,"{""cl_i_mM"":27.187733197465928,""cl_l_mM"":142.59251338493362,""k_i_mM"":91.4343313556048,""k_l_mM"":12.210249959191326,""na_i_mM"":8.126514548893546,""na_l_mM"":138.01150358695708,""ph_i"":6.769811009940511,""ph_l"":7.0996872239302125,""tic_i_mM"":4.5814311000335035,""tic_l_mM"":8.386897176774369,""v_apical_mV"":-48.833314237381536,""v_basolateral_mV"":-70.59266306113828,""volume_i_pL"":1.3,""volume_l_pL"":0.10084003314309174}","[""cl_i_mM:outside_[47.1,53.1]"",""ph_i:outside_[6.77,7.05]"",""na_i_mM:outside_[10,35]"",""k_i_mM:outside_[100,160]""]",False,1.4210854715202004e-14,[],True,True
STRICT_NATIVE_S1_PLOW_KLOW_AE4NA05_P2_HWQ_H5:B00,STRICT_NATIVE_S1_PLOW_KLOW_AE4NA05_P2_HWQ_H5,STRICT_NATIVE,1.0,2.0,5.0,HWQ,DIAGNOSTIC_ONLY_HWQ_HYDRAULIC_TRANSFER,False,True,False,1.0759622359746146e-11,8.396061623727746e-16,1.0759622359746146e-15,3.2311742677852644e-26,3.2612801348363973e-16,True,True,1.0759622359746146e-11,11,0,7.105427357601002e-15,True,"{""cl_i_mM"":27.186959330130897,""cl_l_mM"":142.58673994775492,""k_i_mM"":91.43348571614396,""k_l_mM"":12.210192154737257,""na_i_mM"":8.126503406230972,""na_l_mM"":138.00562947299096,""ph_i"":6.769807487908671,""ph_l"":7.099681258380709,""tic_i_mM"":4.581390012511443,""tic_l_mM"":8.386733511742365,""v_apical_mV"":-48.833022160742495,""v_basolateral_mV"":-70.59236466993794,""volume_i_pL"":1.3,""volume_l_pL"":0.10058807352465737}","[""cl_i_mM:outside_[47.1,53.1]"",""ph_i:outside_[6.77,7.05]"",""na_i_mM:outside_[10,35]"",""k_i_mM:outside_[100,160]""]",False,7.105427357601002e-15,[],True,True
STRICT_NATIVE_S1_PLOW_KLOW_AE4NA05_P2_HWQ_H6.75:B00,STRICT_NATIVE_S1_PLOW_KLOW_AE4NA05_P2_HWQ_H6.75,STRICT_NATIVE,1.0,2.0,6.75,HWQ,DIAGNOSTIC_ONLY_HWQ_HYDRAULIC_TRANSFER,False,True,False,2.052763341253705e-10,1.841842650618375e-13,2.052763341253705e-14,2.4233807008389483e-26,2.5934115965853266e-16,True,True,2.052763341253705e-10,11,0,0.0,True,"{""cl_i_mM"":27.18649111216222,""cl_l_mM"":142.58324689725114,""k_i_mM"":91.43297407297361,""k_l_mM"":12.210157176206135,""na_i_mM"":8.126496664086718,""na_l_mM"":138.0020755142904,""ph_i"":6.76980535691134,""ph_l"":7.099677649024319,""tic_i_mM"":4.581365152574769,""tic_l_mM"":8.386634488475908,""v_apical_mV"":-48.83284544928878,""v_basolateral_mV"":-70.59218413294663,""volume_i_pL"":1.2999999999999905,""volume_l_pL"":0.10043563257369315}","[""cl_i_mM:outside_[47.1,53.1]"",""ph_i:outside_[6.77,7.05]"",""na_i_mM:outside_[10,35]"",""k_i_mM:outside_[100,160]""]",False,1.4210854715202004e-14,[],True,True
STRICT_NATIVE_S1_PLOW_KLOW_AE4NA05_P2_HWQ_H8:B00,STRICT_NATIVE_S1_PLOW_KLOW_AE4NA05_P2_HWQ_H8,STRICT_NATIVE,1.0,2.0,8.0,HWQ,DIAGNOSTIC_ONLY_HWQ_HYDRAULIC_TRANSFER,False,True,False,1.0096090630185017e-11,1.4432899320127035e-15,1.0096090630185017e-15,3.2311742677852644e-26,2.671474153004283e-16,True,True,1.0096090630185017e-11,11,0,7.105427357601002e-15,True,"{""cl_i_mM"":27.186282067802527,""cl_l_mM"":142.5816873834864,""k_i_mM"":91.43274564041168,""k_l_mM"":12.210141558253127,""na_i_mM"":8.126493653827113,""na_l_mM"":138.00048880814896,""ph_i"":6.769804405469248,""ph_l"":7.099676037552777,""tic_i_mM"":4.581354053302714,""tic_l_mM"":8.386590277766398,""v_apical_mV"":-48.83276655459673,""v_basolateral_mV"":-70.5921035290511,""volume_i_pL"":1.3,""volume_l_pL"":0.10036757348110609}","[""cl_i_mM:outside_[47.1,53.1]"",""ph_i:outside_[6.77,7.05]"",""na_i_mM:outside_[10,35]"",""k_i_mM:outside_[100,160]""]",False,0.0,[],True,True
STRICT_NATIVE_S1_PLOW_KLOW_AE4NA10_P1_H1:B00,STRICT_NATIVE_S1_PLOW_KLOW_AE4NA10_P1_H1,STRICT_NATIVE,1.0,1.0,1.0,H1,PRODUCTION_PRE_REVEAL,True,True,False,1.1686615217221252e-11,1.881481082044445e-14,1.1686615217221252e-15,1.1309109937248425e-26,1.700029006457271e-16,True,True,2.0042561360567035e-11,11,0,4.89208673570829e-12,True,"{""cl_i_mM"":26.43912270535177,""cl_l_mM"":142.24207739631674,""k_i_mM"":85.07380906486716,""k_l_mM"":11.282874691430987,""na_i_mM"":14.85981510048814,""na_l_mM"":138.97874365291696,""ph_i"":6.818751014686572,""ph_l"":7.114360528371675,""tic_i_mM"":5.098321570288725,""tic_l_mM"":8.789118624363288,""v_apical_mV"":-49.2654386862553,""v_basolateral_mV"":-69.72779760474462,""volume_i_pL"":1.3,""volume_l_pL"":0.10278561606390163}","[""cl_i_mM:outside_[47.1,53.1]"",""k_i_mM:outside_[100,160]""]",False,2.753353101070388e-13,[],True,True
STRICT_NATIVE_S1_PLOW_KLOW_AE4NA10_P1_H2.5:B00,STRICT_NATIVE_S1_PLOW_KLOW_AE4NA10_P1_H2.5,STRICT_NATIVE,1.0,1.0,2.5,HW,DIAGNOSTIC_ONLY_HW_HYDRAULIC_TRANSFER,False,True,False,1.7905598878598106e-11,1.8334292417598874e-14,1.7905598878598106e-15,4.8467614016778965e-26,5.39499001028787e-16,True,True,6.755880577191675e-11,11,0,4.82458517581108e-12,True,"{""cl_i_mM"":26.43467844299622,""cl_l_mM"":142.20400648052959,""k_i_mM"":85.06909855274904,""k_l_mM"":11.282780676499213,""na_i_mM"":14.859568979973238,""na_l_mM"":138.93950461949277,""ph_i"":6.818731355228079,""ph_l"":7.114312851748355,""tic_i_mM"":5.098046426282055,""tic_l_mM"":8.78782112742778,""v_apical_mV"":-49.26304524629283,""v_basolateral_mV"":-69.72579449158393,""volume_i_pL"":1.3,""volume_l_pL"":0.10278728650835015}","[""cl_i_mM:outside_[47.1,53.1]"",""k_i_mM:outside_[100,160]""]",False,2.7622348852673895e-13,[],True,True
STRICT_NATIVE_S1_PLOW_KLOW_AE4NA10_P1_H3.5:B00,STRICT_NATIVE_S1_PLOW_KLOW_AE4NA10_P1_H3.5,STRICT_NATIVE,1.0,1.0,3.5,HW,DIAGNOSTIC_ONLY_HW_HYDRAULIC_TRANSFER,False,True,False,1.2108153021883616e-10,5.822000867516941e-13,1.2108153021883616e-14,4.362085261510107e-26,5.559788740505667e-16,True,True,1.862117231243854e-11,11,0,3.0830804575998627e-10,True,"{""cl_i_mM"":26.43383118835146,""cl_l_mM"":142.19674972262735,""k_i_mM"":85.06820055011579,""k_l_mM"":11.28276270666297,""na_i_mM"":14.859522042495284,""na_l_mM"":138.93202523310228,""ph_i"":6.8187276070602945,""ph_l"":7.114303763143922,""tic_i_mM"":5.097993968530986,""tic_l_mM"":8.787573785794953,""v_apical_mV"":-49.262589027694,""v_basolateral_mV"":-69.72541263190077,""volume_i_pL"":1.2999999999999212,""volume_l_pL"":0.10278760504219996}","[""cl_i_mM:outside_[47.1,53.1]"",""k_i_mM:outside_[100,160]""]",False,2.7622348852673895e-13,[],True,True
STRICT_NATIVE_S1_PLOW_KLOW_AE4NA10_P1_H5:B00,STRICT_NATIVE_S1_PLOW_KLOW_AE4NA10_P1_H5,STRICT_NATIVE,1.0,1.0,5.0,HW,DIAGNOSTIC_ONLY_HW_HYDRAULIC_TRANSFER,False,True,False,1.637578961322106e-11,1.8855576822129905e-14,1.6375789613221059e-15,4.6852026882886333e-26,7.259817746962938e-16,True,True,1.637578961322106e-11,11,0,0.0,True,"{""cl_i_mM"":26.4331955942577,""cl_l_mM"":142.191306070341,""k_i_mM"":85.06752688751666,""k_l_mM"":11.282749216179488,""na_i_mM"":14.859486827271038,""na_l_mM"":138.9264145821038,""ph_i"":6.818724795161481,""ph_l"":7.114296945099723,""tic_i_mM"":5.097954614887433,""tic_l_mM"":8.787388237674893,""v_apical_mV"":-49.262246795275914,""v_basolateral_mV"":-69.72512617094395,""volume_i_pL"":1.3,""volume_l_pL"":0.10278784401702669}","[""cl_i_mM:outside_[47.1,53.1]"",""k_i_mM:outside_[100,160]""]",False,2.7622348852673895e-13,[],True,True
STRICT_NATIVE_S1_PLOW_KLOW_AE4NA10_P1_H6.75:B00,STRICT_NATIVE_S1_PLOW_KLOW_AE4NA10_P1_H6.75,STRICT_NATIVE,1.0,1.0,6.75,HW,DIAGNOSTIC_ONLY_HW_HYDRAULIC_TRANSFER,False,True,False,7.14445863581048e-11,1.9614518342869758e-14,7.14445863581048e-15,2.4233807008389483e-26,2.8015784137025435e-16,True,True,7.14445863581048e-11,11,0,7.105427357601002e-15,True,"{""cl_i_mM"":26.4328110352784,""cl_l_mM"":142.18801254556004,""k_i_mM"":85.06711929659893,""k_l_mM"":11.282741049822775,""na_i_mM"":14.859465519222793,""na_l_mM"":138.92302002205588,""ph_i"":6.8187230938383685,""ph_l"":7.114292819973574,""tic_i_mM"":5.097930804026821,""tic_l_mM"":8.787275975059499,""v_apical_mV"":-49.26203973734219,""v_basolateral_mV"":-69.72495285226213,""volume_i_pL"":1.2999999999999998,""volume_l_pL"":0.10278798861303652}","[""cl_i_mM:outside_[47.1,53.1]"",""k_i_mM:outside_[100,160]""]",False,2.7711166694643907e-13,[],True,True
STRICT_NATIVE_S1_PLOW_KLOW_AE4NA10_P1_H8:B00,STRICT_NATIVE_S1_PLOW_KLOW_AE4NA10_P1_H8,STRICT_NATIVE,1.0,1.0,8.0,HW,DIAGNOSTIC_ONLY_HW_HYDRAULIC_TRANSFER,False,True,False,1.60884760375124e-11,1.9989218613680748e-14,1.60884760375124e-15,3.069615554396001e-26,3.122502256758253e-16,True,True,1.0822506085750305e-11,11,0,5.8264504332328215e-12,True,"{""cl_i_mM"":26.432639341639156,""cl_l_mM"":142.18654211215943,""k_i_mM"":85.06693732012076,""k_l_mM"":11.282737402800532,""na_i_mM"":14.859456005477579,""na_l_mM"":138.92150448085815,""ph_i"":6.8187223342439545,""ph_l"":7.114290978242424,""tic_i_mM"":5.097920173126719,""tic_l_mM"":8.78722585357253,""v_apical_mV"":-49.26194729383344,""v_basolateral_mV"":-69.72487547115148,""volume_i_pL"":1.3,""volume_l_pL"":0.10278805317237157}","[""cl_i_mM:outside_[47.1,53.1]"",""k_i_mM:outside_[100,160]""]",False,2.7622348852673895e-13,[],True,True
STRICT_NATIVE_S1_PLOW_KLOW_AE4NA10_P1_HWQ_H2.5:B00,STRICT_NATIVE_S1_PLOW_KLOW_AE4NA10_P1_HWQ_H2.5,STRICT_NATIVE,1.0,1.0,2.5,HWQ,DIAGNOSTIC_ONLY_HWQ_HYDRAULIC_TRANSFER,False,True,False,1.1765761975812694e-11,1.841755914444576e-14,1.1765761975812694e-15,1.6155871338926322e-26,2.3418766925686896e-16,True,True,1.1765761975812694e-11,11,0,2.1316282072803006e-14,True,"{""cl_i_mM"":26.434678443003218,""cl_l_mM"":142.20400648050514,""k_i_mM"":85.06909855274198,""k_l_mM"":11.282780676503194,""na_i_mM"":14.859568979973357,""na_l_mM"":138.93950461953074,""ph_i"":6.818731355226929,""ph_l"":7.114312851743098,""tic_i_mM"":5.098046426285055,""tic_l_mM"":8.787821127410298,""v_apical_mV"":-49.26304524628088,""v_basolateral_mV"":-69.72579449158259,""volume_i_pL"":1.3,""volume_l_pL"":0.1011149146033399}","[""cl_i_mM:outside_[47.1,53.1]"",""k_i_mM:outside_[100,160]""]",False,2.7622348852673895e-13,[],True,True
STRICT_NATIVE_S1_PLOW_KLOW_AE4NA10_P1_HWQ_H3.5:B00,STRICT_NATIVE_S1_PLOW_KLOW_AE4NA10_P1_HWQ_H3.5,STRICT_NATIVE,1.0,1.0,3.5,HWQ,DIAGNOSTIC_ONLY_HWQ_HYDRAULIC_TRANSFER,False,True,False,1.0962259745783687e-10,1.4383286228714098e-13,1.0962259745783687e-14,1.6155871338926322e-26,3.434752482434078e-16,True,True,1.862117231243854e-11,11,0,7.269207458193705e-11,True,"{""cl_i_mM"":26.433831188389338,""cl_l_mM"":142.19674972260344,""k_i_mM"":85.0682005499706,""k_l_mM"":11.282762706661904,""na_i_mM"":14.859522042476561,""na_l_mM"":138.93202523313784,""ph_i"":6.818727607045049,""ph_l"":7.1143037631191826,""tic_i_mM"":5.097993968554997,""tic_l_mM"":8.787573785784367,""v_apical_mV"":-49.26258902764852,""v_basolateral_mV"":-69.72541263185904,""volume_i_pL"":1.2999999999999932,""volume_l_pL"":0.10079645858348514}","[""cl_i_mM:outside_[47.1,53.1]"",""k_i_mM:outside_[100,160]""]",False,2.7622348852673895e-13,[],True,True
STRICT_NATIVE_S1_PLOW_KLOW_AE4NA10_P1_HWQ_H5:B00,STRICT_NATIVE_S1_PLOW_KLOW_AE4NA10_P1_HWQ_H5,STRICT_NATIVE,1.0,1.0,5.0,HWQ,DIAGNOSTIC_ONLY_HWQ_HYDRAULIC_TRANSFER,False,True,False,4.330303476907105e-12,1.9409820972704495e-14,4.3303034769071047e-16,1.454028420503369e-26,1.3097162243624894e-16,True,True,4.330303476907105e-12,11,0,0.0,True,"{""cl_i_mM"":26.433195594266937,""cl_l_mM"":142.19130607030795,""k_i_mM"":85.06752688750743,""k_l_mM"":11.282749216184834,""na_i_mM"":14.859486827271219,""na_l_mM"":138.92641458215476,""ph_i"":6.8187247951599685,""ph_l"":7.114296945092759,""tic_i_mM"":5.097954614891396,""tic_l_mM"":8.787388237651644,""v_apical_mV"":-49.262246795260005,""v_basolateral_mV"":-69.72512617094226,""volume_i_pL"":1.3,""volume_l_pL"":0.10055756880340525}","[""cl_i_mM:outside_[47.1,53.1]"",""k_i_mM:outside_[100,160]""]",False,2.7711166694643907e-13,[],True,True
STRICT_NATIVE_S1_PLOW_KLOW_AE4NA10_P1_HWQ_H6.75:B00,STRICT_NATIVE_S1_PLOW_KLOW_AE4NA10_P1_HWQ_H6.75,STRICT_NATIVE,1.0,1.0,6.75,HWQ,DIAGNOSTIC_ONLY_HWQ_HYDRAULIC_TRANSFER,False,True,False,7.14445863581048e-11,1.8251025690751987e-14,7.14445863581048e-15,4.362085261510107e-26,4.649058915617843e-16,True,True,7.14445863581048e-11,11,0,4.924061158817494e-12,True,"{""cl_i_mM"":26.432811035288445,""cl_l_mM"":142.1880125455248,""k_i_mM"":85.06711929658849,""k_l_mM"":11.282741049828457,""na_i_mM"":14.859465519222907,""na_l_mM"":138.9230200221102,""ph_i"":6.818723093836692,""ph_l"":7.114292819966068,""tic_i_mM"":5.097930804031142,""tic_l_mM"":8.78727597503476,""v_apical_mV"":-49.26203973732502,""v_basolateral_mV"":-69.7249528522601,""volume_i_pL"":1.3,""volume_l_pL"":0.10041303535007941}","[""cl_i_mM:outside_[47.1,53.1]"",""k_i_mM:outside_[100,160]""]",False,2.7711166694643907e-13,[],True,True
STRICT_NATIVE_S1_PLOW_KLOW_AE4NA10_P1_HWQ_H8:B00,STRICT_NATIVE_S1_PLOW_KLOW_AE4NA10_P1_HWQ_H8,STRICT_NATIVE,1.0,1.0,8.0,HWQ,DIAGNOSTIC_ONLY_HWQ_HYDRAULIC_TRANSFER,False,True,False,1.0822506085750305e-11,6.024607895893652e-14,1.0822506085750305e-15,1.7771458472818954e-26,1.0842021724855044e-16,True,True,1.0822506085750305e-11,11,0,7.105427357601002e-15,True,"{""cl_i_mM"":26.432639341646503,""cl_l_mM"":142.18654211212265,""k_i_mM"":85.06693732012258,""k_l_mM"":11.282737402806834,""na_i_mM"":14.859456005479482,""na_l_mM"":138.921504480915,""ph_i"":6.818722334243547,""ph_l"":7.114290978236472,""tic_i_mM"":5.097920173129217,""tic_l_mM"":8.787225853546198,""v_apical_mV"":-49.26194729381887,""v_basolateral_mV"":-69.72487547115317,""volume_i_pL"":1.2999999999999978,""volume_l_pL"":0.10034850664654639}","[""cl_i_mM:outside_[47.1,53.1]"",""k_i_mM:outside_[100,160]""]",False,2.7711166694643907e-13,[],True,True
STRICT_NATIVE_S1_PLOW_KLOW_AE4NA10_P2_H1:B00,STRICT_NATIVE_S1_PLOW_KLOW_AE4NA10_P2_H1,STRICT_NATIVE,1.0,2.0,1.0,H1,PRODUCTION_PRE_REVEAL,True,True,False,2.7517051137682103e-12,4.996003610813204e-16,2.7517051137682103e-16,4.362085261510107e-26,4.753142324176451e-16,True,True,2.7517051137682103e-12,11,0,6.750155989720952e-14,True,"{""cl_i_mM"":25.971734947467688,""cl_l_mM"":142.59672842803087,""k_i_mM"":90.77460888236031,""k_l_mM"":11.507356797142991,""na_i_mM"":9.1793257789145,""na_l_mM"":138.76314635036601,""ph_i"":6.841890768672228,""ph_l"":7.1008115763898845,""tic_i_mM"":5.2821861075012215,""tic_l_mM"":8.433856126363318,""v_apical_mV"":-50.054325864264136,""v_basolateral_mV"":-71.5450925775248,""volume_i_pL"":1.3,""volume_l_pL"":0.10296124528109292}","[""cl_i_mM:outside_[47.1,53.1]"",""na_i_mM:outside_[10,35]"",""k_i_mM:outside_[100,160]""]",False,1.4210854715202004e-14,[],True,True
STRICT_NATIVE_S1_PLOW_KLOW_AE4NA10_P2_H2.5:B00,STRICT_NATIVE_S1_PLOW_KLOW_AE4NA10_P2_H2.5,STRICT_NATIVE,1.0,2.0,2.5,HW,DIAGNOSTIC_ONLY_HW_HYDRAULIC_TRANSFER,False,True,False,2.4130003550837387e-11,4.611762360884342e-15,2.4130003550837387e-15,3.554291694563791e-26,2.732189474663471e-16,True,True,2.4130003550837387e-11,11,0,2.1316282072803006e-14,True,"{""cl_i_mM"":25.96661780609925,""cl_l_mM"":142.55605985491545,""k_i_mM"":90.76899406339632,""k_l_mM"":11.507077634364533,""na_i_mM"":9.179171615976175,""na_l_mM"":138.72161221895234,""ph_i"":6.841865805134103,""ph_l"":7.100768488490937,""tic_i_mM"":5.281842018925827,""tic_l_mM"":8.432674500187302,""v_apical_mV"":-50.0521782653167,""v_basolateral_mV"":-71.54298100312944,""volume_i_pL"":1.2999999999999998,""volume_l_pL"":0.10296302026027132}","[""cl_i_mM:outside_[47.1,53.1]"",""na_i_mM:outside_[10,35]"",""k_i_mM:outside_[100,160]""]",False,2.842170943040401e-14,[],True,True
STRICT_NATIVE_S1_PLOW_KLOW_AE4NA10_P2_H3.5:B00,STRICT_NATIVE_S1_PLOW_KLOW_AE4NA10_P2_H3.5,STRICT_NATIVE,1.0,2.0,3.5,HW,DIAGNOSTIC_ONLY_HW_HYDRAULIC_TRANSFER,False,True,False,2.0889323257278214e-11,2.402592014227878e-16,2.0889323257278214e-15,1.9387045606711586e-26,2.1337098754514727e-16,True,True,2.0889323257278214e-11,11,0,8.526512829121202e-14,True,"{""cl_i_mM"":25.965642287131384,""cl_l_mM"":142.54830795910684,""k_i_mM"":90.76792366316262,""k_l_mM"":11.507024364503723,""na_i_mM"":9.179142220350421,""na_l_mM"":138.71369537019288,""ph_i"":6.841861045645657,""ph_l"":7.100760274488087,""tic_i_mM"":5.281776416625362,""tic_l_mM"":8.43244924023654,""v_apical_mV"":-50.05176891640956,""v_basolateral_mV"":-71.5425784642351,""volume_i_pL"":1.3,""volume_l_pL"":0.10296335873407186}","[""cl_i_mM:outside_[47.1,53.1]"",""na_i_mM:outside_[10,35]"",""k_i_mM:outside_[100,160]""]",False,1.4210854715202004e-14,[],True,True
STRICT_NATIVE_S1_PLOW_KLOW_AE4NA10_P2_H5:B00,STRICT_NATIVE_S1_PLOW_KLOW_AE4NA10_P2_H5,STRICT_NATIVE,1.0,2.0,5.0,HW,DIAGNOSTIC_ONLY_HW_HYDRAULIC_TRANSFER,False,True,False,2.7398873100881183e-11,6.661338147750939e-16,2.7398873100881183e-15,3.877409121342317e-26,5.212844045310305e-16,True,True,3.967746270427952e-11,11,0,2.1316282072803006e-14,True,"{""cl_i_mM"":25.96491047434389,""cl_l_mM"":142.54249288059398,""k_i_mM"":90.76712067144064,""k_l_mM"":11.506984391914882,""na_i_mM"":9.17912016705762,""na_l_mM"":138.70775655916228,""ph_i"":6.8418574750770675,""ph_l"":7.100754112559649,""tic_i_mM"":5.281727201941429,""tic_l_mM"":8.432280255677595,""v_apical_mV"":-50.05146184534555,""v_basolateral_mV"":-71.54227648977921,""volume_i_pL"":1.3,""volume_l_pL"":0.10296361266987741}","[""cl_i_mM:outside_[47.1,53.1]"",""na_i_mM:outside_[10,35]"",""k_i_mM:outside_[100,160]""]",False,7.105427357601002e-15,[],True,True
STRICT_NATIVE_S1_PLOW_KLOW_AE4NA10_P2_H6.75:B00,STRICT_NATIVE_S1_PLOW_KLOW_AE4NA10_P2_H6.75,STRICT_NATIVE,1.0,2.0,6.75,HW,DIAGNOSTIC_ONLY_HW_HYDRAULIC_TRANSFER,False,True,False,1.0922252685618972e-11,1.6709723882346594e-14,1.0922252685618972e-15,2.1002632740604218e-26,2.7668839441830073e-16,True,True,1.7565376236872154e-10,11,0,9.308109838457312e-12,True,"{""cl_i_mM"":25.964467700531333,""cl_l_mM"":142.53897463557826,""k_i_mM"":90.76663483128607,""k_l_mM"":11.506960202559537,""na_i_mM"":9.179106823440524,""na_l_mM"":138.70416345620097,""ph_i"":6.841855314707566,""ph_l"":7.100750384380251,""tic_i_mM"":5.281697424700475,""tic_l_mM"":8.432178013967574,""v_apical_mV"":-50.05127606158942,""v_basolateral_mV"":-71.54209378461772,""volume_i_pL"":1.299999999999999,""volume_l_pL"":0.10296376631885808}","[""cl_i_mM:outside_[47.1,53.1]"",""na_i_mM:outside_[10,35]"",""k_i_mM:outside_[100,160]""]",False,1.4210854715202004e-14,[],True,True
STRICT_NATIVE_S1_PLOW_KLOW_AE4NA10_P2_H8:B00,STRICT_NATIVE_S1_PLOW_KLOW_AE4NA10_P2_H8,STRICT_NATIVE,1.0,2.0,8.0,HW,DIAGNOSTIC_ONLY_HW_HYDRAULIC_TRANSFER,False,True,False,1.5836941133495763e-11,4.3021142204224816e-16,1.5836941133495763e-15,6.462348535570529e-27,1.4224732503009818e-16,True,True,1.5836941133495763e-11,11,0,7.105427357601002e-15,True,"{""cl_i_mM"":25.964270016063157,""cl_l_mM"":142.53740387326766,""k_i_mM"":90.76641791893948,""k_l_mM"":11.506949401693094,""na_i_mM"":9.179100865802065,""na_l_mM"":138.70255927335967,""ph_i"":6.8418543501596,""ph_l"":7.100748719868833,""tic_i_mM"":5.2816841299771555,""tic_l_mM"":8.432132366334775,""v_apical_mV"":-50.05119311639301,""v_basolateral_mV"":-71.54201221268823,""volume_i_pL"":1.3,""volume_l_pL"":0.10296383492030736}","[""cl_i_mM:outside_[47.1,53.1]"",""na_i_mM:outside_[10,35]"",""k_i_mM:outside_[100,160]""]",False,1.4210854715202004e-14,[],True,True
STRICT_NATIVE_S1_PLOW_KLOW_AE4NA10_P2_HWQ_H2.5:B00,STRICT_NATIVE_S1_PLOW_KLOW_AE4NA10_P2_HWQ_H2.5,STRICT_NATIVE,1.0,2.0,2.5,HWQ,DIAGNOSTIC_ONLY_HWQ_HYDRAULIC_TRANSFER,False,True,False,2.4130003550837387e-11,1.56472057533108e-15,2.4130003550837387e-15,6.462348535570529e-27,1.5612511283791264e-16,True,True,2.4130003550837387e-11,11,0,3.552713678800501e-14,True,"{""cl_i_mM"":25.966617806107454,""cl_l_mM"":142.55605985489012,""k_i_mM"":90.76899406338723,""k_l_mM"":11.507077634368942,""na_i_mM"":9.179171615976246,""na_l_mM"":138.72161221899145,""ph_i"":6.841865805132702,""ph_l"":7.100768488484892,""tic_i_mM"":5.281842018929362,""tic_l_mM"":8.4326745001691,""v_apical_mV"":-50.052178265303255,""v_basolateral_mV"":-71.54298100312768,""volume_i_pL"":1.3,""volume_l_pL"":0.10118520810410839}","[""cl_i_mM:outside_[47.1,53.1]"",""na_i_mM:outside_[10,35]"",""k_i_mM:outside_[100,160]""]",False,1.4210854715202004e-14,[],True,True
STRICT_NATIVE_S1_PLOW_KLOW_AE4NA10_P2_HWQ_H3.5:B00,STRICT_NATIVE_S1_PLOW_KLOW_AE4NA10_P2_HWQ_H3.5,STRICT_NATIVE,1.0,2.0,3.5,HWQ,DIAGNOSTIC_ONLY_HWQ_HYDRAULIC_TRANSFER,False,True,False,2.0889323257278214e-11,1.4762496780562628e-15,2.0889323257278214e-15,3.2311742677852644e-26,4.666406150377611e-16,True,True,2.948487808074329e-11,11,0,8.171241461241152e-13,True,"{""cl_i_mM"":25.965642287140774,""cl_l_mM"":142.5483079590763,""k_i_mM"":90.76792366315358,""k_l_mM"":11.507024364509073,""na_i_mM"":9.179142220350574,""na_l_mM"":138.71369537023978,""ph_i"":6.841861045644158,""ph_l"":7.100760274481152,""tic_i_mM"":5.28177641662932,""tic_l_mM"":8.432449240214869,""v_apical_mV"":-50.05176891639389,""v_basolateral_mV"":-71.54257846423347,""volume_i_pL"":1.3,""volume_l_pL"":0.10084667392402041}","[""cl_i_mM:outside_[47.1,53.1]"",""na_i_mM:outside_[10,35]"",""k_i_mM:outside_[100,160]""]",False,7.105427357601002e-15,[],True,True
STRICT_NATIVE_S1_PLOW_KLOW_AE4NA10_P2_HWQ_H5:B00,STRICT_NATIVE_S1_PLOW_KLOW_AE4NA10_P2_HWQ_H5,STRICT_NATIVE,1.0,2.0,5.0,HWQ,DIAGNOSTIC_ONLY_HWQ_HYDRAULIC_TRANSFER,False,True,False,2.7398873100881183e-11,8.743006318923108e-16,2.7398873100881183e-15,3.069615554396001e-26,2.0556473190325164e-16,True,True,2.7398873100881183e-11,11,0,1.4210854715202004e-14,True,"{""cl_i_mM"":25.964910474354518,""cl_l_mM"":142.54249288055956,""k_i_mM"":90.76712067143006,""k_l_mM"":11.506984391920883,""na_i_mM"":9.179120167057771,""na_l_mM"":138.70775655921489,""ph_i"":6.841857475075347,""ph_l"":7.100754112551838,""tic_i_mM"":5.2817272019459205,""tic_l_mM"":8.43228025565341,""v_apical_mV"":-50.05146184532787,""v_basolateral_mV"":-71.54227648977724,""volume_i_pL"":1.3,""volume_l_pL"":0.10059272253397539}","[""cl_i_mM:outside_[47.1,53.1]"",""na_i_mM:outside_[10,35]"",""k_i_mM:outside_[100,160]""]",False,2.842170943040401e-14,[],True,True
STRICT_NATIVE_S1_PLOW_KLOW_AE4NA10_P2_HWQ_H6.75:B00,STRICT_NATIVE_S1_PLOW_KLOW_AE4NA10_P2_HWQ_H6.75,STRICT_NATIVE,1.0,2.0,6.75,HWQ,DIAGNOSTIC_ONLY_HWQ_HYDRAULIC_TRANSFER,False,True,False,2.1947504577624066e-11,7.216449660063518e-16,2.1947504577624066e-15,2.7464981276174747e-26,3.209238430557093e-16,True,True,2.0880432799463833e-10,11,0,4.121147867408581e-13,True,"{""cl_i_mM"":25.964467700543842,""cl_l_mM"":142.5389746355419,""k_i_mM"":90.76663483126912,""k_l_mM"":11.506960202565734,""na_i_mM"":9.179106823440478,""na_l_mM"":138.70416345625668,""ph_i"":6.841855314705199,""ph_l"":7.1007503843711754,""tic_i_mM"":5.281697424706035,""tic_l_mM"":8.432178013942043,""v_apical_mV"":-50.051276061569304,""v_basolateral_mV"":-71.54209378461404,""volume_i_pL"":1.3,""volume_l_pL"":0.1004390764916826}","[""cl_i_mM:outside_[47.1,53.1]"",""na_i_mM:outside_[10,35]"",""k_i_mM:outside_[100,160]""]",False,7.105427357601002e-15,[],True,True
STRICT_NATIVE_S1_PLOW_KLOW_AE4NA10_P2_HWQ_H8:B00,STRICT_NATIVE_S1_PLOW_KLOW_AE4NA10_P2_HWQ_H8,STRICT_NATIVE,1.0,2.0,8.0,HWQ,DIAGNOSTIC_ONLY_HWQ_HYDRAULIC_TRANSFER,False,True,False,3.428789370485408e-11,4.631711680858075e-16,3.4287893704854078e-15,3.069615554396001e-26,2.1684043449710089e-16,True,True,3.428789370485408e-11,11,0,1.7763568394002505e-15,True,"{""cl_i_mM"":25.964270016074828,""cl_l_mM"":142.5374038732301,""k_i_mM"":90.76641791892779,""k_l_mM"":11.50694940169966,""na_i_mM"":9.179100865802232,""na_l_mM"":138.7025592734173,""ph_i"":6.8418543501577025,""ph_l"":7.100748719860216,""tic_i_mM"":5.2816841299821045,""tic_l_mM"":8.432132366308105,""v_apical_mV"":-50.05119311637362,""v_basolateral_mV"":-71.54201221268606,""volume_i_pL"":1.3,""volume_l_pL"":0.10037047936503836}","[""cl_i_mM:outside_[47.1,53.1]"",""na_i_mM:outside_[10,35]"",""k_i_mM:outside_[100,160]""]",False,2.842170943040401e-14,[],True,True
STRICT_NATIVE_S1_PLOW_KLOW_AE4NA20_P1_H1:B00,STRICT_NATIVE_S1_PLOW_KLOW_AE4NA20_P1_H1,STRICT_NATIVE,1.0,1.0,1.0,H1,PRODUCTION_PRE_REVEAL,True,True,False,2.467644144577008e-12,1.8623991238087e-14,2.467644144577008e-16,6.462348535570529e-27,3.122502256758253e-17,True,True,2.467644144577008e-12,11,0,5.7980287238024175e-12,True,"{""cl_i_mM"":25.619946612361964,""cl_l_mM"":141.98801161211782,""k_i_mM"":80.82364463558194,""k_l_mM"":10.468554040612975,""na_i_mM"":20.333552616706182,""na_l_mM"":139.78518945245904,""ph_i"":6.901269683756337,""ph_l"":7.1203874725841185,""tic_i_mM"":6.0852797916115655,""tic_l_mM"":9.047837263504247,""v_apical_mV"":-49.923839793261514,""v_basolateral_mV"":-69.53207107511668,""volume_i_pL"":1.3,""volume_l_pL"":0.1027172184267139}","[""cl_i_mM:outside_[47.1,53.1]"",""k_i_mM:outside_[100,160]""]",False,3.232969447708456e-13,[],True,True
STRICT_NATIVE_S1_PLOW_KLOW_AE4NA20_P1_H2.5:B00,STRICT_NATIVE_S1_PLOW_KLOW_AE4NA20_P1_H2.5,STRICT_NATIVE,1.0,1.0,2.5,HW,DIAGNOSTIC_ONLY_HW_HYDRAULIC_TRANSFER,False,True,False,3.117840187416565e-11,1.8905016441195244e-14,3.117840187416565e-15,2.4233807008389483e-26,2.6194324487249787e-16,True,True,2.5039649173552725e-11,11,0,5.7553961596568115e-12,True,"{""cl_i_mM"":25.615990094421143,""cl_l_mM"":141.95101112977298,""k_i_mM"":80.81980860265742,""k_l_mM"":10.468628723548141,""na_i_mM"":20.332916425147882,""na_l_mM"":139.74674824384755,""ph_i"":6.901252737329061,""ph_l"":7.12033643832743,""tic_i_mM"":6.084972604945789,""tic_l_mM"":9.04643528808024,""v_apical_mV"":-49.921302480946586,""v_basolateral_mV"":-69.53017340829633,""volume_i_pL"":1.3,""volume_l_pL"":0.1027188506512933}","[""cl_i_mM:outside_[47.1,53.1]"",""k_i_mM:outside_[100,160]""]",False,3.206324095117452e-13,[],True,True
STRICT_NATIVE_S1_PLOW_KLOW_AE4NA20_P1_H3.5:B00,STRICT_NATIVE_S1_PLOW_KLOW_AE4NA20_P1_H3.5,STRICT_NATIVE,1.0,1.0,3.5,HW,DIAGNOSTIC_ONLY_HW_HYDRAULIC_TRANSFER,False,True,False,4.953828146303518e-11,1.871159477362383e-14,4.953828146303518e-15,4.8467614016778965e-27,9.280770596475918e-17,True,True,3.573205099860477e-11,11,0,5.7767124417296145e-12,True,"{""cl_i_mM"":25.61523581473669,""cl_l_mM"":141.94395839863566,""k_i_mM"":80.8190773191582,""k_l_mM"":10.468642919951051,""na_i_mM"":20.332795107463262,""na_l_mM"":139.73942091320797,""ph_i"":6.901249506426651,""ph_l"":7.120326709680057,""tic_i_mM"":6.0849140381701075,""tic_l_mM"":9.046168033492354,""v_apical_mV"":-49.92081883486177,""v_basolateral_mV"":-69.52981165470267,""volume_i_pL"":1.3,""volume_l_pL"":0.10271916189531176}","[""cl_i_mM:outside_[47.1,53.1]"",""k_i_mM:outside_[100,160]""]",False,3.206324095117452e-13,[],True,True
STRICT_NATIVE_S1_PLOW_KLOW_AE4NA20_P1_H5:B00,STRICT_NATIVE_S1_PLOW_KLOW_AE4NA20_P1_H5,STRICT_NATIVE,1.0,1.0,5.0,HW,DIAGNOSTIC_ONLY_HW_HYDRAULIC_TRANSFER,False,True,False,7.349806527279235e-11,2.150970374037442e-14,7.349806527279235e-15,3.3927329811745276e-26,3.894454203567932e-16,True,True,7.349806527279235e-11,11,0,7.243983191074221e-12,True,"{""cl_i_mM"":25.614669966771814,""cl_l_mM"":141.9386677947328,""k_i_mM"":80.81852872814798,""k_l_mM"":10.468653561166455,""na_i_mM"":20.332704090105178,""na_l_mM"":139.73392432279246,""ph_i"":6.901247082616628,""ph_l"":7.120319411546798,""tic_i_mM"":6.084870101515838,""tic_l_mM"":9.045967548047441,""v_apical_mV"":-49.920456027025224,""v_basolateral_mV"":-69.52954027784628,""volume_i_pL"":1.2999999999999998,""volume_l_pL"":0.10271939540069508}","[""cl_i_mM:outside_[47.1,53.1]"",""k_i_mM:outside_[100,160]""]",False,3.206324095117452e-13,[],True,True
STRICT_NATIVE_S1_PLOW_KLOW_AE4NA20_P1_H6.75:B00,STRICT_NATIVE_S1_PLOW_KLOW_AE4NA20_P1_H6.75,STRICT_NATIVE,1.0,1.0,6.75,HW,DIAGNOSTIC_ONLY_HW_HYDRAULIC_TRANSFER,False,True,False,1.7335091695436233e-10,1.8715931582313772e-14,1.7335091695436233e-14,3.877409121342317e-26,4.0419056990259605e-16,True,True,2.4250349991983278e-11,11,0,5.751843445978011e-12,True,"{""cl_i_mM"":25.614327606153033,""cl_l_mM"":141.93546686657152,""k_i_mM"":80.81819681100619,""k_l_mM"":10.46865999591035,""na_i_mM"":20.332649018109553,""na_l_mM"":139.73059877015294,""ph_i"":6.90124561609742,""ph_l"":7.120314995940622,""tic_i_mM"":6.0848435177349955,""tic_l_mM"":9.0458462482039,""v_apical_mV"":-49.92023652017921,""v_basolateral_mV"":-69.529376085932,""volume_i_pL"":1.3,""volume_l_pL"":0.10271953668716494}","[""cl_i_mM:outside_[47.1,53.1]"",""k_i_mM:outside_[100,160]""]",False,3.197442310920451e-13,[],True,True
STRICT_NATIVE_S1_PLOW_KLOW_AE4NA20_P1_H8:B00,STRICT_NATIVE_S1_PLOW_KLOW_AE4NA20_P1_H8,STRICT_NATIVE,1.0,1.0,8.0,HW,DIAGNOSTIC_ONLY_HW_HYDRAULIC_TRANSFER,False,True,False,1.3064636178450328e-11,9.375486498264252e-14,1.3064636178450328e-15,9.693522803355793e-27,5.898059818321144e-17,True,True,1.1732151708465643e-11,11,0,4.6636472461614176e-11,True,"{""cl_i_mM"":25.614174752579956,""cl_l_mM"":141.9340377738163,""k_i_mM"":80.81804862072008,""k_l_mM"":10.46866286794742,""na_i_mM"":20.332624429455073,""na_l_mM"":139.72911403773608,""ph_i"":6.901244961339533,""ph_l"":7.120313024524159,""tic_i_mM"":6.0848316487993666,""tic_l_mM"":9.045792091976983,""v_apical_mV"":-49.920138518631816,""v_basolateral_mV"":-69.52930277972783,""volume_i_pL"":1.299999999999995,""volume_l_pL"":0.10271959976881678}","[""cl_i_mM:outside_[47.1,53.1]"",""k_i_mM:outside_[100,160]""]",False,3.197442310920451e-13,[],True,True
STRICT_NATIVE_S1_PLOW_KLOW_AE4NA20_P1_HWQ_H2.5:B00,STRICT_NATIVE_S1_PLOW_KLOW_AE4NA20_P1_HWQ_H2.5,STRICT_NATIVE,1.0,1.0,2.5,HWQ,DIAGNOSTIC_ONLY_HWQ_HYDRAULIC_TRANSFER,False,True,False,2.5039649173552725e-11,1.8623123876349013e-14,2.5039649173552725e-15,2.261821987449685e-26,2.229119666630197e-16,True,True,2.5039649173552725e-11,11,0,0.0,True,"{""cl_i_mM"":25.615990094427566,""cl_l_mM"":141.95101112974893,""k_i_mM"":80.8198086026501,""k_l_mM"":10.468628723551632,""na_i_mM"":20.332916425148348,""na_l_mM"":139.74674824388535,""ph_i"":6.9012527373279875,""ph_l"":7.120336438322497,""tic_i_mM"":6.084972604948779,""tic_l_mM"":9.046435288062986,""v_apical_mV"":-49.921302480935054,""v_basolateral_mV"":-69.53017340829487,""volume_i_pL"":1.3,""volume_l_pL"":0.10108754026051715}","[""cl_i_mM:outside_[47.1,53.1]"",""k_i_mM:outside_[100,160]""]",False,3.206324095117452e-13,[],True,True
STRICT_NATIVE_S1_PLOW_KLOW_AE4NA20_P1_HWQ_H3.5:B00,STRICT_NATIVE_S1_PLOW_KLOW_AE4NA20_P1_HWQ_H3.5,STRICT_NATIVE,1.0,1.0,3.5,HWQ,DIAGNOSTIC_ONLY_HWQ_HYDRAULIC_TRANSFER,False,True,False,3.573205099860477e-11,7.190602280271463e-14,3.573205099860477e-15,8.077935669463161e-27,9.194034422677078e-17,True,True,3.573205099860477e-11,11,0,1.4210854715202004e-14,True,"{""cl_i_mM"":25.615235814740643,""cl_l_mM"":141.94395839860564,""k_i_mM"":80.81907731916361,""k_l_mM"":10.468642919955705,""na_i_mM"":20.332795107468463,""na_l_mM"":139.73942091325455,""ph_i"":6.901249506427024,""ph_l"":7.1203267096764575,""tic_i_mM"":6.084914038171229,""tic_l_mM"":9.046168033471046,""v_apical_mV"":-49.920818834851815,""v_basolateral_mV"":-69.52981165470538,""volume_i_pL"":1.2999999999999965,""volume_l_pL"":0.1007769033986604}","[""cl_i_mM:outside_[47.1,53.1]"",""k_i_mM:outside_[100,160]""]",False,3.206324095117452e-13,[],True,True
STRICT_NATIVE_S1_PLOW_KLOW_AE4NA20_P1_HWQ_H5:B00,STRICT_NATIVE_S1_PLOW_KLOW_AE4NA20_P1_HWQ_H5,STRICT_NATIVE,1.0,1.0,5.0,HWQ,DIAGNOSTIC_ONLY_HWQ_HYDRAULIC_TRANSFER,False,True,False,6.121947566939401e-11,1.8262301393345837e-14,6.121947566939401e-15,2.261821987449685e-26,2.92300905702092e-16,True,True,6.121947566939401e-11,11,0,0.0,True,"{""cl_i_mM"":25.614669966780607,""cl_l_mM"":141.93866779470042,""k_i_mM"":80.8185287281375,""k_l_mM"":10.468653561171118,""na_i_mM"":20.33270409010554,""na_l_mM"":139.7339243228431,""ph_i"":6.901247082615106,""ph_l"":7.120319411540101,""tic_i_mM"":6.084870101519959,""tic_l_mM"":9.045967548024501,""v_apical_mV"":-49.920456027009536,""v_basolateral_mV"":-69.52954027784408,""volume_i_pL"":1.3,""volume_l_pL"":0.10054387908013891}","[""cl_i_mM:outside_[47.1,53.1]"",""k_i_mM:outside_[100,160]""]",False,3.206324095117452e-13,[],True,True
STRICT_NATIVE_S1_PLOW_KLOW_AE4NA20_P1_HWQ_H6.75:B00,STRICT_NATIVE_S1_PLOW_KLOW_AE4NA20_P1_HWQ_H6.75,STRICT_NATIVE,1.0,1.0,6.75,HWQ,DIAGNOSTIC_ONLY_HWQ_HYDRAULIC_TRANSFER,False,True,False,2.3842798395345977e-10,1.8697716985816015e-14,2.3842798395345977e-14,2.5849394142282115e-26,5.299580219109146e-16,True,True,1.8992619976732072e-10,11,0,5.6274984672199935e-12,True,"{""cl_i_mM"":25.6143276061622,""cl_l_mM"":141.9354668665372,""k_i_mM"":80.8181968109957,""k_l_mM"":10.468659995915342,""na_i_mM"":20.332649018110214,""na_l_mM"":139.73059877020694,""ph_i"":6.901245616095883,""ph_l"":7.120314995933541,""tic_i_mM"":6.084843517739286,""tic_l_mM"":9.045846248179114,""v_apical_mV"":-49.92023652016271,""v_basolateral_mV"":-69.52937608592993,""volume_i_pL"":1.3,""volume_l_pL"":0.10040289432402436}","[""cl_i_mM:outside_[47.1,53.1]"",""k_i_mM:outside_[100,160]""]",False,3.197442310920451e-13,[],True,True
STRICT_NATIVE_S1_PLOW_KLOW_AE4NA20_P1_HWQ_H8:B00,STRICT_NATIVE_S1_PLOW_KLOW_AE4NA20_P1_HWQ_H8,STRICT_NATIVE,1.0,1.0,8.0,HWQ,DIAGNOSTIC_ONLY_HWQ_HYDRAULIC_TRANSFER,False,True,False,1.4673592202418817e-11,1.857628634249764e-14,1.4673592202418817e-15,4.0389678347315804e-26,5.750608322863116e-16,True,True,1.4673592202418817e-11,11,0,7.105427357601002e-15,True,"{""cl_i_mM"":25.614174752594646,""cl_l_mM"":141.93403777378282,""k_i_mM"":80.81804862068942,""k_l_mM"":10.468662867951865,""na_i_mM"":20.332624429449208,""na_l_mM"":139.72911403778957,""ph_i"":6.9012449613356255,""ph_l"":7.120313024513659,""tic_i_mM"":6.084831648807217,""tic_l_mM"":9.045792091952524,""v_apical_mV"":-49.92013851860944,""v_basolateral_mV"":-69.52930277971944,""volume_i_pL"":1.3,""volume_l_pL"":0.100339949971102}","[""cl_i_mM:outside_[47.1,53.1]"",""k_i_mM:outside_[100,160]""]",False,3.197442310920451e-13,[],True,True
STRICT_NATIVE_S1_PLOW_KLOW_AE4NA20_P2_H1:B00,STRICT_NATIVE_S1_PLOW_KLOW_AE4NA20_P2_H1,STRICT_NATIVE,1.0,2.0,1.0,H1,PRODUCTION_PRE_REVEAL,True,True,False,2.1933409949381755e-12,2.914335439641036e-16,2.1933409949381755e-16,2.908056841006738e-26,2.5760643618255585e-16,True,True,1.362842130814279e-12,11,0,1.0658141036401503e-14,True,"{""cl_i_mM"":24.535993589251426,""cl_l_mM"":142.5519964429054,""k_i_mM"":90.50008625915711,""k_l_mM"":10.757620095125342,""na_i_mM"":10.491374203470631,""na_l_mM"":139.51143723009184,""ph_i"":6.940819570912383,""ph_l"":7.100789234813427,""tic_i_mM"":6.467065425540272,""tic_l_mM"":8.481469928036903,""v_apical_mV"":-51.56789738426307,""v_basolateral_mV"":-72.7680643568654,""volume_i_pL"":1.3,""volume_l_pL"":0.1029917290569783}","[""cl_i_mM:outside_[47.1,53.1]"",""k_i_mM:outside_[100,160]""]",False,1.4210854715202004e-14,[],True,True
STRICT_NATIVE_S1_PLOW_KLOW_AE4NA20_P2_H2.5:B00,STRICT_NATIVE_S1_PLOW_KLOW_AE4NA20_P2_H2.5,STRICT_NATIVE,1.0,2.0,2.5,HW,DIAGNOSTIC_ONLY_HW_HYDRAULIC_TRANSFER,False,True,False,4.7663695906807746e-11,2.220446049250313e-16,4.7663695906807746e-15,1.7771458472818954e-26,3.712308238590367e-16,True,True,4.7663695906807746e-11,11,0,7.105427357601002e-15,True,"{""cl_i_mM"":24.531187429321612,""cl_l_mM"":142.510938380374,""k_i_mM"":90.49479221615736,""k_l_mM"":10.757460280307093,""na_i_mM"":10.491110782593948,""na_l_mM"":139.46935369859523,""ph_i"":6.940794670214967,""ph_l"":7.100744743685319,""tic_i_mM"":6.46662964834615,""tic_l_mM"":8.480246655132222,""v_apical_mV"":-51.56564810524735,""v_basolateral_mV"":-72.76593528143603,""volume_i_pL"":1.3,""volume_l_pL"":0.10299352570426723}","[""cl_i_mM:outside_[47.1,53.1]"",""k_i_mM:outside_[100,160]""]",False,1.4210854715202004e-14,[],True,True
STRICT_NATIVE_S1_PLOW_KLOW_AE4NA20_P2_H3.5:B00,STRICT_NATIVE_S1_PLOW_KLOW_AE4NA20_P2_H3.5,STRICT_NATIVE,1.0,2.0,3.5,HW,DIAGNOSTIC_ONLY_HW_HYDRAULIC_TRANSFER,False,True,False,3.7795287732844685e-12,2.636779683484747e-16,3.7795287732844685e-16,1.454028420503369e-26,1.448494102440634e-16,True,True,3.7795287732844685e-12,11,0,1.3145040611561853e-13,True,"{""cl_i_mM"":24.530271190573167,""cl_l_mM"":142.50311223269898,""k_i_mM"":90.4937829635475,""k_l_mM"":10.757429765981737,""na_i_mM"":10.491060556078455,""na_l_mM"":139.46133211033464,""ph_i"":6.940789922704826,""ph_l"":7.100736262179344,""tic_i_mM"":6.466546565139861,""tic_l_mM"":8.480013456365388,""v_apical_mV"":-51.56521937089156,""v_basolateral_mV"":-72.76552940427612,""volume_i_pL"":1.3,""volume_l_pL"":0.10299386831165405}","[""cl_i_mM:outside_[47.1,53.1]"",""k_i_mM:outside_[100,160]""]",False,1.4210854715202004e-14,[],True,True
STRICT_NATIVE_S1_PLOW_KLOW_AE4NA20_P2_H5:B00,STRICT_NATIVE_S1_PLOW_KLOW_AE4NA20_P2_H5,STRICT_NATIVE,1.0,2.0,5.0,HW,DIAGNOSTIC_ONLY_HW_HYDRAULIC_TRANSFER,False,True,False,9.265591766061121e-12,3.4867941867133823e-16,9.26559176606112e-16,1.7771458472818954e-26,1.5439038936193583e-16,True,True,7.370406368556459e-12,11,0,6.039613253960852e-14,True,"{""cl_i_mM"":24.529583847550718,""cl_l_mM"":142.49724145194799,""k_i_mM"":90.4930258425161,""k_l_mM"":10.757406864794994,""na_i_mM"":10.491022875443033,""na_l_mM"":139.45531472535455,""ph_i"":6.940786361121615,""ph_l"":7.1007298995767565,""tic_i_mM"":6.466484236326388,""tic_l_mM"":8.479838516410322,""v_apical_mV"":-51.564897756993865,""v_basolateral_mV"":-72.7652249251243,""volume_i_pL"":1.3,""volume_l_pL"":0.10299412534898064}","[""cl_i_mM:outside_[47.1,53.1]"",""k_i_mM:outside_[100,160]""]",False,1.4210854715202004e-14,[],True,True
STRICT_NATIVE_S1_PLOW_KLOW_AE4NA20_P2_H6.75:B00,STRICT_NATIVE_S1_PLOW_KLOW_AE4NA20_P2_H6.75,STRICT_NATIVE,1.0,2.0,6.75,HW,DIAGNOSTIC_ONLY_HW_HYDRAULIC_TRANSFER,False,True,False,2.4644999582768e-11,7.11757042193284e-15,2.4644999582768e-15,2.4233807008389483e-26,3.903127820947816e-16,True,True,2.4644999582768e-11,11,0,0.0,True,"{""cl_i_mM"":24.529167979197737,""cl_l_mM"":142.49368950496338,""k_i_mM"":90.49256775544653,""k_l_mM"":10.757393004561566,""na_i_mM"":10.49100007651013,""na_l_mM"":139.45167408195937,""ph_i"":6.9407842061881615,""ph_l"":7.100726049982123,""tic_i_mM"":6.466446524410674,""tic_l_mM"":8.479732671519105,""v_apical_mV"":-51.564703174160535,""v_basolateral_mV"":-72.76504070436069,""volume_i_pL"":1.299999999999999,""volume_l_pL"":0.10299428087474434}","[""cl_i_mM:outside_[47.1,53.1]"",""k_i_mM:outside_[100,160]""]",False,1.4210854715202004e-14,[],True,True
STRICT_NATIVE_S1_PLOW_KLOW_AE4NA20_P2_H8:B00,STRICT_NATIVE_S1_PLOW_KLOW_AE4NA20_P2_H8,STRICT_NATIVE,1.0,2.0,8.0,HW,DIAGNOSTIC_ONLY_HW_HYDRAULIC_TRANSFER,False,True,False,1.0686655553537872e-10,6.522560269672795e-16,1.0686655553537872e-14,2.7464981276174747e-26,4.2847669856627135e-16,True,True,1.0686655553537872e-10,11,0,1.6342482922482304e-13,True,"{""cl_i_mM"":24.528982307067373,""cl_l_mM"":142.4921036957789,""k_i_mM"":90.49236323388506,""k_l_mM"":10.75738681539185,""na_i_mM"":10.490989897325512,""na_l_mM"":139.45004867375172,""ph_i"":6.940783244067597,""ph_l"":7.10072433126327,""tic_i_mM"":6.466429687071549,""tic_l_mM"":8.479685415192652,""v_apical_mV"":-51.5646163004259,""v_basolateral_mV"":-72.76495845572333,""volume_i_pL"":1.3,""volume_l_pL"":0.10299435031417821}","[""cl_i_mM:outside_[47.1,53.1]"",""k_i_mM:outside_[100,160]""]",False,1.4210854715202004e-14,[],True,True
STRICT_NATIVE_S1_PLOW_KLOW_AE4NA20_P2_HWQ_H2.5:B00,STRICT_NATIVE_S1_PLOW_KLOW_AE4NA20_P2_HWQ_H2.5,STRICT_NATIVE,1.0,2.0,2.5,HWQ,DIAGNOSTIC_ONLY_HWQ_HYDRAULIC_TRANSFER,False,True,False,4.1523859004022334e-11,5.273559366969494e-16,4.1523859004022334e-15,3.069615554396001e-26,3.217912047936977e-16,True,True,4.7663695906807746e-11,11,0,7.105427357601002e-15,True,"{""cl_i_mM"":24.531187429329286,""cl_l_mM"":142.51093838034848,""k_i_mM"":90.49479221614872,""k_l_mM"":10.757460280311259,""na_i_mM"":10.491110782594188,""na_l_mM"":139.46935369863516,""ph_i"":6.940794670213673,""ph_l"":7.100744743679389,""tic_i_mM"":6.4666296483497705,""tic_l_mM"":8.480246655113671,""v_apical_mV"":-51.56564810523399,""v_basolateral_mV"":-72.76593528143448,""volume_i_pL"":1.3,""volume_l_pL"":0.10119741028170676}","[""cl_i_mM:outside_[47.1,53.1]"",""k_i_mM:outside_[100,160]""]",False,1.4210854715202004e-14,[],True,True
STRICT_NATIVE_S1_PLOW_KLOW_AE4NA20_P2_HWQ_H3.5:B00,STRICT_NATIVE_S1_PLOW_KLOW_AE4NA20_P2_HWQ_H3.5,STRICT_NATIVE,1.0,2.0,3.5,HWQ,DIAGNOSTIC_ONLY_HWQ_HYDRAULIC_TRANSFER,False,True,False,3.7795287732844685e-12,7.632783294297951e-16,3.7795287732844685e-16,4.0389678347315804e-26,3.131175874138137e-16,True,True,1.0727529975440575e-10,11,0,2.4868995751603507e-14,True,"{""cl_i_mM"":24.53027119058232,""cl_l_mM"":142.50311223266843,""k_i_mM"":90.49378296353709,""k_l_mM"":10.75742976598672,""na_i_mM"":10.491060556078738,""na_l_mM"":139.4613321103823,""ph_i"":6.940789922703273,""ph_l"":7.100736262172264,""tic_i_mM"":6.466546565144196,""tic_l_mM"":8.480013456343293,""v_apical_mV"":-51.56521937087558,""v_basolateral_mV"":-72.76552940427422,""volume_i_pL"":1.3,""volume_l_pL"":0.10085539094618676}","[""cl_i_mM:outside_[47.1,53.1]"",""k_i_mM:outside_[100,160]""]",False,1.4210854715202004e-14,[],True,True
STRICT_NATIVE_S1_PLOW_KLOW_AE4NA20_P2_HWQ_H5:B00,STRICT_NATIVE_S1_PLOW_KLOW_AE4NA20_P2_HWQ_H5,STRICT_NATIVE,1.0,2.0,5.0,HWQ,DIAGNOSTIC_ONLY_HWQ_HYDRAULIC_TRANSFER,False,True,False,6.370771965524824e-12,2.498001805406602e-16,6.370771965524824e-16,1.6155871338926322e-26,3.0357660829594124e-16,True,True,6.370771965524824e-12,11,0,1.7763568394002505e-14,True,"{""cl_i_mM"":24.52958384756102,""cl_l_mM"":142.4972414519137,""k_i_mM"":90.49302584250442,""k_l_mM"":10.757406864800577,""na_i_mM"":10.491022875443353,""na_l_mM"":139.4553147254081,""ph_i"":6.940786361119872,""ph_l"":7.100729899568794,""tic_i_mM"":6.466484236331255,""tic_l_mM"":8.479838516385465,""v_apical_mV"":-51.56489775697589,""v_basolateral_mV"":-72.7652249251222,""volume_i_pL"":1.3,""volume_l_pL"":0.10059882506979603}","[""cl_i_mM:outside_[47.1,53.1]"",""k_i_mM:outside_[100,160]""]",False,7.105427357601002e-15,[],True,True
STRICT_NATIVE_S1_PLOW_KLOW_AE4NA20_P2_HWQ_H6.75:B00,STRICT_NATIVE_S1_PLOW_KLOW_AE4NA20_P2_HWQ_H6.75,STRICT_NATIVE,1.0,2.0,6.75,HWQ,DIAGNOSTIC_ONLY_HWQ_HYDRAULIC_TRANSFER,False,True,False,2.394135237282491e-11,1.2490009027033011e-15,2.394135237282491e-15,2.908056841006738e-26,3.0704605524789486e-16,True,True,2.394135237282491e-11,11,0,7.105427357601002e-15,True,"{""cl_i_mM"":24.52916797920919,""cl_l_mM"":142.49368950492712,""k_i_mM"":90.49256775543172,""k_l_mM"":10.757393004567433,""na_i_mM"":10.491000076510357,""na_l_mM"":139.45167408201627,""ph_i"":6.94078420618609,""ph_l"":7.100726049973302,""tic_i_mM"":6.466446524416175,""tic_l_mM"":8.479732671492554,""v_apical_mV"":-51.56470317414089,""v_basolateral_mV"":-72.76504070435779,""volume_i_pL"":1.2999999999999998,""volume_l_pL"":0.10044359716662872}","[""cl_i_mM:outside_[47.1,53.1]"",""k_i_mM:outside_[100,160]""]",False,1.4210854715202004e-14,[],True,True
STRICT_NATIVE_S1_PLOW_KLOW_AE4NA20_P2_HWQ_H8:B00,STRICT_NATIVE_S1_PLOW_KLOW_AE4NA20_P2_HWQ_H8,STRICT_NATIVE,1.0,2.0,8.0,HWQ,DIAGNOSTIC_ONLY_HWQ_HYDRAULIC_TRANSFER,False,True,False,1.4615587386190843e-10,1.4740066806018248e-12,1.4615587386190843e-14,2.908056841006738e-26,3.8337388819087437e-16,True,True,8.722081216994138e-11,11,0,8.279776864128507e-10,True,"{""cl_i_mM"":24.528982306978996,""cl_l_mM"":142.49210369572853,""k_i_mM"":90.49236323439695,""k_l_mM"":10.75738681541522,""na_i_mM"":10.49098989735084,""na_l_mM"":139.45004867384512,""ph_i"":6.940783244112318,""ph_l"":7.1007243313163215,""tic_i_mM"":6.4664296870133375,""tic_l_mM"":8.4796854151263,""v_apical_mV"":-51.56461630052173,""v_basolateral_mV"":-72.76495845587137,""volume_i_pL"":1.2999999999997893,""volume_l_pL"":0.10037429378927298}","[""cl_i_mM:outside_[47.1,53.1]"",""k_i_mM:outside_[100,160]""]",False,1.4210854715202004e-14,[],True,True
STRICT_NATIVE_S1_PNOM_KMID_AE4NA05_P0.5_H1:B00,STRICT_NATIVE_S1_PNOM_KMID_AE4NA05_P0.5_H1,STRICT_NATIVE,1.0,0.5,1.0,H1,PRODUCTION_PRE_REVEAL,True,True,False,3.0926866970149014e-12,1.2081481648440473e-13,3.0926866970149014e-16,3.877409121342317e-26,4.137315490204685e-16,True,True,2.863757408294587e-11,11,0,1.4210854715202004e-14,True,"{""cl_i_mM"":28.64098055084991,""cl_l_mM"":141.24061770318616,""k_i_mM"":71.5381600494927,""k_l_mM"":11.277225293459567,""na_i_mM"":29.266825665993224,""na_l_mM"":138.9658843234546,""ph_i"":6.754151097565187,""ph_l"":7.153255440659424,""tic_i_mM"":4.5916447111930605,""tic_l_mM"":9.791223120489022,""v_apical_mV"":-46.35590812058198,""v_basolateral_mV"":-63.99224711761463,""volume_i_pL"":1.2999999999999952,""volume_l_pL"":0.10240639458259712}","[""cl_i_mM:outside_[47.1,53.1]"",""ph_i:outside_[6.77,7.05]"",""k_i_mM:outside_[100,160]""]",False,7.105427357601002e-15,[],True,True
STRICT_NATIVE_S1_PNOM_KMID_AE4NA05_P0.5_H2.5:B00,STRICT_NATIVE_S1_PNOM_KMID_AE4NA05_P0.5_H2.5,STRICT_NATIVE,1.0,0.5,2.5,HW,DIAGNOSTIC_ONLY_HW_HYDRAULIC_TRANSFER,False,True,False,2.6802019804927912e-11,4.484260185400046e-16,2.6802019804927912e-15,1.2924697071141057e-26,1.3444106938820255e-16,True,True,2.0662725003228744e-11,11,0,4.263256414560601e-14,True,"{""cl_i_mM"":28.63777478273588,""cl_l_mM"":141.20800243994813,""k_i_mM"":71.53312281160775,""k_l_mM"":11.277359792342368,""na_i_mM"":29.268440868684788,""na_l_mM"":138.93176951955033,""ph_i"":6.754142735383409,""ph_l"":7.153205831908741,""tic_i_mM"":4.591522011346111,""tic_l_mM"":9.789830186637225,""v_apical_mV"":-46.35299349978761,""v_basolateral_mV"":-63.989840511652325,""volume_i_pL"":1.3,""volume_l_pL"":0.10240777867286714}","[""cl_i_mM:outside_[47.1,53.1]"",""ph_i:outside_[6.77,7.05]"",""k_i_mM:outside_[100,160]""]",False,7.105427357601002e-15,[],True,True
STRICT_NATIVE_S1_PNOM_KMID_AE4NA05_P0.5_H3.5:B00,STRICT_NATIVE_S1_PNOM_KMID_AE4NA05_P0.5_H3.5,STRICT_NATIVE,1.0,0.5,3.5,HW,DIAGNOSTIC_ONLY_HW_HYDRAULIC_TRANSFER,False,True,False,2.9723402558690104e-11,1.977897012839236e-13,2.9723402558690104e-15,1.2924697071141057e-26,1.7694179454963432e-16,True,True,2.9723402558690104e-11,11,0,1.4210854715202004e-14,True,"{""cl_i_mM"":28.63716366441899,""cl_l_mM"":141.20178577538434,""k_i_mM"":71.53216255737743,""k_l_mM"":11.27738540291945,""na_i_mM"":29.268748776741397,""na_l_mM"":138.92526703911685,""ph_i"":6.754141141319718,""ph_l"":7.153196375145354,""tic_i_mM"":4.591498619546797,""tic_l_mM"":9.78956466311699,""v_apical_mV"":-46.352437911723136,""v_basolateral_mV"":-63.98938173664598,""volume_i_pL"":1.2999999999999945,""volume_l_pL"":0.10240804258414633}","[""cl_i_mM:outside_[47.1,53.1]"",""ph_i:outside_[6.77,7.05]"",""k_i_mM:outside_[100,160]""]",False,0.0,[],True,True
STRICT_NATIVE_S1_PNOM_KMID_AE4NA05_P0.5_H5:B00,STRICT_NATIVE_S1_PNOM_KMID_AE4NA05_P0.5_H5,STRICT_NATIVE,1.0,0.5,5.0,HW,DIAGNOSTIC_ONLY_HW_HYDRAULIC_TRANSFER,False,True,False,6.873299672471855e-12,5.273559366969494e-16,6.873299672471855e-16,4.8467614016778965e-26,5.342948306008566e-16,True,True,6.873299672471855e-12,11,0,1.4210854715202004e-14,True,"{""cl_i_mM"":28.63670522142406,""cl_l_mM"":141.19712238689095,""k_i_mM"":71.53144220257269,""k_l_mM"":11.27740460910389,""na_i_mM"":29.268979760621182,""na_l_mM"":138.9203892489943,""ph_i"":6.754139945516267,""ph_l"":7.153189281012502,""tic_i_mM"":4.591481071395707,""tic_l_mM"":9.78936547783417,""v_apical_mV"":-46.3520211319068,""v_basolateral_mV"":-63.98903757676844,""volume_i_pL"":1.3,""volume_l_pL"":0.10240824057544379}","[""cl_i_mM:outside_[47.1,53.1]"",""ph_i:outside_[6.77,7.05]"",""k_i_mM:outside_[100,160]""]",False,7.105427357601002e-15,[],True,True
STRICT_NATIVE_S1_PNOM_KMID_AE4NA05_P0.5_H6.75:B00,STRICT_NATIVE_S1_PNOM_KMID_AE4NA05_P0.5_H6.75,STRICT_NATIVE,1.0,0.5,6.75,HW,DIAGNOSTIC_ONLY_HW_HYDRAULIC_TRANSFER,False,True,False,5.947174176734737e-11,3.9707820365109114e-15,5.9471741767347375e-15,2.1002632740604218e-26,2.96637714392034e-16,True,True,5.947174176734737e-11,11,0,0.0,True,"{""cl_i_mM"":28.636427848315748,""cl_l_mM"":141.19430095422894,""k_i_mM"":71.5310063640973,""k_l_mM"":11.277416226937031,""na_i_mM"":29.269119513476436,""na_l_mM"":138.91743810002995,""ph_i"":6.754139222015275,""ph_l"":7.153184988842524,""tic_i_mM"":4.591470454065031,""tic_l_mM"":9.789244965287253,""v_apical_mV"":-46.35176896889455,""v_basolateral_mV"":-63.9888293485673,""volume_i_pL"":1.2999999999999998,""volume_l_pL"":0.10240836037203499}","[""cl_i_mM:outside_[47.1,53.1]"",""ph_i:outside_[6.77,7.05]"",""k_i_mM:outside_[100,160]""]",False,0.0,[],True,True
STRICT_NATIVE_S1_PNOM_KMID_AE4NA05_P0.5_H8:B00,STRICT_NATIVE_S1_PNOM_KMID_AE4NA05_P0.5_H8,STRICT_NATIVE,1.0,0.5,8.0,HW,DIAGNOSTIC_ONLY_HW_HYDRAULIC_TRANSFER,False,True,False,6.557471579626828e-11,8.263008333120325e-14,6.557471579626828e-15,3.554291694563791e-26,3.5648567431323386e-16,True,True,8.521991706061938e-11,11,0,4.015099364096386e-11,True,"{""cl_i_mM"":28.63630401047326,""cl_l_mM"":141.193041295884,""k_i_mM"":71.53081177672277,""k_l_mM"":11.277421413293878,""na_i_mM"":29.26918190844905,""na_l_mM"":138.91612052858838,""ph_i"":6.754138898994256,""ph_l"":7.153183072532802,""tic_i_mM"":4.59146571375376,""tic_l_mM"":9.78919116072328,""v_apical_mV"":-46.35165638712359,""v_basolateral_mV"":-63.98873638158198,""volume_i_pL"":1.3000000000000043,""volume_l_pL"":0.10240841385851811}","[""cl_i_mM:outside_[47.1,53.1]"",""ph_i:outside_[6.77,7.05]"",""k_i_mM:outside_[100,160]""]",False,7.105427357601002e-15,[],True,True
STRICT_NATIVE_S1_PNOM_KMID_AE4NA05_P0.5_HWQ_H2.5:B00,STRICT_NATIVE_S1_PNOM_KMID_AE4NA05_P0.5_HWQ_H2.5,STRICT_NATIVE,1.0,0.5,2.5,HWQ,DIAGNOSTIC_ONLY_HWQ_HYDRAULIC_TRANSFER,False,True,False,5.252309004388778e-11,4.9439619065339e-16,5.252309004388778e-15,4.8467614016778965e-26,5.074066167232161e-16,True,True,3.294077250554084e-11,11,0,1.4210854715202004e-13,True,"{""cl_i_mM"":28.637774782741054,""cl_l_mM"":141.20800243992596,""k_i_mM"":71.53312281160443,""k_l_mM"":11.277359792345734,""na_i_mM"":29.26844086868294,""na_l_mM"":138.9317695195852,""ph_i"":6.754142735382529,""ph_l"":7.153205831904716,""tic_i_mM"":4.591522011348348,""tic_l_mM"":9.78983018662117,""v_apical_mV"":-46.352993499778314,""v_basolateral_mV"":-63.98984051165195,""volume_i_pL"":1.3,""volume_l_pL"":0.10096311146914672}","[""cl_i_mM:outside_[47.1,53.1]"",""ph_i:outside_[6.77,7.05]"",""k_i_mM:outside_[100,160]""]",False,7.105427357601002e-15,[],True,True
STRICT_NATIVE_S1_PNOM_KMID_AE4NA05_P0.5_HWQ_H3.5:B00,STRICT_NATIVE_S1_PNOM_KMID_AE4NA05_P0.5_HWQ_H3.5,STRICT_NATIVE,1.0,0.5,3.5,HWQ,DIAGNOSTIC_ONLY_HWQ_HYDRAULIC_TRANSFER,False,True,False,3.83178731799827e-11,4.440892098500626e-16,3.83178731799827e-15,9.693522803355793e-27,1.1709383462843448e-16,True,True,3.83178731799827e-11,11,0,1.4210854715202004e-14,True,"{""cl_i_mM"":28.63716366442292,""cl_l_mM"":141.20178577535552,""k_i_mM"":71.53216255734635,""k_l_mM"":11.277385402919395,""na_i_mM"":29.26874877683577,""na_l_mM"":138.9252670391679,""ph_i"":6.754141141324237,""ph_l"":7.1531963751466945,""tic_i_mM"":4.5914986195432315,""tic_l_mM"":9.789564663094765,""v_apical_mV"":-46.3524379117126,""v_basolateral_mV"":-63.989381736639785,""volume_i_pL"":1.3,""volume_l_pL"":0.10068801216689861}","[""cl_i_mM:outside_[47.1,53.1]"",""ph_i:outside_[6.77,7.05]"",""k_i_mM:outside_[100,160]""]",False,1.4210854715202004e-14,[],True,True
STRICT_NATIVE_S1_PNOM_KMID_AE4NA05_P0.5_HWQ_H5:B00,STRICT_NATIVE_S1_PNOM_KMID_AE4NA05_P0.5_HWQ_H5,STRICT_NATIVE,1.0,0.5,5.0,HWQ,DIAGNOSTIC_ONLY_HWQ_HYDRAULIC_TRANSFER,False,True,False,5.929501681323224e-12,3.7730235602495554e-16,5.929501681323224e-16,1.454028420503369e-26,1.5092094240998222e-16,True,True,5.929501681323224e-12,11,0,1.2789769243681803e-13,True,"{""cl_i_mM"":28.63670522143098,""cl_l_mM"":141.19712238686128,""k_i_mM"":71.53144220256837,""k_l_mM"":11.277404609108407,""na_i_mM"":29.268979760618688,""na_l_mM"":138.92038924904105,""ph_i"":6.754139945515099,""ph_l"":7.153189281007108,""tic_i_mM"":4.591481071398695,""tic_l_mM"":9.789365477812582,""v_apical_mV"":-46.35202113189439,""v_basolateral_mV"":-63.98903757676796,""volume_i_pL"":1.3,""volume_l_pL"":0.10048164811508867}","[""cl_i_mM:outside_[47.1,53.1]"",""ph_i:outside_[6.77,7.05]"",""k_i_mM:outside_[100,160]""]",False,7.105427357601002e-15,[],True,True
STRICT_NATIVE_S1_PNOM_KMID_AE4NA05_P0.5_HWQ_H6.75:B00,STRICT_NATIVE_S1_PNOM_KMID_AE4NA05_P0.5_HWQ_H6.75,STRICT_NATIVE,1.0,0.5,6.75,HWQ,DIAGNOSTIC_ONLY_HWQ_HYDRAULIC_TRANSFER,False,True,False,7.604756668139201e-11,4.579669976578771e-16,7.604756668139201e-15,4.52364397489937e-26,4.727121472036799e-16,True,True,4.289645895438898e-11,11,0,1.5276668818842154e-13,True,"{""cl_i_mM"":28.636427848323358,""cl_l_mM"":141.19430095419744,""k_i_mM"":71.53100636409242,""k_l_mM"":11.277416226941858,""na_i_mM"":29.26911951347268,""na_l_mM"":138.91743810007964,""ph_i"":6.754139222013905,""ph_l"":7.153184988836604,""tic_i_mM"":4.591470454068386,""tic_l_mM"":9.78924496526424,""v_apical_mV"":-46.351768968881125,""v_basolateral_mV"":-63.98882934856669,""volume_i_pL"":1.3,""volume_l_pL"":0.1003567941291903}","[""cl_i_mM:outside_[47.1,53.1]"",""ph_i:outside_[6.77,7.05]"",""k_i_mM:outside_[100,160]""]",False,7.105427357601002e-15,[],True,True
STRICT_NATIVE_S1_PNOM_KMID_AE4NA05_P0.5_HWQ_H8:B00,STRICT_NATIVE_S1_PNOM_KMID_AE4NA05_P0.5_HWQ_H8,STRICT_NATIVE,1.0,0.5,8.0,HWQ,DIAGNOSTIC_ONLY_HWQ_HYDRAULIC_TRANSFER,False,True,False,6.557471579626828e-11,4.041125073461771e-14,6.557471579626828e-15,2.1002632740604218e-26,1.8561541192951836e-16,True,True,8.521991706061938e-11,11,0,2.0303758674344863e-11,True,"{""cl_i_mM"":28.63630401047633,""cl_l_mM"":141.19304129584881,""k_i_mM"":71.53081177671878,""k_l_mM"":11.277421413297885,""na_i_mM"":29.269181908488207,""na_l_mM"":138.91612052864446,""ph_i"":6.7541388989966284,""ph_l"":7.153183072531438,""tic_i_mM"":4.591465713752281,""tic_l_mM"":9.789191160698394,""v_apical_mV"":-46.351656387113394,""v_basolateral_mV"":-63.988736381582896,""volume_i_pL"":1.2999999999999954,""volume_l_pL"":0.10030105173231467}","[""cl_i_mM:outside_[47.1,53.1]"",""ph_i:outside_[6.77,7.05]"",""k_i_mM:outside_[100,160]""]",False,0.0,[],True,True
STRICT_NATIVE_S1_PNOM_KMID_AE4NA05_P1_H1:B00,STRICT_NATIVE_S1_PNOM_KMID_AE4NA05_P1_H1,STRICT_NATIVE,1.0,1.0,1.0,H1,PRODUCTION_PRE_REVEAL,True,True,False,3.5236570605778894e-13,3.174543961037557e-16,3.5236570605778894e-17,1.9387045606711586e-26,2.3418766925686896e-16,True,True,3.5236570605778894e-13,11,0,2.842170943040401e-14,True,"{""cl_i_mM"":27.433849531640927,""cl_l_mM"":142.2886002585156,""k_i_mM"":87.5829965629112,""k_l_mM"":12.443061427210372,""na_i_mM"":11.980463191920915,""na_l_mM"":137.8238235210322,""ph_i"":6.757185942776152,""ph_l"":7.116014863941716,""tic_i_mM"":4.4983942980511165,""tic_l_mM"":8.740947669143868,""v_apical_mV"":-48.351039994163905,""v_basolateral_mV"":-68.75921374769398,""volume_i_pL"":1.3,""volume_l_pL"":0.10286243104699598}","[""cl_i_mM:outside_[47.1,53.1]"",""ph_i:outside_[6.77,7.05]"",""k_i_mM:outside_[100,160]""]",False,7.105427357601002e-15,[],True,True
STRICT_NATIVE_S1_PNOM_KMID_AE4NA05_P1_H2.5:B00,STRICT_NATIVE_S1_PNOM_KMID_AE4NA05_P1_H2.5,STRICT_NATIVE,1.0,1.0,2.5,HW,DIAGNOSTIC_ONLY_HW_HYDRAULIC_TRANSFER,False,True,False,9.037909309839165e-12,2.953731009780469e-13,9.037909309839165e-16,9.693522803355793e-27,2.237793284010081e-16,True,True,5.8008068834491944e-11,11,0,1.566711205214233e-10,True,"{""cl_i_mM"":27.428895727914053,""cl_l_mM"":142.24942314635655,""k_i_mM"":87.5776090811124,""k_l_mM"":12.442934701663317,""na_i_mM"":11.98039920554375,""na_l_mM"":137.7835325690313,""ph_i"":6.757164837453782,""ph_l"":7.115968520193426,""tic_i_mM"":4.498143373008134,""tic_l_mM"":8.739671131236552,""v_apical_mV"":-48.34876195828067,""v_basolateral_mV"":-68.75711320416106,""volume_i_pL"":1.299999999999986,""volume_l_pL"":0.10286416729870358}","[""cl_i_mM:outside_[47.1,53.1]"",""ph_i:outside_[6.77,7.05]"",""k_i_mM:outside_[100,160]""]",False,7.105427357601002e-15,[],True,True
STRICT_NATIVE_S1_PNOM_KMID_AE4NA05_P1_H3.5:B00,STRICT_NATIVE_S1_PNOM_KMID_AE4NA05_P1_H3.5,STRICT_NATIVE,1.0,1.0,3.5,HW,DIAGNOSTIC_ONLY_HW_HYDRAULIC_TRANSFER,False,True,False,5.077210353532369e-11,1.3877787807814457e-16,5.077210353532369e-15,1.454028420503369e-26,9.107298248878237e-17,True,True,4.2177632914031093e-11,11,0,2.1316282072803006e-14,True,"{""cl_i_mM"":27.427951326385816,""cl_l_mM"":142.24195547502438,""k_i_mM"":87.57658200478073,""k_l_mM"":12.442910488667186,""na_i_mM"":11.98038699626557,""na_l_mM"":137.7758526191093,""ph_i"":6.7571608134979675,""ph_l"":7.115959685522066,""tic_i_mM"":4.498095531815869,""tic_l_mM"":8.739427780321368,""v_apical_mV"":-48.348327743503276,""v_basolateral_mV"":-68.75671276839397,""volume_i_pL"":1.3,""volume_l_pL"":0.10286449838753824}","[""cl_i_mM:outside_[47.1,53.1]"",""ph_i:outside_[6.77,7.05]"",""k_i_mM:outside_[100,160]""]",False,1.4210854715202004e-14,[],True,True
STRICT_NATIVE_S1_PNOM_KMID_AE4NA05_P1_H5:B00,STRICT_NATIVE_S1_PNOM_KMID_AE4NA05_P1_H5,STRICT_NATIVE,1.0,1.0,5.0,HW,DIAGNOSTIC_ONLY_HW_HYDRAULIC_TRANSFER,False,True,False,3.979021973021801e-11,1.2633991075539086e-14,3.979021973021801e-15,2.1002632740604218e-26,3.41740524767431e-16,True,True,1.3113750536863922e-10,11,0,2.1316282072803006e-14,True,"{""cl_i_mM"":27.427242852812135,""cl_l_mM"":142.23635359360173,""k_i_mM"":87.57581151061731,""k_l_mM"":12.442892313187793,""na_i_mM"":11.980377834814341,""na_l_mM"":137.77009150382136,""ph_i"":6.757157794722087,""ph_l"":7.115953057998927,""tic_i_mM"":4.4980596412443665,""tic_l_mM"":8.739245224896619,""v_apical_mV"":-48.348002018698224,""v_basolateral_mV"":-68.75641237173379,""volume_i_pL"":1.2999999999999994,""volume_l_pL"":0.10286474678287348}","[""cl_i_mM:outside_[47.1,53.1]"",""ph_i:outside_[6.77,7.05]"",""k_i_mM:outside_[100,160]""]",False,0.0,[],True,True
STRICT_NATIVE_S1_PNOM_KMID_AE4NA05_P1_H6.75:B00,STRICT_NATIVE_S1_PNOM_KMID_AE4NA05_P1_H6.75,STRICT_NATIVE,1.0,1.0,6.75,HW,DIAGNOSTIC_ONLY_HW_HYDRAULIC_TRANSFER,False,True,False,1.3644033819426582e-10,2.220446049250313e-16,1.3644033819426582e-14,4.362085261510107e-26,4.3281350725621337e-16,True,True,3.0673163661787406e-11,11,0,4.263256414560601e-14,True,"{""cl_i_mM"":27.42681419826453,""cl_l_mM"":142.2329643316276,""k_i_mM"":87.57534533136555,""k_l_mM"":12.442881311593421,""na_i_mM"":11.980372290828322,""na_l_mM"":137.76660590480964,""ph_i"":6.757155968208427,""ph_l"":7.115949048118834,""tic_i_mM"":4.498037925641273,""tic_l_mM"":8.739134772553367,""v_apical_mV"":-48.34780494876476,""v_basolateral_mV"":-68.75623062121682,""volume_i_pL"":1.3,""volume_l_pL"":0.10286489707948429}","[""cl_i_mM:outside_[47.1,53.1]"",""ph_i:outside_[6.77,7.05]"",""k_i_mM:outside_[100,160]""]",False,1.4210854715202004e-14,[],True,True
STRICT_NATIVE_S1_PNOM_KMID_AE4NA05_P1_H8:B00,STRICT_NATIVE_S1_PNOM_KMID_AE4NA05_P1_H8,STRICT_NATIVE,1.0,1.0,8.0,HW,DIAGNOSTIC_ONLY_HW_HYDRAULIC_TRANSFER,False,True,False,2.4373949039646625e-11,3.139849491518021e-16,2.4373949039646625e-15,3.3927329811745276e-26,3.5301622736128024e-16,True,True,2.4373949039646625e-11,11,0,7.105427357601002e-15,True,"{""cl_i_mM"":27.42662281715401,""cl_l_mM"":142.2314511539436,""k_i_mM"":87.57513719667976,""k_l_mM"":12.442876398572388,""na_i_mM"":11.980369815378697,""na_l_mM"":137.7650497169935,""ph_i"":6.757155152717958,""ph_l"":7.115947257839006,""tic_i_mM"":4.498028230195713,""tic_l_mM"":8.739085459191411,""v_apical_mV"":-48.347716964657266,""v_basolateral_mV"":-68.75614947551428,""volume_i_pL"":1.3,""volume_l_pL"":0.10286496418416295}","[""cl_i_mM:outside_[47.1,53.1]"",""ph_i:outside_[6.77,7.05]"",""k_i_mM:outside_[100,160]""]",False,0.0,[],True,True
STRICT_NATIVE_S1_PNOM_KMID_AE4NA05_P1_HWQ_H2.5:B00,STRICT_NATIVE_S1_PNOM_KMID_AE4NA05_P1_HWQ_H2.5,STRICT_NATIVE,1.0,1.0,2.5,HWQ,DIAGNOSTIC_ONLY_HWQ_HYDRAULIC_TRANSFER,False,True,False,6.414790573727736e-11,2.0799334476961917e-15,6.4147905737277355e-15,6.462348535570529e-27,7.112366251504909e-17,True,True,6.414790573727736e-11,11,0,7.105427357601002e-15,True,"{""cl_i_mM"":27.42889572794254,""cl_l_mM"":142.2494231463363,""k_i_mM"":87.5776090810138,""k_l_mM"":12.442934701664432,""na_i_mM"":11.980399205535772,""na_l_mM"":137.78353256906252,""ph_i"":6.757164837443051,""ph_l"":7.115968520175052,""tic_i_mM"":4.498143373025356,""tic_l_mM"":8.739671131224373,""v_apical_mV"":-48.348761958247316,""v_basolateral_mV"":-68.75711320413373,""volume_i_pL"":1.3,""volume_l_pL"":0.10114566691948088}","[""cl_i_mM:outside_[47.1,53.1]"",""ph_i:outside_[6.77,7.05]"",""k_i_mM:outside_[100,160]""]",False,7.105427357601002e-15,[],True,True
STRICT_NATIVE_S1_PNOM_KMID_AE4NA05_P1_HWQ_H3.5:B00,STRICT_NATIVE_S1_PNOM_KMID_AE4NA05_P1_HWQ_H3.5,STRICT_NATIVE,1.0,1.0,3.5,HWQ,DIAGNOSTIC_ONLY_HWQ_HYDRAULIC_TRANSFER,False,True,False,4.2177632914031093e-11,4.579669976578771e-16,4.217763291403109e-15,1.2924697071141057e-26,2.185751579730777e-16,True,True,4.2177632914031093e-11,11,0,7.105427357601002e-15,True,"{""cl_i_mM"":27.42795132639477,""cl_l_mM"":142.2419554749945,""k_i_mM"":87.57658200477249,""k_l_mM"":12.442910488672688,""na_i_mM"":11.980386996265546,""na_l_mM"":137.77585261915522,""ph_i"":6.757160813496509,""ph_l"":7.115959685515447,""tic_i_mM"":4.498095531819509,""tic_l_mM"":8.739427780299794,""v_apical_mV"":-48.348327743488625,""v_basolateral_mV"":-68.75671276839259,""volume_i_pL"":1.3,""volume_l_pL"":0.10081842811072508}","[""cl_i_mM:outside_[47.1,53.1]"",""ph_i:outside_[6.77,7.05]"",""k_i_mM:outside_[100,160]""]",False,1.4210854715202004e-14,[],True,True
STRICT_NATIVE_S1_PNOM_KMID_AE4NA05_P1_HWQ_H5:B00,STRICT_NATIVE_S1_PNOM_KMID_AE4NA05_P1_HWQ_H5,STRICT_NATIVE,1.0,1.0,5.0,HWQ,DIAGNOSTIC_ONLY_HWQ_HYDRAULIC_TRANSFER,False,True,False,5.206880933361635e-11,1.527250548249981e-14,5.206880933361635e-15,9.693522803355793e-27,9.020562075079397e-17,True,True,5.206880933361635e-11,11,0,7.105427357601002e-15,True,"{""cl_i_mM"":27.42724285282203,""cl_l_mM"":142.23635359356828,""k_i_mM"":87.57581151060876,""k_l_mM"":12.44289231319399,""na_i_mM"":11.980377834814366,""na_l_mM"":137.77009150387298,""ph_i"":6.757157794720519,""ph_l"":7.115953057991571,""tic_i_mM"":4.498059641248356,""tic_l_mM"":8.739245224872256,""v_apical_mV"":-48.34800201868196,""v_basolateral_mV"":-68.75641237173245,""volume_i_pL"":1.2999999999999994,""volume_l_pL"":0.1005729493565746}","[""cl_i_mM:outside_[47.1,53.1]"",""ph_i:outside_[6.77,7.05]"",""k_i_mM:outside_[100,160]""]",False,0.0,[],True,True
STRICT_NATIVE_S1_PNOM_KMID_AE4NA05_P1_HWQ_H6.75:B00,STRICT_NATIVE_S1_PNOM_KMID_AE4NA05_P1_HWQ_H6.75,STRICT_NATIVE,1.0,1.0,6.75,HWQ,DIAGNOSTIC_ONLY_HWQ_HYDRAULIC_TRANSFER,False,True,False,4.4586730141293884e-11,1.230682222796986e-13,4.4586730141293884e-15,5.331437541845686e-26,5.741934705483231e-16,True,True,4.4586730141293884e-11,11,0,1.4210854715202004e-14,True,"{""cl_i_mM"":27.42681419826644,""cl_l_mM"":142.2329643315898,""k_i_mM"":87.57534533139412,""k_l_mM"":12.442881311601475,""na_i_mM"":11.980372290831623,""na_l_mM"":137.76660590486765,""ph_i"":6.7571559682106646,""ph_l"":7.115949048116297,""tic_i_mM"":4.498037925639688,""tic_l_mM"":8.739134772525091,""v_apical_mV"":-48.347804948756064,""v_basolateral_mV"":-68.75623062122611,""volume_i_pL"":1.2999999999999943,""volume_l_pL"":0.10042442919696062}","[""cl_i_mM:outside_[47.1,53.1]"",""ph_i:outside_[6.77,7.05]"",""k_i_mM:outside_[100,160]""]",False,1.4210854715202004e-14,[],True,True
STRICT_NATIVE_S1_PNOM_KMID_AE4NA05_P1_HWQ_H8:B00,STRICT_NATIVE_S1_PNOM_KMID_AE4NA05_P1_HWQ_H8,STRICT_NATIVE,1.0,1.0,8.0,HWQ,DIAGNOSTIC_ONLY_HWQ_HYDRAULIC_TRANSFER,False,True,False,2.2946596879569459e-10,4.455845414863546e-13,2.294659687956946e-14,3.2311742677852644e-27,9.367506770274758e-17,True,True,2.2946596879569459e-10,11,0,5.863576291176287e-11,True,"{""cl_i_mM"":27.42662281713309,""cl_l_mM"":142.2314511538995,""k_i_mM"":87.57513719680892,""k_l_mM"":12.442876398584474,""na_i_mM"":11.980369815390747,""na_l_mM"":137.76504971706098,""ph_i"":6.75715515273061,""ph_l"":7.115947257850354,""tic_i_mM"":4.498028230178649,""tic_l_mM"":8.739085459155932,""v_apical_mV"":-48.3477169646713,""v_basolateral_mV"":-68.75614947555233,""volume_i_pL"":1.299999999999979,""volume_l_pL"":0.1003581205230205}","[""cl_i_mM:outside_[47.1,53.1]"",""ph_i:outside_[6.77,7.05]"",""k_i_mM:outside_[100,160]""]",False,0.0,[],True,True
STRICT_NATIVE_S1_PNOM_KMID_AE4NA05_P2_H1:B00,STRICT_NATIVE_S1_PNOM_KMID_AE4NA05_P2_H1,STRICT_NATIVE,1.0,2.0,1.0,H1,PRODUCTION_PRE_REVEAL,True,True,False,6.150678924510267e-12,3.3306690738754696e-16,6.150678924510267e-16,2.5849394142282115e-26,2.3332030751888055e-16,True,True,8.606396845189934e-12,11,0,7.105427357601002e-15,True,"{""cl_i_mM"":27.229450967574273,""cl_l_mM"":142.5459400149616,""k_i_mM"":91.48876183140824,""k_l_mM"":12.668357661698957,""na_i_mM"":8.12187679039636,""na_l_mM"":137.60484381638412,""ph_i"":6.77027924852464,""ph_l"":7.105887853821263,""tic_i_mM"":4.58331489681701,""tic_l_mM"":8.48361848329937,""v_apical_mV"":-48.782256530067556,""v_basolateral_mV"":-69.92078909451845,""volume_i_pL"":1.3,""volume_l_pL"":0.1029967448933304}","[""cl_i_mM:outside_[47.1,53.1]"",""na_i_mM:outside_[10,35]"",""k_i_mM:outside_[100,160]""]",False,7.105427357601002e-15,[],True,True
STRICT_NATIVE_S1_PNOM_KMID_AE4NA05_P2_H2.5:B00,STRICT_NATIVE_S1_PNOM_KMID_AE4NA05_P2_H2.5,STRICT_NATIVE,1.0,2.0,2.5,HW,DIAGNOSTIC_ONLY_HW_HYDRAULIC_TRANSFER,False,True,False,4.092863201132779e-12,4.3194614551822497e-16,4.092863201132779e-16,1.2924697071141057e-26,2.5153490401663703e-16,True,True,4.092863201132779e-12,11,0,1.7763568394002505e-15,True,"{""cl_i_mM"":27.223898786347213,""cl_l_mM"":142.50478008612885,""k_i_mM"":91.48269559383101,""k_l_mM"":12.668061088471715,""na_i_mM"":8.121797170569064,""na_l_mM"":137.56282601528852,""ph_i"":6.770254059740844,""ph_l"":7.105845007747052,""tic_i_mM"":4.583020357113805,""tic_l_mM"":8.482426739199832,""v_apical_mV"":-48.780199013588394,""v_basolateral_mV"":-69.91863559725903,""volume_i_pL"":1.3,""volume_l_pL"":0.10299856290728997}","[""cl_i_mM:outside_[47.1,53.1]"",""na_i_mM:outside_[10,35]"",""k_i_mM:outside_[100,160]""]",False,0.0,[],True,True
STRICT_NATIVE_S1_PNOM_KMID_AE4NA05_P2_H3.5:B00,STRICT_NATIVE_S1_PNOM_KMID_AE4NA05_P2_H3.5,STRICT_NATIVE,1.0,2.0,3.5,HW,DIAGNOSTIC_ONLY_HW_HYDRAULIC_TRANSFER,False,True,False,9.947554932554503e-12,3.724451302922205e-15,9.947554932554503e-16,2.908056841006738e-26,5.776629175002768e-16,True,True,9.947554932554503e-12,11,0,7.105427357601002e-15,True,"{""cl_i_mM"":27.222840319638806,""cl_l_mM"":142.49693446543745,""k_i_mM"":91.48153912117466,""k_l_mM"":12.668004492150581,""na_i_mM"":8.121781986717204,""na_l_mM"":137.55481691144067,""ph_i"":6.770249257203725,""ph_l"":7.105836839763712,""tic_i_mM"":4.582964200388131,""tic_l_mM"":8.482199547437796,""v_apical_mV"":-48.77980684286668,""v_basolateral_mV"":-69.91822506621394,""volume_i_pL"":1.2999999999999998,""volume_l_pL"":0.10299890959262831}","[""cl_i_mM:outside_[47.1,53.1]"",""na_i_mM:outside_[10,35]"",""k_i_mM:outside_[100,160]""]",False,1.4210854715202004e-14,[],True,True
STRICT_NATIVE_S1_PNOM_KMID_AE4NA05_P2_H5:B00,STRICT_NATIVE_S1_PNOM_KMID_AE4NA05_P2_H5,STRICT_NATIVE,1.0,2.0,5.0,HW,DIAGNOSTIC_ONLY_HW_HYDRAULIC_TRANSFER,False,True,False,6.986056698410348e-11,2.220446049250313e-16,6.986056698410348e-15,2.4233807008389483e-26,4.3368086899420177e-16,True,True,6.986056698410348e-11,11,0,7.105427357601002e-15,True,"{""cl_i_mM"":27.22204627858876,""cl_l_mM"":142.49104906521106,""k_i_mM"":91.48067155663846,""k_l_mM"":12.667962022573361,""na_i_mM"":8.121770595006529,""na_l_mM"":137.54880888225938,""ph_i"":6.770245654317759,""ph_l"":7.105830712340409,""tic_i_mM"":4.582922071503711,""tic_l_mM"":8.482029113055084,""v_apical_mV"":-48.779512659567125,""v_basolateral_mV"":-69.91791709620422,""volume_i_pL"":1.3,""volume_l_pL"":0.10299916969012524}","[""cl_i_mM:outside_[47.1,53.1]"",""na_i_mM:outside_[10,35]"",""k_i_mM:outside_[100,160]""]",False,0.0,[],True,True
STRICT_NATIVE_S1_PNOM_KMID_AE4NA05_P2_H6.75:B00,STRICT_NATIVE_S1_PNOM_KMID_AE4NA05_P2_H6.75,STRICT_NATIVE,1.0,2.0,6.75,HW,DIAGNOSTIC_ONLY_HW_HYDRAULIC_TRANSFER,False,True,False,6.638027801042501e-11,2.498001805406602e-16,6.638027801042501e-15,1.1309109937248425e-26,2.2898349882893854e-16,True,True,6.638027801042501e-11,11,0,7.105427357601002e-15,True,"{""cl_i_mM"":27.22156585325195,""cl_l_mM"":142.48748826822026,""k_i_mM"":91.48014664621338,""k_l_mM"":12.667936321801749,""na_i_mM"":8.121763702133826,""na_l_mM"":137.5451738954168,""ph_i"":6.770243474385067,""ph_l"":7.105827005030101,""tic_i_mM"":4.582896581408203,""tic_l_mM"":8.48192599388949,""v_apical_mV"":-48.77933467382951,""v_basolateral_mV"":-69.91773076350194,""volume_i_pL"":1.3,""volume_l_pL"":0.10299932706781374}","[""cl_i_mM:outside_[47.1,53.1]"",""na_i_mM:outside_[10,35]"",""k_i_mM:outside_[100,160]""]",False,7.105427357601002e-15,[],True,True
STRICT_NATIVE_S1_PNOM_KMID_AE4NA05_P2_H8:B00,STRICT_NATIVE_S1_PNOM_KMID_AE4NA05_P2_H8,STRICT_NATIVE,1.0,2.0,8.0,HW,DIAGNOSTIC_ONLY_HW_HYDRAULIC_TRANSFER,False,True,False,1.3733588918873885e-11,3.3219954564955856e-16,1.3733588918873885e-15,1.9387045606711586e-26,3.0357660829594124e-16,True,True,1.3733588918873885e-11,11,0,2.1316282072803006e-14,True,"{""cl_i_mM"":27.221351358296452,""cl_l_mM"":142.48589850664797,""k_i_mM"":91.47991228991565,""k_l_mM"":12.667924845978948,""na_i_mM"":8.121760624571168,""na_l_mM"":137.5435510116945,""ph_i"":6.770242501101216,""ph_l"":7.105825349835408,""tic_i_mM"":4.582885200751928,""tic_l_mM"":8.48187995443714,""v_apical_mV"":-48.77925521031137,""v_basolateral_mV"":-69.91764757199097,""volume_i_pL"":1.3,""volume_l_pL"":0.10299939733417283}","[""cl_i_mM:outside_[47.1,53.1]"",""na_i_mM:outside_[10,35]"",""k_i_mM:outside_[100,160]""]",False,7.105427357601002e-15,[],True,True
STRICT_NATIVE_S1_PNOM_KMID_AE4NA05_P2_HWQ_H2.5:B00,STRICT_NATIVE_S1_PNOM_KMID_AE4NA05_P2_HWQ_H2.5,STRICT_NATIVE,1.0,2.0,2.5,HWQ,DIAGNOSTIC_ONLY_HWQ_HYDRAULIC_TRANSFER,False,True,False,4.092863201132779e-12,3.5908775952719907e-16,4.092863201132779e-16,3.877409121342317e-26,4.0592529337857286e-16,True,True,4.092863201132779e-12,11,0,7.105427357601002e-15,True,"{""cl_i_mM"":27.223898786355537,""cl_l_mM"":142.50478008610318,""k_i_mM"":91.48269559382348,""k_l_mM"":12.668061088476767,""na_i_mM"":8.121797170569101,""na_l_mM"":137.56282601532783,""ph_i"":6.7702540597395116,""ph_l"":7.105845007741021,""tic_i_mM"":4.583020357117128,""tic_l_mM"":8.482426739181147,""v_apical_mV"":-48.78019901357517,""v_basolateral_mV"":-69.91863559725776,""volume_i_pL"":1.3,""volume_l_pL"":0.10119942516291584}","[""cl_i_mM:outside_[47.1,53.1]"",""na_i_mM:outside_[10,35]"",""k_i_mM:outside_[100,160]""]",False,1.4210854715202004e-14,[],True,True
STRICT_NATIVE_S1_PNOM_KMID_AE4NA05_P2_HWQ_H3.5:B00,STRICT_NATIVE_S1_PNOM_KMID_AE4NA05_P2_HWQ_H3.5,STRICT_NATIVE,1.0,2.0,3.5,HWQ,DIAGNOSTIC_ONLY_HWQ_HYDRAULIC_TRANSFER,False,True,False,9.947554932554503e-12,6.106226635438361e-16,9.947554932554503e-16,3.554291694563791e-26,3.7556763254897874e-16,True,True,9.947554932554503e-12,11,0,2.1316282072803006e-14,True,"{""cl_i_mM"":27.222840319649077,""cl_l_mM"":142.49693446540684,""k_i_mM"":91.48153912116429,""k_l_mM"":12.668004492156566,""na_i_mM"":8.121781986717203,""na_l_mM"":137.55481691148753,""ph_i"":6.770249257201998,""ph_l"":7.10583683975633,""tic_i_mM"":4.582964200392296,""tic_l_mM"":8.48219954741557,""v_apical_mV"":-48.77980684285056,""v_basolateral_mV"":-69.91822506621203,""volume_i_pL"":1.3,""volume_l_pL"":0.10085683131217939}","[""cl_i_mM:outside_[47.1,53.1]"",""na_i_mM:outside_[10,35]"",""k_i_mM:outside_[100,160]""]",False,0.0,[],True,True
STRICT_NATIVE_S1_PNOM_KMID_AE4NA05_P2_HWQ_H5:B00,STRICT_NATIVE_S1_PNOM_KMID_AE4NA05_P2_HWQ_H5,STRICT_NATIVE,1.0,2.0,5.0,HWQ,DIAGNOSTIC_ONLY_HWQ_HYDRAULIC_TRANSFER,False,True,False,5.758197738070514e-11,9.159339953157541e-16,5.758197738070514e-15,4.8467614016778965e-26,5.325601071248798e-16,True,True,5.758197738070514e-11,11,0,1.7763568394002505e-14,True,"{""cl_i_mM"":27.22204627859994,""cl_l_mM"":142.49104906517653,""k_i_mM"":91.48067155662831,""k_l_mM"":12.667962022580133,""na_i_mM"":8.12177059500658,""na_l_mM"":137.54880888231213,""ph_i"":6.770245654315968,""ph_l"":7.105830712332331,""tic_i_mM"":4.582922071508169,""tic_l_mM"":8.482029113030089,""v_apical_mV"":-48.77951265954937,""v_basolateral_mV"":-69.91791709620249,""volume_i_pL"":1.3,""volume_l_pL"":0.10059983393802495}","[""cl_i_mM:outside_[47.1,53.1]"",""na_i_mM:outside_[10,35]"",""k_i_mM:outside_[100,160]""]",False,0.0,[],True,True
STRICT_NATIVE_S1_PNOM_KMID_AE4NA05_P2_HWQ_H6.75:B00,STRICT_NATIVE_S1_PNOM_KMID_AE4NA05_P2_HWQ_H6.75,STRICT_NATIVE,1.0,2.0,6.75,HWQ,DIAGNOSTIC_ONLY_HWQ_HYDRAULIC_TRANSFER,False,True,False,4.980499519746662e-11,7.077671781985373e-16,4.980499519746662e-15,9.693522803355793e-27,1.6653345369377348e-16,True,True,8.29555608233834e-11,11,0,5.044853423896711e-13,True,"{""cl_i_mM"":27.221565853263815,""cl_l_mM"":142.4874882681834,""k_i_mM"":91.4801466462028,""k_l_mM"":12.667936321808984,""na_i_mM"":8.121763702133888,""na_l_mM"":137.54517389547308,""ph_i"":6.7702434743831805,""ph_l"":7.105827005021519,""tic_i_mM"":4.582896581412919,""tic_l_mM"":8.481925993862836,""v_apical_mV"":-48.779334673810624,""v_basolateral_mV"":-69.91773076350015,""volume_i_pL"":1.3,""volume_l_pL"":0.10044434475078715}","[""cl_i_mM:outside_[47.1,53.1]"",""na_i_mM:outside_[10,35]"",""k_i_mM:outside_[100,160]""]",False,7.105427357601002e-15,[],True,True
STRICT_NATIVE_S1_PNOM_KMID_AE4NA05_P2_HWQ_H8:B00,STRICT_NATIVE_S1_PNOM_KMID_AE4NA05_P2_HWQ_H8,STRICT_NATIVE,1.0,2.0,8.0,HWQ,DIAGNOSTIC_ONLY_HWQ_HYDRAULIC_TRANSFER,False,True,False,1.3733588918873885e-11,7.667477763817487e-16,1.3733588918873885e-15,1.6155871338926322e-26,3.226585665316861e-16,True,True,1.3733588918873885e-11,11,0,0.0,True,"{""cl_i_mM"":27.22135135830866,""cl_l_mM"":142.48589850661023,""k_i_mM"":91.47991228990469,""k_l_mM"":12.667924845986374,""na_i_mM"":8.12176062457123,""na_l_mM"":137.5435510117523,""ph_i"":6.77024250109927,""ph_l"":7.105825349826545,""tic_i_mM"":4.582885200756799,""tic_l_mM"":8.481879954409619,""v_apical_mV"":-48.77925521029198,""v_basolateral_mV"":-69.91764757198915,""volume_i_pL"":1.3,""volume_l_pL"":0.10037492466677155}","[""cl_i_mM:outside_[47.1,53.1]"",""na_i_mM:outside_[10,35]"",""k_i_mM:outside_[100,160]""]",False,1.4210854715202004e-14,[],True,True
STRICT_NATIVE_S1_PNOM_KMID_AE4NA10_P1_H1:B00,STRICT_NATIVE_S1_PNOM_KMID_AE4NA10_P1_H1,STRICT_NATIVE,1.0,1.0,1.0,H1,PRODUCTION_PRE_REVEAL,True,True,False,1.0560129160008813e-12,1.7812140651329855e-14,1.0560129160008813e-16,1.7771458472818954e-26,2.8449465006019636e-16,True,True,1.0560129160008813e-12,11,0,4.909850304102292e-12,True,"{""cl_i_mM"":26.381674982661828,""cl_l_mM"":142.150570172911,""k_i_mM"":85.03646544036908,""k_l_mM"":11.616304026915476,""na_i_mM"":14.836225813035108,""na_l_mM"":138.6475740173892,""ph_i"":6.818708046039912,""ph_l"":7.120173604928358,""tic_i_mM"":5.09490389859569,""tic_l_mM"":8.881373779930183,""v_apical_mV"":-49.31054826306537,""v_basolateral_mV"":-69.16197083474805,""volume_i_pL"":1.3,""volume_l_pL"":0.10284946310439035}","[""cl_i_mM:outside_[47.1,53.1]"",""k_i_mM:outside_[100,160]""]",False,2.788880237858393e-13,[],True,True
STRICT_NATIVE_S1_PNOM_KMID_AE4NA10_P1_H2.5:B00,STRICT_NATIVE_S1_PNOM_KMID_AE4NA10_P1_H2.5,STRICT_NATIVE,1.0,1.0,2.5,HW,DIAGNOSTIC_ONLY_HW_HYDRAULIC_TRANSFER,False,True,False,1.1709383462843448e-11,1.8144340196979414e-14,1.1709383462843448e-15,3.877409121342317e-26,4.206704429243757e-16,True,True,1.1709383462843448e-11,11,0,0.0,True,"{""cl_i_mM"":26.377124108232376,""cl_l_mM"":142.1116489901452,""k_i_mM"":85.03164335654719,""k_l_mM"":11.61632859140806,""na_i_mM"":14.835971754626609,""na_l_mM"":138.60731524377712,""ph_i"":6.818687905499242,""ph_l"":7.120124700534705,""tic_i_mM"":5.0946215599354465,""tic_l_mM"":8.880024274948948,""v_apical_mV"":-49.308113672784046,""v_basolateral_mV"":-69.15988213967033,""volume_i_pL"":1.3,""volume_l_pL"":0.1028511942344478}","[""cl_i_mM:outside_[47.1,53.1]"",""k_i_mM:outside_[100,160]""]",False,2.7977620220553945e-13,[],True,True
STRICT_NATIVE_S1_PNOM_KMID_AE4NA10_P1_H3.5:B00,STRICT_NATIVE_S1_PNOM_KMID_AE4NA10_P1_H3.5,STRICT_NATIVE,1.0,1.0,3.5,HW,DIAGNOSTIC_ONLY_HW_HYDRAULIC_TRANSFER,False,True,False,1.3767199186220935e-11,1.829352641591342e-14,1.3767199186220935e-15,6.462348535570529e-26,6.722053469410127e-16,True,True,1.3767199186220935e-11,11,0,4.853006885241484e-12,True,"{""cl_i_mM"":26.37625651415589,""cl_l_mM"":142.1042300928791,""k_i_mM"":85.03072406817887,""k_l_mM"":11.616333225223796,""na_i_mM"":14.835923302251217,""na_l_mM"":138.59964140988063,""ph_i"":6.818684065512915,""ph_l"":7.120115377758585,""tic_i_mM"":5.09456772947886,""tic_l_mM"":8.879767016273773,""v_apical_mV"":-49.30764961123171,""v_basolateral_mV"":-69.15948396278066,""volume_i_pL"":1.3,""volume_l_pL"":0.10285152434664491}","[""cl_i_mM:outside_[47.1,53.1]"",""k_i_mM:outside_[100,160]""]",False,2.8066438062523957e-13,[],True,True
STRICT_NATIVE_S1_PNOM_KMID_AE4NA10_P1_H5:B00,STRICT_NATIVE_S1_PNOM_KMID_AE4NA10_P1_H5,STRICT_NATIVE,1.0,1.0,5.0,HW,DIAGNOSTIC_ONLY_HW_HYDRAULIC_TRANSFER,False,True,False,5.360295540768334e-11,3.652798549746983e-13,5.360295540768334e-15,1.454028420503369e-26,1.2750217548429532e-16,True,True,5.360295540768334e-11,11,0,7.105427357601002e-15,True,"{""cl_i_mM"":26.375605658576738,""cl_l_mM"":142.09866479738966,""k_i_mM"":85.03003443457682,""k_l_mM"":11.616336691090897,""na_i_mM"":14.835886950302237,""na_l_mM"":138.5938848788386,""ph_i"":6.818681184757603,""ph_l"":7.120108384082098,""tic_i_mM"":5.094527345755076,""tic_l_mM"":8.879574028079789,""v_apical_mV"":-49.30730149569482,""v_basolateral_mV"":-69.15918526070907,""volume_i_pL"":1.2999999999999812,""volume_l_pL"":0.10285177200927377}","[""cl_i_mM:outside_[47.1,53.1]"",""k_i_mM:outside_[100,160]""]",False,2.7977620220553945e-13,[],True,True
STRICT_NATIVE_S1_PNOM_KMID_AE4NA10_P1_H6.75:B00,STRICT_NATIVE_S1_PNOM_KMID_AE4NA10_P1_H6.75,STRICT_NATIVE,1.0,1.0,6.75,HW,DIAGNOSTIC_ONLY_HW_HYDRAULIC_TRANSFER,False,True,False,2.1626580734568357e-11,4.249708224213222e-13,2.1626580734568357e-15,2.261821987449685e-26,3.2786273695961654e-16,True,True,1.680513367352532e-11,11,0,2.2512480768455134e-10,True,"{""cl_i_mM"":26.37521186453575,""cl_l_mM"":142.09529766989078,""k_i_mM"":85.02961717907509,""k_l_mM"":11.616338783770269,""na_i_mM"":14.835864954331134,""na_l_mM"":138.5904020518535,""ph_i"":6.8186794417504375,""ph_l"":7.12010415266325,""tic_i_mM"":5.094502911579085,""tic_l_mM"":8.879457263747062,""v_apical_mV"":-49.30709087838519,""v_basolateral_mV"":-69.15900453547681,""volume_i_pL"":1.2999999999999772,""volume_l_pL"":0.10285192186254691}","[""cl_i_mM:outside_[47.1,53.1]"",""k_i_mM:outside_[100,160]""]",False,2.8066438062523957e-13,[],True,True
STRICT_NATIVE_S1_PNOM_KMID_AE4NA10_P1_H8:B00,STRICT_NATIVE_S1_PNOM_KMID_AE4NA10_P1_H8,STRICT_NATIVE,1.0,1.0,8.0,HW,DIAGNOSTIC_ONLY_HW_HYDRAULIC_TRANSFER,False,True,False,4.4565046097844174e-11,1.8719401029265725e-14,4.4565046097844174e-15,1.454028420503369e-26,7.892991815694472e-17,True,True,2.4919302732406834e-11,11,0,7.105427357601002e-15,True,"{""cl_i_mM"":26.375036047441306,""cl_l_mM"":142.09379437422268,""k_i_mM"":85.0294308871972,""k_l_mM"":11.61633971703463,""na_i_mM"":14.835855133397118,""na_l_mM"":138.5888471012564,""ph_i"":6.818678663529667,""ph_l"":7.120102263455042,""tic_i_mM"":5.094492002384305,""tic_l_mM"":8.879405132343322,""v_apical_mV"":-49.30699684573546,""v_basolateral_mV"":-69.15892384749353,""volume_i_pL"":1.3,""volume_l_pL"":0.10285198876928237}","[""cl_i_mM:outside_[47.1,53.1]"",""k_i_mM:outside_[100,160]""]",False,2.8066438062523957e-13,[],True,True
STRICT_NATIVE_S1_PNOM_KMID_AE4NA10_P1_HWQ_H2.5:B00,STRICT_NATIVE_S1_PNOM_KMID_AE4NA10_P1_HWQ_H2.5,STRICT_NATIVE,1.0,1.0,2.5,HWQ,DIAGNOSTIC_ONLY_HWQ_HYDRAULIC_TRANSFER,False,True,False,6.7615184284886e-11,1.8305669480245257e-14,6.7615184284886e-15,1.9387045606711586e-26,1.5092094240998222e-16,True,True,6.7615184284886e-11,11,0,1.4210854715202004e-14,True,"{""cl_i_mM"":26.377124108239588,""cl_l_mM"":142.11164899012053,""k_i_mM"":85.03164335653962,""k_l_mM"":11.616328591412252,""na_i_mM"":14.835971754626724,""na_l_mM"":138.60731524381598,""ph_i"":6.818687905498032,""ph_l"":7.120124700529198,""tic_i_mM"":5.094621559938592,""tic_l_mM"":8.880024274930573,""v_apical_mV"":-49.30811367277181,""v_basolateral_mV"":-69.15988213966904,""volume_i_pL"":1.3,""volume_l_pL"":0.10114047769377896}","[""cl_i_mM:outside_[47.1,53.1]"",""k_i_mM:outside_[100,160]""]",False,2.7977620220553945e-13,[],True,True
STRICT_NATIVE_S1_PNOM_KMID_AE4NA10_P1_HWQ_H3.5:B00,STRICT_NATIVE_S1_PNOM_KMID_AE4NA10_P1_HWQ_H3.5,STRICT_NATIVE,1.0,1.0,3.5,HWQ,DIAGNOSTIC_ONLY_HWQ_HYDRAULIC_TRANSFER,False,True,False,8.86920745180042e-11,1.8459192507869204e-14,8.86920745180042e-15,2.5849394142282115e-26,2.1250362580715887e-16,True,True,1.989185725859155e-11,11,0,4.803268893738277e-12,True,"{""cl_i_mM"":26.3762565141645,""cl_l_mM"":142.10423009284966,""k_i_mM"":85.03072406816989,""k_l_mM"":11.616333225228804,""na_i_mM"":14.835923302251349,""na_l_mM"":138.59964140992705,""ph_i"":6.818684065511474,""ph_l"":7.120115377752006,""tic_i_mM"":5.094567729482613,""tic_l_mM"":8.879767016251794,""v_apical_mV"":-49.307649611217116,""v_basolateral_mV"":-69.15948396277912,""volume_i_pL"":1.3,""volume_l_pL"":0.10081472124189841}","[""cl_i_mM:outside_[47.1,53.1]"",""k_i_mM:outside_[100,160]""]",False,2.7977620220553945e-13,[],True,True
STRICT_NATIVE_S1_PNOM_KMID_AE4NA10_P1_HWQ_H5:B00,STRICT_NATIVE_S1_PNOM_KMID_AE4NA10_P1_HWQ_H5,STRICT_NATIVE,1.0,1.0,5.0,HWQ,DIAGNOSTIC_ONLY_HWQ_HYDRAULIC_TRANSFER,False,True,False,5.360295540768334e-11,1.872200311447969e-14,5.360295540768334e-15,5.00832011506716e-26,5.056718932472393e-16,True,True,6.588154501108168e-11,11,0,4.853006885241484e-12,True,"{""cl_i_mM"":26.375605658611367,""cl_l_mM"":142.09866479736252,""k_i_mM"":85.03003443446127,""k_l_mM"":11.61633669109296,""na_i_mM"":14.835886950287575,""na_l_mM"":138.5938848788817,""ph_i"":6.818681184744942,""ph_l"":7.12010838405978,""tic_i_mM"":5.094527345775661,""tic_l_mM"":8.87957402806173,""v_apical_mV"":-49.30730149565256,""v_basolateral_mV"":-69.15918526067601,""volume_i_pL"":1.3,""volume_l_pL"":0.10057035440185443}","[""cl_i_mM:outside_[47.1,53.1]"",""k_i_mM:outside_[100,160]""]",False,2.8066438062523957e-13,[],True,True
STRICT_NATIVE_S1_PNOM_KMID_AE4NA10_P1_HWQ_H6.75:B00,STRICT_NATIVE_S1_PNOM_KMID_AE4NA10_P1_HWQ_H6.75,STRICT_NATIVE,1.0,1.0,6.75,HWQ,DIAGNOSTIC_ONLY_HWQ_HYDRAULIC_TRANSFER,False,True,False,7.2099444470286045e-12,1.2974864238568529e-13,7.209944447028604e-16,3.715850407953054e-26,4.102621020685149e-16,True,True,7.2099444470286045e-12,11,0,2.1316282072803006e-14,True,"{""cl_i_mM"":26.375211864567536,""cl_l_mM"":142.0952976698607,""k_i_mM"":85.02961717897423,""k_l_mM"":11.61633878377318,""na_i_mM"":14.83586495431857,""na_l_mM"":138.59040205190132,""ph_i"":6.8186794417392615,""ph_l"":7.1201041526425595,""tic_i_mM"":5.09450291159764,""tic_l_mM"":8.879457263726282,""v_apical_mV"":-49.30709087834551,""v_basolateral_mV"":-69.15900453544815,""volume_i_pL"":1.299999999999994,""volume_l_pL"":0.10042250694259931}","[""cl_i_mM:outside_[47.1,53.1]"",""k_i_mM:outside_[100,160]""]",False,2.8066438062523957e-13,[],True,True
STRICT_NATIVE_S1_PNOM_KMID_AE4NA10_P1_HWQ_H8:B00,STRICT_NATIVE_S1_PNOM_KMID_AE4NA10_P1_HWQ_H8,STRICT_NATIVE,1.0,1.0,8.0,HWQ,DIAGNOSTIC_ONLY_HWQ_HYDRAULIC_TRANSFER,False,True,False,4.4565046097844174e-11,1.832041462979106e-14,4.4565046097844174e-15,3.715850407953054e-26,4.701100619897147e-16,True,True,4.4565046097844174e-11,11,0,2.1316282072803006e-14,True,"{""cl_i_mM"":26.375036047451918,""cl_l_mM"":142.09379437418622,""k_i_mM"":85.02943088718611,""k_l_mM"":11.616339717040812,""na_i_mM"":14.835855133397278,""na_l_mM"":138.5888471013135,""ph_i"":6.818678663527891,""ph_l"":7.120102263446986,""tic_i_mM"":5.09449200238891,""tic_l_mM"":8.879405132316464,""v_apical_mV"":-49.30699684571742,""v_basolateral_mV"":-69.15892384749155,""volume_i_pL"":1.3,""volume_l_pL"":0.10035649859616022}","[""cl_i_mM:outside_[47.1,53.1]"",""k_i_mM:outside_[100,160]""]",False,2.8066438062523957e-13,[],True,True
STRICT_NATIVE_S1_PNOM_KMID_AE4NA10_P2_H1:B00,STRICT_NATIVE_S1_PNOM_KMID_AE4NA10_P2_H1,STRICT_NATIVE,1.0,2.0,1.0,H1,PRODUCTION_PRE_REVEAL,True,True,False,8.413408858487514e-13,3.2786273695961654e-16,8.413408858487514e-17,9.693522803355793e-27,1.5699247457590104e-16,True,True,8.413408858487514e-13,11,0,1.7763568394002505e-15,True,"{""cl_i_mM"":25.841006860248847,""cl_l_mM"":142.4982699728101,""k_i_mM"":90.63969355864586,""k_l_mM"":11.828712814109519,""na_i_mM"":9.168923198520432,""na_l_mM"":138.44431732500803,""ph_i"":6.841385979089865,""ph_l"":7.107344894385521,""tic_i_mM"":5.273562886500377,""tic_l_mM"":8.533180398972526,""v_apical_mV"":-50.17633597329502,""v_basolateral_mV"":-70.98667167094045,""volume_i_pL"":1.3,""volume_l_pL"":0.1030332689877559}","[""cl_i_mM:outside_[47.1,53.1]"",""na_i_mM:outside_[10,35]"",""k_i_mM:outside_[100,160]""]",False,0.0,[],True,True
STRICT_NATIVE_S1_PNOM_KMID_AE4NA10_P2_H2.5:B00,STRICT_NATIVE_S1_PNOM_KMID_AE4NA10_P2_H2.5,STRICT_NATIVE,1.0,2.0,2.5,HW,DIAGNOSTIC_ONLY_HW_HYDRAULIC_TRANSFER,False,True,False,1.6201233063450893e-11,4.865899350114944e-16,1.6201233063450893e-15,8.077935669463161e-27,8.413408858487514e-17,True,True,1.6201233063450893e-11,11,0,8.526512829121202e-14,True,"{""cl_i_mM"":25.835771942015423,""cl_l_mM"":142.45663781271935,""k_i_mM"":90.63394822284629,""k_l_mM"":11.82854817044885,""na_i_mM"":9.168764094747482,""na_l_mM"":138.40165207156647,""ph_i"":6.841360330557107,""ph_l"":7.107300461355611,""tic_i_mM"":5.273209414074269,""tic_l_mM"":8.531944549207948,""v_apical_mV"":-50.174154245421306,""v_basolateral_mV"":-70.9844785197339,""volume_i_pL"":1.3,""volume_l_pL"":0.10303511146903761}","[""cl_i_mM:outside_[47.1,53.1]"",""na_i_mM:outside_[10,35]"",""k_i_mM:outside_[100,160]""]",False,1.4210854715202004e-14,[],True,True
STRICT_NATIVE_S1_PNOM_KMID_AE4NA10_P2_H3.5:B00,STRICT_NATIVE_S1_PNOM_KMID_AE4NA10_P2_H3.5,STRICT_NATIVE,1.0,2.0,3.5,HW,DIAGNOSTIC_ONLY_HW_HYDRAULIC_TRANSFER,False,True,False,4.500197957335583e-11,1.2675190758093535e-13,4.500197957335583e-15,1.7771458472818954e-26,1.93421667571414e-16,True,True,3.640750895206324e-11,11,0,2.1316282072803006e-14,True,"{""cl_i_mM"":25.83477395368831,""cl_l_mM"":142.448702171419,""k_i_mM"":90.6328529225563,""k_l_mM"":11.828516729141082,""na_i_mM"":9.168733756397529,""na_l_mM"":138.39351953963316,""ph_i"":6.841355440371704,""ph_l"":7.107291990839995,""tic_i_mM"":5.273142021396611,""tic_l_mM"":8.531708949704864,""v_apical_mV"":-50.173738393288076,""v_basolateral_mV"":-70.98406042693979,""volume_i_pL"":1.2999999999999923,""volume_l_pL"":0.10303546282197609}","[""cl_i_mM:outside_[47.1,53.1]"",""na_i_mM:outside_[10,35]"",""k_i_mM:outside_[100,160]""]",False,0.0,[],True,True
STRICT_NATIVE_S1_PNOM_KMID_AE4NA10_P2_H5:B00,STRICT_NATIVE_S1_PNOM_KMID_AE4NA10_P2_H5,STRICT_NATIVE,1.0,2.0,5.0,HW,DIAGNOSTIC_ONLY_HW_HYDRAULIC_TRANSFER,False,True,False,3.8029475402101554e-11,2.3592239273284576e-16,3.802947540210155e-15,2.1002632740604218e-26,2.706168622523819e-16,True,True,3.8029475402101554e-11,11,0,0.0,True,"{""cl_i_mM"":25.83402528139414,""cl_l_mM"":142.44274924063518,""k_i_mM"":90.63203124734935,""k_l_mM"":11.828493131198867,""na_i_mM"":9.16871099571887,""na_l_mM"":138.38741891754168,""ph_i"":6.841351771725494,""ph_l"":7.107285636453316,""tic_i_mM"":5.27309146331522,""tic_l_mM"":8.53153220812076,""v_apical_mV"":-50.17342644426352,""v_basolateral_mV"":-70.9837467837821,""volume_i_pL"":1.3,""volume_l_pL"":0.1030357264216783}","[""cl_i_mM:outside_[47.1,53.1]"",""na_i_mM:outside_[10,35]"",""k_i_mM:outside_[100,160]""]",False,7.105427357601002e-15,[],True,True
STRICT_NATIVE_S1_PNOM_KMID_AE4NA10_P2_H6.75:B00,STRICT_NATIVE_S1_PNOM_KMID_AE4NA10_P2_H6.75,STRICT_NATIVE,1.0,2.0,6.75,HW,DIAGNOSTIC_ONLY_HW_HYDRAULIC_TRANSFER,False,True,False,4.1514101184469965e-11,3.694961003830599e-16,4.1514101184469965e-15,6.462348535570529e-27,3.642919299551295e-17,True,True,2.4938818371511573e-11,11,0,5.684341886080802e-14,True,"{""cl_i_mM"":25.833572305492204,""cl_l_mM"":142.43914758553674,""k_i_mM"":90.6315341013777,""k_l_mM"":11.82847884884084,""na_i_mM"":9.168697224036318,""na_l_mM"":138.3837279086135,""ph_i"":6.841349552007218,""ph_l"":7.107281791824627,""tic_i_mM"":5.273060873138636,""tic_l_mM"":8.531425272903013,""v_apical_mV"":-50.173237709429245,""v_basolateral_mV"":-70.98355701842709,""volume_i_pL"":1.3,""volume_l_pL"":0.10303588591861217}","[""cl_i_mM:outside_[47.1,53.1]"",""na_i_mM:outside_[10,35]"",""k_i_mM:outside_[100,160]""]",False,0.0,[],True,True
STRICT_NATIVE_S1_PNOM_KMID_AE4NA10_P2_H8:B00,STRICT_NATIVE_S1_PNOM_KMID_AE4NA10_P2_H8,STRICT_NATIVE,1.0,2.0,8.0,HW,DIAGNOSTIC_ONLY_HW_HYDRAULIC_TRANSFER,False,True,False,4.811147140404426e-11,1.5380509366114126e-12,4.811147140404426e-15,3.2311742677852644e-26,3.5561831257524545e-16,True,True,4.811147140404426e-11,11,0,5.2722270993399434e-11,True,"{""cl_i_mM"":25.833370065647433,""cl_l_mM"":142.4375395821831,""k_i_mM"":90.6313121414921,""k_l_mM"":11.828472471087954,""na_i_mM"":9.168691075283128,""na_l_mM"":138.3820800128557,""ph_i"":6.8413485610104,""ph_l"":7.107280075390066,""tic_i_mM"":5.273047215360644,""tic_l_mM"":8.531377529680986,""v_apical_mV"":-50.1731534468549,""v_basolateral_mV"":-70.98347229444913,""volume_i_pL"":1.2999999999998593,""volume_l_pL"":0.10303595713122217}","[""cl_i_mM:outside_[47.1,53.1]"",""na_i_mM:outside_[10,35]"",""k_i_mM:outside_[100,160]""]",False,0.0,[],True,True
STRICT_NATIVE_S1_PNOM_KMID_AE4NA10_P2_HWQ_H2.5:B00,STRICT_NATIVE_S1_PNOM_KMID_AE4NA10_P2_HWQ_H2.5,STRICT_NATIVE,1.0,2.0,2.5,HWQ,DIAGNOSTIC_ONLY_HWQ_HYDRAULIC_TRANSFER,False,True,False,1.6201233063450893e-11,5.412337245047638e-16,1.6201233063450893e-15,3.3927329811745276e-26,3.7296554733501353e-16,True,True,1.6201233063450893e-11,11,0,7.105427357601002e-15,True,"{""cl_i_mM"":25.83577194202363,""cl_l_mM"":142.4566378126936,""k_i_mM"":90.63394822283779,""k_l_mM"":11.828548170453574,""na_i_mM"":9.168764094747596,""na_l_mM"":138.40165207160663,""ph_i"":6.84136033055575,""ph_l"":7.107300461349455,""tic_i_mM"":5.273209414077801,""tic_l_mM"":8.53194454918879,""v_apical_mV"":-50.174154245407756,""v_basolateral_mV"":-70.98447851973245,""volume_i_pL"":1.3,""volume_l_pL"":0.10121404458761489}","[""cl_i_mM:outside_[47.1,53.1]"",""na_i_mM:outside_[10,35]"",""k_i_mM:outside_[100,160]""]",False,0.0,[],True,True
STRICT_NATIVE_S1_PNOM_KMID_AE4NA10_P2_HWQ_H3.5:B00,STRICT_NATIVE_S1_PNOM_KMID_AE4NA10_P2_HWQ_H3.5,STRICT_NATIVE,1.0,2.0,3.5,HWQ,DIAGNOSTIC_ONLY_HWQ_HYDRAULIC_TRANSFER,False,True,False,5.359753439682091e-11,4.414871246360974e-16,5.359753439682091e-15,2.261821987449685e-26,2.0556473190325164e-16,True,True,4.8862823509576714e-11,11,0,1.4210854715202004e-14,True,"{""cl_i_mM"":25.834773953707376,""cl_l_mM"":142.44870217138995,""k_i_mM"":90.63285292250204,""k_l_mM"":11.828516729145308,""na_i_mM"":9.168733756396007,""na_l_mM"":138.39351953967792,""ph_i"":6.841355440365948,""ph_l"":7.107291990827081,""tic_i_mM"":5.273142021406798,""tic_l_mM"":8.531708949684864,""v_apical_mV"":-50.173738393261885,""v_basolateral_mV"":-70.98406042692554,""volume_i_pL"":1.3,""volume_l_pL"":0.10086727509199289}","[""cl_i_mM:outside_[47.1,53.1]"",""na_i_mM:outside_[10,35]"",""k_i_mM:outside_[100,160]""]",False,0.0,[],True,True
STRICT_NATIVE_S1_PNOM_KMID_AE4NA10_P2_HWQ_H5:B00,STRICT_NATIVE_S1_PNOM_KMID_AE4NA10_P2_HWQ_H5,STRICT_NATIVE,1.0,2.0,5.0,HWQ,DIAGNOSTIC_ONLY_HWQ_HYDRAULIC_TRANSFER,False,True,False,3.8029475402101554e-11,2.177077962350893e-16,3.802947540210155e-15,9.693522803355793e-27,8.847089727481716e-17,True,True,3.8029475402101554e-11,11,0,4.263256414560601e-14,True,"{""cl_i_mM"":25.834025281405168,""cl_l_mM"":142.44274924060062,""k_i_mM"":90.63203124733786,""k_l_mM"":11.828493131205205,""na_i_mM"":9.168710995719028,""na_l_mM"":138.38741891759557,""ph_i"":6.841351771723666,""ph_l"":7.107285636445054,""tic_i_mM"":5.273091463319968,""tic_l_mM"":8.531532208095063,""v_apical_mV"":-50.17342644424532,""v_basolateral_mV"":-70.9837467837801,""volume_i_pL"":1.3,""volume_l_pL"":0.10060714528433556}","[""cl_i_mM:outside_[47.1,53.1]"",""na_i_mM:outside_[10,35]"",""k_i_mM:outside_[100,160]""]",False,0.0,[],True,True
STRICT_NATIVE_S1_PNOM_KMID_AE4NA10_P2_HWQ_H6.75:B00,STRICT_NATIVE_S1_PNOM_KMID_AE4NA10_P2_HWQ_H6.75,STRICT_NATIVE,1.0,2.0,6.75,HWQ,DIAGNOSTIC_ONLY_HWQ_HYDRAULIC_TRANSFER,False,True,False,2.288447209508604e-11,3.177095739270719e-12,1.189695043868344e-15,8.077935669463161e-27,8.500145032286355e-17,True,True,2.2888635431428384e-11,11,0,1.4210854715202004e-14,True,"{""cl_i_mM"":25.833572305277002,""cl_l_mM"":142.43914758545057,""k_i_mM"":90.63153410248292,""k_l_mM"":11.828478848886833,""na_i_mM"":9.168697224077944,""na_l_mM"":138.3837279087492,""ph_i"":6.8413495521089365,""ph_l"":7.1072817919574875,""tic_i_mM"":5.273060872993939,""tic_l_mM"":8.531425272807601,""v_apical_mV"":-50.17323770965516,""v_basolateral_mV"":-70.98355701873747,""volume_i_pL"":1.2999999999996932,""volume_l_pL"":0.10044976087683337}","[""cl_i_mM:outside_[47.1,53.1]"",""na_i_mM:outside_[10,35]"",""k_i_mM:outside_[100,160]""]",False,7.105427357601002e-15,[],True,True
STRICT_NATIVE_S1_PNOM_KMID_AE4NA10_P2_HWQ_H8:B00,STRICT_NATIVE_S1_PNOM_KMID_AE4NA10_P2_HWQ_H8,STRICT_NATIVE,1.0,2.0,8.0,HWQ,DIAGNOSTIC_ONLY_HWQ_HYDRAULIC_TRANSFER,False,True,False,6.775613056730911e-11,1.942890293094024e-16,6.7756130567309114e-15,1.7771458472818954e-26,1.8908485888147197e-16,True,True,6.775613056730911e-11,11,0,7.105427357601002e-15,True,"{""cl_i_mM"":25.833370065769493,""cl_l_mM"":142.4375395821691,""k_i_mM"":90.63131214093919,""k_l_mM"":11.828472471076028,""na_i_mM"":9.168691075263249,""na_l_mM"":138.38208001287686,""ph_i"":6.841348560958222,""ph_l"":7.107280075312453,""tic_i_mM"":5.273047215438329,""tic_l_mM"":8.531377529685708,""v_apical_mV"":-50.17315344671612,""v_basolateral_mV"":-70.98347229429577,""volume_i_pL"":1.3,""volume_l_pL"":0.10037949464140189}","[""cl_i_mM:outside_[47.1,53.1]"",""na_i_mM:outside_[10,35]"",""k_i_mM:outside_[100,160]""]",False,0.0,[],True,True
STRICT_NATIVE_S1_PNOM_KMID_AE4NA20_P1_H1:B00,STRICT_NATIVE_S1_PNOM_KMID_AE4NA20_P1_H1,STRICT_NATIVE,1.0,1.0,1.0,H1,PRODUCTION_PRE_REVEAL,True,True,False,2.0792829263927004e-11,1.3887328786932329e-14,2.0792829263927004e-15,4.0389678347315804e-26,4.40619762898109e-16,True,True,1.339206523454095e-11,11,0,7.105427357601002e-15,True,"{""cl_i_mM"":25.445392349540054,""cl_l_mM"":141.90260103936782,""k_i_mM"":80.69884650614014,""k_l_mM"":10.689904265599106,""na_i_mM"":20.263810316632,""na_l_mM"":139.56659705996773,""ph_i"":6.9006506721367336,""ph_l"":7.1259711155869825,""tic_i_mM"":6.072726895090632,""tic_l_mM"":9.134092396552255,""v_apical_mV"":-50.1048368868817,""v_basolateral_mV"":-69.09093678792532,""volume_i_pL"":1.3,""volume_l_pL"":0.10279369124968296}","[""cl_i_mM:outside_[47.1,53.1]"",""k_i_mM:outside_[100,160]""]",False,2.460254222569347e-13,[],True,True
STRICT_NATIVE_S1_PNOM_KMID_AE4NA20_P1_H2.5:B00,STRICT_NATIVE_S1_PNOM_KMID_AE4NA20_P1_H2.5,STRICT_NATIVE,1.0,1.0,2.5,HW,DIAGNOSTIC_ONLY_HW_HYDRAULIC_TRANSFER,False,True,False,3.657881289531595e-11,1.480586486746205e-14,3.657881289531595e-15,3.069615554396001e-26,5.499073418846478e-16,True,True,3.657881289531595e-11,11,0,1.4210854715202004e-14,True,"{""cl_i_mM"":25.441336032162315,""cl_l_mM"":141.86457800049766,""k_i_mM"":80.69492399880252,""k_l_mM"":10.690096236025687,""na_i_mM"":20.26314520447746,""na_l_mM"":139.52695914618172,""ph_i"":6.90063321057907,""ph_l"":7.1259187011520275,""tic_i_mM"":6.07241032460588,""tic_l_mM"":9.132632251658872,""v_apical_mV"":-50.10224099531498,""v_basolateral_mV"":-69.08894078441611,""volume_i_pL"":1.3,""volume_l_pL"":0.10279539204169282}","[""cl_i_mM:outside_[47.1,53.1]"",""k_i_mM:outside_[100,160]""]",False,2.4424906541753444e-13,[],True,True
STRICT_NATIVE_S1_PNOM_KMID_AE4NA20_P1_H3.5:B00,STRICT_NATIVE_S1_PNOM_KMID_AE4NA20_P1_H3.5,STRICT_NATIVE,1.0,1.0,3.5,HW,DIAGNOSTIC_ONLY_HW_HYDRAULIC_TRANSFER,False,True,False,7.046880440286785e-11,2.542063781696413e-14,7.046880440286785e-15,3.715850407953054e-26,4.614364446098307e-16,True,True,5.3278778958110173e-11,11,0,1.0661693750080303e-11,True,"{""cl_i_mM"":25.440562712454145,""cl_l_mM"":141.85733028894893,""k_i_mM"":80.69417621708206,""k_l_mM"":10.690132791336838,""na_i_mM"":20.263018369499758,""na_l_mM"":139.51940363388346,""ph_i"":6.900629881391697,""ph_l"":7.125908709287758,""tic_i_mM"":6.07234996752585,""tic_l_mM"":9.13235390512509,""v_apical_mV"":-50.1017461829453,""v_basolateral_mV"":-69.08856028215851,""volume_i_pL"":1.2999999999999994,""volume_l_pL"":0.10279571636742427}","[""cl_i_mM:outside_[47.1,53.1]"",""k_i_mM:outside_[100,160]""]",False,2.4424906541753444e-13,[],True,True
STRICT_NATIVE_S1_PNOM_KMID_AE4NA20_P1_H5:B00,STRICT_NATIVE_S1_PNOM_KMID_AE4NA20_P1_H5,STRICT_NATIVE,1.0,1.0,5.0,HW,DIAGNOSTIC_ONLY_HW_HYDRAULIC_TRANSFER,False,True,False,2.1884620851619907e-11,1.3874318360862503e-14,2.1884620851619907e-15,2.261821987449685e-26,2.246466901389965e-16,True,True,2.1884620851619907e-11,11,0,1.4210854715202004e-14,True,"{""cl_i_mM"":25.439982578032875,""cl_l_mM"":141.85189340603262,""k_i_mM"":80.69361524673828,""k_l_mM"":10.690160205608898,""na_i_mM"":20.262923212358377,""na_l_mM"":139.5137358571934,""ph_i"":6.9006273838324965,""ph_l"":7.125901213672295,""tic_i_mM"":6.072304687532054,""tic_l_mM"":9.13214509818714,""v_apical_mV"":-50.10137499864081,""v_basolateral_mV"":-69.08827484004416,""volume_i_pL"":1.3,""volume_l_pL"":0.1027959596885638}","[""cl_i_mM:outside_[47.1,53.1]"",""k_i_mM:outside_[100,160]""]",False,2.433608869978343e-13,[],True,True
STRICT_NATIVE_S1_PNOM_KMID_AE4NA20_P1_H6.75:B00,STRICT_NATIVE_S1_PNOM_KMID_AE4NA20_P1_H6.75,STRICT_NATIVE,1.0,1.0,6.75,HW,DIAGNOSTIC_ONLY_HW_HYDRAULIC_TRANSFER,False,True,False,1.1180943323974013e-10,1.72104518136873e-13,1.1180943323974013e-14,4.8467614016778965e-26,5.030698080332741e-16,True,True,1.0236820072173636e-10,11,0,8.956391184256063e-11,True,"{""cl_i_mM"":25.43963157229689,""cl_l_mM"":141.84860396989868,""k_i_mM"":80.69327583855127,""k_l_mM"":10.690176788631293,""na_i_mM"":20.26286563530991,""na_l_mM"":139.51030672660067,""ph_i"":6.900625872690337,""ph_l"":7.125896678580081,""tic_i_mM"":6.072277290851123,""tic_l_mM"":9.132018763296097,""v_apical_mV"":-50.10115042383126,""v_basolateral_mV"":-69.08810213796659,""volume_i_pL"":1.29999999999999,""volume_l_pL"":0.10279610691482238}","[""cl_i_mM:outside_[47.1,53.1]"",""k_i_mM:outside_[100,160]""]",False,2.433608869978343e-13,[],True,True
STRICT_NATIVE_S1_PNOM_KMID_AE4NA20_P1_H8:B00,STRICT_NATIVE_S1_PNOM_KMID_AE4NA20_P1_H8,STRICT_NATIVE,1.0,1.0,8.0,HW,DIAGNOSTIC_ONLY_HW_HYDRAULIC_TRANSFER,False,True,False,1.2913932076474843e-11,1.3973197598993181e-14,1.2913932076474843e-15,2.7464981276174747e-26,2.96637714392034e-16,True,True,2.2746453158528634e-10,11,0,4.281019982954604e-12,True,"{""cl_i_mM"":25.43947485866465,""cl_l_mM"":141.8471353602318,""k_i_mM"":80.6931243033939,""k_l_mM"":10.690184191540057,""na_i_mM"":20.262839928118144,""na_l_mM"":139.5087757489464,""ph_i"":6.900625197998544,""ph_l"":7.12589465380177,""tic_i_mM"":6.072265058965481,""tic_l_mM"":9.131962359027767,""v_apical_mV"":-50.10105015960058,""v_basolateral_mV"":-69.08802503217612,""volume_i_pL"":1.3,""volume_l_pL"":0.10279617264861823}","[""cl_i_mM:outside_[47.1,53.1]"",""k_i_mM:outside_[100,160]""]",False,2.433608869978343e-13,[],True,True
STRICT_NATIVE_S1_PNOM_KMID_AE4NA20_P1_HWQ_H2.5:B00,STRICT_NATIVE_S1_PNOM_KMID_AE4NA20_P1_HWQ_H2.5,STRICT_NATIVE,1.0,1.0,2.5,HWQ,DIAGNOSTIC_ONLY_HWQ_HYDRAULIC_TRANSFER,False,True,False,3.657881289531595e-11,1.5747819714917455e-14,3.657881289531595e-15,1.2924697071141057e-26,2.1163626406917047e-16,True,True,4.2717565595928875e-11,11,0,1.4210854715202004e-14,True,"{""cl_i_mM"":25.44133603216894,""cl_l_mM"":141.86457800047347,""k_i_mM"":80.69492399879498,""k_l_mM"":10.69009623602936,""na_i_mM"":20.263145204478032,""na_l_mM"":139.52695914622066,""ph_i"":6.900633210577967,""ph_l"":7.125918701146835,""tic_i_mM"":6.072410324608995,""tic_l_mM"":9.132632251640459,""v_apical_mV"":-50.102240995303156,""v_basolateral_mV"":-69.08894078441477,""volume_i_pL"":1.3,""volume_l_pL"":0.10111815681667696}","[""cl_i_mM:outside_[47.1,53.1]"",""k_i_mM:outside_[100,160]""]",False,2.4424906541753444e-13,[],True,True
STRICT_NATIVE_S1_PNOM_KMID_AE4NA20_P1_HWQ_H3.5:B00,STRICT_NATIVE_S1_PNOM_KMID_AE4NA20_P1_HWQ_H3.5,STRICT_NATIVE,1.0,1.0,3.5,HWQ,DIAGNOSTIC_ONLY_HWQ_HYDRAULIC_TRANSFER,False,True,False,4.918157894828745e-11,1.365314111767546e-14,4.918157894828745e-15,1.6155871338926322e-26,2.454633718507182e-16,True,True,5.7776049569580046e-11,11,0,7.105427357601002e-15,True,"{""cl_i_mM"":25.44056271246291,""cl_l_mM"":141.85733028892017,""k_i_mM"":80.69417621706967,""k_l_mM"":10.690132791341123,""na_i_mM"":20.26301836949931,""na_l_mM"":139.5194036339296,""ph_i"":6.9006298813899845,""ph_l"":7.12590870928104,""tic_i_mM"":6.072349967530145,""tic_l_mM"":9.132353905103418,""v_apical_mV"":-50.10174618293025,""v_basolateral_mV"":-69.08856028215583,""volume_i_pL"":1.3,""volume_l_pL"":0.10079877610497821}","[""cl_i_mM:outside_[47.1,53.1]"",""k_i_mM:outside_[100,160]""]",False,2.4424906541753444e-13,[],True,True
STRICT_NATIVE_S1_PNOM_KMID_AE4NA20_P1_HWQ_H5:B00,STRICT_NATIVE_S1_PNOM_KMID_AE4NA20_P1_HWQ_H5,STRICT_NATIVE,1.0,1.0,5.0,HWQ,DIAGNOSTIC_ONLY_HWQ_HYDRAULIC_TRANSFER,False,True,False,4.64407158562441e-11,1.1032754571038694e-13,4.64407158562441e-15,9.693522803355793e-27,1.3964523981613297e-16,True,True,4.64407158562441e-11,11,0,7.105427357601002e-15,True,"{""cl_i_mM"":25.439982578035195,""cl_l_mM"":141.85189340599808,""k_i_mM"":80.69361524675337,""k_l_mM"":10.690160205614607,""na_i_mM"":20.262923212367525,""na_l_mM"":139.51373585724835,""ph_i"":6.900627383833969,""ph_l"":7.125901213669396,""tic_i_mM"":6.072304687531862,""tic_l_mM"":9.132145098161187,""v_apical_mV"":-50.10137499863178,""v_basolateral_mV"":-69.08827484005026,""volume_i_pL"":1.2999999999999936,""volume_l_pL"":0.10055919193771269}","[""cl_i_mM:outside_[47.1,53.1]"",""k_i_mM:outside_[100,160]""]",False,2.433608869978343e-13,[],True,True
STRICT_NATIVE_S1_PNOM_KMID_AE4NA20_P1_HWQ_H6.75:B00,STRICT_NATIVE_S1_PNOM_KMID_AE4NA20_P1_HWQ_H6.75,STRICT_NATIVE,1.0,1.0,6.75,HWQ,DIAGNOSTIC_ONLY_HWQ_HYDRAULIC_TRANSFER,False,True,False,9.523306622460925e-11,1.343630068317836e-14,9.523306622460925e-15,1.6155871338926322e-26,2.5413698923060224e-16,True,True,9.523306622460925e-11,11,0,2.842170943040401e-14,True,"{""cl_i_mM"":25.43963157231736,""cl_l_mM"":141.84860396986718,""k_i_mM"":80.69327583849822,""k_l_mM"":10.690176788635283,""na_i_mM"":20.262865635296897,""na_l_mM"":139.5103067266519,""ph_i"":6.90062587268383,""ph_l"":7.125896678565951,""tic_i_mM"":6.072277290862825,""tic_l_mM"":9.132018763272356,""v_apical_mV"":-50.10115042380281,""v_basolateral_mV"":-69.08810213795134,""volume_i_pL"":1.3,""volume_l_pL"":0.10041423806145502}","[""cl_i_mM:outside_[47.1,53.1]"",""k_i_mM:outside_[100,160]""]",False,2.433608869978343e-13,[],True,True
STRICT_NATIVE_S1_PNOM_KMID_AE4NA20_P1_HWQ_H8:B00,STRICT_NATIVE_S1_PNOM_KMID_AE4NA20_P1_HWQ_H8,STRICT_NATIVE,1.0,1.0,8.0,HWQ,DIAGNOSTIC_ONLY_HWQ_HYDRAULIC_TRANSFER,False,True,False,2.2128132659560151e-10,4.689295826643125e-13,2.212813265956015e-14,2.1002632740604218e-26,3.5475095083725705e-16,True,True,2.924635360279648e-11,11,0,6.233946692191239e-11,True,"{""cl_i_mM"":25.439474858643184,""cl_l_mM"":141.84713536018668,""k_i_mM"":80.6931243035027,""k_l_mM"":10.690184191549065,""na_i_mM"":20.26283992815828,""na_l_mM"":139.50877574901622,""ph_i"":6.900625198010915,""ph_l"":7.125894653813286,""tic_i_mM"":6.0722650589494584,""tic_l_mM"":9.131962358993944,""v_apical_mV"":-50.10105015961581,""v_basolateral_mV"":-69.08802503221176,""volume_i_pL"":1.2999999999999716,""volume_l_pL"":0.10034952158107734}","[""cl_i_mM:outside_[47.1,53.1]"",""k_i_mM:outside_[100,160]""]",False,2.433608869978343e-13,[],True,True
STRICT_NATIVE_S1_PNOM_KMID_AE4NA20_P2_H1:B00,STRICT_NATIVE_S1_PNOM_KMID_AE4NA20_P2_H1,STRICT_NATIVE,1.0,2.0,1.0,H1,PRODUCTION_PRE_REVEAL,True,True,False,1.6587209036855732e-11,3.37403716077489e-16,1.6587209036855732e-15,4.2005265481208437e-26,4.874572967494828e-16,True,True,7.775897981066038e-12,11,0,2.842170943040401e-14,True,"{""cl_i_mM"":24.23779565872521,""cl_l_mM"":142.44957610592743,""k_i_mM"":90.1801050081357,""k_l_mM"":10.946149240275027,""na_i_mM"":10.466612547401947,""na_l_mM"":139.3260030138557,""ph_i"":6.9392324976559445,""ph_l"":7.1077637701836505,""tic_i_mM"":6.440812561920159,""tic_l_mM"":8.584914601448098,""v_apical_mV"":-51.888983486995976,""v_basolateral_mV"":-72.3409152636701,""volume_i_pL"":1.3,""volume_l_pL"":0.10307917422682648}","[""cl_i_mM:outside_[47.1,53.1]"",""k_i_mM:outside_[100,160]""]",False,7.105427357601002e-15,[],True,True
STRICT_NATIVE_S1_PNOM_KMID_AE4NA20_P2_H2.5:B00,STRICT_NATIVE_S1_PNOM_KMID_AE4NA20_P2_H2.5,STRICT_NATIVE,1.0,2.0,2.5,HW,DIAGNOSTIC_ONLY_HW_HYDRAULIC_TRANSFER,False,True,False,1.469419204369604e-11,1.9081958235744878e-16,1.4694192043696042e-15,1.1309109937248425e-26,1.5265566588595902e-16,True,True,1.469419204369604e-11,11,0,7.105427357601002e-15,True,"{""cl_i_mM"":24.232893169732485,""cl_l_mM"":142.40734431763457,""k_i_mM"":90.17470138225906,""k_l_mM"":10.946107301566512,""na_i_mM"":10.466339372145105,""na_l_mM"":139.28256725192756,""ph_i"":6.939206782876972,""ph_l"":7.107717705648573,""tic_i_mM"":6.440363943752662,""tic_l_mM"":8.583629309848856,""v_apical_mV"":-51.88668002567213,""v_basolateral_mV"":-72.33868859403763,""volume_i_pL"":1.3,""volume_l_pL"":0.10308104838039359}","[""cl_i_mM:outside_[47.1,53.1]"",""k_i_mM:outside_[100,160]""]",False,0.0,[],True,True
STRICT_NATIVE_S1_PNOM_KMID_AE4NA20_P2_H3.5:B00,STRICT_NATIVE_S1_PNOM_KMID_AE4NA20_P2_H3.5,STRICT_NATIVE,1.0,2.0,3.5,HW,DIAGNOSTIC_ONLY_HW_HYDRAULIC_TRANSFER,False,True,False,3.994959744957338e-11,1.8213555663670888e-13,3.994959744957338e-15,2.7464981276174747e-26,2.671474153004283e-16,True,True,3.994959744957338e-11,11,0,1.0658141036401503e-14,True,"{""cl_i_mM"":24.231958551346175,""cl_l_mM"":142.39929436758658,""k_i_mM"":90.17367122130347,""k_l_mM"":10.946099257347205,""na_i_mM"":10.46628728480186,""na_l_mM"":139.27428783047083,""ph_i"":6.939201880058098,""ph_l"":7.107708924096206,""tic_i_mM"":6.440278410672996,""tic_l_mM"":8.583384285126055,""v_apical_mV"":-51.88624096416689,""v_basolateral_mV"":-72.33826410887633,""volume_i_pL"":1.2999999999999738,""volume_l_pL"":0.10308140577548856}","[""cl_i_mM:outside_[47.1,53.1]"",""k_i_mM:outside_[100,160]""]",False,1.4210854715202004e-14,[],True,True
STRICT_NATIVE_S1_PNOM_KMID_AE4NA20_P2_H5:B00,STRICT_NATIVE_S1_PNOM_KMID_AE4NA20_P2_H5,STRICT_NATIVE,1.0,2.0,5.0,HW,DIAGNOSTIC_ONLY_HW_HYDRAULIC_TRANSFER,False,True,False,5.3490198381744847e-11,6.661338147750939e-16,5.349019838174485e-15,5.492996255234949e-26,5.80265002714242e-16,True,True,5.3490198381744847e-11,11,0,1.7763568394002505e-14,True,"{""cl_i_mM"":24.231257417044567,""cl_l_mM"":142.3932556854987,""k_i_mM"":90.17289841143287,""k_l_mM"":10.946093212418216,""na_i_mM"":10.466248207939781,""na_l_mM"":139.26807701472953,""ph_i"":6.939198201930363,""ph_l"":7.107702336370202,""tic_i_mM"":6.440214243633751,""tic_l_mM"":8.583200473005439,""v_apical_mV"":-51.88591160346734,""v_basolateral_mV"":-72.337945669768,""volume_i_pL"":1.3,""volume_l_pL"":0.10308167390877304}","[""cl_i_mM:outside_[47.1,53.1]"",""k_i_mM:outside_[100,160]""]",False,1.4210854715202004e-14,[],True,True
STRICT_NATIVE_S1_PNOM_KMID_AE4NA20_P2_H6.75:B00,STRICT_NATIVE_S1_PNOM_KMID_AE4NA20_P2_H6.75,STRICT_NATIVE,1.0,2.0,6.75,HW,DIAGNOSTIC_ONLY_HW_HYDRAULIC_TRANSFER,False,True,False,1.1349753602230006e-10,4.579669976578771e-16,1.1349753602230006e-14,6.300789822181265e-26,6.487865800153259e-16,True,True,1.1349753602230006e-10,11,0,1.0658141036401503e-14,True,"{""cl_i_mM"":24.230833203075456,""cl_l_mM"":142.38960214793468,""k_i_mM"":90.17243083051156,""k_l_mM"":10.94608955071376,""na_i_mM"":10.466224564127646,""na_l_mM"":139.2643193344116,""ph_i"":6.939195976475882,""ph_l"":7.107698350562778,""tic_i_mM"":6.4401754193530305,""tic_l_mM"":8.58308925987217,""v_apical_mV"":-51.88571233371652,""v_basolateral_mV"":-72.3377530024697,""volume_i_pL"":1.3,""volume_l_pL"":0.10308183614906277}","[""cl_i_mM:outside_[47.1,53.1]"",""k_i_mM:outside_[100,160]""]",False,7.105427357601002e-15,[],True,True
STRICT_NATIVE_S1_PNOM_KMID_AE4NA20_P2_H8:B00,STRICT_NATIVE_S1_PNOM_KMID_AE4NA20_P2_H8,STRICT_NATIVE,1.0,2.0,8.0,HW,DIAGNOSTIC_ONLY_HW_HYDRAULIC_TRANSFER,False,True,False,7.876295102238196e-11,2.7755575615628914e-16,7.876295102238196e-15,9.693522803355793e-27,6.505213034913027e-17,True,True,1.554323076496944e-10,11,0,6.039613253960852e-14,True,"{""cl_i_mM"":24.230643804556514,""cl_l_mM"":142.3879709807888,""k_i_mM"":90.17222206987057,""k_l_mM"":10.946087914831978,""na_i_mM"":10.466214007704124,""na_l_mM"":139.26264167191604,""ph_i"":6.939194982867723,""ph_l"":7.107696571027535,""tic_i_mM"":6.44015808533727,""tic_l_mM"":8.583039606734534,""v_apical_mV"":-51.88562336746553,""v_basolateral_mV"":-72.33766698266143,""volume_i_pL"":1.3,""volume_l_pL"":0.10308190858657794}","[""cl_i_mM:outside_[47.1,53.1]"",""k_i_mM:outside_[100,160]""]",False,0.0,[],True,True
STRICT_NATIVE_S1_PNOM_KMID_AE4NA20_P2_HWQ_H2.5:B00,STRICT_NATIVE_S1_PNOM_KMID_AE4NA20_P2_HWQ_H2.5,STRICT_NATIVE,1.0,2.0,2.5,HWQ,DIAGNOSTIC_ONLY_HWQ_HYDRAULIC_TRANSFER,False,True,False,3.3111534347707305e-11,4.501607420159814e-16,3.3111534347707305e-15,2.7464981276174747e-26,3.5041414214731503e-16,True,True,3.3111534347707305e-11,11,0,1.7763568394002505e-14,True,"{""cl_i_mM"":24.232893169740457,""cl_l_mM"":142.4073443176087,""k_i_mM"":90.17470138224958,""k_l_mM"":10.94610730157091,""na_i_mM"":10.466339372145347,""na_l_mM"":139.28256725196874,""ph_i"":6.93920678287559,""ph_l"":7.107717705642309,""tic_i_mM"":6.44036394375649,""tic_l_mM"":8.583629309829233,""v_apical_mV"":-51.886680025658244,""v_basolateral_mV"":-72.33868859403597,""volume_i_pL"":1.3,""volume_l_pL"":0.10123241935215728}","[""cl_i_mM:outside_[47.1,53.1]"",""k_i_mM:outside_[100,160]""]",False,1.4210854715202004e-14,[],True,True
STRICT_NATIVE_S1_PNOM_KMID_AE4NA20_P2_HWQ_H3.5:B00,STRICT_NATIVE_S1_PNOM_KMID_AE4NA20_P2_HWQ_H3.5,STRICT_NATIVE,1.0,2.0,3.5,HWQ,DIAGNOSTIC_ONLY_HWQ_HYDRAULIC_TRANSFER,False,True,False,1.4240887115379852e-10,1.0408340855860843e-15,1.4240887115379852e-14,4.8467614016778965e-26,7.580741590018647e-16,True,True,3.135512682828079e-11,11,0,1.0658141036401503e-14,True,"{""cl_i_mM"":24.231958551368088,""cl_l_mM"":142.39929436755747,""k_i_mM"":90.1736712212276,""k_l_mM"":10.946099257350513,""na_i_mM"":10.466287284799096,""na_l_mM"":139.27428783051548,""ph_i"":6.939201880050697,""ph_l"":7.107708924081047,""tic_i_mM"":6.440278410685443,""tic_l_mM"":8.583384285107133,""v_apical_mV"":-51.8862409641358,""v_basolateral_mV"":-72.3382641088558,""volume_i_pL"":1.3,""volume_l_pL"":0.10088040165013924}","[""cl_i_mM:outside_[47.1,53.1]"",""k_i_mM:outside_[100,160]""]",False,1.4210854715202004e-14,[],True,True
STRICT_NATIVE_S1_PNOM_KMID_AE4NA20_P2_HWQ_H5:B00,STRICT_NATIVE_S1_PNOM_KMID_AE4NA20_P2_HWQ_H5,STRICT_NATIVE,1.0,2.0,5.0,HWQ,DIAGNOSTIC_ONLY_HWQ_HYDRAULIC_TRANSFER,False,True,False,6.57677037829707e-11,1.8839096949108125e-14,6.57677037829707e-15,4.2005265481208437e-26,4.458239333260394e-16,True,True,4.121160877834651e-11,11,0,1.0441425501994672e-11,True,"{""cl_i_mM"":24.231257417054024,""cl_l_mM"":142.39325568546397,""k_i_mM"":90.17289841142681,""k_l_mM"":10.946093212424305,""na_i_mM"":10.466248207940428,""na_l_mM"":139.26807701478518,""ph_i"":6.939198201929098,""ph_l"":7.107702336362533,""tic_i_mM"":6.440214243638104,""tic_l_mM"":8.583200472978447,""v_apical_mV"":-51.88591160345022,""v_basolateral_mV"":-72.33794566976773,""volume_i_pL"":1.2999999999999974,""volume_l_pL"":0.10061633478175452}","[""cl_i_mM:outside_[47.1,53.1]"",""k_i_mM:outside_[100,160]""]",False,1.4210854715202004e-14,[],True,True
STRICT_NATIVE_S1_PNOM_KMID_AE4NA20_P2_HWQ_H6.75:B00,STRICT_NATIVE_S1_PNOM_KMID_AE4NA20_P2_HWQ_H6.75,STRICT_NATIVE,1.0,2.0,6.75,HWQ,DIAGNOSTIC_ONLY_HWQ_HYDRAULIC_TRANSFER,False,True,False,1.0067901373700394e-10,1.0715820591977732e-13,1.0067901373700394e-14,2.4233807008389483e-26,2.489328188026718e-16,True,True,6.752844811108716e-11,11,0,6.043521239007532e-11,True,"{""cl_i_mM"":24.23083320307925,""cl_l_mM"":142.3896021478965,""k_i_mM"":90.1724308305358,""k_l_mM"":10.946089550721021,""na_i_mM"":10.466224564129776,""na_l_mM"":139.26431933447333,""ph_i"":6.939195976477324,""ph_l"":7.107698350558355,""tic_i_mM"":6.440175419353826,""tic_l_mM"":8.583089259841374,""v_apical_mV"":-51.88571233370548,""v_basolateral_mV"":-72.33775300247832,""volume_i_pL"":1.2999999999999914,""volume_l_pL"":0.10045656831837965}","[""cl_i_mM:outside_[47.1,53.1]"",""k_i_mM:outside_[100,160]""]",False,1.4210854715202004e-14,[],True,True
STRICT_NATIVE_S1_PNOM_KMID_AE4NA20_P2_HWQ_H8:B00,STRICT_NATIVE_S1_PNOM_KMID_AE4NA20_P2_HWQ_H8,STRICT_NATIVE,1.0,2.0,8.0,HWQ,DIAGNOSTIC_ONLY_HWQ_HYDRAULIC_TRANSFER,False,True,False,1.3578764848642955e-10,3.8490131221147195e-12,1.3578764848642955e-14,1.9387045606711586e-26,2.2724877535296173e-16,True,True,1.161419051209922e-10,11,0,5.32178745515921e-10,True,"{""cl_i_mM"":24.23064380430646,""cl_l_mM"":142.38797098071586,""k_i_mM"":90.17222207122418,""k_l_mM"":10.946087914879241,""na_i_mM"":10.466214007769347,""na_l_mM"":139.2626416720711,""ph_i"":6.939194982987447,""ph_l"":7.1076965711795435,""tic_i_mM"":6.440158085176823,""tic_l_mM"":8.583039606605249,""v_apical_mV"":-51.885623367751826,""v_basolateral_mV"":-72.3376669830522,""volume_i_pL"":1.2999999999994591,""volume_l_pL"":0.10038523857332425}","[""cl_i_mM:outside_[47.1,53.1]"",""k_i_mM:outside_[100,160]""]",False,1.4210854715202004e-14,[],True,True
