time_s,q_out_pL_s,na_i_mM,k_i_mM,cl_i_mM,tic_i_mM,hco3_i_mM,ph_i,volume_i_pL,osm_lumen_mOsm,v_apical_V,v_basolateral_V,v_transepithelial_V,nbc_activation,nbc_cycle_inward_fmol_s,nbc_current_A,nhe1_multiplier,nhe1_inward_fmol_s,nkcc1_cl_inward_fmol_s,ae4_cl_inward_fmol_s,ae2_cl_inward_signed_fmol_s,cacc_cl_export_fmol_s,paracellular_cl_return_fmol_s,nkcc1_cycle_inward_fmol_s,nkcc1_activity_multiplier,nkcc1_x_i_mM4,nbc_hco3_inward_fmol_s,pump_total_cycles_fmol_s,ae4_na_cell_source_fmol_s,ae4_k_cell_source_fmol_s,ae4_na_branch_export_fmol_s,ae4_k_branch_export_fmol_s,ae4_tic_cell_source_fmol_s,ae4_ta_cell_source_fmol_s,ae2_positive_cl_loading_fmol_s,cacc_recruitment_factor,effective_cacc_conductance_S,cumulative_outflow_0_t_pL
0.0,0.0010776814707374822,11.504825605191392,116.97377381898451,60.57229665283094,5.685898476324307,4.92311254096896,6.9109830678074875,1.4533343925874602,301.41542362959416,-0.03142872407710091,-0.06705742727215,-0.03562870319504909,0.0,0.0,0.0,1.0,0.007880875986972877,0.256706376109366,0.00024669650831040323,-0.0019869843454434683,0.2596533219301311,0.10239383427632785,0.128353188054683,1.0,4937608.164510875,0.0,0.04458903298618399,-0.00012334825415520162,-0.00012334825415520162,0.00012334825415520162,0.00012334825415520162,-0.0004933930166208065,-0.0004933930166208065,0.0,1.0,3.14e-08,0.0
1e-06,0.0010776814707374822,11.504825605191392,116.97377381898451,60.57229665283094,5.685898476324307,4.92311254096896,6.9109830678074875,1.4533343925874602,301.41542362959416,-0.037635914994497026,-0.08158697303419249,-0.04395105803969546,1.0,0.10016468079952652,9.664422493636104e-12,2.3,0.018126014770037616,0.4492361581913904,0.00024669650831040323,-0.0019869843454434683,0.3348603208358729,0.12395761672332135,0.2246180790956952,1.75,4937608.164510875,0.20032936159905304,0.04458903298618399,-0.00012334825415520162,-0.00012334825415520162,0.00012334825415520162,0.00012334825415520162,-0.0004933930166208065,-0.0004933930166208065,0.0,0.14986279201124025,4.705691669152945e-09,1.0776814707374823e-09
1.0,0.0011290697845494247,11.63023082657634,116.90412618856385,60.56679722304945,5.821669234499097,5.043716855209487,6.912954100950334,1.4552434027933923,301.5280812941238,-0.037574962462769916,-0.08156188407855373,-0.04398692161578382,1.0,0.09929757028235853,9.580759047402405e-12,2.3,0.01785620824456766,0.43765177348781514,0.0003822645090956138,-0.0019355972181653858,0.33288827393682224,0.12410203480984625,0.21882588674390757,1.75,4987551.485653802,0.19859514056471705,0.045162026415233585,-0.0001911322545478069,-0.0001911322545478069,0.0001911322545478069,0.0001911322545478069,-0.0007645290181912276,-0.0007645290181912276,0.0,0.14986279201124025,4.705691669152945e-09,0.0011033756019492966
2.0,0.0011759915951943757,11.74846924193754,116.82004786168137,60.54884087323849,5.954724482895588,5.162069244616571,6.914906337619539,1.4573108305094287,301.52440747078754,-0.037522114221770896,-0.08153403049519228,-0.04401191627342139,1.0,0.09843152312945447,9.497198200222876e-12,2.3,0.017595528285800525,0.42758988700823086,0.0005155970689992469,-0.0018854455123981304,0.33123724101647345,0.1241899290946683,0.21379494350411543,1.75,5031648.923615109,0.19686304625890894,0.04569290284595548,-0.00025779853449962344,-0.00025779853449962344,0.00025779853449962344,0.00025779853449962344,-0.0010311941379984937,-0.0010311941379984937,0.0,0.14986279201124025,4.705691669152945e-09,0.0022559062918211968
3.0,0.001212675157339574,11.861734398569414,116.73990252935795,60.52835205285183,6.085991862085585,5.278967263466768,6.916839461961127,1.4593091572378427,301.5210578562428,-0.03747688373922877,-0.08150718510696042,-0.04403030136773165,1.0,0.09755855085941072,9.412969180816154e-12,2.3,0.01734250605232628,0.4182401613761637,0.0006474241206128787,-0.001836490075052619,0.3297532873259795,0.1242592562407991,0.20912008068808186,1.75,5073237.822643077,0.19511710171882143,0.04619294149448677,-0.00032371206030643935,-0.00032371206030643935,0.00032371206030643935,0.00032371206030643935,-0.0012948482412257574,-0.0012948482412257574,0.0,0.14986279201124025,4.705691669152945e-09,0.0034502396680881715
4.0,0.0012411727718927984,11.970328921110674,116.66344371166252,60.50554988915808,6.215491836089713,5.394423206009705,6.918753228001795,1.4612418954166189,301.51800953658886,-0.03743830828936411,-0.08148124299957536,-0.04404293471021125,1.0,0.09667970922510394,9.32817385384918e-12,2.3,0.017096788289654198,0.40954060576751533,0.0007776529090371729,-0.0017886927948888975,0.32841491940281203,0.12431234332847833,0.20477030288375767,1.75,5112476.215800703,0.19335941845020788,0.04666456420902658,-0.00038882645451858644,-0.00038882645451858644,0.00038882645451858644,0.00038882645451858644,-0.0015553058180743458,-0.0015553058180743458,0.0,0.14986279201124025,4.705691669152945e-09,0.0046771636327043575
5.0,0.0012631398001053092,12.074529163623348,116.59044480460553,60.480634726645874,6.343244224180512,5.508449037370327,6.920647463571039,1.4631123343294357,301.5152272262335,-0.03740556719971971,-0.0814561151759894,-0.04405054797626969,1.0,0.09579601237691657,9.242910069958425e-12,2.3,0.016858046719848127,0.4014362539800697,0.0009062034507926746,-0.0017420174059768476,0.3272039518198932,0.1243511753740681,0.20071812699003486,1.75,5149509.27372177,0.19159202475383313,0.04710995363254324,-0.0004531017253963373,-0.0004531017253963373,0.0004531017253963373,0.0004531017253963373,-0.0018124069015853493,-0.0018124069015853493,0.0,0.14986279201124025,4.705691669152945e-09,0.005929319918703411
6.0,0.0012799095066960754,12.174588384446562,116.52069890883767,60.453791020160175,6.469268447144528,5.621056598672461,6.922522060688774,1.4649235336142565,301.5126806358429,-0.03737795598714988,-0.08143172603310732,-0.04405377004595744,1.0,0.09490843119243626,9.157271504590381e-12,2.3,0.016625975265090034,0.3938781104940534,0.001033007541073628,-0.001696429325332513,0.32610486906306374,0.12437746195068577,0.1969390552470267,1.75,5184470.988896393,0.18981686238487253,0.04753108177727417,-0.000516503770536814,-0.000516503770536814,0.000516503770536814,0.000516503770536814,-0.002066015082147256,-0.002066015082147256,0.0,0.14986279201124025,4.705691669152945e-09,0.007200844572104103
7.0,0.0012925547630509627,12.2707392828139,116.45401659130505,60.425188808969786,6.593583624859551,5.7322576836894585,6.924376967259906,1.4666783447303346,301.51034358982406,-0.03735486618220142,-0.08140801099593208,-0.044053144813730655,1.0,0.0940178930584053,9.071347636962877e-12,2.3,0.016400287780714652,0.38682234724049547,0.0011580077184004036,-0.0016518955146362566,0.32510434981483205,0.12439268481693211,0.19341117362024773,1.75,5217485.289150142,0.1880357861168106,0.04792973399735625,-0.0005790038592002018,-0.0005790038592002018,0.0005790038592002018,0.0005790038592002018,-0.002316015436800807,-0.002316015436800807,0.0,0.14986279201124025,4.705691669152945e-09,0.008487076706977622
8.0,0.0013019379974396979,12.363196194749223,116.3902239609954,60.39498503783393,6.7162086534385015,5.842064098079434,6.926212179867338,1.4683794301007247,301.50819334944697,-0.037335769449757916,-0.08138491465148254,-0.04404914520172462,1.0,0.0931252818540534,8.985223748456951e-12,2.3,0.01618071610094614,0.38022962776341923,0.0012811562994839377,-0.0016083843606754314,0.3241908941093786,0.12439813540312077,0.19011481388170962,1.75,5248667.013963176,0.1862505637081068,0.048307529899276225,-0.0006405781497419689,-0.0006405781497419689,0.0006405781497419689,0.0006405781497419689,-0.0025623125989678755,-0.0025623125989678755,0.0,0.14986279201124025,4.705691669152945e-09,0.009784323087222952
9.0,0.0013087513279344378,12.452156982764127,116.3291610214863,60.3633247246082,6.837162267136471,5.950487705794501,6.928027737562817,1.470029279952911,301.50621007597476,-0.03732020501856724,-0.08136238927105649,-0.04404218425248925,1.0,0.09223143813867983,8.898980940715758e-12,2.3,0.015967008348943386,0.37406453782934207,0.0014024144832192839,-0.0015658655701261542,0.32335452941738396,0.12439494448657225,0.18703226891467103,1.75,5278122.763342445,0.18446287627735966,0.04866594153459194,-0.0007012072416096419,-0.0007012072416096419,0.0007012072416096419,0.0007012072416096419,-0.0028048289664385677,-0.0028048289664385677,0.0,0.14986279201124025,4.705691669152945e-09,0.01108966774991002
10.0,0.001313549316305246,12.537804699150698,116.27068022632646,60.33034201440401,6.956463085960915,6.0575404631751155,6.929823716359281,1.4716302274962072,301.50437639293784,-0.037307769480669106,-0.0813403936059608,-0.0440326241252917,1.0,0.09133715950671085,8.812696169902413e-12,2.3,0.015758927465129698,0.36829510019208656,0.001521751519764334,-0.0015243100778155158,0.32258657328679213,0.12438410625310638,0.18414755009604328,1.75,5305951.654047951,0.1826743190134217,0.04900630938537092,-0.000760875759882167,-0.000760875759882167,0.000760875759882167,0.000760875759882167,-0.003043503039528668,-0.003043503039528668,0.0,0.14986279201124025,4.705691669152945e-09,0.012400818072029862
11.0,0.0013167756700674382,12.62030906818759,116.21464519699674,60.29616114432366,7.074129649654475,6.16323444121682,6.931600224285288,1.4731844627788675,301.5026770245461,-0.03729810838105031,-0.08131889188904881,-0.0440207835079985,1.0,0.09044320109075049,8.726442295237008e-12,2.3,0.015556249917654575,0.36289235776428347,0.0016391439406324316,-0.0014836899673537443,0.32187943865718566,0.12436649811680292,0.18144617888214173,1.75,5332246.0024922695,0.18088640218150098,0.04932985648073422,-0.0008195719703162158,-0.0008195719703162158,0.0008195719703162158,0.0008195719703162158,-0.003278287881264863,-0.003278287881264863,0.0,0.14986279201124025,4.705691669152945e-09,0.013715980565216205
12.0,0.0013187839483062543,12.699827672439914,116.16092969719662,60.26089720915187,7.190180454999389,6.267581851708648,6.933357397437063,1.474694043557329,301.50109851453317,-0.03729090970232187,-0.08129785307520493,-0.04400694337288306,1.0,0.08955027628392724,8.64028814869248e-12,2.3,0.015358764589762118,0.3578300290847553,0.0017545748562334173,-0.0014439783926510966,0.3212264832000088,0.12434289611107986,0.17891501454237765,1.75,5357091.868853069,0.17910055256785448,0.04963770034281588,-0.0008772874281167087,-0.0008772874281167087,0.0008772874281167087,0.0008772874281167087,-0.0035091497124668347,-0.0035091497124668347,0.0,0.14986279201124025,4.705691669152945e-09,0.01503376037440305
13.0,0.0013198560258149584,12.776507209257135,116.10941655494186,60.22465702578183,7.304633963378565,6.370595046183309,6.935095395708107,1.4761609076918005,301.49962896489154,-0.037285897696489864,-0.0812772500919013,-0.04399135239541144,1.0,0.08865905745955888,8.554298604431703e-12,2.3,0.015166271765231281,0.3530841890715079,0.0018680332947345218,-0.0014051495218312471,0.3206218682473248,0.12431398936768494,0.17654209453575395,1.75,5380569.654051265,0.17731811491911775,0.049930864328570655,-0.0009340166473672609,-0.0009340166473672609,0.0009340166473672609,0.0009340166473672609,-0.0037360665894690436,-0.0037360665894690436,0.0,0.14986279201124025,4.705691669152945e-09,0.016353080361463657
14.0,0.0013202160502324895,12.850484520896496,116.0599967786657,60.187539844646544,7.417508609967424,6.47228651706441,6.9368143993111975,1.477586883279292,301.4982578218207,-0.03728282802302633,-0.08125705925827631,-0.04397423123524998,1.0,0.0877701768643205,8.468534664985104e-12,2.3,0.014978582243550132,0.3486330021040304,0.0019795136002092534,-0.0013671784819255098,0.3200604478031436,0.1242803915642686,0.1743165010520152,1.75,5402754.589701415,0.175540353728641,0.050210287293793135,-0.0009897568001046267,-0.0009897568001046267,0.0009897568001046267,0.0009897568001046267,-0.003959027200418507,-0.003959027200418507,0.0,0.14986279201124025,4.705691669152945e-09,0.01767311639948738
15.0,0.0013200406795398885,12.921887270988858,116.01256897374695,60.14963777918373,7.528822837472011,6.572668922003187,6.9385146065135075,1.478973694512463,301.4969757278474,-0.03728148440400711,-0.08123725991457521,-0.043955775510568104,1.0,0.08688422775238919,8.383053570678993e-12,2.3,0.01479551659154782,0.34445651617315,0.0020890148963071094,-0.0013300412911303552,0.31953769164879176,0.12424264886179538,0.172228258086575,1.75,5423717.048346853,0.17376845550477837,0.050476831242219966,-0.0010445074481535547,-0.0010445074481535547,0.0010445074481535547,0.0010445074481535547,-0.004178029792614219,-0.004178029792614219,0.0,0.14986279201124025,4.705691669152945e-09,0.018993244764373567
16.0,0.0013194687174395926,12.99083476821348,115.9670386399324,60.11103638770251,7.638595097927339,6.6717550789808,6.9401962308304395,1.4803229698631217,301.4957743791364,-0.03728167504306759,-0.08121783399220653,-0.04393615894913894,1.0,0.08600176546660267,8.297908903951506e-12,2.3,0.014616904437483036,0.34053645984514014,0.002196540577185676,-0.001293714813483873,0.31904960429073387,0.12420124831670654,0.17026822992257007,1.75,5443522.942232485,0.17200353093320533,0.05073128896119476,-0.001098270288592838,-0.001098270288592838,0.001098270288592838,0.001098270288592838,-0.004393081154371352,-0.004393081154371352,0.0,0.14986279201124025,4.705691669152945e-09,0.02031299946286331
17.0,0.001318610466372,13.05743913058038,115.92331718826259,60.07181558525849,7.746843798366529,6.769557909720084,6.941859497081609,1.481636255366906,301.494646330194,-0.03728322821962006,-0.081198765434332,-0.04391553721471193,1.0,0.08512330831107044,8.21315067354679e-12,2.3,0.014442583768657678,0.33685601941692106,0.002302097818697076,-0.001258176749539768,0.3185926269838271,0.12415662813705128,0.16842800970846053,1.75,5462234.315221977,0.17024661662214088,0.050974392348906473,-0.001151048909348538,-0.001151048909348538,0.001151048909348538,0.001151048909348538,-0.004604195637394152,-0.004604195637394152,0.0,0.14986279201124025,4.705691669152945e-09,0.021632039054769105
18.0,0.0013175504678880736,13.121805121053177,115.88132206294884,60.032049384344134,7.853587397417236,6.866090523275467,6.943504641951185,1.4829150101213497,301.4935849834584,-0.03728599223244687,-0.08118004028866278,-0.04389404805621591,1.0,0.08424933926702188,8.128825480069165e-12,2.3,0.014272400498472901,0.3333997720453321,0.002405697203697816,-0.0012234055372268454,0.3181636340474037,0.12410917801662243,0.16669988602266606,1.75,5479909.220939463,0.16849867853404377,0.05120681538148047,-0.001202848601848908,-0.001202848601848908,0.001202848601848908,0.001202848601848908,-0.004811394407395632,-0.004811394407395632,0.0,0.14986279201124025,4.705691669152945e-09,0.02295011952189914
19.0,0.0013163549340507925,13.184031373297048,115.84097571789749,59.9918069058999,7.958844318988393,6.961366130680867,6.9451319099074755,1.484160621043065,301.4925844237182,-0.03728983117425968,-0.08116164612791149,-0.04387181495365181,1.0,0.08338030684843001,8.04497659853828e-12,2.3,0.014106207842421213,0.33015348102301023,0.0025073522950085185,-0.0011893803653743509,0.3177598401546097,0.12405924892822877,0.16507674051150512,1.75,5496602.362564535,0.16676061369686002,0.051429181800140146,-0.0012536761475042593,-0.0012536761475042593,0.0012536761475042593,0.0012536761475042593,-0.005014704590017037,-0.005014704590017037,0.0,0.14986279201124025,4.705691669152945e-09,0.02426707222286857
20.0,0.0013150747846937816,13.244210669284858,115.80220537282898,59.9511525420092,8.06263297778097,7.05539806311725,6.9467415522860305,1.4853744049291238,301.49163935090564,-0.0372946237054483,-0.08114357193515885,-0.04384894822971055,1.0,0.08251662652743096,7.961644115921178e-12,2.3,0.013943865894246262,0.3271040030976421,0.002607079300596002,-0.0011560811218183427,0.3173787722451694,0.12400715607565717,0.16355200154882105,1.75,5512365.220510485,0.1650332530548619,0.051642068939828575,-0.001303539650298001,-0.001303539650298001,0.001303539650298001,0.001303539650298001,-0.005214158601192004,-0.005214158601192004,0.0,0.14986279201124025,4.705691669152945e-09,0.02558278708224086
21.0,0.00131374825156739,13.302430153788926,115.76494282949223,59.91014607651213,8.164971801975959,7.148199787935579,6.948333826543165,1.4865576096775845,301.49074504617676,-0.03730026207195069,-0.08112580802051785,-0.043825545948567156,1.0,0.08165868224143039,7.878865076545956e-12,2.3,0.013785241245519192,0.32423920981512944,0.0027048967584719524,-0.0011234883444004877,0.3170182471076961,0.12395318125713874,0.16211960490756472,1.75,5527246.151102073,0.16331736448286077,0.05184601106670238,-0.0013524483792359762,-0.0013524483792359762,0.0013524483792359762,0.0013524483792359762,-0.005409793516943905,-0.005409793516943905,0.0,0.14986279201124025,4.705691669152945e-09,0.026897198600371444
22.0,0.0013124049919628344,13.358772509099683,115.72912349874875,59.86884370782198,8.265879128811402,7.239784807558358,6.949908992694626,1.4877114295475296,301.4898972225658,-0.03730664859957955,-0.08110834552272916,-0.04380169692314961,1.0,0.08080682715127928,7.796673555254615e-12,2.3,0.013630206456205527,0.3215478148870752,0.0028008252196226966,-0.0010915832498288446,0.31667629574529665,0.12389758101728952,0.1607739074435376,1.75,5541291.014710514,0.16161365430255856,0.05204150580010329,-0.0014004126098113483,-0.0014004126098113483,0.0014004126098113483,0.0014004126098113483,-0.005601650439245393,-0.005601650439245393,0.0,0.14986279201124025,4.705691669152945e-09,0.028210275222136556
23.0,0.0013110657781970126,13.413315023083793,115.69468715125643,59.82729710697922,8.365373364240613,7.330166801888162,6.951467315883162,1.4888369901508738,301.4890921052463,-0.03731369779860507,-0.08109117681329929,-0.04377747901469422,1.0,0.07996138596827958,7.715100881924964e-12,2.3,0.013478639950000836,0.3190194302816133,0.0028948870222416916,-0.0010603476065684,0.31635120632358127,0.1238405818959833,0.15950971514080664,1.75,5554542.649499074,0.15992277193655915,0.05222901291309618,-0.0014474435111208458,-0.0014474435111208458,0.0014474435111208458,0.0014474435111208458,-0.005789774044483383,-0.005789774044483383,0.0,0.14986279201124025,4.705691669152945e-09,0.02952201060721648
24.0,0.0013097467649660329,13.46613157317613,115.66157629523698,59.785555236403205,8.46347276245838,7.419359421075686,6.95300906076894,1.4899353760586413,301.48832622086184,-0.03732133108212273,-0.08107429469216329,-0.04375296361004056,1.0,0.07912265498671543,7.634175644609413e-12,2.3,0.01333042536417485,0.3166443196596422,0.002987106008022325,-0.0010297638355837057,0.3160414122897323,0.12378239267427221,0.1583221598298211,1.75,5567041.953679916,0.15824530997343086,0.05240896306294016,-0.0014935530040111626,-0.0014935530040111626,0.0014935530040111626,0.0014935530040111626,-0.00597421201604465,-0.00597421201604465,0.0,0.14986279201124025,4.705691669152945e-09,0.030832416878798
25.0,0.0013084584244233673,13.517291238493405,115.62973729447332,59.743662980379725,8.560195632888455,7.507376471674658,6.954534495187143,1.491007609139032,301.48759651684156,-0.0373294799263041,-0.08105769295891824,-0.043728213032614136,1.0,0.07829090479145775,7.553923950779102e-12,2.3,0.01318545158852814,0.31441351182741284,0.003077507336059888,-0.0009998148573115303,0.31574555730609555,0.12372319715600616,0.15720675591370642,1.75,5578827.111045898,0.1565818095829155,0.05258175466508046,-0.001538753668029944,-0.001538753668029944,0.001538753668029944,0.001538753668029944,-0.006155014672119776,-0.006155014672119776,0.0,0.14986279201124025,4.705691669152945e-09,0.032141519473492704
26.0,0.0013072084812515345,13.566860181864637,115.59911883885512,59.70166289711869,8.655560128885666,7.594231718442374,6.9560438852154185,1.492054675389949,301.4869001768463,-0.03733808121050882,-0.08104136569249346,-0.043703284481984635,1.0,0.07746638016814106,7.474369418657272e-12,2.3,0.013043612153859628,0.31231857422730763,0.0031661172672281623,-0.0009704841906910675,0.31546239752377736,0.12366316500905715,0.15615928711365382,1.75,5589934.623892106,0.15493276033628212,0.05274776181304244,-0.0015830586336140812,-0.0015830586336140812,0.0015830586336140812,0.0015830586336140812,-0.006332234534456325,-0.006332234534456325,0.0,0.14986279201124025,4.705691669152945e-09,0.03344935292633015
27.0,0.001306001287101255,13.614900411808089,115.56967293612345,59.65959399103954,8.749584423000202,7.679939041482242,6.957537498143976,1.493077505306596,301.4862347191949,-0.03734707982425306,-0.08102530773155245,-0.04367822790729939,1.0,0.07664930274689509,7.395533432300602e-12,2.3,0.012904805292027246,0.3103517171287484,0.0032529629873286475,-0.0009417558201256944,0.3151908545400139,0.12360244578433474,0.1551758585643742,1.75,5600398.622992437,0.15329860549379018,0.05290733143209098,-0.0016264814936643238,-0.0016264814936643238,0.0016264814936643238,0.0016264814936643238,-0.006505925974657295,-0.006505925974657295,0.0,0.14986279201124025,4.705691669152945e-09,0.03475595781050655
28.0,0.0013048395892127224,13.661471408337976,115.54135359876982,59.617493243483636,8.84228652900933,7.764512269195574,6.959015598614049,1.4940769975672719,301.48559785007336,-0.03735642495102682,-0.08100951409363481,-0.043653089142607994,1.0,0.0758398708960706,7.317435131345293e-12,2.3,0.012768933387159431,0.30850560118744497,0.0033380724565424086,-0.0009136142788716139,0.3149299383365567,0.12354117760483016,0.15425280059372248,1.75,5610251.764011927,0.1516797417921412,0.05306078995185837,-0.0016690362282712043,-0.0016690362282712043,0.0016690362282712043,0.0016690362282712043,-0.006676144913084817,-0.006676144913084817,0.0,0.14986279201124025,4.705691669152945e-09,0.03606137824866354
29.0,0.00130372421593358,13.706629034260276,115.51411771118995,59.57539452954142,8.933684445638123,7.847965306637226,6.960478450954201,1.4950540014772038,301.4849875426206,-0.037366072168979185,-0.080993980372612,-0.04362790820363282,1.0,0.07503826228351562,7.240091658132675e-12,2.3,0.012635903047653918,0.3067734308247637,0.0034214742388616534,-0.0008860445351428443,0.31467878936199933,0.12347948232570062,0.15338671541238186,1.75,5619524.621698634,0.15007652456703124,0.05320844078052836,-0.0017107371194308267,-0.0017107371194308267,0.0017107371194308267,0.0017107371194308267,-0.006842948477723307,-0.006842948477723307,0.0,0.14986279201124025,4.705691669152945e-09,0.03736566015123669
30.0,0.0013026551063860055,13.750426948206888,115.48792389532856,59.533329959626215,9.023796009209663,7.930311996992519,6.961926316191588,1.4960093379861494,301.48440191993694,-0.037375980479818924,-0.08097870226816141,-0.043602721788342486,1.0,0.07424463372395657,7.163518142983702e-12,2.3,0.01250562461003644,0.30514878956757135,0.003503197406558765,-0.0008590320617127569,0.3144366176797731,0.12341747251973621,0.15257439478378568,1.75,5628246.471723886,0.14848926744791313,0.05335056996579532,-0.0017515987032793825,-0.0017515987032793825,0.0017515987032793825,0.0017515987032793825,-0.00700639481311753,-0.00700639481311753,0.0,0.14986279201124025,4.705691669152945e-09,0.03866884981239648
31.0,0.0013016311820602145,13.79291564262105,115.46273327277544,59.4913289220143,9.112639009200098,8.011566224300607,6.96335945386807,1.4969437839287243,301.48383931868005,-0.03738611400317972,-0.08096367591641802,-0.043577561913238305,1.0,0.07345912365769258,7.087727943356619e-12,2.3,0.012378012219389601,0.30362572381943653,0.0035832713745338265,-0.0008325627386561753,0.31420273638531,0.12335524755725111,0.15181286190971827,1.75,5636444.756705336,0.14691824731538516,0.05348744394429546,-0.0017916356872669133,-0.0017916356872669133,0.0017916356872669133,0.0017916356872669133,-0.007166542749067653,-0.007166542749067653,0.0,0.14986279201124025,4.705691669152945e-09,0.03997099295661959
32.0,0.0013006509146545192,13.834143678815819,115.43850847907942,59.449419261835736,9.200231068762827,8.091741800833613,6.964778119761591,1.4978580907619319,301.48329819559,-0.03739643959586164,-0.08094889750698138,-0.04355245791111974,1.0,0.07268185193259048,7.0127326228126574e-12,2.3,0.012252983378283771,0.30219860106292906,0.0036617258509585708,-0.0008066229108496486,0.31397651350467365,0.12329289923755901,0.15109930053146453,1.75,5644145.771212665,0.14536370386518097,0.05361931437574807,-0.0018308629254792854,-0.0018308629254792854,0.0018308629254792854,0.0018308629254792854,-0.0073234517019171415,-0.0073234517019171415,0.0,0.14986279201124025,4.705691669152945e-09,0.04127213400497696
33.0,0.0012997123047157556,13.874156833105507,115.41521433674261,59.407626433378645,9.286589735258266,8.17085254710244,6.9661825672759505,1.4987529703696492,301.4827771787093,-0.03740692822020841,-0.08093436355964914,-0.04352743533944073,1.0,0.07191292219950207,6.938542182138679e-12,2.3,0.012130459032811092,0.3008621850997099,0.003738590675631563,-0.0007811993051775165,0.31375739851888007,0.12323050861005988,0.15043109254985496,1.75,5651374.189409395,0.14382584439900414,0.05374641613018273,-0.0018692953378157814,-0.0018692953378157814,0.0018692953378157814,0.0018692953378157814,-0.007477181351263126,-0.007477181351263126,0.0,0.14986279201124025,4.705691669152945e-09,0.0425723156146621
34.0,0.0012988131661617166,13.912999181971182,115.39281699399555,59.36597453859763,9.371732385948684,8.248912202579401,6.967573045738803,1.4996291118374572,301.48227499251544,-0.03741755303240827,-0.08092007061103285,-0.043502517578624576,1.0,0.0711524216182149,6.865165030975733e-12,2.3,0.012010363160763635,0.299611513227846,0.003813895809075143,-0.0007562790774533315,0.313544884312822,0.12316815052586025,0.149805756613923,1.75,5658153.66768779,0.1423048432364298,0.05386897144142688,-0.0019069479045375716,-0.0019069479045375716,0.0019069479045375716,0.0019069479045375716,-0.007627791618150286,-0.007627791618150286,0.0,0.14986279201124025,4.705691669152945e-09,0.04387157835010083
35.0,0.001297951162734898,13.950712341045413,115.37128452179182,59.32448557558122,9.45567629640117,8.325934485662673,6.9689498014425775,1.5004871686268202,301.4817904992555,-0.037428290489298785,-0.08090601544766389,-0.043477724958365105,1.0,0.07040042316885416,6.792608210835436e-12,2.3,0.011892622861016925,0.29844196390673466,0.0038876711743332927,-0.0007318497422007836,0.31333852822305963,0.1231058910562966,0.14922098195336733,1.75,5664506.425448056,0.1408008463377083,0.05398718810090077,-0.0019438355871666463,-0.0019438355871666463,0.0019438355871666463,0.0019438355871666463,-0.007775342348666585,-0.007775342348666585,0.0,0.14986279201124025,4.705691669152945e-09,0.04516996051454914
36.0,0.0012971239232403122,13.98733642321281,115.35058615743131,59.283180355120955,9.53843856874365,8.401933025290374,6.970313076409595,1.501327773648984,301.481322638838,-0.037439118810224416,-0.08089219484807414,-0.043453076037849724,1.0,0.06965698527747574,6.720877358975198e-12,2.3,0.01177716797635829,0.29734914980680405,0.003959946677816894,-0.0007078992103630925,0.31313792192015705,0.12304379118074257,0.14867457490340202,1.75,5670453.777248222,0.13931397055495148,0.05410126304688118,-0.001979973338908447,-0.001979973338908447,0.001979973338908447,0.001979973338908447,-0.007919893355633789,-0.007919893355633789,0.0,0.14986279201124025,4.705691669152945e-09,0.04646749805753675
37.0,0.001296329105756447,14.022909357759303,115.33069283637407,59.2420778336754,9.620036180598614,8.476921403306624,6.971663109148116,1.5021515276448367,301.48087046226885,-0.03745001887386326,-0.08087860578049896,-0.0434285869066357,1.0,0.0689221540429701,6.649976923261771e-12,2.3,0.011663931184432704,0.2963289787434532,0.004030752054230354,-0.0006844157300137905,0.31294270810913255,0.12298190468703986,0.1481644893717266,1.75,5676015.759630743,0.1378443080859402,0.05421138073864126,-0.002015376027115177,-0.002015376027115177,0.002015376027115177,0.002015376027115177,-0.008061504108460708,-0.008061504108460708,0.0,0.14986279201124025,4.705691669152945e-09,0.04776422457203513
38.0,0.0012955644156363993,14.057467740092129,115.31157652472216,59.201195923673886,9.700485933421295,8.550913104650517,6.973000133794791,1.502959012775586,301.4804330832735,-0.0374609729781578,-0.08086524518923449,-0.04340427221107669,1.0,0.06819596278264896,6.579910118327045e-12,2.3,0.011552847651498593,0.29537756010026645,0.004100116913374174,-0.0006613879160748939,0.31275255668045615,0.1229202811664625,0.14768878005013322,1.75,5681211.602626441,0.13639192556529792,0.05431771627489472,-0.002050058456687087,-0.002050058456687087,0.002050058456687087,0.002050058456687087,-0.008200233826748348,-0.008200233826748348,0.0,0.14986279201124025,4.705691669152945e-09,0.04906017133273155
39.0,0.0012948276796540482,14.091046220462825,115.29321069483339,59.16055090091788,9.77980448438633,8.62392154434207,6.974324380638636,1.5037507820689795,301.48000970541864,-0.03747196556846634,-0.08085211016351718,-0.04338014459505084,1.0,0.06747843417457802,6.510679132271719e-12,2.3,0.011443855123535952,0.2944912597754834,0.0041680705880650275,-0.0006388047005234333,0.31256717796199046,0.1228589643032712,0.1472456298877417,1.75,5686059.396664803,0.13495686834915605,0.05442043392611879,-0.0020840352940325138,-0.0020840352940325138,0.0020840352940325138,0.0020840352940325138,-0.008336141176130055,-0.008336141176130055,0.0,0.14986279201124025,4.705691669152945e-09,0.05035536738037678
40.0,0.0012941168116202884,14.123678260700007,115.27556973354713,59.12015812195575,9.858008312482989,8.695960034082725,6.975636075567247,1.5045273717093073,301.4795995830736,-0.037482982235735735,-0.0808391977592905,-0.04335621552355476,1.0,0.06676957972682211,6.4422850754552514e-12,2.3,0.011336893607840329,0.2936666179489612,0.004234642201917562,-0.0006166553552037946,0.3123863038264631,0.12279799431258903,0.1468333089744806,1.75,5690576.511632727,0.13353915945364422,0.05451968985762459,-0.002117321100958781,-0.002117321100958781,0.002117321100958781,0.002117321100958781,-0.008469284403835124,-0.008469284403835124,0.0,0.14986279201124025,4.705691669152945e-09,0.051649839626013945
41.0,0.0012934298863556154,14.155395583615872,115.25862936909354,59.08003149720982,9.935113735550472,8.767041795865694,6.976935440402281,1.5052892914308191,301.47920204348117,-0.03749401030903521,-0.0808265051445324,-0.0433324948354972,1.0,0.06606940183559719,6.374728179077333e-12,2.3,0.011231905463208932,0.29290039869519857,0.004299860520245002,-0.0005949294502788431,0.31220969820952427,0.12273740654457618,0.14645019934759929,1.75,5694779.298823392,0.13213880367119438,0.0546156308012239,-0.002149930260122501,-0.002149930260122501,0.002149930260122501,0.002149930260122501,-0.008599721040490005,-0.008599721040490005,0.0,0.14986279201124025,4.705691669152945e-09,0.0529436129750019
42.0,0.0012927650802770337,14.186228849513716,115.24236614424535,59.040184126836515,10.011136891972786,8.837179942987564,6.978222692589179,1.5060370356612707,301.4788164551649,-0.03750503804443892,-0.0808140294493954,-0.04330899140495648,1.0,0.0653778931840741,6.3080077371712735e-12,2.3,0.01112883510675205,0.29218951743211063,0.004363754034560488,-0.0005736168710973754,0.3120371421376852,0.1226772334733171,0.14609475871605532,1.75,5698683.464429283,0.1307557863681482,0.054708396444267504,-0.002181877017280244,-0.002181877017280244,0.002181877017280244,0.002181877017280244,-0.008727508069120976,-0.008727508069120976,0.0,0.14986279201124025,4.705691669152945e-09,0.054236710458318224
43.0,0.0012921207398741308,14.216207158773466,115.22675780080972,59.000627832004334,10.086093744843062,8.906387482085945,6.979498045380106,1.506771074759994,301.47844224595633,-0.03751605510840228,-0.08080176789221044,-0.04328571278380816,1.0,0.06469503871720489,6.242122297145773e-12,2.3,0.011027629102331626,0.29153108577588605,0.004426350816524237,-0.0005527077837979232,0.3118684420801544,0.12261750355577287,0.14576554288794302,1.75,5702303.802238127,0.12939007743440978,0.05479811822455252,-0.0022131754082621185,-0.0022131754082621185,0.0022131754082621185,0.0022131754082621185,-0.008852701633048474,-0.008852701633048474,0.0,0.14986279201124025,4.705691669152945e-09,0.055529153368393806
44.0,0.0012914953134666757,14.245358658778649,115.21178280873228,58.96137371905938,10.160000077274514,8.974677306727932,6.9807617077178685,1.5074918651462048,301.4780788773468,-0.037527051919525795,-0.08078971765241307,-0.04326266573288727,1.0,0.06402081497737962,6.177069595685543e-12,2.3,0.010928235890325069,0.2909223473005881,0.00448767861553579,-0.0005321926470787989,0.3117034180783398,0.1225582428579712,0.14546117365029404,1.75,5705654.527366315,0.12804162995475923,0.054884921435521115,-0.002243839307767895,-0.002243839307767895,0.002243839307767895,0.002243839307767895,-0.00897535723107158,-0.00897535723107158,0.0,0.14986279201124025,4.705691669152945e-09,0.05682096139506421
45.0,0.001290887411765665,14.273710093312042,115.19742071347322,58.9224317623457,10.232871485471726,9.042062189489954,6.982013884295988,1.5081998412929678,301.47772585927436,-0.037538020043958314,-0.08077787598062157,-0.043239855936663255,1.0,0.063355191997209,6.112846741377077e-12,2.3,0.010830605873697939,0.2903607181411314,0.004547764715840172,-0.0005120621840014953,0.31154191038206236,0.12249947412064129,0.1451803590705657,1.75,5708749.036032952,0.126710383994418,0.054968924130572805,-0.002273882357920086,-0.002273882357920086,0.002273882357920086,0.002273882357920086,-0.009095529431680344,-0.009095529431680344,0.0,0.14986279201124025,4.705691669152945e-09,0.05811215275768038
46.0,0.0012902957399728993,14.301287348832602,115.1836517135788,58.88381130516307,10.304723385848186,9.108554786453295,6.983254775596453,1.5088954249526616,301.4773827292282,-0.037548951659892985,-0.08076624008991018,-0.043217288430017195,1.0,0.06269813258008182,6.049450145292987e-12,2.3,0.010734691168733544,0.28984372992479074,0.004606636044133686,-0.0004923073894081637,0.3113837700328457,0.12244121809173897,0.14492186496239537,1.75,5711600.204461583,0.12539626516016364,0.05505023898574485,-0.002303318022066843,-0.002303318022066843,0.002303318022066843,0.002303318022066843,-0.009213272088267372,-0.009213272088267372,0.0,0.14986279201124025,4.705691669152945e-09,0.05940274433354966
47.0,0.0012897191497150573,14.32811504524784,115.1704569754346,58.84552068834651,10.375570998594172,9.174167620766992,6.984484577851408,1.5095790178295942,301.4770490644342,-0.0375598398819638,-0.0807548072526961,-0.0431949673707323,1.0,0.06204959411255787,5.9868756958613435e-12,2.3,0.010640445688291414,0.2893690665683404,0.0046643190299640695,-0.00047291950709274196,0.3112288641419442,0.1223834927600781,0.1446845332841702,1.75,5714220.172580659,0.12409918822511574,0.055128972301484995,-0.0023321595149820348,-0.0023321595149820348,0.0023321595149820348,0.0023321595149820348,-0.009328638059928139,-0.009328638059928139,0.0,0.14986279201124025,4.705691669152945e-09,0.06069275177839364
48.0,0.0012891565762987306,14.35421702907547,115.1578182530286,58.80756769538061,10.445429364961326,9.238913096540173,6.985703483201793,1.510251009999499,301.47672446476446,-0.0375706783244167,-0.08074357470683245,-0.043172896382415754,1.0,0.061409527798144875,5.925118684936381e-12,2.3,0.010547824911734043,0.2889345134290787,0.004720839720751775,-0.00045389003351833023,0.3110770684147936,0.12232631444952749,0.14446725671453936,1.75,5716620.61229839,0.12281905559628975,0.05520522565703337,-0.0023604198603758876,-0.0023604198603758876,0.0023604198603758876,0.0023604198603758876,-0.00944167944150355,-0.00944167944150355,0.0,0.14986279201124025,4.705691669152945e-09,0.06198218964140053
49.0,0.0012886070822588525,14.379616000933556,115.14571817390751,58.769959221663704,10.514313322742774,9.302803475168734,6.986911679580786,1.5109117731932504,301.47640856283255,-0.03758146136809445,-0.08073253974150904,-0.04315107837341459,1.0,0.06077788039126782,5.864173975101112e-12,2.3,0.010456785965060523,0.2885379906896678,0.0047762236456245204,-0.00043521069963012743,0.3109282713542213,0.12226969718948827,0.1442689953448339,1.75,5718812.53240998,0.12155576078253565,0.05527909499929549,-0.0023881118228122602,-0.0023881118228122602,0.0023881118228122602,0.0023881118228122602,-0.009552447291249041,-0.009552447291249041,0.0,0.14986279201124025,4.705691669152945e-09,0.06327107147067933
50.0,0.0012880698019409498,14.404333961978761,115.13413989584188,58.732701670191396,10.58223753224829,9.365850897266254,6.988109350966464,1.5115616684943582,301.4761010099528,-0.03759218380306732,-0.08072169961536202,-0.0431295158122947,1.0,0.06015459339250594,5.8040359220194934e-12,2.3,0.010367287408442971,0.2881775079273318,0.004830495935671093,-0.0004168734714425684,0.31078236832030187,0.12221365361520423,0.1440887539636659,1.75,5720806.519851221,0.12030918678501187,0.0553506721174271,-0.0024152479678355467,-0.0024152479678355467,0.0024152479678355467,0.0024152479678355467,-0.009660991871342187,-0.009660991871342187,0.0,0.14986279201124025,4.705691669152945e-09,0.06455940991277923
51.0,0.001287543977393288,14.428391874099882,115.12306736726013,58.695800657042305,10.649216444952765,9.428067352889137,6.98929667720358,1.5122010401744406,301.4758014845526,-0.037602841049106155,-0.08071105163316998,-0.043108210584063826,1.0,0.05953960470635235,5.744698534385921e-12,2.3,0.010279289313032939,0.28785119443414636,0.004883681191344061,-0.0003988705358607177,0.31063926488327387,0.12215819444997268,0.14392559721707318,1.75,5722612.563455924,0.1190792094127047,0.05542004380978248,-0.0024418405956720306,-0.0024418405956720306,0.0024418405956720306,0.0024418405956720306,-0.009767362382688122,-0.009767362382688122,0.0,0.14986279201124025,4.705691669152945e-09,0.06584721680244635
52.0,0.0012870289108981776,14.451810065083517,115.1124850163338,58.65926136323214,10.715264336839526,9.48946471029071,6.990473834328337,1.5128302227418875,301.47550968058147,-0.0376134288624106,-0.08070059307375245,-0.04308716421134185,1.0,0.05893284780582956,5.686155393322878e-12,2.3,0.010192753064673238,0.2875572585262562,0.004935803606121398,-0.0003811942986335065,0.31049887209763455,0.12210332924732555,0.1437786292631281,1.75,5724240.271294322,0.11786569561165912,0.05548729320257134,-0.002467901803060699,-0.002467901803060699,0.002467901803060699,0.002467901803060699,-0.009871607212242796,-0.009871607212242796,0.0,0.14986279201124025,4.705691669152945e-09,0.06713450324659208
53.0,0.0012865239941445646,14.474607918035668,115.10237798870524,58.62308827248704,10.780395271327892,9.550054681046785,6.991640994342178,1.5134495352767352,301.47522531456315,-0.03762394351831547,-0.08069032125890412,-0.04306637774058865,1.0,0.05833425331644348,5.628399805209261e-12,2.3,0.010107641437259401,0.2872940151074624,0.004986886837596592,-0.00036383737363117905,0.31036110918255827,0.12204906596469943,0.1436470075537312,1.75,5725698.711230552,0.11666850663288696,0.055552498986988066,-0.002493443418798296,-0.002493443418798296,0.002493443418798296,0.002493443418798296,-0.009973773675193184,-0.009973773675193184,0.0,0.14986279201124025,4.705691669152945e-09,0.06842127969911345
54.0,0.0012860286684664075,14.496804239946817,115.09273186517719,58.58728548417479,10.844623138806014,9.609848854550531,6.992798325590822,1.5140592878945718,301.47494811597693,-0.037634381569824515,-0.08068023348931129,-0.043045851919486774,1.0,0.05774374815760847,5.571424718840492e-12,2.3,0.010023918411324181,0.28705984914140237,0.005036954133031312,-0.0003467925785957821,0.3102258997560668,0.12199541157631118,0.14352992457070118,1.75,5726996.607033316,0.11548749631521694,0.055615736602037155,-0.002518477066515656,-0.002518477066515656,0.002518477066515656,0.002518477066515656,-0.010073908266062625,-0.010073908266062625,0.0,0.14986279201124025,4.705691669152945e-09,0.06970755603041894
55.0,0.0012855424482763863,14.51841697731927,115.08353287916665,58.55185647989142,10.907961614816518,9.668858658920435,6.993945992501304,1.5146597765344447,301.4746778332089,-0.03764473999957255,-0.0806703271068963,-0.043025587107323744,1.0,0.05716125705533615,5.515222871380802e-12,2.3,0.009941549243904443,0.2868532407314577,0.005086028204232845,-0.0003300529273930261,0.31009317398365405,0.12194237172189386,0.14342662036572884,1.75,5728142.193943256,0.1143225141106723,0.05567707753491067,-0.0025430141021164226,-0.0025430141021164226,0.0025430141021164226,0.0025430141021164226,-0.01017205640846569,-0.01017205640846569,0.0,0.14986279201124025,4.705691669152945e-09,0.07099334158879034
56.0,0.0012850648883290768,14.539463552155619,115.07476765973378,58.516804401777655,10.970424204733105,9.727095400276054,6.9950841560008055,1.5152512888943692,301.4744142255232,-0.03765501602032048,-0.0806605994373434,-0.043005583417022916,1.0,0.056586701667314644,5.4597867039462115e-12,2.3,0.009860500300808905,0.2866727322623872,0.005134131353745124,-0.0003136116239336037,0.30996286557144065,0.12188995121354519,0.1433363661311936,1.75,5729143.395890345,0.11317340333462929,0.05573659038498912,-0.002567065676872562,-0.002567065676872562,0.002567065676872562,0.002567065676872562,-0.010268262707490247,-0.010268262707490247,0.0,0.14986279201124025,4.705691669152945e-09,0.07227864525709307
57.0,0.001284595602350719,14.55996060115203,115.06642343087321,58.482131844845426,11.032024198064448,9.784570220202367,6.99621297322614,1.515834099631052,301.47415706811904,-0.03766520720181827,-0.08065104784680831,-0.04298584064499004,1.0,0.05602000202696212,5.405108500934514e-12,2.3,0.00978073912299473,0.2865169512391277,0.005181285353591334,-0.0002974620569797145,0.30983491349431147,0.12183815374624941,0.14325847561956384,1.75,5730007.694502653,0.11204000405392424,0.05579434022135586,-0.002590642676795667,-0.002590642676795667,0.002590642676795667,0.002590642676795667,-0.010362570707182668,-0.010362570707182668,0.0,0.14986279201124025,4.705691669152945e-09,0.07356347550243297
58.0,0.001284134236459733,14.579924282592323,115.05848777707511,58.44784110447095,11.092774717350697,9.841294138958688,6.997332597970678,1.5164084758167802,301.47390614538745,-0.03767531130536979,-0.08064166968993271,-0.04296635838456292,1.0,0.055461075658363876,5.351180304629686e-12,2.3,0.009702234271430014,0.28638458067376366,0.005227511571076259,-0.0002815977925600983,0.3097092595889974,0.12178698231753697,0.14319229033688183,1.75,5730742.289466184,0.11092215131672775,0.05585038954243726,-0.0026137557855381295,-0.0026137557855381295,0.0026137557855381295,0.0026137557855381295,-0.010455023142152518,-0.010455023142152518,0.0,0.14986279201124025,4.705691669152945e-09,0.0748478404218382
59.0,0.0012836804838371658,14.599370036791898,115.05094882629423,58.41393399173728,11.152688669338978,9.897278010176592,6.998443180373814,1.5169746725142106,301.47366125524036,-0.037685326390140196,-0.0806324623617001,-0.042947135971559906,1.0,0.05490983895436994,5.297994048168098e-12,2.3,0.009624955390024127,0.2862743798991856,0.005272830851449074,-0.0002660125709655318,0.30958584994972077,0.12173643898901357,0.1431371899495928,1.75,5731353.979596018,0.10981967790873988,0.05590479768524827,-0.002636415425724537,-0.002636415425724537,0.002636415425724537,0.002636415425724537,-0.010545661702898147,-0.010545661702898147,0.0,0.14986279201124025,4.705691669152945e-09,0.07613174778198666
60.0,0.0012832340634001905,14.618312866924379,115.04379503561842,58.38041205344762,11.21177879728687,9.952532567256068,6.999544867386522,1.517532937798771,301.4734222034078,-0.03769525067545786,-0.08062342325004589,-0.042928172574588024,1.0,0.054366206286935996,5.245541469699452e-12,2.3,0.009548873062088016,0.28618515783527126,0.005317263642482202,-0.00025070029793602337,0.3094646329954564,0.12168652523410733,0.14309257891763563,1.75,5731849.308120061,0.10873241257387199,0.0559576216930306,-0.002658631821241101,-0.002658631821241101,0.002658631821241101,0.002658631821241101,-0.010634527284964404,-0.010634527284964404,0.0,0.14986279201124025,4.705691669152945e-09,0.07741520505560534
61.0,0.0012827947312502503,14.636767118677433,115.03701535952648,58.347276408066435,11.27005762966738,10.007068375887824,7.000637802446973,1.5180835086756381,301.47318880717194,-0.03770508263022847,-0.08061454978350077,-0.042909467153272304,1.0,0.05383009132196043,5.193814239249282e-12,2.3,0.009473958869893577,0.28611579197001913,0.0053608298810866005,-0.00023565504352680212,0.3093455606026153,0.12163724174183675,0.14305789598500956,1.75,5732234.4545965195,0.10766018264392085,0.05600891577143164,-0.0026804149405433002,-0.0026804149405433002,0.0026804149405433002,0.0026804149405433002,-0.010721659762173201,-0.010721659762173201,0.0,0.14986279201124025,4.705691669152945e-09,0.07869821945293057
62.0,0.0012823622637392674,14.654746737654609,115.03059905356024,58.31452794120702,11.327537535166817,10.06089588298279,7.00172212595712,1.5186266157069204,301.4729608905116,-0.03771482085788629,-0.08060583938768423,-0.04289101852979794,1.0,0.05330140612992249,5.142803872908576e-12,2.3,0.009400185261815821,0.2860652041875375,0.005403549115995711,-0.00022087103230721786,0.30922858654710456,0.12158858870506298,0.14303260209376875,1.75,5732515.366685673,0.10660281225984498,0.05605873207474989,-0.0027017745579978555,-0.0027017745579978555,0.0027017745579978555,0.0027017745579978555,-0.010807098231991422,-0.010807098231991422,0.0,0.14986279201124025,4.705691669152945e-09,0.07998079795042533
63.0,0.0012819364663232192,14.672265066441122,115.02453582928744,58.28216716002265,11.384230669491902,10.114025367532598,7.002797974949482,1.5191624792413265,301.47273828734563,-0.03772446417187177,-0.0805972895292646,-0.042872825357392834,1.0,0.05278006244014277,5.092501853851514e-12,2.3,0.00932752560861903,0.2860323780887566,0.005445440398343843,-0.0002063426438200206,0.30911366742896595,0.12154056565934564,0.1430161890443783,1.75,5732697.661838299,0.10556012488028554,0.05610712020477527,-0.0027227201991719217,-0.0027227201991719217,0.0027227201991719217,0.0027227201991719217,-0.010890880796687687,-0.010890880796687687,0.0,0.14986279201124025,4.705691669152945e-09,0.08126294731545657
64.0,0.0012815171602451022,14.68933508089737,115.0188156741437,58.250194366782594,11.44014903243988,10.166466991501354,7.003865483568668,1.5196913136811883,301.4725208373694,-0.03773401149913944,-0.08058889767576637,-0.04285488617662692,1.0,0.0522659707559852,5.04289954696544e-12,2.3,0.009255954080441128,0.28601633710497476,0.005486522401922246,-0.00019206440199750707,0.3090007614107341,0.12149317172181726,0.14300816855248738,1.75,5732786.746932945,0.1045319415119704,0.056154127924788265,-0.002743261200961123,-0.002743261200961123,0.002743261200961123,0.002743261200961123,-0.010973044803844492,-0.010973044803844492,0.0,0.14986279201124025,4.705691669152945e-09,0.08254467412874072
65.0,0.001281104189318863,14.705969203036336,115.01342899434984,58.21860952980086,11.495304413304613,10.218230749469702,7.004924782733404,1.520213323998288,301.47230838889317,-0.03774346194409052,-0.08058066133628547,-0.04283719939219495,1.0,0.0517590415511922,4.9939883142796606e-12,2.3,0.009185445699919716,0.2860161603122274,0.005526813317711075,-0.00017803097697292322,0.30888982897737266,0.121446405459281,0.1430080801561137,1.75,5732787.728781557,0.1035180831023844,0.05619980069724734,-0.0027634066588555373,-0.0027634066588555373,0.0027634066588555373,0.0027634066588555373,-0.01105362663542215,-0.01105362663542215,0.0,0.14986279201124025,4.705691669152945e-09,0.08382598480352271
66.0,0.001280697409552914,14.722179518247547,115.0083664493196,58.1874124374185,11.54970844947776,10.269326520991926,7.005976000618179,1.5207287096721058,301.4721007952457,-0.03775281470733989,-0.08057257802415414,-0.04281976331681425,1.0,0.05125918439332367,4.9457594303901554e-12,2.3,0.009115976228245774,0.28603096258900085,0.005566330971291473,-0.0001642371738898243,0.30878083190895594,0.12140026508597204,0.14301548129450042,1.75,5732705.522849197,0.10251836878664734,0.056244182333460416,-0.0027831654856457365,-0.0027831654856457365,0.0027831654856457365,0.0027831654856457365,-0.011132661942582946,-0.011132661942582946,0.0,0.14986279201124025,4.705691669152945e-09,0.0851068856029586
67.0,0.0012802966942973587,14.737977602563454,115.00361908363782,58.15660258376542,11.603372570883549,10.319764019408394,7.007019262313776,1.5212376614678857,301.4718979172756,-0.03776206914004309,-0.08056464529477723,-0.042802576154734144,1.0,0.05076630908476865,4.898204192550477e-12,2.3,0.009047522215255692,0.2860599090624535,0.005605092721303341,-0.000150677935855886,0.3086737339101029,0.12135474835610259,0.14302995453122674,1.75,5732544.771728756,0.1015326181695373,0.05628731456670381,-0.0028025463606516704,-0.0028025463606516704,0.0028025463606516704,0.0028025463606516704,-0.011210185442606681,-0.011210185442606681,0.0,0.14986279201124025,4.705691669152945e-09,0.08638738265488374
68.0,0.0012799019262327378,14.753374722614828,114.99917817462423,58.12617930520669,11.656308059642164,10.369552845237234,7.008054690305226,1.5217403650742853,301.4716996202223,-0.03777122467526032,-0.08055686071078684,-0.04278563603552652,1.0,0.050280324797545455,4.851313837192645e-12,2.3,0.008980060893843905,0.28610219709865387,0.005643115573695747,-0.00013734833229569725,0.3085684997680685,0.12130985272728038,0.14305109854932693,1.75,5732309.944021032,0.10056064959509091,0.05632923764444957,-0.0028215577868478735,-0.0028215577868478735,0.0028215577868478735,0.0028215577868478735,-0.011286231147391494,-0.011286231147391494,0.0,0.14986279201124025,4.705691669152945e-09,0.08766748196514879
69.0,0.001279513001233612,14.768381676015906,114.99503535435605,58.09614167941647,11.708525993903416,10.418702434486441,7.009082404133503,1.5222369981220616,301.4715057759357,-0.037780280874254196,-0.08054922187730713,-0.04276894100305294,1.0,0.04980114116152667,4.805079644924903e-12,2.3,0.008913570227152806,0.2861570695047882,0.0056804160840664315,-0.0001242435628647275,0.3084650958786503,0.1212655752735585,0.1430785347523941,1.75,5732005.260022656,0.09960228232305333,0.05636998993384911,-0.0028402080420332158,-0.0028402080420332158,0.0028402080420332158,0.0028402080420332158,-0.011360832168132863,-0.011360832168132863,0.0,0.14986279201124025,4.705691669152945e-09,0.08894718942888197
70.0,0.0012791298222418037,14.783008975647741,114.99118246914418,58.06648864611797,11.760037308167739,10.467222112708091,7.010102520866802,1.5227277335464928,301.471316260134,-0.03778923736829784,-0.08054172640930155,-0.042752489041003705,1.0,0.04932866741322279,4.7594928584018225e-12,2.3,0.008848028810690916,0.2862237981657387,0.005717010468515471,-0.00011135894547345361,0.3083634895511033,0.12122191282007373,0.14311189908286934,1.75,5731634.781723733,0.09865733482644558,0.05640960846252291,-0.0028585052342577355,-0.0028585052342577355,0.0028585052342577355,0.0028585052342577355,-0.011434020937030942,-0.011434020937030942,0.0,0.14986279201124025,4.705691669152945e-09,0.09022651084061968
71.0,0.0012787523021315585,14.797266702024656,114.98761169247747,58.03721891811058,11.810852736836596,10.515121043094245,7.01111515476548,1.5232127368270996,301.47113095438607,-0.037798093898228476,-0.08053437196452515,-0.04273627806629667,1.0,0.048862813433684454,4.7145447824666425e-12,2.3,0.008783415916757905,0.28630169611398654,0.005752914509808197,-9.868992100318338e-05,0.30826364945178797,0.12117886187334545,0.14315084805699327,1.75,5731202.345033701,0.09772562686736891,0.05644812855364902,-0.0028764572549040985,-0.0028764572549040985,0.0028764572549040985,0.0028764572549040985,-0.011505829019616394,-0.011505829019616394,0.0,0.14986279201124025,4.705691669152945e-09,0.09150545190280636
72.0,0.0012783803590711296,14.811164673325544,114.98431539531059,58.00833108793258,11.860982874843476,10.562408280873765,7.012120417744378,1.5236921690977332,301.4709497436916,-0.03780685026495393,-0.08052715621282319,-0.04272030594786926,1.0,0.04840348891343546,4.670226703579559e-12,2.3,0.008719711403667226,0.28639010264820824,0.00578814366466602,-8.623204111006943e-05,0.3081655450254817,0.12113641873172018,0.14319505132410412,1.75,5730711.641748726,0.09680697782687092,0.05648558432057524,-0.00289407183233301,-0.00289407183233301,0.00289407183233301,0.00289407183233301,-0.01157628732933204,-0.01157628732933204,0.0,0.14986279201124025,4.705691669152945e-09,0.0927840182334077
73.0,0.0012780139186179984,14.824712308720162,114.98128625071432,57.979823549625955,11.91043812119265,10.609092721434639,7.013118419042668,1.524166184589558,301.47077251826227,-0.0378155063633134,-0.08052007686699156,-0.04270457050367816,1.0,0.047950604342434595,4.626529985334516e-12,2.3,0.008656895757543167,0.28648839437156226,0.005822712973682302,-7.398097360539817e-05,0.3080691468735341,0.12109457943022381,0.14324419718578113,1.75,5730166.157710875,0.09590120868486919,0.056522008329022995,-0.002911356486841151,-0.002911356486841151,0.002911356486841151,0.002911356486841151,-0.011645425947364604,-0.011645425947364604,0.0,0.14986279201124025,4.705691669152945e-09,0.09406221537225228
74.0,0.001277652910246077,14.837918785415406,114.97851711399733,57.95169459277426,11.959228739602928,10.655183154789455,7.0141092656754775,1.5246349335095148,301.47059917137136,-0.03782406213986303,-0.08051313165382869,-0.04268906951396566,1.0,0.047504070192917525,4.5834459896154404e-12,2.3,0.008594950008096309,0.286595971646851,0.0058566371649415964,-6.193249013131749e-05,0.30797442626759103,0.12105333983060425,0.1432979858234255,1.75,5729569.247505674,0.09500814038583505,0.05655743205014485,-0.0029283185824707982,-0.0029283185824707982,0.0029283185824707982,0.0029283185824707982,-0.011713274329883193,-0.011713274329883193,0.0,0.14986279201124025,4.705691669152945e-09,0.09534004878668431
75.0,0.0012772972688526536,14.850792912021674,114.9760011197664,57.92394233391669,12.007364802265823,10.700688213930334,7.015093062109923,1.5250985596704025,301.4704296009644,-0.03783251762190676,-0.08050631834309326,-0.0426738007211865,1.0,0.047063797863714535,4.5409661677090435e-12,2.3,0.008533855767929645,0.2867122686940857,0.005889930567607771,-5.008247208642684e-05,0.30788135547546175,0.12101269557849689,0.14335613434704286,1.75,5728924.0780121405,0.09412759572742907,0.056591885547593326,-0.0029449652838038857,-0.0029449652838038857,0.0029449652838038857,0.0029449652838038857,-0.011779861135215543,-0.011779861135215543,0.0,0.14986279201124025,4.705691669152945e-09,0.09661752387623368
76.0,0.0012769469321907284,14.863343273748008,114.9737315710104,57.896564799257774,12.054856250249186,10.745616429129733,7.016069910704776,1.5255572031564846,301.4702637077353,-0.03784087288140391,-0.08049963472014605,-0.04265876183874214,1.0,0.04662969888239732,4.4990819833236986e-12,2.3,0.008473595154357865,0.28683674125309994,0.005922607211810491,-3.8426898250595366e-05,0.30778990734836376,0.1209726421762116,0.14341837062654997,1.75,5728233.696510499,0.09325939776479464,0.056625397893099755,-0.0029613036059052454,-0.0029613036059052454,0.0029613036059052454,0.0029613036059052454,-0.011845214423620982,-0.011845214423620982,0.0,0.14986279201124025,4.705691669152945e-09,0.09789464597675537
77.0,0.001276601841931238,14.875578114978344,114.97170202920385,57.869559864754756,12.101712837670268,10.789976176702158,7.017039911393651,1.5260109981259504,301.4701013965895,-0.037849128059881276,-0.08049307861316822,-0.042643950553286944,1.0,0.046201685806160235,4.45778499951126e-12,2.3,0.008414150826358286,0.286968875822568,0.005954680745816321,-2.696185115260502e-05,0.3077000556049105,0.12093317495034224,0.143484437911284,1.75,5727500.979135461,0.09240337161232047,0.056657996876369784,-0.0029773403729081607,-0.0029773403729081607,0.0029773403729081607,0.0029773403729081607,-0.011909361491632643,-0.011909361491632643,0.0,0.14986279201124025,4.705691669152945e-09,0.09917142036381636
78.0,0.0012762619417919453,14.887505473633054,114.96990621157366,57.842925328658076,12.147944191645369,10.833775732942627,7.018003162111801,1.526460075280712,301.4699425749141,-0.037857283337515805,-0.0804866478672568,-0.042629364529741,1.0,0.04577967144434887,4.417066803652481e-12,2.3,0.008355505911966531,0.2871081784151599,0.005986164532160474,-1.568350470896338e-05,0.3076117744769825,0.12089428910991921,0.14355408920757995,1.75,5726728.6930033825,0.09155934288869774,0.056689709386788745,-0.002993082266080237,-0.002993082266080237,0.002993082266080237,0.002993082266080237,-0.011972329064320948,-0.011972329064320948,0.0,0.14986279201124025,4.705691669152945e-09,0.10044785225567796
79.0,0.0012759271782675748,14.899133072204066,114.96833807481747,57.816658859396476,12.1935597570421,10.87702322344146,7.018959758487206,1.5269045598278115,301.46978715391236,-0.03786533895451662,-0.08048034037004562,-0.042615001415529,1.0,0.04536356971802146,4.376919090392076e-12,2.3,0.008297644043003186,0.2872541830124021,0.006017071568304835,-4.588130944228369e-06,0.30752503896003913,0.12085597972289687,0.14362709150620104,1.75,5725919.449129718,0.09072713943604292,0.05672056114429441,-0.0030085357841524176,-0.0030085357841524176,0.0030085357841524176,0.0030085357841524176,-0.01203414313660967,-0.01203414313660967,0.0,0.14986279201124025,4.705691669152945e-09,0.10172394681570772
80.0,0.0012755974992895909,14.910468442198356,114.96699171985425,57.790758058985475,12.238568855795448,10.919726676494,7.019909794253885,1.5273445737689149,301.469635047039,-0.03787329518460521,-0.08047415402713967,-0.042600858842534464,1.0,0.044953294903656044,4.337333588667557e-12,2.3,0.008240549287616689,0.2874064413098374,0.006047414579024916,6.327912302012243e-06,0.3074398245058922,0.12081824176186302,0.1437032206549187,1.75,5725075.759122679,0.08990658980731209,0.05675057705040715,-0.003023707289512458,-0.003023707289512458,0.003023707289512458,0.003023707289512458,-0.012094829158049832,-0.012094829158049832,6.327912302012243e-06,0.14986279201124025,4.705691669152945e-09,0.10299970915448631
81.0,0.0012752728547119618,14.921518822951,114.96586146967394,57.7652204179233,12.28298063237628,10.961893973090278,7.020853360951405,1.5277802340083992,301.4694861712234,-0.03788115235335701,-0.08046808678626328,-0.04258693443290627,1.0,0.04454876245341895,4.298302140853113e-12,2.3,0.008184206182913278,0.2875645304551865,0.006077205940453435,1.706817437940228e-05,0.30735610724579965,0.12078107008808692,0.14378226522759324,1.75,5724199.99216867,0.0890975249068379,0.056779780938398514,-0.0030386029702267176,-0.0030386029702267176,0.0030386029702267176,0.0030386029702267176,-0.01215441188090687,-0.01215441188090687,1.706817437940228e-05,0.14986279201124025,4.705691669152945e-09,0.10427514433148709
82.0,0.0012749531953711035,14.932291276976425,114.96494178094346,57.740043370396556,12.326804112324131,11.003532899657042,7.021790548324348,1.5282116544766762,301.4693404454478,-0.03788891081543776,-0.08046213661393548,-0.04257322579849772,1.0,0.04414988826060344,4.259816631885212e-12,2.3,0.008128599672250884,0.28772804369180743,0.006106457768758438,2.763612400673684e-05,0.30727386372090293,0.12074445948662466,0.14386402184590372,1.75,5723294.426784478,0.08829977652120688,0.056808195896491775,-0.003053228884379219,-0.003053228884379219,0.003053228884379219,0.003053228884379219,-0.012212915537516876,-0.012212915537516876,2.763612400673684e-05,0.14986279201124025,4.705691669152945e-09,0.10555025735652862
83.0,0.0012746384733952122,14.942792595940881,114.96422731645616,57.71522425547991,12.37004814854536,11.044651098822882,7.0227214440306,1.5286389443737243,301.469197791871,-0.03789657097031383,-0.08045630151825546,-0.042559730547941634,1.0,0.04375658944254098,4.221869064802053e-12,2.3,0.008073715135895861,0.28789659744136736,0.00613518184746708,3.803514206752908e-05,0.3071930710832036,0.1207084046568162,0.14394829872068368,1.75,5722361.211512863,0.08751317888508196,0.056835844035795724,-0.00306759092373354,-0.00306759092373354,0.00306759092373354,0.00306759092373354,-0.01227036369493416,-0.01227036369493416,3.803514206752908e-05,0.14986279201124025,4.705691669152945e-09,0.10682505319091178
84.0,0.001274328641561956,14.953029407667913,114.96371286302639,57.690760364972014,12.412721478939,11.085256121377395,7.023646134026794,1.529062210139152,301.46905813453094,-0.03790413324271338,-0.08045057952673453,-0.04254644628402115,1.0,0.0433687836281164,4.184451491999229e-12,2.3,0.008019538332703979,0.2880698227634172,0.006163389712491611,4.82685336398146e-05,0.3071137068563803,0.12067290023833535,0.1440349113817086,1.75,5721402.412176483,0.0867375672562328,0.0568627467882133,-0.0030816948562458054,-0.0030816948562458054,0.0030816948562458054,0.0030816948562458054,-0.012326779424983222,-0.012326779424983222,4.82685336398146e-05,0.14986279201124025,4.705691669152945e-09,0.10809953674839036
85.0,0.001274023653483436,14.96300808870738,114.96339339896382,57.666648910262396,12.454832673617272,11.125355377893882,7.0245647022856055,1.5294815538208846,301.4689214003816,-0.03791159809604941,-0.08044496870781674,-0.04253337061176733,1.0,0.04298638970516863,4.147556087342945e-12,2.3,0.007966055428921903,0.2882473718382169,0.0061910925826252974,5.833952064054077e-05,0.3070357491186676,0.12063794080719292,0.14412368591910846,1.75,5720419.975959754,0.08597277941033726,0.05688892469074531,-0.0030955462913126487,-0.0030955462913126487,0.0030955462913126487,0.0030955462913126487,-0.012382185165250595,-0.012382185165250595,5.833952064054077e-05,0.14986279201124025,4.705691669152945e-09,0.10937371289591305
86.0,0.0012737234631819833,14.972734863671464,114.9632640177451,57.64288706354606,12.496390191523744,11.164956189811436,7.025477231167156,1.5298970749037575,301.4687875181034,-0.0379189660156633,-0.08043946714979364,-0.042520501134130334,1.0,0.04260932713024551,4.111175079571465e-12,2.3,0.007913252943919818,0.28842891016857714,0.006218301440989549,6.825125367505085e-05,0.30695917628832076,0.12060352089404189,0.14421445508428857,1.75,5719415.774564631,0.08521865426049102,0.05691439766037671,-0.0031091507204947747,-0.0031091507204947747,0.0031091507204947747,0.0031091507204947747,-0.012436602881979099,-0.012436602881979099,6.825125367505085e-05,0.14986279201124025,4.705691669152945e-09,0.11064758645424576
87.0,0.0012734280251904652,14.982215723887057,114.96331999089956,57.61947192978388,12.537402328650828,11.204065741981081,7.026383801145412,1.5303088687939257,301.46865641906214,-0.037926237520251184,-0.0804340729811479,-0.04250783546089671,1.0,0.042237516642255675,4.075300821152066e-12,2.3,0.007861117777250985,0.2886141225134794,0.006245026968592057,7.80068045797826e-05,0.3068839672915675,0.12056963498488382,0.1443070612567397,1.75,5718391.57138515,0.08447503328451135,0.05693918479347592,-0.0031225134842960286,-0.0031225134842960286,0.0031225134842960286,0.0031225134842960286,-0.012490053937184114,-0.012490053937184114,7.80068045797826e-05,0.14986279201124025,4.705691669152945e-09,0.11192116219843198
88.0,0.0012731372942845738,14.991456519676216,114.96355669699442,57.596400581968275,12.57787727356924,11.242691132794691,7.027284491165662,1.5307170285167842,301.4685280362154,-0.03793341314751959,-0.08042878435048555,-0.042495371202965954,1.0,0.04187087959447376,4.039925723829332e-12,2.3,0.007809637158127919,0.28880270576573136,0.006271279622281286,8.760917806704309e-05,0.30681010136819376,0.12053627753274197,0.14440135288286568,1.75,5717349.060926633,0.08374175918894752,0.056963304619693476,-0.003135639811140643,-0.003135639811140643,0.003135639811140643,0.003135639811140643,-0.012542559244562572,-0.012542559244562572,8.760917806704309e-05,0.14986279201124025,4.705691669152945e-09,0.1131944448581695
89.0,0.0012728512255283848,15.000462884623369,114.96396968028466,57.57367003766046,12.617823056701685,11.280839327707143,7.028179378380205,1.5311216433084274,301.4684023050012,-0.03794049346386208,-0.08042359944578173,-0.04248310598191965,1.0,0.04150933863611437,4.005042324387043e-12,2.3,0.007758798670837343,0.2889943743824878,0.006297069571256416,9.706130420862953e-05,0.3067375582270817,0.1205034429623855,0.1444971871912439,1.75,5716289.838806635,0.08301867727222874,0.056986774915291645,-0.003148534785628208,-0.003148534785628208,0.003148534785628208,0.003148534785628208,-0.012594139142512832,-0.012594139142512832,9.706130420862953e-05,0.14986279201124025,4.705691669152945e-09,0.11446743911807598
90.0,0.0012725697741160032,15.009240321358467,114.96455458459062,57.55127728891184,12.657247604699604,11.318517208350231,7.029068538491623,1.5315228001928012,301.46827916232917,-0.03794747905211558,-0.08041851647527204,-0.04247103742315646,1.0,0.04115281706648264,3.970643222333182e-12,2.3,0.007708590207702687,0.2891888538788187,0.006322406771624364,0.00010636604985618096,0.3066663178683462,0.12047112567631765,0.14459442693940935,1.75,5715215.437764705,0.08230563413296528,0.057009612937883286,-0.003161203385812182,-0.003161203385812182,0.003161203385812182,0.003161203385812182,-0.012644813543248729,-0.012644813543248729,0.00010636604985618096,0.14986279201124025,4.705691669152945e-09,0.11574014961789818
91.0,0.0012722928953846635,15.017794131010708,114.96530720803436,57.52921928291172,12.696158690818796,11.355731527068734,7.029952045496922,1.5319205826722413,301.46815854740635,-0.03795437051969816,-0.08041353368567251,-0.042459163165974353,1.0,0.04080123948608181,3.936721142722262e-12,2.3,0.007658999992998386,0.2893858857971624,0.006347300905749722,0.00011552621110165214,0.3065963607284428,0.1204393200629313,0.1446929428985812,1.75,5714127.300247871,0.08160247897216362,0.05703183525262597,-0.003173650452874861,-0.003173650452874861,0.003173650452874861,0.003173650452874861,-0.012694601811499444,-0.012694601811499444,0.00011552621110165214,0.14986279201124025,4.705691669152945e-09,0.1170125809526485
92.0,0.0012720205447298433,15.026129493002824,114.966223441427,57.507492947109085,12.734563988094337,11.39248895498432,7.030829972021198,1.5323150721929397,301.4680404008039,-0.03796116848820236,-0.08040864934397571,-0.04244748085577335,1.0,0.04045453117258148,3.903268875945417e-12,2.3,0.007610016538904091,0.28958522176269585,0.0063717614535241445,0.00012454452446069523,0.30652766751603083,0.12040802049761955,0.14479261088134793,1.75,5713026.811307455,0.08090906234516296,0.05705345794944598,-0.0031858807267620723,-0.0031858807267620723,0.0031858807267620723,0.0031858807267620723,-0.012743522907048289,-0.012743522907048289,0.00012454452446069523,0.14986279201124025,4.705691669152945e-09,0.11828473767270575
93.0,0.001271752677602256,15.034251399298977,114.96729931938579,57.486095173549785,12.772471020852239,11.428796037564036,7.031702389066036,1.532706346927228,301.4679246652255,-0.03796787360017561,-0.08040386175471155,-0.04243598815453594,1.0,0.04011261870307085,3.8702793377687145e-12,2.3,0.007561628668235291,0.28978662803010524,0.006395797634439992,0.000133423659338614,0.3064602193482315,0.12037722135385934,0.14489331401505262,1.75,5711915.273548957,0.0802252374061417,0.057074496481119626,-0.003197898817219996,-0.003197898817219996,0.003197898817219996,0.003197898817219996,-0.012791595268879984,-0.012791595268879984,0.000133423659338614,0.14986279201124025,4.705691669152945e-09,0.1195566242838718
94.0,0.001271489249469615,15.042164728674416,114.96853096288274,57.4650228396893,12.80988721664613,11.464659241588489,7.0325693663300575,1.5330944831357072,301.46781128464187,-0.037974486510326456,-0.08039916924260193,-0.042424682732275475,1.0,0.03977542935161997,3.837745511206649e-12,2.3,0.007513825473355557,0.28998988005178095,0.006419418475674514,0.00014216622896290101,0.3063939975979905,0.1203469170001446,0.14499494002589047,1.75,5710793.93718511,0.07955085870323994,0.05709496586446762,-0.003209709237837257,-0.003209709237837257,0.003209709237837257,0.003209709237837257,-0.012838836951349028,-0.012838836951349028,0.00014216622896290101,0.14986279201124025,4.705691669152945e-09,0.12082824524740773
95.0,0.0012712302158092105,15.049874185397906,114.96991462701229,57.4442727960392,12.846819858929063,11.500084911798165,7.033430971970452,1.5334795540345176,301.4677002050075,-0.037981007891103875,-0.0803945701689184,-0.04241356227781453,1.0,0.03944289168390444,3.8056605038947065e-12,2.3,0.007466596337327563,0.2901947666369524,0.0064426327567922645,0.00015077478288656626,0.30632898402273057,0.12031710181355228,0.1450973833184762,1.75,5709663.977149796,0.07888578336780888,0.05711488052942723,-0.0032213163783961322,-0.0032213163783961322,0.0032213163783961322,0.0032213163783961322,-0.012885265513584529,-0.012885265513584529,0.00015077478288656626,0.14986279201124025,4.705691669152945e-09,0.12209960498004714
96.0,0.0012709755320963274,15.057384368400548,114.97144664738278,57.423841883113255,12.883276137726568,11.53507931673155,7.034287272907361,1.5338616310618123,301.46759137345606,-0.03798743842532448,-0.08039006291495206,-0.042402624489627574,1.0,0.039114934976053665,3.774017492016743e-12,2.3,0.007419930895746602,0.2904010849883738,0.006465449074750551,0.0001592518176593123,0.30626516062144266,0.12028777017310072,0.1452005424941869,1.75,5708526.520551652,0.07822986995210733,0.05713425450555778,-0.0032327245373752755,-0.0032327245373752755,0.0032327245373752755,0.0032327245373752755,-0.012930898149501102,-0.012930898149501102,0.0001592518176593123,0.14986279201124025,4.705691669152945e-09,0.12337070785399991
97.0,0.0012707251538006865,15.06469971406281,114.973123484782,57.40372692203948,12.919263103484138,11.569648606452835,7.035138334594879,1.5342407828237836,301.4674847389701,-0.03799377881068714,-0.08038564589752475,-0.04239186708683761,1.0,0.03879148978309445,3.7428097751514546e-12,2.3,0.007373819056584759,0.29060864450585444,0.006487875791118167,0.00016759976938856766,0.30620250975673746,0.12025891647542325,0.14530432225292722,1.75,5707382.625769442,0.0775829795661889,0.05715310128128137,-0.0032439378955590836,-0.0032439378955590836,0.0032439378955590836,0.0032439378955590836,-0.012975751582236334,-0.012975751582236334,0.00016759976938856766,0.14986279201124025,4.705691669152945e-09,0.12464155819694842
98.0,0.0012704790363869706,15.07182456067049,114.97494167512134,57.38392472803902,12.954787716460661,11.603798857252903,7.035984221313082,1.534617076272544,301.46738025163097,-0.038000029753655726,-0.08038131755323168,-0.04238128779957595,1.0,0.038472487378559475,3.7120307222028196e-12,2.3,0.0073282509645582914,0.29081726225117466,0.006509921094120937,0.00017582102414547565,0.3061410140202611,0.12023053512506594,0.14540863112558733,1.75,5706233.307528582,0.07694497475711895,0.057171433976914175,-0.0032549605470604684,-0.0032549605470604684,0.0032549605470604684,0.0032549605470604684,-0.013019842188241874,-0.013019842188241874,0.00017582102414547565,0.14986279201124025,4.705691669152945e-09,0.12591216029204225
99.0,0.0012702371353206926,15.07876309500302,114.97689787122569,57.36443210369264,12.989856801759727,11.637536030462535,7.036824995947422,1.5349905757251705,301.4672778632457,-0.03800619197302792,-0.0803770763531572,-0.04237088438012929,1.0,0.03815786029806666,3.681673823847525e-12,2.3,0.007283217019791377,0.291026766425351,0.006531592948270429,0.0001839179106020264,0.30608065634894,0.12020262055194121,0.1455133832126755,1.75,5705079.517811233,0.07631572059613333,0.05718926521331924,-0.0032657964741352147,-0.0032657964741352147,0.0032657964741352147,0.0032657964741352147,-0.013063185896540859,-0.013063185896540859,0.0001839179106020264,0.14986279201124025,4.705691669152945e-09,0.12718251837789607
100.0,0.0012699994060703657,15.085519412432005,114.97898879606426,57.34524584931321,13.024477097435518,11.670866016007382,7.037660720268826,1.5353613439595006,301.4671775266472,-0.03801226619493039,-0.0803729207878514,-0.04236065459292101,1.0,0.037847541799195826,3.651732640420992e-12,2.3,0.007238707844529813,0.29123699222520066,0.006552899153563847,0.00019189271016820228,0.3060214198976009,0.1201751671990135,0.14561849611260033,1.75,5703922.168758187,0.07569508359839165,0.05720660727256506,-0.0032764495767819233,-0.0032764495767819233,0.0032764495767819233,0.0032764495767819233,-0.013105798307127693,-0.013105798307127693,0.00019189271016820228,0.14986279201124025,4.705691669152945e-09,0.1284526366485916
101.0,0.00126976580412643,15.09209746703195,114.98121128187378,57.326362758585404,13.058655210709816,11.703794592307542,7.038491454721247,1.5357294413008884,301.4670791962806,-0.03801825315554628,-0.08036884938129783,-0.042350596225751554,1.0,0.03754146638143264,3.6222008520843426e-12,2.3,0.007194714300700332,0.2914477850211784,0.006573847297420095,0.00019974764972104366,0.30596328815005813,0.12014816954124667,0.1457238925105892,1.75,5702762.115241566,0.07508293276286528,0.057223471975295294,-0.0032869236487100477,-0.0032869236487100477,0.0032869236487100477,0.0032869236487100477,-0.01314769459484019,-0.01314769459484019,0.00019974764972104366,0.14986279201124025,4.705691669152945e-09,0.12972251925369
102.0,0.0012695362849977716,15.098501127647305,114.98356222643206,57.30777962615725,13.092397664789216,11.736327468683825,7.039317258690268,1.5360949266419255,301.4669828275508,-0.038024153597098174,-0.08036486067658775,-0.04234070707948958,1.0,0.03723956926578641,3.593072208615146e-12,2.3,0.007151227458797042,0.29165899657234456,0.006594444811148005,0.00020748491147115573,0.3059062447980327,0.12012162207106773,0.14582949828617228,1.75,5701600.175776389,0.07447913853157281,0.05723987083001468,-0.0032972224055740026,-0.0032972224055740026,0.0032972224055740026,0.0032972224055740026,-0.01318888962229601,-0.01318888962229601,0.00020748491147115573,0.14986279201124025,4.705691669152945e-09,0.1309921702982521
103.0,0.0012693108042457714,15.104734131268907,114.98603862970641,57.28949324539885,13.125710856264474,11.768470246339948,7.040138190298554,1.536457856592004,301.46688837737054,-0.03802996826982626,-0.08036095324918345,-0.04233098497935719,1.0,0.03694178689226395,3.5643405774063497e-12,2.3,0.007108238614407795,0.29187048792934717,0.006614698924089821,0.00021510662579688562,0.30585027384760816,0.12009551931855805,0.14593524396467358,1.75,5700437.116616938,0.0738835737845279,0.05725581491853555,-0.0033073494620449104,-0.0033073494620449104,0.0033073494620449104,0.0033073494620449104,-0.013229397848179641,-0.013229397848179641,0.00021510662579688562,0.14986279201124025,4.705691669152945e-09,0.1322615938428739
104.0,0.0012690893174703982,15.110800135368871,114.98863755294637,57.27150041350743,13.15860110064366,11.80022845962276,7.040954306663399,1.536818286426503,301.46679580355044,-0.038035697928850074,-0.08035712569325619,-0.04232142776440612,1.0,0.036648056418674205,3.5359998951082782e-12,2.3,0.007065739259114339,0.2920821259775023,0.006634616717470516,0.00022261488083993985,0.30579535950372827,0.12006985583503478,0.14604106298875116,1.75,5699273.670846179,0.07329611283734841,0.057271315034801276,-0.003317308358735258,-0.003317308358735258,0.003317308358735258,0.003317308358735258,-0.013269233434941031,-0.013269233434941031,0.00022261488083993985,0.14986279201124025,4.705691669152945e-09,0.133530793903732
105.0,0.0012688717803602924,15.116702674306197,114.99135615303399,57.25379793115444,13.191074590925979,11.831607538079261,7.041765663699825,1.5371762692946331,301.4667050653137,-0.038041343335478976,-0.08035337663428566,-0.04231203329880668,1.0,0.036358316196737725,3.5080442135662145e-12,2.3,0.007023721096051918,0.2922937860874739,0.0066542050806516545,0.00023001171545554487,0.3057414862724432,0.12004462621426766,0.14614689304373696,1.75,5698110.523868603,0.07271663239347545,0.05728638157781981,-0.0033271025403258272,-0.0033271025403258272,0.0033271025403258272,0.0033271025403258272,-0.013308410161303309,-0.013308410161303309,0.00023001171545554487,0.14986279201124025,4.705691669152945e-09,0.13479977445264732
106.0,0.0012686581486653803,15.122445208204633,114.99419164419027,57.23638260537063,13.223137441860349,11.862612846577967,7.042572316367511,1.5375318571032033,301.46661612272464,-0.03804690525485657,-0.08034970471602927,-0.0423027994611727,1.0,0.03607250528950514,3.4804676532583604e-12,2.3,0.006982176012675957,0.2925053489588412,0.006673470762472914,0.00023729912853822266,0.305688638850401,0.1200198250744741,0.1462526744794206,1.75,5696948.330831071,0.07214501057901028,0.05730102468085349,-0.003336735381236457,-0.003336735381236457,0.003336735381236457,0.003336735381236457,-0.013346941524945827,-0.013346941524945827,0.00023729912853822266,0.14986279201124025,4.705691669152945e-09,0.13606853941716016
107.0,0.0012684483782632123,15.128031082169398,114.99714133019059,57.21925125087281,13.254795649682086,11.893249648429626,7.043374318481264,1.5378850997785545,301.46652893717135,-0.038052384456676226,-0.08034610861249583,-0.042293724155819605,1.0,0.03579056392714973,3.4532644472731336e-12,2.3,0.006941096095418229,0.2927167030391496,0.006692420329522159,0.0002444790720967914,0.30563680222323614,0.11999544708037076,0.1463583515195748,1.75,5695787.703395804,0.07158112785429946,0.0573152541112962,-0.0033462101647610794,-0.0033462101647610794,0.0033462101647610794,0.0033462101647610794,-0.013384840659044318,-0.013384840659044318,0.0002444790720967914,0.14986279201124025,4.705691669152945e-09,0.13733709268062444
108.0,0.0012682424251164366,15.133463571961045,115.0002025684954,57.20240069096988,13.28605513511045,11.923523144380697,7.0441717229477785,1.538236046089641,301.4664434708306,-0.03805778171352315,-0.08034258701551554,-0.04228480530199239,1.0,0.03551243304241532,3.4264288964867044e-12,2.3,0.006900473604184091,0.29292774164277635,0.006711060215078031,0.0002515534603124324,0.3055859615595775,0.11997148692384146,0.14646387082138818,1.75,5694629.225632806,0.07102486608483063,0.057329079390985235,-0.0033555301075390157,-0.0033555301075390157,0.0033555301075390157,0.0033555301075390157,-0.013422120430156063,-0.013422120430156063,0.0002515534603124324,0.14986279201124025,4.705691669152945e-09,0.13860543808231426
109.0,0.0012680402453549263,15.138745845822172,115.00337280048146,57.18582776038026,13.316921704233442,11.953438436783857,7.0449645815832085,1.5385847429601724,301.46635968712087,-0.03806309780105988,-0.08033913864612337,-0.042276040845063485,1.0,0.03523805470708388,3.3999554116757183e-12,2.3,0.00686030098616327,0.29313836515731256,0.006729396679305277,0.0002585241627456385,0.3055361023058705,0.11994793934665579,0.14656918257865628,1.75,5693473.441966547,0.07047610941416776,0.05734250970252124,-0.0033646983396526386,-0.0033646983396526386,0.0033646983396526386,0.0033646983396526386,-0.013458793358610555,-0.013458793358610555,0.0002585241627456385,0.14986279201124025,4.705691669152945e-09,0.13987357941754994
110.0,0.0012678417952174616,15.143881007180289,115.00664951782291,57.16952930437701,13.347401090261256,11.983000567477614,7.045752945340143,1.5389312362353813,301.4662775502009,-0.03806833349699072,-0.08033576224270059,-0.042267428745709865,1.0,0.034967371684863705,3.373838470377559e-12,2.3,0.006820570851935363,0.2933484784147133,0.0067474358559044744,0.000265393013129579,0.30548721008450963,0.11992479912003681,0.14667423920735664,1.75,5692320.871668136,0.06993474336972741,0.05735555400139202,-0.0033737179279522372,-0.0033737179279522372,0.0033737179279522372,0.0033737179279522372,-0.013494871711808949,-0.013494871711808949,0.000265393013129579,0.14986279201124025,4.705691669152945e-09,0.14114152043783612
111.0,0.0012676470311488693,15.148872058898741,115.01003029087693,57.153502182924605,13.377498915541816,12.012214482990897,7.046536864132209,1.5392755700407876,301.4661970253947,-0.03807348958077512,-0.08033245657180098,-0.04225896699102586,1.0,0.03470032784946794,3.3480726572288002e-12,2.3,0.006781275988480152,0.29355799270243244,0.006765183714145079,0.00027216180271468805,0.3054392707853362,0.11990206106789932,0.14677899635121622,1.75,5691171.997878082,0.06940065569893589,0.057368220928272734,-0.0033825918570725396,-0.0033825918570725396,0.0033825918570725396,0.0033825918570725396,-0.013530367428290158,-0.013530367428290158,0.00027216180271468805,0.14986279201124025,4.705691669152945e-09,0.1424092648510193
112.0,0.001267455909725926,15.153721943223358,115.01351273715522,57.13774326826074,13.40722073208988,12.041085071324714,7.047316387051378,1.539617787496692,301.4661180787215,-0.03807856683314724,-0.08032922041683647,-0.042250653583689235,1.0,0.03443686775435702,3.3226526224516553e-12,2.3,0.006742409336790874,0.2937668233658073,0.00678264610332505,0.00027883228880091966,0.3053922704675728,0.1198797200455173,0.14688341168290364,1.75,5690027.280815512,0.06887373550871403,0.057380518913592866,-0.003391323051662525,-0.003391323051662525,0.003391323051662525,0.003391323051662525,-0.0135652922066501,-0.0135652922066501,0.00027883228880091966,0.14986279201124025,4.705691669152945e-09,0.14367681632145668
113.0,0.0012672683877684666,15.158433508285942,115.01709454799187,57.1222494501972,13.436571984713792,12.069617128172691,7.04809156219933,1.5399579301202448,301.4660406772949,-0.038083566035409626,-0.08032605258837716,-0.042242486552967536,1.0,0.03417693703332057,3.297573120504263e-12,2.3,0.0067039640041358164,0.29397489163995744,0.0067998287165570385,0.00028540618822424005,0.30534619544820335,0.11985777096315205,0.14698744581997872,1.75,5688887.147787482,0.06835387406664115,0.05739245609538941,-0.0033999143582785192,-0.0033999143582785192,0.0033999143582785192,0.0033999143582785192,-0.013599657433114077,-0.013599657433114077,0.00028540618822424005,0.14986279201124025,4.705691669152945e-09,0.14494417847020388
114.0,0.001267084422250034,15.163009545492718,115.02077345895798,57.107017632317124,13.465558050342262,12.09781539262519,7.048862436896047,1.540296038491404,301.46596478888165,-0.038088487969447686,-0.08032295191335442,-0.04223446394390674,1.0,0.03392048198647043,3.2728289701350767e-12,2.3,0.006665933243046036,0.29418212246414893,0.006816737133138698,0.00029188518563245263,0.30530103220743754,0.11983620876399359,0.14709106123207447,1.75,5687752.005222572,0.06784096397294086,0.05740404041689429,-0.003408368566569349,-0.003408368566569349,0.003408368566569349,0.003408368566569349,-0.013633474266277396,-0.013633474266277396,0.00029188518563245263,0.14986279201124025,4.705691669152945e-09,0.14621135487521314
115.0,0.0012669039704217512,15.167452758121795,115.0245472749302,57.092044738299606,13.494184202241119,12.125684514384657,7.049629057517134,1.5406321516952275,301.46589038227745,-0.03809333341665049,-0.08031991724486429,-0.042226583828213794,1.0,0.03366744996418307,3.2484150914276858e-12,2.3,0.006628310462902474,0.2943884461491472,0.0068333767840098305,0.000298270927116405,0.3052567674741484,0.1198150284480664,0.1471942230745736,1.75,5686622.22958478,0.06733489992836614,0.057415279549546394,-0.0034166883920049153,-0.0034166883920049153,0.0034166883920049153,0.0034166883920049153,-0.013666753568019661,-0.013666753568019661,0.000298270927116405,0.14986279201124025,4.705691669152945e-09,0.14747834907154903
116.0,0.0012667269897086025,15.171765796336114,115.02841384231185,57.07732770689411,13.522455648161532,12.153229088412767,7.050391469694099,1.5409663079427671,301.4658174268914,-0.03809810315836645,-0.0803169474518629,-0.04221884429349644,1.0,0.03341778896875931,3.2243264673668147e-12,2.3,0.006591089210199961,0.29459379638595573,0.006849752992130093,0.0003045650282342157,0.30521338813464066,0.1197942250495977,0.14729689819297787,1.75,5685498.178329653,0.06683557793751863,0.05742618098412792,-0.0034248764960650466,-0.0034248764960650466,0.0034248764960650466,0.0034248764960650466,-0.013699505984260186,-0.013699505984260186,0.0003045650282342157,0.14986279201124025,4.705691669152945e-09,0.1487451645516142
117.0,0.0012665534378448196,15.175951227728207,115.0323710726122,57.06286349914166,13.550377495624263,12.18045362312066,7.051149718157681,1.5412985440507267,301.4657458931,-0.03810279797449345,-0.08031404142850034,-0.04221124345400688,1.0,0.03317144802251966,3.200558179354127e-12,2.3,0.006554263179489547,0.29479811176211984,0.006865870939529306,0.0003107690677895305,0.3051708813152969,0.1197737936611009,0.14739905588105992,1.75,5684380.181647569,0.06634289604503932,0.05743675195857091,-0.003432935469764653,-0.003432935469764653,0.003432935469764653,0.003432935469764653,-0.013731741879058613,-0.013731741879058613,0.0003107690677895305,0.14986279201124025,4.705691669152945e-09,0.15001180476539092
118.0,0.001266383272756813,15.180011570126373,115.03641691634806,57.04864909227307,13.57795478891452,12.2073625739805,7.051903846930012,1.5416288960204994,301.46567575185725,-0.03810741864432727,-0.08031119808428473,-0.04220377943995746,1.0,0.032928376784559274,3.1771053702306997e-12,2.3,0.0065178261948376495,0.29500133394869826,0.006881735705785562,0.00031688459560924565,0.3051292342944533,0.11975372941030642,0.14750066697434913,1.75,5683268.552432441,0.06585675356911855,0.05744699954312754,-0.003440867852892781,-0.003440867852892781,0.003440867852892781,0.003440867852892781,-0.013763471411571124,-0.013763471411571124,0.00031688459560924565,0.14986279201124025,4.705691669152945e-09,0.15127827312069173
119.0,0.0012662164527087933,15.18394926395095,115.04054938523527,57.034681487711254,13.605192475410064,12.233960312669016,7.052653899173743,1.541957398552551,301.4656069750268,-0.03811196594485941,-0.0803084163529723,-0.04219645040811289,1.0,0.03268852590375297,3.1539632783368287e-12,2.3,0.0064817722201626436,0.2952034090779466,0.006897352236593792,0.00032291312647013843,0.3050884345823915,0.11973402748433497,0.1476017045389733,1.75,5682163.578785261,0.06537705180750594,0.057456930572633735,-0.003448676118296896,-0.003448676118296896,0.003448676118296896,0.003448676118296896,-0.013794704473187584,-0.013794704473187584,0.00032291312647013843,0.14986279201124025,4.705691669152945e-09,0.15254457298342453
120.0,0.0012660529361736062,15.187766702969625,115.0447665276542,57.0209577040261,13.632095441449042,12.260251159666417,7.053399917376458,1.5422840855865736,301.46553953501564,-0.03811644065197432,-0.08030569518317696,-0.04218925453120263,1.0,0.032451846650040576,3.1311272019364745e-12,2.3,0.006446095341805654,0.29540428609372626,0.006912725380433896,0.0003288561476355794,0.3050484698361495,0.11971468310630902,0.14770214304686313,1.75,5681065.533077888,0.06490369330008115,0.057466551726158534,-0.003456362690216948,-0.003456362690216948,0.003456362690216948,0.003456362690216948,-0.013825450760867792,-0.013825450760867792,0.0003288561476355794,0.14986279201124025,4.705691669152945e-09,0.15381070767786573
121.0,0.0012658926819872657,15.191466208339634,115.04906644954806,57.00747478561377,13.65866847967757,12.286239354330844,7.054141943205353,1.5426089898481363,301.46547340508715,-0.03812084353848978,-0.08030303354684118,-0.0421821900083514,1.0,0.03221829125305951,3.1085925318903378e-12,2.3,0.00641078977830091,0.29560391800197205,0.006927859858585703,0.00033471511293111,0.30500932793697993,0.11969569155954018,0.14780195900098603,1.75,5679974.665153545,0.06443658250611901,0.0574758694634132,-0.0034639299292928516,-0.0034639299292928516,0.0034639299292928516,0.0034639299292928516,-0.013855719717171406,-0.013855719717171406,0.00033471511293111,0.14986279201124025,4.705691669152945e-09,0.15507668048694617
122.0,0.0012657356492089683,15.195050057456227,115.0534472913444,56.99422979482817,13.684916323817601,12.311929086508453,7.054880017684263,1.5429321433527157,301.46540855901577,-0.03812517537566325,-0.0803004304302693,-0.04217525505460605,1.0,0.0319878125474066,3.086354717428829e-12,2.3,0.00637584986398013,0.2958022603709871,0.0069427603000734184,0.00034049145004586527,0.304970996907949,0.11967704816392545,0.14790113018549356,1.75,5678891.210561257,0.0639756250948132,0.057484890099288144,-0.0034713801500367092,-0.0034713801500367092,0.0034713801500367092,0.0034713801500367092,-0.013885520600146837,-0.013885520600146837,0.00034049145004586527,0.14986279201124025,4.705691669152945e-09,0.1563424946525443
123.0,0.0012655817972832802,15.19852045956441,115.05790724764682,56.98121982124276,13.710843617009022,12.337324467515817,7.055614181053655,1.5432535769823421,301.46534497138254,-0.03812943693100624,-0.08029788484220164,-0.0421684479111954,1.0,0.03176036429758013,3.06440929750421e-12,2.3,0.006341270058213054,0.29599927246520225,0.006957431213058085,0.00034618655475703134,0.304933464988965,0.11965874830008058,0.14799963623260112,1.75,5677815.384395055,0.06352072859516027,0.05749361974411881,-0.0034787156065290425,-0.0034787156065290425,0.0034787156065290425,0.0034787156065290425,-0.01391486242611617,-0.01391486242611617,0.00034618655475703134,0.14986279201124025,4.705691669152945e-09,0.15760815337579043
124.0,0.00126543108589062,15.201879582833943,115.062444545514,56.96844197306765,13.736454945505274,12.362429560785573,7.056344472940621,1.5435733209560543,301.46528261724995,-0.03813362897006398,-0.08029539580525098,-0.042161766835187,1.0,0.031535900856677686,3.042751867859939e-12,2.3,0.006307044929973553,0.29619491588289304,0.006971877018141054,0.00035180179800185383,0.30489672055703654,0.11964078738561353,0.14809745794144652,1.75,5676747.388768546,0.06307180171335537,0.0575020643734862,-0.003485938509070527,-0.003485938509070527,0.003485938509070527,0.003485938509070527,-0.013943754036282108,-0.013943754036282108,0.00035180179800185383,0.14986279201124025,4.705691669152945e-09,0.1588736598173774
125.0,0.001265283475115972,15.205129531432755,115.06705746302498,56.955893386908386,13.76175480798459,12.38724835373355,7.057070932223949,1.5438914044344352,301.46522147243974,-0.03813775225403234,-0.08029296236360156,-0.04215521010956922,1.0,0.03131437747829216,3.0213781111240674e-12,2.3,0.006273169166584575,0.29638915558290474,0.006986102021068122,0.00035733852025038684,0.30486075219896985,0.11962316089914492,0.14819457779145237,1.75,5675687.407239299,0.06262875495658432,0.05751022977207231,-0.003493051010534061,-0.003493051010534061,0.003493051010534061,0.003493051010534061,-0.013972204042136244,-0.013972204042136244,0.00035733852025038684,0.14986279201124025,4.705691669152945e-09,0.1601390170978807
126.0,0.001265138925291018,15.20827237095179,115.07174430882333,56.943571218567065,13.786747648201391,12.41178478746468,7.057793597197409,1.5442078559588603,301.4651615132275,-0.03814180754177824,-0.08029058357482867,-0.04214877603305043,1.0,0.031095749988121407,3.00028376512438e-12,2.3,0.006239637559180063,0.29658195864836895,0.007000110444471275,0.00036279803835405393,0.3048255486341668,0.11960586435653862,0.14829097932418447,1.75,5674635.611587199,0.06219149997624281,0.05751812159906968,-0.0035000552222356376,-0.0035000552222356376,0.0035000552222356376,0.0035000552222356376,-0.01400022088894255,-0.01400022088894255,0.00036279803835405393,0.14986279201124025,4.705691669152945e-09,0.1614042282980842
127.0,0.0012649973971682717,15.211310106840202,115.07650343963144,56.931472653221,13.811437825241141,12.43604272950149,7.058512505439696,1.5445227030819637,301.4651027166043,-0.03814579558728501,-0.08028825851724279,-0.04214246292995778,1.0,0.030879975083429382,2.979464651782009e-12,2.3,0.006206445010984861,0.29677329521527496,0.007013906401821535,0.0003681816400656418,0.3047910987850792,0.11958889333475885,0.14838664760763748,1.75,5673592.156774928,0.061759950166858764,0.05752574533537911,-0.0035069532009107673,-0.0035069532009107673,0.0035069532009107673,0.0035069532009107673,-0.01402781280364307,-0.01402781280364307,0.0003681816400656418,0.14986279201124025,4.705691669152945e-09,0.16266929645931386
128.0,0.0012648588517561012,15.214244708294178,115.08133324097415,56.919594895696754,13.83582964515566,12.460026002575145,7.059227693971307,1.5448359727778804,301.46504505998865,-0.038149717141884136,-0.08028598628207362,-0.04213626914018948,1.0,0.030667010017057867,2.9589166466231957e-12,2.3,0.006173586523612164,0.2969631373517079,0.007027493927684806,0.0003734905906704333,0.304757391702443,0.11957224344812742,0.14848156867585394,1.75,5672557.1870884895,0.061334020034115734,0.05753310634494624,-0.003513746963842403,-0.003513746963842403,0.003513746963842403,0.003513746963842403,-0.014054987855369612,-0.014054987855369612,0.0003734905906704333,0.14986279201124025,4.705691669152945e-09,0.16393422458377604
129.0,0.0012647232504972657,15.217078087961358,115.08623214371161,56.90793518099904,13.859927332136031,12.483738358189543,7.059939199128307,1.5451476910968223,301.4649885214738,-0.038153572951552576,-0.08028376598047855,-0.042130193028925976,1.0,0.030456812885052045,2.938635706530942e-12,2.3,0.006141057204945838,0.29715145989643743,0.0070408769528621795,0.00037872612765154327,0.30472441663357264,0.11955591037197408,0.14857572994821872,1.75,5671530.83158869,0.06091362577010409,0.057540209825072644,-0.0035204384764310898,-0.0035204384764310898,0.0035204384764310898,0.0035204384764310898,-0.014081753905724359,-0.014081753905724359,0.00037872612765154327,0.14986279201124025,4.705691669152945e-09,0.16519901563490272
130.0,0.0012645905550979137,15.219812124399308,115.09119860586345,56.89649076413814,13.883735059160038,12.507183504532074,7.060647056716506,1.5454578835483526,301.46493307955586,-0.03815736375932882,-0.08028159673607187,-0.042124232976743045,1.0,0.030249342322500546,2.9186178403980377e-12,2.3,0.006108852256063141,0.29733823944404675,0.007054059333237034,0.0003838894671115917,0.304692162949928,0.11953988981897912,0.14866911972202337,1.75,5670513.209667458,0.06049868464500109,0.057547060863972266,-0.003527029666618517,-0.003527029666618517,0.003527029666618517,0.003527029666618517,-0.014108118666474068,-0.014108118666474068,0.0003838894671115917,0.14986279201124025,4.705691669152945e-09,0.1664636725377003
131.0,0.0012644607277095628,15.22244864296315,115.09623112822452,56.88525893094612,13.907256920057605,12.530365080840323,7.06135130188541,1.5457665747783884,301.4648787133672,-0.038161090302483665,-0.08027947769161682,-0.042118387389133156,1.0,0.03004455777995563,2.898859135797549e-12,2.3,0.006076966978901412,0.29752345510107064,0.007067044826040762,0.00038898179857968447,0.3046606202133307,0.11952417756258113,0.14876172755053532,1.75,5669504.426948817,0.06008911555991126,0.057553664393983156,-0.003533522413020381,-0.003533522413020381,0.003533522413020381,0.003533522413020381,-0.014134089652081523,-0.014134089652081523,0.00038898179857968447,0.14986279201124025,4.705691669152945e-09,0.16772819817910406
132.0,0.0012643337307532366,15.224989436931816,115.10132823721625,56.874236987530196,13.930496959198356,12.553286684447274,7.062051969276421,1.5460737889274005,301.4648254024202,-0.03816475331509662,-0.08027740800188454,-0.042112654686787925,1.0,0.02984241923070821,2.8793557307391567e-12,2.3,0.006045396763913989,0.29770708756815945,0.007079837117355235,0.00039400429122764746,0.30462977810578235,0.11950876941346192,0.14885354378407972,1.75,5668504.58031028,0.05968483846141642,0.05756002524561454,-0.0035399185586776176,-0.0035399185586776176,0.0035399185586776176,0.0035399185586776176,-0.01415967423471047,-0.01415967423471047,0.00039400429122764746,0.14986279201124025,4.705691669152945e-09,0.16899259540833547
133.0,0.0012642095271040183,15.227436249499187,115.10648849964521,56.8634222713196,13.953459144424226,12.575951845952932,7.062749092905791,1.5463795493282728,301.46477312682725,-0.038168353525118874,-0.08027538684004287,-0.042107033314924,1.0,0.029642887436310928,2.8601038392882357e-12,2.3,0.00601413709714135,0.297889119820692,0.007092439799461845,0.00039895808882169586,0.3045996264936602,0.11949366124267033,0.148944559910346,1.75,5667513.754195202,0.059285774872621856,0.05756614810346212,-0.0035462198997309223,-0.0035462198997309223,0.0035462198997309223,0.0035462198997309223,-0.01418487959892369,-0.01418487959892369,0.00039895808882169586,0.14986279201124025,4.705691669152945e-09,0.1702568670372641
134.0,0.0012640880799111632,15.229790793658784,115.11171050651384,56.8528121402106,13.976147395805091,12.598364055419164,7.063442706303699,1.546683878841182,301.4647218670595,-0.03817189165708806,-0.08027341339082993,-0.04210152173374187,1.0,0.029445923664908134,2.8410997243888294e-12,2.3,0.005983183548705915,0.2980695362798443,0.007104856397060619,0.00040384431573731085,0.30457015535970705,0.1194788489582993,0.14903476813992214,1.75,5666532.025144463,0.05889184732981627,0.057572037556994485,-0.0035524281985303096,-0.0035524281985303096,0.0035524281985303096,0.0035524281985303096,-0.014209712794121239,-0.014209712794121239,0.00040384431573731085,0.14986279201124025,4.705691669152945e-09,0.17152101584077167
135.0,0.0012639693527845331,15.232054735224452,115.11699288697737,56.84240398379282,13.998565559413386,12.620526738310874,7.0641328424016585,1.5469867995708657,301.4646716041542,-0.03817536842910139,-0.08027148685665768,-0.04209611842755629,1.0,0.029251489946458556,2.8223397224888946e-12,2.3,0.0059525317795074755,0.29824832342405294,0.007117090345644323,0.00040866407205087453,0.30454135486528205,0.1194643285283014,0.14912416171202647,1.75,5665559.458485157,0.05850297989291711,0.0575776980589897,-0.0035585451728221613,-0.0035585451728221613,0.0035585451728221613,0.0035585451728221613,-0.014234180691288645,-0.014234180691288645,0.00040866407205087453,0.14986279201124025,4.705691669152945e-09,0.17278504455711952
136.0,0.0012638533096116567,15.234229711557768,115.12233429305066,56.832195212245,14.020717435175316,12.642443280876329,7.064819533666757,1.54728833317981,301.46462231948715,-0.0381787845556484,-0.080269606451083,-0.042090821895434595,1.0,0.02905954880158074,2.803820217377866e-12,2.3,0.0059221775303306785,0.2984254690415148,0.007129145016502775,0.0004134184393613856,0.3045132152844403,0.11945009595739418,0.1492127345207574,1.75,5664596.112414099,0.05811909760316148,0.05758313397329087,-0.0035645725082513874,-0.0035645725082513874,0.0035645725082513874,0.0035645725082513874,-0.01425829003300555,-0.01425829003300555,0.0004134184393613856,0.14986279201124025,4.705691669152945e-09,0.17404895588831762
137.0,0.0012637399147452516,15.236317315549558,115.12773341281516,56.8221832676949,14.042606751462673,12.6641170068341,7.065502811992908,1.5475885006235741,301.4645739949687,-0.03818214074451019,-0.08026777140464098,-0.04208563066013078,1.0,0.028870063486954402,2.7855376638642807e-12,2.3,0.0058921166282065755,0.2986009627783648,0.0071410236960717105,0.00041810847601937354,0.3044857270643009,0.11943614730954398,0.1493004813891824,1.75,5663642.035030657,0.057740126973908804,0.057588349535594704,-0.0035705118480358553,-0.0035705118480358553,0.0035705118480358553,0.0035705118480358553,-0.014282047392143421,-0.014282047392143421,0.00041810847601937354,0.14986279201124025,4.705691669152945e-09,0.17531275250049608
138.0,0.001263629132818056,15.238319113268057,115.13318895596353,56.812365612919116,14.064237192066816,12.68555120196171,7.0661827088300395,1.5478873224438012,301.4645266128287,-0.038185437699691925,-0.08026598095859921,-0.04208054325890729,1.0,0.02868299773426394,2.7674885625876637e-12,2.3,0.005862344976112066,0.2987747954657378,0.007152729609781615,0.0004227352227610607,0.304458880761146,0.11942247868513507,0.1493873977328689,1.75,5662697.268010234,0.05736599546852788,0.057593348898388505,-0.0035763648048908075,-0.0035763648048908075,0.0035763648048908075,0.0035763648048908075,-0.01430545921956323,-0.01430545921956323,0.0004227352227610607,0.14986279201124025,4.705691669152945e-09,0.17657643702427772
139.0,0.0012635209289308337,15.240236628837582,115.13869966630475,56.80273974279526,14.085612371583256,12.706749091506149,7.0668592550790565,1.548184818520345,301.46448015580205,-0.03818867611826259,-0.08026423437053494,-0.04207555825227235,1.0,0.028498315986221823,2.749669482791318e-12,2.3,0.005832858559016444,0.29894695961004975,0.007164265902334127,0.0004272996980719729,0.3044326670989675,0.11940908624310097,0.14947347980502487,1.75,5661761.843951682,0.056996631972443645,0.05759813609393346,-0.0035821329511670635,-0.0035821329511670635,0.0035821329511670635,0.0035821329511670635,-0.014328531804668254,-0.014328531804668254,0.0004272996980719729,0.14986279201124025,4.705691669152945e-09,0.17784001205515215
140.0,0.0012634152684657342,15.242071361079796,115.14426430809164,56.793303172853626,14.106735861535093,12.727713864004762,7.067532481216252,1.5484810083455112,301.4644346069251,-0.03819185669337067,-0.08026253090835841,-0.042070674214987745,1.0,0.02831598314519839,2.732077038068789e-12,2.3,0.005803653434132357,0.29911744878832236,0.0071756356604524485,0.0004318029036393311,0.30440707690751456,0.11939596617838712,0.14955872439416118,1.75,5660835.789675721,0.05663196629039678,0.05760271507657906,-0.0035878178302262242,-0.0035878178302262242,0.0035878178302262242,0.0035878178302262242,-0.014351271320904897,-0.014351271320904897,0.0004318029036393311,0.14986279201124025,4.705691669152945e-09,0.17910348015385044
141.0,0.001263312117274193,15.243824769230343,115.14988167786926,56.78405345078488,14.127611166526389,12.748448649397499,7.068202417191824,1.548775910791818,301.4643899497115,-0.03819498011103765,-0.08026086985564745,-0.042065889744609807,1.0,0.028135964800287617,2.7147079082723803e-12,2.3,0.005774725736666492,0.2992862580855205,0.007186841894040341,0.00043624581984765166,0.304382101179081,0.11938311474371303,0.14964312904276025,1.75,5659919.123859815,0.056271929600575234,0.05760708968779555,-0.0035934209470201706,-0.0035934209470201706,0.0035934209470201706,0.0035934209470201706,-0.014373683788080682,-0.014373683788080682,0.00043624581984765166,0.14986279201124025,4.705691669152945e-09,0.18036684384672041
142.0,0.0012632114414894563,15.24549828864046,115.1555505915347,56.774988144886535,14.148241749541244,12.768956542103357,7.068869092549732,1.5490695443687745,301.4643461679599,-0.03819804705324164,-0.08025925050592658,-0.042061203452684943,1.0,0.027958226985228547,2.6975588161561227e-12,2.3,0.0057460716705865665,0.29945338355233486,0.0071978875578884,0.00044062941105502563,0.30435773100843355,0.11937052822735379,0.14972669177616743,1.75,5659011.859993708,0.055916453970457095,0.05761126369604687,-0.0035989437789442,-0.0035989437789442,0.0035989437789442,0.0035989437789442,-0.0143957751157768,-0.0143957751157768,0.00044062941105502563,0.14986279201124025,4.705691669152945e-09,0.18163010562610224
143.0,0.0012631132077139534,15.24709331727654,115.16126989557011,56.76610485559298,14.168631008842434,12.789240579812912,7.069532536329609,1.5493619270051961,301.46430324591955,-0.03820105819467644,-0.08025767216777133,-0.04205661397309489,1.0,0.027782736396913515,2.680626548458613e-12,2.3,0.005717687514094143,0.29961882259415057,0.007208775533672764,0.0004449546212178929,0.3043339576478954,0.11935820297451875,0.14980941129707528,1.75,5658114.00427672,0.05556547279382703,0.057615240763736725,-0.003604387766836382,-0.003604387766836382,0.003604387766836382,0.003604387766836382,-0.014417551067345527,-0.014417551067345527,0.0004449546212178929,0.14986279201124025,4.705691669152945e-09,0.18289326795070393
144.0,0.0012630173828315412,15.248611230544483,115.16703845478818,56.75740120385541,14.188782302471814,12.809303765843287,7.070192777182278,1.5496530762897285,301.46426116810943,-0.038204014205889536,-0.08025613415933079,-0.042052119953441255,1.0,0.02760946016222076,2.6639079334057792e-12,2.3,0.005689569610874149,0.29978257348594556,0.00721950865066893,0.00044922237899677113,0.3043107724490946,0.1193461353654736,0.14989128674297278,1.75,5657225.558260009,0.05521892032444152,0.05761902448480767,-0.003609754325334465,-0.003609754325334465,0.003609754325334465,0.003609754325334465,-0.01443901730133786,-0.01443901730133786,0.00044922237899677113,0.14986279201124025,4.705691669152945e-09,0.1841563332459767
145.0,0.001262923934193866,15.25005336852107,115.17285516298807,56.74887484266468,14.208698925871152,12.829149048589905,7.07084984327491,1.5499430092667141,301.46421991947494,-0.038206915750017445,-0.0802546358132136,-0.04204772006319615,1.0,0.02743836604834532,2.6473998610047302e-12,2.3,0.0056617143753069634,0.2999446357170932,0.007230089668549444,0.0004534335935073052,0.3042881669163961,0.11933432183652448,0.1499723178585466,1.75,5656346.5169833135,0.05487673209669064,0.057622618353475236,-0.003615044834274722,-0.003615044834274722,0.003615044834274722,0.003615044834274722,-0.014460179337098889,-0.014460179337098889,0.0004534335935073052,0.14986279201124025,4.705691669152945e-09,0.18541930390448938
146.0,0.0012628328294329418,15.251421049959003,115.17871893134313,56.740523445399276,14.228384135608966,12.848779343182423,7.071503762402407,1.550231742661588,301.4641794852158,-0.038209763485965616,-0.08025317647124189,-0.04204341298527627,1.0,0.0272694222381779,2.6310992613711084e-12,2.3,0.005634118284169472,0.30010500955846753,0.007240521297154351,0.00045758915926088134,0.3042661326504134,0.1193227588584987,0.15005250477923376,1.75,5655476.8713311115,0.0545388444763558,0.05762602579970807,-0.0036202606485771756,-0.0036202606485771756,0.0036202606485771756,0.0036202606485771756,-0.014481042594308702,-0.014481042594308702,0.00045758915926088134,0.14986279201124025,4.705691669152945e-09,0.1866821822863028
147.0,0.001262744036646088,15.252715560202564,115.18462869851581,56.73234471731454,14.247841127701024,12.868197511575191,7.072154561895662,1.5505192926893623,301.4641398509353,-0.038212558065129756,-0.08025175548912993,-0.04203919742400017,1.0,0.02710259753281957,2.6150031242687887e-12,2.3,0.005606777881601921,0.30026369636694933,0.0072508061800491104,0.0004616899520390269,0.30424466139983986,0.11931144295732453,0.15013184818347466,1.75,5654616.606387679,0.05420519506563914,0.05762925015963327,-0.0036254030900245552,-0.0036254030900245552,0.0036254030900245552,0.0036254030900245552,-0.014501612360098221,-0.014501612360098221,0.0004616899520390269,0.14986279201124025,4.705691669152945e-09,0.1879449707193423
148.0,0.0012626575242092792,15.25393816442718,115.19058341964688,56.72433638388973,14.267073060588189,12.88740638352611,7.072802268729001,1.5508056752659363,301.4641010024774,-0.03821530013460639,-0.0802503722314584,-0.042035072096852005,1.0,0.026937861135156217,2.599108478227988e-12,2.3,0.0055796897712321785,0.300420698200219,0.007260946913398359,0.0004657368336742091,0.3042237450066643,0.11930037069288611,0.1502103491001095,1.75,5653765.703532139,0.05387572227031243,0.057632294709041194,-0.0036304734566991793,-0.0036304734566991793,0.0036304734566991793,0.0036304734566991793,-0.014521893826796717,-0.014521893826796717,0.0004657368336742091,0.14986279201124025,4.705691669152945e-09,0.18920767149976997
149.0,0.0012625732609603396,15.255090096195165,115.19658207596285,56.71649620226007,14.286083034134515,12.906408737305679,7.073446909431412,1.5510909058283364,301.46406292606787,-0.038217990333908894,-0.08024902607615617,-0.04203103574224727,1.0,0.026775182844900523,2.5834124093639535e-12,2.3,0.005552850620911945,0.3005760180845273,0.007270946030247205,0.00046973064804461294,0.3042033754564535,0.11928953867919216,0.15028800904226364,1.75,5652924.13899241,0.053550365689801045,0.05763516263535339,-0.0036354730151236026,-0.0036354730151236026,0.0036354730151236026,0.0036354730151236026,-0.01454189206049441,-0.01454189206049441,0.00046973064804461294,0.14986279201124025,4.705691669152945e-09,0.1904702868923548
150.0,0.001262491216013481,15.256172569979796,115.20262366432885,56.708821949590536,14.304874111880002,12.925207320020164,7.074088510190221,1.5513749995329102,301.46402560816034,-0.038220629298198555,-0.0802477164096841,-0.04202708711148555,1.0,0.026614532850026823,2.5679120412534884e-12,2.3,0.005526257155237501,0.3007296596730277,0.00728080601854264,0.00047367222570029386,0.30418354482521787,0.11927894356361697,0.15036482983651386,1.75,5652091.885702064,0.053229065700053646,0.057637857069284835,-0.00364040300927132,-0.00364040300927132,0.00364040300927132,0.00364040300927132,-0.01456161203708528,-0.01456161203708528,0.00047367222570029386,0.14986279201124025,4.705691669152945e-09,0.1917328191308417
151.0,0.001262411358940477,15.257186770320128,115.20870720637998,56.70131143443002,14.323449300694945,12.943804828919811,7.074727096765171,1.551657971086513,301.46398903556985,-0.03822321765500308,-0.08024644263133004,-0.04202322497632696,1.0,0.02645588191466426,2.5526045530638827e-12,2.3,0.0054999061600689925,0.30088162748007147,0.007290529306103247,0.0004775623799753723,0.3041642453281919,0.11926858204665339,0.15044081374003573,1.75,5651268.912035407,0.05291176382932852,0.05764038105827396,-0.0036452646530516237,-0.0036452646530516237,0.0036452646530516237,0.0036452646530516237,-0.014581058612206495,-0.014581058612206495,0.0004775623799753723,0.14986279201124025,4.705691669152945e-09,0.19299527041831868
152.0,0.0012623336595867425,15.258133863675964,115.21483173860253,56.69396248513625,14.341811572330796,12.962203931087087,7.075362694588506,1.5519398349324922,301.4639531953269,-0.03822575602745906,-0.08024520414859176,-0.0420194481211327,1.0,0.026299201178072412,2.537487160157012e-12,2.3,0.0054737944754229394,0.30103192657927724,0.0073001182778302896,0.0004814019114645617,0.3041454692682978,0.11925845086154883,0.15051596328963862,1.75,5650455.183447127,0.052598402356144824,0.0576427375964251,-0.0036500591389151448,-0.0036500591389151448,0.0036500591389151448,0.0036500591389151448,-0.014600236555660579,-0.014600236555660579,0.0004814019114645617,0.14986279201124025,4.705691669152945e-09,0.1942576429275823
153.0,0.0012622580882502205,15.259014988143546,115.22099632101825,56.686772961133784,14.359963843709876,12.980407245325011,7.075995328681767,1.552220605092072,301.4639180748043,-0.03822824503104,-0.0802440003812947,-0.0420157553502547,1.0,0.026144462335694455,2.522557131558311e-12,2.3,0.005447918999787203,0.30118056280734995,0.007309575261332588,0.00048519160424979484,0.3041272090834709,0.11924854679363994,0.15059028140367497,1.75,5649650.6613721745,0.05228892467138891,0.05764492959930679,-0.003654787630666294,-0.003654787630666294,0.003654787630666294,0.003654787630666294,-0.014619150522665176,-0.014619150522665176,0.00048519160424979484,0.14986279201124025,4.705691669152945e-09,0.1955199388015008
154.0,0.0012621846154993205,15.259831264684665,115.22720002776147,56.67974074141187,14.377908997797082,12.998417361230837,7.076625023752459,1.552500295338962,301.4638836615794,-0.03823068527680184,-0.08024283075716439,-0.04201214548036255,1.0,0.025991637445365093,2.5078117712586793e-12,2.3,0.0054222766833625004,0.30132754249837923,0.007318902543367353,0.0004889322302320396,0.30410945729666977,0.11923886666039103,0.15066377124918962,1.75,5648855.30466756,0.05198327489073019,0.05764695993228872,-0.0036594512716836766,-0.0036594512716836766,0.0036594512716836766,0.0036594512716836766,-0.014637805086734706,-0.014637805086734706,0.0004889322302320396,0.14986279201124025,4.705691669152945e-09,0.19678216015337555
155.0,0.0012621132123493224,15.260583787367656,115.23344195534335,56.67286373567015,14.395649864504593,13.016236821645965,7.077251804113439,1.5527789190502472,301.4638499435535,-0.03823307736812682,-0.08024169471577566,-0.042008617347648845,1.0,0.025840699101818,2.4932484350518956e-12,2.3,0.005396864532185157,0.3014728726599443,0.007328102356088526,0.000492624545469365,0.3040922065617928,0.1192294073303083,0.15073643632997216,1.75,5648069.068661995,0.051681398203636,0.057648831386621066,-0.003664051178044263,-0.003664051178044263,0.003664051178044263,0.003664051178044263,-0.014656204712177053,-0.014656204712177053,0.000492624545469365,0.14986279201124025,4.705691669152945e-09,0.19804430906729986
156.0,0.0012620438500824506,15.26127363401074,115.23972121369404,56.66613987290857,14.413189240906425,13.033868141134782,7.0778756937763285,1.5530564893704024,301.46381690882146,-0.03823542190396463,-0.08024059170430554,-0.042005169800340914,1.0,0.02569162024983228,2.4788645125059853e-12,2.3,0.005371679601695682,0.30161656074042464,0.007337176892755324,0.0004962692943688251,0.3040754496151842,0.11922016570338641,0.15080828037021232,1.75,5647291.90641757,0.05138324049966456,0.05765054670627157,-0.003668588446377662,-0.003668588446377662,0.003668588446377662,0.003668588446377662,-0.014674353785510647,-0.014674353785510647,0.0004962692943688251,0.14986279201124025,4.705691669152945e-09,0.19930638759851574
157.0,0.0012619765004215967,15.261901856915316,115.24603693403249,56.65956711244681,14.43052987273841,13.051313788978208,7.078496716373388,1.5533330190710373,301.4637845457855,-0.03823771947559772,-0.08023952118132228,-0.04200180170572457,1.0,0.02554437435247234,2.464657443195904e-12,2.3,0.0053467190006804615,0.30175861477992527,0.007346128294574067,0.0004998672061330002,0.30405917932018695,0.11921113872960175,0.15087930738996264,1.75,5646523.767915378,0.05108874870494468,0.05765210856520496,-0.0036730641472870335,-0.0036730641472870335,0.0036730641472870335,0.0036730641472870335,-0.014692256589148134,-0.014692256589148134,0.0004998672061330002,0.14986279201124025,4.705691669152945e-09,0.20056839777376775
158.0,0.0012619111353527473,15.262469492960863,115.25238826034543,56.65314343262312,14.447674473976985,13.068576207076847,7.079114895247803,1.5536085207050399,301.4637528430313,-0.03823997066987142,-0.08023848261270994,-0.04199851194283852,1.0,0.025398935210891347,2.4506246993172143e-12,2.3,0.005321979885148324,0.30189904320763533,0.007354958665710435,0.0005034189988165677,0.3040433886200984,0.11920232338977092,0.15094952160381767,1.75,5645764.60115339,0.050797870421782694,0.05765351959281809,-0.0036774793328552173,-0.0036774793328552173,0.0036774793328552173,0.0036774793328552173,-0.01470991733142087,-0.01470991733142087,0.0005034189988165677,0.14986279201124025,4.705691669152945e-09,0.20183034159165492
159.0,0.0012618477272958895,15.262977554799708,115.25877435688585,56.64686684167516,14.464625708915257,13.085657793470688,7.0797302533779565,1.5538830064745803,301.463721789436,-0.03824217606598565,-0.08023747547530515,-0.041995299409319495,1.0,0.0252552771265696,2.4367638013397074e-12,2.3,0.005297459462100789,0.3020378549699086,0.0073636700606962485,0.0005069253758783961,0.3040280705813981,0.11919371671362385,0.1510189274849543,1.75,5645014.351455379,0.0505105542531392,0.057654782352344114,-0.0036818350303481242,-0.0036818350303481242,0.0036818350303481242,0.0036818350303481242,-0.014727340121392497,-0.014727340121392497,0.0005069253758783961,0.14986279201124025,4.705691669152945e-09,0.20309222102297925
160.0,0.0012617862489300359,15.263427040438271,115.26519440006267,56.64073536656271,14.481386211126805,13.102560919685262,7.0803428134647355,1.5541564883760517,301.46369137405065,-0.038244336238708036,-0.0802364992529852,-0.04199216301427717,1.0,0.02511337472750431,2.423072301237268e-12,2.3,0.005273154983697871,0.30217505935494876,0.007372264498779646,0.0005103870301072992,0.3040132183481099,0.11918531576107619,0.15108752967747438,1.75,5644272.962419962,0.05022674945500862,0.05765589936497664,-0.003686132249389823,-0.003686132249389823,0.003686132249389823,0.003686132249389823,-0.014744528997559292,-0.014744528997559292,0.0005103870301072992,0.14986279201124025,4.705691669152945e-09,0.2043540380110922
161.0,0.0012617266733611244,15.263818924864626,115.27164758558988,56.63474706369918,14.497958566099177,13.119287914760458,7.080952597858075,1.5544289780757756,301.4636615862029,-0.038246451755196455,-0.08023555344016008,-0.04198910168496362,1.0,0.024973203124699795,2.4095477975868814e-12,2.3,0.00524906375086765,0.3023106661001822,0.0073807439518697535,0.0005138046402767683,0.30399882518374644,0.11917711763988412,0.1511553330500911,1.75,5643540.3753412245,0.04994640624939959,0.0576568730893285,-0.0036903719759348768,-0.0036903719759348768,0.0036903719759348768,0.0036903719759348768,-0.014761487903739507,-0.014761487903739507,0.0005138046402767683,0.14986279201124025,4.705691669152945e-09,0.20561579447223777
162.0,0.0012616689739498145,15.264154169148373,115.27813312076191,56.62890000791119,14.514345329602845,13.13584108205776,7.081559628641435,1.554700487046366,301.4636324153852,-0.038248523178189844,-0.08023463753801605,-0.0419861143598262,1.0,0.0248347377444859,2.3961879193898217e-12,2.3,0.005225183107743366,0.30244468524177454,0.007389110358257175,0.0005171788749442687,0.3039848844270334,0.11916911948733139,0.15122234262088727,1.75,5642816.5300226305,0.0496694754889718,0.05765770594432922,-0.0036945551791285874,-0.0036945551791285874,0.0036945551791285874,0.0036945551791285874,-0.01477822071651435,-0.01477822071651435,0.0005171788749442687,0.14986279201124025,4.705691669152945e-09,0.20687749229589325
163.0,0.001261613124476313,15.264433712474348,115.2846502312743,56.62319230301164,14.530549010864087,13.152222683781806,7.082163927560529,1.5549710264496177,301.46360385135273,-0.03825055106286545,-0.08023375105787003,-0.041983199995004584,1.0,0.024697954479499084,2.3829903406391108e-12,2.3,0.005201510445121105,0.3025771272032618,0.007397365611070847,0.000520510389205759,0.30397138953260866,0.11916131848746858,0.1512885636016309,1.75,5642101.364298705,0.04939590895899817,0.05765840028967323,-0.0036986828055354235,-0.0036986828055354235,0.0036986828055354235,0.0036986828055354235,-0.014794731222141694,-0.014794731222141694,0.000520510389205759,0.14986279201124025,4.705691669152945e-09,0.2081391333451063
164.0,0.0012615590989710742,15.26465848079119,115.29119815386174,56.61762207090736,14.546572090358621,13.1684349572662,7.0827655161050815,1.5552406072648723,301.463575884017,-0.03825253596000254,-0.08023289351756155,-0.04198035755755901,1.0,0.024562829526883247,2.3699527647082725e-12,2.3,0.005178043195152763,0.3027080026675973,0.007405511571399671,0.0005237998283727509,0.30395833402806655,0.1191537118532145,0.15135400133379864,1.75,5641394.814726428,0.04912565905376649,0.0576589584475689,-0.0037027557856998353,-0.0037027557856998353,0.0037027557856998353,0.0037027557856998353,-0.014811023142799341,-0.014811023142799341,0.0005237998283727509,0.14986279201124025,4.705691669152945e-09,0.20940071945683
165.0,0.0012615068718764583,15.26482937922633,115.29777614280911,56.61218746200595,14.562417003506308,13.184480099971791,7.083364415439654,1.5555092401786095,301.46354850353896,-0.038254478412877865,-0.08023206444467583,-0.041977586031797964,1.0,0.02442933953399106,2.3570729384093735e-12,2.3,0.005154778834659972,0.3028373226488485,0.00741355005723706,0.0005270478248237824,0.30394571155345107,0.11914629684318322,0.15141866132442425,1.75,5640696.816198177,0.04885867906798212,0.05765938268411547,-0.00370677502861853,-0.00370677502861853,0.00370677502861853,0.00370677502861853,-0.01482710011447412,-0.01482710011447412,0.0005270478248237824,0.14986279201124025,4.705691669152945e-09,0.21066225244225378
166.0,0.0012614564178804301,15.264947300311244,115.30438346293107,56.60688664448119,14.578086157908428,13.200360285268147,7.083960646482806,1.5557769357053541,301.4635217002283,-0.03825637896039801,-0.08023126337307712,-0.04197488441267911,1.0,0.024297461442230245,2.3443486369264793e-12,2.3,0.005131714880068074,0.3029650983846675,0.007421482856032929,0.0005302550015633477,0.3039335158195772,0.11913907074419841,0.15148254919233375,1.75,5640007.30252217,0.04859492288446049,0.057659675229976504,-0.0037107414280164643,-0.0037107414280164643,0.0037107414280164643,0.0037107414280164643,-0.014842965712065857,-0.014842965712065857,0.0005302550015633477,0.14986279201124025,4.705691669152945e-09,0.21192373408713222
167.0,0.0012614077120750467,15.265013116754583,115.3110193957912,56.60171781450724,14.59358191754722,13.216077647893094,7.084554229839935,1.5560437040835202,301.46349546463114,-0.0382582381340361,-0.08023048984600692,-0.04197225171197082,1.0,0.02416717262770275,2.3317776773852733e-12,2.3,0.005108848890584263,0.3030913413927005,0.0074293117141027935,0.0005334219691675565,0.30392174064636,0.11913203088771193,0.15154567069635025,1.75,5639326.206117745,0.0483343452554055,0.05765983826262873,-0.0037146558570513967,-0.0037146558570513967,0.0037146558570513967,0.0037146558570513967,-0.014858623428205587,-0.014858623428205587,0.0005334219691675565,0.14986279201124025,4.705691669152945e-09,0.21318516615210997
168.0,0.0012613607297932011,15.265027689270145,115.31768323300311,56.59667918568977,14.608906619485078,13.231634299246219,7.0851451858799495,1.5563095553893642,301.4634697874354,-0.03826005646092911,-0.08022974341275212,-0.04196968695182301,1.0,0.024038450750471656,2.319357904309521e-12,2.3,0.005086178463358393,0.3032160633815618,0.007437038348637773,0.0005365493292288804,0.3039103799223682,0.11912517463272965,0.1516080316907809,1.75,5638653.458495368,0.04807690150094331,0.05765987392602753,-0.0037185191743188866,-0.0037185191743188866,0.0037185191743188866,0.0037185191743188866,-0.014874076697275546,-0.014874076697275546,0.0005365493292288804,0.14986279201124025,4.705691669152945e-09,0.2144465503730441
169.0,0.0012613154467638861,15.264991859686617,115.32437428217445,56.591768999122365,14.62406255855251,13.247032313294776,7.0857335346700365,1.5565744994386628,301.46344465955355,-0.0382618344608582,-0.08022902363162383,-0.04196718917076563,1.0,0.023911273890345044,2.307087202722226e-12,2.3,0.005063701236532955,0.30333927629345664,0.007444664437556196,0.0005396376713932845,0.3038994276420234,0.11911849938182532,0.15166963814672832,1.75,5637988.990026133,0.04782254778069009,0.057659784313675244,-0.003722332218778098,-0.003722332218778098,0.003722332218778098,0.003722332218778098,-0.014889328875112393,-0.014889328875112393,0.0005396376713932845,0.14986279201124025,4.705691669152945e-09,0.21570788846132266
170.0,0.0012612718389521079,15.264906458402493,115.33109186051075,56.58698551299028,14.639052003527011,13.262273741395184,7.086319296049964,1.5568385458941785,301.46342007203276,-0.03826357264930794,-0.08022833006675424,-0.0419647574174463,1.0,0.023785620401347705,2.294963484104281e-12,2.3,0.005041414884617711,0.3034609922318918,0.0074521916309979565,0.0005426875766946399,0.30388887786635393,0.11911200256447435,0.1517304961159459,1.75,5637332.730331009,0.04757124080269541,0.05765957148734131,-0.0037260958154989783,-0.0037260958154989783,0.0037260958154989783,0.0037260958154989783,-0.014904383261995913,-0.014904383261995913,0.0005426875766946399,0.14986279201124025,4.705691669152945e-09,0.21696918210418065
171.0,0.001261229882710846,15.26477229781232,115.33783530050003,56.58232701244449,14.653877182293467,13.277360598630722,7.086902489568696,1.557101704172786,301.46339601613397,-0.03826527153449257,-0.0802276622909623,-0.04196239075646973,1.0,0.023661469042846245,2.2829846990461185e-12,2.3,0.005019317121418189,0.30358122349190547,0.007459621541597703,0.0005456996146806474,0.30387872475909633,0.11910568165267044,0.15179061174595274,1.75,5636684.608117012,0.04732293808569249,0.05765923746090089,-0.0037298107707988515,-0.0037298107707988515,0.0037298107707988515,0.0037298107707988515,-0.014919243083195406,-0.014919243083195406,0.0005456996146806474,0.14986279201124025,4.705691669152945e-09,0.21823043296501213
172.0,0.0012611895546242036,15.264590179411215,115.34460394380184,56.57779179938409,14.668540297519877,13.292294878176492,7.0874831345564235,1.5573639835468804,301.463372483246,-0.03826693162037408,-0.08022701988267263,-0.041960088262298544,1.0,0.0235387988390201,2.271148823688725e-12,2.3,0.004997405695612254,0.3036999825028775,0.007466955755488433,0.0005486743466406269,0.3038689625486113,0.11909953414466133,0.15184999125143875,1.75,5636044.551484655,0.0470775976780402,0.0576587842181681,-0.0037334778777442165,-0.0037334778777442165,0.0037334778777442165,0.0037334778777442165,-0.014933911510976866,-0.014933911510976866,0.0005486743466406269,0.14986279201124025,4.705691669152945e-09,0.21949164268367966
173.0,0.0012611508316560606,15.26436088751884,115.3513971466871,56.573378202144426,14.683043512274809,13.307078538054876,7.088061250062951,1.5576253930565935,301.463349464961,-0.03826855340373634,-0.08022640242867345,-0.041957849024937106,1.0,0.023417589205515857,2.2594538719439245e-12,2.3,0.004975678393563621,0.3038172818476409,0.0074741958229764234,0.0005516123228176252,0.3038595855629217,0.11909355758017429,0.15190864092382045,1.75,5635412.487823897,0.046835178411031714,0.0576582136974593,-0.0037370979114882117,-0.0037370979114882117,0.0037370979114882117,0.0037370979114882117,-0.014948391645952847,-0.014948391645952847,0.0005516123228176252,0.14986279201124025,4.705691669152945e-09,0.22075281287681978
174.0,0.0012611136909964989,15.264085196054554,115.35821427419604,56.56908456546274,14.697388965216556,13.321713515058883,7.088636854927553,1.5578859416055493,301.463326952993,-0.03827013737715969,-0.08022580952115199,-0.041955672143992304,1.0,0.02329781981372048,2.2478978823987373e-12,2.3,0.004954133035089019,0.30393313421890944,0.007481343269077759,0.0005545140855331792,0.30385058819275385,0.1190877495245496,0.15196656710945472,1.75,5634788.344047892,0.04659563962744096,0.057657527808593685,-0.0037406716345388794,-0.0037406716345388794,0.0037406716345388794,0.0037406716345388794,-0.014962686538155518,-0.014962686538155518,0.0005545140855331792,0.14986279201124025,4.705691669152945e-09,0.22201394513814607
175.0,0.0012610781102071146,15.26376386254167,115.36505470534681,56.56490925997785,14.711578756652708,13.336201711911803,7.089209967719066,1.5581456378778338,301.4633049392495,-0.038271684026144406,-0.08022524076034958,-0.04195355673420517,1.0,0.023179470713123766,2.2364789301215602e-12,2.3,0.00493276747616253,0.3040475524284271,0.007488399584576123,0.0005573801664830523,0.3038419649255452,0.1190821075835806,0.15202377621421356,1.75,5634172.0465424815,0.04635894142624753,0.057656728418138424,-0.0037441997922880617,-0.0037441997922880617,0.0037441997922880617,0.0037441997922880617,-0.014976799169152247,-0.014976799169152247,0.0005573801664830523,0.14986279201124025,4.705691669152945e-09,0.22327504103874787
176.0,0.0012610440670707684,15.26339763457288,115.3719178275472,56.560850672382905,14.725614963258822,13.35054501076338,7.089780606803664,1.5584044904284704,301.46328341575384,-0.038273193832039774,-0.0802246957517085,-0.041951501919668725,1.0,0.023062522200204428,2.2251951140115973e-12,2.3,0.004911579604862719,0.30416054937564313,0.007495366236114647,0.0005602110897624332,0.303833710309578,0.11907662938804073,0.15208027468782156,1.75,5633563.521333704,0.046125044400408856,0.05765581736562729,-0.0037476831180573234,-0.0037476831180573234,0.0037476831180573234,0.0037476831180573234,-0.014990732472229294,-0.014990732472229294,0.0005602110897624332,0.14986279201124025,4.705691669152945e-09,0.2245361021273868
177.0,0.0012610115397335671,15.262987244078476,115.37880304158476,56.55690721473458,14.73949962456567,13.364745260740506,7.090348790286584,1.5586625076048348,301.463262374714,-0.03827466726921818,-0.0802241741084286,-0.041949506839210414,1.0,0.02294695493667263,2.2140445682075324e-12,2.3,0.004890567343974191,0.3042721380479706,0.007502244657618707,0.000563007369242817,0.30382581898698596,0.11907131260814333,0.1521360690239853,1.75,5632962.694085058,0.04589390987334526,0.057654796449447876,-0.0037511223288093534,-0.0037511223288093534,0.0037511223288093534,0.0037511223288093534,-0.015004489315237414,-0.015004489315237414,0.000563007369242817,0.14986279201124025,4.705691669152945e-09,0.225797129930789
178.0,0.0012609805065579268,15.262533413500346,115.38570975627822,56.55307731479578,14.753234757222947,13.378804291030232,7.090914536077906,1.5589196976321977,301.46324180844806,-0.03827610480795684,-0.0802236754487207,-0.041947570640763855,1.0,0.022832749822787997,2.2030254498645713e-12,2.3,0.0048697286471041734,0.3043823315004571,0.007509036259964365,0.0005657695115009994,0.3038182856589468,0.11906615493845725,0.15219116575022856,1.75,5632369.490205595,0.045665499645575994,0.057653667442325196,-0.0037545181299821827,-0.0037545181299821827,0.0037545181299821827,0.0037545181299821827,-0.01501807251992873,-0.01501807251992873,0.0005657695115009994,0.14986279201124025,4.705691669152945e-09,0.22705812595393474
179.0,0.0012609509462612662,15.262036850308933,115.39263739326057,56.54935942515324,14.766822341900198,13.392723898808745,7.091477861835851,1.5591760685392964,301.4632217094498,-0.038277506911663636,-0.08022319939826926,-0.041945692486605624,1.0,0.022719888111644895,2.1921359501812972e-12,2.3,0.004849061501186375,0.30449114284812895,0.007515742422749172,0.0005684980132746563,0.3038111051177203,0.11906115411199332,0.15224557142406447,1.75,5631783.8348896885,0.04543977622328979,0.05765243207781401,-0.003757871211374586,-0.003757871211374586,0.003757871211374586,0.003757871211374586,-0.015031484845498344,-0.015031484845498344,0.0005684980132746563,0.14986279201124025,4.705691669152945e-09,0.22831909168034434
180.0,0.001260922837772352,15.261498252902888,115.39958538185729,56.54575201375233,14.780264337110625,13.406505861924753,7.092038785030645,1.5594316282392662,301.4632020703181,-0.03827887403970994,-0.08022274558758745,-0.04194387154787751,1.0,0.022608351286750466,2.181374282587748e-12,2.3,0.004828563922758619,0.3045985852555054,0.007522364503557401,0.0005711933642983843,0.30380427221286416,0.11905630788550248,0.1522992926277527,1.75,5631205.653171985,0.04521670257350093,0.05765109206509104,-0.0037611822517787004,-0.0037611822517787004,0.0037611822517787004,0.0037611822517787004,-0.015044729007114802,-0.015044729007114802,0.0005711933642983843,0.14986279201124025,4.705691669152945e-09,0.22958002857236115
181.0,0.0012608961603667312,15.260918305360574,115.40655316367369,56.5422535728224,14.793562666512168,13.420151927194475,7.092597322889338,1.5596863844590998,301.46318288381974,-0.03828020664470906,-0.08022231365439018,-0.04194210700968112,1.0,0.0224981211725073,2.170738693405371e-12,2.3,0.004808233960373426,0.30470467192191436,0.0075289038300626445,0.000573856044835602,0.3037977818823354,0.1190516140531958,0.15235233596095718,1.75,5630634.870004901,0.0449962423450146,0.057649649076017835,-0.0037644519150313222,-0.0037644519150313222,0.0037644519150313222,0.0037644519150313222,-0.015057807660125289,-0.015057807660125289,0.000573856044835602,0.14986279201124025,4.705691669152945e-09,0.2308409380714307
182.0,0.0012608708935263975,15.26029768308129,115.41354018768712,56.53886260960505,14.806719232305918,13.433663822698463,7.093153492457825,1.5599403448162696,301.463164142821,-0.038281505175298956,-0.08022190324104607,-0.04194039806574711,1.0,0.02238917981588666,2.160227450430225e-12,2.3,0.004788069691027932,0.30480941607981504,0.007535361708909067,0.0005764865284247783,0.303791629119699,0.11904707043241797,0.15240470803990752,1.75,5630071.410266068,0.04477835963177332,0.057648104759282406,-0.0037676808544545334,-0.0037676808544545334,0.0037676808544545334,0.0037676808544545334,-0.015070723417818134,-0.015070723417818134,0.0005764865284247783,0.14986279201124025,4.705691669152945e-09,0.23210182159837725
183.0,0.0012608470170719283,15.259637047758044,115.42054591464913,56.53557765508716,14.819735902924284,13.447043246430667,7.093707310547122,1.5601935167518255,301.4631458403487,-0.03828277007347382,-0.0802215139968651,-0.04193874392339128,1.0,0.022281509593257396,2.149838853240406e-12,2.3,0.004768069222486213,0.3049128309738901,0.007541739418130447,0.0005790852794853332,0.3037858090043176,0.11904267487700951,0.15245641548694505,1.75,5629515.198869218,0.04456301918651479,0.057646460728000296,-0.0037708697090652237,-0.0037708697090652237,0.0037708697090652237,0.0037708697090652237,-0.015083478836260895,-0.015083478836260895,0.0005790852794853332,0.14986279201124025,4.705691669152945e-09,0.23336268055367643
184.0,0.0012608245110254713,15.258937052775186,115.42756981238011,56.53239725492346,14.832614526018027,13.460291878221362,7.094258793793626,1.5604459076029866,301.46312796952475,-0.038284001777315835,-0.08022114557564314,-0.0419371437983273,1.0,0.022175093095996058,2.139571222159099e-12,2.3,0.004748230689853238,0.30501492986721973,0.007548038215665582,0.0005816527559770824,0.30378031666952593,0.11903842526334824,0.15250746493360987,1.75,5628966.160729335,0.044350186191992116,0.057644718573243554,-0.003774019107832791,-0.003774019107832791,0.003774019107832791,0.003774019107832791,-0.015096076431331163,-0.015096076431331163,0.0005816527559770824,0.14986279201124025,4.705691669152945e-09,0.23462351631772513
185.0,0.0012608033557396621,15.258198338390134,115.4346113599961,56.529319977977615,14.84535691651892,13.473411368728817,7.09480795860679,1.5606975245396437,301.4631105236237,-0.03828520071838022,-0.08022079763786784,-0.04193559691948762,1.0,0.02206991323380322,2.129422908223087e-12,2.3,0.004728552257813497,0.3051157260148895,0.0075542593320792415,0.000584189407077892,0.3037751473319354,0.11903431950336041,0.15255786300744476,1.75,5628424.220902939,0.04413982646760644,0.05764287985214998,-0.0037771296660396208,-0.0037771296660396208,0.0037771296660396208,0.0037771296660396208,-0.015108518664158483,-0.015108518664158483,0.000584189407077892,0.14986279201124025,4.705691669152945e-09,0.2358843302511077
186.0,0.0012607835317638484,15.25742153690125,115.44167004339484,56.52634440743936,14.857964869228924,13.486403351000515,7.095354821227699,1.5609483746331816,301.46309349601114,-0.038286367324375216,-0.08022046984835177,-0.04193410252397655,1.0,0.02196595312410018,2.119392282511158e-12,2.3,0.0047090321173411396,0.30521523267713985,0.007560403978728935,0.0005866956757592569,0.3037702962605425,0.11903035553092431,0.15260761633856992,1.75,5627889.3045157045,0.04393190624820036,0.05764094610087485,-0.0037802019893644675,-0.0037802019893644675,0.0037802019893644675,0.0037802019893644675,-0.01512080795745787,-0.01512080795745787,0.0005866956757592569,0.14986279201124025,4.705691669152945e-09,0.23714512369485946
187.0,0.001260765019969845,15.256607268026924,115.4487453593165,56.52346914917448,14.87044014724516,13.499269429796314,7.095899397678078,1.5611984647961696,301.46307688019874,-0.038287502016601,-0.08022016187836016,-0.04193265986175916,1.0,0.021863196191967166,2.1094777457866715e-12,2.3,0.004689668487859152,0.30531346308816343,0.007566473340774008,0.0005891719965335165,0.30376575880518036,0.11902653131453729,0.15265673154408171,1.75,5627361.33692852,0.04372639238393433,0.057638918823180015,-0.003783236670387004,-0.003783236670387004,0.003783236670387004,0.003783236670387004,-0.015132946681548015,-0.015132946681548015,0.0005891719965335165,0.14986279201124025,4.705691669152945e-09,0.2384058979707263
188.0,0.0012607478014214025,15.255756143856642,115.45583681101083,56.52069282303608,14.88278449416427,13.512011192799749,7.096441703817265,1.561447801847659,301.4630606697845,-0.03828860521257722,-0.08021987340332862,-0.041931268190751395,1.0,0.02176162606318286,2.0996777181774467e-12,2.3,0.004670459614078612,0.3054104304754426,0.007572468585010084,0.0005916187979484011,0.30376153036652753,0.11902284484407426,0.1527052152377213,1.75,5626840.243631843,0.04352325212636572,0.05763679950284138,-0.003786234292505042,-0.003786234292505042,0.003786234292505042,0.003786234292505042,-0.015144937170020169,-0.015144937170020169,0.0005916187979484011,0.14986279201124025,4.705691669152945e-09,0.23966665438142193
189.0,0.0012607318574968081,15.254868764416662,115.46294391214052,56.51801407102479,14.894999622857942,13.524630200261965,7.096981755292503,1.5616963924558562,301.4630448585062,-0.038289677323535956,-0.08021960410491627,-0.041929926781380314,1.0,0.021661226660913035,2.0899906485047927e-12,2.3,0.0046514037680822065,0.3055061480243389,0.007578390853153105,0.000594036500401665,0.3037576064237349,0.11901929414311797,0.15275307401216945,1.75,5626325.9504343,0.04332245332182607,0.05763458959269175,-0.0037891954265765527,-0.0037891954265765527,0.0037891954265765527,0.0037891954265765527,-0.01515678170630621,-0.01515678170630621,0.000594036500401665,0.14986279201124025,4.705691669152945e-09,0.24092739421088102
190.0,0.0012607171697615355,15.25394572241634,115.47006618261992,56.51543154879361,14.90708722730513,13.537127995874515,7.097519567594352,1.5619442432001205,301.4630294401843,-0.03829071875699634,-0.08021935366880441,-0.041928634911808066,1.0,0.02156198210225442,2.0804150043015137e-12,2.3,0.00463249924628613,0.30560062890288464,0.007584241269357065,0.0005964255185573268,0.3037539825053075,0.1190158772560661,0.15280031445144232,1.75,5625818.383327752,0.04312396420450884,0.057632290526514696,-0.0037921206346785323,-0.0037921206346785323,0.0037921206346785323,0.0037921206346785323,-0.01516848253871413,-0.01516848253871413,0.0005964255185573268,0.14986279201124025,4.705691669152945e-09,0.24218811872451018
191.0,0.0012607037200877969,15.25298759899026,115.47720315236883,56.5129439336196,14.919048971706655,13.549506096723665,7.098055156008243,1.5621913605164377,301.4630144087727,-0.038291729914311526,-0.08021912178667796,-0.04192739187236644,1.0,0.02146387679179809,2.070949280839399e-12,2.3,0.004613744371451263,0.3056938862227389,0.007590020933760516,0.0005987862592256591,0.3037506542159296,0.1190125922601312,0.15284694311136945,1.75,5625317.468695352,0.04292775358359618,0.05762990370851656,-0.003795010466880258,-0.003795010466880258,0.003795010466880258,0.003795010466880258,-0.015180041867521032,-0.015180041867521032,0.0005987862592256591,0.14986279201124025,4.705691669152945e-09,0.24344882916943486
192.0,0.0012606914905303219,15.251994968251156,115.48435435731427,56.5105499161013,14.93088650195756,13.561766003835709,7.098588535668385,1.562437750756321,301.4629997583042,-0.03829271119319029,-0.08021890815410197,-0.04192619696091168,1.0,0.02136689532154424,2.06159199147247e-12,2.3,0.004595137489761735,0.305785933068761,0.0075957309297022355,0.0006011191237037491,0.3037476172081964,0.11900943725278966,0.1528929665343805,1.75,5624823.133150954,0.04273379064308848,0.057627430524735485,-0.0037978654648511178,-0.0037978654648511178,0.0037978654648511178,0.0037978654648511178,-0.015191461859404471,-0.015191461859404471,0.0006011191237037491,0.14986279201124025,4.705691669152945e-09,0.24470952677474392
193.0,0.001260680463442876,15.250968393199026,115.49151934300194,56.50824820794375,14.94260143508975,13.573909192431612,7.099119721510519,1.5626834201349142,301.4629854829392,-0.038293662985297745,-0.08021871247243433,-0.04192504948713658,1.0,0.02127102256145842,2.0523416763743286e-12,2.3,0.004576676972767204,0.30587678245683997,0.007601372317518379,0.0006034245057188228,0.30374486720865956,0.1190064103634591,0.15293839122841998,1.75,5624335.303763909,0.04254204512291684,0.0576248723329195,-0.0038006861587591896,-0.0038006861587591896,0.0038006861587591896,0.0038006861587591896,-0.015202744635036758,-0.015202744635036758,0.0006034245057188228,0.14986279201124025,4.705691669152945e-09,0.2459702127517305
194.0,0.0012606706213571406,15.249908430091212,115.49869766075271,56.50603753384707,14.95419537039627,13.585937122155505,7.099648728324395,1.5629283747869913,301.46297157691384,-0.038294585678723875,-0.08021853444677646,-0.04192394876805258,1.0,0.0211762435626314,2.043196893194503e-12,2.3,0.004558361214571994,0.3059664473676435,0.007606946141470093,0.0006057027936956788,0.30374239999038216,0.11900350974128081,0.15298322368382175,1.75,5623853.907876107,0.0423524871252628,0.05762223047347762,-0.0038034730707350466,-0.0038034730707350466,0.0038034730707350466,0.0038034730707350466,-0.015213892282940187,-0.015213892282940187,0.0006057027936956788,0.14986279201124025,4.705691669152945e-09,0.2472308882941305
195.0,0.0012606619470962562,15.248815624509659,115.50588887113895,56.50391663910686,14.965669879191378,13.597851227619964,7.100175570707679,1.5631726207175243,301.46295803458617,-0.03829547965563772,-0.08021837378782067,-0.04192289413218295,1.0,0.021082543644939822,2.034156225516414e-12,2.3,0.004540188633711843,0.3060549407017842,0.007612453423780022,0.0006079543687613839,0.3037402113982303,0.11900073356648327,0.1530274703508921,1.75,5623378.873341012,0.042165087289879645,0.05761950625974252,-0.003806226711890011,-0.003806226711890011,0.003806226711890011,0.003806226711890011,-0.015224906847560045,-0.015224906847560045,0.0006079543687613839,0.14986279201124025,4.705691669152945e-09,0.2484915545783572
196.0,0.0012606544236567708,15.247690515557998,115.51309254028764,56.50188428169204,14.977026515598073,13.609652928327954,7.100700263117049,1.5634161638549648,301.4629448503865,-0.03829634529470286,-0.08021823020987166,-0.0419218849151688,1.0,0.020989908303330685,2.025218273815207e-12,2.3,0.0045221576704481126,0.30614227531720023,0.007617895171285105,0.0006101796069420386,0.30373829732222435,0.11899808003849013,0.15307113765860011,1.75,5622910.128321278,0.04197981660666137,0.05761670098848864,-0.0038089475856425527,-0.0038089475856425527,0.0038089475856425527,0.0038089475856425527,-0.01523579034257021,-0.01523579034257021,0.0006101796069420386,0.14986279201124025,4.705691669152945e-09,0.24975221276373372
197.0,0.0012606480343192257,15.246533632078712,115.52030824322856,56.499939239663156,14.988266806615377,13.621343619499413,7.1012228198232235,1.563659010004125,301.4629320188622,-0.038297182968784815,-0.08021810343263121,-0.04192092046384639,1.0,0.020898323292693685,2.0163816636466824e-12,2.3,0.004504266788581874,0.30622846398206344,0.007623272369701799,0.0006123788772269417,0.3037366537221003,0.11899554738697708,0.15311423199103172,1.75,5622447.601539859,0.04179664658538737,0.05761381593055937,-0.0038116361848508995,-0.0038116361848508995,0.0038116361848508995,0.0038116361848508995,-0.015246544739403598,-0.015246544739403598,0.0006123788772269417,0.14986279201124025,4.705691669152945e-09,0.2510128639927217
198.0,0.0012606427625331458,15.24534549668642,115.52753556033656,56.498080303437426,14.99939226258011,13.632924681696553,7.101743254960721,1.5639011648969081,301.46291953462963,-0.03829799304731357,-0.08021799317928768,-0.04192000013197411,1.0,0.020807774537154114,2.007645036895394e-12,2.3,0.0044865144728483105,0.3063135194152947,0.007628585990016603,0.0006145525436970507,0.3037352766014348,0.11899313386029862,0.15315675970764736,1.75,5621991.222060878,0.04161554907430823,0.057610852340975585,-0.0038142929950083014,-0.0038142929950083014,0.0038142929950083014,0.0038142929950083014,-0.015257171980033206,-0.015257171980033206,0.0006145525436970507,0.14986279201124025,4.705691669152945e-09,0.2522735093911479
199.0,0.001260638592024732,15.244126622127219,115.53477408055754,56.49630628302724,15.010404367531414,13.644397471922694,7.102261582483966,1.564142634147365,301.4629073924171,-0.03829877589404369,-0.08021789917824051,-0.04191912328419682,1.0,0.02071824821226058,1.9990070597045584e-12,2.3,0.004468899230670963,0.306397454237601,0.007633836982969787,0.000616700963646779,0.30373416203149534,0.11899083773624526,0.1531987271188005,1.75,5621540.919550732,0.04143649642452116,0.057607811449908515,-0.0038169184914848935,-0.0038169184914848935,0.0038169184914848935,0.0038169184914848935,-0.015267673965939574,-0.015267673965939574,0.000616700963646779,0.14986279201124025,4.705691669152945e-09,0.25353415006842683
200.0,0.0012606355066847987,15.2428775151568,115.54202339798329,56.494616000490275,15.021304589357408,13.655763332960534,7.102777816215779,1.5643834233000296,301.4628955870193,-0.03829953186936427,-0.08021782116125489,-0.04191828929189062,1.0,0.020629730657175004,1.9904664140036763e-12,2.3,0.004451419589650998,0.3064802810146655,0.007639026285195705,0.0006188244896464381,0.3037333061261155,0.11898865731078159,0.15324014050733276,1.75,5621096.6240447005,0.04125946131435001,0.057604694472400485,-0.0038195131425978524,-0.0038195131425978524,0.0038195131425978524,0.0038195131425978524,-0.01527805257039141,-0.01527805257039141,0.0006188244896464381,0.14986279201124025,4.705691669152945e-09,0.2547947871177816
201.0,0.0012606334906736822,15.241598673034714,115.54928311496114,56.49300829699099,15.032094370447387,13.667023584734507,7.10329196980451,1.5646235377870168,301.4628841133381,-0.0383002613281112,-0.08021775886512858,-0.04191749753701738,1.0,0.020542208454273438,1.9820218051888445e-12,2.3,0.004434074099264836,0.30656201220664825,0.0076441548139153,0.0006209234677198691,0.30373270506485994,0.1189865909085112,0.15328100610332412,1.75,5620658.266216251,0.041084416908546875,0.057601502599666024,-0.00382207740695765,-0.00382207740695765,0.00382207740695765,0.00382207740695765,-0.0152883096278306,-0.0152883096278306,0.0006209234677198691,0.14986279201124025,4.705691669152945e-09,0.25605542161646083
202.0,0.0012606325283120474,15.240290587255396,115.55655283879464,56.49148202543321,15.042775137533596,13.678179533371257,7.1038040567713026,1.5648629829741139,301.4628729663388,-0.03830096462182483,-0.08021771202990906,-0.04191674740808423,1.0,0.020455668344127608,1.973671953919723e-12,2.3,0.004416861328443604,0.30664266021364917,0.007649223472837516,0.0006229982393430778,0.3037323550686228,0.11898463687171919,0.15332133010682458,1.75,5620225.777131556,0.040911336688255216,0.05759823700844499,-0.003824611736418758,-0.003824611736418758,0.003824611736418758,0.003824611736418758,-0.015298446945675032,-0.015298446945675032,0.0006229982393430778,0.14986279201124025,4.705691669152945e-09,0.2573160546259537
203.0,0.0012606326041830485,15.238953740170558,115.56383218474264,56.4900360573473,15.05334829262182,13.68923246281709,7.104314090468231,1.5651017641197955,301.46286214108954,-0.0383016420966139,-0.08021768040050503,-0.04191603830389113,1.0,0.02037009730261307,1.965415603559338e-12,2.3,0.004399779867216499,0.3067222373239786,0.007654233147051454,0.0006250491396759681,0.30373225242212876,0.1189827935705516,0.1533611186619893,1.75,5619799.088525351,0.04074019460522614,0.05759489885261552,-0.003827116573525727,-0.003827116573525727,0.003827116573525727,0.003827116573525727,-0.015308466294102908,-0.015308466294102908,0.0006250491396759681,0.14986279201124025,4.705691669152945e-09,0.2585766871922012
204.0,0.001260633703025993,15.237588608580694,115.57112077283963,56.48866927570272,15.0638152225382,13.700183643629599,7.104822084124376,1.565339886419206,301.46285163271943,-0.03830229409536139,-0.0802176637249635,-0.04191536962960211,1.0,0.02028548245858003,1.957251512230528e-12,2.3,0.004382828324376191,0.3068007557615173,0.0076591847086996435,0.0006270764994992962,0.3037323934502343,0.11898105939235501,0.15340037788075864,1.75,5619378.13254539,0.04057096491716006,0.057591489272198815,-0.0038295923543498218,-0.0038295923543498218,0.0038295923543498218,0.0038295923543498218,-0.015318369417399287,-0.015318369417399287,0.0006270764994992962,0.14986279201124025,4.705691669152945e-09,0.25983732034580576
205.0,0.001260635809835789,15.236195660479204,115.57841823078928,56.48738058162389,15.074177290129256,13.711034324842062,7.105328050804939,1.5655773549649812,301.46284143645596,-0.038302920955639315,-0.08021766175602812,-0.04191474080038881,1.0,0.02020181116855913,1.949178460023953e-12,2.3,0.004366005329070228,0.30687822763303807,0.007664079012061101,0.0006290806434988229,0.3037327745397833,0.1189794327515779,0.15343911381651903,1.75,5618962.842033355,0.04040362233711826,0.05758800938526819,-0.0038320395060305506,-0.0038320395060305506,0.0038320395060305506,0.0038320395060305506,-0.015328158024122202,-0.015328158024122202,0.0006290806434988229,0.14986279201124025,4.705691669152945e-09,0.26109795510223666
206.0,0.0012606389097593819,15.234775358511504,115.58572419089901,56.486168887379804,15.084435843523323,13.721785742494868,7.105832003456158,1.5658141747892431,301.4628315475853,-0.03830352301186334,-0.08021767424947379,-0.04191415123761045,1.0,0.020119070937024107,1.9411952413046107e-12,2.3,0.0043493095285487655,0.3069546649771194,0.007668916899006709,0.0006310618921426392,0.30373339211659156,0.11897791207939999,0.1534773324885597,1.75,5618553.150261086,0.040238141874048214,0.0575844602966236,-0.0038344584495033545,-0.0038344584495033545,0.0038344584495033545,0.0038344584495033545,-0.015337833798013418,-0.015337833798013418,0.0006310618921426392,0.14986279201124025,4.705691669152945e-09,0.26235859246203425
207.0,0.0012606429881926035,15.233328156834888,115.59303829287266,56.485033122931505,15.09459220759134,13.732439111738948,7.106333954865374,1.5660503508261276,301.46282196148803,-0.03830410059325785,-0.08021770096561401,-0.041913600372356155,1.0,0.020037249488781654,1.9333006716963984e-12,2.3,0.004332739589705841,0.3070300797107763,0.0076736991942648386,0.0006330205600161073,0.3037342426666745,0.11897649583336267,0.15351503985538814,1.75,5618148.991215167,0.04007449897756331,0.05758084308998217,-0.0038368495971324193,-0.0038368495971324193,0.0038368495971324193,0.0038368495971324193,-0.015347398388529677,-0.015347398388529677,0.0006330205600161073,0.14986279201124025,4.705691669152945e-09,0.26361923341101023
208.0,0.0012606480306793094,15.231854504451853,115.60036018085384,56.48397222909595,15.10464769293212,13.742995635115369,7.106833917704837,1.56628588795191,301.4628126736008,-0.03830465402595983,-0.08021774166769065,-0.041913087641730816,1.0,0.019956334691732185,1.9254935806296577e-12,2.3,0.004316294196905665,0.30710448367962223,0.007678426710668609,0.0006349569576415462,0.3037353227138942,0.11897518248728067,0.15355224183981112,1.75,5617750.299326573,0.03991266938346437,0.05757715883633923,-0.0038392133553343047,-0.0038392133553343047,0.0038392133553343047,0.0038392133553343047,-0.015356853421337219,-0.015356853421337219,0.0006349569576415462,0.14986279201124025,4.705691669152945e-09,0.2648798789204462
209.0,0.0012606540230056364,15.230354842180148,115.60768950612257,56.48298516392829,15.11460358758561,13.753456494890225,7.107331904492681,1.566520790949134,301.46280367945116,-0.0383051836310334,-0.08021779612333237,-0.04191261249229897,1.0,0.019876314627026232,1.91777281811024e-12,2.3,0.004299972053476047,0.30717788860402323,0.007683100244596149,0.0006368713898623733,0.3037366288405812,0.11897397054060886,0.15358894430201162,1.75,5617357.009757783,0.039752629254052464,0.05757340858642678,-0.0038415501222980744,-0.0038415501222980744,0.0038415501222980744,0.0038415501222980744,-0.015366200489192298,-0.015366200489192298,0.0006368713898623733,0.14986279201124025,4.705691669152945e-09,0.26614052994728865
210.0,0.0012606609511018304,15.22882960586651,115.61502592424223,56.482070896056875,15.124461165750864,13.76382286109041,7.107827927635669,1.5667550645449826,301.46279497462035,-0.03830568972652367,-0.0802178641029973,-0.041912174376473633,1.0,0.019797177514234227,1.9101372474994857e-12,2.3,0.004283771879609349,0.30725030613024273,0.007687720581018959,0.000638764157607062,0.30373815766582124,0.11897285850862904,0.15362515306512137,1.75,5616969.0581272775,0.039594355028468455,0.05756959337877658,-0.0038438602905094795,-0.0038438602905094795,0.0038438602905094795,0.0038438602905094795,-0.015375441162037918,-0.015375441162037918,0.000638764157607062,0.14986279201124025,4.705691669152945e-09,0.2674011874343424
211.0,0.0012606688011339796,15.227279223461633,115.62236909766442,56.48122841090336,15.134221679743709,13.774095884062604,7.108321999391032,1.5669887133769178,301.46278655477704,-0.03830617262552005,-0.08021794538138453,-0.04191177275586448,1.0,0.01971891177934876,1.9025857520754457e-12,2.3,0.004267692413810548,0.30732174777632254,0.0076922884891093,0.0006406355563209551,0.3037399058654887,0.11897184493155984,0.15366087388816127,1.75,5616586.380798082,0.03943782355869752,0.05756571423243403,-0.00384614424455465,-0.00384614424455465,0.00384614424455465,0.00384614424455465,-0.0153845769782186,-0.0153845769782186,0.0006406355563209551,0.14986279201124025,4.705691669152945e-09,0.2686618523104603
212.0,0.001260677559408463,15.225704118120161,115.62971869297475,56.48045670418595,15.143886368456059,13.78427670227307,7.108814131908204,1.567221742029395,301.46277841564125,-0.038306632638160615,-0.08021803973592749,-0.041911407097766876,1.0,0.01964150598227686,1.8951172280369497e-12,2.3,0.004251732410869269,0.3073922249839538,0.007696804727098471,0.0006424858776763435,0.30374187015115656,0.11897092836501173,0.1536961124919769,1.75,5616208.91459849,0.03928301196455372,0.05756177215473776,-0.0038484023635492353,-0.0038484023635492353,0.0038484023635492353,0.0038484023635492353,-0.015393609454196941,-0.015393609454196941,0.0006424858776763435,0.14986279201124025,4.705691669152945e-09,0.26992252549073154
213.0,0.001260687212461184,15.224104705375648,115.63707438341021,56.47975478798055,15.153456449550179,13.794366435083615,7.109304337191498,1.567454155000929,301.4627705530173,-0.03830707006974341,-0.08021814694816042,-0.041911076878417004,1.0,0.01956494888276408,1.8877305908643152e-12,2.3,0.004235890643264066,0.3074617490642648,0.007701270038044151,0.0006443154080504599,0.30374404728955806,0.11897010738884688,0.1537308745321324,1.75,5615836.597111085,0.03912989776552816,0.057557768134276974,-0.0038506350190220754,-0.0038506350190220754,0.0038506350190220754,0.0038506350190220754,-0.015402540076088302,-0.015402540076088302,0.0006443154080504599,0.14986279201124025,4.705691669152945e-09,0.27118320787666633
214.0,0.0012606977469646063,15.222481396132265,115.64443584619913,56.479121684388815,15.162933127667612,13.804366190322895,7.109792627140852,1.5676859567392505,301.4627629627588,-0.03830748522268217,-0.08021826680226046,-0.041910781579578296,1.0,0.019489229370127592,1.8804247685396194e-12,2.3,0.004220165899202719,0.3075303312502092,0.007705685154506917,0.0006461244301834635,0.3037464340820993,0.11896938059789536,0.1537651656251046,1.75,5615469.3663908085,0.038978458740255184,0.05755370314840146,-0.0038528425772534586,-0.0038528425772534586,0.0038528425772534586,0.0038528425772534586,-0.015411370309013834,-0.015411370309013834,0.0006461244301834635,0.14986279201124025,4.705691669152945e-09,0.2724439003563792
215.0,0.00126070914981459,15.220834593935107,115.65180276499449,56.47855643144385,15.172317586852584,13.814277057272536,7.110279013515329,1.567917151609716,301.4627556408001,-0.03830787839466333,-0.08021839908636169,-0.04191052069169836,1.0,0.019414336527193425,1.8731987077157055e-12,2.3,0.004204556983984477,0.3075979826424123,0.007710050794470755,0.0006479132217011785,0.30374902738373855,0.1189687466105512,0.15379899132120614,1.75,5615107.16125364,0.03882867305438685,0.05754957815641104,-0.0038550253972353776,-0.0038550253972353776,0.0038550253972353776,0.0038550253972353776,-0.01542010158894151,-0.01542010158894151,0.0006479132217011785,0.14986279201124025,4.705691669152945e-09,0.2737046038047688
216.0,0.001260721408039872,15.219164697858798,115.65917482730477,56.478058076939796,15.181610998518545,13.824100114017169,7.110763507972902,1.5681477439289917,301.46274858312313,-0.03830824988055891,-0.08021854359118033,-0.04191029371062142,1.0,0.01934025956211526,1.8660513671376964e-12,2.3,0.004189062718105469,0.3076647142618644,0.007714367665845752,0.0006496820567226976,0.3037518240831988,0.11896820405982435,0.1538323571309322,1.75,5614749.920993149,0.03868051912423052,0.057545394106808985,-0.003857183832922876,-0.003857183832922876,0.003857183832922876,0.003857183832922876,-0.015428735331691505,-0.015428735331691505,0.0006496820567226976,0.14986279201124025,4.705691669152945e-09,0.27496531908369604
217.0,0.0012607345088866018,15.217472099868704,115.66655172684676,56.477625684185114,15.19081451409335,13.833836420634057,7.111246122034749,1.568377737934741,301.4627417857879,-0.038308599970623816,-0.08021870011124188,-0.041910100140618065,1.0,0.0192669878704713,1.858981723634435e-12,2.3,0.004173681938580754,0.30773053699599007,0.007718636462535278,0.0006514312044264702,0.3037548211211705,0.11896775160159806,0.15386526849799503,1.75,5614397.585667968,0.0385339757409426,0.057541151930712756,-0.003859318231267639,-0.003859318231267639,0.003859318231267639,0.003859318231267639,-0.015437272925070557,-0.015437272925070557,0.0006514312044264702,0.14986279201124025,4.705691669152945e-09,0.27622604704215925
218.0,0.0012607484397302556,15.215757187611322,115.67393316106204,56.4772583259907,15.1999292727513,13.84348702632899,7.111726867124119,1.5686071378179147,301.4627352448996,-0.038308928952361244,-0.08021886844355139,-0.041909939491190144,1.0,0.019194510969167813,1.8519887657411394e-12,2.3,0.004158413497111772,0.30779546165146165,0.007722857868772442,0.0006531609306091982,0.3037580154710854,0.11896738790592923,0.15389773082573083,1.75,5614050.095817801,0.03838902193833563,0.05753685254886321,-0.003861428934386221,-0.003861428934386221,0.003861428934386221,0.003861428934386221,-0.015445715737544883,-0.015445715737544883,0.0006531609306091982,0.14986279201124025,4.705691669152945e-09,0.2774867885164677
219.0,0.001260763188157868,15.214020341862334,115.68131883339343,56.476955090274096,15.208956394273075,13.853052962822956,7.112205754531386,1.5688359476936413,301.46272895663856,-0.03830923710877153,-0.08021904838882545,-0.041909811280053916,1.0,0.01912281855657333,1.8450714995014767e-12,2.3,0.004143256261370046,0.30785949890060327,0.007727032555327716,0.0006548714962939145,0.30376140415694347,0.11896711166517583,0.15392974945030163,1.75,5613707.3927490935,0.03824563711314666,0.057532496865246786,-0.003863516277663858,-0.003863516277663858,0.003863516277663858,0.003863516277663858,-0.015454065110655432,-0.015454065110655432,0.0006548714962939145,0.14986279201124025,4.705691669152945e-09,0.27874754433041177
220.0,0.0012607787418822986,15.212261939223241,115.68870845088395,56.47671507420255,15.217896986550663,13.862535251280615,7.112682795452031,1.5690641716322078,301.4627229172291,-0.03830952472016655,-0.08021923975016988,-0.04190971503000333,1.0,0.019051900448510555,1.838228942291718e-12,2.3,0.004128209113223965,0.3079226593341812,0.007731161183686355,0.0006565631592417681,0.3037649842345228,0.11896692158545802,0.1539613296670906,1.75,5613369.418251282,0.03810380089702111,0.05752808577387161,-0.0038655805918431773,-0.0038655805918431773,0.0038655805918431773,0.0038655805918431773,-0.01546232236737271,-0.01546232236737271,0.0006565631592417681,0.14986279201124025,4.705691669152945e-09,0.28000831529543185
221.0,0.0012607950888222836,15.210482349652422,115.69610172637964,56.47653738965158,15.226752138655296,13.871934895887897,7.113158000952438,1.5692918136310867,301.4627171229674,-0.038309792062464126,-0.08021944233428208,-0.04190965027181795,1.0,0.018981746636567286,1.831460128446888e-12,2.3,0.0041132709499854024,0.30798495340824933,0.00773524440239064,0.0006582361726007929,0.30376875280873095,0.11896681639458126,0.15399247670412466,1.75,5613036.114880073,0.03796349327313457,0.057523620152591805,-0.00386762220119532,-0.00386762220119532,0.00386762220119532,0.00386762220119532,-0.01547048880478128,-0.01547048880478128,0.0006582361726007929,0.14986279201124025,4.705691669152945e-09,0.28126910221078416
222.0,0.001260812217018989,15.208681939072271,115.70349837620735,56.476421157499665,15.235522928122496,13.88125289057957,7.113631382007013,1.569518877644678,301.4627115701922,-0.038310039408957115,-0.0802196559501704,-0.041909616541213286,1.0,0.01891234722603152,1.8247641032724117e-12,2.3,0.0040984406826936525,0.3080463914967748,0.00773928285106498,0.0006598907863721303,0.3037727070153469,0.11896679483373211,0.1540231957483874,1.75,5612707.425674691,0.03782469445206304,0.05751910086966126,-0.00386964142553249,-0.00386964142553249,0.00386964142553249,0.00386964142553249,-0.01547856570212996,-0.01547856570212996,0.0006598907863721303,0.14986279201124025,4.705691669152945e-09,0.2825299058637048
223.0,0.0012608301147138902,15.206861066979632,115.71089812230711,56.47636551294439,15.244210414221467,13.89049021280177,7.114102949464701,1.5697453675574138,301.46270625531145,-0.038310267028651264,-0.08021988041031923,-0.041909613381667966,1.0,0.01884369249245981,1.8181399285021356e-12,2.3,0.004083717237326202,0.30810698383902374,0.007743277156887252,0.0006615272460982143,0.30377684403788463,0.11896685566518303,0.15405349191951187,1.75,5612383.294438252,0.03768738498491962,0.05751452877775131,-0.003871638578443626,-0.003871638578443626,0.003871638578443626,0.003871638578443626,-0.015486554313774504,-0.015486554313774504,0.0006615272460982143,0.14986279201124025,4.705691669152945e-09,0.28379072702957125
224.0,0.0012608487702676031,15.205020088967485,115.71830068998541,56.476369599945556,15.252815645027242,13.899647830045046,7.114572714085268,1.5699712872123264,301.462701174774,-0.03831047518798976,-0.08022011552944866,-0.0419096403414589,1.0,0.018775772821487912,1.8115866764909307e-12,2.3,0.004069099553137352,0.3081667405918922,0.007747227938468108,0.0006631457942849215,0.30378116108984965,0.11896699766421719,0.1540833702959461,1.75,5612063.66545669,0.037551545642975824,0.05750990472029213,-0.003873613969234054,-0.003873613969234054,0.003873613969234054,0.003873613969234054,-0.015494455876936215,-0.015494455876936215,0.0006631457942849215,0.14986279201124025,4.705691669152945e-09,0.285051566472062
225.0,0.0012608681722356186,15.203159354411296,115.72570580997993,56.47643257640212,15.261339650885189,13.908726693785983,7.115040686506522,1.570196640385176,301.46269632509535,-0.038310664149233745,-0.08022036112564356,-0.04190969697640981,1.0,0.01870857876371656,1.8051034355103713e-12,2.3,0.004054586583834723,0.30822567177791993,0.007751135802445967,0.0006647466691279575,0.3037856554311289,0.1189672196266203,0.15411283588895996,1.75,5611748.483775763,0.03741715752743312,0.05750522952567549,-0.0038755679012229833,-0.0038755679012229833,0.0038755679012229833,0.0038755679012229833,-0.015502271604891933,-0.015502271604891933,0.0006647466691279575,0.14986279201124025,4.705691669152945e-09,0.2863124249433136
226.0,0.0012608883092893458,15.201279208909023,115.73311321628528,56.4765536087403,15.269783451277004,13.917727745831861,7.115506877279793,1.5704214308119073,301.46269170283057,-0.038310834172143204,-0.08022061701915202,-0.04190978284700882,1.0,0.01864210097633282,1.7986893041160484e-12,2.3,0.004040177295970019,0.3082837873372185,0.0077550013472268255,0.0006663301058923738,0.3037903243507489,0.1189675203608284,0.15414189366860925,1.75,5611437.694922233,0.03728420195266564,0.05750050401339333,-0.0038775006736134127,-0.0038775006736134127,0.0038775006736134127,0.0038775006736134127,-0.015510002694453651,-0.015510002694453651,0.0006663301058923738,0.14986279201124025,4.705691669152945e-09,0.2875733031840761
227.0,0.0012609091702897952,15.19937999204017,115.74052264815275,56.476731876954716,15.278148048474204,13.92665191243582,7.115971296837814,1.570645662163747,301.46268730459906,-0.038310985512399136,-0.08022088303347984,-0.0419098975210807,1.0,0.018576330276370037,1.7923433962863746e-12,2.3,0.004025870670082814,0.30834109707618435,0.007758825159697777,0.0006678963356759565,0.3037951651828045,0.11896789869521279,0.15417054853809217,1.75,5611131.245177126,0.03715266055274007,0.057495728988417705,-0.0038794125798488886,-0.0038794125798488886,0.0038794125798488886,0.0038794125798488886,-0.015517650319395554,-0.015517650319395554,0.0006678963356759565,0.14986279201124025,4.705691669152945e-09,0.28883420192386566
228.0,0.0012609307442107644,15.19746203972767,115.74793384798545,56.47696656933807,15.28643443420447,13.935500110458948,7.116433955529438,1.5708693380736094,301.46268312705797,-0.03831111842324172,-0.08022115899422617,-0.04191004057098446,1.0,0.018511257584079007,1.786064835958732e-12,2.3,0.004011665699141258,0.30839761071892874,0.007762607818833176,0.0006694455867475101,0.30380017528970393,0.11896835347044415,0.15419880535946437,1.75,5610829.081299671,0.037022515168158014,0.05749090524714538,-0.003881303909416588,-0.003881303909416588,0.003881303909416588,0.003881303909416588,-0.015525215637666352,-0.015525215637666352,0.0006694455867475101,0.14986279201124025,4.705691669152945e-09,0.29009512188111597
229.0,0.001260953020210498,15.1955256820666,115.75534656327582,56.47725688738971,15.294643583488254,13.944273241653685,7.116894863588171,1.5710924621121105,301.4626791669269,-0.03831123315393327,-0.08022144473014481,-0.04191021157621154,1.0,0.018446873974615488,1.77985276201656e-12,2.3,0.003997561389654142,0.3084533378567505,0.007766349892521913,0.0006709780833461029,0.3038053520776512,0.11896888354657705,0.15422666892837525,1.75,5610531.150796492,0.036893747949230976,0.05748603357194764,-0.0038831749462609564,-0.0038831749462609564,0.0038831749462609564,0.0038831749462609564,-0.015532699785043826,-0.015532699785043826,0.0006709780833461029,0.14986279201124025,4.705691669152945e-09,0.2913560637633266
230.0,0.001260975987556981,15.193571245611288,115.76276054456726,56.47760204068374,15.30277646111173,13.952972198649007,7.117354031166129,1.5713150378129799,301.46267542096155,-0.03831132995135448,-0.0802217400720156,-0.04191041012066112,1.0,0.018383170623102303,1.7737063229886532e-12,2.3,0.003983556760159816,0.3085082879989818,0.007770051941045459,0.0006724940469794441,0.30381069298036134,0.11896948779562405,0.1542541439994909,1.75,5610237.4016487645,0.036766341246204606,0.05748111473692937,-0.0038850259705227293,-0.0038850259705227293,0.0038850259705227293,0.0038850259705227293,-0.015540103882090917,-0.015540103882090917,0.0006724940469794441,0.14986279201124025,4.705691669152945e-09,0.29261702826721037
231.0,0.0012609996356976406,15.191599051270812,115.77017554733183,56.47800125164808,15.310834015640799,13.96159785939684,7.117811468303217,1.5715370686499455,301.4626718859779,-0.038311409058507245,-0.08022204485367367,-0.04191063579516642,1.0,0.018320138854797406,1.7676246818896442e-12,2.3,0.003969650842307462,0.30856247052327956,0.007773714514014322,0.0006739936952578866,0.30381619547411,0.11897016510844523,0.15428123526163978,1.75,5609947.782577025,0.03664027770959481,0.057476149502641655,-0.003886857257007161,-0.003886857257007161,0.003886857257007161,0.003886857257007161,-0.015547429028028643,-0.015547429028028643,0.0006739936952578866,0.14986279201124025,4.705691669152945e-09,0.2938780160788377
232.0,0.0012610239541866464,15.189609416524489,115.77759132999569,56.47845375056762,15.318817185706727,13.970151092985867,7.118267184960346,1.571758558061203,301.4626685588271,-0.038311470716070016,-0.08022235891091543,-0.04191088819484542,1.0,0.018257770091789458,1.761607011076909e-12,2.3,0.003955842679392432,0.3086158947258159,0.00777733815372332,0.0006754772431541929,0.3038218570619067,0.11897091438752701,0.15430794736290795,1.75,5609662.242771923,0.036515540183578915,0.057471138621663254,-0.00388866907686166,-0.00388866907686166,0.00388866907686166,0.00388866907686166,-0.01555467630744664,-0.01555467630744664,0.0006754772431541929,0.14986279201124025,4.705691669152945e-09,0.2951390278737798
233.0,0.001261048932752762,15.187602653381429,115.78500765575929,56.47895878023707,15.326726894192026,13.978632754245881,7.118721190989234,1.571979509427129,301.4626654364181,-0.03831151516093952,-0.08022268208249678,-0.041911166921557254,1.0,0.018196055901697015,1.7556524969493227e-12,2.3,0.003942131327407991,0.30866856977242774,0.007780923392192771,0.0006769449018712104,0.30382767528812477,0.11897173455368137,0.15433428488621387,1.75,5609380.732154434,0.03639211180339403,0.05746608283346946,-0.0038904616960963854,-0.0038904616960963854,0.0038904616960963854,0.0038904616960963854,-0.015561846784385542,-0.015561846784385542,0.0006769449018712104,0.14986279201124025,4.705691669152945e-09,0.2964000643172495
234.0,0.0012610745612285869,15.18557907052746,115.79242429068431,56.47951559109601,15.334564054334676,13.98704368939562,7.119173496164918,1.5721999260938506,301.4626625156939,-0.03831154262774601,-0.08022301420907253,-0.04191147158132652,1.0,0.018134987945941983,1.749760334956409e-12,2.3,0.003928515853624734,0.3087205047480838,0.00778447075440612,0.0006783968800642822,0.30383364772311655,0.11897262453902444,0.1543602523740419,1.75,5609103.201110573,0.036269975891883965,0.0574609828698435,-0.00389223537720306,-0.00389223537720306,0.00389223537720306,0.00389223537720306,-0.01556894150881224,-0.01556894150881224,0.0006783968800642822,0.14986279201124025,4.705691669152945e-09,0.2976611260642402
235.0,0.0012611008296165628,15.183538971346099,115.79984100545833,56.48012344575854,15.342329564080522,13.99538473080013,7.1196241101561535,1.572419811351751,301.4626597936535,-0.038311553347433046,-0.08022335513416463,-0.04191180178673159,1.0,0.018074558027029466,1.74392973416015e-12,2.3,0.003914995337614294,0.30877170860893965,0.007787980755451636,0.0006798333827415528,0.3038397719774362,0.11897358329349071,0.15438585430446983,1.75,5608829.600746756,0.03614911605405893,0.057455839449895255,-0.003893990377725818,-0.003893990377725818,0.003893990377725818,0.003893990377725818,-0.015575961510903272,-0.015575961510903272,0.0006798333827415528,0.14986279201124025,4.705691669152945e-09,0.29892221375966277
236.0,0.0012611277280201616,15.181482655999712,115.80725757354074,56.480781614276914,15.350024312011728,14.003656702457725,7.120073042557237,1.5726391684581862,301.4626572673283,-0.038311547548733574,-0.08022370470313378,-0.041912157154400206,1.0,0.01801475803834665,1.7381599123913165e-12,2.3,0.0039015688698710448,0.30882219023102697,0.007791453903647236,0.0006812546124502243,0.30384604568688584,0.118974609778005,0.15441109511551349,1.75,5608559.882628765,0.0360295160766933,0.05745065328530963,-0.003895726951823618,-0.003895726951823618,0.003895726951823618,0.003895726951823618,-0.015582907807294473,-0.015582907807294473,0.0006812546124502243,0.14986279201124025,4.705691669152945e-09,0.30018332803848113
237.0,0.0012611552467080706,15.179410419509564,115.81467377287429,56.481489378551224,15.357649171860583,14.011860414905755,7.120520302858992,1.5728580006167396,301.46265493380423,-0.038311525456786885,-0.08022406276411881,-0.041912537307331924,1.0,0.017955580010068462,1.7324501006786888e-12,2.3,0.003888235552808689,0.3088719583632384,0.007794890697778715,0.000682660768208493,0.30385246652634285,0.11897570297081778,0.1544359791816192,1.75,5608293.999032127,0.035911160020136924,0.057445425075509544,-0.0038974453488893573,-0.0038974453488893573,0.0038974453488893573,0.0038974453488893573,-0.01558978139555743,-0.01558978139555743,0.000682660768208493,0.14986279201124025,4.705691669152945e-09,0.30144446952584525
238.0,0.001261183376047273,15.177322553773795,115.82208938408756,56.48224602771843,15.36520500826764,14.019996670551622,7.120965900479926,1.573076310999131,301.4626527901983,-0.038311487294576375,-0.08022442916703935,-0.04191294187246298,1.0,0.017897016060432102,1.7267995385477654e-12,2.3,0.0038749944994225793,0.30892102167519736,0.007798291630116339,0.0006840520466568122,0.30385903219522226,0.11897686186086495,0.15446051083759868,1.75,5608031.9026855435,0.035794032120864204,0.05744015551274756,-0.0038991458150581695,-0.0038991458150581695,0.0038991458150581695,0.0038991458150581695,-0.015596583260232678,-0.015596583260232678,0.0006840520466568122,0.14986279201124025,4.705691669152945e-09,0.3027056388372229
239.0,0.0012612121065654599,15.175219345704276,115.82950419215538,56.48305086244499,15.372692671451933,14.028066258722372,7.121409844737786,1.5732941027251848,301.46265083368036,-0.03831143328158276,-0.08022480376450729,-0.041913370482924525,1.0,0.017839058440313985,1.7212074783217841e-12,2.3,0.0038618448342599763,0.3089693887111992,0.0078016571837457895,0.0006854286410204829,0.30386574043092207,0.11897808545392882,0.1544846943555996,1.75,5607773.547016162,0.03567811688062797,0.057434845277407706,-0.0039008285918728947,-0.0039008285918728947,0.0039008285918728947,0.0039008285918728947,-0.015603314367491579,-0.015603314367491579,0.0006854286410204829,0.14986279201124025,4.705691669152945e-09,0.30396683657852924
240.0,0.0012612414288859482,15.173101079183958,115.83691798465564,56.4839031904383,15.380113002804125,14.03606996084461,7.121852144880063,1.5735113788839679,301.46264906145024,-0.03831136363518444,-0.08022518641085939,-0.04191382277567495,1.0,0.017781699485930155,1.7156731805580044e-12,2.3,0.0038487856921220233,0.30901706793721584,0.0078049878354809745,0.0006867907422270479,0.30387258899468883,0.11897937276618092,0.15450853396860792,1.75,5607518.885897701,0.03556339897186031,0.057429495042946754,-0.0039024939177404873,-0.0039024939177404873,0.0039024939177404873,0.0039024939177404873,-0.015609975670961949,-0.015609975670961949,0.0006867907422270479,0.14986279201124025,4.705691669152945e-09,0.30522806334625496
241.0,0.0012612713337884136,15.17096803325828,115.8443305533804,56.48480233062521,15.387466829708293,14.044008545633485,7.122292810056103,1.573728142514442,301.46264747075855,-0.03831127856934605,-0.08022557696304185,-0.0419142983936958,1.0,0.01772493166212811,1.7101959182247342e-12,2.3,0.0038358162190080384,0.3090640676958191,0.007808284053283984,0.0006881385378985881,0.3038795756846913,0.1189807228301735,0.15453203384790956,1.75,5607267.873890469,0.03544986332425622,0.05742410547132943,-0.003904142026641992,-0.003904142026641992,0.003904142026641992,0.003904142026641992,-0.015616568106567969,-0.015616568106567969,0.0006881385378985881,0.14986279201124025,4.705691669152945e-09,0.30648931972759214
242.0,0.0012613018121455462,15.168820484034327,115.85174169264536,56.4857476087827,15.394754970975216,14.05188277412618,7.122731849346988,1.5739443966258655,301.4626460588854,-0.03831117829598239,-0.08022597527967186,-0.04191479698368947,1.0,0.017668747516466198,1.7047749722706665e-12,2.3,0.0038229355708555065,0.3091103962522891,0.007811546299078315,0.0006894722134363421,0.30388669832227977,0.11898213468856003,0.15455519812614454,1.75,5607020.465994361,0.035337495032932396,0.05741867721782543,-0.0039057731495391575,-0.0039057731495391575,0.0039057731495391575,0.0039057731495391575,-0.01562309259815663,-0.01562309259815663,0.0006894722134363421,0.14986279201124025,4.705691669152945e-09,0.3077506063005591
243.0,0.001261332854982142,15.166658702924732,115.85915120085323,56.48673836160539,15.40197823181108,14.059693395006045,7.1231692717381785,1.5741601441790956,301.4626448231596,-0.03831106302368147,-0.08022638122189618,-0.04191531819821471,1.0,0.017613139721261536,1.6994096356818836e-12,2.3,0.0038101429144598714,0.3091560617505258,0.007814775026254396,0.0006907919510417941,0.30389395476469905,0.11898360739992216,0.1545780308752629,1.75,5606776.617883592,0.03522627944252307,0.05741321092657289,-0.003907387513127198,-0.003907387513127198,0.003907387513127198,0.003907387513127198,-0.01562955005250879,-0.01562955005250879,0.0006907919510417941,0.14986279201124025,4.705691669152945e-09,0.30901192363412294
244.0,0.0012613644534134856,15.164482958490854,115.86655887885355,56.48777393245227,15.409137409095818,14.067441149494101,7.123605086148787,1.5743753881062934,301.4626437609386,-0.03831093295903268,-0.08022679465248042,-0.04191586169344774,1.0,0.01755810102900404,1.6940992091799686e-12,2.3,0.0037974374262507225,0.3092010722582455,0.007817970682387168,0.0006920979307695562,0.30390134289172466,0.11898514003266286,0.15460053612912275,1.75,5606536.285664638,0.03511620205800808,0.05740770723523679,-0.003908985341193584,-0.003908985341193584,0.003908985341193584,0.003908985341193584,-0.015635941364774336,-0.015635941364774336,0.0006920979307695562,0.14986279201124025,4.705691669152945e-09,0.31027327228832075
245.0,0.001261396598702841,15.162293514737252,115.87396453146053,56.48885367530605,15.416233286494261,14.07512676680425,7.124039301404744,1.574590131292846,301.4626428696269,-0.03831078830538362,-0.08022721543664271,-0.04191642713125909,1.0,0.017503624313200045,1.6888430051628133e-12,2.3,0.003784818293188095,0.309245435723887,0.007821133706823916,0.0006933903295763727,0.3039088606180308,0.1189867316706734,0.1546227178619435,1.75,5606299.426105654,0.03500724862640009,0.05740216677069604,-0.003910566853411958,-0.003910566853411958,0.003910566853411958,0.003910566853411958,-0.015642267413647833,-0.015642267413647833,0.0006933903295763727,0.14986279201124025,4.705691669152945e-09,0.3115346528143789
246.0,0.0012614292822014956,15.16009063290101,115.88136796586134,56.48997695063317,15.423266639584293,14.082750968897129,7.124471926267484,1.574804376596404,301.4626421466567,-0.03831062926413341,-0.08022764344116988,-0.04191701417703647,1.0,0.017449702525077024,1.6836403435272595e-12,2.3,0.0037722847115731948,0.3092891600208703,0.00782426453330997,0.0006946693223432766,0.30391650588019337,0.11898838140739475,0.15464458001043516,1.75,5606065.996399496,0.03489940505015405,0.057396590153568516,-0.003912132266654985,-0.003912132266654985,0.003912132266654985,0.003912132266654985,-0.01564852906661994,-0.01564852906661994,0.0006946693223432766,0.14986279201124025,4.705691669152945e-09,0.3127960657548311
247.0,0.001261462495404689,15.157874569794927,115.88876899308981,56.49114312923765,15.430238231106111,14.090314466062402,7.124902969407607,1.5750181268293961,301.462641589506,-0.038310456033522344,-0.08022807853522679,-0.041917622501704443,1.0,0.017396328733261912,1.6784905554974744e-12,2.3,0.0037598358879223164,0.3093322529055098,0.007827363587655683,0.0006959350809516525,0.30392427664871774,0.11899008835132863,0.1546661264527549,1.75,5605835.954387758,0.034792657466523824,0.05739097799401729,-0.003913681793827842,-0.003913681793827842,0.003913681793827842,0.003913681793827842,-0.015654727175311366,-0.015654727175311366,0.0006959350809516525,0.14986279201124025,4.705691669152945e-09,0.3140575116436342
248.0,0.001261496229893311,15.15564557954501,115.89616742648148,56.492351588231394,15.437148815944793,14.09781796153918,7.1253324394330075,1.5752313847774335,301.4626411956792,-0.03831026880989129,-0.08022852058949857,-0.041918251779607285,1.0,0.017343496081735015,1.6733929795681216e-12,2.3,0.0037474710378109168,0.3093747220603202,0.007830431290273918,0.0006971877752756438,0.303932170915402,0.11899185162026214,0.1546873610301601,1.75,5605609.258328946,0.03468699216347003,0.0573853308961472,-0.003915215645136959,-0.003915215645136959,0.003915215645136959,0.003915215645136959,-0.015660862580547837,-0.015660862580547837,0.0006971877752756438,0.14986279201124025,4.705691669152945e-09,0.3153189910062832
249.0,0.0012615304773882898,15.1534039119806,115.90356308310467,56.49360171478544,15.443999136513455,14.105262147221534,7.125760344863021,1.5754441531823906,301.4626409627252,-0.038310067786503255,-0.08022896947697648,-0.04191890169047323,1.0,0.017291197828379845,1.6683469652238522e-12,2.3,0.00373518938672533,0.30941657505293896,0.007833468053923048,0.0006984275722844485,0.3039401867050331,0.11899367034662799,0.15470828752646948,1.75,5605385.867117133,0.03458239565675969,0.05737964945392617,-0.003916734026961524,-0.003916734026961524,0.003916734026961524,0.003916734026961524,-0.015666936107846096,-0.015666936107846096,0.0006984275722844485,0.14986279201124025,4.705691669152945e-09,0.31658050435992396
250.0,0.001261565229693873,15.151149814322013,115.91095578226101,56.494892902207766,15.450789927594752,14.112647708149554,7.12618669415599,1.5756564347601971,301.4626408882183,-0.03830985315476976,-0.08022942507212537,-0.04191957191735561,1.0,0.017239427304145377,1.663351868999063e-12,2.3,0.0037229901689397205,0.3094578193784562,0.007836474286159818,0.0006996546370059175,0.3039483220630999,0.11899554367188764,0.1547289096892281,1.75,5605165.740055398,0.034478854608290754,0.057373934255458045,-0.003918237143079909,-0.003918237143079909,0.003918237143079909,0.003918237143079909,-0.015672948572319635,-0.015672948572319635,0.0006996546370059175,0.14986279201124025,4.705691669152945e-09,0.31784205221346506
251.0,0.0012616004787505382,15.148883529615873,115.9183453468749,56.496224553594466,15.457521911853803,14.119975318334369,7.126611495683906,1.575868232184468,301.4626409697762,-0.038309625103103526,-0.08022988725164674,-0.04192026214854322,1.0,0.01718817795050384,1.6584070580920241e-12,2.3,0.003710872628345777,0.30949846241935985,0.007839450387155425,0.0007008691316542859,0.3039565750671676,0.11899747075174465,0.15474923120967993,1.75,5604948.837069027,0.03437635590100768,0.05736818587901481,-0.003919725193577713,-0.003919725193577713,0.003919725193577713,0.003919725193577713,-0.01567890077431085,-0.01567890077431085,0.0007008691316542859,0.14986279201124025,4.705691669152945e-09,0.3191036350676873
252.0,0.0012616362165798368,15.146605298374679,115.92573160203774,56.4975960780121,15.46419580454292,14.12724564512372,7.127034757759423,1.5760795481037129,301.46264120504117,-0.03830938381811257,-0.08023035589367052,-0.04192097207555794,1.0,0.017137443279783046,1.6535119065375295e-12,2.3,0.0036988360173613112,0.309538511486893,0.007842396752067016,0.0007020712165658742,0.303964943814928,0.11899945075068195,0.1547692557434465,1.75,5604735.118484202,0.03427488655956609,0.05736240489719029,-0.003921198376033508,-0.003921198376033508,0.003921198376033508,0.003921198376033508,-0.015684793504134032,-0.015684793504134032,0.0007020712165658742,0.14986279201124025,4.705691669152945e-09,0.3203652534153525
253.0,0.0012616724353358645,15.14431535705588,115.93311437635795,56.49900689405191,15.470812309140456,14.134459345142949,7.127456488610972,1.5762903851254824,301.46264159169687,-0.038309129483483285,-0.08023083087849628,-0.04192170139501299,1.0,0.017087216911565218,1.6486657987188508e-12,2.3,0.003686879597739293,0.3095779737819847,0.007845313768924162,0.0007032610493514734,0.3039734264352671,0.11900148284703242,0.15478898689099235,1.75,5604524.545235941,0.034174433823130436,0.05735659187303954,-0.003922656884462081,-0.003922656884462081,0.003922656884462081,0.003922656884462081,-0.015690627537848324,-0.015690627537848324,0.0007032610493514734,0.14986279201124025,4.705691669152945e-09,0.32162690774131036
254.0,0.0012617091272515647,15.142013939655037,115.94049350054705,56.500456426113665,15.477372121922869,14.141617068538869,7.127876696409249,1.5765007458330254,301.4626421274516,-0.03830886228114307,-0.0802313120878084,-0.041922449806665325,1.0,0.017037492534152633,1.6438681256497373e-12,2.3,0.0036750026395062016,0.30961685643565073,0.00784820182092207,0.0007044387858050334,0.30398202107663796,0.11900356622766625,0.15480842821782537,1.75,5604317.078651953,0.034074985068305266,0.05735074736411756,-0.003924100910461035,-0.003924100910461035,0.003924100910461035,0.003924100910461035,-0.01569640364184414,-0.01569640364184414,0.0007044387858050334,0.14986279201124025,4.705691669152945e-09,0.3228885985226041
255.0,0.00126174628468885,15.13970127622704,115.94786880873106,56.50194410786538,15.483875927725673,14.148719455033198,7.128295389242781,1.5767106327699338,301.4626428100533,-0.03830858239017296,-0.08023179940539613,-0.04192321701522317,1.0,0.01698826393994138,1.639118288387464e-12,2.3,0.003663204421751484,0.3096551664709191,0.007851061284375866,0.0007056045790799543,0.30399072591783,0.11900570009292263,0.15482758323545956,1.75,5604112.680655262,0.03397652787988276,0.05734487191872214,-0.003925530642187933,-0.003925530642187933,0.003925530642187933,0.003925530642187933,-0.015702122568751732,-0.015702122568751732,0.0007056045790799543,0.14986279201124025,4.705691669152945e-09,0.3241503262285743
256.0,0.001261783900086344,15.137377594434614,115.95524013707741,56.50346937862623,15.490324404386923,14.15576713804843,7.128712575143907,1.576920048456266,301.4626436372737,-0.038308289987939594,-0.08023229271639142,-0.04192400272845182,1.0,0.016939524987983574,1.6344156944206342e-12,2.3,0.0036514842315947143,0.30969291084225,0.00785389253093854,0.0007067585805716062,0.30399953915665795,0.11900788365144273,0.154846455421125,1.75,5603911.313553361,0.03387904997596715,0.05733896607982183,-0.00392694626546927,-0.00392694626546927,0.00392694626546927,0.00392694626546927,-0.01570778506187708,-0.01570778506187708,0.0007067585805716062,0.14986279201124025,4.705691669152945e-09,0.32541209132096194
257.0,0.0012618219660081448,15.135043118110248,115.96260732506931,56.50503168673422,15.49671821862656,14.162760740870372,7.129128262064789,1.5771289953736691,301.4626446069231,-0.03830798524903667,-0.08023279190796843,-0.041924806658931765,1.0,0.01689126963836795,1.629759760986404e-12,2.3,0.0036398413649555306,0.30973009639845067,0.007856695925620456,0.0007079009391168045,0.30400845902044066,0.11901011612496672,0.15486504819922534,1.75,5603712.940235551,0.0337825392767359,0.05733303038139867,-0.003928347962810228,-0.003928347962810228,0.003928347962810228,0.003928347962810228,-0.01571339185124091,-0.01571339185124091,0.0007079009391168045,0.14986279201124025,4.705691669152945e-09,0.32667389425400917
258.0,0.0012618604750929824,15.132698068761535,115.96997021417174,56.50663048602544,15.503058030365214,14.169700880659521,7.129542457902893,1.577337475980995,301.4626457168351,-0.03830766834638707,-0.0802332968686034,-0.041925628522216325,1.0,0.01684349191584445,1.625149911560787e-12,2.3,0.0036282751255491278,0.30976672992112936,0.007859471828934973,0.0007090318018509839,0.30401748375499654,0.119012396743308,0.15488336496056468,1.75,5603517.5239673015,0.0336869838316889,0.05732706535226937,-0.003929735914467486,-0.003929735914467486,0.003929735914467486,0.003929735914467486,-0.015718943657869945,-0.015718943657869945,0.0007090318018509839,0.14986279201124025,4.705691669152945e-09,0.32793573547455973
259.0,0.0012618994201016754,15.130342664172469,115.97732864906993,56.50826523911225,15.509344488718401,14.176588164719462,7.12995517047743,1.5775454926998795,301.4626469648802,-0.03830733945021226,-0.08023380748875425,-0.04192646803854199,1.0,0.01679618594324215,1.6205855790829943e-12,2.3,0.003616784825637327,0.30980281808858023,0.007862220594980734,0.0007101513134301503,0.3040266116348394,0.1190147247490199,0.15490140904429012,1.75,5603325.028582417,0.0335923718864843,0.05732107151252451,-0.003931110297490367,-0.003931110297490367,0.003931110297490367,0.003931110297490367,-0.01572444118996147,-0.01572444118996147,0.0007101513134301503,0.14986279201124025,4.705691669152945e-09,0.3291976154221571
260.0,0.0012619387938676509,15.127977119867117,115.98468247637331,56.50993541395626,15.515578236194392,14.183423194397182,7.13036640755436,1.57775304792987,301.4626483489516,-0.03830699872910547,-0.08023432366014165,-0.041927324931036174,1.0,0.01674934590612306,1.6160662025450462e-12,2.3,0.0036053697850509598,0.30983836751327737,0.007864942573517695,0.0007112596168635006,0.3040358409524741,0.11901709939250646,0.15491918375663868,1.75,5603135.4182825675,0.03349869181224612,0.05731504937724653,-0.0039324712867588475,-0.0039324712867588475,0.0039324712867588475,0.0039324712867588475,-0.01572988514703539,-0.01572988514703539,0.0007112596168635006,0.14986279201124025,4.705691669152945e-09,0.33045953452914173
261.0,0.001261978589343113,15.12560164774896,115.99203154581924,56.511640487059424,15.521759904799831,14.190206561454183,7.130776176823248,1.5779601440344457,301.46264986697855,-0.038306646349028216,-0.08023484527640942,-0.041928198927381206,1.0,0.016702966085267383,1.6115912301261197e-12,2.3,0.003594029331922908,0.30987338470672243,0.007867638108109904,0.0007123568527571798,0.3040451700283139,0.11901951993656269,0.15493669235336122,1.75,5602948.657824321,0.033405932170534766,0.057308999453042526,-0.003933819054054952,-0.003933819054054952,0.003933819054054952,0.003933819054054952,-0.01573527621621981,-0.01573527621621981,0.0007123568527571798,0.14986279201124025,4.705691669152945e-09,0.3317214932207471
262.0,0.0012620187995509347,15.123216457524327,115.99937570901352,56.51337994012828,15.527890120120327,14.196938851859082,7.131184485921804,1.5781667833556763,301.46265151691193,-0.03830628247435526,-0.08023537223242616,-0.0419290897580709,1.0,0.016657040822323225,1.6071601158782543e-12,2.3,0.0035827628017365393,0.30990787611598297,0.007870307538134608,0.0007134431601231117,0.30405459720026945,0.11902198565161845,0.15495393805799149,1.75,5602764.7123238165,0.03331408164464645,0.05730292224166232,-0.003935153769067304,-0.003935153769067304,0.003935153769067304,0.003935153769067304,-0.015740615076269216,-0.015740615076269216,0.0007134431601231117,0.14986279201124025,4.705691669152945e-09,0.33298349191519416
263.0,0.0012620594176295354,15.120821755378515,116.00671482060066,56.515153263180274,15.533969497534136,14.203620642258308,7.131591342413147,1.5783729682006653,301.46265329673804,-0.03830590726689773,-0.08023590442492709,-0.04192999715802936,1.0,0.01661156455138896,1.6027723227735828e-12,2.3,0.0035715695380411977,0.3099418480894871,0.007872951196983223,0.0007145186756438894,0.30406412083339823,0.11902449582015555,0.15497092404474355,1.75,5602583.547438751,0.03322312910277792,0.057296818236621805,-0.003936475598491611,-0.003936475598491611,0.003936475598491611,0.003936475598491611,-0.015745902393966445,-0.015745902393966445,0.0007145186756438894,0.14986279201124025,4.705691669152945e-09,0.3342455310237844
264.0,0.001262100436786115,15.118417745360361,116.01404873703989,56.51695995129687,15.53999864617902,14.210252503664282,7.131996753809886,1.578578700855758,301.4626552044637,-0.038305520886920366,-0.08023644175183538,-0.04193092086491501,1.0,0.016566531765627848,1.5984273194831332e-12,2.3,0.003560448891525746,0.30997530691261216,0.007875569414006085,0.0007155835344585703,0.30407373930977455,0.11902704973208089,0.15498765345630608,1.75,5602405.129178157,0.033133063531255696,0.05729068792672469,-0.003937784707003043,-0.003937784707003043,0.003937784707003043,0.003937784707003043,-0.01575113882801217,-0.01575113882801217,0.0007155835344585703,0.14986279201124025,4.705691669152945e-09,0.33550761095099224
265.0,0.0012621418503402926,15.116004628093915,116.02137731774262,56.51879950764729,15.54597816527079,14.216834998022748,7.13240072755178,1.578783983573393,301.46265723813025,-0.038305123492190576,-0.08023698411288613,-0.04193186062069555,1.0,0.01652193704797417,1.5941245833395203e-12,2.3,0.0035494002207171246,0.31000825877442384,0.007878162512769524,0.0007166378694480676,0.3040834510378799,0.11902964668902383,0.15500412938721192,1.75,5602229.424079359,0.03304387409594834,0.057284531792773236,-0.003939081256384762,-0.003939081256384762,0.003939081256384762,0.003939081256384762,-0.015756325025539048,-0.015756325025539048,0.0007166378694480676,0.14986279201124025,4.705691669152945e-09,0.33676973209455546
266.0,0.0012621836516786224,15.113582602125454,116.0287004238829,56.520671440328066,15.551908647959802,14.223368681799556,7.132803271029387,1.5789888185858783,301.4626593957989,-0.03830471523896886,-0.08023753140896694,-0.04193281616999808,1.0,0.01647777503868361,1.5898635972060338e-12,2.3,0.0035384228910781135,0.3100407098023216,0.007880730812938578,0.0007176818119986081,0.3040932544427462,0.11903228599983534,0.1550203549011608,1.75,5602056.399022818,0.03295555007736722,0.057278350310996984,-0.003940365406469289,-0.003940365406469289,0.003940365406469289,0.003940365406469289,-0.015761461625877157,-0.015761461625877157,0.0007176818119986081,0.14986279201124025,4.705691669152945e-09,0.3380318948455649
267.0,0.0012622258342970373,15.11115186266958,116.03601791950351,56.522575265306635,15.557790677751258,14.229854102641859,7.1332043915621055,1.5791932080926327,301.46266167556445,-0.03830429628108294,-0.08023808354272434,-0.041933787261641396,1.0,0.01643404046518991,1.585643852357368e-12,2.3,0.0035275162756893907,0.310072666029698,0.007883274628588196,0.0007187154913070221,0.3041031479750944,0.11903496698476872,0.155036333014849,1.75,5601886.021404187,0.03286808093037982,0.05727214394984823,-0.003941637314294098,-0.003941637314294098,0.003941637314294098,0.003941637314294098,-0.015766549257176393,-0.015766549257176393,0.0007187154913070221,0.14986279201124025,4.705691669152945e-09,0.3392940995885527
268.0,0.001262268391756602,15.108712602919883,116.04332967035937,56.52451050334483,15.563624832254664,14.236291802866477,7.133604096421383,1.5793971542735472,301.462664075541,-0.03830386677089208,-0.08023864041792307,-0.04193477364703099,1.0,0.016390728110561685,1.5814648454361644e-12,2.3,0.00351667975437099,0.31010413342966126,0.007885794270026242,0.0007197390351225498,0.30411313010174373,0.11903768897110115,0.15505206671483063,1.75,5601718.258954118,0.03278145622112337,0.057265913173340566,-0.003942897135013121,-0.003942897135013121,0.003942897135013121,0.003942897135013121,-0.015771588540052485,-0.015771588540052485,0.0007197390351225498,0.14986279201124025,4.705691669152945e-09,0.3405563467015795
269.0,0.0012623113177248346,15.106265012828386,116.05063554499328,56.52647668286453,15.569411679702835,14.24268231621218,7.134002392809154,1.5796006592766045,301.462666593875,-0.03830342685838571,-0.08023920194003548,-0.041935775081649765,1.0,0.016347832842535676,1.5773260812542985e-12,2.3,0.00350591271434798,0.31013511788359643,0.007888290042156831,0.0007207525690714308,0.3041231993145056,0.11904045129720102,0.15506755894179822,1.75,5601553.079905504,0.03269566568507135,0.0572596584379265,-0.0039441450210784155,-0.0039441450210784155,0.0039441450210784155,0.0039441450210784155,-0.015776580084313662,-0.015776580084313662,0.0007207525690714308,0.14986279201124025,4.705691669152945e-09,0.3418186365563202
270.0,0.0012623546059326142,15.103809280381034,116.05793541361142,56.528473336952885,15.575151782597535,14.249026171232583,7.134399287880614,1.5798037252308383,301.4626692287317,-0.038302976692122265,-0.080239768015619,-0.04193679132349673,1.0,0.016305349582852045,1.573227069834183e-12,2.3,0.0034952145493950095,0.3101656252139785,0.007890762246245839,0.0007217562173777362,0.3041333541208494,0.11904325330826875,0.15508281260698925,1.75,5601390.4528181795,0.03261069916570409,0.05725338019574893,-0.003945381123122919,-0.003945381123122919,0.003945381123122919,0.003945381123122919,-0.015781524492491678,-0.015781524492491678,0.0007217562173777362,0.14986279201124025,4.705691669152945e-09,0.3430809695181489
271.0,0.001262398250214414,15.101345590409434,116.06522914912942,56.53050000615204,15.580845694324262,14.255323888136804,7.134794788723036,1.5800063542343188,301.46267197830815,-0.038302516418351654,-0.08024033855288912,-0.041937822134537464,1.0,0.016263273335488927,1.5691673291329895e-12,2.3,0.003484584660486216,0.3101956611538196,0.007893211178334502,0.0007227501022066728,0.30414359305256,0.11904609436029388,0.1550978305769098,1.75,5601230.346741438,0.03252654667097785,0.05724707889159816,-0.003946605589167251,-0.003946605589167251,0.003946605589167251,0.003946605589167251,-0.015786422356669005,-0.015786422356669005,0.0007227501022066728,0.14986279201124025,4.705691669152945e-09,0.34434334594622246
272.0,0.0012624422444663748,15.098874125832284,116.07251662607906,56.53255623554385,15.586493962697125,14.261575982089694,7.135188902378127,1.5802085483667265,301.4626748408191,-0.038302046181929346,-0.08024091346111416,-0.04193886727918481,1.0,0.016221599156850005,1.5651463821661847e-12,2.3,0.0034740224549618718,0.31022523137858826,0.007895637130949552,0.0007237343443650811,0.30415391465665376,0.11904897381591105,0.15511261568929413,1.75,5601072.731043532,0.03244319831370001,0.05724075496607902,-0.003947818565474776,-0.003947818565474776,0.003947818565474776,0.003947818565474776,-0.015791274261899104,-0.015791274261899104,0.0007237343443650811,0.14986279201124025,4.705691669152945e-09,0.34560576619356287
273.0,0.0012624865826854487,15.096395066498445,116.07979772162584,56.534641577466004,15.592097126666633,14.26778296013835,7.135581635821214,1.5804103096776856,301.4626778145103,-0.03830156612546196,-0.08024149265117261,-0.04193992652571065,1.0,0.01618032218322352,1.5611637596569248e-12,2.3,0.0034635273471631312,0.3102543414765143,0.00789804039156534,0.0007247090626629096,0.30416431750380624,0.11905189104825098,0.15512717073825716,1.75,5600917.575569623,0.03236064436644704,0.05723440885264523,-0.00394902019578267,-0.00394902019578267,0.00394902019578267,0.00394902019578267,-0.01579608078313068,-0.01579608078313068,0.0007247090626629096,0.14986279201124025,4.705691669152945e-09,0.3468682306071388
274.0,0.001262531258928587,15.093908590395364,116.08707231450555,56.53675558867382,15.597655719766786,14.273945324422344,7.135972995983193,1.5806116401989698,301.462680897645,-0.038301076390197315,-0.08024207603496476,-0.04194099964476745,1.0,0.016139437601796112,1.5572189972393143e-12,2.3,0.0034530987576199624,0.3102829969796412,0.007900421244260542,0.0007256743745939926,0.3041748001795093,0.11905484543690817,0.1551414984898206,1.75,5600764.85047594,0.032278875203592225,0.0572280409806845,-0.003950210622130271,-0.003950210622130271,0.003950210622130271,0.003950210622130271,-0.015800842488521084,-0.015800842488521084,0.0007256743745939926,0.14986279201124025,4.705691669152945e-09,0.3481307395279458
275.0,0.0012625762673508707,15.091414872522476,116.0943402860141,56.5388978329847,15.6031702669131,14.280063569183575,7.13636298973007,1.580812541933174,301.4626840885161,-0.03830057711519245,-0.08024266352595445,-0.041942086410762004,1.0,0.01609894067736082,1.5533116380353366e-12,2.3,0.003442736113671338,0.31031120333497575,0.00790277996822708,0.0007266303957151535,0.30418536129227514,0.11905783637168796,0.15515560166748787,1.75,5600614.526383219,0.03219788135472164,0.05722165177262782,-0.00395138998411354,-0.00395138998411354,0.00395138998411354,0.00395138998411354,-0.01580555993645416,-0.01580555993645416,0.0007266303957151535,0.14986279201124025,4.705691669152945e-09,0.34939329329108554
276.0,0.001262621602165759,15.088914086067726,116.10160151897351,56.54106787851521,15.608641287754828,14.286138183889197,7.13675162388453,1.5810130168655603,301.46268738543387,-0.03830006843818036,-0.08024325503859736,-0.041943186600417,1.0,0.01605882672413082,1.5494412299352938e-12,2.3,0.003432438848673579,0.3103389659346694,0.007905116839375406,0.0007275772403078704,0.30419599946503123,0.11906086324868351,0.1551694829673347,1.75,5600466.574215543,0.03211765344826164,0.05721524164695545,-0.003952558419687703,-0.003952558419687703,0.003952558419687703,0.003952558419687703,-0.015810233678750812,-0.015810233678750812,0.0007275772403078704,0.14986279201124025,4.705691669152945e-09,0.35065589222584387
277.0,0.001262667257682204,15.086406401310342,116.10885589869456,56.54326530025558,15.614069293560576,14.292169650322332,7.137138905205806,1.581213066953058,301.46269078673714,-0.03829955049475988,-0.0802438504888677,-0.04194429999410782,1.0,0.016019091131719097,1.5456073281044638e-12,2.3,0.003422206402606485,0.3103662900880106,0.007907432128888548,0.0007285150207744817,0.3042067133431051,0.1190639254739219,0.1551831450440053,1.75,5600320.965349297,0.03203818226343819,0.057208811015378794,-0.003953716064444274,-0.003953716064444274,0.003953716064444274,0.003953716064444274,-0.015814864257777096,-0.015814864257777096,0.0007285150207744817,0.14986279201124025,4.705691669152945e-09,0.35191853665576783
278.0,0.0012627132282659994,15.083891986766423,116.1161033119712,56.545489677380026,15.619454790478459,14.298158445620274,7.137524840410874,1.5814126941357645,301.46269429078166,-0.038299023419239596,-0.08024444979370245,-0.04194542637446285,1.0,0.015979729337728253,1.5418094923384183e-12,2.3,0.0034120382213015618,0.31039318105075114,0.007909726104777807,0.0007294438482813251,0.3042175015858494,0.11906702245954709,0.15519659052537557,1.75,5600177.671456581,0.031959458675456506,0.057202360285769444,-0.003954863052388903,-0.003954863052388903,0.003954863052388903,0.003954863052388903,-0.015819452209555614,-0.015819452209555614,0.0007294438482813251,0.14986279201124025,4.705691669152945e-09,0.35318122689874193
279.0,0.0012627595083758549,15.081371008120259,116.12334364801713,56.54774059575343,15.624798276506732,14.304105039443712,7.137909436154671,1.5816119003262592,301.462697895951,-0.03829848734384904,-0.08024505287151344,-0.0419465655276644,1.0,0.015940736853023066,1.5380472895014541e-12,2.3,0.0034019337570341864,0.3104196439979093,0.007911999030480376,0.0007303638321715331,0.3042283628744141,0.1190701536273677,0.15520982199895464,1.75,5600036.664649861,0.03188147370604613,0.05719588985941181,-0.003955999515240188,-0.003955999515240188,0.003955999515240188,0.003955999515240188,-0.015823998060960753,-0.015823998060960753,0.0007303638321715331,0.14986279201124025,4.705691669152945e-09,0.35444396326706284
280.0,0.0012628060925258201,15.078843629339877,116.13057679748749,56.55001764531264,15.630100244664584,14.310009896932666,7.138292699050901,1.5818106874207738,301.46270160064495,-0.03829794239956043,-0.08024565964164719,-0.04194771724208676,1.0,0.015902109235073503,1.5343202909545862e-12,2.3,0.003391892467771397,0.3104456840522739,0.007914251166367221,0.0007312750805902136,0.30423929590359516,0.11907331840514324,0.15522284202613695,1.75,5599897.917329786,0.03180421847014701,0.05718940013385755,-0.0039571255831836105,-0.0039571255831836105,0.0039571255831836105,0.0039571255831836105,-0.015828502332734442,-0.015828502332734442,0.0007312750805902136,0.14986279201124025,4.705691669152945e-09,0.3557067460675137
281.0,0.0012628529753203666,15.076310011636062,116.1378026533902,56.552320422507265,15.635361180045312,14.315873475951948,7.138674635652589,1.5820090572888097,301.4627054032906,-0.03829738871532061,-0.0802462700248829,-0.041948881309562286,1.0,0.015863842112540785,1.53062807492774e-12,2.3,0.0033819138177504245,0.31047130625799235,0.007916482768382712,0.0007321776999133407,0.30425029938940196,0.11907651623003664,0.15523565312899618,1.75,5599761.402325658,0.03172768422508157,0.05718289150024663,-0.003958241384191356,-0.003958241384191356,0.003958241384191356,0.003958241384191356,-0.015832965536765425,-0.015832965536765425,0.0007321776999133407,0.14986279201124025,4.705691669152945e-09,0.3569695756014368
282.0,0.0012629001514178314,15.073770314548812,116.14502111013428,56.55464852775004,15.640581562900381,14.321696229967257,7.139055252472533,1.5822070117839866,301.4627093023306,-0.03829682641885124,-0.08024688394290704,-0.0419500575240558,1.0,0.015825931159350805,1.5269702240182192e-12,2.3,0.0033719972767452424,0.3104965156082683,0.00791869408950646,0.0007330717953555291,0.3042613720611212,0.11907974654499986,0.15524825780413415,1.75,5599627.0927475775,0.03165186231870161,0.05717636434608955,-0.00395934704475323,-0.00395934704475323,0.00395934704475323,0.00395934704475323,-0.01583738817901292,-0.01583738817901292,0.0007330717953555291,0.14986279201124025,4.705691669152945e-09,0.35823245216480587
283.0,0.0012629476155645665,15.0712246949332,116.15223206441644,56.55700156779357,15.64576186577273,14.327478605364645,7.139434555964168,1.5824045527339556,301.46271329623426,-0.03829625563590076,-0.08024750131879795,-0.04195124568289719,1.0,0.01578837211861455,1.5233463274986732e-12,2.3,0.0033621423206320255,0.31052131701972047,0.007920885378433504,0.0007339574704145404,0.30427251266868455,0.1190830088021349,0.15526065850986023,1.75,5599494.962122803,0.0315767442372291,0.057169819052654995,-0.003960442689216752,-0.003960442689216752,0.003960442689216752,0.003960442689216752,-0.015841770756867008,-0.015841770756867008,0.0007339574704145404,0.14986279201124025,4.705691669152945e-09,0.35949537604829707
284.0,0.001262995362559344,15.068673308017624,116.15943541429543,56.559379153247825,15.650902556496632,14.333221044249065,7.139812552541668,1.5826016819509372,301.46271738348594,-0.0382956764910237,-0.08024812207651488,-0.04195244558549118,1.0,0.015751160777409658,1.5197559788838881e-12,2.3,0.003352348430673852,0.3105457153592872,0.00792305688099165,0.0007348348274621685,0.3042837199749428,0.11908630245917586,0.1552728576796436,1.75,5599364.984252152,0.031502321554819315,0.057163255997681864,-0.003961528440495825,-0.003961528440495825,0.003961528440495825,0.003961528440495825,-0.0158461137619833,-0.0158461137619833,0.0007348348274621685,0.14986279201124025,4.705691669152945e-09,0.360758347537359
285.0,0.0012630433872866248,15.066116306415765,116.16663106005471,56.5617809008946,15.656004095408838,14.338923981835782,7.140189248561129,1.5827984012219167,301.46272156259585,-0.03829508910685231,-0.08024874614136925,-0.041953657034516936,1.0,0.015714292990054498,1.5161987781763964e-12,2.3,0.0033426150940734875,0.31056971541933437,0.007925208838860928,0.0007357039672039208,0.30429499276284255,0.1190896269827599,0.15528485770966718,1.75,5599237.133342373,0.031428585980108996,0.05715667555283154,-0.003962604419430464,-0.003962604419430464,0.003962604419430464,0.003962604419430464,-0.015850417677721856,-0.015850417677721856,0.0007357039672039208,0.14986279201124025,4.705691669152945e-09,0.362021366912282
286.0,0.001263091684681883,15.063553841157386,116.17381890330158,56.564206431270165,15.661066938266629,14.344587849173534,7.140564650340324,1.5829947123188877,301.4627258320889,-0.03829449360485528,-0.08024937343952782,-0.04195487983467253,1.0,0.015677764653577845,1.5126743294996553e-12,2.3,0.00333294180327556,0.31059332194380007,0.00792734149094795,0.0007365649892535141,0.30430632982789974,0.11909298184500416,0.15529666097190004,1.75,5599111.3838666165,0.03135552930715569,0.0571500780863318,-0.003963670745473975,-0.003963670745473975,0.003963670745473975,0.003963670745473975,-0.0158546829818959,-0.0158546829818959,0.0007365649892535141,0.14986279201124025,4.705691669152945e-09,0.36328443444826625
287.0,0.001263140249763997,15.06098606072569,116.180998847807,56.56665537091937,15.666091533534592,14.350213070605868,7.1409387641401905,1.5831906169893177,301.4627301905151,-0.03829389010462853,-0.08025000389847115,-0.04195611379384261,1.0,0.01564157173036455,1.5091822432830268e-12,2.3,0.0033233280565070694,0.3106165396040176,0.007929455072143266,0.0007374179916072779,0.3043177299851901,0.11909636652668933,0.1553082698020088,1.75,5598987.710692999,0.0312831434607291,0.05714346396049211,-0.003964727536071633,-0.003964727536071633,0.003964727536071633,0.003964727536071633,-0.01585891014428653,-0.01585891014428653,0.0007374179916072779,0.14986279201124025,4.705691669152945e-09,0.3645475504154892
288.0,0.0012631890776015203,15.058413112061492,116.18817079862895,56.56912735004168,15.671078325223283,14.355800066421113,7.141311596184249,1.5833861169661043,301.4627346364388,-0.0382932787246341,-0.08025063744651036,-0.04195735872187625,1.0,0.01560571022429281,1.5057221339593715e-12,2.3,0.0033137733570965523,0.31063937302411426,0.007931549814654297,0.0007382630712027641,0.3043291920620226,0.11909978051392779,0.15531968651205713,1.75,5598866.088949074,0.03121142044858562,0.05713683353428124,-0.003965774907327148,-0.003965774907327148,0.003965774907327148,0.003965774907327148,-0.015863099629308593,-0.015863099629308593,0.0007382630712027641,0.14986279201124025,4.705691669152945e-09,0.36581071507917196
289.0,0.0012632381633441853,15.055835139625176,116.19533466292948,56.57162200468625,15.676027750249343,14.361349250381556,7.141683152640395,1.5835812139583083,301.4627391684487,-0.03829265958150939,-0.08025127401323309,-0.041958614431723704,1.0,0.015570176202770996,1.50229362209128e-12,2.3,0.0033042772140026624,0.3106618267575513,0.007933625946799281,0.000739100323407439,0.3043407149047445,0.11910322330126265,0.15533091337877564,1.75,5598746.494146576,0.031140352405541992,0.057130187160903616,-0.0039668129733996405,-0.0039668129733996405,0.0039668129733996405,0.0039668129733996405,-0.015867251893598562,-0.015867251893598562,0.000739100323407439,0.14986279201124025,4.705691669152945e-09,0.36707392869964484
290.0,0.0012632875021900748,15.05325228637509,116.20249034912213,56.574138974459885,15.68094024119717,14.36686103230242,7.142053439639987,1.583775909660826,301.46274378514727,-0.03829203279078685,-0.08025191352903364,-0.041959880738246795,1.0,0.015534965773521505,1.498896332131055e-12,2.3,0.0032948391411497502,0.3106839053117774,0.007935683694300217,0.0007399298425618822,0.30435229737160907,0.11910669438842507,0.1553419526558887,1.75,5598628.902049885,0.03106993154704301,0.05712352519031287,-0.0039678418471501085,-0.0039678418471501085,0.0039678418471501085,0.0039678418471501085,-0.015871367388600434,-0.015871367388600434,0.0007399298425618822,0.14986279201124025,4.705691669152945e-09,0.36833719153241196
291.0,0.0012633370894163084,15.050664692853374,116.20963776766676,56.57667790466473,15.685816223750244,14.372335815646885,7.142422463259933,1.583970205745384,301.46274848516094,-0.03829139846622114,-0.08025255592554671,-0.04196115745932557,1.0,0.015500075106026877,1.4955298944899473e-12,2.3,0.0032854586579448286,0.3107056131254683,0.00793772327911218,0.0007407517214823468,0.3043639383394016,0.11911019328335065,0.15535280656273415,1.75,5598513.288797048,0.031000150212053754,0.05711684796684753,-0.00396886163955609,-0.00396886163955609,0.00396886163955609,0.00396886163955609,-0.01587544655822436,-0.01587544655822436,0.0007407517214823468,0.14986279201124025,4.705691669152945e-09,0.36960050382821513
292.0,0.0012633869203470761,15.048072498139286,116.21677683023987,56.57923844406622,15.690656119377982,14.377774000036117,7.142790229541456,1.5841641038699399,301.46275326712953,-0.038290756720490086,-0.08025320113519034,-0.041962444414700255,1.0,0.015465500408941797,1.4921939433587452e-12,2.3,0.0032761352886290186,0.3107269545924667,0.007939744920677633,0.0007415660519890122,0.30437563669649426,0.11911371949902326,0.15536347729623334,1.75,5598399.630772059,0.030931000817883594,0.057110155831682136,-0.003969872460338817,-0.003969872460338817,0.003969872460338817,0.003969872460338817,-0.015879489841355267,-0.015879489841355267,0.0007415660519890122,0.14986279201124025,4.705691669152945e-09,0.37086386583309683
293.0,0.0012634369903835126,15.045475838958287,116.2239074505084,56.58182024697516,15.695460342836292,14.38317597890831,7.143156744472468,1.5843576056699251,301.46275812971584,-0.03829010766453935,-0.08025384909158804,-0.041963741427048694,1.0,0.01543123795096444,1.4888881187215522e-12,2.3,0.003266868562783375,0.31074793403968654,0.007941748834789947,0.0007423729244220123,0.30438739134930054,0.11911727255641137,0.15537396701984327,1.75,5598287.904722346,0.03086247590192888,0.05710344912052069,-0.003970874417394974,-0.003970874417394974,0.003970874417394974,0.003970874417394974,-0.015883497669579895,-0.015883497669579895,0.0007423729244220123,0.14986279201124025,4.705691669152945e-09,0.3721272777884621
294.0,0.0012634872949725652,15.042874850610982,116.23102954332221,56.58442297107402,15.700229304781756,14.388542141961647,7.143522014006021,1.5845507127673848,301.46276307159593,-0.038289451408265174,-0.08025449972912421,-0.04196504832085904,1.0,0.015397284038859121,1.4856120642352974e-12,2.3,0.0032576580146958054,0.3107685557503642,0.007943735234810423,0.0007431724281551716,0.3043992012155116,0.11912085198139606,0.1553842778751821,1.75,5598178.087634743,0.030794568077718243,0.057096728165987196,-0.003971867617405212,-0.003971867617405212,0.003971867617405212,0.003971867617405212,-0.015887470469620846,-0.015887470469620846,0.0007431724281551716,0.14986279201124025,4.705691669152945e-09,0.37339073993114014
295.0,0.0012635378296360995,15.040269666104816,116.23814302546718,56.587046279444756,15.70496340933942,14.3938728728756,7.143886044042968,1.5847434267624614,301.46276809146826,-0.03828878805987601,-0.08025515298335464,-0.04196636492347863,1.0,0.015363635037769571,1.4823654291896658e-12,2.3,0.0032485031838556935,0.3107888239426129,0.007945704330564823,0.0007439646511251246,0.30441106523038186,0.1191244573076293,0.15539441197130646,1.75,5598070.156849509,0.030727270075539142,0.05708999329537536,-0.003972852165282412,-0.003972852165282412,0.003972852165282412,0.003972852165282412,-0.015891408661129647,-0.015891408661129647,0.0007439646511251246,0.14986279201124025,4.705691669152945e-09,0.3746542524934445
296.0,0.0012635885899405898,15.037660417059334,116.24524781487938,56.58968983845198,15.709663056646392,14.399168551688756,7.144248840450099,1.5849357492422818,301.46277318804397,-0.03828811772655751,-0.08025580879057427,-0.04196769106401676,1.0,0.015330287349833464,1.4791478664437164e-12,2.3,0.0032394036143360426,0.31080874279199533,0.007947656329524396,0.0007447496803309682,0.304422982340142,0.11912808807354389,0.15540437139599766,1.75,5597964.089939936,0.030660574699666928,0.05708324483298004,-0.003973828164762198,-0.003973828164762198,0.003973828164762198,0.003973828164762198,-0.015895312659048793,-0.015895312659048793,0.0007447496803309682,0.14986279201124025,4.705691669152945e-09,0.3759178157032328
297.0,0.0012636395715254463,15.035047232859833,116.25234383137807,56.59235331971806,15.71432864048494,14.404429552580568,7.144610409043087,1.5851276817726754,301.4627783600562,-0.038287440513850864,-0.0802564670882165,-0.04196902657436564,1.0,0.015297237433954317,1.475959034333579e-12,2.3,0.0032303588552772206,0.3108283164107171,0.00794959143573437,0.0007455276013760828,0.3044349515081239,0.11913174382513578,0.15541415820535856,1.75,5597859.864822967,0.030594474867908634,0.05707648309790172,-0.003974795717867185,-0.003974795717867185,0.003974795717867185,0.003974795717867185,-0.01589918287146874,-0.01589918287146874,0.0007455276013760828,0.14986279201124025,4.705691669152945e-09,0.3771814297839658
298.0,0.0012636907700735113,15.032430241539627,116.2594309959008,56.59503639806137,15.71896055075755,14.409656246185904,7.144970755604315,1.585319225906815,301.4627836062502,-0.038286756526300335,-0.08025712781443271,-0.04197037128813238,1.0,0.015264481784991013,1.4727985946645483e-12,2.3,0.003221368460283834,0.31084754886954014,0.007951509850960164,0.000746298498954123,0.30444697170834195,0.11913542411305357,0.15542377443477007,1.75,5597757.459642335,0.030528963569982026,0.05706970840632066,-0.003975754925480082,-0.003975754925480082,0.003975754925480082,0.003975754925480082,-0.01590301970192033,-0.01590301970192033,0.000746298498954123,0.14986279201124025,4.705691669152945e-09,0.37844509495476525
299.0,0.0012637421813386424,15.029809568955063,116.26650923121714,56.597738753420394,15.723559171183492,14.414848997435556,7.1453298858660945,1.5855103831771609,301.4627889253927,-0.03828606586684775,-0.08025779090848088,-0.041971725041633136,1.0,0.015232016953002988,1.4696662145679638e-12,2.3,0.0032124319878980515,0.3108664441775836,0.007953411773646779,0.0007470624564031695,0.3044590419314609,0.11913912849530761,0.1554332220887918,1.75,5597656.85287594,0.030464033906005977,0.057062921069354636,-0.0039767058868233895,-0.0039767058868233895,0.0039767058868233895,0.0039767058868233895,-0.015906823547293558,-0.015906823547293558,0.0007470624564031695,0.14986279201124025,4.705691669152945e-09,0.3797088114304713
300.0,0.0012637938011169831,15.027185339645404,116.27357846118397,56.600460068845464,15.728124881707267,14.420008167809327,7.145687805528208,1.5857011551038656,301.46279431626243,-0.03828536863746333,-0.08025845631031639,-0.04197308767285306,1.0,0.015199839522998417,1.4665615645472046e-12,2.3,0.003203549001010428,0.3108850063036076,0.007955297400031378,0.0007478195561784691,0.30447116117854456,0.11914285653443603,0.1554425031518038,1.75,5597558.023222364,0.030399679045996834,0.0570561213952772,-0.003977648700015689,-0.003977648700015689,0.003977648700015689,0.003977648700015689,-0.015910594800062756,-0.015910594800062756,0.0007478195561784691,0.14986279201124025,4.705691669152945e-09,0.3809725794216991
301.0,0.001263845625273813,15.024557676028623,116.2806386114402,56.60320003237307,15.732658056256808,14.425134113233574,7.146044520241377,1.5858915431869378,301.46279977765886,-0.03828466493855578,-0.08025912396097025,-0.04197445902241447,1.0,0.01516794613366845,1.4634843202852705e-12,2.3,0.003194719067323265,0.3109032391564106,0.007957166923132567,0.0007485698794185562,0.30448332846686793,0.11914660780014273,0.1554516195782053,1.75,5597460.9497050755,0.0303358922673369,0.05704930968742739,-0.003978583461566283,-0.003978583461566283,0.003978583461566283,0.003978583461566283,-0.015914333846265134,-0.015914333846265134,0.0007485698794185562,0.14986279201124025,4.705691669152945e-09,0.3822363991348945
302.0,0.0012638976497156063,15.021926699239557,116.28768960868217,56.605958335069815,15.737159065087301,14.430227186274653,7.146400035624527,1.5860815489144144,301.4628053083929,-0.03828395486958681,-0.08025979380215106,-0.041975838932564256,1.0,0.01513633345767656,1.4604341607429909e-12,2.3,0.0031859417587751307,0.3109211466054833,0.007959020533830505,0.0007493135064051321,0.30449554282383073,0.11915038186653851,0.15546057330274166,1.75,5597365.611562307,0.03027266691535312,0.05704248624637371,-0.003979510266915252,-0.003979510266915252,0.003979510266915252,0.003979510266915252,-0.01591804106766101,-0.01591804106766101,0.0007493135064051321,0.14986279201124025,4.705691669152945e-09,0.3835002707723892
303.0,0.0012639498704161535,15.019292528345899,116.29473138133976,56.60873467285829,15.741628272599218,14.435287734091844,7.146754357248514,1.586271173754741,301.4628109072958,-0.03828323852849641,-0.08026046577661297,-0.04197722724811656,1.0,0.015104998219897373,1.457410769918807e-12,2.3,0.0031772166519943353,0.3109387324619939,0.007960858419885032,0.000750050516140814,0.30450780329261745,0.11915417831470924,0.15546936623099694,1.75,5597271.9883481385,0.030209996439794745,0.05703565136787427,-0.003980429209942516,-0.003980429209942516,0.003980429209942516,0.003980429209942516,-0.015921716839770065,-0.015921716839770065,0.000750050516140814,0.14986279201124025,4.705691669152945e-09,0.3847641945324551
304.0,0.0012640022833893484,15.016655281165216,116.30176385887097,56.61152874461174,15.746066039619329,14.44031610057049,7.147107490652252,1.586460419164718,301.46281657321026,-0.038282516012301544,-0.0802611398277687,-0.04197862381546715,1.0,0.015073937178249373,1.4544138349994066e-12,2.3,0.003168543327758323,0.3109560004988347,0.007962680766983513,0.0007507809867961348,0.3045201089262683,0.11915799673003093,0.15547800024941735,1.75,5597180.059825617,0.030147874356498745,0.057028805344988096,-0.0039813403834917565,-0.0039813403834917565,0.0039813403834917565,0.0039813403834917565,-0.015925361533967026,-0.015925361533967026,0.0007507809867961348,0.14986279201124025,4.705691669152945e-09,0.38602817060935785
305.0,0.0012640548847146383,15.01401507350059,116.30878697242032,56.61434025393286,15.750472721276951,14.445312624338156,7.14745944133012,1.5866492865820885,301.46282230499844,-0.038281787416536164,-0.0802618159000465,-0.04198002848351033,1.0,0.015043147141380447,1.451443048066121e-12,2.3,0.0031599213713509673,0.31097295443216755,0.007964487757790564,0.0007515049953001688,0.3045324587931936,0.11916183670466726,0.15548647721608377,1.75,5597089.806064862,0.030086294282760894,0.0570219484660843,-0.003982243878895282,-0.003982243878895282,0.003982243878895282,0.003982243878895282,-0.015928975515581128,-0.015928975515581128,0.0007515049953001688,0.14986279201124025,4.705691669152945e-09,0.38729219919340985
306.0,0.0012641076705105115,15.011372019937022,116.31580065413206,56.617168907297746,15.754848669223918,14.450277640829679,7.147810214743518,1.5868377774332691,301.46282810153343,-0.038281052835834516,-0.08026249393851505,-0.04198144110268053,1.0,0.015012624950101316,1.4484981043035241e-12,2.3,0.0031513503721436087,0.3109895979408927,0.007966279572960935,0.0007522226177734318,0.30454485197139913,0.1191656978349592,0.15549479897044635,1.75,5597001.2073392775,0.03002524990020263,0.05701508101690197,-0.003983139786480468,-0.003983139786480468,0.003983139786480468,0.003983139786480468,-0.01593255914592187,-0.01593255914592187,0.0007522226177734318,0.14986279201124025,4.705691669152945e-09,0.3885562804710224
307.0,0.0012641606369593024,15.008726233096313,116.32280483779105,56.62001441578894,15.759194229567324,14.455211480355754,7.148159816308541,1.587025893126138,301.46283396170776,-0.03828031236338564,-0.08026317388923096,-0.04198286152584532,1.0,0.014982367494601223,1.4455787036604913e-12,2.3,0.0031428299239424913,0.31100593464872994,0.007968056390216378,0.0007529339291294834,0.30455728755386036,0.11916957972385701,0.15550296732436497,1.75,5596914.2442208035,0.029964734989202445,0.05700820327860744,-0.003984028195108189,-0.003984028195108189,0.003984028195108189,0.003984028195108189,-0.015936112780432755,-0.015936112780432755,0.0007529339291294834,0.14986279201124025,4.705691669152945e-09,0.3898204146247573
308.0,0.0012642137802813787,15.006077824413412,116.32979945815441,56.62287649328731,15.76350974503023,14.460114470124843,7.148508251411554,1.5872136350575543,301.46283988442434,-0.03827956609150151,-0.08026385569887219,-0.04198428960737068,1.0,0.0149523716962897,1.4426845490981995e-12,2.3,0.0031343596244738756,0.31102196814311883,0.007969818385333635,0.0007536390034980354,0.3045697646428937,0.11917348197837468,0.15551098407155942,1.75,5596828.89747917,0.0299047433925794,0.05700131552980407,-0.003984909192666817,-0.003984909192666817,0.003984909192666817,0.003984909192666817,-0.01593963677066727,-0.01593963677066727,0.0007536390034980354,0.14986279201124025,4.705691669152945e-09,0.3910846018333776
309.0,0.0012642670967592667,15.00342690340988,116.33678445157534,56.62575485816061,15.767795552939363,14.464986932353339,7.14885552539366,1.587401004606342,301.4628458686049,-0.03827881411108556,-0.08026453931507746,-0.0419857252039919,1.0,0.014922634524628152,1.4398153482141257e-12,2.3,0.0031259390758096254,0.31103770195783237,0.007971565731243925,0.000754337913835631,0.30458228235539325,0.11917740421196153,0.15551885097891618,1.75,5596745.148174315,0.029845269049256305,0.05699441804463613,-0.003985782865621962,-0.003985782865621962,0.003985782865621962,0.003985782865621962,-0.01594313146248785,-0.01594313146248785,0.000754337913835631,0.14986279201124025,4.705691669152945e-09,0.3923488422718979
310.0,0.0012643205827125303,15.000773578450818,116.34375975535235,56.628649231501946,15.772051987328185,14.469829186236566,7.149201643566883,1.587588003140606,301.46285191318157,-0.03827805651218626,-0.08026522468608925,-0.04198716817390299,1.0,0.014893152979435735,1.4369708115348248e-12,2.3,0.0031175678838424987,0.3110531395913245,0.007973298598993409,0.000755030732337726,0.30459483981734786,0.11918134604202259,0.15552656979566226,1.75,5596662.977558594,0.02978630595887147,0.056987511094749865,-0.0039866492994967044,-0.0039866492994967044,0.0039866492994967044,0.0039866492994967044,-0.015946597197986818,-0.015946597197986818,0.000755030732337726,0.14986279201124025,4.705691669152945e-09,0.39361313611163384
311.0,0.0012643742345212928,14.998117956036442,116.3507253083368,56.631559338775006,15.77627937697799,14.474641546108431,7.149546611198876,1.5877746320109052,301.4628580171044,-0.03827729338347928,-0.08026591176108414,-0.041988618377604855,1.0,0.014863924107278673,1.4341506540972575e-12,2.3,0.003109245658702847,0.31106828448985485,0.007975017156868033,0.0007557175300597223,0.3046074361689447,0.11918530709222809,0.15553414224492743,1.75,5596582.367166481,0.029727848214557345,0.05698059494744297,-0.003987508578434017,-0.003987508578434017,0.003987508578434017,0.003987508578434017,-0.015950034313736067,-0.015950034313736067,0.0007557175300597223,0.14986279201124025,4.705691669152945e-09,0.39487748352025076
312.0,0.0012644280486017235,14.995460141540056,116.35768105029928,56.63448490809793,15.780478047465,14.479424323360655,7.14989043352884,1.587960892557369,301.46286417933385,-0.038276524812806835,-0.08026660048982544,-0.0419900756770186,1.0,0.01483494498424455,1.4313545937867635e-12,2.3,0.00310097201424606,0.3110831400652993,0.007976721571326513,0.0007563983773179557,0.3046200705592256,0.11918928699009912,0.15554157003264965,1.75,5596503.298719642,0.0296698899684891,0.056973669867578104,-0.0039883607856632565,-0.0039883607856632565,0.0039883607856632565,0.0039883607856632565,-0.015953443142653026,-0.015953443142653026,0.0007563983773179557,0.14986279201124025,4.705691669152945e-09,0.39614188466181227
313.0,0.0012644820214289616,14.99280023851729,116.364626922521,56.63742567184643,15.78464831925334,14.484177824650574,7.150233115752467,1.5881467861030565,301.46287039884794,-0.03827575088667305,-0.08026729082298462,-0.041991539936311564,1.0,0.01480621273190156,1.4285823528768945e-12,2.3,0.003092746568460253,0.31109770967877254,0.007978412006149791,0.0007570733433207948,0.30463274215106034,0.11919328536925664,0.15554885483938627,1.75,5596425.754213992,0.02961242546380312,0.05696673611577667,-0.003989206003074896,-0.003989206003074896,0.003989206003074896,0.003989206003074896,-0.015956824012299583,-0.015956824012299583,0.0007570733433207948,0.14986279201124025,4.705691669152945e-09,0.3974063396968276
314.0,0.0012645361495132901,14.990138349425626,116.37156286717718,56.64038136498169,15.78879050968775,14.488902353770035,7.150574663037613,1.5883323139608785,301.4628766746344,-0.03827497169076958,-0.08026798271180341,-0.04199301102103383,1.0,0.01477772450052797,1.4258336564113025e-12,2.3,0.003084568942965408,0.3111119966579178,0.007980088623347351,0.0007577424965588548,0.3046454501159421,0.1191973018670705,0.1555559983289589,1.75,5596349.715827553,0.02955544900105594,0.05695979395028627,-0.0039900443116736755,-0.0039900443116736755,0.0039900443116736755,0.0039900443116736755,-0.015960177246694702,-0.015960177246694702,0.0007577424965588548,0.14986279201124025,4.705691669152945e-09,0.3986708487822987
315.0,0.0012645904294224049,14.987474574950824,116.37848882791255,56.64335172661256,15.792904931136981,14.493598209899957,7.150915080509464,1.588517477427138,301.4628830056983,-0.03827418730948378,-0.08026867610840653,-0.04199448879892275,1.0,0.014749477484653606,1.4231082337032654e-12,2.3,0.003076438763412717,0.31112600428101284,0.007981751582330488,0.000758405904445873,0.3046581936388315,0.11920133612684959,0.15556300214050642,1.75,5596275.166004939,0.02949895496930721,0.0569528436252176,-0.003990875791165244,-0.003990875791165244,0.003990875791165244,0.003990875791165244,-0.015963503164660976,-0.015963503164660976,0.000758405904445873,0.14986279201124025,4.705691669152945e-09,0.3999354120717665
316.0,0.0012646448577582209,14.984809014708482,116.38540474924123,56.64633649836636,15.796991892933638,14.498265689430355,7.151254373265965,1.588702277788263,301.4628893910543,-0.03827339782641092,-0.0802693709654729,-0.04199597313906198,1.0,0.014721468906731351,1.420405816760228e-12,2.3,0.0030683556589947963,0.31113973579375165,0.007983401040792924,0.0007590636336984571,0.3046709719130861,0.11920538779555276,0.15556986789687582,1.75,5596202.087367927,0.029442937813462702,0.05694588539236678,-0.003991700520396462,-0.003991700520396462,0.003991700520396462,0.003991700520396462,-0.015966802081585848,-0.015966802081585848,0.0007590636336984571,0.14986279201124025,4.705691669152945e-09,0.40120002971535684
317.0,0.0012646994311786065,14.982141766587233,116.39231057710698,56.64933542591121,15.801051699566617,14.50290508426037,7.151592546363209,1.5888867163145213,301.4628958297336,-0.0382726033238749,-0.08027006723654005,-0.04199746391266515,1.0,0.014693696032272285,1.4177261417441176e-12,2.3,0.003060319262836779,0.3111531943938178,0.007985037153907082,0.0007597157499864719,0.3046837841451822,0.11920945652592152,0.1555765971969089,1.75,5596130.4627974555,0.02938739206454457,0.05693891949949461,-0.003992518576953541,-0.003992518576953541,0.003992518576953541,0.003992518576953541,-0.015970074307814164,-0.015970074307814164,0.0007597157499864719,0.14986279201124025,4.705691669152945e-09,0.40246470185982525
318.0,0.0012647541463747275,14.97947292743277,116.39920625829888,56.65234825736851,15.805084652569537,14.507516683570723,7.151929604830623,1.5890707942665738,301.462902320777,-0.038271803883427345,-0.08027076487568409,-0.041998960992256744,1.0,0.014666156153947578,1.4150689474374142e-12,2.3,0.0030523292115176696,0.311166383247183,0.007986660075179801,0.0007603623183026209,0.30469662954977117,0.11921354197425098,0.1555831916235915,1.75,5596060.275346778,0.029332312307895157,0.05693194619210482,-0.003993330037589901,-0.003993330037589901,0.003993330037589901,0.003993330037589901,-0.015973320150359602,-0.015973320150359602,0.0007603623183026209,0.14986279201124025,4.705691669152945e-09,0.4037294286486019
319.0,0.0012648090000922513,14.97680259240741,116.40609174099693,56.65537474479661,15.809091048760873,14.512100772168006,7.152265553656585,1.589254512889355,301.46290886324147,-0.038270999585380557,-0.08027146383781607,-0.04200046425243551,1.0,0.01463884660632765,1.412433976665258e-12,2.3,0.0030443851454531666,0.3111793054731191,0.007988269955670929,0.0007610034026220608,0.30470950735428504,0.11921764380246706,0.15558965273655956,1.75,5595991.508321132,0.0292776932126553,0.0569249657117645,-0.003994134977835464,-0.003994134977835464,0.003994134977835464,0.003994134977835464,-0.015976539911341858,-0.015976539911341858,0.0007610034026220608,0.14986279201124025,4.705691669152945e-09,0.4049942102218354
320.0,0.001264863989109305,14.974130855657043,116.41296697420309,56.65841464264375,15.813071182082407,14.516657632210883,7.152600397803368,1.5894378734184516,301.46291545619295,-0.03827019050929388,-0.08027216407837048,-0.0420019735690766,1.0,0.014611764750402597,1.4098209748019035e-12,2.3,0.003036486708427688,0.3111919641600349,0.007989866944824916,0.0007616390662621265,0.30472241679411655,0.11922176167595543,0.15559598208001746,1.75,5595924.145193351,0.029223529500805194,0.05691797829783962,-0.003994933472412458,-0.003994933472412458,0.003994933472412458,0.003994933472412458,-0.015979733889649832,-0.015979733889649832,0.0007616390662621265,0.14986279201124025,4.705691669152945e-09,0.4062590467164362
321.0,0.0012649191102570873,14.971457809686607,116.41983190827247,56.66146770919412,15.817025341885712,14.521187541597392,7.152934142192968,1.5896208770741473,301.4629220987134,-0.0382693767335185,-0.08027286555359382,-0.042003488820075326,1.0,0.014584907987936845,1.4072296911557274e-12,2.3,0.003028633547969507,0.3112043623509192,0.007991451189711058,0.0007622693715509071,0.3047353571171083,0.11922589526558518,0.1556021811754596,1.75,5595858.169681249,0.02916981597587369,0.05691098418585543,-0.003995725594855529,-0.003995725594855529,0.003995725594855529,0.003995725594855529,-0.015982902379422115,-0.015982902379422115,0.0007622693715509071,0.14986279201124025,4.705691669152945e-09,0.4075239382661194
322.0,0.001264974360398416,14.968783546010446,116.42668649435942,56.66453370506014,15.820953814722051,14.525690775646186,7.153266791721822,1.5898035250676301,301.4629287898937,-0.03826855833567145,-0.08027356822024126,-0.04200500988456981,1.0,0.01455827374639617,1.4046598775149113e-12,2.3,0.0030208253148929364,0.3112165030587223,0.007993022835831696,0.0007628943801773934,0.3047483275788552,0.11923004424559376,0.15560825152936114,1.75,5595793.565665663,0.02911654749279234,0.05690398360919037,-0.003996511417915848,-0.003996511417915848,0.003996511417915848,0.003996511417915848,-0.015986045671663392,-0.015986045671663392,0.0007628943801773934,0.14986279201124025,4.705691669152945e-09,0.4087888850014471
323.0,0.0012650297364478064,14.966108154543255,116.43353068493467,56.66761239459198,15.824856882673899,14.530167605525675,7.153598351246853,1.5899858185951963,301.46293552884,-0.0382677353921919,-0.08027427203585764,-0.04200653664366574,1.0,0.014531859492928215,1.4021112894963539e-12,2.3,0.0030130616636659096,0.31122838925221735,0.007994582026383484,0.0007635141528687699,0.30476132744708007,0.11923420829555881,0.15561419462610868,1.75,5595730.3172656065,0.02906371898585643,0.05689697679747555,-0.003997291013191742,-0.003997291013191742,0.003997291013191742,0.003997291013191742,-0.015989164052766968,-0.015989164052766968,0.0007635141528687699,0.14986279201124025,4.705691669152945e-09,0.4100538870498702
324.0,0.0012650852353505828,14.963431724234306,116.44036443324613,56.670703544408155,15.828734825097667,14.534618299891552,7.153928825599951,1.5901677588442897,301.4629423146669,-0.038266907978803257,-0.08027497695848224,-0.04200806897967898,1.0,0.01450566271968464,1.3995836851294751e-12,2.3,0.003005342251962157,0.3112400238709392,0.007996128903042892,0.0007641287497312535,0.3047743559970574,0.11923838709833723,0.1556200119354696,1.75,5595668.408758685,0.02901132543936928,0.05688996397824803,-0.003998064451521446,-0.003998064451521446,0.003998064451521446,0.003998064451521446,-0.015992257806085784,-0.015992257806085784,0.0007641287497312535,0.14986279201124025,4.705691669152945e-09,0.4113189445357694
325.0,0.0012651408541024284,14.960754342473452,116.44718769382234,56.67380692476938,15.832587916998996,14.539043123356596,7.1542582195742295,1.5903493469878636,301.46294914650446,-0.03826607617008052,-0.0802756829469223,-0.04200960677684178,1.0,0.014479680957438427,1.3970768261700863e-12,2.3,0.0029976667410214594,0.3112514098114558,0.007997663605247845,0.0007647382299358573,0.30478741251587604,0.11924258034198676,0.1556257049057279,1.75,5595607.824654062,0.028959361914876854,0.05688294537538831,-0.003998831802623923,-0.003998831802623923,0.003998831802623923,0.003998831802623923,-0.01599532721049569,-0.01599532721049569,0.0007647382299358573,0.14986279201124025,4.705691669152945e-09,0.4125840575804959
326.0,0.0012651965897290231,14.95807609570961,116.45400042194747,56.67692230814642,15.836416430729608,14.543442338085702,7.154586537938286,1.5905305841902573,301.462956023491,-0.03826524003990075,-0.08027638996046571,-0.04201114992056496,1.0,0.01445391176128972,1.3945904767212129e-12,2.3,0.002990034795211564,0.31126254994187946,0.007999186270961337,0.0007653426520501887,0.3048004962979781,0.11924678771775865,0.15563127497093973,1.75,5595548.549615163,0.02890782352257944,0.05687592121073411,-0.003999593135480668,-0.003999593135480668,0.003999593135480668,0.003999593135480668,-0.015998372541922674,-0.015998372541922674,0.0007653426520501887,0.14986279201124025,4.705691669152945e-09,0.4138492263024116
327.0,0.0012652524393051312,14.955397068871493,116.46080257415146,56.68004947055938,15.8402206344052,14.547816202305215,7.1549137854226466,1.5907114716017072,301.4629629447793,-0.03826439966102137,-0.08027709795914714,-0.042012698298125775,1.0,0.014428352723930272,1.392124404512919e-12,2.3,0.0029824460823813168,0.31127344708852706,0.008000697035972676,0.0007659420737324418,0.30481360664931845,0.11925100892196852,0.15563672354426353,1.75,5595490.56853057,0.028856705447860544,0.056868891702555095,-0.004000348517986338,-0.004000348517986338,0.004000348517986338,0.004000348517986338,-0.01600139407194535,-0.01600139407194535,0.0007659420737324418,0.14986279201124025,4.705691669152945e-09,0.41511445081692866
328.0,0.0012653083999347309,14.952717345970738,116.46759410769907,56.68318819018179,15.844000793557678,14.552164971856694,7.155239966733837,1.5908920103640671,301.46296990953033,-0.03826355510551916,-0.08027780690346856,-0.042014251797949397,1.0,0.01440300146172151,1.3896783795590456e-12,2.3,0.0029749002734316735,0.3112841040500181,0.008002196034639943,0.0007665365520544237,0.3048267428830127,0.11925524365404225,0.15564205202500905,1.75,5595433.866438932,0.02880600292344302,0.05686185706712786,-0.004001098017319972,-0.004001098017319972,0.004001098017319972,0.004001098017319972,-0.016004392069279887,-0.016004392069279887,0.0007665365520544237,0.14986279201124025,4.705691669152945e-09,0.4163797312365486
329.0,0.0012653644687696114,14.950037009536958,116.47437498106692,56.6863382486461,15.847757169594457,14.556488898744742,7.155565086541037,1.5910722016054666,301.46297691691956,-0.03826270644437926,-0.08027851675465818,-0.042015810310278914,1.0,0.014377855627615769,1.3872521754039184e-12,2.3,0.0029673970426614075,0.3112945235843205,0.008003683399210388,0.0007671261432035544,0.3048399043233923,0.11925949161833792,0.15564726179216026,1.75,5595378.428597812,0.028755711255231537,0.05685481751724704,-0.004001841699605194,-0.004001841699605194,0.004001841699605194,0.004001841699605194,-0.016007366798420776,-0.016007366798420776,0.0007671261432035544,0.14986279201124025,4.705691669152945e-09,0.41764506767090076
330.0,0.0012654206429900284,14.947356141205935,116.48114515344598,56.68949942968314,15.851490021407326,14.560788232650431,7.1558891494898855,1.5912520464458775,301.4629839661303,-0.038261853747923104,-0.08027922747439845,-0.04201737372647534,1.0,0.014352912897597993,1.384845567814174e-12,2.3,0.0029599360673486265,0.311304708422442,0.008005159260542202,0.0007677109027973352,0.3048530903017655,0.11926375252224228,0.155652354211221,1.75,5595324.240410764,0.028705825795195986,0.0568477732637626,-0.004002579630271101,-0.004002579630271101,0.004002579630271101,0.004002579630271101,-0.016010318521084404,-0.016010318521084404,0.0007677109027973352,0.14986279201124025,4.705691669152945e-09,0.4189104602267806
331.0,0.001265476919822828,14.944674821168636,116.48790458520612,56.69267152039473,15.855199603872018,14.56506321951661,7.156212160189351,1.5914315459919155,301.4629910563596,-0.03826099708540762,-0.08027993902507825,-0.04201894193967063,1.0,0.014328170983272185,1.382458335993164e-12,2.3,0.0029525170280891057,0.31131466125584806,0.008006623747443467,0.0007682908855931399,0.3048663001603668,0.11926802607794618,0.15565733062792403,1.75,5595271.287494209,0.02865634196654437,0.05684072451412635,-0.004003311873721734,-0.004003311873721734,0.004003311873721734,0.004003311873721734,-0.016013247494886935,-0.016013247494886935,0.0007682908855931399,0.14986279201124025,4.705691669152945e-09,0.420175909008187
332.0,0.0012655332965225753,14.941993128744839,116.49465323741187,56.69585430992757,15.858886169414925,14.569314103022311,7.156534123225348,1.5916107013422558,301.4629981868125,-0.03826013652544251,-0.08028065136952799,-0.04202051484408548,1.0,0.01430362761865554,1.3800902613067845e-12,2.3,0.0029451396083862644,0.31132438474975993,0.008008076987374036,0.0007688661457943975,0.30487953324822675,0.11927231200058976,0.15566219237487997,1.75,5595219.555606602,0.02860725523731108,0.0568336714738925,-0.004004038493687018,-0.004004038493687018,0.004004038493687018,0.004004038493687018,-0.016016153974748072,-0.016016153974748072,0.0007688661457943975,0.14986279201124025,4.705691669152945e-09,0.4214414141163597
333.0,0.0012655897703892389,14.939311141845762,116.50139107227434,56.69904759071381,15.862549966551786,14.573541123204384,7.156855043147785,1.5917895135825775,301.4630053567073,-0.03825927213559947,-0.0802813644712651,-0.04202209233566563,1.0,0.01427928057244062,1.3777411284665968e-12,2.3,0.002937803494983269,0.31133388153093466,0.008009519105802427,0.0007694367367679432,0.3048927889250231,0.11927661000999226,0.15566694076546733,1.75,5595169.030713386,0.02855856114488124,0.05682661434529865,-0.004004759552901214,-0.004004759552901214,0.004004759552901214,0.004004759552901214,-0.016019038211604854,-0.016019038211604854,0.0007694367367679432,0.14986279201124025,4.705691669152945e-09,0.42270697564981563
334.0,0.0012656463387497902,14.936628937533486,116.50811805268008,56.702251157178296,15.86619124141343,14.577744517893894,7.157174924483978,1.5919679837908316,301.46301256527016,-0.03825840398281899,-0.08028207829423631,-0.04202367431141732,1.0,0.014255127635132037,1.375410724288705e-12,2.3,0.0029305083774616024,0.31134315420058734,0.008010950226888377,0.0007700027113421452,0.30490606655705155,0.11928091982884544,0.15567157710029367,1.75,5595119.69891817,0.028510255270264073,0.056819553328730635,-0.004005475113444189,-0.004005475113444189,0.004005475113444189,0.004005475113444189,-0.016021900453776754,-0.016021900453776754,0.0007700027113421452,0.14986279201124025,4.705691669152945e-09,0.42397259370438517
335.0,0.001265702998975435,14.933946591496879,116.51483414263105,56.705464806948335,15.869810236322564,14.581924521373189,7.1574937717258855,1.5921461130323191,301.46301981174014,-0.03825753213302934,-0.08028279280305659,-0.042025260670027244,1.0,0.01423116663099246,1.373098838846369e-12,2.3,0.0029232539485665706,0.311352205322505,0.008012370472857145,0.000770564121531602,0.30491936552098475,0.11928524118439858,0.1556761026612525,1.75,5595071.546525902,0.02846233326198492,0.056812488621337136,-0.004006185236428573,-0.004006185236428573,0.004006185236428573,0.004006185236428573,-0.01602474094571429,-0.01602474094571429,0.000770564121531602,0.14986279201124025,4.705691669152945e-09,0.4252382683732478
336.0,0.0012657597484637046,14.931264178597154,116.52153930678567,56.70868833959315,15.873407191279599,14.586081365775303,7.157811589343328,1.592323902364822,301.4630270953639,-0.03825665665154317,-0.08028350796275818,-0.042026851311215016,1.0,0.014207395405512878,1.3708052642610722e-12,2.3,0.0029160399038144114,0.3113610374356196,0.00801377996466336,0.0007711210188274495,0.30493268519994077,0.11928957380669848,0.1556805187178098,1.75,5595024.559975912,0.028414790811025756,0.05680542041845953,-0.00400688998233168,-0.00400688998233168,0.00400688998233168,0.00400688998233168,-0.01602755992932672,-0.01602755992932672,0.0007711210188274495,0.14986279201124025,4.705691669152945e-09,0.42650399974696734
337.0,0.001265816584655216,14.928581772356738,116.5282335108874,56.71192155780351,15.876982342576502,14.590215279775446,7.158128381771398,1.5925013528338106,301.46303441540067,-0.03825577760268597,-0.0802842237390234,-0.04202844613633743,1.0,0.014183811837051403,1.368529795825492e-12,2.3,0.0029088659418115064,0.3113696530424495,0.008015178821382227,0.0007716734539292043,0.30494602498714873,0.11929391743023163,0.15568482652122476,1.75,5594978.725903343,0.028367623674102806,0.0567983489122795,-0.004007589410691114,-0.004007589410691114,0.004007589410691114,0.004007589410691114,-0.016030357642764455,-0.016030357642764455,0.0007716734539292043,0.14986279201124025,4.705691669152945e-09,0.4277697879135268
338.0,0.0012658735050162435,14.925899445491362,116.53491672131796,56.71516426616288,15.880535924243848,14.594326489954435,7.158444153423488,1.5926784654774366,301.46304177111716,-0.03825489505018287,-0.08028494009794017,-0.0420300450477573,1.0,0.014160413824627845,1.3662722308258572e-12,2.3,0.002901731763869746,0.3113780546213138,0.00801656716085521,0.0007722214770274473,0.30495938428211905,0.11929827179220875,0.1556890273106569,1.75,5594934.031074114,0.02832082764925569,0.056791274293214684,-0.004008283580427605,-0.004008283580427605,0.004008283580427605,0.004008283580427605,-0.01603313432171042,-0.01603313432171042,0.0007722214770274473,0.14986279201124025,4.705691669152945e-09,0.42903563295836256
339.0,0.0012659305070550381,14.923217269411523,116.54158890551436,56.718416272297524,15.884068166700702,14.598415219523742,7.158758908678885,1.5928552413218706,301.46304916179224,-0.03825400905679624,-0.08028565700622874,-0.042031647949432496,1.0,0.014137199299262842,1.3640323696360065e-12,2.3,0.0028946370743194016,0.3113862446151046,0.008017945099097612,0.0007727651375426434,0.30497276249421323,0.11930263663416565,0.1556931223075523,1.75,5594890.462444582,0.028274398598525683,0.056784196748598456,-0.004008972549548806,-0.004008972549548806,0.004008972549548806,0.004008972549548806,-0.016035890198195225,-0.016035890198195225,0.0007727651375426434,0.14986279201124025,4.705691669152945e-09,0.4303015349643982
340.0,0.001265987588304865,14.92053531474142,116.548250031534,56.72167738567841,15.887579298163947,14.60248168965387,7.1590726518955945,1.5930316813861607,301.46305658671207,-0.03825311968470286,-0.08028637443100368,-0.042033254746300826,1.0,0.014114166212088707,1.3618100145702615e-12,2.3,0.0028875815801327176,0.31139422544316264,0.008019312750926676,0.0007733044844004122,0.30498615903891124,0.11930701170029137,0.15569711272158132,1.75,5594848.007098317,0.028228332424177414,0.05677711646404228,-0.004009656375463338,-0.004009656375463338,0.004009656375463338,0.004009656375463338,-0.01603862550185335,-0.01603862550185335,0.0007733044844004122,0.14986279201124025,4.705691669152945e-09,0.43156749401207817
341.0,0.0012660447463398812,14.917853650832736,116.55490006846078,56.724947418742765,15.891069543333217,14.606526118232026,7.1593853873981255,1.5932077866776944,301.4630640451748,-0.03825222699514056,-0.08028709233999469,-0.04203486534485413,1.0,0.014091312545396998,1.3596049709493521e-12,2.3,0.0028805649912305694,0.3114019994903534,0.00802067022938509,0.0007738395657771094,0.30499957334129446,0.11931139673898823,0.1557009997451767,1.75,5594806.652304154,0.028182625090793997,0.0567700336221468,-0.004010335114692545,-0.004010335114692545,0.004010335114692545,0.004010335114692545,-0.01604134045877018,-0.01604134045877018,0.0007738395657771094,0.14986279201124025,4.705691669152945e-09,0.4328335101794005
342.0,0.001266101978758627,14.91517234627075,116.56153898598163,56.72822618572592,15.894539124763549,14.610548721156468,7.1596971194901196,1.593383558196927,301.46307153648536,-0.038251331048775976,-0.08028781070131481,-0.04203647965253884,1.0,0.01406863630105627,1.3574170459829026e-12,2.3,0.0028735870201139816,0.31140956911861467,0.008022017646351968,0.0007743704293679106,0.30501300483240584,0.11931579150124291,0.15570478455930734,1.75,5594766.385454711,0.02813727260211254,0.056762948403831795,-0.004011008823175984,-0.004011008823175984,0.004011008823175984,0.004011008823175984,-0.016044035292703936,-0.016044035292703936,0.0007743704293679106,0.14986279201124025,4.705691669152945e-09,0.4340995835419498
343.0,0.0012661592831994834,14.912491468400116,116.56816675478186,56.731513503754925,15.897988261584413,14.614549711125889,7.16000785244231,1.5935589969329647,301.4630790599607,-0.03825043190535993,-0.08028852948367537,-0.04203809757831545,1.0,0.014046135511276685,1.355246049808057e-12,2.3,0.002866647382164806,0.31141693665633746,0.008023355111981862,0.0007748971221389666,0.3050264529526434,0.11932019574214658,0.15570846832816873,1.75,5594727.19412282,0.02809227102255337,0.056755860987077786,-0.004011677555990931,-0.004011677555990931,0.004011677555990931,0.004011677555990931,-0.016046710223963725,-0.016046710223963725,0.0007748971221389666,0.14986279201124025,4.705691669152945e-09,0.43536571417292885
344.0,0.001266216657324601,14.909811083818452,116.5747833461329,56.734809191709566,15.901417170836668,14.618529298900615,7.160317590504965,1.5937341038681683,301.4630866149243,-0.03824952962408608,-0.0802892486561605,-0.042039719032074416,1.0,0.014023808227326127,1.3530917944007499e-12,2.3,0.002859745795285033,0.31142410440959234,0.008024682735299105,0.0007754196905884953,0.3050399171482139,0.11932460921930772,0.15571205220479617,1.75,5594689.0660017645,0.028047616454652254,0.05674877154822437,-0.004012341367649552,-0.004012341367649552,0.004012341367649552,0.004012341367649552,-0.01604936547059821,-0.01604936547059821,0.0007754196905884953,0.14986279201124025,4.705691669152945e-09,0.4366319021431909
345.0,0.0012662740988349437,14.90713125791384,116.58138873227722,56.73811307128882,15.904826066224777,14.62248769212291,7.160626337896021,1.593908879973853,301.4630942007112,-0.03824862426325486,-0.08028996818843627,-0.04204134392518141,1.0,0.014001652530019164,1.3509540945877372e-12,2.3,0.002852881980191435,0.3114310746518055,0.008026000623651861,0.000775938180505339,0.3050533968744421,0.11932903169433348,0.15571553732590274,1.75,5594651.98896014,0.028003305060038328,0.056741680260741646,-0.004013000311825931,-0.004013000311825931,0.004013000311825931,0.004013000311825931,-0.016052001247303722,-0.016052001247303722,0.000775938180505339,0.14986279201124025,4.705691669152945e-09,0.4378981475212707
346.0,0.001266331605454646,14.90445205534622,116.5879828860269,56.74142496590024,15.908215159419035,14.626425096545889,7.160934098813343,1.5940833262147693,301.4631018166631,-0.038247715880623125,-0.08029068805053126,-0.042042972169908134,1.0,0.013979666518723845,1.3488327669859146e-12,2.3,0.0028460556600625286,0.311437849634674,0.008027308883290401,0.0007764526372232521,0.3050668915923108,0.11933346293128325,0.155718924817337,1.75,5594615.950983745,0.02795933303744769,0.05673458729649761,-0.004013654441645201,-0.004013654441645201,0.004013654441645201,0.004013654441645201,-0.016054617766580803,-0.016054617766580803,0.0007764526372232521,0.14986279201124025,4.705691669152945e-09,0.4391644503734155
347.0,0.0012663891749456896,14.901773539596299,116.59456578113833,56.7447447017001,15.911584658840077,14.63034171488389,7.161240877423024,1.5942574435449173,301.4631094621324,-0.038246804533076495,-0.08029140821304004,-0.042044603679963544,1.0,0.013957848321582367,1.3467276309884594e-12,2.3,0.0028392665608275524,0.3114444315781199,0.008028607618835662,0.0007769631053856797,0.30508040077169124,0.11933790269811173,0.15572221578905995,1.75,5594580.940228971,0.027915696643164734,0.05672749282455878,-0.004014303809417831,-0.004014303809417831,0.004014303809417831,0.004014303809417831,-0.016057215237671323,-0.016057215237671323,0.0007769631053856797,0.14986279201124025,4.705691669152945e-09,0.4404308107636157
348.0,0.0012664468050925916,14.899095773435068,116.60113739192165,56.74807210651024,15.914934770927347,14.63423774801005,7.161546677871471,1.5944312329119075,301.4631171364785,-0.03824589027697032,-0.08029212864690968,-0.042046238369939364,1.0,0.01393619608480025,1.3446385077313958e-12,2.3,0.0028325144108205438,0.3114508226809131,0.00802989693384201,0.0007774696291934433,0.3050939238879656,0.11934235076516267,0.15572541134045656,1.75,5594546.944966247,0.0278723921696005,0.05672039701242748,-0.004014948466921005,-0.004014948466921005,0.004014948466921005,0.004014948466921005,-0.01605979386768402,-0.01605979386768402,0.0007774696291934433,0.14986279201124025,4.705691669152945e-09,0.4416972287536348
349.0,0.0012665044937167887,14.896418818483808,116.60769769360522,56.751407010832565,15.918265698954954,14.638113393835855,7.161851504273865,1.5946046952528896,301.46312483907127,-0.03824497316781005,-0.08029284932363794,-0.04204787615582788,1.0,0.013914707982606226,1.342565221054577e-12,2.3,0.0028257989410639503,0.31145702511089685,0.00803117693027982,0.0007779722521755649,0.3051074604251799,0.11934680690657513,0.15572851255544842,1.75,5594513.9536319915,0.02782941596521245,0.05671330002487077,-0.00401558846513991,-0.00401558846513991,0.00401558846513991,0.00401558846513991,-0.01606235386055964,-0.01606235386055964,0.0007779722521755649,0.14986279201124025,4.705691669152945e-09,0.4429637044030395
350.0,0.0012665622386616783,14.893742735672058,116.6142466619556,56.75474924679279,15.921577644267357,14.641968848478243,7.162155360726072,1.5947778314987928,301.4631325692869,-0.03824405326058388,-0.0802935702150652,-0.042049516954481315,1.0,0.013893382206816095,1.3405075964947496e-12,2.3,0.0028191198849297767,0.3114630410153165,0.008032447709083195,0.0007784710174305297,0.3051210098727506,0.11935127089881514,0.15573152050765826,1.75,5594481.9547736235,0.02778676441363219,0.05670620202512838,-0.004016223854541597,-0.004016223854541597,0.004016223854541597,0.004016223854541597,-0.01606489541816639,-0.01606489541816639,0.0007784710174305297,0.14986279201124025,4.705691669152945e-09,0.44423023776922876
351.0,0.001266620037806615,14.891067584808432,116.62078427363215,56.75809864912982,15.924870805125725,14.645804305167584,7.162458251293272,1.5949506425703672,301.4631403265123,-0.03824313060945084,-0.08029429129356754,-0.0420511606841167,1.0,0.013872216976539273,1.338465462222094e-12,2.3,0.0028124769784176593,0.3114688725113193,0.008033709369646258,0.0007789659674029936,0.3051345717285364,0.11935574252204682,0.15573443625565964,1.75,5594450.937100055,0.027744433953078546,0.05669910317376942,-0.004016854684823129,-0.004016854684823129,0.004016854684823129,0.004016854684823129,-0.016067418739292516,-0.016067418739292516,0.0007789659674029936,0.14986279201124025,4.705691669152945e-09,0.4454968289074629
352.0,0.0012666778890523896,14.88839342502731,116.62731050581736,56.76145505416573,15.928145377911687,14.649619955385093,7.162760180021694,1.595123129382308,301.46314811014025,-0.03824220526806535,-0.08029501253185424,-0.04205280726378889,1.0,0.013851210528009172,1.3364386480590055e-12,2.3,0.002805869959823051,0.31147452169599416,0.008034962010356132,0.0007794571441188043,0.30514814549563046,0.11936022155870106,0.15573726084799708,1.75,5594420.889428245,0.027702421056018344,0.05669200362987155,-0.004017481005178066,-0.004017481005178066,0.004017481005178066,0.004017481005178066,-0.016069924020712265,-0.016069924020712265,0.0007794571441188043,0.14986279201124025,4.705691669152945e-09,0.4467634778708924
353.0,0.0012667357903348138,14.885720314370236,116.63382533656184,56.76481830077079,15.93140155600342,14.653415987798509,7.163061150927398,1.5952952928394037,301.4631559195741,-0.03824127728927297,-0.08029573390315566,-0.042054456613882685,1.0,0.013830361124043237,1.3344269863928483e-12,2.3,0.002799298570010052,0.3114799906371276,0.00803620572810261,0.0007799445889674275,0.30516173068535507,0.11936470779481186,0.1557399953185638,1.75,5594391.80073233,0.027660722248086474,0.056684903549904825,-0.004018102864051305,-0.004018102864051305,0.004018102864051305,0.004018102864051305,-0.01607241145620522,-0.01607241145620522,0.0007799445889674275,0.14986279201124025,4.705691669152945e-09,0.448030184710586
354.0,0.0012667937396106084,14.883048310221575,116.6403287444245,56.7681882293588,15.934639530948287,14.657192589370583,7.163361168007851,1.5954671338405508,301.46316375422276,-0.03824034672542691,-0.08029645538102617,-0.042056108655599264,1.0,0.013809667044133415,1.3324303112198314e-12,2.3,0.0027927625520861904,0.3114852813829794,0.008037440618796859,0.000780428342930898,0.30517532681413206,0.11936920101862178,0.1557426406914897,1.75,5594363.660091587,0.02761933408826683,0.05667780308888281,-0.0040187203093984296,-0.0040187203093984296,0.0040187203093984296,0.0040187203093984296,-0.016074881237593718,-0.016074881237593718,0.000780428342930898,0.14986279201124025,4.705691669152945e-09,0.4492969494755587
355.0,0.0012668517348706167,14.88037746890025,116.64682070880836,56.77156468282851,15.937859491367867,14.66094994432172,7.163660235230862,1.5956386532750035,301.4631716135056,-0.038239413628091246,-0.08029717693952709,-0.04205776331143585,1.0,0.013789126593665338,1.3304484590345246e-12,2.3,0.002786261651670244,0.3114903959532776,0.008038666776894023,0.000780908446371809,0.30518893340640557,0.11937370102188416,0.1557451979766388,1.75,5594336.45673829,0.027578253187330676,0.05667070239927293,-0.0040193333884470115,-0.0040193333884470115,0.0040193333884470115,0.0040193333884470115,-0.016077333553788046,-0.016077333553788046,0.000780908446371809,0.14986279201124025,4.705691669152945e-09,0.4505637722127993
356.0,0.0012669097741260544,14.87770784608463,116.65330120961032,56.77494750558364,15.941061624100334,14.664688235210344,7.163958356545992,1.595809852026283,301.46317949684754,-0.038238478048349664,-0.08029789855303471,-0.042059420504685044,1.0,0.01376873809426267,1.3284812678982297e-12,2.3,0.0027797956165734367,0.31149533634873916,0.008039884295898123,0.0007813849392563643,0.3052025499915869,0.11937820759850391,0.15574766817436958,1.75,5594310.180007037,0.02753747618852534,0.05666360163212019,-0.004019942147949061,-0.004019942147949061,0.004019942147949061,0.004019942147949061,-0.016079768591796245,-0.016079768591796245,0.0007813849392563643,0.14986279201124025,4.705691669152945e-09,0.45183065296729763
357.0,0.0012669678554214276,14.875039496414347,116.65977022754798,56.77833654445127,15.94424611313364,14.668407641921787,7.164255535873643,1.5959807309685252,301.4631874036832,-0.03823754003651596,-0.08029862019641851,-0.04206108015990255,1.0,0.013748499892771398,1.3265285783058328e-12,2.3,0.0027733641970623516,0.3115001045423001,0.008041093267897195,0.0007818578609477847,0.30521617610690877,0.11938272054580698,0.15575005227115005,1.75,5594284.8193813525,0.027496999785542795,0.05665650093598333,-0.0040205466339485975,-0.0040205466339485975,0.0040205466339485975,0.0040205466339485975,-0.01608218653579439,-0.01608218653579439,0.0007818578609477847,0.14986279201124025,4.705691669152945e-09,0.4530975917820714
358.0,0.0012670259768210734,14.872372473904704,116.66622774381887,56.781731647725955,15.947413140718469,14.67210834272124,7.164551777116304,1.596151290970287,301.46319533345303,-0.0382365996424352,-0.08029934184485425,-0.042062742202419054,1.0,0.013728410351851005,1.3245902322779905e-12,2.3,0.0027669671455465734,0.3115047024883816,0.008042293784054766,0.0007823272504236063,0.30522981129444476,0.11938723966321539,0.1557523512441908,1.75,5594260.364444376,0.02745682070370201,0.05664940045803194,-0.004021146892027383,-0.004021146892027383,0.004021146892027383,0.004021146892027383,-0.016084587568109533,-0.016084587568109533,0.0007823272504236063,0.14986279201124025,4.705691669152945e-09,0.45436458869819263
359.0,0.0012670841364217811,14.86970683155829,116.67267374041828,56.785132666065635,15.950562886328772,14.6757905132682,7.164847084147797,1.596321532890993,301.4632032856069,-0.03823565691520127,-0.0803000634739975,-0.04206440655879623,1.0,0.01370846785873104,1.3226660742060096e-12,2.3,0.002760604216836417,0.3115091321143562,0.008043485934157216,0.0007827931460743671,0.30524345510389195,0.1193917647534849,0.1557545660571781,1.75,5594236.804924209,0.02741693571746208,0.05664230034300772,-0.004021742967078608,-0.004021742967078608,0.004021742967078608,0.004021742967078608,-0.016086971868314433,-0.016086971868314433,0.0007827931460743671,0.14986279201124025,4.705691669152945e-09,0.4556316437548141
360.0,0.001267142332339677,14.86704262176919,116.67910819980783,56.788539451559245,15.953695527746117,14.679454327642778,7.165141460824355,1.5964914575846358,301.46321125960014,-0.03823471190345068,-0.08030078505980165,-0.04206607315635097,1.0,0.013688670816041483,1.320755949967114e-12,2.3,0.0027542751678371474,0.3115133953295632,0.008044669807092186,0.0007832555859153146,0.3052571070896646,0.11939629562141355,0.1557566976647816,1.75,5594214.130645934,0.027377341632082965,0.056635200734295565,-0.004022334903546093,-0.004022334903546093,0.004022334903546093,0.004022334903546093,-0.01608933961418437,-0.01608933961418437,0.0007832555859153146,0.14986279201124025,4.705691669152945e-09,0.4568987569891948
361.0,0.0012672005627225092,14.864379895944184,116.68553110522481,56.79195185860074,15.956811240046894,14.683099957385013,7.165434910974019,1.596661065896321,301.4632192548977,-0.03823376465508699,-0.08030150657868676,-0.04206774192359977,1.0,0.013669017650348057,1.3188597077479743e-12,2.3,0.002747979757801766,0.31151749401699813,0.008045845490407844,0.0007837146073902242,0.3052707668136087,0.11940083207504786,0.15575874700849907,1.75,5594192.331575781,0.027338035300696114,0.05662810177290962,-0.004022922745203922,-0.004022922745203922,0.004022922745203922,0.004022922745203922,-0.016091690980815688,-0.016091690980815688,0.0007837146073902242,0.14986279201124025,4.705691669152945e-09,0.4581659284367259
362.0,0.0012672588257368945,14.861718704896942,116.6919424403593,56.795369742979474,15.959910196658736,14.686727572495204,7.165727438407568,1.5968303586658692,301.4632272709693,-0.03823281521756748,-0.08030222800736261,-0.04206941278979513,1.0,0.0136495068032157,1.3169771971824662e-12,2.3,0.0027417177480311833,0.3115214300420998,0.008047013070778587,0.0007841702475776683,0.305284433842168,0.11940537392442424,0.1557607150210499,1.75,5594171.397774365,0.0272990136064314,0.05662100359853863,-0.004023506535389293,-0.004023506535389293,0.004023506535389293,0.004023506535389293,-0.016094026141557173,-0.016094026141557173,0.0007841702475776683,0.14986279201124025,4.705691669152945e-09,0.4594331581309556
363.0,0.0012673171195802637,14.859059098478598,116.69834218965555,56.79879296273304,15.962992568373716,14.690337340497457,7.16601904690805,1.5969993367244508,301.4632353072942,-0.03823186363763421,-0.08030294932299294,-0.04207108568535873,1.0,0.013630136739527846,1.3151082701543583e-12,2.3,0.002735488902122509,0.3115252052446477,0.008048172633575828,0.0007846225429998252,0.3052981077490309,0.11940992098274471,0.15576260262232386,1.75,5594151.319439743,0.027260273479055692,0.0566139063485562,-0.004024086316787914,-0.004024086316787914,0.004024086316787914,0.004024086316787914,-0.016096345267151656,-0.016096345267151656,0.0007846225429998252,0.14986279201124025,4.705691669152945e-09,0.46070044610361416
364.0,0.001267375442468427,14.856401125962213,116.70473033799757,56.80222137725982,15.966058524377624,14.693929427414762,7.166309740241562,1.5971680008980944,301.46324336335664,-0.038230909961593715,-0.08030367050302316,-0.042072760541429444,1.0,0.013610905938777411,1.313252779957019e-12,2.3,0.002729292985675154,0.31152882144732097,0.00804932426332145,0.000785071529823467,0.3053117881123646,0.11941447306515049,0.15576441072366048,1.75,5594132.086861865,0.027221811877554822,0.05660681015904134,-0.004024662131660725,-0.004024662131660725,0.004024662131660725,0.004024662131660725,-0.0160986485266429,-0.0160986485266429,0.000785071529823467,0.14986279201124025,4.705691669152945e-09,0.4619677923846385
365.0,0.0012674337926472518,14.853744835682473,116.71110687100249,56.80565484815113,15.969108231288429,14.6975039968561,7.166599522146929,1.5973363520044088,301.4632514386498,-0.038229954235054646,-0.08030439152534037,-0.042074437290285725,1.0,0.013591812903175316,1.311410582075772e-12,2.3,0.0027231297665343836,0.3115322804478043,0.008050468043269754,0.0007855172436736209,0.3053254745174013,0.11941902998986748,0.15576614022390214,1.75,5594113.69046453,0.02718362580635063,0.05659971516381215,-0.004025234021634877,-0.004025234021634877,0.004025234021634877,0.004025234021634877,-0.016100936086539508,-0.016100936086539508,0.0007855172436736209,0.14986279201124025,4.705691669152945e-09,0.46323519700219634
366.0,0.0012674921683805214,14.851090275410645,116.71747177471458,56.809093238325396,15.97214185415916,14.701061210966937,7.1668883963463275,1.597504390855999,301.4632595326718,-0.038228996503200656,-0.08030511236810554,-0.04207611586490489,1.0,0.013572856149162881,1.309581533368965e-12,2.3,0.0027169990145033077,0.3115355840271274,0.008051604055848958,0.0007859597198294134,0.30533916655373844,0.11942359157701095,0.1557677920135637,1.75,5594096.120761003,0.027145712298325762,0.056592621495422095,-0.004025802027924479,-0.004025802027924479,0.004025802027924479,0.004025802027924479,-0.016103208111697916,-0.016103208111697916,0.0007859597198294134,0.14986279201124025,4.705691669152945e-09,0.46450265998271023
367.0,0.001267550567961312,14.848437492003162,116.72382503589061,56.812536412840075,15.975159555540916,14.70460122953927,7.167176366535108,1.5976721182572773,301.4632676449296,-0.038228036810534306,-0.08030583300990933,-0.042077796199375024,1.0,0.01355403421531568,1.307765492830577e-12,2.3,0.0027109005015819583,0.31153873394197384,0.008052732382254039,0.0007863989930424613,0.3053528638178595,0.11942815764970269,0.15576936697098692,1.75,5594079.368394894,0.02710806843063136,0.05658552928421665,-0.0040263661911270196,-0.0040263661911270196,0.0040263661911270196,0.0040263661911270196,-0.016105464764508078,-0.016105464764508078,0.0007863989930424613,0.14986279201124025,4.705691669152945e-09,0.46577018135088116
368.0,0.0012676089897001642,14.845786531767356,116.73016664170228,56.815984238046944,15.978161496460087,14.708124210938186,7.167463436392269,1.5978395350077852,301.4632757749348,-0.03822707520114343,-0.08030655342960871,-0.042079478228465285,1.0,0.013535345654070968,1.305962320792036e-12,2.3,0.002704834001684974,0.3115417319328031,0.008053853102876651,0.0007868350977277111,0.30536656591050226,0.11943272803290551,0.15577086596640155,1.75,5594063.424096929,0.027070691308141936,0.05657843865930592,-0.004026926551438326,-0.004026926551438326,0.004026926551438326,0.004026926551438326,-0.016107706205753303,-0.016107706205753303,0.0007868350977277111,0.14986279201124025,4.705691669152945e-09,0.4670377611297119
369.0,0.0012676674319361842,14.8431374401187,116.73649658001375,56.81943658238441,15.981147835505288,14.71163031123426,7.167749609570418,1.5980066418990913,301.4632839222076,-0.038226111718451174,-0.08030727360647869,-0.04208116188802751,1.0,0.013516789039432299,1.3041718796656013e-12,2.3,0.0026987992908761656,0.31154457971635185,0.008054966296908527,0.0007872680677864293,0.30538027243911986,0.11943730255451225,0.15577228985817593,1.75,5594048.278724811,0.027033578078864598,0.056571349747643655,-0.004027483148454264,-0.004027483148454264,0.004027483148454264,0.004027483148454264,-0.016109932593817055,-0.016109932593817055,0.0007872680677864293,0.14986279201124025,4.705691669152945e-09,0.46830539934053006
370.0,0.0012677258930255037,14.840490261937475,116.74281483909203,56.82289331555322,15.984118729779555,14.715119685106789,7.168034889706102,1.5981734397180252,301.463292086273,-0.03822514640547592,-0.0803079935200532,-0.042082847114577285,1.0,0.013498362958906721,1.302394033166421e-12,2.3,0.0026927961470918013,0.3115472789935586,0.00805607204276009,0.000787697936792173,0.30539398301530996,0.11944188104420961,0.1557736394967793,1.75,5594033.923221044,0.026996725917813442,0.05656426267497666,-0.004028036021380045,-0.004028036021380045,0.004028036021380045,0.004028036021380045,-0.01611214408552018,-0.01611214408552018,0.000787697936792173,0.14986279201124025,4.705691669152945e-09,0.4695730960030109
371.0,0.0012677843713520905,14.837845041234543,116.7491214078772,56.82635430928967,15.987074334010584,14.718592484997963,7.1683192804099,1.5983399292436564,301.4633002666641,-0.03822417930458738,-0.08030871315027292,-0.04208453384568554,1.0,0.013480066021014793,1.3006286470371393e-12,2.3,0.002686824350370967,0.311549831442245,0.008057170417674194,0.0007881247378182611,0.30540769725721817,0.11944646333454013,0.1557749157211225,1.75,5594020.348651834,0.026960132042029586,0.056557177564945896,-0.004028585208837097,-0.004028585208837097,0.004028585208837097,0.004028585208837097,-0.01611434083534839,-0.01611434083534839,0.0007881247378182611,0.14986279201124025,4.705691669152945e-09,0.4708408511351997
372.0,0.0012678428653165126,14.835201821499165,116.75541627570045,56.82981943656134,15.990014801478583,14.722048861993416,7.168602785276617,1.5985061112504433,301.46330846291875,-0.0382232104577602,-0.08030943247733026,-0.04208622201957006,1.0,0.013461896847432136,1.2988755882896706e-12,2.3,0.002680883682584058,0.31155223872484045,0.008058261498133762,0.0007885485036190064,0.30542141478702933,0.11945104925979427,0.15577611936242022,1.75,5594007.546165978,0.02692379369486427,0.05655009454001315,-0.004029130749066881,-0.004029130749066881,0.004029130749066881,0.004029130749066881,-0.016116522996267525,-0.016116522996267525,0.0007885485036190064,0.14986279201124025,4.705691669152945e-09,0.47210866475353397
373.0,0.0012679013733464944,14.832560645373016,116.76169943254705,56.83328857232158,15.992940283149178,14.725488964997549,7.168885407875504,1.5986719865052923,301.4633166745827,-0.03822223990633593,-0.08031015148181332,-0.042087911575477394,1.0,0.013443854080310406,1.2971347259115668e-12,2.3,0.002674973927659024,0.31155450248125194,0.008059345359485498,0.0007889692664615429,0.30543513523331295,0.11945563865704595,0.15577725124062597,1.75,5593995.507032765,0.02688770816062081,0.05654301372058345,-0.004029672679742749,-0.004029672679742749,0.004029672679742749,0.004029672679742749,-0.016118690718970995,-0.016118690718970995,0.0007889692664615429,0.14986279201124025,4.705691669152945e-09,0.47337653687286546
374.0,0.0012679598938859366,14.829921554989454,116.76797086878204,56.83676159272478,15.995850928577573,14.728912941592005,7.169167151760314,1.598837555770622,301.46332490120636,-0.03822126769127055,-0.08031087014455503,-0.042089602453284476,1.0,0.013425936374617378,1.2954059301269465e-12,2.3,0.0026690948713152442,0.3115566243363879,0.008060422076336893,0.0007893870583024485,0.305448858228575,0.11946023136507243,0.15577831216819396,1.75,5593984.222601938,0.026851872749234756,0.056535935225909856,-0.004030211038168446,-0.004030211038168446,0.004030211038168446,0.004030211038168446,-0.016120844152673786,-0.016120844152673786,0.0007893870583024485,0.14986279201124025,4.705691669152945e-09,0.4746444675064817
375.0,0.0012680184254052014,14.827284591655562,116.77423057540594,56.84023837586263,15.998746885063548,14.732320937231632,7.169448020459656,1.5990028198015023,301.46333314234795,-0.038220293852902106,-0.08031158844677323,-0.04209129459387113,1.0,0.0134081424052739,1.2936890730851078e-12,2.3,0.002663246301285457,0.3115586058932076,0.008061491722189677,0.0007898019106238194,0.30546258341154636,0.11946482722536393,0.1557793029466038,1.75,5593973.684340635,0.0268162848105478,0.05652885917323668,-0.004030745861094838,-0.004030745861094838,0.004030745861094838,0.004030745861094838,-0.016122983444379353,-0.016122983444379353,0.0007898019106238194,0.14986279201124025,4.705691669152945e-09,0.47591245666612725
376.0,0.0012680769663904303,14.824649796183017,116.780478543788,56.84371880099839,16.001628298532523,14.735713096081424,7.169728017486908,1.599167779348636,301.46334139757005,-0.038219318431192306,-0.08031230636992386,-0.04209298793873155,1.0,0.01339047085968736,1.291984028140117e-12,2.3,0.00265742800705491,0.3115604487400603,0.00806255436982647,0.000790213854605404,0.305476310424795,0.1194694260810707,0.15578022437003014,1.75,5593963.883794337,0.02678094171937472,0.05652178567868263,-0.004031277184913235,-0.004031277184913235,0.004031277184913235,0.004031277184913235,-0.01612510873965294,-0.01612510873965294,0.000790213854605404,0.14986279201124025,4.705691669152945e-09,0.4771805043620251
377.0,0.0012681355153535746,14.822017208578032,116.78671476591497,56.847202749285415,16.00449531271207,14.739089560232584,7.1700071463307005,1.5993324351555742,301.4633496664428,-0.038218341465499725,-0.0803130238958373,-0.04209468243033758,1.0,0.013372920444709347,1.2902906705221195e-12,2.3,0.0026516397800792958,0.3115621544438994,0.008063610090953646,0.0007906229209648046,0.30549003891695886,0.11947402777798707,0.1557810772219497,1.75,5593954.812622933,0.026745840889418695,0.056514714856404566,-0.004031805045476823,-0.004031805045476823,0.004031805045476823,0.004031805045476823,-0.016127220181907292,-0.016127220181907292,0.0007906229209648046,0.14986279201124025,4.705691669152945e-09,0.47844861060289706
378.0,0.0012681940708219625,14.819386868364031,116.79293923413145,56.85069010301994,16.00734806999052,14.74245047051852,7.1702854104647,1.5994967879616178,301.46335794854065,-0.03821736299481558,-0.08031374100657541,-0.04209637801175983,1.0,0.013355489879357363,1.288608876635094e-12,2.3,0.0026458814135288324,0.3115637245574427,0.008064658956577991,0.0007910291401252522,0.30550376854041555,0.11947863216352511,0.15578186227872134,1.75,5593946.462562624,0.026710979758714726,0.05650764681945955,-0.0040323294782889955,-0.0040323294782889955,0.0040323294782889955,0.0040323294782889955,-0.016129317913155982,-0.016129317913155982,0.0007910291401252522,0.14986279201124025,4.705691669152945e-09,0.47971677539598484
379.0,0.001268252631348077,14.816758814279234,116.79915194138192,56.85418074634232,16.010186710614377,14.745795965750464,7.1705628133382175,1.5996608384991091,301.4633662434457,-0.038216383057542366,-0.08031445768456444,-0.04209807462702207,1.0,0.013338177901598032,1.2869385247113309e-12,2.3,0.002640152702502257,0.31156516061255546,0.00806570103665871,0.0007914325420598236,0.3055174989534607,0.1194832390876745,0.15578258030627773,1.75,5593938.82546109,0.026676355803196064,0.056500581678988485,-0.004032850518329355,-0.004032850518329355,0.004032850518329355,0.004032850518329355,-0.01613140207331742,-0.01613140207331742,0.0007914325420598236,0.14986279201124025,4.705691669152945e-09,0.48098499874706985
380.0,0.0012683111954994053,14.814133084591388,116.80535288095837,56.85767456450782,16.013011373525103,14.749126183513061,7.170839358385852,1.5998245874962536,301.463374550744,-0.03821540169172403,-0.08031517391245561,-0.042099772220731586,1.0,0.01332098326125215,1.2852794941268745e-12,2.3,0.002634453443775911,0.3115664641272276,0.008066736400474332,0.0007918331564549688,0.30553122981803593,0.11948784840200112,0.1557832320636138,1.75,5593931.893240362,0.0266419665225043,0.05649351954505772,-0.004033368200237166,-0.004033368200237166,0.004033368200237166,0.004033368200237166,-0.016133472800948664,-0.016133472800948664,0.0007918331564549688,0.14986279201124025,4.705691669152945e-09,0.4822532806604936
381.0,0.0012683697618679742,14.81150971680282,116.81154204673537,56.86117144457107,16.01582219557687,14.752441259419061,7.171115049018228,1.5999880356744849,301.4633828700288,-0.03821441893482979,-0.0803158896732547,-0.04210147073842491,1.0,0.013303904726607654,1.2836316660395773e-12,2.3,0.0026287834360138704,0.31156763659912123,0.008067765116283645,0.0007922310125586434,0.3055449608018537,0.1194924599605835,0.15578381829956062,1.75,5593925.657931124,0.02660780945321531,0.056486460525862016,-0.004033882558141823,-0.004033882558141823,0.004033882558141823,0.004033882558141823,-0.01613553023256729,-0.01613553023256729,0.0007922310125586434,0.14986279201124025,4.705691669152945e-09,0.4835216211391773
382.0,0.0012684283290604087,14.80888874795736,116.81771943292475,56.86467127467433,16.01861931235208,14.755741327885033,7.1713898886315155,1.6001511837512123,301.4633912008976,-0.03821343482397886,-0.08031660495018625,-0.04210317012620739,1.0,0.013286941077503408,1.2819949227217872e-12,2.3,0.0026231424795217038,0.3115686795123811,0.008068787251683102,0.0007926261393397041,0.30555869157617843,0.11949707361903644,0.15578433975619055,1.75,5593920.111636469,0.026573882155006816,0.056479404728546116,-0.004034393625841551,-0.004034393625841551,0.004034393625841551,0.004034393625841551,-0.016137574503366205,-0.016137574503366205,0.0007926261393397041,0.14986279201124025,4.705691669152945e-09,0.48479002018464146
383.0,0.001268486895707277,14.806270214352725,116.82388503430437,56.86817394471567,16.021402857398954,14.75902652140461,7.171663880598279,1.6003140324372542,301.46339954295496,-0.0382124493957295,-0.08031731972681964,-0.042104870331090144,1.0,0.013270091111776601,1.2803691481824255e-12,2.3,0.0026175303764529737,0.31156959433132836,0.008069802873276447,0.0007930185653398438,0.30557242181790456,0.11950168923542359,0.15578479716566418,1.75,5593915.246565426,0.026540182223553203,0.056472352258426825,-0.004034901436638223,-0.004034901436638223,0.004034901436638223,0.004034901436638223,-0.016139605746552894,-0.016139605746552894,0.0007930185653398438,0.14986279201124025,4.705691669152945e-09,0.4860584777970253
384.0,0.001268545460453391,14.803654151839845,116.8300388459792,56.87167934565421,16.024172963026313,14.762296971304838,7.17193702827687,1.600476582439513,301.4634078958092,-0.038211462686298193,-0.08031803398693704,-0.04210657130063885,1.0,0.013253353638520473,1.2787542275164585e-12,2.3,0.0026119469305676975,0.3115703825071136,0.008070812047022886,0.0007934083188289667,0.3055861512073869,0.11950630666930619,0.1557851912535568,1.75,5593911.05499755,0.026506707277040947,0.056465303219794885,-0.004035406023511443,-0.004035406023511443,0.004035406023511443,0.004035406023511443,-0.01614162409404577,-0.01614162409404577,0.0007934083188289667,0.14986279201124025,4.705691669152945e-09,0.48732699397510565
385.0,0.0012686040219668905,14.80104059554236,116.83618086360413,56.87518737016238,16.02692975956052,14.765552807037537,7.1722093350024085,1.6006388344584772,301.46341625907587,-0.03821047473135385,-0.08031874771465614,-0.04210827298330229,1.0,0.01323672748436983,1.2771500475113551e-12,2.3,0.002606391947434933,0.31157104547155656,0.008071814837915168,0.000793795427660839,0.30559987943047007,0.11951092578263267,0.15578552273577828,1.75,5593907.529315678,0.02647345496873966,0.056458257715155634,-0.004035907418957584,-0.004035907418957584,0.004035907418957584,0.004035907418957584,-0.016143629675830336,-0.016143629675830336,0.000793795427660839,0.14986279201124025,4.705691669152945e-09,0.48859556871631576
386.0,0.001268662578929819,14.798429580148516,116.84231108315137,56.878697911947874,16.02967337612006,14.768794156916789,7.172480804096035,1.6008007891908242,301.4634246323741,-0.03820948556623173,-0.08031946089430143,-0.042109975328069704,1.0,0.013220211486928679,1.2755564960129528e-12,2.3,0.002600865234196107,0.3115715846436398,0.008072811310318782,0.0007941799194245381,0.3056136061763732,0.11951554643881075,0.1557857923218199,1.75,5593904.66197137,0.026440422973857357,0.056451215846011676,-0.004036405655159391,-0.004036405655159391,0.004036405655159391,0.004036405655159391,-0.016145622620637564,-0.016145622620637564,0.0007941799194245381,0.14986279201124025,4.705691669152945e-09,0.4898642020167641
387.0,0.0012687211300469597,14.795821139637637,116.8484295011271,56.88221086639026,16.032403939891264,14.772021147427884,7.17275143885602,1.6009624473269912,301.46343301532966,-0.03820849522573249,-0.08032017351052385,-0.042111678284791364,1.0,0.01320380450089865,1.2739734625167571e-12,2.3,0.002595366599763791,0.3115720014234981,0.00807380152765822,0.0007945618213037209,0.30562733113966806,0.11952016850357541,0.15578600071174906,1.75,5593902.445516859,0.0264076090017973,0.05644417771212181,-0.00403690076382911,-0.00403690076382911,0.00403690076382911,0.00403690076382911,-0.01614760305531644,-0.01614760305531644,0.0007945618213037209,0.14986279201124025,4.705691669152945e-09,0.49113289387125253
388.0,0.0012687796740366492,14.793215307564799,116.85453611434552,56.885726129879174,16.03512157688331,14.775233903946477,7.173021242566886,1.601123809553706,301.46344140757253,-0.03820750374433113,-0.08032088554817546,-0.04211338180384433,1.0,0.013187505391671035,1.2724008375496706e-12,2.3,0.0025898958545895624,0.31157229719875046,0.008074785552747496,0.0007949411602242592,0.30564105401821573,0.11952479184408386,0.15578614859937523,1.75,5593900.872571365,0.02637501078334207,0.05643714341226494,-0.004037392776373748,-0.004037392776373748,0.004037392776373748,0.004037392776373748,-0.016149571105494993,-0.016149571105494993,0.0007949411602242592,0.14986279201124025,4.705691669152945e-09,0.49240164427329436
389.0,0.0012688382096394002,14.790612116794046,116.86063092013917,56.8892436004358,16.037826411222216,14.778432550064664,7.173290218490633,1.6012848765516239,301.4634498087389,-0.03820651115598066,-0.08032159699242579,-0.04211508583644513,1.0,0.013171313041302795,1.2708385132465877e-12,2.3,0.002584452810859387,0.31157247333863747,0.008075763447484386,0.0007953179627170224,0.3056547745150973,0.11952941632976193,0.15578623666931873,1.75,5593899.935852252,0.02634262608260559,0.056430113043516666,-0.004037881723742193,-0.004037881723742193,0.004037881723742193,0.004037881723742193,-0.016151526894968772,-0.016151526894968772,0.0007953179627170224,0.14986279201124025,4.705691669152945e-09,0.49367045321513237
390.0,0.001268896735608957,14.788011599776045,116.86671391613959,56.89276317706687,16.040518565886735,14.78161720829232,7.173558369875751,1.60144564899779,301.4634582184686,-0.038205517494316124,-0.08032230782864004,-0.04211679033432392,1.0,0.013155226342268303,1.26928638274753e-12,2.3,0.0025790372822655154,0.3115725312001966,0.00807673527317245,0.0007956922550618099,0.3056684923366001,0.11953404183142173,0.1557862656000983,1.75,5593899.628142178,0.026310452684536606,0.05642308670199503,-0.004038367636586225,-0.004038367636586225,0.004038367636586225,0.004038367636586225,-0.0161534705463449,-0.0161534705463449,0.0007956922550618099,0.14986279201124025,4.705691669152945e-09,0.49493932068775653
391.0,0.0012689552507206714,14.785413788287904,116.87278510048148,56.89628476037138,16.04319816202016,14.784787999399784,7.1738256999485435,1.6016061275633406,301.46346663640793,-0.03820452279246298,-0.0803230180424922,-0.04211849525002922,1.0,0.01313924420328734,1.267744340759964e-12,2.3,0.0025736490841987286,0.3115724721225397,0.008077701090223042,0.0007960640631535429,0.3056822071941025,0.11953866822208697,0.15578623606126984,1.75,5593899.942319509,0.02627848840657468,0.05641606448215431,-0.004038850545111521,-0.004038850545111521,0.004038850545111521,0.004038850545111521,-0.016155402180446084,-0.016155402180446084,0.0007960640631535429,0.14986279201124025,4.705691669152945e-09,0.49620824668092134
392.0,0.0012690137537627961,14.78281871370392,116.87884447158952,56.899808251909896,16.045865319647607,14.787945043101834,7.174092211922026,1.6017663129159003,301.46347506220684,-0.03820352708323627,-0.08032372761984649,-0.04212020053661022,1.0,0.013123365543232728,1.2662122829709741e-12,2.3,0.002568288033524476,0.3115722974328871,0.00807866095846911,0.0007964334126425988,0.30569591880210756,0.11954329537613252,0.15578614871644356,1.75,5593900.8713262165,0.026246731086465455,0.056409046477513006,-0.004039330479234555,-0.004039330479234555,0.004039330479234555,0.004039330479234555,-0.01615732191693822,-0.01615732191693822,0.0007964334126425988,0.14986279201124025,4.705691669152945e-09,0.49747723118316306
393.0,0.0012690722435446584,14.780226406741901,116.88489202837698,56.903333554797015,16.048520157005214,14.791088457416697,7.174357908987368,1.6019262057173418,301.4634834955215,-0.03820253039895343,-0.08032443654686756,-0.04212190614791413,1.0,0.013107589296812664,1.2646901065955272e-12,2.3,0.0025629539487715,0.311572008440968,0.008079614936874747,0.0007968003288043351,0.3057096268800836,0.11954792317008926,0.155786004220484,1.75,5593902.408197644,0.026215178593625328,0.05640203277996455,-0.004039807468437373,-0.004039807468437373,0.004039807468437373,0.004039807468437373,-0.016159229873749494,-0.016159229873749494,0.0007968003288043351,0.14986279201124025,4.705691669152945e-09,0.4987462741818168
394.0,0.001269130718888173,14.777636897727161,116.89092777003827,56.90686057308563,16.05116279123925,14.79421835933298,7.174622794322668,1.602085806626121,301.46349193601134,-0.03820153277162886,-0.08032514480990502,-0.04212361203827616,1.0,0.013091914408631417,1.2631777098034158e-12,2.3,0.0025576466499123256,0.3115716064449193,0.00808056308384096,0.0007971648366758972,0.3057233311505457,0.119552551481805,0.15578580322245966,1.75,5593904.546031122,0.026183828817262833,0.05639502348048774,-0.00404028154192048,-0.00404028154192048,0.00404028154192048,0.00404028154192048,-0.01616112616768192,-0.01616112616768192,0.0007971648366758972,0.14986279201124025,4.705691669152945e-09,0.5000153756630332
395.0,0.001269189178635813,14.775050216345157,116.89695169624217,56.91038921234531,16.053793337752243,14.797334864184554,7.174886871084509,1.6022451162950966,301.463500383342,-0.03820053423279103,-0.08032585239560067,-0.042125318162809636,1.0,0.013076339838729944,1.261674992253846e-12,2.3,0.002552365958548613,0.3115710927258147,0.00808150545692259,0.0007975269609289969,0.30573703134084984,0.11955718019122948,0.15578554636290734,1.75,5593907.278015049,0.02615267967745989,0.05638801866847416,-0.004040752728461295,-0.004040752728461295,0.004040752728461295,0.004040752728461295,-0.01616301091384518,-0.01616301091384518,0.0007975269609289969,0.14986279201124025,4.705691669152945e-09,0.5012845356117952
396.0,0.0012692476216422943,14.772466391898917,116.90296380693003,56.913919379061184,16.056411910884442,14.800438086301007,7.175150142416615,1.6024041353738028,301.4635088371828,-0.0381995348136726,-0.08032655929077621,-0.04212702447710361,1.0,0.013060864556794791,1.260181854536682e-12,2.3,0.0025471116976956247,0.3115704685534272,0.008082442113126309,0.0007978867260033029,0.3057507271813226,0.11956180917959623,0.1557852342767136,1.75,5593910.597398235,0.026121729113589582,0.05638101843242144,-0.0040412210565631546,-0.0040412210565631546,0.0040412210565631546,0.0040412210565631546,-0.016164884226252618,-0.016164884226252618,0.0007978867260033029,0.14986279201124025,4.705691669152945e-09,0.5025537540119343
397.0,0.0012693060467824065,14.76988545306783,116.90896410250359,56.91745098119872,16.05901862327639,14.803528138397912,7.175412611441516,1.6025628645063277,301.4635172972085,-0.038198534545031755,-0.08032726548253763,-0.042128730937505875,1.0,0.013045487547561014,1.2586981986937488e-12,2.3,0.002541883691964332,0.31156973518088116,0.008083373108634655,0.0007982441559823653,0.30576441840701274,0.11956643833018779,0.15578486759044058,1.75,5593914.497518332,0.026090975095122027,0.05637402285927684,-0.004041686554317327,-0.004041686554317327,0.004041686554317327,0.004041686554317327,-0.01616674621726931,-0.01616674621726931,0.0007982441559823653,0.14986279201124025,4.705691669152945e-09,0.5038230308461465
398.0,0.0012693644529428812,14.767307428158698,116.91495258362895,56.9209839276169,16.06161358653322,14.806605132211219,7.1756742812690915,1.6027213043335222,301.4635257630974,-0.03819753345733777,-0.08032797095816567,-0.0421304375008279,1.0,0.01303020780516581,1.2572239276740395e-12,2.3,0.002536681767349982,0.3115688938502781,0.00808429849909641,0.0007985992747236824,0.3057781047558638,0.11957106752753795,0.15578444692513904,1.75,5593918.971771896,0.02606041561033162,0.05636703203511398,-0.004042149249548205,-0.004042149249548205,0.004042149249548205,0.004042149249548205,-0.01616859699819282,-0.01616859699819282,0.0007985992747236824,0.14986279201124025,4.705691669152945e-09,0.5050923660960092
399.0,0.0012694228390300129,14.764732344870506,116.92092925141903,56.924518128619496,16.06419691060326,14.809669177902586,7.175935154988346,1.6028794554909385,301.4635342345335,-0.03819653158059668,-0.08032867570521775,-0.04213214412462107,1.0,0.013015024338416567,1.2557589458420059e-12,2.3,0.0025315057514109104,0.3115679457874766,0.008085218339357691,0.000798952105737709,0.3057917859704254,0.11957569665817849,0.1557839728937383,1.75,5593924.013642145,0.026030048676833135,0.05636004604449208,-0.004042609169678846,-0.004042609169678846,0.004042609169678846,0.004042609169678846,-0.016170436678715382,-0.016170436678715382,0.000798952105737709,0.14986279201124025,4.705691669152945e-09,0.5063617597419956
400.0,0.0012694812039617477,14.762160230539212,116.92689410724287,56.928053495382265,16.066768704425566,14.81272038467804,7.176195235675835,1.6030373186109796,301.4635427112041,-0.03819552894453234,-0.08032937971142112,-0.04213385076688878,1.0,0.01299993616528609,1.2543031584464279e-12,2.3,0.0025263554730610817,0.3115668922075902,0.008086132683744893,0.0007993026723146657,0.3058054617960678,0.11958032560986055,0.1557834461037951,1.75,5593929.616669707,0.02599987233057218,0.05635306497111645,-0.004043066341872447,-0.004043066341872447,0.004043066341872447,0.004043066341872447,-0.016172265367489787,-0.016172265367489787,0.0007993026723146657,0.14986279201124025,4.705691669152945e-09,0.5076312117634915
401.0,0.0012695395466751054,14.759591111908406,116.93284715290326,56.93158994049121,16.069329075324163,14.815758860207998,7.176454526387551,1.6031948943208918,301.4635511928022,-0.038194525578416294,-0.0803300829647722,-0.04213555738635591,1.0,0.0129849423180494,1.2528564721160392e-12,2.3,0.002521230762745728,0.3115657343098771,0.008087041585802536,0.0007996509974065551,0.30581913198265487,0.11958495427228341,0.15578286715493855,1.75,5593935.774479781,0.0259698846360988,0.056346088897213216,-0.004043520792901268,-0.004043520792901268,0.004043520792901268,0.004043520792901268,-0.016174083171605073,-0.016174083171605073,0.0007996509974065551,0.14986279201124025,4.705691669152945e-09,0.5089007221388099
402.0,0.0012695978661184744,14.757025015368017,116.93878839045121,56.935127377383346,16.071878129639273,14.818784711230663,7.176713030167235,1.6033521832448554,301.46355967902366,-0.038193521511244555,-0.08033078545343256,-0.042137263942188,1.0,0.01297004183791577,1.2514187943415984e-12,2.3,0.0025161314522377277,0.31156447328311554,0.00808794509856907,0.0007999971037508054,0.30583279628280063,0.11958958253633485,0.15578223664155777,1.75,5593942.4807535475,0.02594008367583154,0.05633911790417389,-0.004043972549284535,-0.004043972549284535,0.004043972549284535,0.004043972549284535,-0.01617589019713814,-0.01617589019713814,0.0007999971037508054,0.14986279201124025,4.705691669152945e-09,0.5101702908452067
403.0,0.001269656161258845,14.754461966730636,116.94471782235848,56.93866572087222,16.074415972136777,14.821798042986307,7.1769707500383655,1.603509186002034,301.4635681695701,-0.0381925167715714,-0.08033148716582551,-0.04213897039425411,1.0,0.012955233780038785,1.2499900339592853e-12,2.3,0.002511057374810309,0.31156311030061346,0.008088843274321295,0.0008003410137552146,0.3058464544535006,0.119594210294802,0.15578155515030673,1.75,5593949.729254691,0.02591046756007757,0.056332152071945085,-0.0040444216371606475,-0.0040444216371606475,0.0040444216371606475,0.0040444216371606475,-0.01617768654864259,-0.01617768654864259,0.0008003410137552146,0.14986279201124025,4.705691669152945e-09,0.5114399178588954
404.0,0.0012697144310742925,14.751901991464322,116.95063545133745,56.94220488660188,16.076942706623534,14.824798959805793,7.177227689012371,1.6036659032086082,301.46357666414605,-0.038191511387682064,-0.08033218809053501,-0.042140676702852944,1.0,0.01294051720828156,1.2485701006456216e-12,2.3,0.0025060083650369287,0.3115616465254576,0.00808973616484319,0.0008006827496185116,0.3058601062544318,0.11959883744163055,0.1557808232627288,1.75,5593957.513801478,0.02588103441656312,0.05632519147965771,-0.004044868082421595,-0.004044868082421595,0.004044868082421595,0.004044868082421595,-0.01617947232968638,-0.01617947232968638,0.0008006827496185116,0.14986279201124025,4.705691669152945e-09,0.512709603155062
405.0,0.0012697726745610372,14.7493451144745,116.95654128050872,56.945744791560145,16.079458435371702,14.827787564558783,7.177483850080712,1.6038223354758752,301.4635851624614,-0.03819050538743036,-0.08033288821639954,-0.042142382828969184,1.0,0.012925891200102515,1.2471589053888766e-12,2.3,0.0025009842589611736,0.3115600831056307,0.008090623821176736,0.0008010223332181434,0.3058737514495446,0.11960346387261803,0.15578004155281536,1.75,5593965.8282927135,0.02585178240020503,0.0563182362050313,-0.004045311910588368,-0.004045311910588368,0.004045311910588368,0.004045311910588368,-0.016181247642353472,-0.016181247642353472,0.0008010223332181434,0.14986279201124025,4.705691669152945e-09,0.5139793467078796
406.0,0.0012698308907261036,14.746791360330937,116.962435313226,56.94928535354538,16.08196325971857,14.830763959227738,7.177739236222989,1.6039784834122288,301.46359366422905,-0.03818949879840741,-0.08033358753241385,-0.042144088734006435,1.0,0.012911354841451029,1.2457563599965727e-12,2.3,0.0024959848939002547,0.31155842117914767,0.00809150629388397,0.0008013597862278438,0.3058873898054039,0.11960808948469151,0.15577921058957384,1.75,5593974.666680417,0.025822709682902057,0.05631128632498811,-0.004045753146941985,-0.004045753146941985,0.004045753146941985,0.004045753146941985,-0.01618301258776794,-0.01618301258776794,0.0008013597862278438,0.14986279201124025,4.705691669152945e-09,0.5152491484905232
407.0,0.0012698890785942053,14.744240753055108,116.96831755323892,56.952826491667665,16.084457279505287,14.833728244369688,7.177993850399125,1.6041343476213126,301.46360216916725,-0.038188491647782985,-0.08033428602782015,-0.04214579438003717,1.0,0.01289690723153234,1.2443623775552275e-12,2.3,0.002491010108611968,0.3115566618692812,0.008092383632804026,0.0008016951300081886,0.30590102109274203,0.11961271417658323,0.1557783309346406,1.75,5593984.022995206,0.02579381446306468,0.05630434191507177,-0.004046191816402013,-0.004046191816402013,0.004046191816402013,0.004046191816402013,-0.016184767265608052,-0.016184767265608052,0.0008016951300081886,0.14986279201124025,4.705691669152945e-09,0.5165190084751833
408.0,0.0012699472372006194,14.741693316341498,116.97418800452304,56.95636812582816,16.086940593661677,14.836680519676154,7.178247695557374,1.6042899287039445,301.46361067699684,-0.03818748396247034,-0.08033498369201268,-0.04214749972954234,1.0,0.012882547477829196,1.2429768719500185e-12,2.3,0.0024860597431017165,0.3115548062895817,0.008093255887308607,0.0008020283857212562,0.30591464508484073,0.11961733784812675,0.15577740314479085,1.75,5593993.891319584,0.02576509495565839,0.05629740305004657,-0.004046627943654304,-0.004046627943654304,0.004046627943654304,0.004046627943654304,-0.016186511774617215,-0.016186511774617215,0.0008020283857212562,0.14986279201124025,4.705691669152945e-09,0.5177889266330807
409.0,0.0012700053655978621,14.73914907335029,116.98004667143788,56.95991017720863,16.08941329965901,14.839620883448067,7.1785007746265945,1.6044452272563179,301.4636191874439,-0.03818647576897119,-0.08033568051462633,-0.042149204745655144,1.0,0.012868274700749912,1.241599758313249e-12,2.3,0.002481133638786689,0.3115528555392026,0.008094123106065106,0.0008023595742238661,0.30592826155904634,0.11962196040091577,0.1557764277696013,1.75,5594004.265812801,0.025736549401499824,0.05629046980333023,-0.004047061553032553,-0.004047061553032553,0.004047061553032553,0.004047061553032553,-0.016188246212130213,-0.016188246212130213,0.0008023595742238661,0.14986279201124025,4.705691669152945e-09,0.51905890293448
410.0,0.0012700634628487334,14.736608046923129,116.98589355856171,56.963452567762914,16.09187549408012,14.842549433141926,7.178753090524158,1.6046002438718778,301.4636277002374,-0.03818546709353671,-0.08033637648544373,-0.04215090939190702,1.0,0.01285408802877307,1.240230952555886e-12,2.3,0.0024762316383062743,0.3115508107078158,0.008094985337285579,0.0008026887161793998,0.3059418702951899,0.11962658173761749,0.1557754053539079,1.75,5594015.140684699,0.02570817605754614,0.05628354224757869,-0.004047492668642789,-0.004047492668642789,0.004047492668642789,0.004047492668642789,-0.016189970674571157,-0.016189970674571157,0.0008026887161793998,0.14986279201124025,4.705691669152945e-09,0.5203289373487032
411.0,0.0012701215280328639,14.734070259381,116.99172867084522,56.966995220694955,16.094327272085916,14.845466264857665,7.179004646148326,1.6047549791395692,301.4636362151113,-0.038184457962016194,-0.08033707159448167,-0.042152613632465474,1.0,0.012839986602980236,1.2388703718048987e-12,2.3,0.0024713535856835177,0.31154867287103977,0.008095842628495881,0.0008030158319536898,0.30595547107706744,0.11963120176261527,0.15577433643551988,1.75,5594026.510220017,0.025679973205960473,0.05627662045413254,-0.0040479213142479405,-0.0040479213142479405,0.0040479213142479405,0.0040479213142479405,-0.016191685256991762,-0.016191685256991762,0.0008030158319536898,0.14986279201124025,4.705691669152945e-09,0.521599029844144
412.0,0.0012701795602399176,14.73153573273461,116.997552013451,56.970538059962415,16.096768727971174,14.84837147387133,7.179255444386044,1.6049094336456609,301.4636447318021,-0.03818344840001427,-0.08033776583190054,-0.04215431743188627,1.0,0.012825969572321768,1.2375179339464801e-12,2.3,0.002466499326139013,0.31154644309523705,0.008096695026778334,0.0008033409417240474,0.30596906369089866,0.11963582038133903,0.15577322154761852,1.75,5594038.368752874,0.025651939144643535,0.05626970449358777,-0.004048347513389167,-0.004048347513389167,0.004048347513389167,0.004048347513389167,-0.016193390053556668,-0.016193390053556668,0.0008033409417240474,0.14986279201124025,4.705691669152945e-09,0.5228691803882803
413.0,0.0012702375585759735,14.729004488487304,117.00336359190258,56.97408101074333,16.099199954644387,14.851265154135486,7.179505488105428,1.6050636079720435,301.4636532500513,-0.03818243843274296,-0.08033845918808843,-0.042156020755345476,1.0,0.01281203609803749,1.2361735580525762e-12,2.3,0.002461668706249336,0.31154412243305046,0.008097542578546576,0.0008036640653777204,0.30598264792676916,0.11964043750089193,0.15577206121652523,1.75,5594050.7106904965,0.02562407219607498,0.05626279443525557,-0.004048771289273288,-0.004048771289273288,0.004048771289273288,0.004048771289273288,-0.016195085157093152,-0.016195085157093152,0.0008036640653777204,0.14986279201124025,4.705691669152945e-09,0.5241393889476883
414.0,0.0012702955221568918,14.726476547840202,117.00916341192881,56.97762399895143,16.101621044169676,14.854147398798888,7.179754780163451,1.6052175026980031,301.46366176960305,-0.03818142808517537,-0.08033915165357305,-0.042157723568397684,1.0,0.012798185349039206,1.234837163935366e-12,2.3,0.002456861573764597,0.31154171192809305,0.00809838532978222,0.0008039852226182334,0.30599622357712675,0.11964505302939742,0.15577085596404652,1.75,5594063.5304882685,0.02559637069807841,0.05625589034771926,-0.00404919266489111,-0.00404919266489111,0.00404919266489111,0.00404919266489111,-0.01619677065956444,-0.01619677065956444,0.0008039852226182334,0.14986279201124025,4.705691669152945e-09,0.5254096554880547
415.0,0.0012703534501145282,14.723951931500048,117.01495147960838,56.98116695169194,16.10403208725959,14.857018299719062,7.180003323398527,1.6053711183985646,301.46367029020627,-0.03818041738190116,-0.08033984321910363,-0.042159425837202474,1.0,0.01278441650622263,1.2335086725633007e-12,2.3,0.0024520777777640164,0.31153921261057643,0.00809922332581527,0.0008043044328663342,0.30600979043819204,0.11964966687661065,0.15576960630528822,1.75,5594076.822672977,0.02556883301244526,0.05624899229830718,-0.004049611662907635,-0.004049611662907635,0.004049611662907635,0.004049611662907635,-0.01619844665163054,-0.01619844665163054,0.0008043044328663342,0.14986279201124025,4.705691669152945e-09,0.5266799799741905
416.0,0.0012704113415902968,14.7214306598792,117.02072780121865,56.98470979678815,16.106433173803474,14.859877947969244,7.180251120638095,1.6055244556462187,301.4636788116124,-0.038179406347276595,-0.08034053387556503,-0.04216112752828843,1.0,0.012770728757964549,1.2321880056266448e-12,2.3,0.002447317168476788,0.3115366255019064,0.008100056611554815,0.0008046217153637065,0.3060233483084868,0.11965427895328112,0.1557683127509532,1.75,5594090.581818362,0.025541457515929098,0.0562421003536362,-0.0040500283057774075,-0.0040500283057774075,0.0040500283057774075,0.0040500283057774075,-0.01620011322310963,-0.01620011322310963,0.0008046217153637065,0.14986279201124025,4.705691669152945e-09,0.5279503623700429
417.0,0.0012704691957412197,14.718912752908313,117.02649238337625,56.988252463226694,16.108824392372952,14.8627264333629,7.180498174691302,1.6056775150093086,301.46368733357747,-0.03817839500528346,-0.08034122361405757,-0.042162828608774114,1.0,0.01275712130432778,1.2308750859431935e-12,2.3,0.002442579597434965,0.31153395161039693,0.008100885231274968,0.0008049370890763527,0.3060368969902144,0.11965888917174941,0.15576697580519847,1.75,5594104.802567905,0.02551424260865556,0.056235214579097303,-0.004050442615637484,-0.004050442615637484,0.004050442615637484,0.004050442615637484,-0.016201770462549937,-0.016201770462549937,0.0008049370890763527,0.14986279201124025,4.705691669152945e-09,0.5292208026387086
418.0,0.0012705270117336243,14.716398230231313,117.03224523288993,56.99179488069509,16.111205830737028,14.865563844948225,7.180744488356489,1.605830297053712,301.46369585586007,-0.03817738337967553,-0.08034191242581347,-0.04216452904613794,1.0,0.012743593352670082,1.229569837034597e-12,2.3,0.0024378649172975453,0.31153119193577156,0.008101709228839769,0.0008052505727957452,0.3060504362878206,0.11966349744532559,0.15576559596788578,1.75,5594119.479610881,0.025487186705340163,0.05622833503938608,-0.004050854614419884,-0.004050854614419884,0.004050854614419884,0.004050854614419884,-0.016203418457679537,-0.016203418457679537,0.0008052505727957452,0.14986279201124025,4.705691669152945e-09,0.5304913007424461
419.0,0.0012705847887490658,14.713887111022784,117.03798635689736,56.99533698001675,16.113577575379985,14.868390270544323,7.180990064413959,1.6059828023412683,301.46370437822327,-0.03817637149384079,-0.08034260030227444,-0.04216622880843365,1.0,0.01273014412174521,1.2282721835220523e-12,2.3,0.002433172982000896,0.31152834746496233,0.008102528647494403,0.00080556218504458,0.30606396600934227,0.11966810368887117,0.15576417373248116,1.75,5594134.607704697,0.02546028824349042,0.05622146179800061,-0.0040512643237472015,-0.0040512643237472015,0.0040512643237472015,0.0040512643237472015,-0.016205057294988806,-0.016205057294988806,0.00080556218504458,0.14986279201124025,4.705691669152945e-09,0.5317618566426875
420.0,0.0012706425259781746,14.711379414178047,117.04371576272213,56.998878692699286,16.115939712003552,14.871205797223556,7.181234905633376,1.6061350314314187,301.46371290043277,-0.03817535937094457,-0.08034328723501043,-0.042167927864065854,1.0,0.012716772837420547,1.2269820507131164e-12,2.3,0.0024285036465857735,0.31152541917651894,0.008103343530084536,0.0008058719441754348,0.30607748596500345,0.11967270781819266,0.15576270958825947,1.75,5594150.181651435,0.025433545674841095,0.056214594917759236,-0.004051671765042268,-0.004051671765042268,0.004051671765042268,0.004051671765042268,-0.016206687060169072,-0.016206687060169072,0.0008058719441754348,0.14986279201124025,4.705691669152945e-09,0.5330324703000511
421.0,0.0012707002226264392,14.708875158135122,117.04943345800639,57.00241995135931,16.118292325056835,14.874010510859067,7.181479014766622,1.606286984879675,301.4637214222584,-0.03817434703379483,-0.08034397321579508,-0.04216962618200024,1.0,0.012703478736677307,1.225699364987668e-12,2.3,0.002423856767345264,0.31152240803650005,0.008104153918852691,0.0008061798682788325,0.30609099596853,0.11967730975060943,0.15576120401825003,1.75,5594166.1963196965,0.025406957473354613,0.056207734460310625,-0.004052076959426346,-0.004052076959426346,0.004052076959426346,0.004052076959426346,-0.016208307837705382,-0.016208307837705382,0.0008061798682788325,0.14986279201124025,4.705691669152945e-09,0.5343031416743533
422.0,0.0012707578779082018,14.706374361060067,117.05513945057223,57.00596068928136,16.120635498225962,14.87680449659535,7.181722394555099,1.6064386632392131,301.46372994347246,-0.03817333450498207,-0.08034465823652669,-0.04217132373154461,1.0,0.012690261063433489,1.2244240533948846e-12,2.3,0.0024192322016549743,0.3115193150027816,0.008104959855652072,0.0008064859752794726,0.3061044958357806,0.11968190940436214,0.1557596575013908,1.75,5594182.6466216855,0.025380522126866978,0.05620088048663896,-0.004052479927826036,-0.004052479927826036,0.004052479927826036,0.004052479927826036,-0.016209919711304144,-0.016209919711304144,0.0008064859752794726,0.14986279201124025,4.705691669152945e-09,0.5355738707246207
423.0,0.0012708154910522852,14.703877040673397,117.06083374855037,57.00950084083284,16.122969313975705,14.879587838406763,7.181965047722673,1.6065900670593858,301.46373846385166,-0.038172321806747705,-0.08034534228930171,-0.042173020482554,1.0,0.012677119072446109,1.2231560440297492e-12,2.3,0.002414629808118471,0.31151614102103525,0.008105761381748044,0.0008067902828465362,0.30611798538602947,0.11968650669916676,0.15575807051051763,1.75,5594199.527534591,0.025354238144892217,0.05619403305658589,-0.004052880690874022,-0.004052880690874022,0.004052880690874022,0.004052880690874022,-0.01621152276349609,-0.01621152276349609,0.0008067902828465362,0.14986279201124025,4.705691669152945e-09,0.5368446574091009
424.0,0.001270873061296149,14.701383214430761,117.06651636024559,57.01304034103322,16.125293854026932,14.882360619556684,7.182206976982893,1.6067411968872718,301.463746983175,-0.03817130896112071,-0.08034602536633768,-0.04217471640521697,1.0,0.012664052025236834,1.2218952656399346e-12,2.3,0.0024100494464002783,0.31151288702894697,0.008106558538026611,0.000807092808487565,0.30613146444063033,0.11969110155563734,0.15575644351447349,1.75,5594216.834078142,0.025328104050473668,0.056187192229343486,-0.0040532792690133055,-0.0040532792690133055,0.0040532792690133055,0.0040532792690133055,-0.016213117076053222,-0.016213117076053222,0.000807092808487565,0.14986279201124025,4.705691669152945e-09,0.5381155016852751
425.0,0.0012709305878913892,14.698892899353742,117.07218729426154,57.01657912595926,16.12760919890962,14.885122922166701,7.182448185032012,1.6068920532662292,301.4637555012255,-0.03817029598978907,-0.08034670746004485,-0.04217641147025578,1.0,0.012651059193898452,1.2206416479930717e-12,2.3,0.002405490977369137,0.31150955395227903,0.008107351364800792,0.0008073935694609505,0.3061449328242691,0.11969569389582631,0.15575477697613951,1.75,5594234.561335552,0.025302118387796904,0.056180358062987906,-0.004053675682400396,-0.004053675682400396,0.004053675682400396,0.004053675682400396,-0.016214702729601585,-0.016214702729601585,0.0008073935694609505,0.14986279201124025,4.705691669152945e-09,0.5393864035098689
426.0,0.0012709880700980253,14.696406112205999,117.07784655937031,57.020117132324394,16.12991542842842,14.887874827664625,7.182688674556124,1.6070426367374016,301.46376401778855,-0.03816928291423321,-0.08034738856295116,-0.042178105648717955,1.0,0.012638139857120752,1.2193951214933052e-12,2.3,0.0024009542629337423,0.31150614270899607,0.008108139902013908,0.000807692582867506,0.3061583903636584,0.11970028364266197,0.15575307135449803,1.75,5594252.704431562,0.025276279714241505,0.05617353061496028,-0.004054069951006954,-0.004054069951006954,0.004054069951006954,0.004054069951006954,-0.016216279804027817,-0.016216279804027817,0.000807692582867506,0.14986279201124025,4.705691669152945e-09,0.5406573628388636
427.0,0.001271045507189844,14.6939228693283,117.08349416463335,57.023654297874366,16.132212621226763,14.89061641636412,7.182928448224263,1.6071929478383125,301.4637725326538,-0.03816826975560051,-0.08034806866777199,-0.042179798912171475,1.0,0.012625293303903763,1.2181556175395668e-12,2.3,0.002396439166183763,0.3115026542054161,0.008108924189050772,0.0008079898655651006,0.3061718368887618,0.11970487072047523,0.15575132710270806,1.75,5594271.258552914,0.025250586607807525,0.0561667099416117,-0.004054462094525386,-0.004054462094525386,0.004054462094525386,0.004054462094525386,-0.016217848378101543,-0.016217848378101543,0.0008079898655651006,0.14986279201124025,4.705691669152945e-09,0.5419283796275075
428.0,0.0012711028984488699,14.691443186810252,117.08913011927483,57.027190560976486,16.13450085524084,14.893347767901808,7.183167508695456,1.60734298710433,301.4637810456128,-0.038167256534835554,-0.08034874776733701,-0.04218149123250146,1.0,0.012612518829681615,1.2169230681515843e-12,2.3,0.002391945551228404,0.3114990893402462,0.008109704264935893,0.0008082854342579785,0.30618527223151804,0.11970945505445059,0.1557495446701231,1.75,5594290.218926877,0.02522503765936323,0.05615989609867251,-0.004054852132467947,-0.004054852132467947,0.004054852132467947,0.004054852132467947,-0.016219408529871786,-0.016219408529871786,0.0008082854342579785,0.14986279201124025,4.705691669152945e-09,0.5431994538303269
429.0,0.0012711602431705632,14.688967080329503,117.09475443279928,57.03072586100622,16.136780207274583,14.896068960827167,7.18340585861191,1.6074927550672973,301.46378955646105,-0.03816624327255754,-0.08034942585465821,-0.042183182582100666,1.0,0.012599815739943985,1.2156974063192989e-12,2.3,0.002387473283334944,0.3114954490008055,0.00811048016814935,0.0008085793054134773,0.30619869622703844,0.1197140365711405,0.15574772450040275,1.75,5594309.580841334,0.02519963147988797,0.05615308914080835,-0.004055240084074675,-0.004055240084074675,0.004055240084074675,0.004055240084074675,-0.0162209603362987,-0.0162209603362987,0.0008085793054134773,0.14986279201124025,4.705691669152945e-09,0.5444705854011366
430.0,0.001271217540658387,14.686494565319121,117.10036711486842,57.034260137945715,16.139050753442262,14.898780073028915,7.183643500605967,1.607642252256961,301.46379806499664,-0.038165229989187616,-0.08035010292285867,-0.042184872933671055,1.0,0.012587183346455968,1.2144785656381373e-12,2.3,0.0023830222287703575,0.31149173406699043,0.008111251936820071,0.0008088714953491621,0.30621210871235827,0.11971861519792965,0.15574586703349522,1.75,5594329.339623683,0.025174366692911936,0.05614628912207804,-0.0040556259684100355,-0.0040556259684100355,0.0040556259684100355,0.0040556259684100355,-0.016222503873640142,-0.016222503873640142,0.0008088714953491621,0.14986279201124025,4.705691669152945e-09,0.545741774293051
431.0,0.0012712747902289352,14.684025656810864,117.10596817541533,57.03779333276169,16.1413125687541,14.901481181334931,7.183880437293381,1.6077914791996357,301.463806571021,-0.03816421670482897,-0.0803507789652387,-0.04218656226040974,1.0,0.012574620970790498,1.2132664806498382e-12,2.3,0.0023785922549374784,0.3114879454075642,0.00811201960854621,0.0008091620201515694,0.3062255095276081,0.11972319086353657,0.1557439727037821,1.75,5594349.490660575,0.025149241941580996,0.056139496095500487,-0.004056009804273105,-0.004056009804273105,0.004056009804273105,0.004056009804273105,-0.01622403921709242,-0.01622403921709242,0.0008091620201515694,0.14986279201124025,4.705691669152945e-09,0.5470130204584946
432.0,0.001271331991206598,14.681560369598351,117.11155762452506,57.04132538701317,16.143565727547813,14.904172361928248,7.184116671280188,1.607940436419595,301.4638150743381,-0.038163203439391405,-0.08035145397520665,-0.04218825053581525,1.0,0.012562127940640952,1.212061086486674e-12,2.3,0.002374183230219223,0.3114840838840433,0.008112783220583697,0.0008094508957612076,0.30623889851479563,0.11972776349749116,0.15574204194202165,1.75,5594370.029377232,0.025124255881281903,0.05613271011350131,-0.004056391610291849,-0.004056391610291849,0.004056391610291849,0.004056391610291849,-0.016225566441167395,-0.016225566441167395,0.0008094508957612076,0.14986279201124025,4.705691669152945e-09,0.5482843238492124
433.0,0.0012713891429285723,14.679098718084287,117.11713547254529,57.044856243220636,16.145810303084538,14.906853689956675,7.184352205156063,1.6080891244377724,301.4638235747554,-0.03816219021247403,-0.08035212794634312,-0.042189937733869094,1.0,0.012549703593267245,1.2108623192039475e-12,2.3,0.002369795024112641,0.31148015034706195,0.008113542809671007,0.000809738137893285,0.3062522755189467,0.11973233303062411,0.15574007517353097,1.75,5594390.951256782,0.02509940718653449,0.05612593122749044,-0.0040567714048355035,-0.0040567714048355035,0.0040567714048355035,0.0040567714048355035,-0.016227085619342014,-0.016227085619342014,0.000809738137893285,0.14986279201124025,4.705691669152945e-09,0.54955568441628
434.0,0.0012714462447396824,14.676640716439488,117.12270172997034,57.04838584448284,16.148046367969634,14.909525239938688,7.184587041501102,1.6082375437731147,301.46383207208237,-0.038161177043487,-0.0803528008723337,-0.04219162382884669,1.0,0.01253734727189926,1.2096701154329762e-12,2.3,0.002365427507075883,0.31147614564018394,0.008114298412213018,0.0008100237621206285,0.3062656403869168,0.11973689939455703,0.15573807282009197,1.75,5594412.25181998,0.02507469454379852,0.05611915948829778,-0.004057149206106509,-0.004057149206106509,0.004057149206106509,0.004057149206106509,-0.016228596824426036,-0.016228596824426036,0.0008100237621206285,0.14986279201124025,4.705691669152945e-09,0.5508271021101141
435.0,0.001271503295997209,14.674186378454012,117.12825640754883,57.05191413483748,16.150273993758628,14.91218708538251,7.184821182879263,1.6083856949413162,301.46384056613243,-0.038160163951536985,-0.08035347274703143,-0.04219330879549445,1.0,0.012525058329098082,1.2084844127054007e-12,2.3,0.002361080550659971,0.3114720705963306,0.00811505006411013,0.0008103077837963371,0.3062789929685068,0.11974146252218001,0.1557360352981653,1.75,5594433.926644206,0.025050116658196165,0.05611239494576126,-0.004057525032055065,-0.004057525032055065,0.004057525032055065,0.004057525032055065,-0.01623010012822026,-0.01623010012822026,0.0008103077837963371,0.14986279201124025,4.705691669152945e-09,0.5520985768804826
436.0,0.0012715602960658879,14.671735717692147,117.13379951617101,57.055441058886856,16.152493251367563,14.914839299182155,7.185054631845068,1.608533578456138,301.46384905672085,-0.03815915095554602,-0.08035414356439148,-0.04219499260884546,1.0,0.012512836123247684,1.2073051491146862e-12,2.3,0.002356754027358365,0.31146792604152046,0.00811579780093757,0.0008105902181346797,0.3062923331153003,0.11974602234715448,0.15573396302076023,1.75,5594455.971343567,0.025025672246495368,0.05610563764915172,-0.004057898900468785,-0.004057898900468785,0.004057898900468785,0.004057898900468785,-0.01623159560187514,-0.01623159560187514,0.0008105902181346797,0.14986279201124025,4.705691669152945e-09,0.5533701086765141
437.0,0.0012716172443226232,14.669288747347302,117.139331066973,57.058966562150225,16.154704210688745,14.917481953245762,7.185287390937119,1.608681194828175,301.46385754366634,-0.038158138074139626,-0.08035481331853178,-0.042196675244392155,1.0,0.01250068002183417,1.2061322636325188e-12,2.3,0.002352447810736602,0.3114637127913695,0.008116541657778692,0.0008108710801356285,0.3063056606817552,0.11975057880437856,0.15573185639568474,1.75,5594478.381587509,0.02500136004366834,0.0560988876467711,-0.004058270828889346,-0.004058270828889346,0.004058270828889346,0.004058270828889346,-0.016233083315557385,-0.016233083315557385,0.0008108710801356285,0.14986279201124025,4.705691669152945e-09,0.5546416974467084
438.0,0.0012716741401515603,14.666845480393096,117.1448510712277,57.06249059069811,16.156906940990865,14.920115118881977,7.185519462684712,1.6088285445661392,301.46386602678984,-0.03815712532576296,-0.0803554820036694,-0.042198356677906446,1.0,0.012488589398023726,1.2049656957786302e-12,2.3,0.0023481617752845675,0.31145943165475265,0.008117281669399843,0.0008111503846637801,0.3063189755240665,0.11975513182950236,0.15572971582737632,1.75,5594501.15308134,0.024977178796047453,0.056092144986367,-0.004058640834699922,-0.004058640834699922,0.004058640834699922,0.004058640834699922,-0.016234563338799687,-0.016234563338799687,0.0008111503846637801,0.14986279201124025,4.705691669152945e-09,0.5559133431389456
439.0,0.0012717309829487324,14.664405929441898,117.15035954044586,57.066013091496515,16.159101510544268,14.922738866437292,7.185750849601442,1.6089756281756613,301.46387450591544,-0.03815611272857144,-0.08035614961417975,-0.04220003688560831,1.0,0.012476563633861373,1.2038053859294286e-12,2.3,0.0023438957965439397,0.31145508343037565,0.008118017870087788,0.0008114281463747202,0.30633227750123304,0.11975968135938223,0.15572754171518782,1.75,5594524.281584458,0.024953127267722745,0.05608540971474063,-0.004059008935043894,-0.004059008935043894,0.004059008935043894,0.004059008935043894,-0.016236035740175576,-0.016236035740175576,0.0008114281463747202,0.14986279201124025,4.705691669152945e-09,0.5571850457004958
440.0,0.0012717877721172305,14.661970106892124,117.15585648627028,57.06953401204973,16.161287987011175,14.925353265673126,7.185981554191734,1.609122446160538,301.4638829808695,-0.03815510030054431,-0.08035681614453455,-0.04220171584399024,1.0,0.012464602116932495,1.2026512749958868e-12,2.3,0.002339649750962829,0.3114506689103597,0.008118750293820282,0.0008117043797920242,0.30634556647394845,0.1197642273316075,0.15572533445517986,1.75,5594547.762891286,0.02492920423386499,0.05607868187815135,-0.004059375146910141,-0.004059375146910141,0.004059375146910141,0.004059375146910141,-0.016237500587640563,-0.016237500587640563,0.0008117043797920242,0.14986279201124025,4.705691669152945e-09,0.5584568050780288
441.0,0.00127184450707174,14.65953802479035,117.16134192057362,57.07305330073662,16.163466437080217,14.927958385411861,7.18621157894452,1.609268999021566,301.4638914514815,-0.03815408805937768,-0.08035748158935943,-0.04220339352998175,1.0,0.012452704243483865,1.2015033047246743e-12,2.3,0.0023354235160213664,0.31144618887688236,0.008119478974107383,0.0008119790992354069,0.3063588423056402,0.11976876968494395,0.15572309443844118,1.75,5594571.592849129,0.02490540848696773,0.05607196152193412,-0.004059739487053691,-0.004059739487053691,0.004059739487053691,0.004059739487053691,-0.016238957948214765,-0.016238957948214765,0.0008119790992354069,0.14986279201124025,4.705691669152945e-09,0.5597286212176232
442.0,0.0012719011872338454,14.65710969497487,117.16681585535596,57.07657090646158,16.165636926846968,14.930554293904818,7.1864409263396904,1.6094152872577574,301.46389991758286,-0.038153076022595524,-0.08035814594337361,-0.042205069920778084,1.0,0.012440869415167049,1.200361417383943e-12,2.3,0.002331216970088822,0.31144164410569397,0.008120203944157923,0.0008122523188958481,0.3063721048613881,0.11977330835887182,0.15572082205284699,1.75,5594595.767339473,0.024881738830334097,0.05606524869089418,-0.004060101972078962,-0.004060101972078962,0.004060101972078962,0.004060101972078962,-0.016240407888315846,-0.016240407888315846,0.0008122523188958481,0.14986279201124025,4.705691669152945e-09,0.561000494064776
443.0,0.0012719578120364173,14.654685128941319,117.17227830283967,57.080086778983194,16.167799521457543,14.93314105848685,7.186669598841852,1.6095613113652025,301.4639083790083,-0.03815206420744524,-0.0803588092014459,-0.042206744994000664,1.0,0.012429097042082926,1.199225556057081e-12,2.3,0.002327029992547036,0.3114370353628201,0.008120925236724658,0.0008125240527654809,0.3063853540089405,0.11977784329401847,0.15571851768141004,1.75,5594620.2822955195,0.02485819408416585,0.056058543428933905,-0.004060462618362329,-0.004060462618362329,0.004060462618362329,0.004060462618362329,-0.016241850473449317,-0.016241850473449317,0.0008125240527654809,0.14986279201124025,4.705691669152945e-09,0.5622724235644112
444.0,0.0012720143809190677,14.652264337982594,117.17772927537003,57.0836008685732,16.16995428547969,14.935718745935427,7.186897598906703,1.6097070718382538,301.46391683559443,-0.03815105263100598,-0.08035947135853606,-0.04220841872753008,1.0,0.01241738653960464,1.1980956643361714e-12,2.3,0.002322862463649894,0.3114323634080071,0.008121642884266658,0.0008127943147108966,0.3063985896176546,0.11978237443170811,0.15571618170400356,1.75,5594645.133683854,0.02483477307920928,0.05605184577943792,-0.004060821442133329,-0.004060821442133329,0.004060821442133329,0.004060821442133329,-0.016243285768533317,-0.016243285768533317,0.0008127943147108966,0.14986279201124025,4.705691669152945e-09,0.5635444096608889
445.0,0.0012720708933324249,14.649847333057885,117.18316878550706,57.08711312633758,16.172101282555214,14.938287422133532,7.187124928974853,1.6098525691684196,301.4639252871809,-0.03815004131008662,-0.08036013240974928,-0.04221009109966266,1.0,0.01240573733134827,1.1969716866086203e-12,2.3,0.0023187142646450246,0.3114276289914929,0.008122356918798248,0.0008130631184047204,0.3064118115594911,0.11978690171438354,0.15571381449574645,1.75,5594670.317521624,0.02481147466269654,0.05604515578490893,-0.004061178459399124,-0.004061178459399124,0.004061178459399124,0.004061178459399124,-0.016244713837596497,-0.016244713837596497,0.0008130631184047204,0.14986279201124025,4.705691669152945e-09,0.5648164522980147
446.0,0.0012721273487336787,14.64743412492904,117.1885968459293,57.09062350388339,16.17424057576187,14.94084715242009,7.187351591478132,1.6099978038455156,301.46393373360945,-0.03814903026133172,-0.08036079235027906,-0.042211762088947336,1.0,0.012394148846073219,1.1958535677580893e-12,2.3,0.002314585277635537,0.31142283285738376,0.008123067372047382,0.0008133304773971426,0.3064250197079805,0.1197914250851669,0.15571141642869188,1.75,5594695.829858572,0.024788297692146438,0.05603847348734348,-0.004061533686023691,-0.004061533686023691,0.004061533686023691,0.004061533686023691,-0.016246134744094764,-0.016246134744094764,0.0008133304773971426,0.14986279201124025,4.705691669152945e-09,0.5660885514190478
447.0,0.0012721837465907771,14.645024724032949,117.19401346952283,57.09413195363251,16.17637222727437,14.943398001261002,7.187577588833483,1.6101427763565879,301.4639421747245,-0.03814801950112168,-0.08036145117546029,-0.04221343167433861,1.0,0.012382620520580345,1.194741253444122e-12,2.3,0.0023104753856996217,0.3114179757404828,0.00812377427530829,0.0008135964050491468,0.30643821393919163,0.11979594448827124,0.1557089878702414,1.75,5594721.666793902,0.02476524104116069,0.05603179892787683,-0.004061887137654145,-0.004061887137654145,0.004061887137654145,0.004061887137654145,-0.01624754855061658,-0.01624754855061658,0.0008135964050491468,0.14986279201124025,4.705691669152945e-09,0.56736070696671
448.0,0.0012722400863780599,14.642619140614421,117.19941866928791,57.09763842849608,16.178496298717338,14.945940032591093,7.187802923449192,1.6102874871870343,301.4639506103725,-0.03814700904567642,-0.08036210888071366,-0.04221509983503724,1.0,0.012371151796688344,1.1936346898104097e-12,2.3,0.002306384472754729,0.31141305836960725,0.008124477659595973,0.0008138609146023062,0.30645139413072503,0.11980045986857174,0.15570652918480363,1.75,5594747.8244586345,0.02474230359337669,0.05602513214714939,-0.0040622388297979865,-0.0040622388297979865,0.0040622388297979865,0.0040622388297979865,-0.016248955319191946,-0.016248955319191946,0.0008138609146023062,0.14986279201124025,4.705691669152945e-09,0.5686329188831944
449.0,0.001272296367580353,14.640217384601824,117.2048124584253,57.10114288218107,16.18061285083468,14.948473309493073,7.188027597718852,1.6104319368195563,301.46395904040304,-0.03814599891095769,-0.08036276546159725,-0.04221676655063956,1.0,0.012359742124061225,1.1925338237576015e-12,2.3,0.0023023124236753734,0.311408081464474,0.008125177555502456,0.0008141240191136207,0.30646456016265666,0.11980497117200757,0.155704040732237,1.75,5594774.299032167,0.02471948424812245,0.05601847318496038,-0.004062588777751228,-0.004062588777751228,0.004062588777751228,0.004062588777751228,-0.01625035511100491,-0.01625035511100491,0.0008141240191136207,0.14986279201124025,4.705691669152945e-09,0.5699051871101737
450.0,0.001272352589688744,14.637819465736596,117.21019485024571,57.104645268872254,16.182721943833812,14.95099789453125,7.18825161402752,1.6105761257352493,301.4639674646672,-0.03814498911277041,-0.08036342091375251,-0.0422184318009821,1.0,0.012348390957258322,1.191438602658674e-12,2.3,0.002298259124159383,0.3114030457389521,0.008125873993347438,0.0008143857315236225,0.3064777119165551,0.11980947834516352,0.15570152286947606,1.75,5594801.086724976,0.024696781914516644,0.056011822080625225,-0.004062936996673719,-0.004062936996673719,0.004062936996673719,0.004062936996673719,-0.016251747986694876,-0.016251747986694876,0.0008143857315236225,0.14986279201124025,4.705691669152945e-09,0.5711775115888083
451.0,0.0012724087522045348,14.635425393452042,117.2155658582535,57.10814554353168,16.184823637063193,14.953513849438215,7.188474974745756,1.6107200544125833,301.46397588301886,-0.03814397966666727,-0.08036407523295443,-0.042220095566287155,1.0,0.01233709775849298,1.1903489746251029e-12,2.3,0.002294224460843888,0.3113979518980093,0.008126567003038118,0.0008146460645927924,0.30649084927640563,0.1198139813356618,0.15569897594900464,1.75,5594828.183794853,0.02467419551698596,0.0560051788726379,-0.004063283501519059,-0.004063283501519059,0.004063283501519059,0.004063283501519059,-0.016253134006076236,-0.016253134006076236,0.0008146460645927924,0.14986279201124025,4.705691669152945e-09,0.5724498922597548
452.0,0.001272464854635122,14.633035176999535,117.22092549605891,57.111643661587955,16.186917989348032,14.956021235440499,7.1886976822357,1.6108637233284644,301.46398429531405,-0.03814297058804768,-0.08036472841505891,-0.042221757827011236,1.0,0.012325861994754958,1.189264888229218e-12,2.3,0.002290208321173919,0.31139280064090213,0.008127256614216134,0.000814905030968007,0.30650397212764624,0.11981848009175414,0.15569640032045107,1.75,5594855.586529935,0.024651723989509915,0.055998543599019325,-0.004063628307108067,-0.004063628307108067,0.004063628307108067,0.004063628307108067,-0.016254513228432268,-0.016254513228432268,0.000814905030968007,0.14986279201124025,4.705691669152945e-09,0.5737223290631747
453.0,0.0012725208964978808,14.630648825330448,117.22627377745913,57.11513957922895,16.189005058675814,14.958520112952812,7.188919738845185,1.6110071329572404,301.4639927014112,-0.038141961892064584,-0.08036538045605175,-0.04222341856398717,1.0,0.012314683140501131,1.1881862927638164e-12,2.3,0.0022862105935163883,0.3113875926581755,0.008127942856120769,0.0008151626431204909,0.3065170803580739,0.11982297456270408,0.15569379632908775,1.75,5594883.291264661,0.024629366281002263,0.0559919162969882,-0.0040639714280603844,-0.0040639714280603844,0.0040639714280603844,0.0040639714280603844,-0.016255885712241538,-0.016255885712241538,0.0008151626431204909,0.14986279201124025,4.705691669152945e-09,0.5749948219387412
454.0,0.0012725768773161285,14.628266347219109,117.23161071635329,57.118633253098125,16.191084902523666,14.961010541895835,7.189141146913738,1.6111502837717373,301.4640011011707,-0.03814095359372118,-0.0803660313519973,-0.042225077758276115,1.0,0.012303560674848802,1.187113137971358e-12,2.3,0.002282231167030977,0.31138232863479626,0.008128625757732332,0.0008154189134106555,0.3065301738569029,0.11982746469838873,0.15569116431739813,1.75,5594911.294363104,0.024607121349697603,0.055985297003300766,-0.004064312878866166,-0.004064312878866166,0.004064312878866166,0.004064312878866166,-0.016257251515464664,-0.016257251515464664,0.0008154189134106555,0.14986279201124025,4.705691669152945e-09,0.5762673708256482
455.0,0.001272632796622908,14.625887751147733,117.23693632682085,57.12212464058051,16.193157577551663,14.963492581397823,7.189361908766769,1.611293176242289,301.46400949445564,-0.03813994570777977,-0.08036668109908603,-0.04222673539130626,1.0,0.012292494084201045,1.1860453742972733e-12,2.3,0.002278269931782279,0.311377009247211,0.00812930534763868,0.0008156738540275488,0.30654325251564635,0.1198319504496719,0.1556885046236055,1.75,5594939.592234619,0.02458498816840209,0.05597868575392978,-0.00406465267381934,-0.00406465267381934,0.00406465267381934,0.00406465267381934,-0.01625861069527736,-0.01625861069527736,0.0008156738540275488,0.14986279201124025,4.705691669152945e-09,0.5775399756626177
456.0,0.001272688653957077,14.623513045426277,117.24225062303942,57.125613699506054,16.195223139922117,14.96596629010476,7.189582026721494,1.611435810837747,301.4640178811305,-0.0381389382488563,-0.08036732969358483,-0.04222839144472853,1.0,0.012281482859507656,1.1849829526256837e-12,2.3,0.0022743267786128345,0.3113716351664149,0.008129981654175117,0.000815927477052127,0.30655631622719937,0.11983643176801581,0.15568581758320746,1.75,5594968.181317517,0.02456296571901531,0.05597208258439597,-0.004064990827087558,-0.004064990827087558,0.004064990827087558,0.004064990827087558,-0.016259963308350233,-0.016259963308350233,0.000815927477052127,0.14986279201124025,4.705691669152945e-09,0.5788126363879077
457.0,0.0012727444488669693,14.621142238080305,117.24755361936062,57.12910038842911,16.197281645000427,14.9684317258891,7.189801503081195,1.6115781880245348,301.4640262610627,-0.03813793123133141,-0.08036797713188312,-0.04223004590055171,1.0,0.012270526498827157,1.1839258245265992e-12,2.3,0.0022704015992534615,0.31136620705506385,0.008130654705294121,0.0008161797943981549,0.30656936488670217,0.11984090860584465,0.15568310352753192,1.75,5594997.058094422,0.024541052997654314,0.055965487529454835,-0.0040653273526470605,-0.0040653273526470605,0.0040653273526470605,0.0040653273526470605,-0.016261309410588242,-0.016261309410588242,0.0008161797943981549,0.14986279201124025,4.705691669152945e-09,0.5800853529393197
458.0,0.0012728001809065804,14.618775336967756,117.2528453302304,57.13258466633846,16.1993331476665,14.97088894615248,7.19002034014107,1.6117203082676321,301.46403463412116,-0.03813692466944266,-0.08036862341044451,-0.042231698741001855,1.0,0.01225962450465479,1.182873941998108e-12,2.3,0.002266494286198483,0.31136072557049166,0.008131324528701828,0.0008164308178739558,0.30658239839063983,0.11984538091616613,0.15568036278524583,1.75,5595026.219076226,0.02451924900930958,0.055958900623419995,-0.004065662264350914,-0.004065662264350914,0.004065662264350914,0.004065662264350914,-0.016262649057403655,-0.016262649057403655,0.0008164308178739558,0.14986279201124025,4.705691669152945e-09,0.5813581252542065
459.0,0.0012728558496391624,14.616412349669725,117.25812577026254,57.1360664929305,16.20137770202297,14.973338007541455,7.190238540182565,1.6118621720296538,301.4640430001774,-0.03813591857719761,-0.08036926852585173,-0.042233349948654124,1.0,0.01224877638642144,1.181827257707486e-12,2.3,0.0022626047328142642,0.31135519136186895,0.00813199115173098,0.0008166805591247326,0.30659541663768786,0.11984984865292622,0.15567759568093448,1.75,5595055.660817195,0.02449755277284288,0.055952321899857764,-0.00406599557586549,-0.00406599557586549,0.00406599557586549,0.00406599557586549,-0.01626398230346196,-0.01626398230346196,0.0008166805591247326,0.14986279201124025,4.705691669152945e-09,0.5826309532694793
460.0,0.0012729114546334852,14.6140532836042,117.26339495416144,57.13954582832587,16.203415361698916,14.975778966242922,7.190456105479154,1.6120037797718083,301.46405135910464,-0.03813491296846406,-0.08036991247475944,-0.04223499950629538,1.0,0.012237981657887583,1.1807857247397517e-12,2.3,0.0022587328332164197,0.31134960507316856,0.008132654601474032,0.0008169290296928238,0.30660841952783274,0.11985431177063953,0.15567480253658428,1.75,5595085.379899193,0.024475963315775166,0.055945751391902485,-0.004066327300737016,-0.004066327300737016,0.004066327300737016,0.004066327300737016,-0.016265309202948063,-0.016265309202948063,0.0008169290296928238,0.14986279201124025,4.705691669152945e-09,0.5839038369216156
461.0,0.0012729669954673506,14.611698145919672,117.26865289679338,57.14302263333642,16.205446179565293,14.978211877706674,7.190673038290728,1.6121451319529998,301.46405971077843,-0.03813390785688504,-0.08037055525393812,-0.04223664739705308,1.0,0.012227239839581067,1.1797492968328748e-12,2.3,0.0022548784823768274,0.311343967340374,0.008133314904659161,0.0008171762409614117,0.3066214069631985,0.11985877022473576,0.155671983670187,1.75,5595115.372946535,0.024454479679162134,0.055939189131958694,-0.0040666574523295805,-0.0040666574523295805,0.0040666574523295805,0.0040666574523295805,-0.016266629809318322,-0.016266629809318322,0.0008171762409614117,0.14986279201124025,4.705691669152945e-09,0.5851767761466661
462.0,0.001273022471723942,14.609346943605955,117.27389961311178,57.14649686918831,16.207470208031168,14.980636796933766,7.1908893408693215,1.6122862290307614,301.4640680550758,-0.03813290325596701,-0.08037119686022814,-0.04223829360426114,1.0,0.012216550456253944,1.1787179281323994e-12,2.3,0.002251041576002652,0.3113382787943886,0.008133972087780213,0.0008174222042133353,0.3066343788471876,0.11986322397119899,0.1556691393971943,1.75,5595145.636610508,0.024433100912507888,0.05593263515200863,-0.004066986043890107,-0.004066986043890107,0.004066986043890107,0.004066986043890107,-0.016267944175560427,-0.016267944175560427,0.0008174222042133353,0.14986279201124025,4.705691669152945e-09,0.5864497708802617
463.0,0.0012730778829952495,14.606999683390526,117.2791351182259,57.149968497782915,16.209487498766126,14.983053778205655,7.191105015453556,1.612427071460382,301.4640763918766,-0.03813189917899669,-0.08037183729058232,-0.042239938111585634,1.0,0.01220591303926225,1.177691573421057e-12,2.3,0.002247222010641825,0.31133254005829647,0.008134626176975624,0.0008176669305761293,0.30664733508528574,0.1198676729669058,0.15566627002914823,1.75,5595176.167583938,0.0244118260785245,0.055926089483321874,-0.004067313088487812,-0.004067313088487812,0.004067313088487812,0.004067313088487812,-0.016269252353951248,-0.016269252353951248,0.0008176669305761293,0.14986279201124025,4.705691669152945e-09,0.5877228210576213
464.0,0.0012731332288785204,14.604656371846497,117.28435942732874,57.15343748142619,16.211498102989218,14.9854628753657,7.191320064274301,1.6125676596958152,301.46408472106174,-0.03813089563912743,-0.08037247654202136,-0.04224158090289393,1.0,0.012195327124083895,1.1766701878792793e-12,2.3,0.0022434196835640486,0.31132675175021907,0.008135277198155244,0.0008179104310794389,0.30666027558422637,0.11987211716927305,0.15566337587510953,1.75,5595206.962585993,0.02439065424816779,0.05591955215675512,-0.004067638599077622,-0.004067638599077622,0.004067638599077622,0.004067638599077622,-0.016270554396310487,-0.016270554396310487,0.0008179104310794389,0.14986279201124025,4.705691669152945e-09,0.5889959266135582
465.0,0.001273188508979578,14.602317015291629,117.28957255576343,57.15690378308365,16.213502071198203,14.987864141554768,7.191534489549187,1.6127079941888265,301.4640930425149,-0.038129892649297795,-0.08037311461167518,-0.042243221962377384,1.0,0.01218479225264068,1.1756537273092391e-12,2.3,0.0022396344928644614,0.31132091448062554,0.00813592517688223,0.0008181527166013741,0.30667320025277484,0.11987655653658794,0.15566045724031277,1.75,5595238.018376497,0.02436958450528136,0.055913023202469166,-0.004067962588441115,-0.004067962588441115,0.004067962588441115,0.004067962588441115,-0.01627185035376446,-0.01627185035376446,0.0008181527166013741,0.14986279201124025,4.705691669152945e-09,0.5902690874824872
466.0,0.0012732437229093813,14.599981619893528,117.29477451895345,57.16036736611595,16.215499453451372,14.990257629485967,7.1917482934881924,1.612848075389881,301.464101356121,-0.038128890222315984,-0.08037375149673966,-0.04224486127442367,1.0,0.012174307970876978,1.1746421479012287e-12,2.3,0.0022358663373467785,0.3113150288551343,0.008136570138496729,0.0008183937979245337,0.3066861090009118,0.11988099102766459,0.15565751442756715,1.75,5595269.3317410145,0.024348615941753957,0.05590650265022115,-0.0040682850692483645,-0.0040682850692483645,0.0040682850692483645,0.0040682850692483645,-0.016273140276993458,-0.016273140276993458,0.0008183937979245337,0.14986279201124025,4.705691669152945e-09,0.5915423035984316
467.0,0.0012732988702872734,14.597650191571264,117.2999653324669,57.16382819452806,16.217490299103456,14.992643391186608,7.191961478288228,1.6129879037473118,301.4641096617671,-0.038127888370780294,-0.08037438719451677,-0.042246498823736475,1.0,0.012163873831025114,1.173635406452235e-12,2.3,0.0022321151166252965,0.31130909547187163,0.008137212108000632,0.000818633685683651,0.30669900174060216,0.11988542060216585,0.15565454773593582,1.75,5595300.899504909,0.024327747662050227,0.05589999052908875,-0.004068606054000316,-0.004068606054000316,0.004068606054000316,0.004068606054000316,-0.016274424216001265,-0.016274424216001265,0.000818633685683651,0.14986279201124025,4.705691669152945e-09,0.59281557489503
468.0,0.0012733539507375686,14.59532273609786,117.30514501194887,57.16728623271085,16.219474657080504,14.995021478266352,7.192174046138652,1.6131274797081834,301.4641179593423,-0.038126887107161646,-0.08037502170237246,-0.04224813459521081,1.0,0.012153489389242794,1.172633460137987e-12,2.3,0.002228380731009862,0.3113031149242241,0.008137851110178274,0.0008188723904202725,0.3067118783849939,0.11988984522026812,0.15565155746211204,1.75,5595332.718518698,0.02430697877848559,0.05589348686775491,-0.004068925555089137,-0.004068925555089137,0.004068925555089137,0.004068925555089137,-0.01627570222035655,-0.01627570222035655,0.0008188723904202725,0.14986279201124025,4.705691669152945e-09,0.5940889013055424
469.0,0.001273408963892786,14.592999259004447,117.31031357318375,57.17074144568458,16.22145257562229,14.997391941665327,7.192385999215919,1.613266803717483,301.4641262487373,-0.038125886443725804,-0.0803756550177758,-0.042249768574049995,1.0,0.012143154207823711,1.1716362667262464e-12,2.3,0.0022246630816063423,0.31129708779824466,0.008138487169483986,0.0008191099225316571,0.3067247388491705,0.1198942648429755,0.15564854389912233,1.75,5595364.785671847,0.024286308415647422,0.05588699169423914,-0.004069243584741993,-0.004069243584741993,0.004069243584741993,0.004069243584741993,-0.01627697433896797,-0.01627697433896797,0.0008191099225316571,0.14986279201124025,4.705691669152945e-09,0.5953622827628575
470.0,0.0012734639093902934,14.590679765680102,117.3154710320296,57.17419379884635,16.223424102550418,14.999754831915864,7.1925973396890335,1.6134058762189627,301.46413452984456,-0.038124886392614035,-0.08037628713825795,-0.042251400745643916,1.0,0.01213286785289249,1.1706437843544033e-12,2.3,0.0022209620702034333,0.3112910146753568,0.008139120310159837,0.0008193462923241395,0.3067375830493695,0.1198986794317928,0.1556455073376784,1.75,5595397.09787839,0.02426573570578498,0.05588050503617508,-0.004069560155079918,-0.004069560155079918,0.004069560155079918,0.004069560155079918,-0.016278240620319673,-0.016278240620319673,0.0008193462923241395,0.14986279201124025,4.705691669152945e-09,0.5966357191994991
471.0,0.0012735187868754467,14.588364261278508,117.32061740447861,57.17764325820817,16.225389285017055,15.002110198896618,7.192808069714257,1.6135446976543484,301.46414280255874,-0.0381238869657671,-0.0803769180614502,-0.0422530310956831,1.0,0.01212262989656169,1.169655971737596e-12,2.3,0.0022172775993716696,0.3112848961298,0.00813975055612591,0.0008195815099632488,0.3067504109037157,0.119903088949032,0.1556424480649,1.75,5595429.652090513,0.02424525979312338,0.05587402692054854,-0.004069875278062955,-0.004069875278062955,0.004069875278062955,0.004069875278062955,-0.01627950111225182,-0.01627950111225182,0.0008195815099632488,0.14986279201124025,4.705691669152945e-09,0.5979092105476319
472.0,0.0012735735959983425,14.586052750815204,117.3257527065935,57.18108979015008,16.22734816976646,15.004458092088077,7.193018191440499,1.6136832684641615,301.46415106677574,-0.03812288817500409,-0.08037754778504412,-0.04225465961004003,1.0,0.012112439914682258,1.1686727879516621e-12,2.3,0.0022136095723519224,0.3112787327312888,0.008140377931095209,0.0008198155855257966,0.3067632223314592,0.11990749335749312,0.1556393663656444,1.75,5595462.445284408,0.024224879829364516,0.05586755737396819,-0.004070188965547604,-0.004070188965547604,0.004070188965547604,0.004070188965547604,-0.016280755862190417,-0.016280755862190417,0.0008198155855257966,0.14986279201124025,4.705691669152945e-09,0.5991827567390688
473.0,0.0012736283364168683,14.583745239076636,117.3308769545659,57.184533361652775,16.229300802889878,15.00679856033252,7.1932277070040875,1.6138215890869507,301.4641593223936,-0.03812189003194814,-0.08037817630682854,-0.04225628627488041,1.0,0.012102297488948885,1.1676941926362753e-12,2.3,0.0022099578931529295,0.31127252504250896,0.008141002458466535,0.0008200485289511873,0.3067760172536915,0.11991189262076331,0.15563626252125448,1.75,5595495.474473596,0.02420459497789777,0.05586109642240993,-0.004070501229233268,-0.004070501229233268,0.004070501229233268,0.004070501229233268,-0.01628200491693307,-0.01628200491693307,0.0008200485289511873,0.14986279201124025,4.705691669152945e-09,0.6004563577052765
474.0,0.0012736830077935387,14.581441730714923,117.3359901646551,57.1879739400564,16.231247230080626,15.009131652083425,7.19343661853409,1.6139596599600885,301.4641675693117,-0.038120892548103476,-0.08037880362465082,-0.04225791107654734,1.0,0.012092202204704782,1.1667201457831372e-12,2.3,0.0022063224664416715,0.31126627362172066,0.00814162416143666,0.0008202803500922542,0.3067887955926008,0.11991628670290556,0.15563313681086033,1.75,5595528.736695072,0.024184404409409565,0.05585464409148113,-0.00407081208071833,-0.00407081208071833,0.00407081208071833,0.00407081208071833,-0.01628324832287332,-0.01628324832287332,0.0008202803500922542,0.14986279201124025,4.705691669152945e-09,0.6017300133773817
475.0,0.0012737376097984533,14.57914223015928,117.34109235324419,57.19141149328792,16.233187496395033,15.011457415171177,7.193644928147153,1.6140974815190239,301.4641758074317,-0.038119895734782756,-0.0803794297364527,-0.04225953400166995,1.0,0.012082153652995802,1.1657506079341711e-12,2.3,0.0022027031976392893,0.3112599790202994,0.00814224306289577,0.0008205110586677353,0.3068015572721706,0.11992067556875051,0.1556299895101497,1.75,5595562.229022391,0.024164307305991603,0.05584820040617139,-0.004071121531447885,-0.004071121531447885,0.004071121531447885,0.004071121531447885,-0.01628448612579154,-0.01628448612579154,0.0008205110586677353,0.14986279201124025,4.705691669152945e-09,0.6030037236861777
476.0,0.0012737921421062367,14.576846741708277,117.34618353678104,57.194845989625335,16.235121646501224,15.01377589704649,7.193852637952757,1.6142350541980606,301.4641840366562,-0.03811889960318247,-0.08038005464023282,-0.04226115503705035,1.0,0.01207215142842897,1.1647855399749018e-12,2.3,0.0021990999928133102,0.3112536417852988,0.008142859185536923,0.00082074066431189,0.306814302217454,0.11992505918359257,0.1556268208926494,1.75,5595595.948552033,0.02414430285685794,0.055841765391109854,-0.004071429592768462,-0.004071429592768462,0.004071429592768462,0.004071429592768462,-0.016285718371073846,-0.016285718371073846,0.00082074066431189,0.14986279201124025,4.705691669152945e-09,0.60427748856213
477.0,0.0012738466043989123,14.574555269443612,117.35126373183236,57.198277397919895,16.237049724445942,15.016087144551692,7.1940597500481145,1.6143723784296267,301.46419225689016,-0.03811790416431187,-0.08038067833408138,-0.042262774169769514,1.0,0.012062195131176732,1.163824903327834e-12,2.3,0.0021955127587720037,0.31124726245702966,0.008143472551753987,0.0008209691765281089,0.30682703035525605,0.11992943751347464,0.15562363122851483,1.75,5595629.892416278,0.024124390262353464,0.05583533907032256,-0.004071736275876993,-0.004071736275876993,0.004071736275876993,0.004071736275876993,-0.016286945103507974,-0.016286945103507974,0.0008209691765281089,0.14986279201124025,4.705691669152945e-09,0.6055513079353826
478.0,0.0012739009963629118,14.57226781731997,117.35633295502689,57.20170568736573,16.23897177389724,15.018391204158391,7.194266266523366,1.6145094546450323,301.4642004680396,-0.03811690942906666,-0.08038130081614386,-0.0422643913870772,1.0,0.012052284364886822,1.1628686597507884e-12,2.3,0.002191941402958365,0.31124084157157683,0.008144083183748497,0.0008211966047373459,0.30683974161342337,0.11993381052489194,0.15562042078578842,1.75,5595664.05776982,0.024104568729773644,0.055828921467483236,-0.004072041591874249,-0.004072041591874249,0.004072041591874249,0.004072041591874249,-0.016288166367496994,-0.016288166367496994,0.0008211966047373459,0.14986279201124025,4.705691669152945e-09,0.6068251817357635
479.0,0.0012739553176918828,14.569984389081016,117.36139122310742,57.205130827716985,16.240887837916993,15.020688121744154,7.1944721894565316,1.6146462832737591,301.4642086700127,-0.03811591540815951,-0.08038192208465465,-0.04226600667649514,1.0,0.012042418738638908,1.1619167715256867e-12,2.3,0.002188385833543138,0.3112343796584233,0.008144691103430015,0.0008214229582328295,0.30685243592151135,0.11993817818506948,0.15561718982921166,1.75,5595698.441802405,0.024084837477277816,0.05582251260567671,-0.004072345551715008,-0.004072345551715008,0.004072345551715008,0.004072345551715008,-0.01628938220686003,-0.01628938220686003,0.0008214229582328295,0.14986279201124025,4.705691669152945e-09,0.6080991098927909
480.0,0.0012740095680837727,14.567704988346934,117.36643855287588,57.20855278906264,16.24279795919763,15.022977942824523,7.194677520918657,1.6147828647442,301.46421686271873,-0.03811492211219216,-0.08038254213790168,-0.04226762002570952,1.0,0.012032597864904768,1.1609692012617396e-12,2.3,0.002184845959320281,0.3112278772429234,0.008145296332520409,0.0008216482462273416,0.3068651132100908,0.11994254046167314,0.1556139386214617,1.75,5595733.041725672,0.024065195729809537,0.05581611250764339,-0.004072648166260204,-0.004072648166260204,0.004072648166260204,0.004072648166260204,-0.016290592665040817,-0.016290592665040817,0.0008216482462273416,0.14986279201124025,4.705691669152945e-09,0.6093730923356787
481.0,0.001274063747243584,14.56542961853263,117.37147496124388,57.211971542038874,16.244702179840264,15.025260712335028,7.194882262968814,1.614919199482962,301.46422504606886,-0.03811392955158745,-0.08038316097425934,-0.04226923142267189,1.0,0.012022821361457027,1.160025912079612e-12,2.3,0.0021813216897987337,0.3112213348439585,0.008145898892456637,0.0008218724778090019,0.3068777734114014,0.11994689732308052,0.15561066742197924,1.75,5595767.854785624,0.024045642722914054,0.05580972119554874,-0.004072949446228318,-0.004072949446228318,0.004072949446228318,0.004072949446228318,-0.016291797784913273,-0.016291797784913273,0.0008218724778090019,0.14986279201124025,4.705691669152945e-09,0.6106471289933424
482.0,0.0012741178548804938,14.563158282932955,117.37650046517925,57.2153870576088,16.246600541585554,15.027536474857628,7.195086417659185,1.615055287915592,301.4642332199755,-0.038112937736659705,-0.08038377859215383,-0.042270840855494124,1.0,0.012013088849379882,1.1590868674194867e-12,2.3,0.0021778129350995055,0.31121475297638085,0.00814649880449248,0.0008220956619874224,0.3068904164586687,0.11995124873809888,0.15560737648819042,1.75,5595802.878249629,0.024026177698759765,0.05580333869122155,-0.00407324940224624,-0.00407324940224624,0.00407324940224624,0.00407324940224624,-0.01629299760898496,-0.01629299760898496,0.0008220956619874224,0.14986279201124025,4.705691669152945e-09,0.6119212197944044
483.0,0.0012741718907105571,14.56089098464307,117.38151508175504,57.218799307270146,16.248493085597325,15.029805274407956,7.195289987030131,1.6151911304658948,301.464241384353,-0.0381119466775485,-0.0803843949900954,-0.04227244831254691,1.0,0.01200339995493072,1.1581520312206836e-12,2.3,0.0021743196060460255,0.3112081321487018,0.008147096089603659,0.0008223178076505435,0.30690304228674825,0.11995559467622965,0.1556040660743509,1.75,5595838.109418717,0.02400679990986144,0.055796965015929255,-0.0040735480448018295,-0.0040735480448018295,0.0040735480448018295,0.0040735480448018295,-0.016294192179207318,-0.016294192179207318,0.0008223178076505435,0.14986279201124025,4.705691669152945e-09,0.6131953646671999
484.0,0.0012742258544539116,14.558627726641449,117.386518828098,57.22220826283997,16.25037985268775,15.03206715465636,7.195492973115211,1.6153267275566408,301.46424953911685,-0.03811095638428734,-0.08038501016664457,-0.04227405378235723,1.0,0.01199375430759926,1.1572213677343955e-12,2.3,0.0021708416140628598,0.3112014728654902,0.008147690768587136,0.0008225389236096824,0.3069156508314572,0.11995993510739315,0.1556007364327451,1.75,5595873.545614818,0.02398750861519852,0.05579060019061021,-0.004073845384293568,-0.004073845384293568,0.004073845384293568,0.004073845384293568,-0.01629538153717427,-0.01629538153717427,0.0008225389236096824,0.14986279201124025,4.705691669152945e-09,0.6144695635397822
485.0,0.0012742797458373978,14.55636851171231,117.3915117214356,57.22561389665757,16.25226088310624,15.034322158720162,7.195695377936304,1.6154620796089014,301.4642576841844,-0.038109966866738836,-0.08038562412044332,-0.04227565725370449,1.0,0.011984151541924656,1.1562948416990106e-12,2.3,0.0021673788712646956,0.31119477562510894,0.008148282861968515,0.0008227590185573994,0.3069282420302006,0.11996427000218636,0.15559738781255447,1.75,5595909.184192807,0.023968303083849313,0.0557842442356547,-0.004074141430984258,-0.004074141430984258,0.004074141430984258,0.004074141430984258,-0.01629656572393703,-0.01629656572393703,0.0008227590185573994,0.14986279201124025,4.705691669152945e-09,0.6157438163399279
486.0,0.001274333564591848,14.554113342526465,117.39649377904652,57.229016181374206,16.254136216759157,15.036570329379511,7.1958972035085775,1.615597187042738,301.46426581947406,-0.03810897813466201,-0.08038623685018251,-0.042277258715520495,1.0,0.011974591295600858,1.1553724181573099e-12,2.3,0.002163931290356666,0.3111880409220622,0.008148872390098916,0.0008229781011114744,0.30694081582132215,0.11996859933161466,0.1555940204610311,1.75,5595945.022528013,0.023949182591201715,0.05577789717113133,-0.004074436195049458,-0.004074436195049458,0.004074436195049458,0.004074436195049458,-0.016297744780197833,-0.016297744780197833,0.0008229781011114744,0.14986279201124025,4.705691669152945e-09,0.6170181229951426
487.0,0.001274387310454625,14.551862221565791,117.4014650183059,57.23241509015132,16.256005893003838,15.038811708874505,7.196098451835655,1.6157320502765549,301.46427394490604,-0.03810799019764881,-0.08038684835463206,-0.04227885815698325,1.0,0.011965073211250383,1.154454062627608e-12,2.3,0.00216049878472206,0.3111812692447752,0.008149459373064617,0.0008231961797737668,0.3069533721447146,0.11997292306734339,0.1555906346223876,1.75,5595981.058028033,0.023930146422500766,0.05577155901657368,-0.0040747296865323085,-0.0040747296865323085,0.0040747296865323085,0.0040747296865323085,-0.016298918746129234,-0.016298918746129234,0.0008231961797737668,0.14986279201124025,4.705691669152945e-09,0.6182924834326659
488.0,0.0012744409831669746,14.549615151201928,117.4064254566375,57.235810596454975,16.257869950862926,15.041046339115944,7.196299124914537,1.6158666697277713,301.46428206040173,-0.03810700306518994,-0.0803874586326092,-0.04228045556741926,1.0,0.011955596934575466,1.1535397409253678e-12,2.3,0.0021570812683240547,0.31117446107790614,0.00815004383078162,0.0008234132629731508,0.30696591094118375,0.11997724118143584,0.15558723053895307,1.75,5596017.28812043,0.023911193869150933,0.05576522979120083,-0.00407502191539081,-0.00407502191539081,0.00407502191539081,0.00407502191539081,-0.01630008766156324,-0.01630008766156324,0.0008234132629731508,0.14986279201124025,4.705691669152945e-09,0.6195668975794767
489.0,0.001274494582476532,14.547372133622796,117.4113751115576,57.239202674249796,16.259728428823472,15.0432742614873,7.196499224730823,1.616001045812188,301.46429016588405,-0.03810601674661277,-0.08038806768300802,-0.04228205093639525,1.0,0.011946162116088397,1.152629419330151e-12,2.3,0.002153678655792206,0.31116761690014905,0.008150625782907407,0.0008236293590253513,0.3069784321530481,0.11998155364659882,0.15558380845007452,1.75,5596053.710264424,0.023892324232176795,0.05575890951370962,-0.004075312891453704,-0.004075312891453704,0.004075312891453704,0.004075312891453704,-0.016301251565814814,-0.016301251565814814,0.0008236293590253513,0.14986279201124025,4.705691669152945e-09,0.6208413653622984
490.0,0.0012745481081347016,14.545133170909159,117.41631400062845,57.24259129779781,16.261581365045938,15.045495517050385,7.196698753263565,1.616135178944647,301.46429826127746,-0.03810503125114577,-0.08038867550476846,-0.04228364425362269,1.0,0.011936768409308315,1.151723064411637e-12,2.3,0.002150290862325786,0.3111607371865239,0.008151205248933285,0.0008238444761748535,0.30699093572351505,0.11998586043592716,0.15558036859326194,1.75,5596090.3219387075,0.02387353681861663,0.05575259820248938,-0.004075602624466643,-0.004075602624466643,0.004075602624466643,0.004075602624466643,-0.01630241049786657,-0.01630241049786657,0.0008238444761748535,0.14986279201124025,4.705691669152945e-09,0.622115886707604
491.0,0.0012746015598991218,14.542898264963132,117.4212421415009,57.245976441848185,16.263428797168277,15.047710146352074,7.19689771248056,1.616269069538409,301.4643063465076,-0.038104046587857696,-0.08038928209690498,-0.04228523550904728,1.0,0.011927415472449184,1.1508206431924862e-12,2.3,0.0021469178037787735,0.311153822406202,0.008151782248098203,0.0008240586225556929,0.30700342159726685,0.11999016152314311,0.155576911203101,1.75,5596127.120653013,0.02385483094489837,0.05574629587541969,-0.004075891124049102,-0.004075891124049102,0.004075891124049102,0.004075891124049102,-0.016303564496196406,-0.016303564496196406,0.0008240586225556929,0.14986279201124025,4.705691669152945e-09,0.6233904615416209
492.0,0.0012746549375311335,14.540667417582723,117.4261595518695,57.2493580814406,16.26527076250984,15.049918189625101,7.197096104343133,1.616402718005798,301.46431442150134,-0.038103062765720674,-0.08038988745847656,-0.04228682469275588,1.0,0.011918102966659998,1.1499221229785473e-12,2.3,0.0021435593965649564,0.3111468730247607,0.00815235679947893,0.0008242718062323708,0.30701588971985433,0.11999445688234707,0.15557343651238034,1.75,5596164.103936119,0.023836205933319997,0.055740002550079576,-0.004076178399739465,-0.004076178399739465,0.004076178399739465,0.004076178399739465,-0.01630471359895786,-0.01630471359895786,0.0008242718062323708,0.14986279201124025,4.705691669152945e-09,0.6246650897903361
493.0,0.0012747082407981198,14.538440630392193,117.43106624951328,57.25273619209057,16.26710729788016,15.0521196865993,7.19729393080149,1.6165361247575973,301.46432248618737,-0.038102079793550694,-0.08039049158861451,-0.04228841179506382,1.0,0.01190883055767265,1.1490274715178505e-12,2.3,0.0021402155577414945,0.3111398895020539,0.008152928921905915,0.0008244840351615693,0.3070283400382643,0.1199987464882513,0.15556994475102695,1.75,5596201.26934718,0.0238176611153453,0.05573371824355035,-0.004076464460952957,-0.004076464460952957,0.004076464460952957,0.004076464460952957,-0.01630585784381183,-0.01630585784381183,0.0008244840351615693,0.14986279201124025,4.705691669152945e-09,0.6259397713795007
494.0,0.0012747614694710837,14.536217904914677,117.43596225225284,57.25611074959742,16.268938439777937,15.054314676697699,7.1974911937994515,1.6166692902036734,301.4643305404952,-0.03810109768006931,-0.08039109448649326,-0.04228999680642395,1.0,0.011899597914084258,1.148136656834879e-12,2.3,0.002136886204915404,0.31113287229441566,0.00815349863405127,0.0008246953172320998,0.3070407725003305,0.12000303031593658,0.15556643614720783,1.75,5596238.614464,0.023799195828168515,0.05572744297261965,-0.004076749317025635,-0.004076749317025635,0.004076749317025635,0.004076749317025635,-0.01630699726810254,-0.01630699726810254,0.0008246953172320998,0.14986279201124025,4.705691669152945e-09,0.6272145062346354
495.0,0.0012748146233269421,14.533999242504366,117.44084757798933,57.25948173022535,16.270764224204484,15.0565031988522,7.197687895269844,1.61680221475239,301.464338584356,-0.03810011643384545,-0.08039169615135743,-0.042291579717511976,1.0,0.011890404708965222,1.1472496473857213e-12,2.3,0.0021335712563261625,0.31112582185257315,0.008154065954346682,0.00082490566022752,0.3070531870552889,0.12000730834108031,0.15556291092628657,1.75,5596276.136894139,0.023780809417930444,0.05572117675358923,-0.004077032977173341,-0.004077032977173341,0.004077032977173341,0.004077032977173341,-0.016308131908693364,-0.016308131908693364,0.00082490566022752,0.14986279201124025,4.705691669152945e-09,0.6284892942810344
496.0,0.0012748677021461236,14.53178464441721,117.44572224466337,57.26284911051576,16.272584686857826,15.058685291695035,7.197884037139192,1.616934898811215,301.464346617702,-0.0380991360633557,-0.08039229658249344,-0.04229316051913774,1.0,0.011881250618183245,1.1463664118963658e-12,2.3,0.002130270630753395,0.31111873862381195,0.008154630901069274,0.0008251150718651337,0.3070655836531988,0.12001158053971915,0.15555936931190598,1.75,5596313.834263392,0.02376250123636649,0.05571491960247379,-0.004077315450534637,-0.004077315450534637,0.004077315450534637,0.004077315450534637,-0.01630926180213855,-0.01630926180213855,0.0008251150718651337,0.14986279201124025,4.705691669152945e-09,0.629764135443771
497.0,0.0012749207057148272,14.529574111744905,117.45058627029232,57.26621286746422,16.274399862950713,15.060860993378787,7.198079621323158,1.6170673427861495,301.4643546404669,-0.03809815657692749,-0.08039289577925585,-0.04229473920232835,1.0,0.011872135321972612,1.1454869195141108e-12,2.3,0.0021269842475983417,0.3111116230499243,0.008155193492261464,0.000825323559759494,0.3070779622454873,0.12001584688847146,0.15555581152496215,1.75,5596351.704226703,0.023744270643945225,0.055708671534813764,-0.004077596746130732,-0.004077596746130732,0.004077596746130732,0.004077596746130732,-0.016310386984522928,-0.016310386984522928,0.000825323559759494,0.14986279201124025,4.705691669152945e-09,0.6310390296477014
498.0,0.001274973633822682,14.527367645483718,117.4554396729308,57.26957297833702,16.276209787399978,15.063030341763357,7.198274649731179,1.6171995470823204,301.46436265258546,-0.038097177982798026,-0.08039349374103971,-0.042296315758241686,1.0,0.011863058503298295,1.144611139649726e-12,2.3,0.002123712026792958,0.3111044755693375,0.008155753745814813,0.0008255311314604841,0.30709032278438503,0.12002010736430567,0.15555223778466876,1.75,5596389.744456845,0.02372611700659659,0.05570243256586898,-0.004077876872907406,-0.004077876872907406,0.004077876872907406,0.004077876872907406,-0.016311507491629625,-0.016311507491629625,0.0008255311314604841,0.14986279201124025,4.705691669152945e-09,0.6323139768174701
499.0,0.0012750264862649353,14.525165246470246,117.46028247070667,57.272929420844235,16.278014494649,15.065193374240183,7.198469124261956,1.6173315121034202,301.4643706539939,-0.03809620028905867,-0.08039409046730614,-0.04229789017824747,1.0,0.011854019849388156,1.1437390421252886e-12,2.3,0.0021204538888802147,0.31109729661509256,0.008156311679391723,0.0008257377944176689,0.3071026652234565,0.1200243619447574,0.15554864830754628,1.75,5596427.952655171,0.02370803969877631,0.0556962027104364,-0.004078155839695861,-0.004078155839695861,0.004078155839695861,0.004078155839695861,-0.016312623358783446,-0.016312623358783446,0.0008257377944176689,0.14986279201124025,4.705691669152945e-09,0.6335889768775139
500.0,0.0012750792628401814,14.522966915448396,117.46511468178286,57.27628217296032,16.279814018852406,15.067350127914812,7.198663046808043,1.6174632382522898,301.4643786446294,-0.03809522350371254,-0.08039468595755553,-0.04229946245384299,1.0,0.011845019050135835,1.142870597020083e-12,2.3,0.0021172097549245644,0.3110900866169423,0.008156867310507326,0.0008259435560174844,0.30711498951704724,0.12002861060770353,0.15554504330847116,1.75,5596466.326540452,0.02369003810027167,0.055689981983038664,-0.004078433655253663,-0.004078433655253663,0.004078433655253663,0.004078433655253663,-0.016313734621014653,-0.016313734621014653,0.0008259435560174844,0.14986279201124025,4.705691669152945e-09,0.6348640297520665
501.0,0.0012751319633525077,14.520772653006864,117.46993632439211,57.2796312130933,16.281608393702893,15.069500639435285,7.1988564192513875,1.617594725930368,301.4643866244307,-0.038094247634620264,-0.08039528021135234,-0.042301032576732074,1.0,0.011836055799596214,1.1420057748148928e-12,2.3,0.00211397954659103,0.31108284599936104,0.008157420656453068,0.0008261484235484312,0.3071272956208052,0.12003285333157393,0.15554142299968052,1.75,5596504.86385947,0.023672111599192427,0.05568377039774666,-0.004078710328226534,-0.004078710328226534,0.004078710328226534,0.004078710328226534,-0.016314841312906135,-0.016314841312906135,0.0008261484235484312,0.14986279201124025,4.705691669152945e-09,0.6361391353651628
502.0,0.0012751845876092516,14.518582459644334,117.4747474168001,57.28297651990943,16.283397652611423,15.071644945170371,7.199049243467865,1.6177259755382616,301.46439459333726,-0.03809327268955622,-0.08039587322829911,-0.042302600538742886,1.0,0.011827129794426997,1.1411445462416361e-12,2.3,0.0021107631860570538,0.3110755751836059,0.008157971734376596,0.0008263524042373791,0.3071395834911398,0.12003709009513101,0.15553778759180295,1.75,5596543.562376044,0.023654259588853994,0.05567756796836319,-0.004078985867188298,-0.004078985867188298,0.004078985867188298,0.004078985867188298,-0.016315943468753192,-0.016315943468753192,0.0008263524042373791,0.14986279201124025,4.705691669152945e-09,0.6374142936406436
503.0,0.0012752371354230964,14.516396335708626,117.4795479773389,57.28631807249859,16.285181828538242,15.073783081041986,7.1992415213228655,1.6178569874752087,301.46440255129033,-0.03809229867615547,-0.08039646500806055,-0.042304166331905084,1.0,0.011818240735348009,1.1402868824241657e-12,2.3,0.0021075605960905112,0.31106827458576186,0.00815852056120717,0.0008265555052155793,0.3071518530857301,0.12004132087767644,0.15553413729288093,1.75,5596582.419881438,0.023636481470696018,0.05567137470825006,-0.004079260280603585,-0.004079260280603585,0.004079260280603585,0.004079260280603585,-0.01631704112241434,-0.01631704112241434,0.0008265555052155793,0.14986279201124025,4.705691669152945e-09,0.6386895045021598
504.0,0.0012752896066099279,14.514214281460168,117.4843380243716,57.28965585020285,16.286960954168695,15.075915082699263,7.199433254675782,1.6179877621396328,301.4644104982316,-0.03809132560196876,-0.08039705555033819,-0.042305729948369425,1.0,0.011809388325620514,1.1394327547315461e-12,2.3,0.002104371699962797,0.31106094461876593,0.008159067153733669,0.0008267577335541171,0.30716410436299657,0.12004554565883584,0.15553047230938297,1.75,5596621.434183589,0.023618776651241027,0.05566519063050711,-0.0040795335768668345,-0.0040795335768668345,0.0040795335768668345,0.0040795335768668345,-0.016318134307467338,-0.016318134307467338,0.0008267577335541171,0.14986279201124025,4.705691669152945e-09,0.6399647678731762
505.0,0.0012753420009908147,14.512036297012767,117.48911757632426,57.29298983277815,16.288735061748362,15.078040985354882,7.199624445375647,1.6181182999286219,301.46441843410474,-0.03809035347441065,-0.08039764485489387,-0.04230729138048322,1.0,0.011800572272471159,1.138582134915443e-12,2.3,0.002101196421525738,0.311053585690488,0.008159611528531752,0.0008269590962307255,0.3071763372825976,0.12004976441876074,0.155526792845244,1.75,5596660.603117318,0.023601144544942318,0.05565901574780377,-0.004079805764265876,-0.004079805764265876,0.004079805764265876,0.004079805764265876,-0.016319223057063504,-0.016319223057063504,0.0008269590962307255,0.14986279201124025,4.705691669152945e-09,0.6412400836769766
506.0,0.0012753943183899552,14.509862382395363,117.4938866516521,57.296320000226764,16.290504183254583,15.080160823955044,7.199815095265567,1.6182486012384676,301.46442635885364,-0.03808938230081331,-0.08039823292152512,-0.04230885062071181,1.0,0.01179179228560802,1.1377349949669437e-12,2.3,0.002098034685125994,0.3110461982057187,0.008160153702040023,0.0008271596001643936,0.30718855180491494,0.12005397713791831,0.15552309910285936,1.75,5596699.924533752,0.02358358457121604,0.055652850072553446,-0.004080076851020012,-0.004080076851020012,0.004080076851020012,0.004080076851020012,-0.016320307404080046,-0.016320307404080046,0.0008271596001643936,0.14986279201124025,4.705691669152945e-09,0.642515451836667
507.0,0.0012754465586366144,14.507692537494433,117.49864526887005,57.299646332955355,16.292268350235616,15.08227463301967,7.200005206178412,1.6183786664641553,301.46443427242417,-0.03808841208837577,-0.08039881975008795,-0.04231040766171218,1.0,0.011783048078610423,1.1368913072506546e-12,2.3,0.0020948864156808424,0.31103878256428,0.008160693690488897,0.0008273592521829655,0.3072007478915378,0.12005818379728832,0.15551939128214,1.75,5596739.396310381,0.023566096157220846,0.055646693616749454,-0.0040803468452444485,-0.0040803468452444485,0.0040803468452444485,0.0040803468452444485,-0.016321387380977794,-0.016321387380977794,0.0008273592521829655,0.14986279201124025,4.705691669152945e-09,0.6437908722751803
508.0,0.0012754987215630982,14.505526762114073,117.50339344652029,57.302968811611144,16.294027593977965,15.084382446808345,7.200194779941194,1.6185084959998928,301.46444217476255,-0.03808744284421653,-0.08039940534047295,-0.04231196249625642,1.0,0.011774339367480544,1.136051044364951e-12,2.3,0.002091751538593969,0.31103133916298253,0.008161231509974961,0.00082755805905693,0.30721292550475937,0.12006238437815842,0.15551566958149127,1.75,5596779.0163406385,0.02354867873496109,0.05564054639213495,-0.004080615754987481,-0.004080615754987481,0.004080615754987481,0.004080615754987481,-0.016322463019949923,-0.016322463019949923,0.00082755805905693,0.14986279201124025,4.705691669152945e-09,0.6450663449152801
509.0,0.0012755508070066508,14.503365055919925,117.5081312032016,57.306287417236426,16.295781945349468,15.086484299164274,7.200383818370806,1.6186380902386115,301.46445006581683,-0.03808647457532391,-0.08039998969262735,-0.04231351511730344,1.0,0.01176566587199998,1.1352141792728676e-12,2.3,0.0020886299798300333,0.3110238683937695,0.008161767176391553,0.0008277560274677853,0.3072250846080498,0.1200665788623158,0.15551193419688475,1.75,5596818.782543786,0.02353133174399996,0.05563440841004305,-0.004080883588195776,-0.004080883588195776,0.004080883588195776,0.004080883588195776,-0.016323534352783105,-0.016323534352783105,0.0008277560274677853,0.14986279201124025,4.705691669152945e-09,0.646341869679565
510.0,0.001275602814807486,14.50120741849769,117.51285855753814,57.30960213110848,16.29753143496254,15.088580223676365,7.200572323278361,1.6187674495724824,301.46445794553534,-0.03808550728860753,-0.08040057280653191,-0.04231506551792438,1.0,0.011757027314315958,1.1343806851656869e-12,2.3,0.0020855216658317017,0.31101637064563653,0.008162300705501316,0.0008279531640410314,0.3072372251655655,0.12007076723184767,0.15550818532281827,1.75,5596858.692854686,0.023514054628631917,0.05562827968156243,-0.004081150352750658,-0.004081150352750658,0.004081150352750658,0.004081150352750658,-0.016324601411002632,-0.016324601411002632,0.0008279531640410314,0.14986279201124025,4.705691669152945e-09,0.647617446490472
511.0,0.0012756547448106422,14.499053849298559,117.51757552820764,57.31291293489059,16.29927609302109,15.090670253526792,7.2007602964649635,1.6188965743924282,301.4644658138682,-0.038084540990849784,-0.08040115468222234,-0.04231661369137255,1.0,0.011748423420265615,1.1335505355907141e-12,2.3,0.0020824265235932695,0.3110088463028046,0.008162832112868439,0.000828149475315271,0.3072493471426119,0.12007494946932838,0.1555044231514023,1.75,5596898.745233535,0.02349684684053123,0.05562216021738166,-0.004081416056434219,-0.004081416056434219,0.004081416056434219,0.004081416056434219,-0.016325664225736877,-0.016325664225736877,0.000828149475315271,0.14986279201124025,4.705691669152945e-09,0.6488930752702811
512.0,0.0012757065968640236,14.496904347696114,117.52228213391149,57.31621981047553,16.30101594947978,15.0927544216493,7.200947739726007,1.6190254650886282,301.46447367076615,-0.038083575688756116,-0.0804017353197667,-0.042318159631010585,1.0,0.011739853917995967,1.1327237043181243e-12,2.3,0.0020793444805788886,0.3110012957466164,0.008163361413929496,0.0008283449677744367,0.307261450505161,0.12007912555762452,0.1555006478733082,1.75,5596938.937655767,0.023479707835991934,0.05561605002795032,-0.004081680706964748,-0.004081680706964748,0.004081680706964748,0.004081680706964748,-0.01632672282785899,-0.01632672282785899,0.0008283449677744367,0.14986279201124025,4.705691669152945e-09,0.6501687559411184
513.0,0.0012757583708202765,14.494758912933282,117.52697839340152,57.31952274013321,16.30275103389466,15.09483276058033,7.201134654846998,1.6191541220500416,301.46448151618097,-0.038082611388907575,-0.08040231471928638,-0.04231970333037881,1.0,0.011731318539256564,1.131900165465683e-12,2.3,0.0020762754647950807,0.31099371935373227,0.008163888623927277,0.0008285396478176067,0.30727353522030637,0.12008329548007757,0.15549685967686613,1.75,5596979.268121658,0.023462637078513128,0.055609949123327625,-0.004081944311963639,-0.004081944311963639,0.004081944311963639,0.004081944311963639,-0.016327777247854555,-0.016327777247854555,0.0008285396478176067,0.14986279201124025,4.705691669152945e-09,0.6514444884249606
514.0,0.0012758100665348161,14.492617544177685,117.5316643254516,57.322821706357665,16.304481375578558,15.096905302613619,7.201321043607794,1.6192825456649005,301.4644893500657,-0.03808164809781002,-0.08040289288093418,-0.04232124478312416,1.0,0.011722817018052346,1.1310798933687687e-12,2.3,0.0020732194047102244,0.31098611749799615,0.008164413757979952,0.0008287335217904778,0.30728560125579085,0.12008745922031393,0.15549305874899808,1.75,5597019.73464639,0.023445634036104692,0.05560385751333924,-0.004082206878989976,-0.004082206878989976,0.004082206878989976,0.004082206878989976,-0.016328827515959904,-0.016328827515959904,0.0008287335217904778,0.14986279201124025,4.705691669152945e-09,0.6527202726436382
515.0,0.0012758616838676907,14.490480240470022,117.53633994888315,57.32611669201141,16.306207003455345,15.098972079654805,7.201506907778482,1.6194107363202435,301.4644971723741,-0.03808068582184768,-0.08040346980491443,-0.04232278398306675,1.0,0.01171434909190575,1.1302628627021468e-12,2.3,0.002070176229326029,0.31097849054866206,0.008164936831016448,0.0008289265959558914,0.3072976485804504,0.12009161676242289,0.15548924527433103,1.75,5597060.335269497,0.0234286981838115,0.05559777520742992,-0.004082468415508224,-0.004082468415508224,0.004082468415508224,0.004082468415508224,-0.016329873662032895,-0.016329873662032895,0.0008289265959558914,0.14986279201124025,4.705691669152945e-09,0.6539961085188395
516.0,0.0012759132226816462,14.488347000777935,117.5410052825379,57.32940768017587,16.307927946211553,15.10103312337241,7.201692249123568,1.6195386944023977,301.46450498306115,-0.03807972456733134,-0.08040404549146192,-0.04232432092413058,1.0,0.011705914500541516,1.1294490483530721e-12,2.3,0.0020671458680982307,0.3109708388722294,0.008165457857844024,0.000829118876524563,0.30730967716375357,0.12009576809077127,0.1554854194361147,1.75,5597101.068045093,0.02341182900108303,0.055591702214816144,-0.004082728928922012,-0.004082728928922012,0.004082728928922012,0.004082728928922012,-0.01633091571568805,-0.01633091571568805,0.000829118876524563,0.14986279201124025,4.705691669152945e-09,0.6552719959721142
517.0,0.0012759646828439414,14.486217823945791,117.54566034530235,57.33269465429247,16.309644232154167,15.103088465055826,7.201877069397897,1.6196664202965234,301.4645127820827,-0.03807876434045281,-0.08040461994086136,-0.042325855600408545,1.0,0.011697512987118696,1.1286384255401607e-12,2.3,0.00206412825100704,0.31096316283069664,0.008165976853085117,0.0008293103696262998,0.30732168697623485,0.12009991319017706,0.15548158141534832,1.75,5597141.931051169,0.023395025974237392,0.05558563854434274,-0.004082988426542558,-0.004082988426542558,0.004082988426542558,0.004082988426542558,-0.016331953706170233,-0.016331953706170233,0.0008293103696262998,0.14986279201124025,4.705691669152945e-09,0.656547934924877
518.0,0.0012760160642244752,14.48409270874709,117.55030515608165,57.335977598016434,16.311355889358552,15.105138135762784,7.2020613703507985,1.6197939143870843,301.4645205693956,-0.03807780514733219,-0.08040519315342695,-0.042327388006094764,1.0,0.011689144296947014,1.1278309696895366e-12,2.3,0.002061123308478988,0.31095546278336694,0.008166493831243338,0.000829501081340009,0.30733367798904543,0.12010405204572881,0.15547773139168347,1.75,5597182.92237998,0.023378288593894028,0.05557958420463148,-0.004083246915621669,-0.004083246915621669,0.004083246915621669,0.004083246915621669,-0.016332987662486677,-0.016332987662486677,0.000829501081340009,0.14986279201124025,4.705691669152945e-09,0.6578239252984112
519.0,0.0012760673666975338,14.481971653835622,117.55493973382305,57.339256495354746,16.313062945529733,15.107182166180664,7.202245153722054,1.6199211770574018,301.4645283449576,-0.038076846993973214,-0.08040576512952134,-0.04232891813554813,1.0,0.011680808178689007,1.1270266565508213e-12,2.3,0.0020581309714563845,0.31094773908513007,0.008167008806641824,0.0008296910176655897,0.30734565017437565,0.12010818464295507,0.15547386954256504,1.75,5597224.040147197,0.023361616357378014,0.05557353920394152,-0.004083504403320912,-0.004083504403320912,0.004083504403320912,0.004083504403320912,-0.01633401761328365,-0.01633401761328365,0.0008296910176655897,0.14986279201124025,4.705691669152945e-09,0.6590999670138722
520.0,0.0012761185901399908,14.479854657796418,117.55956409749075,57.34253133052312,16.31476542814667,15.10922058677047,7.202428421245994,1.6200482086901176,301.4645361087275,-0.0380758898863095,-0.08040633586953555,-0.04233044598322605,1.0,0.011672504383108096,1.1262254620763403e-12,2.3,0.002055151171320359,0.3109399920882435,0.00816752179348766,0.0008298801845532359,0.3073576035050147,0.12011231096764763,0.15546999604412176,1.75,5597265.282482419,0.02334500876621619,0.05556750355031401,-0.00408376089674383,-0.00408376089674383,0.00408376089674383,0.00408376089674383,-0.01633504358697532,-0.01633504358697532,0.0008298801845532359,0.14986279201124025,4.705691669152945e-09,0.660376059992291
521.0,0.0012761697344329831,14.477741719098296,117.5641782660885,57.34580208808105,16.316463364326964,15.111253427631436,7.202611174647507,1.6201750096667533,301.4645438606649,-0.038074933830161,-0.08040690537390763,-0.04233197154374663,1.0,0.011664232664240836,1.1254273625342295e-12,2.3,0.0020521838399593004,0.3109322221406303,0.008168032805811664,0.0008300685878759843,0.30736953795476746,0.1201164310060273,0.15546611107031516,1.75,5597306.647538237,0.023328465328481672,0.05556147725143634,-0.004084016402905832,-0.004084016402905832,0.004084016402905832,0.004084016402905832,-0.01633606561162333,-0.01633606561162333,0.0008300685878759843,0.14986279201124025,4.705691669152945e-09,0.6616522041545775
522.0,0.0012762207994601817,14.475632836143387,117.56878225863542,57.34906875279181,16.318156780967588,15.113280718641596,7.202793415646097,1.6203015803681664,301.4645516007304,-0.03807397883127907,-0.08040747364310309,-0.042333494811824024,1.0,0.011655992778175603,1.1246323343905945e-12,2.3,0.0020492289096929782,0.3109244295876427,0.00816854185753132,0.0008302562334583348,0.30738145349802126,0.1201205447445715,0.15546221479382136,1.75,5597348.13348085,0.023311985556351205,0.055555460314782895,-0.00408427092876566,-0.00408427092876566,0.00408427092876566,0.00408427092876566,-0.01633708371506264,-0.01633708371506264,0.0008302562334583348,0.14986279201124025,4.705691669152945e-09,0.662928399421524
523.0,0.0012762717851094174,14.47352800722098,117.57337609418751,57.35233130975455,16.319845704612877,15.115302489325554,7.202975145951933,1.6204279211741184,301.4645593288854,-0.038073024895303925,-0.08040804067763294,-0.04233501578232901,1.0,0.011647784484196953,1.1238403544199259e-12,2.3,0.0020462863133401117,0.31091661477038335,0.008169048962391979,0.0008304431270494366,0.3073933501101529,0.12012465217017565,0.15545830738519167,1.75,5597389.738498994,0.023295568968393906,0.05554945274748288,-0.004084524481195989,-0.004084524481195989,0.004084524481195989,0.004084524481195989,-0.016338097924783957,-0.016338097924783957,0.0008304431270494366,0.14986279201124025,4.705691669152945e-09,0.6642046457138089
524.0,0.001276322691270973,14.471427230555724,117.5779597918148,57.35558974426752,16.321530161591884,15.117318768991796,7.203156367269858,1.6205540324637187,301.4645670450923,-0.03807207202780876,-0.08040860647803476,-0.042336534450226,1.0,0.011639607543592919,1.1230513995900203e-12,2.3,0.002043355984143609,0.310908778027434,0.008169554134028268,0.0008306292743510374,0.3074052277671073,0.12012875326998523,0.155454389013717,1.75,5597431.46079475,0.023279215087185837,0.0555434545564574,-0.004084777067014134,-0.004084777067014134,0.004084777067014134,0.004084777067014134,-0.016339108268056537,-0.016339108268056537,0.0008306292743510374,0.14986279201124025,4.705691669152945e-09,0.6654809429519991
525.0,0.0012763735178391883,14.469330504262716,117.58253337062158,57.35884404195704,16.32321017788952,15.119329586603511,7.203337081295491,1.6206799146150053,301.46457474931447,-0.03807112023425814,-0.0804091710448902,-0.042338050810632064,1.0,0.01163146172077246,1.1222654471697975e-12,2.3,0.0020404378558370666,0.31090091969321565,0.008170057385906709,0.0008308146809913003,0.3074170864457934,0.12013284803155329,0.15545045984660782,1.75,5597473.298592264,0.02326292344154492,0.05553746574829083,-0.0040850286929533545,-0.0040850286929533545,0.0040850286929533545,0.0040850286929533545,-0.016340114771813418,-0.016340114771813418,0.0008308146809913003,0.14986279201124025,4.705691669152945e-09,0.6667572910565542
526.0,0.001276424264710821,14.467237826394381,117.58709684972474,57.362094188643916,16.324885779280585,15.1213349709127,7.203517289719186,1.6208055680053775,301.4645824415158,-0.03807016952005109,-0.08040973437880664,-0.04233956485875554,1.0,0.011623346782101411,1.1214824746169881e-12,2.3,0.002037531862571154,0.31089304009967994,0.008170558731385695,0.0008309993525520909,0.30742892612367423,0.1201369364426763,0.15544652004983997,1.75,5597515.250128753,0.023246693564202822,0.055531486329364166,-0.004085279365692847,-0.004085279365692847,0.004085279365692847,0.004085279365692847,-0.01634111746277139,-0.01634111746277139,0.0008309993525520909,0.14986279201124025,4.705691669152945e-09,0.6680336899478292
527.0,0.001276474931786556,14.46514919489683,117.59165024827301,57.36534017046948,16.326556991204072,15.123334950334037,7.203696994222173,1.6209309930111848,301.4645901216615,-0.038069219890480455,-0.08041029648043406,-0.042341076589953605,1.0,0.011615262496992792,1.1207024596833301e-12,2.3,0.002034637938979305,0.3108851395746967,0.008171058183659397,0.0008311832945434147,0.3074407467791518,0.12014101849154804,0.15544256978734836,1.75,5597557.31366308,0.023230524993985584,0.05552551630572997,-0.004085529091829698,-0.004085529091829698,0.004085529091829698,0.004085529091829698,-0.016342116367318794,-0.016342116367318794,0.0008311832945434147,0.14986279201124025,4.705691669152945e-09,0.6693101395460779
528.0,0.001276525518969446,14.463064607655406,117.59619358542625,57.36858197376498,16.328223838893894,15.125329553075813,7.203876196480479,1.6210561900081515,301.4645977897171,-0.038068271350774986,-0.08041085735044731,-0.042342585999672326,1.0,0.011607208636771088,1.119925380304991e-12,2.3,0.0020317560201050275,0.31087721844372307,0.00817155575581638,0.00083136651243006,0.3074525483911676,0.12014509416659942,0.15543860922186153,1.75,5597599.48746688,0.023214417273542176,0.05551955568324204,-0.00408577787790819,-0.00408577787790819,0.00408577787790819,0.00408577787790819,-0.01634311151163276,-0.01634311151163276,0.00083136651243006,0.14986279201124025,4.705691669152945e-09,0.6705866397714558
529.0,0.0012765760261663622,14.460984062452289,117.60072688037384,57.37181958517484,16.329886347256263,15.127318807016755,7.204054898161114,1.621181159370973,301.4646054456496,-0.03806732390605967,-0.08041141698956258,-0.04234409308350291,1.0,0.011599184975736027,1.1191512147052048e-12,2.3,0.0020288860414666493,0.3108692770282109,0.008172051460784816,0.00083154901160663,0.30746433093957953,0.12014916345664865,0.15543463851410544,1.75,5597641.7698330255,0.023198369951472054,0.055513604467433815,-0.004086025730392408,-0.004086025730392408,0.004086025730392408,0.004086025730392408,-0.016344102921569632,-0.016344102921569632,0.00083154901160663,0.14986279201124025,4.705691669152945e-09,0.6718631905440238
530.0,0.001276626453286492,14.458907557010777,117.60525015231492,57.375052991528975,16.331544540997257,15.129302739833927,7.204233100925939,1.6213059014737323,301.4646130894262,-0.03806637756139682,-0.08041197539852003,-0.04234559783712321,1.0,0.011591191290054181,1.1183799412873291e-12,2.3,0.002026027938985821,0.31086131564724945,0.008172545311389707,0.0008317307974235697,0.30747609440476936,0.12015322635074503,0.15543065782362472,1.75,5597684.159066893,0.023182382580108362,0.0555076626636446,-0.004086272655694854,-0.004086272655694854,0.004086272655694854,0.004086272655694854,-0.016345090622779414,-0.016345090622779414,0.0008317307974235697,0.14986279201124025,4.705691669152945e-09,0.6731397917837502
531.0,0.0012766768002427627,14.456835088954042,117.6097634204758,57.37828217996325,16.333198444503132,15.131281378882367,7.2044108064279,1.621430416689505,301.4646207210153,-0.03806543232174734,-0.0804125325780998,-0.04234710025635246,1.0,0.01158322735879779,1.1176115387350752e-12,2.3,0.002023181649051283,0.31085333461600334,0.008173037320299404,0.0008319118751627712,0.3074878387680144,0.12015728283831494,0.15542666730800167,1.75,5597726.653494675,0.02316645471759558,0.0555017302769011,-0.004086518660149702,-0.004086518660149702,0.004086518660149702,0.004086518660149702,-0.01634607464059881,-0.01634607464059881,0.0008319118751627712,0.14986279201124025,4.705691669152945e-09,0.6744164434105148
532.0,0.0012767270669503173,14.45476665584822,117.61426670409122,57.381507137794635,16.334848081964825,15.133254751320065,7.204588016314856,1.6215547053907666,301.46462834038596,-0.038064488192010866,-0.08041308852910524,-0.04234860033709437,1.0,0.011575292962862267,1.1168459859080646e-12,2.3,0.002020347108448407,0.3108453342473256,0.00817352750008145,0.0008320922500630009,0.3074995640110997,0.12016133290901018,0.1554226671236628,1.75,5597769.251454792,0.023150585925724533,0.05549580731204041,-0.004086763750040725,-0.004086763750040725,0.004086763750040725,0.004086763750040725,-0.0163470550001629,-0.0163470550001629,0.0008320922500630009,0.14986279201124025,4.705691669152945e-09,0.6756931453441113
533.0,0.0012767772533279738,14.452702255162308,117.61876002242087,57.3847278526391,16.33649347726116,15.135222883990373,7.204764732225848,1.6216787679490041,301.464635947508,-0.038063545176987824,-0.08041364325237836,-0.04235009807539054,1.0,0.011567387885980357,1.1160832619396795e-12,2.3,0.0020175242544220938,0.3108373148502154,0.008174015863150383,0.0008322719272960673,0.3075112701166834,0.12016537655285009,0.1554186574251077,1.75,5597811.951306106,0.023134775771960714,0.0554898937735948,-0.004087007931575191,-0.004087007931575191,0.004087007931575191,0.004087007931575191,-0.016348031726300765,-0.016348031726300765,0.0008322719272960673,0.14986279201124025,4.705691669152945e-09,0.6769698975042504
534.0,0.0012768273592967117,14.45064188431004,117.62324339473163,57.38794431228944,16.33813465408033,15.13718580354407,7.204940955794888,1.6218026047351166,301.4646435423521,-0.038062603281418854,-0.08041419674878364,-0.042351593467364786,1.0,0.011559511913665577,1.11532334613512e-12,2.3,0.0020147130246072707,0.31082927673141275,0.008174502421822263,0.0008324509119916568,0.3075229570679198,0.12016941376007342,0.15541463836570638,1.75,5597854.751419429,0.023119023827331154,0.055483989665911185,-0.0040872512109111315,-0.0040872512109111315,0.0040872512109111315,0.0040872512109111315,-0.016349004843644526,-0.016349004843644526,0.0008324509119916568,0.14986279201124025,4.705691669152945e-09,0.6782466998105627
535.0,0.001276877384781075,14.448585540610932,117.62771684031308,57.391156504830555,16.339771635805935,15.139143536324504,7.205116688647267,1.6219262161190349,301.46465112488977,-0.03806166250994758,-0.08041474901922291,-0.04235308650927533,1.0,0.011551664834202358,1.1145662180669393e-12,2.3,0.002011913357091032,0.31082122019387753,0.008174987188263691,0.0008326292092140561,0.3075346248488135,0.12017344452127708,0.15541061009693877,1.75,5597897.650185624,0.023103329668404716,0.055478094993039226,-0.0040874935941318455,-0.0040874935941318455,0.0040874935941318455,0.0040874935941318455,-0.016349974376527382,-0.016349974376527382,0.0008326292092140561,0.14986279201124025,4.705691669152945e-09,0.6795235521826016
536.0,0.0012769273297077279,14.446533221330965,117.63218037846075,57.39436441852003,16.34140444563551,15.141096108486845,7.2052919324033065,1.622049602470113,301.4646586950931,-0.038060722867159176,-0.08041530006461974,-0.04235457719746056,1.0,0.011543846437614313,1.1138118574754959e-12,2.3,0.0020091251903440366,0.31081314553835937,0.008175470174545061,0.0008328068239864105,0.30754627344385144,0.12017746882727176,0.15540657276917968,1.75,5597940.6460072445,0.023087692875228626,0.055472209758847514,-0.004087735087272531,-0.004087735087272531,0.004087735087272531,0.004087735087272531,-0.016350940349090123,-0.016350940349090123,0.0008328068239864105,0.14986279201124025,4.705691669152945e-09,0.6808004545398461
537.0,0.001276977194006801,14.44448492364474,117.63663402849069,57.39756804190082,16.343033106469328,15.143043545885844,7.205466688674702,1.622172764156756,301.464666252935,-0.03805978435754396,-0.08041584988593378,-0.04235606552838982,1.0,0.011536056516631261,1.1130602443622577e-12,2.3,0.002006348463281799,0.3108050530619002,0.008175951392590742,0.0008329837612679829,0.30755790283834905,0.12018148666921721,0.1554025265309501,1.75,5597983.73730651,0.023072113033262523,0.055466333966914735,-0.004087975696295371,-0.004087975696295371,0.004087975696295371,0.004087975696295371,-0.016351902785181484,-0.016351902785181484,0.0008329837612679829,0.14986279201124025,4.705691669152945e-09,0.6820774068017034
538.0,0.0012770269776105016,14.442440644675035,117.64107780972381,57.40076736368459,16.344657641026057,15.144985874192349,7.205640959068236,1.622295701546802,301.4646737983891,-0.03805884698553511,-0.08041639848414571,-0.0423575514986106,1.0,0.011528294865681738,1.1123113588925934e-12,2.3,0.002003583115197108,0.31079694305937516,0.008176430854231143,0.0008331600259778479,0.3075695130180928,0.12018549803848132,0.15539847152968758,1.75,5598026.922517099,0.023056589731363476,0.05546046762064271,-0.004088215427115571,-0.004088215427115571,0.004088215427115571,0.004088215427115571,-0.016352861708462285,-0.016352861708462285,0.0008331600259778479,0.14986279201124025,4.705691669152945e-09,0.683354408887512
539.0,0.001277076680454395,14.440400381455994,117.64551174149943,57.403962372861706,16.34627807173426,15.146923118783667,7.205814745182159,1.6224184150071597,301.46468133143,-0.038057910755473136,-0.08041694586027112,-0.042359035104797986,1.0,0.011520561281836894,1.1115651814868458e-12,2.3,0.0020008290858205316,0.31078881582202716,0.00817690857115401,0.0008333356229726856,0.30758110396967536,0.12018950292677218,0.15539440791101358,1.75,5598070.200091959,0.02304112256367379,0.055454610723150506,-0.004088454285577005,-0.004088454285577005,0.004088454285577005,0.004088454285577005,-0.01635381714230802,-0.01635381714230802,0.0008333356229726856,0.14986279201124025,4.705691669152945e-09,0.6846314607165445
540.0,0.0012771263024760893,14.438364130971598,117.64993584316046,57.407153058587305,16.347894420845243,15.14885530485736,7.205988048609864,1.6225409049041812,301.46468885203245,-0.03805697567164265,-0.08041749201534588,-0.04236051634370323,1.0,0.011512855563827312,1.110821692725468e-12,2.3,0.001998086315253664,0.3107806716389776,0.00817738455495527,0.0008335105570699184,0.3075926756801485,0.12019350132600061,0.1553903358194888,1.75,5598113.568495252,0.023025711127654624,0.05544876327738442,-0.004088692277477635,-0.004088692277477635,0.004088692277477635,0.004088692277477635,-0.01635476910991054,-0.01635476910991054,0.0008335105570699184,0.14986279201124025,4.705691669152945e-09,0.6859085622080097
541.0,0.0012771758436164711,14.4363318901199,117.65435013406643,57.41033941028889,16.349506710327184,15.150782457324166,7.2061608709363085,1.6226631716033058,301.46469636017264,-0.038056041738237664,-0.08041803695043959,-0.04236199521220192,1.0,0.011505177512964482,1.1100808734379336e-12,2.3,0.001995354744028814,0.3107725107957797,0.008177858817091486,0.0008336848330260179,0.3076042281373502,0.12019749322840878,0.15538625539788986,1.75,5598157.02621007,0.023010355025928964,0.055442925286015105,-0.004088929408545743,-0.004088929408545743,0.004088929408545743,0.004088929408545743,-0.016355717634182972,-0.016355717634182972,0.0008336848330260179,0.14986279201124025,4.705691669152945e-09,0.6871857132810559
542.0,0.0012772253038183829,14.434303655750385,117.6587546335791,57.41352141755476,16.35111496197523,15.152704600919126,7.206333213741645,1.6227852154694282,301.4647038558269,-0.038055108959397614,-0.08041858066664144,-0.042363471707243826,1.0,0.011497526932180806,1.1093427046101097e-12,2.3,0.001992634313043361,0.31076433357591776,0.008178331368929525,0.0008338584555591085,0.30761576132956386,0.12020147862643639,0.15538216678795888,1.75,5598200.571730444,0.02299505386436161,0.05543709675154437,-0.004089165684464762,-0.004089165684464762,0.004089165684464762,0.004089165684464762,-0.01635666273785905,-0.01635666273785905,0.0008338584555591085,0.14986279201124025,4.705691669152945e-09,0.6884629138547733
543.0,0.0012772746830278987,14.432279424629249,117.66314936107493,57.41669907023933,16.352719197308215,15.154621760097,7.20650507859768,1.6229070368665472,301.46471133897245,-0.038054177339173274,-0.08041912316507323,-0.042364945825899954,1.0,0.0114899036269293,1.1086071674710661e-12,2.3,0.0019899249636184425,0.3107561402593728,0.008178802221700083,0.0008340314293277752,0.30762727524584027,0.1202054575128461,0.1553780701296864,1.75,5598244.2035689885,0.0229798072538586,0.055431277676205246,-0.004089401110850041,-0.004089401110850041,0.004089401110850041,0.004089401110850041,-0.016357604443400165,-0.016357604443400165,0.0008340314293277752,0.14986279201124025,4.705691669152945e-09,0.6897401638481965
544.0,0.0012773239811929877,14.43025919347569,117.66753433593169,57.419872358354084,16.3543194376761,15.15653395914085,7.206676467071474,1.6230286361581259,301.4647188095871,-0.03805324688156212,-0.08041966444687566,-0.04236641756531354,1.0,0.011482307404246167,1.1078742434026266e-12,2.3,0.001987226637434351,0.3107479311240978,0.008179271386546222,0.0008342037589531454,0.3076387698756632,0.12020942988059277,0.1553739655620489,1.75,5598287.920249041,0.022964614808492333,0.05542546806206592,-0.004089635693273111,-0.004089635693273111,0.004089635693273111,0.004089635693273111,-0.016358542773092444,-0.016358542773092444,0.0008342037589531454,0.14986279201124025,4.705691669152945e-09,0.6910174631803069
545.0,0.0012773731982647502,14.428242958928177,117.67190957753976,57.423041272170416,16.355915704159127,15.1584412220598,7.206847380721828,1.623150013706749,301.4647262676497,-0.038052317590475025,-0.08042020451322093,-0.04236788692274591,1.0,0.011474738073629679,1.1071439140241686e-12,2.3,0.001984539276588435,0.3107397064446132,0.008179738874477946,0.0008343754489981802,0.3076502452092647,0.12021339572294587,0.1553698532223066,1.75,5598331.720312145,0.022949476147259357,0.05541966791093244,-0.004089869437238973,-0.004089869437238973,0.004089869437238973,0.004089869437238973,-0.01635947774895589,-0.01635947774895589,0.0008343754489981802,0.14986279201124025,4.705691669152945e-09,0.6922948117700357
546.0,0.0012774223341961656,14.426230717579715,117.6762751052898,57.42620580211314,16.357508017672725,15.16034357269518,7.207017821102852,1.6232711698744748,301.4647337131391,-0.03805138946977065,-0.0804207433652995,-0.04236935389552885,1.0,0.011467195446124448,1.1064161611042689e-12,2.3,0.0019818628235312562,0.31073146649345273,0.008180204696419642,0.0008345465039892499,0.3076617012372982,0.1202173550333623,0.15536573324672637,1.75,5598375.602310349,0.022934390892248895,0.05541387722444987,-0.004090102348209821,-0.004090102348209821,0.004090102348209821,0.004090102348209821,-0.016360409392839285,-0.016360409392839285,0.0008345465039892499,0.14986279201124025,4.705691669152945e-09,0.6935722095362662
547.0,0.00127747138894323,14.424222465945087,117.6806309385834,57.429365938861004,16.3590963988691,15.162241034620617,7.207187789760486,1.6233921050224986,301.46474114603546,-0.03805046252322303,-0.08042128100433227,-0.04237081848110924,1.0,0.011459679335179534,1.1056909666434982e-12,2.3,0.0019791972211238807,0.31072321153977894,0.008180668863165706,0.0008347169283959025,0.3076731379511455,0.12022130780560537,0.15536160576988947,1.75,5598419.564813583,0.022919358670359068,0.055408096004007736,-0.004090334431582853,-0.004090334431582853,0.004090334431582853,0.004090334431582853,-0.016361337726331412,-0.016361337726331412,0.0008347169283959025,0.14986279201124025,4.705691669152945e-09,0.6948496563978359
548.0,0.0012775203624637882,14.422218200495088,117.68497709682113,57.43252167324248,16.36068086823953,15.164133631245704,7.207357288236031,1.6235128195115005,301.4647485663191,-0.03804953675455523,-0.08042181743155764,-0.04237228067700241,1.0,0.011452189555755202,1.104968312788236e-12,2.3,0.0019765424125748688,0.31071494185081705,0.008181131385426846,0.0008348867266519398,0.30768455534259936,0.12022525403362054,0.15535747092540853,1.75,5598463.606402022,0.022904379111510404,0.05540232425083828,-0.004090565692713423,-0.004090565692713423,0.004090565692713423,0.004090565692713423,-0.016362262770853692,-0.016362262770853692,0.0008348867266519398,0.14986279201124025,4.705691669152945e-09,0.6961271522735394
549.0,0.0012775692547186386,14.42021791762474,117.68931359941287,57.43567299633421,16.362261446018415,15.166021385718437,7.207526318062708,1.6236333137013115,301.4647559739713,-0.03804861216740749,-0.08042235264824353,-0.04237374048083604,1.0,0.011444725925159573,1.1042481819113958e-12,2.3,0.0019738983414967328,0.31070665769047945,0.008181592273786778,0.0008350559031356541,0.30769595340416184,0.12022919371165229,0.15535332884523972,1.75,5598507.725673408,0.022889451850319147,0.05539656196592467,-0.004090796136893389,-0.004090796136893389,0.004090796136893389,0.004090796136893389,-0.016363184547573555,-0.016363184547573555,0.0008350559031356541,0.14986279201124025,4.705691669152945e-09,0.6974046970821306
550.0,0.0012776180656703497,14.418221613686518,117.69364046576646,57.43881989935897,16.363838152283066,15.167904321026443,7.207694880769146,1.6237535879512572,301.4647633689737,-0.038047688765370326,-0.0804228866556747,-0.04237519789030437,1.0,0.011437288262177528,1.1035305565283765e-12,2.3,0.00197126495184396,0.31069835932078427,0.008182051538747409,0.0008352244621904083,0.3077073321287346,0.12023312683412218,0.15534917966039213,1.75,5598551.921235504,0.022874576524355057,0.05539080915009644,-0.004091025769373704,-0.004091025769373704,0.004091025769373704,0.004091025769373704,-0.016364103077494817,-0.016364103077494817,0.0008352244621904083,0.14986279201124025,4.705691669152945e-09,0.6986822907423251
551.0,0.0012776667952843852,14.41622928495951,117.69795771529726,57.44196237378197,16.365411006860068,15.169782459901711,7.207862977875984,1.623873642619829,301.4647707513089,-0.03804676655195322,-0.08042341945516442,-0.042376652903211194,1.0,0.011429876387886662,1.1028154193757907e-12,2.3,0.001968642187968525,0.3106900470004988,0.00818250919068659,0.0008353924081053438,0.3077186915099109,0.12023705339574317,0.1553450235002494,1.75,5598596.191713309,0.022859752775773325,0.055385065803940314,-0.004091254595343295,-0.004091254595343295,0.004091254595343295,0.004091254595343295,-0.01636501838137318,-0.01636501838137318,0.0008353924081053438,0.14986279201124025,4.705691669152945e-09,0.6999599331728025
552.0,0.0012777154435279327,14.41424092768168,117.70226536741767,57.44510041121114,16.366980029422663,15.171655824919469,7.208030610899321,1.6239934780650214,301.4647781209597,-0.038045845530617094,-0.08042395104804217,-0.04237810551742508,1.0,0.011422490124807493,1.1021027533294713e-12,2.3,0.0019660299945588803,0.3106817209865356,0.008182965239902237,0.0008355597451354746,0.3077300315416728,0.12024097339140062,0.1553408604932678,1.75,5598640.535741633,0.022844980249614986,0.055379331927893,-0.004091482619951119,-0.004091482619951119,0.004091482619951119,0.004091482619951119,-0.016365930479804475,-0.016365930479804475,0.0008355597451354746,0.14986279201124025,4.705691669152945e-09,0.7012376242922086
553.0,0.0012777640103709964,14.412256538019916,117.70656344154595,57.44823400349129,16.368545239399385,15.17352443840509,7.208197781347349,1.6241130946440085,301.4647854779098,-0.03804492570474363,-0.08042448143566491,-0.04237955573092128,1.0,0.011415129297700102,1.1013925414813367e-12,2.3,0.0019634283166947795,0.31067338153261564,0.008183419696571,0.0008357264774828358,0.3077413522186765,0.12024488681626352,0.15533669076630782,1.75,5598684.951972212,0.022830258595400204,0.055373607522154526,-0.0040917098482855,-0.0040917098482855,0.0040917098482855,0.0040917098482855,-0.016366839393142,-0.016366839393142,0.0008357264774828358,0.14986279201124025,4.705691669152945e-09,0.702515364019158
554.0,0.0012778124957852606,14.410276112101355,117.71085195709635,57.45136314260647,16.370106656069066,15.175388322530711,7.20836449072377,1.6242324927134775,301.46479282214347,-0.03804400707766704,-0.08042501061940532,-0.04238100354173829,1.0,0.011407793732733932,1.100684767059288e-12,2.3,0.001960837099786984,0.3106650288906487,0.008183872570791425,0.0008358926093161261,0.3077526535359547,0.12024879366566912,0.15533251444532434,1.75,5598729.439066358,0.022815587465467864,0.05536789258677843,-0.004091936285395712,-0.004091936285395712,0.004091936285395712,0.004091936285395712,-0.01636774514158285,-0.01636774514158285,0.0008358926093161261,0.14986279201124025,4.705691669152945e-09,0.7037931522722362
555.0,0.0012778608997451619,14.40829964598432,117.7151309334874,57.454487820772165,16.371664298471682,15.177247499224256,7.208530740524465,1.624351672629309,301.4648001536453,-0.038043089652644115,-0.08042553860066251,-0.042382448948018396,1.0,0.011400483258266241,1.0999794135023181e-12,2.3,0.00195825628963144,0.31065666330941133,0.008184323872543583,0.0008360581447522813,0.3077639354891992,0.12025269393523054,0.15532833165470566,1.75,5598773.995702,0.022800966516532482,0.055362187121587546,-0.004092161936271791,-0.004092161936271791,0.004092161936271791,0.004092161936271791,-0.016368647745087166,-0.016368647745087166,0.0008360581447522813,0.14986279201124025,4.705691669152945e-09,0.7050709889700013
556.0,0.0012779092222267613,14.406327135688736,117.71940039013278,57.4576080303399,16.37321818550109,15.179101990263863,7.208696532240875,1.6244706347469033,301.46480747240076,-0.03804217343288521,-0.08042606538085073,-0.04238389194796552,1.0,0.01139319770403111,1.0992764643822631e-12,2.3,0.001955685832349765,0.310648285035904,0.008184773611731172,0.0008362230878756636,0.307775198074467,0.12025658762072483,0.155324142517952,1.75,5598818.620566459,0.02278639540806222,0.055356491126261655,-0.004092386805865586,-0.004092386805865586,0.004092386805865586,0.004092386805865586,-0.016369547223462344,-0.016369547223462344,0.0008362230878756636,0.14986279201124025,4.705691669152945e-09,0.7063488740309872
557.0,0.0012779574632087955,14.404358577167912,117.72366034644871,57.46072376388719,16.374768335818008,15.180951817188982,7.208861867356703,1.6245893794208692,301.46481477839603,-0.03804125842152505,-0.0804265909614098,-0.04238533253988475,1.0,0.011385936901899414,1.0985759034771288e-12,2.3,0.0019531256744427833,0.3106398943140554,0.008185221798142154,0.0008363874427200649,0.3077864412884569,0.120260474718198,0.1553199471570277,1.75,5598863.312363347,0.022771873803798828,0.05535080460025574,-0.004092610899071077,-0.004092610899071077,0.004092610899071077,0.004092610899071077,-0.01637044359628431,-0.01637044359628431,0.0008363874427200649,0.14986279201124025,4.705691669152945e-09,0.707626807373705
558.0,0.001278005622671613,14.402393966338071,117.72791082184581,57.46383501412438,16.376314767940492,15.18279700139262,7.209026747351255,1.624707907005343,301.46482207161705,-0.038040344621652906,-0.08042711534379406,-0.04238677072214115,1.0,0.011378700685087487,1.0978777146947378e-12,2.3,0.0019505757627317794,0.3106314913860552,0.008185668441489815,0.00083655121328745,0.30779766512822343,0.12026435522385524,0.1553157456930276,1.75,5598908.069805468,0.022757401370174974,0.05534512754288505,-0.004092834220744908,-0.004092834220744908,0.004092834220744908,0.004092834220744908,-0.01637133688297963,-0.01637133688297963,0.00083655121328745,0.14986279201124025,4.705691669152945e-09,0.7089047889166452
559.0,0.001278053700598142,14.400433299050958,117.73215183573559,57.46694177398258,16.377857500159045,15.184637564034492,7.2091911736961904,1.6248262178536819,301.4648293520513,-0.03803943203628414,-0.08042763852948252,-0.04238820649319838,1.0,0.011371488888898728,1.0971818821442835e-12,2.3,0.0019480360444112772,0.3106230764910802,0.008186113551374358,0.0008367144035303729,0.3078088695914458,0.12026822913416398,0.1553115382455401,1.75,5598952.89162161,0.022742977777797456,0.05533945995324578,-0.004093056775687179,-0.004093056775687179,0.004093056775687179,0.004093056775687179,-0.016372227102748715,-0.016372227102748715,0.0008367144035303729,0.14986279201124025,4.705691669152945e-09,0.7101828185782801
560.0,0.0012781016969728748,14.398476571122519,117.7363834075232,57.47004403652263,16.379396550624904,15.186473526131133,7.209355147858814,1.6249443123187781,301.46483661968625,-0.038038520668389746,-0.08042816051996814,-0.04238963985157839,1.0,0.011364301349951318,1.0964883900618173e-12,2.3,0.0019455064669912485,0.31061464986660087,0.008186557137322997,0.0008368770173702865,0.3078200546761498,0.12027209644574631,0.15530732493330043,1.75,5598997.776549576,0.022728602699902636,0.055333801830297694,-0.004093278568661499,-0.004093278568661499,0.004093278568661499,0.004093278568661499,-0.016373114274645995,-0.016373114274645995,0.0008368770173702865,0.14986279201124025,4.705691669152945e-09,0.7114608962770657
561.0,0.0012781496117828417,14.396523778306317,117.74060555661312,57.47314179502095,16.38093193726717,15.188304908471041,7.209518671298861,1.625062190752759,301.46484387451,-0.03803761052086841,-0.08042868131676766,-0.042391070795899245,1.0,0.011357137906902041,1.0957972228800852e-12,2.3,0.0019429869783490475,0.3106062117471345,0.008186999208752396,0.0008370390586803681,0.30783122038096944,0.12027595715547981,0.15530310587356724,1.75,5599042.723342837,0.022714275813804082,0.05532815317278712,-0.004093499604376198,-0.004093499604376198,0.004093499604376198,0.004093499604376198,-0.016373998417504792,-0.016373998417504792,0.0008370390586803681,0.14986279201124025,4.705691669152945e-09,0.7127390219314436
562.0,0.0012781974450165852,14.394574916321348,117.74481830240262,57.47623504288063,16.38246367787902,15.190131731702763,7.2096817454717685,1.6251798535072928,301.46485111651117,-0.038036701596575455,-0.0804292009214113,-0.042392499324835846,1.0,0.011349998399692087,1.0951083651557595e-12,2.3,0.0019404775266724196,0.3105977623655278,0.008187439775007938,0.0008372005313034068,0.307842366704875,0.12027981126039292,0.1552988811827639,1.75,5599087.730763693,0.022699996799384174,0.05532251397932714,-0.004093719887503969,-0.004093719887503969,0.004093719887503969,0.004093719887503969,-0.016374879550015875,-0.016374879550015875,0.0008372005313034068,0.14986279201124025,4.705691669152945e-09,0.7140171954598433
563.0,0.001278245196665112,14.392629980826284,117.74902166428696,57.47932377371543,16.38399179003679,15.191954016251927,7.209844371825479,1.6252973009332947,301.46485834567903,-0.038035793898295554,-0.08042971933545218,-0.04239392543715662,1.0,0.01134288267025412,1.0944218016376612e-12,2.3,0.0019379780605108708,0.31058930195172413,0.00818787884532691,0.0008373614390350176,0.307853493647431,0.12028365875776248,0.15529465097586206,1.75,5599132.797589844,0.02268576534050824,0.0553168842483229,-0.004093939422663455,-0.004093939422663455,0.004093939422663455,0.004093939422663455,-0.01637575769065382,-0.01637575769065382,0.0008373614390350176,0.14986279201124025,4.705691669152945e-09,0.7152954167806842
564.0,0.0012782928667209093,14.390688967446424,117.75321566165326,57.48240798126266,16.385516291184096,15.193771782407312,7.2100065518036835,1.6254145333812295,301.4648655620032,-0.038034887428771,-0.08043023656045634,-0.042395349131685335,1.0,0.011335790561776042,1.093737517195723e-12,2.3,0.001935488528719339,0.3105808307340375,0.008188316428876937,0.0008375217856411225,0.3078646012085279,0.12028749964501229,0.15529041536701876,1.75,5599177.922607602,0.022671581123552085,0.05531126397804948,-0.004094158214438468,-0.004094158214438468,0.004094158214438468,0.004094158214438468,-0.016376632857753873,-0.016376632857753873,0.0008375217856411225,0.14986279201124025,4.705691669152945e-09,0.7165736858123772
565.0,0.0012783404551788614,14.388751871748745,117.7574003138853,57.48548765946544,16.387037198552914,15.19558505023981,7.210168286842655,1.6255315512008197,301.4648727654739,-0.03803398219067498,-0.0804307525980119,-0.04239677040733692,1.0,0.01132872191939093,1.0930554968875579e-12,2.3,0.001933008880508983,0.3105723489379299,0.008188752534720012,0.00083768157484155,0.3078756893886336,0.12029133391980809,0.15528617446896495,1.75,5599223.104618407,0.02265744383878186,0.05530565316657935,-0.004094376267360006,-0.004094376267360006,0.004094376267360006,0.004094376267360006,-0.016377505069440024,-0.016377505069440024,0.00083768157484155,0.14986279201124025,4.705691669152945e-09,0.7178520024733271
566.0,0.0012783879620352906,14.38681868926803,117.76157564035786,57.488562802387534,16.38855452924563,15.197393839686509,7.210329578374464,1.6256483547413452,301.4648799560819,-0.03803307818663933,-0.08043126744971939,-0.04239818926308006,1.0,0.01132167658945844,1.0923757258891267e-12,2.3,0.001930539065391471,0.31056385678726955,0.00818918717185002,0.0008378408103271103,0.3078867581885352,0.12029516157995848,0.15528192839363478,1.75,5599268.342432122,0.02264335317891688,0.05530005181185796,-0.00409459358592501,-0.00409459358592501,0.00409459358592501,0.00409459358592501,-0.01637837434370004,-0.01637837434370004,0.0008378408103271103,0.14986279201124025,4.705691669152945e-09,0.7191303666819342
567.0,0.0012784353872888677,14.38488941548267,117.76574166044108,57.491633404293715,16.390068300158052,15.199198170471492,7.2104904278238395,1.625764944351354,301.46488713381837,-0.03803217541922827,-0.0804317811172006,-0.04239960569797233,1.0,0.011314654420238563,1.091698189559744e-12,2.3,0.0019280790332292794,0.3105553545031235,0.008189620349157586,0.0008379994957435716,0.3078978076095813,0.12029898262350773,0.15527767725156175,1.75,5599313.634873469,0.022629308840477126,0.055294459911633446,-0.004094810174578793,-0.004094810174578793,0.004094810174578793,0.004094810174578793,-0.016379240698315173,-0.016379240698315173,0.0008379994957435716,0.14986279201124025,4.705691669152945e-09,0.7204087783565962
568.0,0.0012784827309396535,14.382964045840026,117.76989839349535,57.49469945956653,16.391578528059473,15.200998062188024,7.210650836611353,1.6258813203789584,301.4648942986749,-0.03803127389096565,-0.08043229360208927,-0.042401019711123616,1.0,0.011307655261189632,1.0910228733743471e-12,2.3,0.0019256287341806655,0.31054684230499874,0.008190052075466784,0.0008381576347083483,0.3079088376534302,0.1203027970486391,0.15527342115249937,1.75,5599358.980775417,0.022615310522379264,0.055288877463529944,-0.004095026037733392,-0.004095026037733392,0.004095026037733392,0.004095026037733392,-0.016380104150933567,-0.016380104150933567,0.0008381576347083483,0.14986279201124025,4.705691669152945e-09,0.7216872374157105
569.0,0.0012785299929899852,14.38104257573295,117.77404585887506,57.49776096278488,16.393085229517517,15.202793534221144,7.210810806150312,1.6259974831715502,301.46490145064377,-0.038030373604309234,-0.08043280490603959,-0.04240243130173035,1.0,0.01130067896362641,1.0903497629869916e-12,2.3,0.0019231881187492356,0.3105383204096543,0.008190482359500751,0.000838315230794839,0.3079198483222875,0.12030660485376538,0.15526916020482714,1.75,5599404.3789855065,0.02260135792725282,0.05528330446497938,-0.0040952411797503755,-0.0040952411797503755,0.0040952411797503755,0.0040952411797503755,-0.016380964719001502,-0.016380964719001502,0.000838315230794839,0.14986279201124025,4.705691669152945e-09,0.7229657437776753
570.0,0.0012785771734435654,14.379125000524386,117.77818407592414,57.50081790864261,16.39458842097629,15.204584605827964,7.2109703378499095,1.626113433076092,301.46490858971765,-0.038029474561677275,-0.08043331503071718,-0.04240384046903991,1.0,0.011293725380034921,1.0896788441647426e-12,2.3,0.0019207571377297722,0.3105297890323207,0.008190911209917544,0.0008384722875487337,0.30793083961865925,0.12031040603743455,0.15526489451616035,1.75,5599449.828359362,0.022587450760069842,0.055277740913292614,-0.004095455604958772,-0.004095455604958772,0.004095455604958772,0.004095455604958772,-0.016381822419835088,-0.016381822419835088,0.0008384722875487337,0.14986279201124025,4.705691669152945e-09,0.7242442973608921
571.0,0.0012786242723063252,14.37721131552462,117.78231306397923,57.50387029202536,16.396088118683053,15.206371296062047,7.211129433112154,1.626229170438836,301.4649157158895,-0.0380285767654235,-0.08043382397780743,-0.04240524721238394,1.0,0.011286794364714452,1.0890101028496185e-12,2.3,0.001918335742257069,0.31052124838553025,0.008191338635276586,0.0008386288084727093,0.30794181154558625,0.12031420059841806,0.15526062419276512,1.75,5599495.327766915,0.022573588729428905,0.055272186805593315,-0.004095669317638293,-0.004095669317638293,0.004095669317638293,0.004095669317638293,-0.016382677270553172,-0.016382677270553172,0.0008386288084727093,0.14986279201124025,4.705691669152945e-09,0.7255228980837671
572.0,0.0012786712895855009,14.375301516015112,117.7864328423658,57.50691810793099,16.397584338764453,15.208153623851844,7.211288093334975,1.6263446956056116,301.46492282915295,-0.03802768021786299,-0.08043433174900663,-0.04240665153114364,1.0,0.011279885773109203,1.0883435250941045e-12,2.3,0.0019159238837526324,0.3105126986803206,0.00819176464407364,0.0008387847970423593,0.30795276410639993,0.12031798853561879,0.1552563493401603,1.75,5599540.876086,0.022559771546218407,0.055266642138887004,-0.00409588232203682,-0.00409588232203682,0.00409588232203682,0.00409588232203682,-0.01638352928814728,-0.01638352928814728,0.0008387847970423593,0.14986279201124025,4.705691669152945e-09,0.726801545864713
573.0,0.0012787182252904984,14.373395597226457,117.79054343040073,57.50996135154463,16.399077097154976,15.209931607926823,7.211446319909199,1.6264600089215488,301.4649299295022,-0.03802678492124774,-0.08043483834603007,-0.042408053424782335,1.0,0.011272999462434579,1.0876790971215819e-12,2.3,0.0019135215139727143,0.31050414012508204,0.008192189244708088,0.0008389402566912504,0.30796369730495077,0.12032176984815729,0.15525207006254102,1.75,5599586.472208494,0.022545998924869158,0.055261106909996846,-0.004096094622354044,-0.004096094622354044,0.004096094622354044,0.004096094622354044,-0.016384378489416176,-0.016384378489416176,0.0008389402566912504,0.14986279201124025,4.705691669152945e-09,0.728080240622151
574.0,0.0012787650794320233,14.371493554361502,117.7946448473892,57.51300001816102,16.400566409671367,15.211705266894116,7.211604114221616,1.6265751107313595,301.46493701693146,-0.03802589087779203,-0.08043534377060356,-0.042409452892811526,1.0,0.01126613529102478,1.087016805263379e-12,2.3,0.0019111285849557895,0.31049557292673713,0.008192612445517068,0.000839095190826477,0.3079746111453753,0.12032554453528195,0.15524778646336856,1.75,5599632.11503403,0.02253227058204956,0.05525558111563072,-0.004096306222758534,-0.004096306222758534,0.004096306222758534,0.004096306222758534,-0.016385224891034136,-0.016385224891034136,0.000839095190826477,0.14986279201124025,4.705691669152945e-09,0.7293589822745123
575.0,0.0012788118520228736,14.369595382573975,117.79873711262644,57.51603410325779,16.402052291942763,15.213474619166302,7.211761477651984,1.626690001379067,301.4649440914357,-0.03802499808964842,-0.08043584802447112,-0.042410849934822706,1.0,0.011259293118944622,1.0863566360178025e-12,2.3,0.0019087450490699843,0.3104869972896119,0.008193034254743482,0.0008392496028140599,0.3079855056323133,0.12032931259645299,0.15524349864480594,1.75,5599677.803476013,0.022518586237889243,0.05525006475231897,-0.004096517127371741,-0.004096517127371741,0.004096517127371741,0.004096517127371741,-0.016386068509486963,-0.016386068509486963,0.0008392496028140599,0.14986279201124025,4.705691669152945e-09,0.7306377707402398
576.0,0.0012788585430770967,14.36770107699088,117.80282024539531,57.51906360241948,16.403534759483342,15.215239683036328,7.21191841157607,1.6268046812082828,301.4649511530104,-0.03802410655893263,-0.08043635110938685,-0.04241224455045422,1.0,0.011252472807352313,1.0856985759886566e-12,2.3,0.0019063708589612495,0.31047841341659876,0.008193454680569373,0.0008394034959941514,0.3079963807706813,0.12033307403125498,0.15523920670829938,1.75,5599723.536455427,0.022504945614704626,0.05524455781647933,-0.004096727340284686,-0.004096727340284686,0.004096727340284686,0.004096727340284686,-0.016386909361138745,-0.016386909361138745,0.0008394034959941514,0.14986279201124025,4.705691669152945e-09,0.7319166059377898
577.0,0.0012789051526108043,14.36581063269183,117.80689426496771,57.52208851140935,16.40501382762415,15.217000476606936,7.2120749173626795,1.6269191505619378,301.46495820165126,-0.038023216287700085,-0.08043685302712239,-0.042413636739422306,1.0,0.011245674219096564,1.0850426119428538e-12,2.3,0.0019040059676001925,0.31046982150803487,0.00819387373108471,0.0008395568736667601,0.30800723656588863,0.12033682883947874,0.15523491075401744,1.75,5599769.312906809,0.02249134843819313,0.05523906030435675,-0.004096936865542355,-0.004096936865542355,0.004096936865542355,0.004096936865542355,-0.01638774746216942,-0.01638774746216942,0.0008395568736667601,0.14986279201124025,4.705691669152945e-09,0.7331954877856338
578.0,0.0012789516806413076,14.363924044730712,117.81095919060242,57.52510882609498,16.406489511583974,15.21875701786387,7.21223099637667,1.6270334097825576,301.46496523735453,-0.038022327277970176,-0.08043735377945901,-0.04241502650148884,1.0,0.011238897218094802,1.0843887307504211e-12,2.3,0.001901650328230907,0.3104612217628574,0.008194291414319895,0.000839709739106613,0.3080180730236115,0.1203405770210361,0.1552306108814287,1.75,5599815.131772096,0.022477794436189604,0.05523357221208628,-0.004097145707159948,-0.004097145707159948,0.004097145707159948,0.004097145707159948,-0.01638858282863979,-0.01638858282863979,0.000839709739106613,0.14986279201124025,4.705691669152945e-09,0.7344744162022598
579.0,0.0012789981271879387,14.362041308115685,117.8150150415461,57.52812454251846,16.40796182640282,15.220509324606889,7.212386649976006,1.627147459211997,301.4649722601168,-0.03802143953170337,-0.08043785336819485,-0.04241641383649148,1.0,0.011232141669916169,1.083736919440753e-12,2.3,0.0018993038944172787,0.3104526143774948,0.008194707738215339,0.0008398620955492001,0.3080288901500064,0.12034431857603942,0.1552263071887474,1.75,5599860.99200653,0.022464283339832337,0.0552280935356347,-0.004097353869107669,-0.004097353869107669,0.004097353869107669,0.004097353869107669,-0.016389415476430677,-0.016389415476430677,0.0008398620955492001,0.14986279201124025,4.705691669152945e-09,0.7357533911061744
580.0,0.0012790444922711976,14.360162417830166,117.81906183703165,57.53113565682372,16.409430787011086,15.22225741452135,7.212541879514749,1.6272612991917104,301.464979269935,-0.03802055305082493,-0.08043835179513724,-0.042417798744312306,1.0,0.011225407441174206,1.0830871651440127e-12,2.3,0.0018969666199923733,0.31044399954700563,0.008195122710653242,0.0008400139462053055,0.30803968795148906,0.12034805350471886,0.15522199977350282,1.75,5599906.892572596,0.022450814882348413,0.05522262427086156,-0.004097561355326621,-0.004097561355326621,0.004097561355326621,0.004097561355326621,-0.016390245421306484,-0.016390245421306484,0.0008400139462053055,0.14986279201124025,4.705691669152945e-09,0.737032412415904
581.0,0.001279090775913519,14.358287368813464,117.82309959627891,57.53414216532512,16.410896408164636,15.22400130511076,7.21269668634014,1.62737493006249,301.4649862668067,-0.03801966783720252,-0.08043884906210966,-0.042419181224907135,1.0,0.011218694400096315,1.0824394551460773e-12,2.3,0.0018946384591042049,0.3104353774639835,0.008195536339427772,0.0008401652942473649,0.30805046643494255,0.12035178180749981,0.15521768873199174,1.75,5599952.8324458515,0.02243738880019263,0.05521716441346265,-0.004097768169713886,-0.004097768169713886,0.004097768169713886,0.004097768169713886,-0.016391072678855544,-0.016391072678855544,0.0008401652942473649,0.14986279201124025,4.705691669152945e-09,0.7383114800499964
582.0,0.0012791369781385148,14.356416155981119,117.82712833849325,57.53714406443643,16.412358704512304,15.225741013766731,7.212851071795552,1.6274883521647325,301.4649932507297,-0.03801878389266942,-0.08043934517094446,-0.042420561278275044,1.0,0.011212002415930407,1.0817937768312877e-12,2.3,0.0018923193661658426,0.3104267483196796,0.008195948632276205,0.0008403161428236612,0.308061225607502,0.12035550348492208,0.1552133741598398,1.75,5599998.810608951,0.022424004831860814,0.05521171395902911,-0.0040979743161381026,-0.0040979743161381026,0.0040979743161381026,0.0040979743161381026,-0.01639189726455241,-0.01639189726455241,0.0008403161428236612,0.14986279201124025,4.705691669152945e-09,0.7395905939270224
583.0,0.0012791830989716787,14.354548774206119,117.83114808286587,57.54014135073781,16.41381769053254,15.227476557703058,7.213005037217609,1.6276015658381824,301.46500022170216,-0.03801790121900259,-0.08043984012348951,-0.04242193890448692,1.0,0.011205331359501415,1.0811501177361453e-12,2.3,0.001890009295900609,0.3104181123029292,0.00819635959684975,0.0008404664950450005,0.30807196547675775,0.12035921853771554,0.1552090561514646,1.75,5600044.826057363,0.02241066271900283,0.055206272902992626,-0.004098179798424875,-0.004098179798424875,0.004098179798424875,0.004098179798424875,-0.0163927191936995,-0.0163927191936995,0.0008404664950450005,0.14986279201124025,4.705691669152945e-09,0.7408697539655775
584.0,0.0012792291384396083,14.352685218338632,117.83515884857299,57.54313402090648,16.415273380599277,15.229207954024119,7.213158583939111,1.6277145714221928,301.4650071797228,-0.03801701981794539,-0.08044033392160106,-0.04242331410365567,1.0,0.011198681102631655,1.080508465493383e-12,2.3,0.0018877082032927024,0.31040946960125015,0.008196769240743976,0.0008406163539985809,0.30808268605054395,0.12036292696672134,0.15520473480062508,1.75,5600090.877793519,0.02239736220526331,0.05520084124068282,-0.004098384620371988,-0.004098384620371988,0.004098384620371988,0.004098384620371988,-0.016393538481487953,-0.016393538481487953,0.0008406163539985809,0.14986279201124025,4.705691669152945e-09,0.7421489600842832
585.0,0.0012792750965707701,14.350825483187815,117.83916065477564,57.54612207178213,16.4167257889201,15.230935219660397,7.213311713286175,1.6278273692554726,301.46501412479057,-0.038016139691186175,-0.08044082656715026,-0.04242468687596409,1.0,0.011192051518684203,1.0798688078843958e-12,2.3,0.0018854160436319193,0.31040082039978895,0.008197177571470302,0.0008407657227349673,0.30809338733713826,0.12036662877296543,0.15520041019989447,1.75,5600136.964832429,0.022384103037368406,0.05519541896727419,-0.004098588785735151,-0.004098588785735151,0.004098588785735151,0.004098588785735151,-0.016394355142940603,-0.016394355142940603,0.0008407657227349673,0.14986279201124025,4.705691669152945e-09,0.7434282122017885
586.0,0.001279320973394696,14.348969563540905,117.84315352061927,57.54910550029914,16.418174929600543,15.232658371435345,7.2134644265811305,1.6279399596763449,301.46502105690485,-0.038015260840380434,-0.0804413180620163,-0.04242605722163587,1.0,0.011185442481997314,1.079231132784668e-12,2.3,0.0018831327724650045,0.3103921648824039,0.008197584596485737,0.0008409146042816486,0.3081040693450544,0.12037032395758208,0.15519608244120195,1.75,5600183.086195913,0.022370884963994628,0.05519000607784154,-0.004098792298242868,-0.004098792298242868,0.004098792298242868,0.004098792298242868,-0.016395169192971473,-0.016395169192971473,0.0008409146042816486,0.14986279201124025,4.705691669152945e-09,0.7447075102367712
587.0,0.0012793667689427275,14.347117454145632,117.84713746523313,57.552084303550615,16.419620816583727,15.2343774260024,7.213616725139697,1.6280523430224962,301.46502797606536,-0.03801438326712989,-0.08044180840809267,-0.04242742514096278,1.0,0.011178853868414258,1.0785954282148965e-12,2.3,0.0018808583456396395,0.3103835032306215,0.008197990323165009,0.0008410630016303099,0.3081147320832389,0.12037401252188543,0.15519175161531076,1.75,5600229.240918159,0.022357707736828516,0.05518460256730875,-0.0040989951615825046,-0.0040989951615825046,0.0040989951615825046,0.0040989951615825046,-0.016395980646330018,-0.016395980646330018,0.0008410630016303099,0.14986279201124025,4.705691669152945e-09,0.7459868541079399
588.0,0.0012794124832472581,14.345269149728695,117.85111250773045,57.55505847872203,16.421063463713132,15.2360923999103,7.213768610273843,1.628164519631232,301.4650348822722,-0.03801350697300421,-0.0804422976072805,-0.04242879063427629,1.0,0.011172285554731707,1.0779616822877673e-12,2.3,0.0018785927192565483,0.31037483562470847,0.008198394758829641,0.0008412109177500764,0.3081253755608678,0.12037769446729472,0.15518741781235423,1.75,5600275.428040013,0.022344571109463415,0.05517920843050252,-0.0040991973794148205,-0.0040991973794148205,0.0040991973794148205,0.0040991973794148205,-0.016396789517659282,-0.016396789517659282,0.0008412109177500764,0.14986279201124025,4.705691669152945e-09,0.7472662437340348
589.0,0.0012794581163424275,14.34342464497875,117.85507866720715,57.5580280231538,16.422502884673662,15.237803309541508,7.213920083288994,1.6282764898392288,301.4650417755259,-0.03801263195952044,-0.08044278566149456,-0.042430153701974116,1.0,0.011165737419216962,1.0773298832578603e-12,2.3,0.0018763358497128864,0.31036616224264385,0.008198797910720706,0.0008413583555750776,0.30813599978753586,0.12038136979540422,0.15518308112132193,1.75,5600321.646614456,0.022331474838433923,0.05517382366210267,-0.004099398955360353,-0.004099398955360353,0.004099398955360353,0.004099398955360353,-0.016397595821441412,-0.016397595821441412,0.0008413583555750776,0.14986279201124025,4.705691669152945e-09,0.7485456790338296
590.0,0.0012795036682633988,14.341583934564275,117.8590359627427,57.56099293427655,16.423939093052912,15.2395101711761,7.214071145486867,1.6283882539827865,301.4650486558273,-0.03801175822816434,-0.08044327257265697,-0.04243151434449263,1.0,0.011159209341069032,1.076700019469652e-12,2.3,0.0018740876936549538,0.3103574832611711,0.008199199786027234,0.0008415053180173896,0.3081466047730624,0.12038503850791052,0.15517874163058554,1.75,5600367.895701001,0.022318418682138064,0.05516844825669412,-0.004099599893013617,-0.004099599893013617,0.004099599893013617,0.004099599893013617,-0.016398399572054467,-0.016398399572054467,0.0008415053180173896,0.14986279201124025,4.705691669152945e-09,0.7498251599261325
591.0,0.0012795491390470372,14.339747013117139,117.86298441339838,57.56395320967218,16.425372102283667,15.24121300093153,7.214221798162696,1.6284998123975838,301.46505552317757,-0.03801088578037028,-0.08044375834270291,-0.042432872562332635,1.0,0.011152701200924188,1.0760720794062932e-12,2.3,0.0018718482080211098,0.3103487988547858,0.008199600391859588,0.00084165180795488,0.3081571905276745,0.12038870060668032,0.1551743994273929,1.75,5600414.174371085,0.022305402401848376,0.05516308220871901,-0.004099800195929794,-0.004099800195929794,0.004099800195929794,0.004099800195929794,-0.016399200783719176,-0.016399200783719176,0.00084165180795488,0.14986279201124025,4.705691669152945e-09,0.7511046863297878
592.0,0.0012795945287312205,14.337913875249871,117.86692403821836,57.566908847010545,16.426801925703682,15.242911814825092,7.214372042608045,1.6286111654189273,301.4650623775781,-0.038010014617542005,-0.08044424297357455,-0.04243422835603255,1.0,0.011146212880329298,1.0754460516387942e-12,2.3,0.0018696173499950564,0.310340109196778,0.008199999735277236,0.0008417978282438576,0.3081677570618164,0.12039235609367975,0.155170054598389,1.75,5600460.481702515,0.022292425760658596,0.05515772551252692,-0.004099999867638618,-0.004099999867638618,0.004099999867638618,0.004099999867638618,-0.016399999470554472,-0.016399999470554472,0.0008417978282438576,0.14986279201124025,4.705691669152945e-09,0.7523842581636769
593.0,0.001279639837355448,14.336084515539776,117.8708548562278,57.56985984410931,16.428228576499556,15.244606628715058,7.214521880108067,1.6287223133815087,301.4650692190309,-0.03800914474103305,-0.08044472646722652,-0.042435581726193466,1.0,0.011139744262235575,1.074821924873664e-12,2.3,0.0018673950770481714,0.3103314144582274,0.008200397823262715,0.000841943381707192,0.30817830438632865,0.1203960049710406,0.1551657072291137,1.75,5600506.816784825,0.02227948852447115,0.05515237816232845,-0.004100198911631357,-0.004100198911631357,0.004100198911631357,0.004100198911631357,-0.01640079564652543,-0.01640079564652543,0.000841943381707192,0.14986279201124025,4.705691669152945e-09,0.7536638753467203
594.0,0.0012796850649602232,14.334258928545642,117.87477688643429,57.57280619887191,16.42965206776509,15.246297458361711,7.214671311944276,1.6288332566196526,301.4650760475382,-0.038008276152167064,-0.08044520882562013,-0.04243693267345307,1.0,0.011133295230484414,1.0741996879033007e-12,2.3,0.0018651813468934825,0.3103227148090325,0.008200794662748784,0.0008420884711466758,0.3081888325122628,0.12039964724099114,0.15516135740451625,1.75,5600553.178713792,0.02226659046096883,0.055147040152243997,-0.004100397331374392,-0.004100397331374392,0.004100397331374392,0.004100397331374392,-0.016401589325497568,-0.016401589325497568,0.0008420884711466758,0.14986279201124025,4.705691669152945e-09,0.7549435377978782
595.0,0.0012797302115876291,14.332437108792377,117.87869014782545,57.57574790934606,16.4310724124465,15.247984319369802,7.2148203393918395,1.6289439954670761,301.46508286310257,-0.03800740885221859,-0.08044569005072855,-0.04243828119850996,1.0,0.011126865670289794,1.0735793296525371e-12,2.3,0.0018629761175273996,0.3103140104169255,0.00820119026059298,0.0008422330993314138,0.30819934145105615,0.1204032829059206,0.15515700520846276,1.75,5600599.566596684,0.022253731340579588,0.05514171147625875,-0.00410059513029649,-0.00410059513029649,0.00410059513029649,0.00410059513029649,-0.01640238052118596,-0.01640238052118596,0.0008422330993314138,0.14986279201124025,4.705691669152945e-09,0.756223245436152
596.0,0.001279775277280723,14.330619050787181,117.88259465937098,57.57868497366322,16.432489623399377,15.249667227248239,7.2149689637223275,1.6290545302571318,301.4650896657267,-0.038006542842432975,-0.08044617014453137,-0.042439627302098396,1.0,0.01112045546773552,1.0729608391301316e-12,2.3,0.0018607793471843222,0.3103053014484776,0.008201584623604144,0.0008423772690099075,0.3082098312143507,0.12040691196831227,0.1551526507242388,1.75,5600645.9795469055,0.02224091093547104,0.055136392128269957,-0.004100792311802072,-0.004100792311802072,0.004100792311802072,0.004100792311802072,-0.016403169247208287,-0.016403169247208287,0.0008423772690099075,0.14986279201124025,4.705691669152945e-09,0.7575029981805862
597.0,0.0012798202620841082,14.328804749004693,117.88649044001973,57.5816173900957,16.433903713335216,15.251346197353804,7.215117186201023,1.6291648613225715,301.4650964554137,-0.038005678124007625,-0.08044664910901947,-0.042440970985011844,1.0,0.011114064510246676,1.0723442054742557e-12,2.3,0.0018585909943778884,0.31029658806813215,0.008201977758517545,0.0008425209828987006,0.30822030181416465,0.12041053443080572,0.15514829403406608,1.75,5600692.416689151,0.022228129020493353,0.055131082102043386,-0.004100988879258772,-0.004100988879258772,0.004100988879258772,0.004100988879258772,-0.01640395551703509,-0.01640395551703509,0.0008425209828987006,0.14986279201124025,4.705691669152945e-09,0.7587827959502687
598.0,0.001279865166043298,14.326994197902602,117.89037750870207,57.58454515699749,16.435314694876986,15.253021244949505,7.2152650080896485,1.6292749889957883,301.4651032321673,-0.038004814698111386,-0.0804471269461898,-0.042442312248078415,1.0,0.011107692686099018,1.0717294179051588e-12,2.3,0.0018564110178560674,0.3102878704392003,0.008202369672020829,0.0008426642436941918,0.3082307532627125,0.12041415029613199,0.15514393521960015,1.75,5600738.877154097,0.022215385372198037,0.05512578139125899,-0.0041011848360104144,-0.0041011848360104144,0.0041011848360104144,0.0041011848360104144,-0.016404739344041658,-0.016404739344041658,0.0008426642436941918,0.14986279201124025,4.705691669152945e-09,0.7600626386643323
599.0,0.001279909989205322,14.32518739190777,117.89425588432691,57.58746827285845,16.436722580508558,15.254692385151234,7.215412430643785,1.6293849136085865,301.46510999599116,-0.03800395256586677,-0.08044760365805,-0.042443651092183225,1.0,0.011101339884864813,1.071116465768184e-12,2.3,0.0018542393766406806,0.31027914872292806,0.008202760370730427,0.0008428070540618763,0.30824118557257035,0.12041775956717249,0.15513957436146403,1.75,5600785.360083376,0.022202679769729627,0.05512048998947022,-0.004101380185365214,-0.004101380185365214,0.004101380185365214,0.004101380185365214,-0.016405520741460854,-0.016405520741460854,0.0008428070540618763,0.14986279201124025,4.705691669152945e-09,0.7613425262419566
600.0,0.0012799547316181825,14.323384325428759,117.8981255857837,57.59038673625628,16.438127382619673,15.25635963297505,7.215559455115095,1.629494635492381,301.4651167468895,-0.03800309172836578,-0.0804480792466141,-0.042444987518248316,1.0,0.011095005997015779,1.0705053384954593e-12,2.3,0.0018520760299905726,0.3102704230793142,0.0082031498612126,0.0008429494166459201,0.30825159875653035,0.120421362246906,0.1551352115396571,1.75,5600831.864625218,0.022190011994031558,0.05511520789014065,-0.0041015749306063,-0.0041015749306063,0.0041015749306063,0.0041015749306063,-0.0164062997224252,-0.0164062997224252,0.0008429494166459201,0.14986279201124025,4.705691669152945e-09,0.7626224586023684
