time_s,q_out_pL_s,na_i_mM,k_i_mM,cl_i_mM,tic_i_mM,hco3_i_mM,ph_i,volume_i_pL,osm_lumen_mOsm,v_apical_V,v_basolateral_V,v_transepithelial_V,nbc_activation,nbc_cycle_inward_fmol_s,nbc_current_A,nhe1_multiplier,nhe1_inward_fmol_s,nkcc1_cl_inward_fmol_s,ae4_cl_inward_fmol_s,ae2_cl_inward_signed_fmol_s,cacc_cl_export_fmol_s,paracellular_cl_return_fmol_s,nkcc1_cycle_inward_fmol_s,nkcc1_activity_multiplier,nkcc1_x_i_mM4,nbc_hco3_inward_fmol_s,pump_total_cycles_fmol_s,ae4_na_cell_source_fmol_s,ae4_k_cell_source_fmol_s,ae4_na_branch_export_fmol_s,ae4_k_branch_export_fmol_s,ae4_tic_cell_source_fmol_s,ae4_ta_cell_source_fmol_s,ae2_positive_cl_loading_fmol_s,nkcc1_unrestricted_demand_fmol_s,nkcc1_finite_capacity_fmol_s,nkcc1_capacity_constraint_active,cumulative_outflow_0_t_pL
0.0,0.000986443658562211,10.840906598145207,115.46796949077347,52.63496105172438,5.396560277363248,4.659296011839902,6.901795684420944,1.3240367983674797,301.39393400594406,-0.03450385182283003,-0.06785036102968445,-0.03334650920685442,0.0,0.0,0.0,1.0,0.008468417534965094,0.2365066564674329,0.005136335379180054,-0.0018042532245834129,0.23983873862510122,0.09628951012613347,0.11825332823371645,1.0,3467973.2850237326,0.0,0.041384526026267715,-0.002568167689590027,-0.002568167689590027,0.002568167689590027,0.002568167689590027,-0.010272670758360108,-0.010272670758360108,0.0,0.26088597423325033,0.11825332823371645,1.0,0.0
1e-06,0.000986443658562211,10.840906598145207,115.46796949077347,52.63496105172438,5.396560277363248,4.659296011839902,6.901795684420944,1.3240367983674797,301.39393400594406,-0.030730091043658495,-0.08043616481604166,-0.04970607377238316,1.0,0.10297860283126008,9.935924695427701e-12,2.3,0.01947736033041971,0.2365066564674329,0.005136335379180054,-0.0018042532245834129,0.5611984596498165,0.1386782447816305,0.11825332823371645,1.75,3467973.2850237326,0.20595720566252015,0.041384526026267715,-0.002568167689590027,-0.002568167689590027,0.002568167689590027,0.002568167689590027,-0.010272670758360108,-0.010272670758360108,0.0,0.4565504549081881,0.11825332823371645,1.0,9.864436585622111e-10
1.0,0.0012675083985241532,10.931254272546214,115.37815333775141,52.43556669875364,5.551663767738155,4.796241933997681,6.903820393149922,1.3233319504852423,301.75606794197415,-0.03067306329465139,-0.0804084736505246,-0.049735410355873214,1.0,0.10217109096703485,9.85801164501709e-12,2.3,0.01920761154588171,0.2365066564674329,0.008450283673963818,-0.0017325923074884327,0.526509917173273,0.1389123002311263,0.11825332823371645,1.75,3467731.8894152353,0.2043421819340697,0.0418385281455285,-0.004225141836981909,-0.004225141836981909,0.004225141836981909,0.004225141836981909,-0.016900567347927636,-0.016900567347927636,0.0,0.4566018464488307,0.11825332823371645,1.0,0.0011269758880108121
2.0,0.0014860160907581273,11.016646361560749,115.28842465358974,52.251108141931326,5.699274159061785,4.9267835388482215,6.905789197421378,1.3228711416778387,301.7180598822976,-0.030624938302748313,-0.08038045925012066,-0.049755520947372345,1.0,0.10137983886895033,9.781667423542758e-12,2.3,0.018949464041618094,0.2365066564674329,0.011615386042855363,-0.0016654187187272226,0.5005492641826674,0.13902124024487433,0.11825332823371645,1.75,3467577.0848775986,0.20275967773790066,0.04226243982559005,-0.005807693021427682,-0.005807693021427682,0.005807693021427682,0.005807693021427682,-0.023230772085710727,-0.023230772085710727,0.0,0.4566348064192104,0.11825332823371645,1.0,0.0025037381326519525
3.0,0.0016371351984781374,11.098193275589482,115.20486455973334,52.08174471595772,5.840128115032939,5.051541337170063,6.907703244251087,1.3225312358046901,301.68760903430524,-0.030599553904249895,-0.0803558413281478,-0.0497562874238979,1.0,0.10060175422371682,9.706593668129931e-12,2.3,0.018701829506399995,0.2365066564674329,0.01464581944833955,-0.0016023283802894337,0.47969953489298783,0.13907440963379827,0.11825332823371645,1.75,3468120.2748681875,0.20120350844743365,0.04266267155537995,-0.007322909724169775,-0.007322909724169775,0.007322909724169775,0.007322909724169775,-0.0292916388966791,-0.0292916388966791,0.0,0.4565191646205082,0.11825332823371645,1.0,0.004065313777270084
4.0,0.001738439696385935,11.176224430490413,115.12662047348006,51.92520907445228,5.9745717298212595,5.170800458255009,6.909563824069923,1.3222843258657282,301.66271714877155,-0.03058983315889206,-0.08033387535983608,-0.049744042200944014,1.0,0.09983804468273438,9.632906899425028e-12,2.3,0.018464127888770717,0.2365066564674329,0.017548074673747527,-0.001542984581889198,0.4626148854275085,0.139089107987821,0.11825332823371645,1.75,3469184.3474468626,0.19967608936546877,0.04304149260502388,-0.008774037336873763,-0.008774037336873763,0.008774037336873763,0.008774037336873763,-0.035096149347495054,-0.035096149347495054,0.0,0.4562927165506338,0.11825332823371645,1.0,0.005753101224702121
5.0,0.0018029645098949028,11.25100939888048,115.05303137949603,51.77976337351419,6.102918949865469,5.284819921497335,6.911372350906043,1.3221097687227061,301.6420553947757,-0.030591238282651766,-0.08031404582115582,-0.049722807538504055,1.0,0.09908973324848136,9.56070582216193e-12,2.3,0.018235827013935592,0.2365066564674329,0.020328002676946816,-0.001487095631996285,0.44840400962280746,0.13907643681783585,0.11825332823371645,1.75,3470640.8657618593,0.19817946649696272,0.0434007629166816,-0.010164001338473408,-0.010164001338473408,0.010164001338473408,0.010164001338473408,-0.04065600535389363,-0.04065600535389363,0.0,0.45598293645301147,0.11825332823371645,1.0,0.0075238033278425395
6.0,0.0018404658339178177,11.322776107458026,114.9835689532146,51.644031771201185,6.225459400952123,5.393839190677205,6.91313031309946,1.3219918225661513,301.624703094122,-0.030600718845069774,-0.08029597954132697,-0.049695260696257196,1.0,0.09835766854095085,9.490072315722518e-12,2.3,0.018016433366943176,0.2365066564674329,0.022991019410306693,-0.0014344043092722023,0.4364471585416402,0.1390438653042395,0.11825332823371645,1.75,3472393.8916665833,0.1967153370819017,0.04374205646251911,-0.011495509705153346,-0.011495509705153346,0.011495509705153346,0.011495509705153346,-0.045982038820613386,-0.045982038820613386,0.0,0.45561037734663384,0.11825332823371645,1.0,0.009345518499748899
7.0,0.0018582836756952327,11.391721915620387,114.91780014039291,51.516896963747485,6.342463115543387,5.498082089926673,6.914839239989352,1.3219182098730324,301.609996780394,-0.030616146001738766,-0.08027939643012728,-0.04966325042838852,1.0,0.09764253829916923,9.421072736835164e-12,2.3,0.017805486349573258,0.2365066564674329,0.025542214641495697,-0.001384681008960232,0.42629634698554086,0.138996609453456,0.11825332823371645,1.75,3474370.035347261,0.19528507659833846,0.0440667352217896,-0.012771107320747849,-0.012771107320747849,0.012771107320747849,0.012771107320747849,-0.051084429282991395,-0.051084429282991395,0.0,0.4551907717534508,0.11825332823371645,1.0,0.011194893254555425
8.0,0.0018619538735328068,11.458020821798538,114.85536283190855,51.397433074268534,6.454183620629093,5.597759329880836,6.916500678624358,1.3218791867127695,301.59744262293884,-0.030635988335230176,-0.08026407991625294,-0.04962809158102276,1.0,0.09694488371236458,9.353759302322276e-12,2.3,0.01760255434033863,0.2365066564674329,0.027986412979689484,-0.0013377189819028267,0.41761732020732445,0.13893842326403383,0.11825332823371645,1.75,3476512.094807769,0.19388976742472916,0.04437599701284475,-0.013993206489844742,-0.013993206489844742,0.013993206489844742,0.013993206489844742,-0.05597282595937897,-0.05597282595937897,0.0,0.4547363801476755,0.11825332823371645,1.0,0.013055012029169444
9.0,0.0018556497253322342,11.521828313499457,114.79594949012488,51.28486058698588,6.560860022912074,5.693070187063071,6.918116177277107,1.3218669187408958,301.58666345307955,-0.030659116812376642,-0.08024985845285738,-0.049590741640480746,1.0,0.09626511402536118,9.288171498306644e-12,2.3,0.017407231804453922,0.2365066564674329,0.030328208302675214,-0.0012933308823249632,0.4101541278839518,0.1388720755611366,0.11825332823371645,1.75,3478774.8571983515,0.19253022805072237,0.04467090788203103,-0.015164104151337607,-0.015164104151337607,0.015164104151337607,0.015164104151337607,-0.06065641660535043,-0.06065641660535043,0.0,0.4542568847128957,0.11825332823371645,1.0,0.014913813828601965
10.0,0.001842513851964031,11.583284875669198,114.7392954135391,51.17851416550299,6.662718604677272,5.7842037752150555,6.919687273167803,1.321875037726894,301.5773644645463,-0.03068468151801666,-0.08023659328484974,-0.04955191176683307,1.0,0.09560352014054017,9.224337392601129e-12,2.3,0.017219137016016718,0.2365066564674329,0.03257198695279946,-0.0012513460743416183,0.40370636114847763,0.13879965148340223,0.11825332823371645,1.75,3481122.147324867,0.19120704028108035,0.044952425594685506,-0.01628599347639973,-0.01628599347639973,0.01628599347639973,0.01628599347639973,-0.06514397390559892,-0.06514397390559892,0.0,0.4537600199728336,0.11825332823371645,1.0,0.016762895617250098
11.0,0.001824899106209521,11.642518420285473,114.68517056733369,51.07782028753769,6.75997390837038,5.8713398872737015,6.921215483848821,1.321898333306036,301.5693112070503,-0.03071203230539047,-0.08022417040776178,-0.04951213810237131,1.0,0.09496028828302354,9.16227495319847e-12,2.3,0.017037910227097483,0.2365066564674329,0.03472193976278522,-0.001211608591063869,0.39811432311584527,0.13872274710902452,0.11825332823371645,1.75,3483524.8268363727,0.18992057656604708,0.04522141641402445,-0.01736096988139261,-0.01736096988139261,0.01736096988139261,0.01736096988139261,-0.06944387952557043,-0.06944387952557043,0.0,0.45325200207568256,0.11825332823371645,1.0,0.018596602096336873
12.0,0.0018045583360451285,11.699646244159432,114.63337315685148,50.98227975208439,6.852829735108515,5.954649772855825,6.922702300411618,1.3219325143669691,301.5623140492488,-0.03074066459379345,-0.080212494753795,-0.04947183016000155,1.0,0.09433551187005873,9.101993193492819e-12,2.3,0.016863212077212184,0.2365066564674329,0.036782074099990084,-0.001173975383853947,0.39324868758702836,0.13864260222463398,0.11825332823371645,1.75,3485959.2486328734,0.18867102374011746,0.04547866855416663,-0.018391037049995042,-0.018391037049995042,0.018391037049995042,0.018391037049995042,-0.07356414819998017,-0.07356414819998017,0.0,0.45273786126070154,0.11825332823371645,1.0,0.0204113308174642
13.0,0.0017827849631910947,11.754776477951156,114.58372488676316,50.89145482025027,6.9414799092059205,6.0342967225769515,6.924149182685621,1.3219740342883288,301.5562177011368,-0.030770182450473686,-0.08020148614490383,-0.04943130369443014,1.0,0.09372920281234046,9.043493262691507e-12,2.3,0.016694722218067917,0.2365066564674329,0.03875622189951089,-0.0011383149091826802,0.38900335929239416,0.13856019099649572,0.11825332823371645,1.75,3488406.1514245206,0.1874584056246809,0.04572490246169795,-0.019378110949755445,-0.019378110949755445,0.019378110949755445,0.019378110949755445,-0.07751244379902178,-0.07751244379902178,0.0,0.45222168051459005,0.11825332823371645,1.0,0.022205002467082312
14.0,0.0017605200782166127,11.808009202591535,114.53606733401324,50.80495939552058,7.026108889295848,6.1104365271975265,6.9255575557027615,1.3220199578977188,301.5508935914817,-0.030800272676042392,-0.08019107636921266,-0.04939080369317027,1.0,0.09314130209263109,8.986769466496762e-12,2.3,0.016532138103522696,0.2365066564674329,0.040648045718115755,-0.0011045059531475992,0.3852903908980256,0.13847628561727068,0.11825332823371645,1.75,3490849.8361077975,0.18628260418526219,0.045960778968940116,-0.020324022859057878,-0.020324022859057878,0.020324022859057878,0.020324022859057878,-0.08129609143623151,-0.08129609143623151,0.0,0.4517067739598159,0.11825332823371645,1.0,0.023976654987786165
15.0,0.001738437115567107,11.859437411125185,114.49025892325717,50.72245089796106,7.10689237979255,6.183217944032024,6.926928807038498,1.3220678530428942,301.5462342062188,-0.030830685766943193,-0.08018120690274864,-0.04935052113580545,1.0,0.09257168889006984,8.931810147467703e-12,2.3,0.016375173869739464,0.2365066564674329,0.0424610462736094,-0.0010724365782292366,0.38203616181144234,0.13839150298236386,0.11825332823371645,1.75,3493277.493072479,0.18514337778013967,0.04618690627125509,-0.0212305231368047,-0.0212305231368047,0.0212305231368047,0.0212305231368047,-0.0849220925472188,-0.0849220925472188,0.0,0.4511958326641577,0.11825332823371645,1.0,0.025726133584678026
16.0,0.0017170057946748975,11.90914776753731,114.44617256513975,50.64362393676913,7.18399783656173,6.252783077937848,6.928264284997681,1.32211570659398,301.5421489521222,-0.030861222121176736,-0.08017182721616285,-0.04931060509498612,1.0,0.09202018906149192,8.87859850334324e-12,2.3,0.016223559323053666,0.2365066564674329,0.0441985686574978,-0.0010420032320190363,0.37917856935520444,0.13830633853293425,0.11825332823371645,1.75,3495678.693490742,0.18404037812298385,0.04640384560931607,-0.0220992843287489,-0.0220992843287489,0.0220992843287489,0.0220992843287489,-0.0883971373149956,-0.0883971373149956,0.0,0.45069103519682385,0.11825332823371645,1.0,0.027453855039799028
17.0,0.0016965416764599729,11.957221246830962,114.40369371044352,50.568205123008134,7.257584932344039,6.319267732988142,6.929565297397819,1.3221618563335593,301.53856098587835,-0.030891721692650958,-0.08016289344700576,-0.0492711717543548,1.0,0.09148658272463525,8.827113318710287e-12,2.3,0.016077039003954238,0.2365066564674329,0.04586380862513065,-0.0010131099623133589,0.37666488200898685,0.13822119159148386,0.11825332823371645,1.75,3498044.9808330573,0.1829731654492705,0.046612116113062436,-0.022931904312565324,-0.022931904312565324,0.022931904312565324,0.022931904312565324,-0.0917276172502613,-0.0917276172502613,0.0,0.4501941364797265,0.11825332823371645,1.0,0.029160628775366463
18.0,0.0016772447069004022,12.003733693468426,114.36271870698536,50.4959487139994,7.327806007123952,6.3828017562785275,6.9308331108725465,1.322204934620559,301.53540473052266,-0.030922056065101768,-0.08015436732872708,-0.04923231126362531,1.0,0.09097061089493727,8.777329605357313e-12,2.3,0.015935371307491963,0.2365066564674329,0.04745981935181995,-0.000985667713034763,0.37445005940350423,0.138136384722874,0.11825332823371645,1.75,3500369.5341680646,0.18194122178987454,0.04681219902577521,-0.023729909675909974,-0.023729909675909974,0.023729909675909974,0.023729909675909974,-0.0949196387036399,-0.0949196387036399,0.0,0.44970654100429475,0.11825332823371645,1.0,0.03084752196704665
19.0,0.0016592283195868724,12.048756269815408,114.32315348708616,50.42663314253897,7.394806437599599,6.443509315899545,6.932068950530508,1.322243823651459,301.53262399432924,-0.03095212248529065,-0.08014621536541472,-0.049194092880124066,1.0,0.09047198171197793,8.729219203034758e-12,2.3,0.01579832768362568,0.2365066564674329,0.048989517003423494,-0.000959593722492413,0.37249547172261027,0.1380521782959919,0.11825332823371645,1.75,3502646.908493285,0.18094396342395586,0.04700454122875187,-0.024494758501711747,-0.024494758501711747,0.024494758501711747,0.024494758501711747,-0.09797903400684699,-0.09797903400684699,0.0,0.4492293594037794,0.11825332823371645,1.0,0.032515758480290285
20.0,0.001642542319417459,12.09235586077781,114.284912423602,50.360058008855496,7.458725001927234,6.5015091789392505,6.93327399991302,1.3222776173124386,301.5301704392746,-0.0309818391196419,-0.08013840813631948,-0.04915656901667757,1.0,0.08999037585934226,8.682751302392269e-12,2.3,0.01566569188259833,0.2365066564674329,0.050455686762241755,-0.0009348109757159081,0.370767858657725,0.13796878200924428,0.11825332823371645,1.75,3504872.812464792,0.17998075171868452,0.047189558391806406,-0.025227843381120878,-0.025227843381120878,0.025227843381120878,0.025227843381120878,-0.10091137352448351,-0.10091137352448351,0.0,0.44876345678435575,0.11825332823371645,1.0,0.03416664379979245
21.0,0.0016271905508253278,12.134595443032373,114.24791732854068,50.29604146367313,7.519694245013078,6.556914993936501,6.934449401282376,1.3223055886613482,301.52800232564067,-0.031011141252858546,-0.08013091970614175,-0.049119778453283205,1.0,0.08952545121167879,8.637892893351685e-12,2.3,0.015537259233977124,0.2365066564674329,0.05186098928355025,-0.0009112477032243252,0.36923847563185713,0.13788636409113297,0.11825332823371645,1.75,3507043.9182815533,0.17905090242335758,0.04736763780969613,-0.025930494641775124,-0.025930494641775124,0.025930494641775124,0.025930494641775124,-0.1037219785671005,-0.1037219785671005,0.0,0.44830949396927167,0.11825332823371645,1.0,0.03580151023491385
22.0,0.0016131440013923332,12.17553436095638,114.21209668378351,50.23441819523682,7.57784073707196,6.609835483347476,6.935596255904867,1.32232716458767,301.5260835668772,-0.031039978418968793,-0.08012372718146744,-0.04908374876249865,1.0,0.08907684751490902,8.594609216678594e-12,2.3,0.015412836014816265,0.2365066564674329,0.05320796511852391,-0.00088883696868717,0.3678824486739701,0.13780505823569067,0.11825332823371645,1.75,3509157.7221043697,0.17815369502981804,0.04753914070134557,-0.026603982559261954,-0.026603982559261954,0.026603982559261954,0.026603982559261954,-0.10641593023704782,-0.10641593023704782,0.0,0.44786795787451084,0.11825332823371645,1.0,0.037421677511022676
23.0,0.0016003515876466092,12.215228687961895,114.1773847716403,50.175037194107084,7.633285513415506,6.660374798291123,6.936715625072211,1.322341899830606,301.52438278521345,-0.03106831170659206,-0.08011681022569479,-0.04904849851910273,1.0,0.0886441891950664,8.552864034994098e-12,2.3,0.015292238746569781,0.2365066564674329,0.05449904341013648,-0.0008675162102238002,0.3666781305839503,0.13772497005846102,0.11825332823371645,1.75,3511212.3835082725,0.1772883783901328,0.04770440474798211,-0.02724952170506824,-0.02724952170506824,0.02724952170506824,0.02724952170506824,-0.10899808682027295,-0.10899808682027295,0.0,0.44743919601332083,0.11825332823371645,1.0,0.039028425305542146
24.0,0.0015887473298570043,12.253731421625872,114.14372114930165,50.11776038610513,7.686144271995353,6.708632663885832,6.9378085306938155,1.322349460060893,301.52287271281824,-0.031096111990784565,-0.0801101507717442,-0.04901403878095964,1.0,0.08822708925114098,8.51262000837722e-12,2.3,0.015175293649480344,0.2365066564674329,0.05573654541937452,-0.0008472269226394246,0.3656066934857499,0.13764618134798448,0.11825332823371645,1.75,3513206.638624861,0.17645417850228196,0.047863745818659834,-0.02786827270968726,-0.02786827270968726,0.02786827270968726,0.02786827270968726,-0.11147309083874904,-0.11147309083874904,0.0,0.4470234353872823,0.11825332823371645,1.0,0.040622974764293954
25.0,0.001578256268629405,12.291092648598122,114.11105018946388,50.06246143669161,7.7365275272825045,6.754704488226717,6.9388759556492685,1.3223496068033231,301.5215296819663,-0.03112335842331439,-0.0801037327685785,-0.048980374345264116,1.0,0.0878251529753797,8.473839053319316e-12,2.3,0.01506183616332036,0.2365066564674329,0.056922687349889395,-0.0008279143798844145,0.36465177897138806,0.1375687536687579,0.11825332823371645,1.75,3515139.7228373103,0.1756503059507594,0.04801745948393649,-0.028461343674944697,-0.028461343674944697,0.028461343674944697,0.028461343674944697,-0.11384537469977879,-0.11384537469977879,0.0,0.4466207992312746,0.11825332823371645,1.0,0.04220647656353716
26.0,0.0015687990219523413,12.327359846807733,114.07932043665338,50.009024125407876,7.784541039794405,6.798681716610577,6.9399188454175045,1.322342180076219,301.520333019006,-0.03115003682165495,-0.08009754184351459,-0.048947505021859634,1.0,0.08743797926812143,8.436482469586371e-12,2.3,0.014951710316268725,0.2365066564674329,0.05805958925970402,-0.0008095272654894099,0.36379908363241464,0.13749273218506317,0.11825332823371645,1.75,3517011.259675504,0.17487595853624285,0.048165823016109714,-0.02902979462985201,-0.02902979462985201,0.02902979462985201,0.02902979462985201,-0.11611917851940803,-0.11611917851940803,0.0,0.4462313306515978,0.11825332823371645,1.0,0.043780004208828036
27.0,0.0015602947580716704,12.362578064961323,114.04848419984621,49.95734130933501,7.83028605296557,6.840652018789181,6.9409381091973446,1.3223270867788923,301.51926465051554,-0.03117613859416116,-0.08009156509325216,-0.048915426499091,1.0,0.0870651628605883,8.400511154685751e-12,2.3,0.014844768228199655,0.2365066564674329,0.05914927983941258,-0.0007920174087455088,0.36303609059603614,0.13741814821535028,0.11825332823371645,1.75,3518821.197719606,0.1741303257211766,0.048309096798447755,-0.02957463991970629,-0.02957463991970629,0.02957463991970629,0.02957463991970629,-0.11829855967882516,-0.11829855967882516,0.0,0.4458550061222367,0.11825332823371645,1.0,0.045344551098840044
28.0,0.0015526635621283425,12.396789999959212,114.01849731220979,49.90731429494654,7.873859345506667,6.880699315130528,6.9419346201706915,1.3223042923361592,301.5183088440193,-0.031201659967596527,-0.08008579095580866,-0.048884130988212135,1.0,0.0867062974952809,8.365885910727703e-12,2.3,0.01474086976243151,0.2365066564674329,0.060193697334176774,-0.000775339612307819,0.36235189175121885,0.1373450210576922,0.11825332823371645,1.75,3520569.775904322,0.1734125949905618,0.04844752525402072,-0.030096848667088387,-0.030096848667088387,0.030096848667088387,0.030096848667088387,-0.12038739466835355,-0.12038739466835355,0.0,0.44549174298269933,0.11825332823371645,1.0,0.04690103025894005
29.0,0.001545828112496267,12.430036172492096,113.989318759911,49.8588519052695,7.9153534808226125,6.918903978315591,6.942909216707995,1.3222738107542578,301.5174518741323,-0.031226601116169154,-0.08008020902280208,-0.04885360790663293,1.0,0.08636097736853479,8.332567583610882e-12,2.3,0.014639882068391463,0.2365066564674329,0.0611946947661418,-0.0007594514145291715,0.3617369598465966,0.13727336004568802,0.11825332823371645,1.75,3522257.4655535286,0.17272195473706958,0.04858133812238822,-0.0305973473830709,-0.0305973473830709,0.0305973473830709,0.0305973473830709,-0.1223893895322836,-0.1223893895322836,0.0,0.4451414117000227,0.11825332823371645,1.0,0.04845027609625236
30.0,0.001539714341354001,12.4623552400419,113.96091015228662,49.811869183456594,7.95485735667455,6.955343302778145,6.943862705369927,1.3222356937181172,301.5166816214614,-0.031250965245817185,-0.08007480979079216,-0.04882384454497498,1.0,0.08602879604666054,8.300516958445785e-12,2.3,0.01454167892640261,0.2365066564674329,0.062154051528570606,-0.0007443127518820933,0.3611828715428607,0.1372031667302692,0.11825332823371645,1.75,3523884.890529036,0.17205759209332108,0.04871075223000455,-0.031077025764285303,-0.031077025764285303,0.031077025764285303,0.031077025764285303,-0.12430810305714121,-0.12430810305714121,0.0,0.44480385258720934,0.11825332823371645,1.0,0.0499930473231775
31.0,0.0015342529650065413,12.493783763391678,113.93323595473505,49.76628790712006,7.992455666171934,6.990091012442579,6.944795858143157,1.3221900302704517,301.51598764754436,-0.03127475852614697,-0.08006958475254244,-0.04879482622639547,1.0,0.08570935303951341,8.269695393807784e-12,2.3,0.01444614087100548,0.2365066564674329,0.06307346188359468,-0.0007298860600008302,0.36068236242145196,0.13713443500412548,0.11825332823371645,1.75,3525452.868399853,0.17141870607902682,0.04883597100925723,-0.03153673094179734,-0.03153673094179734,0.03153673094179734,0.03153673094179734,-0.12614692376718936,-0.12614692376718936,0.0,0.44447886735425257,0.11825332823371645,1.0,0.05153003097635777
32.0,0.001529378794754932,12.524356742918586,113.90626269475258,49.72203468851302,8.028229927178785,7.02321815790218,6.945709418236772,1.3221369340605507,301.5153606688809,-0.03129798906318173,-0.08006452604383874,-0.048766536980657006,1.0,0.08540224866565474,8.240064326300525e-12,2.3,0.014353154225872277,0.2365066564674329,0.06395455675132795,-0.0007161357759157673,0.36022896309233043,0.1370671535779353,0.11825332823371645,1.75,3526962.293619596,0.17080449733130948,0.048957187075347526,-0.03197727837566398,-0.03197727837566398,0.03197727837566398,0.03197727837566398,-0.1279091135026559,-0.1279091135026559,0.0,0.44416624339337507,0.11825332823371645,1.0,0.053061846856238506
33.0,0.0015250319180741324,12.554107364336076,113.87995923120978,49.6790415778868,8.062257906512299,7.054792593683903,6.946604097034805,1.3220765437779012,301.51479266408666,-0.03132066690811982,-0.08005962655004445,-0.04873895964192463,1.0,0.08510709044610638,8.211585887459453e-12,2.3,0.014262611292561615,0.2365066564674329,0.06479889150190232,-0.00070302847116213,0.3598170744221695,0.1370013059200586,0.11825332823371645,1.75,3528414.181241975,0.17021418089221277,0.049074581589487944,-0.03239944575095116,-0.03239944575095116,0.03239944575095116,0.03239944575095116,-0.12959778300380465,-0.12959778300380465,0.0,0.443865744734352,0.11825332823371645,1.0,0.05458905221265304
34.0,0.001521157004718643,12.583067333014297,113.85429626709212,49.63724490293638,8.094614266236222,7.084879539191564,6.947480578008485,1.322009015605038,301.5142765562734,-0.031342803456899014,-0.08005487969678243,-0.04871207623988342,1.0,0.08482349030643833,8.184222633794303e-12,2.3,0.0141744096777864,0.2365066564674329,0.06560795959286003,-0.0006905325256626787,0.3594417502377439,0.13693687171279814,0.11825332823371645,1.75,3529809.601479085,0.16964698061287667,0.04918832594380596,-0.032803979796430016,-0.032803979796430016,0.032803979796430016,0.032803979796430016,-0.13121591918572006,-0.13121591918572006,0.0,0.4435771255999032,0.11825332823371645,1.0,0.05611214667404943
35.0,0.001517703496000017,12.611266869640522,113.82924630693091,49.59658514789606,8.125370514352698,7.1135415243755435,6.948339516659904,1.3219345207264415,301.51380615738475,-0.03136441124456527,-0.08005027942786494,-0.04868586818329967,1.0,0.08455106671497993,8.157937753095117e-12,2.3,0.014088452135038745,0.2365066564674329,0.06638319151084582,-0.0006786180752384954,0.3590986567739369,0.13687382733653272,0.11825332823371645,1.75,3531149.6775518283,0.16910213342995986,0.049298582061777174,-0.03319159575542291,-0.03319159575542291,0.03319159575542291,0.03319159575542291,-0.13276638302169164,-0.13276638302169164,0.0,0.4433001308231236,0.11825332823371645,1.0,0.05763157692440876
36.0,0.0015146255740908611,12.63873474926445,113.80478355972934,49.55700671028305,8.154595043707271,7.140838414206005,6.949181540921922,1.321853242339657,301.5133760751338,-0.03138550370298728,-0.08004582016048523,-0.048660316457497944,1.0,0.08428944602142842,8.132695193588334e-12,2.3,0.014004646356959506,0.2365066564674329,0.06712595559735175,-0.0006672569310671585,0.3587840124024092,0.13681214644354356,0.11825332823371645,1.75,3532435.5752561786,0.16857889204285684,0.04940550284957057,-0.033562977798675876,-0.033562977798675876,0.033562977798675876,0.033562977798675876,-0.1342519111947035,-0.1342519111947035,0.0,0.44303449797118183,0.11825332823371645,1.0,0.0591477414594542
37.0,0.0015118812347257066,12.665498587218995,113.78088357096738,49.51845703996221,8.182353727179507,7.166827928482664,6.9500072551850005,1.3217653717124123,301.512981515002,-0.03140609486121574,-0.0800414966442757,-0.048635401783059966,1.0,0.08403825944881846,8.108459373705978e-12,2.3,0.0139229043621011,0.2365066564674329,0.06783757049840664,-0.0006564223038611048,0.35849444758744164,0.1367518007224454,0.11825332823371645,1.75,3533668.4634027155,0.16807651889763692,0.04950923358322651,-0.03391878524920332,-0.03391878524920332,0.03391878524920332,0.03391878524920332,-0.13567514099681327,-0.13567514099681327,0.0,0.4427799654705842,0.11825332823371645,1.0,0.060660994863862484
38.0,0.0015094332986827054,12.691584524588334,113.7575235353654,49.48088733620237,8.208709179618998,7.191564977368087,6.9508172356716855,1.3216711076479362,301.51261837973203,-0.031426199280897016,-0.08003730406877164,-0.04861110478787463,1.0,0.08379714999329596,8.085195847812617e-12,2.3,0.0138431428941183,0.2365066564674329,0.06851928973164871,-0.0006460890177167059,0.35822707763956985,0.13669275999057268,0.11825332823371645,1.75,3534849.54813209,0.16759429998659192,0.04960991093236325,-0.034259644865824355,-0.034259644865824355,0.034259644865824355,0.034259644865824355,-0.13703857946329742,-0.13703857946329742,0.0,0.442536265464823,0.11825332823371645,1.0,0.06217165213056669
39.0,0.0015072474827559246,12.717017798064358,113.73468163780201,49.44425103603602,8.233722009243188,7.215102766533338,6.951612038897308,1.3215706525528073,301.5122829675251,-0.03144583177893177,-0.08003323782749787,-0.0485874060485661,1.0,0.08356576417534095,8.06287051031937e-12,2.3,0.013765282330568512,0.2365066564674329,0.06917232780724482,-0.0006362330113134665,0.3579792909030885,0.13663499297053197,0.11825332823371645,1.75,3535980.0077686943,0.1671315283506819,0.0497076654013332,-0.03458616390362241,-0.03458616390362241,0.03458616390362241,0.03458616390362241,-0.13834465561448964,-0.13834465561448964,0.0,0.4423031372020535,0.11825332823371645,1.0,0.063679992521286
40.0,0.0015052938063902566,12.741822273128443,113.71233752739373,49.40850487633759,8.257449729608885,7.2374918222377564,6.9523921946027905,1.3214642121632738,301.51197213392425,-0.031465007375447544,-0.08002929367927433,-0.04856428630382679,1.0,0.08334376138468703,8.04145049733156e-12,2.3,0.013689247370365308,0.2365066564674329,0.06979783750693763,-0.0006268316839652815,0.35774886439307946,0.13657846732432088,0.11825332823371645,1.75,3537061.039840173,0.16668752276937407,0.049802619732281776,-0.034898918753468816,-0.034898918753468816,0.034898918753468816,0.034898918753468816,-0.13959567501387526,-0.13959567501387526,0.0,0.4420803172675976,0.11825332823371645,1.0,0.0651862631658591
41.0,0.0015035447207338683,12.766021011270041,113.69047169349004,49.37360747539479,8.27994803489013,7.258781119867915,6.953158214590128,1.3213519933089861,301.5116830340619,-0.03148374115316809,-0.08002546753649156,-0.04854172638332347,1.0,0.08313080517941074,8.020903347138462e-12,2.3,0.01361496593720382,0.2365066564674329,0.07039693644034362,-0.000617863403070266,0.35753378246178646,0.13652315011496952,0.11825332823371645,1.75,3538093.8066150537,0.16626161035882148,0.04989489128403002,-0.03519846822017181,-0.03519846822017181,0.03519846822017181,0.03519846822017181,-0.14079387288068723,-0.14079387288068723,0.0,0.4418675507501406,0.11825332823371645,1.0,0.06669068242942117
42.0,0.0015019762797111092,12.78963584075733,113.66906588546793,49.33952026750397,8.301269782467763,7.2790171721222725,6.953910585941562,1.3212342028132558,301.5114132496865,-0.03150204814313694,-0.08002175560199444,-0.0485197074588575,1.0,0.08292657195319021,8.001197836476636e-12,2.3,0.013542369835394556,0.2365066564674329,0.07097068582430265,-0.0006093078277401703,0.3573323279804142,0.13646900799694078,0.11825332823371645,1.75,3539079.4715563073,0.16585314390638042,0.04998459056264117,-0.03548534291215132,-0.03548534291215132,0.03548534291215132,0.03548534291215132,-0.1419413716486053,-0.1419413716486053,0.0,0.44166458366035644,0.11825332823371645,1.0,0.06819344292964366
43.0,0.0015005665559522181,12.812687866025541,113.64810257814653,49.30620629809796,8.321466162781451,7.298245065615924,6.954649779326955,1.3211110468364933,301.51116059220317,-0.03151994330617444,-0.08001815419773524,-0.0484982108915608,1.0,0.08273074280717516,7.982303196284597e-12,2.3,0.013471393745511387,0.2365066564674329,0.0715201147900145,-0.0006011454663785686,0.35714294327920765,0.13641600738160733,0.11825332823371645,1.75,3540019.159577946,0.1654614856143503,0.050071823332161244,-0.03576005739500725,-0.03576005739500725,0.03576005739500725,0.03576005739500725,-0.143040229580029,-0.143040229580029,0.0,0.4414711710533111,0.11825332823371645,1.0,0.06969471434747532
44.0,0.0014992965851305246,12.835197078754717,113.62756533854538,49.27363103541107,8.340585762711791,7.316507621232346,6.955376242627688,1.3209827291626732,301.51092319958855,-0.031537441373880815,-0.08001465987980043,-0.048477218505919614,1.0,0.08254301148514852,7.96418987732953e-12,2.3,0.013401975836187277,0.2365066564674329,0.07204620085802352,-0.0005933579741031111,0.3569643000620258,0.13636411474522414,0.11825332823371645,1.75,3540913.984571059,0.16508602297029704,0.05015668928548842,-0.03602310042901176,-0.03602310042901176,0.03602310042901176,0.03602310042901176,-0.14409240171604704,-0.14409240171604704,0.0,0.4412870712949215,0.11825332823371645,1.0,0.07119464591801669
45.0,0.0014981490523891944,12.857182817029761,113.60743836437896,49.24176133831948,8.35867564018301,7.333846347451918,6.956090408717528,1.3208494516766707,301.5106993858012,-0.03155455691593961,-0.08001126929816334,-0.048456712382223724,1.0,0.08236307678641659,7.946828818162467e-12,2.3,0.013334056844880149,0.2365066564674329,0.07254989222885315,-0.0005859277538993186,0.3567951927205239,0.13631329658102637,0.11825332823371645,1.75,3541765.0207038727,0.16472615357283318,0.05023928392507276,-0.036274946114426575,-0.036274946114426575,0.036274946114426575,0.036274946114426575,-0.1450997844577063,-0.1450997844577063,0.0,0.44111205190680375,0.11825332823371645,1.0,0.07269336873677655
46.0,0.0014971090465237481,12.878663411966052,113.58770680661034,49.21056616658524,8.37578046114788,7.350300666494177,6.956792689486049,1.3207114122449077,301.51048771476366,-0.03157130415294667,-0.08000797929465657,-0.0484366751417099,1.0,0.082190649841181,7.930192147084975e-12,2.3,0.013267580647279011,0.2365066564674329,0.0730320897912117,-0.0005788382303757679,0.35663459195955294,0.13626351978608847,0.11825332823371645,1.75,3542573.3231789214,0.164381299682362,0.05031969735732837,-0.03651604489560585,-0.03651604489560585,0.03651604489560585,0.03651604489560585,-0.1460641795824234,-0.1460641795824234,0.0,0.4409458852347314,0.11825332823371645,1.0,0.07419099778623302
47.0,0.0014961629875784727,12.899656602951348,113.56835636811837,49.18001568939216,8.391943487815443,7.365908791950071,6.957483483104172,1.3205688059899579,301.5102868852137,-0.03158769708251035,-0.08000478678671646,-0.048417089704206114,1.0,0.08202544703374674,7.914252499342523e-12,2.3,0.013202493416382115,0.2365066564674329,0.07349366759684615,-0.0005720734890414253,0.35648156291881766,0.13621475146210035,0.11825332823371645,1.75,3543339.9077780913,0.16405089406749349,0.05039801597465497,-0.03674683379842308,-0.03674683379842308,0.03674683379842308,0.03674683379842308,-0.1469873351936923,-0.1469873351936923,0.0,0.44078835259765364,0.11825332823371645,1.0,0.07568763380328412
48.0,0.0014952992243816993,12.920179215811116,113.54937358910179,49.150081911193716,8.407205782908582,7.38070701509071,6.958163168436399,1.3204218229205191,301.5100957871931,-0.03160374927612289,-0.0800016888519589,-0.048397939575836005,1.0,0.0818671966809647,7.898983661496241e-12,2.3,0.013138744151449978,0.2365066564674329,0.07393545626196747,-0.000565618528580857,0.3563353063275643,0.1361669593521237,0.11825332823371645,1.75,3544065.766497649,0.1637343933619294,0.05047432135932015,-0.036967728130983736,-0.036967728130983736,0.036967728130983736,0.036967728130983736,-0.14787091252393494,-0.14787091252393494,0.0,0.44063924101800805,0.11825332823371645,1.0,0.07718336490926421
49.0,0.0014945071696087027,12.940247539408018,113.53074549567586,49.12073789575111,8.421607119301926,7.394730513478332,6.958832111808739,1.3202706497499501,301.5099134140029,-0.03161947404392515,-0.0799986826304772,-0.04837920858655205,1.0,0.08171563243621671,7.884359935004215e-12,2.3,0.013076283908961199,0.2365066564674329,0.07435826180045157,-0.0005594589336887335,0.3561950956400152,0.1361201115365872,0.11825332823371645,1.75,3544751.8532123608,0.16343126487243342,0.05054869179280432,-0.03717913090022579,-0.03717913090022579,0.03717913090022579,0.03717913090022579,-0.14871652360090315,-0.14871652360090315,0.0,0.44049834611559513,0.11825332823371645,1.0,0.07867826810625941
50.0,0.001493777770027452,12.959877031943646,113.51245985379435,49.091958321125205,8.435185245936667,7.408012692445069,6.959490661795315,1.3201154673903848,301.5097389053528,-0.03163488422453527,-0.07999576539880736,-0.04836088117427209,1.0,0.08157049942593299,7.870356728305415e-12,2.3,0.013015066293217307,0.2365066564674329,0.07476285029656825,-0.000553581107766368,0.3560603086459175,0.1360741768983792,0.11825332823371645,1.75,3545399.095442416,0.16314099885186598,0.05062120125722975,-0.037381425148284124,-0.037381425148284124,0.037381425148284124,0.037381425148284124,-0.1495257005931365,-0.1495257005931365,0.0,0.4403654696406407,0.11825332823371645,1.0,0.08017241057607749
51.0,0.0014931028156682958,12.979082663358806,113.49450485960779,49.06371879931362,8.447976725739291,7.42058593059486,6.9601391555105785,1.319956453125445,301.50957148003937,-0.0316499923735752,-0.0799929344866271,-0.0483429421130519,1.0,0.08143154810602868,7.856949964055934e-12,2.3,0.012955046753152481,0.2365066564674329,0.07514996524846011,-0.0005479719754628078,0.35593037917938963,0.13602912474891782,0.11825332823371645,1.75,3546008.3845267394,0.16286309621205736,0.050691920793740027,-0.037574982624230056,-0.037574982624230056,0.037574982624230056,0.037574982624230056,-0.15029993049692023,-0.15029993049692023,0.0,0.44024042144534375,0.11825332823371645,1.0,0.08166585086892536
52.0,0.0014924753077499382,12.997878646858387,113.47686936648473,49.03599637121447,8.46001625817757,7.432480971983368,6.96077791375349,1.3197937780525877,301.50941046893035,-0.03166481055286279,-0.079990187342232,-0.048325376789369205,1.0,0.08129853990493649,7.844116623598872e-12,2.3,0.01289618303677699,0.2365066564674329,0.07552031340500254,-0.0005426191974608039,0.35580482142666814,0.13598492530568873,0.11825332823371645,1.75,3546580.5844748737,0.16259707980987298,0.05076091759128447,-0.03776015670250127,-0.03776015670250127,0.03776015670250127,0.03776015670250127,-0.15104062681000507,-0.15104062681000507,0.0,0.44012301762268347,0.11825332823371645,1.0,0.08315863993063448
53.0,0.0014918889113333502,13.016278750882186,113.45954261058462,49.008768906069164,8.47133745155957,7.443727613777498,6.961407246848434,1.3196276094687722,301.5092552634785,-0.03167935053175896,-0.07998752146047364,-0.04830817092871468,1.0,0.08117124150540399,7.831834195241633e-12,2.3,0.012838434548242105,0.2365066564674329,0.07587458075291126,-0.0005375108994548606,0.3556831928038969,0.13594154927441143,0.11825332823371645,1.75,3547116.5254351185,0.16234248301080798,0.05082825621228922,-0.03793729037645563,-0.03793729037645563,0.03793729037645563,0.03793729037645563,-0.15174916150582252,-0.15174916150582252,0.0,0.44001308180602994,0.11825332823371645,1.0,0.08465082204017613
54.0,0.0014913382417200693,13.034296053339133,113.44251441470692,48.98201554511096,8.48197219772176,7.454354145114942,6.962027450128759,1.3194581083217825,301.50910534096477,-0.03169362358023191,-0.07998493444136234,-0.048291310861130435,1.0,0.08104943003696519,7.82008117525329e-12,2.3,0.012781762768328785,0.2365066564674329,0.07621341942269494,-0.0005326358705028578,0.35556511267743174,0.13589896832744727,0.11825332823371645,1.75,3547617.0103540733,0.16209886007393037,0.050893997760011536,-0.03810670971134747,-0.03810670971134747,0.03810670971134747,0.03810670971134747,-0.15242683884538988,-0.15242683884538988,0.0,0.4399104437642221,0.11825332823371645,1.0,0.08614243561670283
55.0,0.0014908184337265068,13.051943226370868,113.42577494380137,48.95571616821823,8.491951384153957,7.464387981638561,6.962638809352075,1.3192854317046274,301.5089602251055,-0.031707640675084456,-0.07998242392684253,-0.048274783251758074,1.0,0.08093288775724386,7.808836554688355e-12,2.3,0.01272613066659427,0.2365066564674329,0.07653746243713683,-0.0005279833156451472,0.3554502338003499,0.13585715466138443,0.11825332823371645,1.75,3548082.810827781,0.16186577551448772,0.05095820098696432,-0.038268731218568414,-0.038268731218568414,0.038268731218568414,0.038268731218568414,-0.15307492487427365,-0.15307492487427365,0.0,0.4398149402167613,0.11825332823371645,1.0,0.08763351395442612
56.0,0.0014903253635951104,13.069232311109442,113.4093148887019,48.92985179330896,8.501304316743425,7.473855147397024,6.9632415965043,1.3191097303589017,301.5088195054033,-0.031721412299971975,-0.07997998765375375,-0.04825857535378177,1.0,0.08082140683212068,7.798080280602802e-12,2.3,0.012671503090084439,0.2365066564674329,0.07684731160140018,-0.0005235430391386528,0.3553382567572513,0.13581608146801813,0.11825332823371645,1.75,3548514.67211565,0.16164281366424135,0.05102092153320405,-0.03842365580070009,-0.03842365580070009,0.03842365580070009,0.03842365580070009,-0.15369462320280036,-0.15369462320280036,0.0,0.4397264137719961,0.11825332823371645,1.0,0.08912408585308693
57.0,0.001489855312023386,13.086174978008154,113.39312524729284,48.90440410010241,8.510059376613833,7.482780860500901,6.963836074815374,1.3189311512018553,301.5086828069842,-0.03173494865083829,-0.07997762339762375,-0.04824267474678546,1.0,0.08071478439190956,7.787792779047586e-12,2.3,0.012617846225802308,0.2365066564674329,0.0771435511174526,-0.0005193052183093662,0.3552289079587759,0.1357757224815932,0.11825332823371645,1.75,3548913.3106935783,0.16142956878381912,0.05108221293069442,-0.0385717755587263,-0.0385717755587263,0.0385717755587263,0.0385717755587263,-0.1542871022349052,-0.1542871022349052,0.0,0.43964471339759653,0.11825332823371645,1.0,0.09061417619089618
58.0,0.001489405135382499,13.102782320208101,113.37719749065458,48.87935579102646,8.51824348722233,7.4911890547565125,6.9644224948648175,1.3187498349115208,301.508549805464,-0.03174825944490309,-0.0799753290209282,-0.048227069576025114,1.0,0.08061282693350325,7.777955379811142e-12,2.3,0.0125651279597655,0.2365066564674329,0.0774267363818825,-0.000515260572852065,0.355121950813739,0.1357360524365354,0.11825332823371645,1.75,3549279.4180347496,0.1612256538670065,0.05114212590584066,-0.03871336819094125,-0.03871336819094125,0.03871336819094125,0.03871336819094125,-0.154853472763765,-0.154853472763765,0.0,0.43956969361638226,0.11825332823371645,1.0,0.09210380641459912
59.0,0.0014889720034524712,13.119065091842584,113.36152336638882,48.85469016393353,8.525882720322041,7.4991029202854165,6.965001099223665,1.3185659184317546,301.50842020382646,-0.031761354121343933,-0.07997310242252621,-0.04821174830118228,1.0,0.08051534572798874,7.768549873321617e-12,2.3,0.01251331738542982,0.2365066564674329,0.07769740655965629,-0.0005114001578284908,0.355017168748718,0.13569704661473259,0.11825332823371645,1.75,3549613.659359378,0.16103069145597748,0.05120070929111276,-0.038848703279828145,-0.038848703279828145,0.038848703279828145,0.038848703279828145,-0.15539481311931258,-0.15539481311931258,0.0,0.4395012147354713,0.11825332823371645,1.0,0.0935929949840166
60.0,0.0014885535310052323,13.135033518323844,113.34609504928142,48.83039143927047,8.533001804033557,7.506544461871654,6.965572118842763,1.3183795326588552,301.5082937438781,-0.03177424166047988,-0.07997094158193915,-0.04819669992145927,1.0,0.08042216087564502,7.759558901894681e-12,2.3,0.012462385135133912,0.2365066564674329,0.07795607422042738,-0.0005077155201025304,0.3549143738737363,0.13565868128606295,0.11825332823371645,1.75,3549916.676492621,0.16084432175129004,0.05125800938592796,-0.03897803711021369,-0.03897803711021369,0.03897803711021369,0.03897803711021369,-0.15591214844085477,-0.15591214844085477,0.0,0.4394391422353987,0.11825332823371645,1.0,0.09508175775124546
61.0,0.0014881475746305107,13.150697514722689,113.33090496390902,48.806444375119256,8.539624681926814,7.513534998034667,6.966135777346048,1.3181908048860445,301.5081701884931,-0.03178693077701867,-0.07996884451339073,-0.04818191373637206,1.0,0.08033309704273651,7.750965548396623e-12,2.3,0.012412302930481947,0.2365066564674329,0.0782032369554757,-0.0005041985086615991,0.3548133938529465,0.1356209332631691,0.11825332823371645,1.75,3550189.087438699,0.16066619408547303,0.05131407078531764,-0.03910161847773785,-0.03910161847773785,0.03910161847773785,0.03910161847773785,-0.1564064739109514,-0.1564064739109514,0.0,0.4393833468338968,0.11825332823371645,1.0,0.09657010830406333
62.0,0.0014877523334746179,13.166066511476652,113.31594592158898,48.78283456457715,8.545774058973294,7.520094753323477,6.966692287683307,1.3179998566038356,301.50804933047283,-0.03179942975008461,-0.07996680930665938,-0.04816737955657477,1.0,0.0802479871972891,7.742753696691947e-12,2.3,0.012363043888125425,0.2365066564674329,0.07843936778950271,-0.0005008414191600746,0.35471407864907495,0.13558378032222781,0.11825332823371645,1.75,3550431.4885485843,0.1604959743945782,0.05136893579392197,-0.039219683894751355,-0.039219683894751355,0.039219683894751355,0.039219683894751355,-0.15687873557900542,-0.15687873557900542,0.0,0.439333704019975,0.11825332823371645,1.0,0.0980580582581159
63.0,0.0014873661925142835,13.18114965469244,113.30121095988073,48.759548087689765,8.551471917382889,7.526243319025742,6.967241856098957,1.3178068058575974,301.50793097888044,-0.031811746607305014,-0.07996483408494048,-0.04815308747763547,1.0,0.08016666865394358,7.73490765002974e-12,2.3,0.012314582108452776,0.2365066564674329,0.07866492591640255,-0.0004976368199627155,0.35461629034660774,0.1355472007704572,0.11825332823371645,1.75,3550644.454646712,0.16033333730788715,0.05142264518020838,-0.039332462958201274,-0.039332462958201274,0.039332462958201274,0.039332462958201274,-0.1573298518328051,-0.1573298518328051,0.0,0.4392900940076323,0.11825332823371645,1.0,0.09954561752111034
64.0,0.0014869877993938824,13.195955645937802,113.28669346732327,48.736571782353316,8.556739097595223,7.531999276866895,6.967784679031667,1.3176117651684094,301.5078149659254,-0.03182388896591173,-0.07996291704270207,-0.048139028076790345,1.0,0.08008898651586897,7.72741246313782e-12,2.3,0.012266892957558496,0.2365066564674329,0.0788803478289359,-0.0004945776856851102,0.35451990842179615,0.13551117384561698,0.11825332823371645,1.75,3550828.540682329,0.16017797303173795,0.051475237638904846,-0.03944017391446795,-0.03944017391446795,0.03944017391446795,0.03944017391446795,-0.1577606956578718,-0.1577606956578718,0.0,0.4392524013787203,0.11825332823371645,1.0,0.10103279451706443
65.0,0.0014866159440127813,13.210492926101168,113.27238703783519,48.713892928650566,8.561595774191193,7.537380624267553,6.96832094678166,1.3174148437864754,301.5077011364134,-0.03183586420664625,-0.07996105640677846,-0.048125192200132214,1.0,0.08001479000766824,7.720253588401927e-12,2.3,0.012219952690907464,0.2365066564674329,0.07908605724188789,-0.000491657237543854,0.3544248218308509,0.13547567929981488,0.11825332823371645,1.75,3550984.282212481,0.1600295800153365,0.05152675047821171,-0.03954302862094394,-0.03954302862094394,0.03954302862094394,0.03954302862094394,-0.15817211448377577,-0.15817211448377577,0.0,0.4392205149664067,0.11825332823371645,1.0,0.10251959638876776
66.0,0.0014862496169121915,13.224769528066986,113.25828558452312,48.691499496080205,8.566061069306715,7.542404427106183,6.968850840640361,1.317216145735157,301.5075893531272,-0.03184767932586699,-0.0799592504715659,-0.04811157114569892,1.0,0.07994393564653675,7.713417181836006e-12,2.3,0.012173738713235648,0.2365066564674329,0.0792824568867523,-0.0004888690667092595,0.3543309331466489,0.13544069777699785,0.11825332823371645,1.75,3551112.1966664447,0.1598878712930735,0.05157721912647998,-0.03964122844337615,-0.03964122844337615,0.03964122844337615,0.03964122844337615,-0.1585649137735046,-0.1585649137735046,0.0,0.4391943275798404,0.11825332823371645,1.0,0.10400602916923024
67.0,0.0014858879171182034,13.238793245586605,113.24438320729719,48.669379856552396,8.57015349165952,7.547087212197219,6.9693745362780035,1.3170157719497895,301.5074794886498,-0.031859341098767716,-0.07995749756290062,-0.0480981564641329,1.0,0.07987628384428765,7.706889775227485e-12,2.3,0.012128229234150963,0.2365066564674329,0.07946993768464967,-0.0004862069877043051,0.354238152386114,0.13540621041536954,0.11825332823371645,1.75,3551212.7840451635,0.1597525676885753,0.05162667775896163,-0.03973496884232484,-0.03973496884232484,0.03973496884232484,0.03973496884232484,-0.15893987536929935,-0.15893987536929935,0.0,0.43917373584563235,0.11825332823371645,1.0,0.10549209793624544
68.0,0.001485530096337065,13.252571497755461,113.23067429685696,48.64752301034373,8.573890579970822,7.551444646956255,6.969892201087336,1.3168138184446614,301.50737142959855,-0.03187085594221626,-0.07995579607086108,-0.04808494012864482,1.0,0.07981170182887436,7.700658558021353e-12,2.3,0.012083403507605313,0.2365066564674329,0.07964887115735203,-0.0004836651523198873,0.3541464002741111,0.1353721992026958,0.11825332823371645,1.75,3551286.5278947125,0.1596234036577487,0.05167515884495419,-0.039824435578676015,-0.039824435578676015,0.039824435578676015,0.039824435578676015,-0.15929774231470406,-0.15929774231470406,0.0,0.4391586399942694,0.11825332823371645,1.0,0.10697780694297307
69.0,0.001485175488690674,13.266111484195388,113.21715341409045,48.625918324601734,8.577289307899566,7.555491901557125,6.970403997312018,1.316610378331802,301.50726507025706,-0.03188223006715238,-0.07995414441609029,-0.048071914348937914,1.0,0.079750060497644,7.694711073705274e-12,2.3,0.0120392415166616,0.2365066564674329,0.07981961790691317,-0.00048123791493855447,0.35405560340793585,0.1353386465987053,0.11825332823371645,1.75,3551333.8961241753,0.159500120995288,0.051722693719874334,-0.03990980895345658,-0.03990980895345658,0.03990980895345658,0.03990980895345658,-0.15963923581382633,-0.15963923581382633,0.0,0.43914894367934093,0.11825332823371645,1.0,0.10846315973548694
70.0,0.0014848235440328178,13.279420060355061,113.20381538519975,48.60455574009566,8.58036575524036,7.559243353501887,6.970910079589274,1.3164055401085928,301.50716031593436,-0.03189346935174541,-0.0799525410804198,-0.04805907172867439,1.0,0.07969123710857318,7.689035479474352e-12,2.3,0.011995724194074008,0.2365066564674329,0.07998252059811298,-0.0004789199377046909,0.35396569684738294,0.1353055358684417,0.11825332823371645,1.75,3551355.341759028,0.15938247421714635,0.05176931216945085,-0.03999126029905649,-0.03999126029905649,0.03999126029905649,0.03999126029905649,-0.15996504119622595,-0.15996504119622595,0.0,0.43914455381084955,0.11825332823371645,1.0,0.10994815925184868
71.0,0.0014844737745811855,13.292503880171823,113.19065519165544,48.583425532553115,8.583135481335024,7.562712921722857,6.971410597838313,1.3161993895547572,301.5070570779754,-0.03190457948310003,-0.0799509845753745,-0.04804640509227447,1.0,0.07963511236786248,7.683620265226731e-12,2.3,0.01195283313369526,0.2365066564674329,0.08013791179695984,-0.0004767060667640445,0.3538766203088892,0.13527285072532103,0.11825332823371645,1.75,3551351.303810297,0.15927022473572497,0.051815042952258014,-0.04006895589847992,-0.04006895589847992,0.04006895589847992,0.04006895589847992,-0.16027582359391968,-0.16027582359391968,0.0,0.4391453803656328,0.11825332823371645,1.0,0.11143280791115569
72.0,0.0014841257799211055,13.305369281307009,113.17766805730452,48.562518502009624,8.585613221981438,7.565913794208236,6.97190569498769,1.3159920081368488,301.50695527645007,-0.03191556584023232,-0.07994947347079483,-0.048033907630562506,1.0,0.07958157290865198,7.678454492723282e-12,2.3,0.011910550793601093,0.2365066564674329,0.08028610748301461,-0.0004745914293291835,0.3537883202338728,0.13524057564305264,0.11825332823371645,1.75,3551322.207859999,0.15916314581730395,0.051859913417855376,-0.040143053741507305,-0.040143053741507305,0.040143053741507305,0.040143053741507305,-0.16057221496602922,-0.16057221496602922,0.0,0.43915133625660807,0.11825332823371645,1.0,0.11291710768840683
73.0,0.0014837792066312418,13.318022416340982,113.16484934781842,48.541825754681916,8.58781323369195,7.5688587361413395,6.972395509641696,1.31578347478431,301.5068548362173,-0.031926433625393096,-0.07994800636532094,-0.04802157273992785,1.0,0.07953050859703628,7.673527535657562e-12,2.3,0.01186886023183733,0.2365066564674329,0.08042741429466033,-0.000472571319925281,0.3537007467774147,0.1352086955195146,0.11825332823371645,1.75,3551268.466936991,0.15906101719407256,0.051903949984360875,-0.04021370714733016,-0.04021370714733016,0.04021370714733016,0.04021370714733016,-0.16085482858932065,-0.16085482858932065,0.0,0.43916233714325736,0.11825332823371645,1.0,0.114401060181683
74.0,0.0014834337669561522,13.330469147134478,113.15219465052596,48.52133887649896,8.589749014399695,7.5715598388685885,6.972880173979092,1.315573864406125,301.5067556890997,-0.031937187756311006,-0.07994658191316063,-0.04800939415684963,1.0,0.07948181481460234,7.668829299887244e-12,2.3,0.01182774529342445,0.2365066564674329,0.08056212353282989,-0.0004706412899440007,0.35361385547120733,0.13517719596796446,0.11825332823371645,1.75,3551190.481972532,0.15896362962920468,0.05194717778771509,-0.040281061766414945,-0.040281061766414945,0.040281061766414945,0.040281061766414945,-0.16112424706565978,-0.16112424706565978,0.0,0.43917830132877334,0.11825332823371645,1.0,0.1158846666684767
75.0,0.0014830892083903563,13.34271516551079,113.13969968243025,48.501049733526,8.591433620752102,7.574028804010475,6.973359816214189,1.3153632495486727,301.5066577707518,-0.031947832987562895,-0.07994519879639132,-0.04799736580882843,1.0,0.07943538996787396,7.664349983132036e-12,2.3,0.01178719036834842,0.2365066564674329,0.08069051785712514,-0.0004687970430725635,0.353527604826951,0.1351460630015204,0.11825332823371645,1.75,3551088.642654616,0.1588707799357479,0.05198962111839261,-0.04034525892856257,-0.04034525892856257,0.04034525892856257,0.04034525892856257,-0.16138103571425028,-0.16138103571425028,0.0,0.43919914957615636,0.11825332823371645,1.0,0.11736792815614995
76.0,0.0014827453275442605,13.354765896004913,113.12736036342541,48.48095063107734,8.592879410840721,7.57627671218329,6.973834558654451,1.3151516990192242,301.5065610224398,-0.03195837381150857,-0.07994385575000064,-0.04798548193849207,1.0,0.07939113758972641,7.66008027772937e-12,2.3,0.011747180563689962,0.2365066564674329,0.08081286574526121,-0.0004670345178862892,0.353441957682959,0.1351152833045175,0.11825332823371645,1.75,3550963.3277813764,0.15878227517945281,0.05203130309921744,-0.040406432872630606,-0.040406432872630606,0.040406432872630606,0.040406432872630606,-0.16162573149052242,-0.16162573149052242,0.0,0.4392248050273861,0.11825332823371645,1.0,0.11885084542411725
77.0,0.0014824019473351853,13.366626606899146,113.11517273207083,48.46103413095775,8.594098336552918,7.578314284872434,6.974304519971821,1.3149392794295998,301.5064653885265,-0.03196881457021262,-0.07994255153587532,-0.0479737369656627,1.0,0.07934896403816079,7.656011148599881e-12,2.3,0.011707701481946636,0.2365066564674329,0.0809294276806855,-0.00046534979171382665,0.35335687928464243,0.13508484393711614,0.11825332823371645,1.75,3550814.90607726,0.15869792807632158,0.05207224608489174,-0.04046471384034275,-0.04046471384034275,0.04046471384034275,0.04046471384034275,-0.161858855361371,-0.161858855361371,0.0,0.43925519302834787,0.11825332823371645,1.0,0.12033341906155698
78.0,0.0014820589272161817,13.378302320684975,113.10313301277975,48.44129319740446,8.595101706679685,7.580151671434146,6.974769813407524,1.3147260539208494,301.50637081794326,-0.03197915936449072,-0.07994128496622493,-0.04796212560173421,1.0,0.07930878043048012,7.652134019867032e-12,2.3,0.01166873937944313,0.2365066564674329,0.08104045103461183,-0.0004637391567791996,0.3532723383831052,0.13505473258774006,0.11825332823371645,1.75,3550643.7364644147,0.15861756086096024,0.05211247136601186,-0.04052022551730591,-0.04052022551730591,0.04052022551730591,0.04052022551730591,-0.16208090206922365,-0.16208090206922365,0.0,0.4392902410657381,0.11825332823371645,1.0,0.12181564949883267
79.0,0.0014817161461589763,13.389797916240756,113.09123753863396,48.42172102962119,8.595900456197814,7.58179869038998,6.9752305488680815,1.3145120835975637,301.50627726215095,-0.03198941215692903,-0.07994005487914914,-0.04795064272222011,1.0,0.07927050051814619,7.648440569811968e-12,2.3,0.011630280963241204,0.2365066564674329,0.08114617578268063,-0.0004621990318230029,0.35318830568722953,0.13502493729715023,0.11825332823371645,1.75,3550450.1688322113,0.15854100103629237,0.052151999534727156,-0.040573087891340315,-0.040573087891340315,0.040573087891340315,0.040573087891340315,-0.16229235156536126,-0.16229235156536126,0.0,0.43932987860239814,0.11825332823371645,1.0,0.12329753703552025
80.0,0.0014813735101401465,13.401118046387976,113.07948281307141,48.4023111956673,8.596504928228702,7.583264633340838,6.975686831266413,1.3142974263479297,301.5061846763716,-0.03199957668847084,-0.0799388601605432,-0.047939283472072367,1.0,0.07923404246653631,7.64492290259394e-12,2.3,0.011592313536902737,0.2365066564674329,0.08124682977881185,-0.00046072603226858825,0.3531047547668129,0.13499544669294572,0.11825332823371645,1.75,3550234.5442411625,0.15846808493307263,0.05219085021280578,-0.04062341488940593,-0.04062341488940593,0.04062341488940593,0.04062341488940593,-0.1624936595576237,-0.1624936595576237,0.0,0.43937403702883643,0.11825332823371645,1.0,0.12477908186366982
81.0,0.0014810309395196148,13.412267231930743,113.06786543910425,48.383057478933054,8.596925121984976,7.5845584872203045,6.976138762455948,1.3140821381740682,301.5060930179166,-0.03200965657309722,-0.0799376997211503,-0.04792804314805307,1.0,0.07919932689344993,7.641573358994965e-12,2.3,0.011554824814397777,0.2365066564674329,0.08134263403562418,-0.00045931688897839717,0.3530216607953243,0.13496624973231558,0.11825332823371645,1.75,3549997.1956428685,0.15839865378689985,0.05222904238641389,-0.04067131701781209,-0.04067131701781209,0.04067131701781209,0.04067131701781209,-0.16268526807124836,-0.16268526807124836,0.0,0.43942264950943477,0.11825332823371645,1.0,0.1262602840884997
82.0,0.0014806883744664047,13.423249785739149,113.05638217598015,48.36395400098337,8.597170492163004,7.58568875385144,6.976586439697865,1.3138662721016479,301.50600224723036,-0.03201965522140094,-0.0799365725170388,-0.04791691729563786,1.0,0.07916627850628902,7.638384674383714e-12,2.3,0.011517803054214867,0.2365066564674329,0.0814337983615059,-0.00045796851288546284,0.35293900129804395,0.1349373359196023,0.11825332823371645,1.75,3549738.44802697,0.15833255701257803,0.05226659415626113,-0.04071689918075295,-0.04071689918075295,0.04071689918075295,0.04071689918075295,-0.1628675967230118,-0.1628675967230118,0.0,0.43947565094632024,0.11825332823371645,1.0,0.12774114374549272
83.0,0.0014803457656617364,13.43406989930867,113.04502987423521,48.34499508076916,8.597250177160745,7.586663654585091,6.977029957445738,1.3136498794118938,301.5059123265024,-0.032029575927492664,-0.07993547752805764,-0.04790590160056498,1.0,0.0791348242925582,7.635349804125322e-12,2.3,0.011481236888813967,0.2365066564674329,0.08152052623693498,-0.0004566779203170393,0.35285675512334175,0.1349086950668673,0.11825332823371645,1.75,3549458.6190923764,0.1582696485851164,0.05230352304420547,-0.04076026311846749,-0.04076026311846749,0.04076026311846749,0.04076026311846749,-0.16304105247386996,-0.16304105247386996,0.0,0.4395329778361582,0.11825332823371645,1.0,0.1292216608155568
84.0,0.001480003078183137,13.444731572849657,113.03380552775754,48.32617534733717,8.597172814588404,7.587490964320895,6.9774694059294475,1.3134330086350432,301.5058232205633,-0.03203942179903312,-0.07993441377696801,-0.04789499197793489,1.0,0.0791048950254172,7.632462068845116e-12,2.3,0.011445115448005956,0.2365066564674329,0.08160301078818129,-0.0004554422925015827,0.35277490306708853,0.13488031749551171,0.11825332823371645,1.75,3549158.0193447783,0.1582097900508344,0.05233984576367186,-0.040801505394090644,-0.040801505394090644,0.040801505394090644,0.040801505394090644,-0.16320602157636258,-0.16320602157636258,0.0,0.4395945682447352,0.11825332823371645,1.0,0.13070183523747925
85.0,0.0014796602847132606,13.45523869496923,113.02270621416442,48.30748961069612,8.596946751246895,7.588178199853526,6.9779048728018696,1.3132157066897756,301.5057348957183,-0.032049195836917954,-0.07993338030922784,-0.04788418447230988,1.0,0.07907642359525727,7.629714993450202e-12,2.3,0.01140942820262508,0.2365066564674329,0.08168143928930445,-0.0004542589069393408,0.35269342702455697,0.13485219381374786,0.11825332823371645,1.75,3548836.9527223045,0.15815284719051453,0.05237557850053457,-0.040840719644652225,-0.040840719644652225,0.040840719644652225,0.040840719644652225,-0.1633628785786089,-0.1633628785786089,0.0,0.43966036167360456,0.11825332823371645,1.0,0.13218166691892744
86.0,0.001479317368275826,13.465594978288065,113.01172914265712,48.28893296522108,8.596579873535509,7.588732467263887,6.978336441830686,1.3129980179549519,301.5056473205244,-0.03205890087126664,-0.07993237621085494,-0.0478734753395883,1.0,0.07904934639375137,7.627102440670025e-12,2.3,0.011374165078028,0.2365066564674329,0.08175598944776685,-0.0004531251921662195,0.3526123105153849,0.13482431510325557,0.11825332823371645,1.75,3548495.7166491314,0.15809869278750274,0.05241073670215151,-0.040877994723883426,-0.040877994723883426,0.040877994723883426,0.040877994723883426,-0.1635119788955337,-0.1635119788955337,0.0,0.4397302990441668,0.11825332823371645,1.0,0.13366115574542198
87.0,0.0014789743173256626,13.475804032797363,113.00087159926282,48.27050067119948,8.596079800572038,7.589160635200858,6.978764194417742,1.3127799853221902,301.50556046479966,-0.03206853963441999,-0.07993140058947273,-0.047862860955052745,1.0,0.07902360177629048,7.62461846270401e-12,2.3,0.011339316310777562,0.2365066564674329,0.0818268335597195,-0.0004520386646937644,0.3525315379791285,0.13479667271263357,0.11825332823371645,1.75,3548134.602620113,0.15804720355258095,0.052445335334750195,-0.04091341677985975,-0.04091341677985975,0.04091341677985975,0.04091341677985975,-0.163653667119439,-0.163653667119439,0.0,0.4398043225731591,0.11825332823371645,1.0,0.1351403015882227
88.0,0.0014786311276341032,13.48586930656248,112.99013099083348,48.25218824968489,8.595453728364033,7.589469194627133,6.97918820839061,1.312561649340545,301.5054743003024,-0.03207811470241382,-0.0799304525909771,-0.04785233788856328,1.0,0.07899913133389941,7.622257423942784e-12,2.3,0.011304872553046932,0.2365066564674329,0.08189413508453712,-0.0004509969793845493,0.35245109521965656,0.1347692584300421,0.11825332823371645,1.75,3547753.896214505,0.15799826266779882,0.05247938868955602,-0.04094706754226856,-0.04094706754226856,0.04094706754226856,0.04094706754226856,-0.16378827016907424,-0.16378827016907424,0.0,0.43988237576534844,0.11825332823371645,1.0,0.1366191043107026
89.0,0.0014782877987854577,13.495794153262153,112.97950479473677,48.233991373840254,8.594708607351208,7.589664418175557,6.979608559404464,1.3123430491878398,301.5053887998813,-0.032087628561798635,-0.07992953138177934,-0.04784190281998071,1.0,0.07897587847698267,7.620013864320434e-12,2.3,0.011270824741209494,0.2365066564674329,0.08195805247900306,-0.0004499978715226959,0.35237096881573715,0.13474206429170796,0.11825332823371645,1.75,3547353.877644795,0.15795175695396535,0.05251291061870548,-0.04097902623950153,-0.04097902623950153,0.04097902623950153,0.04097902623950153,-0.16391610495800613,-0.16391610495800613,0.0,0.43996440329673026,0.11825332823371645,1.0,0.13809756377391239
90.0,0.0014779443354361434,13.50558177757362,112.9689905993213,48.21590595593101,8.593850999288582,7.589752231307178,6.980025319825815,1.3121242218831795,301.5053039380747,-0.03209708355615665,-0.07992863616434585,-0.04783155260818921,1.0,0.07895378960377313,7.617882612052654e-12,2.3,0.01123716419187568,0.2365066564674329,0.08201873603939339,-0.0004490392031304702,0.3522911464996521,0.13471508274147068,0.11825332823371645,1.75,3546934.8217336037,0.15790757920754625,0.052545914357070816,-0.04100936801969669,-0.04100936801969669,0.04100936801969669,0.04100936801969669,-0.16403747207878677,-0.16403747207878677,0.0,0.4400503510151521,0.11825332823371645,1.0,0.13957567984102318
91.0,0.0014776007448576935,13.51523529736005,112.95858605767937,48.19792804766305,8.59288724039872,7.589738358799082,6.980438560026012,1.3119052031824792,301.50521969037237,-0.03210648194722535,-0.07992776616057713,-0.04782128421335178,1.0,0.07893281279646754,7.615858657832957e-12,2.3,0.01120388248137892,0.2365066564674329,0.08207633143832396,-0.00044811890976562526,0.3522116166605449,0.13468830645342875,0.11825332823371645,1.75,3546496.9984321166,0.15786562559293507,0.052578412738542635,-0.04103816571916198,-0.04103816571916198,0.04103816571916198,0.04103816571916198,-0.16415266287664793,-0.16415266287664793,0.0,0.44014016583006477,0.11825332823371645,1.0,0.1410534523811701
92.0,0.0014772570377381555,13.524757693363995,112.9482889248718,48.18005391994739,8.591823309990966,7.589628206440198,6.9808483473501255,1.3116860268539603,301.5051360337496,-0.03211582586604674,-0.07992692062628562,-0.04781109476023888,1.0,0.07891289889422884,7.61393725836165e-12,2.3,0.011170971534116069,0.2365066564674329,0.08213097681451295,-0.0004472350430856499,0.3521323686688959,0.13466172847926655,0.11825332823371645,1.75,3546040.672762553,0.15782579778845768,0.05261041803226692,-0.041065488407256476,-0.041065488407256476,0.041065488407256476,0.041065488407256476,-0.1642619536290259,-0.1642619536290259,0.0,0.4402337957205436,0.11825332823371645,1.0,0.14253088127246802
93.0,0.0014769132264995793,13.534151866471374,112.9380970154208,48.16227997150139,8.590664980324831,7.589426995631366,6.9812547473104924,1.3114667255030905,301.5050529460196,-0.032125117368847454,-0.0799260988356528,-0.047800981466805344,1.0,0.07889400029338563,7.61211382058269e-12,2.3,0.011138423512005734,0.2365066564674329,0.08218280603434856,-0.00044638572200018456,0.3520533924552509,0.13463534208415537,0.11825332823371645,1.75,3545566.1053115483,0.15778800058677125,0.05264194214097558,-0.04109140301717428,-0.04109140301717428,0.04109140301717428,0.04109140301717428,-0.16436561206869713,-0.16436561206869713,0.0,0.44033118963045165,0.11825332823371645,1.0,0.14400796640458688
94.0,0.0014765693257678654,13.543420591369511,112.92800823756198,48.144602801964595,8.589417696060176,7.589139654807621,6.981657822634234,1.311247329906492,301.5049704063122,-0.03213435839243866,-0.07992530009470718,-0.04779094170226852,1.0,0.07887607193241201,7.610383996719785e-12,2.3,0.011106230895752172,0.2365066564674329,0.08223194601085825,-0.00044556917176769614,0.35197467878978556,0.13460914088269485,0.11825332823371645,1.75,3545073.5521400524,0.15775214386482403,0.05267299645045568,-0.04111597300542912,-0.04111597300542912,0.04111597300542912,0.04111597300542912,-0.1644638920217165,-0.1644638920217165,0.0,0.44043229748344287,0.11825332823371645,1.0,0.1454847076807206
95.0,0.0014762253512597525,13.552566569281751,112.91802055415546,48.12701912809483,8.588086711852878,7.588770943060299,6.982057634364618,1.3110278697712596,301.50488839450105,-0.032143550805275645,-0.07992452372680336,-0.04778097292152772,1.0,0.07885907018842704,7.608743577804775e-12,2.3,0.011074386383432144,0.2365066564674329,0.082278519710472,-0.00044478367916041484,0.3518962189227408,0.13458311868721262,0.11825332823371645,1.75,3544563.265256717,0.15771814037685408,0.05270359201145905,-0.041139259855236,-0.041139259855236,0.041139259855236,0.041139259855236,-0.164557039420944,-0.164557039420944,0.0,0.4405370700824638,0.11825332823371645,1.0,0.14696110501923443
96.0,0.0014758813200152294,13.561592385273475,112.90813201421078,48.10952585076813,8.586676981796707,7.5883253505335135,6.98245424098118,1.3108083731229712,301.5048068916353,-0.032152696366755086,-0.07992376908515984,-0.04777107271840476,1.0,0.07884295378102114,7.607188580883636e-12,2.3,0.01104288296525313,0.2365066564674329,0.08232264368403511,-0.00044402762835798673,0.35181800482643855,0.1345572696331129,0.11825332823371645,1.75,3544035.4924968975,0.1576859075620423,0.05273373940131922,-0.041161321842017554,-0.041161321842017554,0.041161321842017554,0.041161321842017554,-0.16464528736807021,-0.16464528736807021,0.0,0.4406454591313699,0.11825332823371645,1.0,0.14843715835487192
97.0,0.001475537249700021,13.570500556819873,112.89834071693137,48.09211997815715,8.58519328569789,7.587807211912139,6.9828476994160935,1.3105888670041017,301.50472587942863,-0.03216179677384816,-0.07992303553930533,-0.04776123876545717,1.0,0.07882768275782254,7.605715151138506e-12,2.3,0.011011713830496251,0.2365066564674329,0.08236443083777488,-0.0004432994598090818,0.351740028886678,0.13453158803875148,0.11825332823371645,1.75,3543490.47798057,0.15765536551564507,0.05276344889083712,-0.04118221541888744,-0.04118221541888744,0.04118221541888744,0.04118221541888744,-0.16472886167554976,-0.16472886167554976,0.0,0.4407574171378055,0.11825332823371645,1.0,0.14991286763972955
98.0,0.0014751931586705098,13.579293494468342,112.88864484073724,48.07479868710544,8.583640127730732,7.587220615095063,6.9832380642413,1.3103693769120879,301.50464534065065,-0.032170853623968515,-0.07992232248673348,-0.04775146886276496,1.0,0.07881321932352504,7.604319641876715e-12,2.3,0.010980872436295759,0.2365066564674329,0.0824039881604098,-0.0004425977031676879,0.3516622841130693,0.13450606852094119,0.11825332823371645,1.75,3542928.461961954,0.1576264386470501,0.05279273031704915,-0.0412019940802049,-0.0412019940802049,0.0412019940802049,0.0412019940802049,-0.1648079763208196,-0.1648079763208196,0.0,0.44087289744110086,0.11825332823371645,1.0,0.1513882328439148
99.0,0.0014748490655764502,13.587973546573103,112.8790426101828,48.05755925272637,8.582021852268433,7.586569505331491,6.983625388606531,1.3101499274412889,301.5045652586685,-0.03217986845754443,-0.07992162934026387,-0.04774176088271943,1.0,0.07879952690778698,7.602998524596704e-12,2.3,0.01095035242223191,0.2365066564674329,0.08244141927596547,-0.00044192093956006836,0.35158476387285303,0.1344807058656183,0.11825332823371645,1.75,3542349.681276034,0.15759905381557396,0.05282159323636498,-0.04122070963798274,-0.04122070963798274,0.04122070963798274,0.04122070963798274,-0.16488283855193095,-0.16488283855193095,0.0,0.4409918541176683,0.11825332823371645,1.0,0.15286325395603828
100.0,0.0014745049893100466,13.596542963045273,112.86953232268297,48.0403991046029,8.580342551031562,7.585857601524619,6.984009723488259,1.3099305417673208,301.5044856178021,-0.032188842724156765,-0.07992095553886766,-0.047732112814710896,1.0,0.07878657092534105,7.601748462327467e-12,2.3,0.010920147673616862,0.2365066564674329,0.08247682235217002,-0.0004412678317917355,0.3515074620743402,0.13445549513420896,0.11825332823371645,1.75,3541754.3691601967,0.1575731418506821,0.05285004680757069,-0.04123841117608501,-0.04123841117608501,0.04123841117608501,0.04123841117608501,-0.16495364470434004,-0.16495364470434004,0.0,0.441114242014877,0.11825332823371645,1.0,0.15433793098348153
101.0,0.001474160948823025,13.605003936561607,112.86011231806692,48.023315762291006,8.578606169288172,7.585088491741692,6.9843911185555125,1.3097112422367447,301.5044064029114,-0.032197777821387774,-0.07992030053589234,-0.04772252271450457,1.0,0.0787743179199586,7.600566227033673e-12,2.3,0.010890252243091269,0.2365066564674329,0.08251029245149966,-0.0004406370897509248,0.3514303729362765,0.13443043154434395,0.11825332823371645,1.75,3541142.7556929328,0.1575486358399172,0.05287809993238458,-0.04125514622574983,-0.04125514622574983,0.04125514622574983,0.04125514622574983,-0.1650205849029993,-0.1650205849029993,0.0,0.44124001665820917,0.11825332823371645,1.0,0.15581226395254807
102.0,0.0014738169629977622,13.613358569154682,112.85078100319637,48.00630688676051,8.576816420827335,7.584265556549285,6.98476962147587,1.309492049894138,301.50432759971994,-0.03220667506395252,-0.0799196638091103,-0.047712988745157774,1.0,0.07876273626108041,7.599448766830311e-12,2.3,0.01086066040886328,0.2365066564674329,0.08254191960710874,-0.00044002749809783376,0.35135349114832803,0.13440551056774808,0.11825332823371645,1.75,3540515.067588821,0.15752547252216081,0.05290576114785339,-0.04127095980355437,-0.04127095980355437,0.04127095980355437,0.04127095980355437,-0.1650838392142175,-0.1650838392142175,0.0,0.4413691342908261,0.11825332823371645,1.0,0.15728625290845846
103.0,0.0014734730506150513,13.621608910178647,112.84153682393725,47.989370221328464,8.57497688528168,7.58339205656932,6.985145278714703,1.309272985023433,301.50424919444055,-0.0322155357191363,-0.07991904484975795,-0.04770350913062165,1.0,0.07875179535802088,7.59839313016492e-12,2.3,0.010831366602718131,0.2365066564674329,0.0825717909873083,-0.0004394378845565152,0.35127681167047237,0.13438072782029883,0.11825332823371645,1.75,3539871.528632463,0.15750359071604175,0.05293303875539208,-0.04128589549365415,-0.04128589549365415,0.04128589549365415,0.04128589549365415,-0.1651435819746166,-0.1651435819746166,0.0,0.4415015517818376,0.11825332823371645,1.0,0.15875989791526487
104.0,0.001473129230174855,13.629756925511476,112.83237828784362,47.97250363872411,8.573090930307716,7.582471062291494,6.985518134893797,1.309054066714428,301.5041711740717,-0.03222436097866461,-0.0799184431718564,-0.04769408219319179,1.0,0.07874146629814952,7.597396527392743e-12,2.3,0.01080236546362143,0.2365066564674329,0.08259998912626798,-0.0004388671452826173,0.35120032987370287,0.1343560791520611,0.11825332823371645,1.75,3539212.3594481875,0.15748293259629903,0.05295994072179935,-0.04129999456313399,-0.04129999456313399,0.04129999456313399,0.04129999456313399,-0.16519997825253596,-0.16519997825253596,0.0,0.44163722667126765,0.11825332823371645,1.0,0.16023319905565983
105.0,0.001472785519967787,13.637804532538267,112.82330393834799,47.955705087015346,8.571161800728213,7.581505534298007,6.98588823352926,1.308835313359444,301.5040935260567,-0.03223315199101704,-0.07991785830201766,-0.047684706311000614,1.0,0.07873172112592154,7.59645626121376e-12,2.3,0.01077365177160007,0.2365066564674329,0.08262659391603683,-0.0004383142158146512,0.3511240413649937,0.13433156054602458,0.11825332823371645,1.75,3538537.777931749,0.15746344225184308,0.0529864747977562,-0.041313296958018414,-0.041313296958018414,0.041313296958018414,0.041313296958018414,-0.16525318783207366,-0.16525318783207366,0.0,0.44177611707890063,0.11825332823371645,1.0,0.16170615643073116
106.0,0.0014724419378654653,13.645753571755447,112.8143123756693,47.93897263265084,8.569192547347036,7.580498259039827,6.9862556164386564,1.3086167422562138,301.504016238555,-0.03224190983580205,-0.07991728978808416,-0.047675379952282104,1.0,0.07872253342726064,7.595569783057045e-12,2.3,0.010745220497089265,0.2365066564674329,0.08265168098017493,-0.00043777809430215907,0.35104794211091067,0.13430716820086508,0.11825332823371645,1.75,3537847.998996072,0.15744506685452128,0.05301264842674961,-0.041325840490087466,-0.041325840490087466,0.041325840490087466,0.041325840490087466,-0.16530336196034986,-0.16530336196034986,0.0,0.44191818175436787,0.11825332823371645,1.0,0.1631787701596478
107.0,0.0014720985014611944,13.653605839011513,112.80540223303933,47.922304410977496,8.567186108557067,7.579451922306903,6.986620324422404,1.308398370063277,301.50393930013166,-0.03225063555321173,-0.07991673718965621,-0.047666101636444476,1.0,0.07871387766838983,7.594734629287646e-12,2.3,0.01071706674018974,0.2365066564674329,0.08267532350640679,-0.0004372578149049161,0.35097202828444496,0.1342828984377365,0.11825332823371645,1.75,3537143.235002854,0.15742775533677966,0.05303846885392151,-0.04133766175320339,-0.04133766175320339,0.04133766175320339,0.04133766175320339,-0.16535064701281357,-0.16535064701281357,0.0,0.44206337998611434,0.11825332823371645,1.0,0.16465104037931114
108.0,0.0014717552278442321,13.661363059319752,112.79657219598106,47.905698665585376,8.565145245260064,7.578369050493299,6.986982396715651,1.3081802124363926,301.50386270000564,-0.03225933012068672,-0.07991620008609535,-0.047656869965408626,1.0,0.07870572973071321,7.593948472814823e-12,2.3,0.01068918577610579,0.2365066564674329,0.08269759075220134,-0.00043675246905010263,0.35089629637377207,0.13425874777630312,0.11825332823371645,1.75,3536423.6954857446,0.15741145946142643,0.0530639430422476,-0.04134879537610067,-0.04134879537610067,0.04134879537610067,0.04134879537610067,-0.1653951815044027,-0.1653951815044027,0.0,0.44221167165631575,0.11825332823371645,1.0,0.16612296724396386
109.0,0.001471412133784561,13.669026916577241,112.78782098040276,47.88915370304522,8.563072615537635,7.577252077846808,6.987341871617603,1.3079622844458705,301.5037864277666,-0.03226799447975533,-0.07991567806772855,-0.04764768358797322,1.0,0.07869806630478401,7.593209064618867e-12,2.3,0.010661572999325969,0.2365066564674329,0.08271854973019972,-0.0004362611810842103,0.35082074304792477,0.13423471284899732,0.11825332823371645,1.75,3535689.587583427,0.15739613260956803,0.05308907777255221,-0.04135927486509986,-0.04135927486509986,0.04135927486509986,0.04135927486509986,-0.16543709946039944,-0.16543709946039944,0.0,0.44236301714962767,0.11825332823371645,1.0,0.16759455092477826
110.0,0.0014710692355010908,13.676599029407948,112.77914735038084,47.87266792885653,8.560970715186475,7.576103292783638,6.987698785984638,1.307744600243858,301.503710473602,-0.032276629514791724,-0.0799151707432579,-0.04763854122846617,1.0,0.0786908653796566,7.592514280966377e-12,2.3,0.01063422396547335,0.2365066564674329,0.08273826383556108,-0.0004357831277153726,0.3507453652525904,0.13421079047083134,0.11825332823371645,1.75,3534941.1157416687,0.1573817307593132,0.053113879566342455,-0.04136913191778054,-0.04136913191778054,0.04136913191778054,0.04136913191778054,-0.16547652767112217,-0.16547652767112217,0.0,0.4425173774126334,0.11825332823371645,1.0,0.1690657916094211
111.0,0.0014707265488724836,13.68408097856338,112.77055009796834,47.85623980606383,8.558841946005181,7.57492489941158,6.988053175811685,1.307527173446573,301.5036348280382,-0.032285236077462746,-0.0799146777315995,-0.04762944165413676,1.0,0.07868410568766644,7.591862069839677e-12,2.3,0.010607134339993373,0.2365066564674329,0.08275679439542749,-0.00043531751573774397,0.3506701600921048,0.134186977560571,0.11825332823371645,1.75,3534178.482149218,0.15736821137533288,0.05313835477773548,-0.041378397197713745,-0.041378397197713745,0.041378397197713745,0.041378397197713745,-0.16551358879085498,-0.16551358879085498,0.0,0.44267471386208884,0.11825332823371645,1.0,0.17053668950160789
112.0,0.0014703840892061866,13.691474284631969,112.76202805960472,47.839867888084456,8.556688561492205,7.573718968488041,6.9884050757633345,1.307310016830013,301.5035594821489,-0.032293814967398866,-0.07991419866873943,-0.047620383701340564,1.0,0.07867776715192125,7.591250494113149e-12,2.3,0.01058029993671166,0.2365066564674329,0.0827741994085982,-0.00043486359980351937,0.35059512491386957,0.13416327120479996,0.11825332823371645,1.75,3533401.886420053,0.1573555343038425,0.05316250952239658,-0.0413870997042991,-0.0413870997042991,0.0413870997042991,0.0413870997042991,-0.1655483988171964,-0.1655483988171964,0.0,0.44283498844862673,0.11825332823371645,1.0,0.17200724482064722
113.0,0.0014700418714624465,13.698780433308652,112.75358009749758,47.8235507808887,8.55451272925967,7.57248749367383,6.9887545197110565,1.307093142679848,301.5034844273178,-0.032302366954453925,-0.07991373320016705,-0.047611366245713126,1.0,0.07867183037788449,7.59067768249849e-12,2.3,0.010553716670649343,0.2365066564674329,0.08279053496947156,-0.0004344206620534322,0.3505202572045599,0.1341396685854944,0.11825332823371645,1.75,3532611.5260330606,0.15734366075576897,0.053186349762062435,-0.04139526748473578,-0.04139526748473578,0.04139526748473578,0.04139526748473578,-0.16558106993894312,-0.16558106993894312,0.0,0.44299816356428345,0.11825332823371645,1.0,0.17347745780098153
114.0,0.0014696999100288267,13.706000854819488,112.74520511477252,47.80728717296272,8.552316481475788,7.571232346759196,6.989101540299333,1.3068765625132763,301.50340965543006,-0.0323108927611234,-0.07991328098721491,-0.04760238822609151,1.0,0.0786662770623935,7.590141869008975e-12,2.3,0.01052738059355859,0.2365066564674329,0.08280585411130667,-0.00043398802835221023,0.3504455546645402,0.13411616703878043,0.11825332823371645,1.75,3531807.5959959137,0.157332554124787,0.053209881239076995,-0.041402927055653335,-0.041402927055653335,0.041402927055653335,0.041402927055653335,-0.16561170822261334,-0.16561170822261334,0.0,0.44316420211016666,0.11825332823371645,1.0,0.17494732869172716
115.0,0.0014693582189483773,13.713136947232524,112.73690203829857,47.791075800762385,8.550101771878234,7.5699553290709005,6.989446169442201,1.306660287399137,301.50333515865464,-0.03231939308280512,-0.07991284170004823,-0.04759344861724311,1.0,0.07866108952833324,7.589641348062287e-12,2.3,0.010501287850517751,0.2365066564674329,0.0828202081143189,-0.00043356504967160945,0.35037101511649094,0.13409276398842926,0.11825332823371645,1.75,3530990.289289193,0.15732217905666648,0.05323310955413584,-0.04141010405715945,-0.04141010405715945,0.04141010405715945,0.04141010405715945,-0.1656404162286378,-0.1656404162286378,0.0,0.44333306740311723,0.11825332823371645,1.0,0.17641685775621577
116.0,0.0014690168117026587,13.720190057458678,112.7286698326815,47.77491547604636,8.547870430574651,7.568658130619451,6.989788437921651,1.3064443277038076,301.5032609296195,-0.03232786857181338,-0.07991241502352453,-0.04758454645171115,1.0,0.07865625109830918,7.589174510534476e-12,2.3,0.010475434712693802,0.2365066564674329,0.0828336454444332,-0.0004331511169130254,0.35029663657099214,0.13406945699971776,0.11825332823371645,1.75,3530159.7965132645,0.15731250219661835,0.053256040105955596,-0.0414168227222166,-0.0414168227222166,0.0414168227222166,0.0414168227222166,-0.1656672908888664,-0.1656672908888664,0.0,0.4435047232470554,0.11825332823371645,1.0,0.17788604527154128
117.0,0.001468675701437841,13.727161502762499,112.72050748441424,47.75880505433628,8.545624216092257,7.567342377050168,6.990128375846722,1.3062286933839098,301.5031869612128,-0.03233631985581316,-0.07991200065070245,-0.04757568079488929,1.0,0.07865174566897405,7.588739802688734e-12,2.3,0.010449817537398823,0.2365066564674329,0.08284621295449945,-0.00043274564390132414,0.35022241714605745,0.1340462437183947,0.11825332823371645,1.75,3529316.3063372616,0.1573034913379481,0.05327867816281169,-0.04142310647724973,-0.04142310647724973,0.04142310647724973,0.04142310647724973,-0.1656924259089989,-0.1656924259089989,0.0,0.4436791338386826,0.11825332823371645,1.0,0.17935489152811154
118.0,0.001468334900758031,13.7340525532114,112.71241401480891,47.74274345983691,8.54336477417976,7.566009592391404,6.990466012281624,1.3060133937542988,301.5031132467435,-0.032344747523291285,-0.07991159828825499,-0.047566850764963704,1.0,0.07864755805224115,7.588335759097468e-12,2.3,0.010424432798307388,0.2365066564674329,0.08285795491104395,-0.0004323480809089758,0.3501483551249142,0.1340231219200266,0.11825332823371645,1.75,3528460.0051303827,0.1572951161044823,0.05330102880691468,-0.04142897745552197,-0.04142897745552197,0.04142897745552197,0.04142897745552197,-0.1657159098220879,-0.1657159098220879,0.0,0.44385626384221327,0.11825332823371645,1.0,0.18082339682920948
119.0,0.0014679944219452236,13.740864451532335,112.70438846536291,47.72672965665609,8.541093685296506,7.564661241910575,6.990801375670353,1.3057984377555625,301.5030397797582,-0.032353152140322056,-0.07991120765046272,-0.04755805551014067,1.0,0.07864367358608414,7.5879609650902e-12,2.3,0.010399277048683158,0.2365066564674329,0.0828689140969096,-0.0004319578991298959,0.3500744488851156,0.13400008945401623,0.11825332823371645,1.75,3527591.077415916,0.15728734717216827,0.0533230970002658,-0.0414344570484548,-0.0414344570484548,0.0414344570484548,0.0414344570484548,-0.1657378281938192,-0.1657378281938192,0.0,0.44403607829406955,0.11825332823371645,1.0,0.1822915614905611
120.0,0.0014676542767638997,13.747598396891675,112.69642990971712,47.71076267151168,8.538812427086613,7.563298698167799,6.99113449349219,1.3055838337423027,301.502966554189,-0.03236153423736862,-0.07991082846421241,-0.047549294226843786,1.0,0.07864007844595314,7.587614086800642e-12,2.3,0.010374346949261601,0.2365066564674329,0.08287913091907058,-0.00043157460301077667,0.3500006969494273,0.13397714428878713,0.11825332823371645,1.75,3526709.705488305,0.15728015689190628,0.053344887533348484,-0.04143956545953529,-0.04143956545953529,0.04143956545953529,0.04143956545953529,-0.16575826183814116,-0.16575826183814116,0.0,0.44421854268072153,0.11825332823371645,1.0,0.18375938583991566
121.0,0.0014673144766721158,13.754255563232123,112.68853744013745,47.694841567484126,8.536522417680088,7.561923280110286,6.991465392654578,1.3053695897274606,301.50289356418597,-0.03236989432452473,-0.07991046046344182,-0.047540566138917086,1.0,0.07863675928910616,7.587293836849904e-12,2.3,0.010349639234379194,0.2365066564674329,0.08288864442038922,-0.0004311977160842872,0.3499270979233824,0.13395428446046614,0.11825332823371645,1.75,3525816.069872256,0.1572735185782123,0.053366405085781464,-0.04144432221019461,-0.04144432221019461,0.04144432221019461,0.04144432221019461,-0.16577728884077844,-0.16577728884077844,0.0,0.44440362284235624,0.11825332823371645,1.0,0.18522687021663367
122.0,0.0014669750326378073,13.760837084274986,112.68071017857943,47.6789654646943,8.534224981535509,7.560536222158701,6.991794099173837,1.3051557131892269,301.50282080425177,-0.03237823287953002,-0.07991010339375329,-0.04753187051422327,1.0,0.07863370353868343,7.586999001755491e-12,2.3,0.010325150737714388,0.2365066564674329,0.08289749146207849,-0.0004308267922052004,0.3498536505400595,0.13393150811423463,0.11825332823371645,1.75,3524910.3489269144,0.15726740707736686,0.05338765417896651,-0.041448745731039245,-0.041448745731039245,0.041448745731039245,0.041448745731039245,-0.16579498292415698,-0.16579498292415698,0.0,0.44459128505355033,0.11825332823371645,1.0,0.18669401497128862
123.0,0.0014666359553394794,13.767344070460922,112.67294726419321,47.663133516379276,8.531921388896805,7.5591387098477005,6.992120638538818,1.3049422112940765,301.5027482690884,-0.03238655036162037,-0.07990975700727897,-0.047523206645658594,1.0,0.0786308990588524,7.586728410587569e-12,2.3,0.010300878361075183,0.2365066564674329,0.0829057076516949,-0.00043046140263166145,0.3497803536050849,0.13390881345731248,0.11825332823371645,1.75,3523992.719309918,0.1572617981177048,0.05340863923197817,-0.04145285382584745,-0.04145285382584745,0.04145285382584745,0.04145285382584745,-0.1658114153033898,-0.1658114153033898,0.0,0.44478149592593397,0.11825332823371645,1.0,0.18816082046527727
124.0,0.0014662972549941507,13.773777595075035,112.66524786356833,47.647344927710655,8.529612824724504,7.557731851693535,6.9924450354148435,1.30472909072077,301.5026759537208,-0.032394847200650896,-0.07990942106693752,-0.04751457386628662,1.0,0.0786283344138031,7.586480959958218e-12,2.3,0.010276819098175507,0.2365066564674329,0.08291332659431797,-0.0004301011462562263,0.3497072060360103,0.13388619879678101,0.11825332823371645,1.75,3523063.3555700085,0.1572566688276062,0.05342936451783818,-0.04145666329715898,-0.04145666329715898,0.04145666329715898,0.04145666329715898,-0.16582665318863593,-0.16582665318863593,0.0,0.444974222491422,0.11825332823371645,1.0,0.18962728707044407
125.0,0.0014659589415468356,13.780138709905119,112.65761115917759,47.63159893400063,8.52730042462525,7.556316711664762,6.99276731398047,1.3045163578638375,301.50260385335616,-0.03240312380967626,-0.07990909534169012,-0.04750597153201386,1.0,0.07862599857119561,7.586255585408453e-12,2.3,0.010252970005856826,0.2365066564674329,0.08292038074336669,-0.00042974563783256415,0.34963420681390356,0.1338636624965316,0.11825332823371645,1.75,3522122.430615758,0.15725199714239121,0.053449834215043984,-0.041460190371683345,-0.041460190371683345,0.041460190371683345,0.041460190371683345,-0.16584076148673338,-0.16584076148673338,0.0,0.4451694321039205,0.11825332823371645,1.0,0.19109341516871456
126.0,0.0014656210245098612,13.786428432398038,112.65003635886949,47.615894817816866,8.524985246613543,7.554894283599249,6.993087497652804,1.304304018673256,301.5025319634969,-0.03241138057508378,-0.07990877961046665,-0.047497399035382866,1.0,0.0786238811381622,7.586051284178983e-12,2.3,0.01022932822606291,0.2365066564674329,0.08292690071501461,-0.0004293945172845598,0.349561355017904,0.1338412030118432,0.11825332823371645,1.75,3521170.1152978893,0.1572477622763244,0.053470052367167495,-0.04146345035750731,-0.04146345035750731,0.04146345035750731,0.04146345035750731,-0.16585380143002923,-0.16585380143002923,0.0,0.44536709252485507,0.11825332823371645,1.0,0.1925592051517429
127.0,0.0014652835131408666,13.792647760139984,112.64252268517384,47.600231889141355,8.522668303806432,7.5534655207670784,6.993405609399523,1.3040920788399863,301.5024602798118,-0.032419617868015,-0.07990847365778461,-0.047488855789769614,1.0,0.07862197209073868,7.585867089104293e-12,2.3,0.010205890959290385,0.2365066564674329,0.08293291606792338,-0.000429047438983851,0.34948864978268557,0.13381881884998229,0.11825332823371645,1.75,3520206.5788823576,0.15724394418147736,0.053490022930390464,-0.04146645803396169,-0.04146645803396169,0.04146645803396169,0.04146645803396169,-0.16586583213584677,-0.16586583213584677,0.0,0.44556717182397765,0.11825332823371645,1.0,0.19402465742056826
128.0,0.0014649464162930172,13.798797658960014,112.63506938410366,47.58460950092539,8.520350538777958,7.552031312623322,6.993721671483874,1.303880543650021,301.5023887982399,-0.03242783603541991,-0.07990817727736943,-0.04748034124194952,1.0,0.07862026198879409,7.58570208935021e-12,2.3,0.010182655484911042,0.2365066564674329,0.08293845467582821,-0.00042870408021366727,0.34941609032871834,0.1337965086017966,0.11825332823371645,1.75,3519231.9886235786,0.15724052397758817,0.05350974973615051,-0.041469227337914104,-0.041469227337914104,0.041469227337914104,0.041469227337914104,-0.16587690935165642,-0.16587690935165642,0.0,0.44576963846694406,0.11825332823371645,1.0,0.1954897723852852
129.0,0.0014646097425816157,13.804879076328422,112.62767571525134,47.5690270310377,8.518032853288599,7.550592511704707,6.9940357057539115,1.303669418153456,301.502317514872,-0.03243603541042126,-0.07990789026811021,-0.04747185485768895,1.0,0.07861874172930632,7.585555406608623e-12,2.3,0.010159619136664215,0.2365066564674329,0.08294354344182477,-0.000428364131410027,0.34934367592492854,0.13377427090567706,0.11825332823371645,1.75,3518246.510241446,0.15723748345861263,0.053529236535020196,-0.04147177172091238,-0.04147177172091238,0.04147177172091238,0.04147177172091238,-0.16588708688364953,-0.16588708688364953,0.0,0.4459744612153006,0.11825332823371645,1.0,0.19695455046472252
130.0,0.0014642735002446394,13.81089293033009,112.62034095995695,47.55348389639169,8.515716085013452,7.549149912521419,6.994347733405635,1.3034587070317059,301.5022464260454,-0.032444216304208594,-0.07990761243739687,-0.04746339613318828,1.0,0.0786174027419884,7.58542621397255e-12,2.3,0.01013677932146256,0.2365066564674329,0.08294820772444549,-0.0004280273038510045,0.3492714059151605,0.13375210447640862,0.11825332823371645,1.75,3517250.3074866543,0.1572348054839768,0.05354848696214615,-0.04147410386222274,-0.04147410386222274,0.04147410386222274,0.04147410386222274,-0.16589641544889097,-0.16589641544889097,0.0,0.4461816092158667,0.11825332823371645,1.0,0.19841899208613564
131.0,0.0014639376972983176,13.816840122069262,112.61306441212999,47.53797953653236,8.513401034554807,7.547704276010191,6.994657775251259,1.3032484147514785,301.5021755282361,-0.03245237901543818,-0.07990734359738856,-0.04745496458195038,1.0,0.07861623676443441,7.585313714241009e-12,2.3,0.01011413349675511,0.2365066564674329,0.08295247199171107,-0.00042769332078125457,0.34919927968543973,0.13373000807222632,0.11825332823371645,1.75,3516243.5426211576,0.15723247352886882,0.053567504577780166,-0.04147623599585554,-0.04147623599585554,0.04147623599585554,0.04147623599585554,-0.16590494398342215,-0.16590494398342215,0.0,0.4463910518999953,0.11825332823371645,1.0,0.1998830976849071
132.0,0.0014636023414073608,13.822721525441745,112.6058453858359,47.52251342645735,8.511088444342517,7.546256310383956,6.994965851499034,1.3030385454440456,301.50210481814474,-0.03246052382289249,-0.07990708356808876,-0.04744655974519627,1.0,0.07861523602007066,7.585217157088705e-12,2.3,0.010091679187942244,0.2365066564674329,0.08295635929637765,-0.00042736192439186233,0.3491272966870594,0.13370798052114635,0.11825332823371645,1.75,3515226.375976735,0.15723047204014132,0.053586292835278646,-0.041478179648188826,-0.041478179648188826,0.041478179648188826,0.041478179648188826,-0.1659127185927553,-0.1659127185927553,0.0,0.4466027590745234,0.11825332823371645,1.0,0.20134686770425994
133.0,0.0014632674400299308,13.82853799862724,112.5986832067838,47.507085061704196,8.50877902315847,7.544806693346518,6.995271982002237,1.3028291030453834,301.5020342925989,-0.03246865099400078,-0.07990683217390354,-0.04743818117990276,1.0,0.07861439301335171,7.585135819305448e-12,2.3,0.010069413967451639,0.2365066564674329,0.0829598918745663,-0.000427032867754206,0.34905545640793356,0.13368602069086807,0.11825332823371645,1.75,3514198.9664383754,0.15722878602670343,0.05360485511856794,-0.04147994593728315,-0.04147994593728315,0.04147994593728315,0.04147994593728315,-0.1659197837491326,-0.1659197837491326,0.0,0.4468167008204076,0.11825332823371645,1.0,0.2028103025949786
134.0,0.001462933000296987,13.83429037459507,112.59157721937919,47.49169396997685,8.506473427023693,7.543356054733342,6.995576186054355,1.3026200911864774,301.5019639486306,-0.032476760778195966,-0.07990658924647463,-0.047429828468278666,1.0,0.07861370069153496,7.585069020405025e-12,2.3,0.010047335470877885,0.2365066564674329,0.08296309066619482,-0.000426705921150386,0.3489837583926907,0.1336641275127912,0.11825332823371645,1.75,3513161.4709971375,0.15722740138306993,0.053623194712490455,-0.04148154533309741,-0.04148154533309741,0.04148154533309741,0.04148154533309741,-0.16592618133238965,-0.16592618133238965,0.0,0.4470328475850235,0.11825332823371645,1.0,0.20427340281514206
135.0,0.0014625990291472575,13.83997947175867,112.58452677882225,47.476339697605894,8.504172281445353,7.54190499667669,6.995878482620323,1.3024115133207896,301.5018937833873,-0.0324848534146336,-0.07990635462150567,-0.047421501206872066,1.0,0.07861315225824987,7.585016104637367e-12,2.3,0.010025441377627564,0.2365066564674329,0.08296597586263411,-0.00042638086474831106,0.34891220221764574,0.13364229995453292,0.11825332823371645,1.75,3512114.045235901,0.15722630451649974,0.05364131483746249,-0.04148298793131706,-0.04148298793131706,0.04148298793131706,0.04148298793131706,-0.16593195172526823,-0.16593195172526823,0.0,0.447251170080286,0.11825332823371645,1.0,0.20573616882986417
136.0,0.0014622655332149571,13.845606085154948,112.57753125767118,47.46102182008339,8.501876164120029,7.540454077884225,6.9961788901458535,1.3022033726246587,301.5018237942029,-0.03249292912618391,-0.07990612814137225,-0.04741319901518835,1.0,0.07861274132047325,7.584976455169509e-12,2.3,0.010003729425888832,0.2365066564674329,0.08296856646864534,-0.0004260574943379484,0.3488407875082456,0.13362053704182392,0.11825332823371645,1.75,3511056.8428775943,0.1572254826409465,0.05365921862197158,-0.04148428323432267,-0.04148428323432267,0.04148428323432267,0.04148428323432267,-0.16593713293729068,-0.16593713293729068,0.0,0.44747163937607576,0.11825332823371645,1.0,0.2071986011110453
137.0,0.0014619325189554333,13.851170996329401,112.57059003850063,47.44573992977868,8.49958562509706,7.539003831928488,6.996477426772345,1.3019956721131638,301.50175397851615,-0.03250098812642037,-0.07990590965219603,-0.04740492152577566,1.0,0.07861246171892697,7.584949477721456e-12,2.3,0.009982197394714142,0.2365066564674329,0.08297088080316951,-0.00042573561468492227,0.3487695139172561,0.13359883783342655,0.11825332823371645,1.75,3509990.0162727004,0.15722492343785394,0.05367690913466312,-0.04148544040158476,-0.04148544040158476,0.04148544040158476,0.04148544040158476,-0.16594176160633903,-0.16594176160633903,0.0,0.44769422679796467,0.11825332823371645,1.0,0.20866070013713048
138.0,0.0014615999925406576,13.856674965134097,112.56370252001555,47.43049364547612,8.49730117114119,7.537554753022293,6.996774110159235,1.3017884145497547,301.5016843339353,-0.03250903061418998,-0.07990569900624868,-0.0473966683920587,1.0,0.07861230766152115,7.58493461344149e-12,2.3,0.009960843117916257,0.2365066564674329,0.08297293609937846,-0.00042541504472343075,0.348698381139846,0.13357720144108498,0.11825332823371645,1.75,3508913.715943834,0.1572246153230423,0.05369438935880968,-0.04148646804968923,-0.04148646804968923,0.04148646804968923,0.04148646804968923,-0.16594587219875692,-0.16594587219875692,0.0,0.4479189040215654,0.11825332823371645,1.0,0.21012246639287852
139.0,0.0014612679599761342,13.86211873890632,112.55686811022406,47.415282601238786,8.495023283990594,7.536107312592591,6.997068957683876,1.3015816025514975,301.50161485816403,-0.032517056779936444,-0.07990549605925529,-0.04738843927931884,1.0,0.07861227356915766,7.584931324028475e-12,2.3,0.009939664467468268,0.2365066564674329,0.0829747489623899,-0.00042509561153065485,0.34862738889463746,0.13355562700664864,0.11825332823371645,1.75,3507828.091074447,0.15722454713831532,0.05371166222204264,-0.04148737448119495,-0.04148737448119495,0.04148737448119495,0.04148737448119495,-0.1659494979247798,-0.1659494979247798,0.0,0.4481456429699724,0.11825332823371645,1.0,0.2115839003691369
140.0,0.001460936427003584,13.867503044834645,112.5500862321384,47.40010645503554,8.49275240623476,7.5346619464230145,6.997361986275881,1.3013752385071413,301.5015455490602,-0.03252506680079684,-0.07990530067260851,-0.04738023387181167,1.0,0.07861235419680543,7.584939103413848e-12,2.3,0.009918659366414966,0.2365066564674329,0.08297633500430321,-0.00042477715502310036,0.34855653693669936,0.13353411372023882,0.11825332823371645,1.75,3506733.289050628,0.15722470839361086,0.05372873057262932,-0.041488167502151604,-0.041488167502151604,0.041488167502151604,0.041488167502151604,-0.16595267000860642,-0.16595267000860642,0.0,0.4483744159088513,0.11825332823371645,1.0,0.21304500256262676
141.0,0.001460605399209758,13.872828598488908,112.54335631742005,47.38496487865396,8.490488957831175,7.533219069659285,6.997653212603173,1.301169324672651,301.5014764045678,-0.03253306084631869,-0.07990511271088349,-0.0473720518645648,1.0,0.07861254449340102,7.584957464244075e-12,2.3,0.009897825773479764,0.2365066564674329,0.08297770926233956,-0.00042445952249876607,0.3484858250411336,0.1335126607993954,0.11825332823371645,1.75,3505629.4559504674,0.15722508898680204,0.05374559720704761,-0.04148885463116978,-0.04148885463116978,0.04148885463116978,0.04148885463116978,-0.16595541852467913,-0.16595541852467913,0.0,0.44860519534370363,0.11825332823371645,1.0,0.21450577347573344
142.0,0.0014602748819357554,13.878096096708003,112.53667781170161,47.36985756549625,8.488233323366096,7.531779065199884,6.997942652917368,1.3009638630969795,301.50140742277125,-0.032541039074035605,-0.07990493204387712,-0.04736389296984152,1.0,0.07861283971162529,7.584985948472492e-12,2.3,0.009877161695072315,0.2365066564674329,0.08297888586597978,-0.0004241425728798781,0.34841525301421084,0.1334912675056096,0.11825332823371645,1.75,3504516.736083944,0.15722567942325058,0.053762264847920425,-0.04148944293298989,-0.04148944293298989,0.04148944293298989,0.04148944293298989,-0.16595777173195955,-0.16595777173195955,0.0,0.4488379541155153,0.11825332823371645,1.0,0.2159662136163062
143.0,0.0014599448803783279,13.883306225534179,112.53005016866503,47.35478422145028,8.485985866980567,7.5303422972682625,6.9982303232271,1.300758855708723,301.5013386018326,-0.03254900163463262,-0.0799047585443183,-0.04735575690968569,1.0,0.07861323528069725,7.585024115085776e-12,2.3,0.009856665171001713,0.2365066564674329,0.08297987841875697,-0.0004238261717740318,0.3483448206792044,0.13346993312532593,0.11825332823371645,1.75,3503395.2724823384,0.1572264705613945,0.05377873616961439,-0.04148993920937848,-0.04148993920937848,0.04148993920937848,0.04148993920937848,-0.16595975683751393,-0.16595975683751393,0.0,0.4490726652979669,0.11825332823371645,1.0,0.21742632349746324
144.0,0.0014596153995053152,13.888459653580059,112.523472855016,47.33974457192765,8.483746920892589,7.5289091009422995,6.998516239153568,1.3005543042489263,301.50126994004125,-0.0325569486679574,-0.07990459208974618,-0.04734764342178878,1.0,0.07861372690583378,7.585071549700352e-12,2.3,0.009836334285655066,0.2365066564674329,0.08298069969484106,-0.0004235101953028366,0.34827452788590163,0.13344865698497954,0.11825332823371645,1.75,3502265.2064370634,0.15722745381166756,0.05379501377769404,-0.04149034984742053,-0.04149034984742053,0.04149034984742053,0.04149034984742053,-0.16596139938968213,-0.16596139938968213,0.0,0.4493093022934628,0.11825332823371645,1.0,0.21888610363740507
145.0,0.0014592864441500043,13.893557039415905,112.51694534495941,47.32473835360927,8.481516798870915,7.52747979441767,6.998800416092153,1.300350210349627,301.5012014357573,-0.032564880307683515,-0.07990443256040052,-0.047339552252717,1.0,0.07861431045282972,7.585127853426064e-12,2.3,0.009816167154724359,0.2365066564674329,0.08298136198746116,-0.0004231945256371741,0.34820437449841296,0.13342743843369834,0.11825332823371645,1.75,3501126.6779885483,0.15722862090565945,0.0538111002327099,-0.04149068099373058,-0.04149068099373058,0.04149068099373058,0.04149068099373058,-0.16596272397492232,-0.16596272397492232,0.0,0.44954783873040194,0.11825332823371645,1.0,0.22034555455923274
146.0,0.0014589580189322356,13.89859902537685,112.51046712485432,47.30976532079246,8.479295785907073,7.526054669575691,6.999082869077325,1.300146575473079,301.5011330874557,-0.03257279667771753,-0.07990427984095166,-0.047331483163234135,1.0,0.0786149820381029,7.585192651554193e-12,2.3,0.009796161935624197,0.2365066564674329,0.08298187683248869,-0.0004228790544480442,0.34813436040324375,0.1334062768569718,0.11825332823371645,1.75,3499979.825464757,0.1572299640762058,0.053826998031046694,-0.04149093841624434,-0.04149093841624434,0.04149093841624434,0.04149093841624434,-0.16596375366497737,-0.16596375366497737,0.0,0.44978824855943117,0.11825332823371645,1.0,0.22180467679077387
147.0,0.0014586301283463139,13.903586244447778,112.5040376880548,47.29482523793465,8.477084150364123,7.524634003052081,6.999363612933484,1.2999434009828874,301.50106489367545,-0.032580697896405615,-0.07990413381855703,-0.047323435922151415,1.0,0.07861573792404213,7.585265583460085e-12,2.3,0.009776316815148182,0.2365066564674329,0.08298225532623549,-0.0004225636788747387,0.34806448549886226,0.13338517166091066,0.11825332823371645,1.75,3498824.78596904,0.15723147584808425,0.05384270962705214,-0.041491127663117744,-0.041491127663117744,0.041491127663117744,0.041491127663117744,-0.16596451065247098,-0.16596451065247098,0.0,0.4500305059508789,0.11825332823371645,1.0,0.22326347086441314
148.0,0.0014583027766873619,13.908519314474974,112.49765653927098,47.27991788537085,8.474882134696193,7.5232180477511035,6.999642662148488,1.2997406880890876,301.5009968530592,-0.03258858407330036,-0.07990399438445475,-0.04731541031115439,1.0,0.07861657460046462,7.585346310462586e-12,2.3,0.009756630019187891,0.2365066564674329,0.08298250787378307,-0.0004222483046312058,0.3479947497024944,0.13336412228466454,0.11825332823371645,1.75,3497661.69491901,0.15723314920092923,0.053858237415163684,-0.041491253936891535,-0.041491253936891535,0.041491253936891535,0.041491253936891535,-0.16596501574756614,-0.16596501574756614,0.0,0.4502745853910897,0.11825332823371645,1.0,0.22472193731693
149.0,0.0014579759681333016,13.913398844589596,112.49132318974524,47.26504305258508,8.472689966388925,7.521807042824558,6.999920031014573,1.2995384379125168,301.50092896430766,-0.03259645531295217,-0.07990386143217304,-0.04730740611922087,1.0,0.07861748868979772,7.585434506675476e-12,2.3,0.009737099801241614,0.2365066564674329,0.08298264447868471,-0.00042193284236929983,0.34792515294125587,0.13334312818610686,0.11825332823371645,1.75,3496490.6865328373,0.15723497737959544,0.053873583750516686,-0.041491322239342356,-0.041491322239342356,0.041491322239342356,0.041491322239342356,-0.16596528895736942,-0.16596528895736942,0.0,0.4505204615801275,0.11825332823371645,1.0,0.22618007668934031
150.0,0.0014576497066759897,13.918225429790924,112.48503716134375,47.25020054335465,8.470507849632751,7.520401206047796,7.000195733509824,1.2993366514352278,301.5008612262152,-0.03260431171200278,-0.07990373485899856,-0.04729942314699578,1.0,0.07861847702070751,7.585529866111554e-12,2.3,0.00971772445149198,0.2365066564674329,0.08298267451396807,-0.00042161721047123576,0.3478556951578129,0.13332218885310898,0.11825332823371645,1.75,3495311.893369174,0.15723695404141502,0.05388875093224401,-0.041491337256984034,-0.041491337256984034,0.041491337256984034,0.041491337256984034,-0.16596534902793614,-0.16596534902793614,0.0,0.4507681095280453,0.11825332823371645,1.0,0.22763788952674496
151.0,0.001457323996197793,13.922999656945994,112.47879798204023,47.23539016968484,8.468335975162088,7.519000742805166,7.000469783429968,1.2991353295586936,301.500793637628,-0.032612153362599094,-0.07990361456432656,-0.04729146120172746,1.0,0.07861953654225534,7.585632094399984e-12,2.3,0.009698502286096625,0.2365066564674329,0.0829826069860713,-0.0004213013317731822,0.3477863763028876,0.13330130379052976,0.11825332823371645,1.75,3494125.446811369,0.15723907308451068,0.053903741222690316,-0.04149130349303565,-0.04149130349303565,0.04149130349303565,0.04149130349303565,-0.1659652139721426,-0.1659652139721426,0.0,0.45101750445296307,0.11825332823371645,1.0,0.22909537637818186
152.0,0.0014569988404071145,13.927722099714371,112.4726051897599,47.220611756431545,8.466174512796373,7.5176058392504945,7.000742194277158,1.2989344730590793,301.50072619747704,-0.032619980349783584,-0.07990350045101413,-0.04728352010123055,1.0,0.07862066439039318,7.585740915202143e-12,2.3,0.009679431655676056,0.2365066564674329,0.08298245032661183,-0.0004209851360718501,0.34771719633994425,0.13328047253044473,0.11825332823371645,1.75,3492931.476609057,0.15724132878078637,0.05391855683178793,-0.04149122516330592,-0.04149122516330592,0.04149122516330592,0.04149122516330592,-0.16596490065322367,-0.16596490065322367,0.0,0.45126862187714384,0.11825332823371645,1.0,0.23055253779648432
153.0,0.00145667424290995,13.932393324158369,112.46645832814586,47.20586513584011,8.464023620276265,7.5162166703872675,7.001012979383354,1.298734082639823,301.5006589047399,-0.03262779275456488,-0.07990339242385987,-0.04727559966929499,1.0,0.07862185781030788,7.585856062718973e-12,2.3,0.009660510935322277,0.2365066564674329,0.08298221263270215,-0.00042066855717655296,0.3476481552388913,0.133259694620329,0.11825332823371645,1.75,3491730.111359829,0.15724371562061576,0.053933199934992876,-0.04149110631635108,-0.04149110631635108,0.04149110631635108,0.04149110631635108,-0.1659644252654043,-0.1659644252654043,0.0,0.45152143752553847,0.11825332823371645,1.0,0.23200937433814287
154.0,0.0014563502071495234,13.937013883981772,112.4603569501751,47.19115015169349,8.461883436593649,7.514833393942633,7.001282151805868,1.2985341588913344,301.5005917584704,-0.03263559065157758,-0.07990329039085137,-0.047267699739273784,1.0,0.0786231142164203,7.585977287480008e-12,2.3,0.009641738532544717,0.2365066564674329,0.08298190147772977,-0.0004203515351556386,0.34757925297990677,0.13323896963233187,0.11825332823371645,1.75,3490521.4780529984,0.1572462284328406,0.05394767265864873,-0.041490950738864885,-0.041490950738864885,0.041490950738864885,0.041490950738864885,-0.16596380295545954,-0.16596380295545954,0.0,0.4517759274215589,0.11825332823371645,1.0,0.2334658865631726
155.0,0.0014560267364731817,13.941584325782284,112.45430061418506,47.176466654401196,8.4597540899149,7.513456157623294,7.001549724442984,1.2983347023384466,301.5005247577643,-0.032643374111841296,-0.07990319426176394,-0.047259820149922645,1.0,0.07862443112219403,7.586104349570956e-12,2.3,0.009623112877937524,0.2365066564674329,0.08298152413002895,-0.00042003401368777407,0.3475104895482035,0.13321829715255026,0.11825332823371645,1.75,3489305.7025483446,0.15724886224438805,0.053961977096750456,-0.04149076206501447,-0.04149076206501447,0.04149076206501447,0.04149076206501447,-0.1659630482600579,-0.1659630482600579,0.0,0.45203206778616917,0.11825332823371645,1.0,0.23492207503498397
156.0,0.0014557038340758416,13.946105184578883,112.44828888727973,47.161814504716304,8.45763569162775,7.512085093638052,7.001815709935725,1.2981357134041422,301.5004579017856,-0.03265114320066453,-0.07990310394931113,-0.047251960748646606,1.0,0.07862580619422296,7.586237023852356e-12,2.3,0.009604632432627883,0.2365066564674329,0.08298108738105778,-0.0004197159420718018,0.3474418649371026,0.13319767678943348,0.11825332823371645,1.75,3488082.909122563,0.15725161238844593,0.05397611529721517,-0.04149054369052889,-0.04149054369052889,0.04149054369052889,0.04149054369052889,-0.16596217476211556,-0.16596217476211556,0.0,0.4522898351332446,0.11825332823371645,1.0,0.23637794032025847
157.0,0.0014553815030625807,13.950576988735435,112.44232134159515,47.147193569324614,8.455528343434112,7.510720325203618,7.002080120776352,1.297937192452339,301.50039118973604,-0.03265889798012101,-0.07990301936785309,-0.047244121387732076,1.0,0.07862723718884114,7.586375093843352e-12,2.3,0.00958629567954751,0.2365066564674329,0.08298059774424475,-0.00041939727285042,0.3473733791437169,0.13317710816405257,0.11825332823371645,1.75,3486853.220944614,0.15725447437768228,0.05399008927757052,-0.041490298872122376,-0.041490298872122376,0.041490298872122376,0.041490298872122376,-0.1659611954884895,-0.1659611954884895,0.0,0.4525492061693061,0.11825332823371645,1.0,0.23783348298882767
158.0,0.0014550597463955678,13.955000255753557,112.43639755751269,47.13260372417027,8.453432132047816,7.509361961656241,7.002342969215853,1.2977391397552749,301.5003246208786,-0.032666638507175036,-0.07990294043445764,-0.047236301927282606,1.0,0.07862872200083351,7.586518356421572e-12,2.3,0.009568101130423714,0.2365066564674329,0.08298006129908017,-0.00041907796360504424,0.3473050321713827,0.1331565909177107,0.11825332823371645,1.75,3485616.759625363,0.15725744400166702,0.05400390101205869,-0.041490030649540086,-0.041490030649540086,0.041490030649540086,0.041490030649540086,-0.16596012259816034,-0.16596012259816034,0.0,0.4528101578883573,0.11825332823371645,1.0,0.23928870361355675
159.0,0.0014547385669527347,13.959375496893925,112.43051712014416,47.118044850499764,8.451347135532538,7.508010104275366,7.002604267365871,1.297541555532045,301.50025819450997,-0.03267436483590113,-0.07990286706770922,-0.047228502231808085,1.0,0.07863025860624033,7.586666616304587e-12,2.3,0.009550047317605786,0.2365066564674329,0.08297948387180895,-0.0004187579748273391,0.3472368240261592,0.13313612470312144,0.11825332823371645,1.75,3484373.6456891582,0.15726051721248066,0.054017552446337574,-0.041489741935904476,-0.041489741935904476,0.041489741935904476,0.041489741935904476,-0.1659589677436179,-0.1659589677436179,0.0,0.453072667472338,0.11825332823371645,1.0,0.2407436027702309
160.0,0.001454417967477939,13.963703213213432,112.42467962236749,47.10351683783216,8.449273418590032,7.506664841929962,7.002864027111492,1.297344439919315,301.50019190998154,-0.03268207701580987,-0.07990279918868867,-0.0472207221728788,1.0,0.07863184510617903,7.586819690278081e-12,2.3,0.009532132800635078,0.2365066564674329,0.08297887089407462,-0.00041843727151882713,0.3471687547186658,0.13311570919129714,0.11825332823371645,1.75,3483123.9981270568,0.15726369021235806,0.05403104548535041,-0.04148943544703731,-0.04148943544703731,0.04148943544703731,0.04148943544703731,-0.16595774178814923,-0.16595774178814923,0.0,0.4533367123853533,0.11825332823371645,1.0,0.24219818103744625
161.0,0.0014540979506359715,13.967983899908491,112.418884661514,47.08901958041648,8.447211038212405,7.505326256282303,7.003122260207107,1.2971477930059911,301.5001257666749,-0.032689775093834986,-0.07990273671987422,-0.04721296162603923,1.0,0.0786334796752867,7.586977402221306e-12,2.3,0.009514356158581844,0.2365066564674329,0.08297822756699764,-0.00041811582128775264,0.3471008242613209,0.1330953440635559,0.11825332823371645,1.75,3481867.934864296,0.1572669593505734,0.05404438200712075,-0.04148911378349882,-0.04148911378349882,0.04148911378349882,0.04148911378349882,-0.1659564551339953,-0.1659564551339953,0.0,0.45360227027491584,0.11825332823371645,1.0,0.2436524389965032
162.0,0.001453778518965704,13.972218042577085,112.41313184224045,47.074552979879705,8.445160039505577,7.503994417919192,7.0033789781940845,1.2969516148069555,301.5000597640205,-0.03269745911284068,-0.07990267958604647,-0.047205220473205786,1.0,0.07863516060110165,7.587139586906832e-12,2.3,0.009496715996227763,0.2365066564674329,0.08297755873311918,-0.00041779359577153954,0.34703303266966434,0.1330750290177513,0.11825332823371645,1.75,3480605.5723174936,0.1572703212022033,0.05405756385132578,-0.04148877936655959,-0.04148877936655959,0.04148877936655959,0.04148877936655959,-0.16595511746623837,-0.16595511746623837,0.0,0.4538693190654828,0.11825332823371645,1.0,0.24510637723130405
163.0,0.0014534596749317397,13.976406121306328,112.4074207734022,47.06011694205934,8.44312046071922,7.5026693909928515,7.003634192491049,1.296755905294224,301.4999939014756,-0.032705129113397936,-0.07990262771327396,-0.04719749859987602,1.0,0.07863688623763368,7.587306085520743e-12,2.3,0.00947921093687157,0.2365066564674329,0.08297686902527923,-0.0004174705689383658,0.34696537996022203,0.13305476376103548,0.11825332823371645,1.75,3479337.025857665,0.15727377247526736,0.05407059283225902,-0.041488434512639616,-0.041488434512639616,0.041488434512639616,0.041488434512639616,-0.16595373805055846,-0.16595373805055846,0.0,0.4541378368605569,0.11825332823371645,1.0,0.24655999632825276
164.0,0.0014531414208803551,13.980548607141584,112.40175107077462,47.045711379359446,8.441092329555001,7.501351229791541,7.003887914316063,1.2965606643734213,301.499928178541,-0.032712785132456075,-0.07990258102974976,-0.04718979589729368,1.0,0.07863865504071443,7.587476749073445e-12,2.3,0.00946183962815489,0.2365066564674329,0.08297616275071155,-0.0004171467183490146,0.3468978661514091,0.13303454801548956,0.11825332823371645,1.75,3478062.4093717537,0.15727731008142887,0.05408347072805076,-0.04148808137535578,-0.04148808137535578,0.04148808137535578,0.04148808137535578,-0.1659523255014231,-0.1659523255014231,0.0,0.4544078020354542,0.11825332823371645,1.0,0.2480132968761588
165.0,0.0014528237590879956,13.984645965938737,112.39612235409754,47.03133620792373,8.4390756676321,7.5000399828697,7.004140154771749,1.296365891911748,301.49986259474133,-0.032720427204928064,-0.0799025394648546,-0.04718211225992653,1.0,0.07864046552622919,7.587651434369635e-12,2.3,0.009444600735299279,0.2365066564674329,0.08297544402602146,-0.00041682202364429005,0.34683049126191795,0.1330143815115756,0.11825332823371645,1.75,3476781.83572091,0.15728093105245838,0.05409619929286611,-0.04148772201301073,-0.04148772201301073,0.04148772201301073,0.04148772201301073,-0.16595088805204292,-0.16595088805204292,0.0,0.4546791931403239,0.11825332823371645,1.0,0.24946627946614297
166.0,0.00145250669171981,13.98869865502404,112.39053424965736,47.016991349727064,8.437070487234124,7.49873569001638,7.00439092477164,1.2961715877169437,301.49979714963985,-0.032728055362510666,-0.07990250294993059,-0.047174447587419926,1.0,0.0786423163018105,7.587830007066277e-12,2.3,0.009427492946603602,0.2365066564674329,0.08297471667237588,-0.0004164964676613795,0.3467632553112678,0.13299426399322176,0.11825332823371645,1.75,3475495.416306627,0.157284632603621,0.054108780246720785,-0.04148735833618794,-0.04148735833618794,0.04148735833618794,0.04148735833618794,-0.16594943334475176,-0.16594943334475176,0.0,0.45495198899208383,0.11825332823371645,1.0,0.25091894469154685
167.0,0.0014521902208752381,13.992707126829822,112.38498638748959,47.00267673005741,8.435076795263154,7.497438385922324,7.004640235120552,1.2959777515623518,301.49973184282095,-0.032735669635096803,-0.07990247141741573,-0.047166801782318926,1.0,0.0786442060293035,7.588012338051056e-12,2.3,0.009410514967077026,0.2365066564674329,0.0829739843377767,-0.0004161700350898531,0.34669615831864997,0.13297419521190196,0.11825332823371645,1.75,3474203.2615240496,0.157288412058607,0.054121215286976276,-0.04148699216888835,-0.04148699216888835,0.04148699216888835,0.04148699216888835,-0.1659479686755534,-0.1659479686755534,0.0,0.45522616857840786,0.11825332823371645,1.0,0.2523712931478444
168.0,0.0014518743485489594,13.99667182573014,112.3794784038325,46.988392279368114,8.433094590383265,7.496148097508239,7.00488809644477,1.2957843831681395,301.4996666739033,-0.032743270049729885,-0.07990244480156003,-0.047159174751830145,1.0,0.07864613345314518,7.588198306180556e-12,2.3,0.009393665523634864,0.2365066564674329,0.08297325040237699,-0.00041584271345635984,0.3466292003031626,0.13295417493122547,0.11825332823371645,1.75,3472905.4803329967,0.15729226690629036,0.05413350607870375,-0.041486625201188496,-0.041486625201188496,0.041486625201188496,0.041486625201188496,-0.16594650080475398,-0.16594650080475398,0.0,0.45550171114876686,0.11825332823371645,1.0,0.2538233254325565
169.0,0.0014515590766738002,14.000593191477002,112.37400993847498,46.97413793103933,8.43112386651144,7.494864847172362,7.00513451926805,1.2955914822237329,301.4996016425241,-0.03275085663185993,-0.07990242303762514,-0.04715156640576521,1.0,0.07864809736667351,7.588387795029593e-12,2.3,0.009376943359095518,0.2365066564674329,0.08297251808914612,-0.00041551449193341964,0.34656238128306405,0.13293420292158667,0.11825332823371645,1.75,3471602.180705997,0.15729619473334702,0.0541456542655327,-0.04148625904457306,-0.04148625904457306,0.04148625904457306,0.04148625904457306,-0.16594503617829223,-0.16594503617829223,0.0,0.4557785961194472,0.11825332823371645,1.0,0.2552750421451679
170.0,0.001451244407083896,14.004471656198199,112.36858063709201,46.95991362301431,8.429164610319312,7.493588650443959,7.005379513945352,1.2953990483710764,301.4995367483508,-0.03275842940441892,-0.07990240606254809,-0.047143976658129166,1.0,0.0786500966375034,7.588580695339612e-12,2.3,0.009360347237097711,0.2365066564674329,0.08297179037842546,-0.00041518536220507116,0.3464957012757416,0.13291427896430555,0.11825332823371645,1.75,3470293.4692044905,0.1573001932750068,0.054157661460519764,-0.04148589518921273,-0.04148589518921273,0.04148589518921273,0.04148589518921273,-0.16594358075685092,-0.16594358075685092,0.0,0.4560568031636315,0.11825332823371645,1.0,0.25672644388704674
171.0,0.0014509303415550874,14.008307647649696,112.36319014872626,46.94571929581386,8.427216804305141,7.492319518851171,7.005623090734793,1.2952070812246852,301.49947199106754,-0.03276598838893559,-0.0799023938142005,-0.04713640542526491,1.0,0.07865213017732313,7.588776902104497e-12,2.3,0.009343875936433857,0.2365066564674329,0.08297107010799129,-0.0004148553174140349,0.34642916029729137,0.13289440284679632,0.11825332823371645,1.75,3468979.4514213777,0.15730426035464626,0.05416952925640238,-0.041485535053995645,-0.041485535053995645,0.041485535053995645,0.041485535053995645,-0.16594214021598258,-0.16594214021598258,0.0,0.4563363121174927,0.11825332823371645,1.0,0.2581775312613662
172.0,0.0014506168817702116,14.012101586363153,112.35783812801434,46.931554893977435,8.425280424618746,7.4910574578681235,7.005865259734675,1.2950155803567502,301.4994073703845,-0.03277353360472009,-0.07990238623200427,-0.04712885262728418,1.0,0.07865419696455195,7.58897631675669e-12,2.3,0.009327528255709162,0.2365066564674329,0.08297035989603578,-0.00041452435291982215,0.3463627583622856,0.13287457436629913,0.11825332823371645,1.75,3467660.2315625935,0.1573083939291039,0.05418125921693319,-0.04148517994801789,-0.04148517994801789,0.04148517994801789,0.04148517994801789,-0.16594071979207156,-0.16594071979207156,0.0,0.4566171030692709,0.11825332823371645,1.0,0.25962830487302885
173.0,0.0014503040293571301,14.015853888728833,112.35252423279228,46.917420364306466,8.423355443754865,7.489802469439387,7.00610603095169,1.2948245453150307,301.4993428860268,-0.03278106506985109,-0.07990238325624542,-0.04712131818639433,1.0,0.0786562960172975,7.589178844557983e-12,2.3,0.00931130300798558,0.2365066564674329,0.08296966223155297,-0.0004141924653710999,0.34629649548363617,0.13285479332552075,0.11825332823371645,1.75,3466335.912883985,0.157312592034595,0.05419285288658564,-0.041484831115776485,-0.041484831115776485,0.041484831115776485,0.041484831115776485,-0.16593932446310594,-0.16593932446310594,0.0,0.4568991562664826,0.11825332823371645,1.0,0.26107876532859253
174.0,0.0014499917858559752,14.019564964281338,112.34724812622014,46.90331565712944,8.421441828669346,7.4885545501918935,7.006345414241002,1.29463397560963,301.49927853774244,-0.03278858280045891,-0.07990238482864578,-0.04711380202818687,1.0,0.07865842641355524,7.589384396548458e-12,2.3,0.009295199025202283,0.2365066564674329,0.08296897940499763,-0.0004138596533667645,0.3462303716721659,0.1328350595359957,0.11825332823371645,1.75,3465006.597278441,0.15731685282711047,0.05420431178231782,-0.041484489702498815,-0.041484489702498815,0.041484489702498815,0.041484489702498815,-0.16593795880999526,-0.16593795880999526,0.0,0.4571824522039503,0.11825332823371645,1.0,0.2625289132361991
175.0,0.001449680152755023,14.023235218626192,112.34200947450209,46.88924072475193,8.419539543130707,7.4873136936491695,7.006583419370986,1.2944438707289312,301.4992143252923,-0.03279608681159746,-0.07990239089172702,-0.04710630408012956,1.0,0.07866058726702892,7.589592887213528e-12,2.3,0.009279215153105867,0.2365066564674329,0.08296831358984148,-0.0004135259166414685,0.3461643869367313,0.13281537281415537,0.11825332823371645,1.75,3463672.3857069216,0.15732117453405783,0.05421563740277325,-0.04148415679492074,-0.04148415679492074,0.04148415679492074,0.04148415679492074,-0.16593662717968297,-0.16593662717968297,0.0,0.4574669715321651,0.11825332823371645,1.0,0.26397874920550457
176.0,0.0014493691314597463,14.026865050853315,112.3368079489174,46.87519552256315,8.417648546098494,7.486079888681799,7.006820055966134,1.2942542301278825,301.49915024845734,-0.032803577116615926,-0.07990240138934186,-0.047098824272725937,1.0,0.07866277774510856,7.589804236218544e-12,2.3,0.009263350255451143,0.2365066564674329,0.08296766678022742,-0.00041319125663924906,0.34609854128363443,0.13279573298435346,0.11825332823371645,1.75,3462333.377791332,0.15732555549021712,0.05422683122044103,-0.04148383339011371,-0.04148383339011371,0.04148383339011371,0.04148383339011371,-0.16593533356045484,-0.16593533356045484,0.0,0.45775269514422484,0.11825332823371645,1.0,0.265428273847612
177.0,0.00144905872332666,14.030454856319311,112.33164322364591,46.86118000767256,8.415768793766592,7.484853121441682,7.007055333568595,1.2940650532421631,301.4990863070296,-0.0328110537279269,-0.07990241626608408,-0.047091362538157176,1.0,0.07866499704728262,7.590018366325883e-12,2.3,0.009247603209194794,0.2365066564674329,0.08296704086447403,-0.0004128556758012291,0.34603283471695684,0.1327761398753236,0.11825332823371645,1.75,3460989.6722395383,0.15732999409456525,0.05423789469039121,-0.04148352043223701,-0.04148352043223701,0.04148352043223701,0.04148352043223701,-0.16593408172894805,-0.16593408172894805,0.0,0.4580396040853856,0.11825332823371645,1.0,0.2668774877750052
178.0,0.001448748929634089,14.034005024179052,112.32651497771229,46.847194139873615,8.413900238177263,7.48363337402712,7.007289261583697,1.293876339477831,301.49902250081857,-0.03281851665645778,-0.07990243546778293,-0.04708391881132515,1.0,0.07866724442111017,7.590235204936032e-12,2.3,0.009231972908492864,0.2365066564674329,0.0829664375690964,-0.00041251917806052593,0.3459672672378403,0.13275659332290127,0.11825332823371645,1.75,3459641.366444099,0.15733448884222034,0.054248829242800965,-0.0414832187845482,-0.0414832187845482,0.0414832187845482,0.0414832187845482,-0.1659328751381928,-0.1659328751381928,0.0,0.45832767963888177,0.11825332823371645,1.0,0.2683263916014856
179.0,0.0014484397516141224,14.037515940034723,112.3214228929094,46.833237880448735,8.41204282898678,7.482420626164686,7.007521849338527,1.2936880882238881,301.4989588296433,-0.03282596591232533,-0.07990245894095492,-0.04707649302862959,1.0,0.07866951914297655,7.590454682230791e-12,2.3,0.00921645826013798,0.2365066564674329,0.08296585852497362,-0.00041218176822212184,0.34590183884499554,0.13273709316683335,0.11825332823371645,1.75,3458288.5569011867,0.1573390382859531,0.05425963629126057,-0.04148292926248681,-0.04148292926248681,0.04148292926248681,0.04148292926248681,-0.16593171704994725,-0.16593171704994725,0.0,0.45861690323668386,0.11825332823371645,1.0,0.2697749859421097
180.0,0.001448131190424945,14.040987983576736,112.31636665566181,46.819311193004715,8.410196512291074,7.48121485406716,7.007753106029874,1.2935002988431576,301.4988952933381,-0.03283340150435869,-0.07990248663326473,-0.047069085128906035,1.0,0.07867182053225699,7.590676732539852e-12,2.3,0.009201058187369186,0.2365066564674329,0.08296530521716258,-0.00041184345238699164,0.3458365495338859,0.1327176392532253,0.11825332823371645,1.75,3456931.338815272,0.15734364106451398,0.05427031722563822,-0.04148265260858129,-0.04148265260858129,0.04148265260858129,0.04148265260858129,-0.16593061043432517,-0.16593061043432517,0.0,0.45890725654417514,0.11825332823371645,1.0,0.27122327141312924
181.0,0.001447823247181071,14.044421531109544,112.3113459550398,46.805414042429156,8.408361232141528,7.4800160318881215,7.007983040780071,1.2933129706834052,301.4988318917451,-0.03284082344068967,-0.07990251849301523,-0.04706169505232556,1.0,0.07867414793418948,7.590901292688284e-12,2.3,0.009185771625533683,0.2365066564674329,0.08296477904438088,-0.0004115042374150197,0.3457713992973729,0.13269823143167017,0.11825332823371645,1.75,3455569.8065118142,0.15734829586837895,0.05428087341998908,-0.04148238952219044,-0.04148238952219044,0.04148238952219044,0.04148238952219044,-0.16592955808876175,-0.16592955808876175,0.0,0.45919872137214646,0.11825332823371645,1.0,0.27267124863193226
182.0,0.0014475159229271396,14.04781695329393,112.30636048454811,46.791546395610794,8.406536929560321,7.478824130752971,7.008211662587193,1.293126103069321,301.49876862471984,-0.03284823172834013,-0.07990255446957774,-0.04705432274123761,1.0,0.0786765007324083,7.591128303205839e-12,2.3,0.00917059752572239,0.2365066564674329,0.08296428127408931,-0.00041116413128557176,0.3457063881248239,0.1326788695574468,0.11825332823371645,1.75,3454204.053048042,0.1573530014648166,0.054291306225733735,-0.041482140637044654,-0.041482140637044654,0.041482140637044654,0.041482140637044654,-0.16592856254817862,-0.16592856254817862,0.0,0.4594912797602961,0.11825332823371645,1.0,0.27411891821698636
183.0,0.0014472092186664982,14.051174617558777,112.30140994022375,46.77770822053223,8.404723543831723,7.47763912000909,7.008438980378353,1.2929396953123389,301.49870549212443,-0.032855626373736485,-0.079902594512917,-0.04704696813918051,1.0,0.07867887833372872,7.591357706858888e-12,2.3,0.009155534850640397,0.2365066564674329,0.08296381309588849,-0.0004108231426351481,0.3456415160028742,0.13265955348893818,0.11825332823371645,1.75,3452834.170619309,0.15735775666745744,0.05430161697920043,-0.041481906547944244,-0.041481906547944244,0.041481906547944244,0.041481906547944244,-0.16592762619177698,-0.16592762619177698,0.0,0.4597849138904836,0.11825332823371645,1.0,0.27556628078778317
184.0,0.0014469031353364138,14.05449488593735,112.29649402235529,46.76389948688695,8.402921011687235,7.476460966411936,7.008665002961988,1.2927537467036145,301.4986424938323,-0.03286300738235468,-0.07990263857399335,-0.04703963119163867,1.0,0.07868128017921333,7.591589449718172e-12,2.3,0.009140582578080725,0.2365066564674329,0.08296337558138919,-0.00041048128106098376,0.3455767829144696,0.13264028308960513,0.11825332823371645,1.75,3451460.250176013,0.15736256035842666,0.054311806995093984,-0.041481687790694596,-0.041481687790694596,0.041481687790694596,0.041481687790694596,-0.16592675116277839,-0.16592675116277839,0.0,0.4600796061690398,0.11825332823371645,1.0,0.27701333696478464
185.0,0.0014465976738350845,14.057778117373527,112.29161243365864,46.750120165294575,8.401129268395458,7.475289635191629,7.008889739078809,1.2925682565226682,301.4985796297223,-0.032870374759166786,-0.07990268660431982,-0.04703231184515303,1.0,0.07868370573068054,7.59182347985706e-12,2.3,0.00912573969698734,0.2365066564674329,0.08296296973207166,-0.0004101385567258498,0.34551218883972656,0.1326210582256658,0.11825332823371645,1.75,3450082.3818235863,0.15736741146136107,0.05432187757369869,-0.04148148486603583,-0.04148148486603583,0.04148148486603583,0.04148148486603583,-0.16592593946414333,-0.16592593946414333,0.0,0.4603753391412884,0.11825332823371645,1.0,0.2784600873693704
186.0,0.0014462928349981835,14.061024665645277,112.28676488093137,46.73637022782552,8.399348247098938,7.474125089377758,7.00911319735603,1.29238322403126,301.4985168996831,-0.03287772850833736,-0.07990273855633856,-0.0470250100480012,1.0,0.07868615448045181,7.59205974829202e-12,2.3,0.00911100521077892,0.2365066564674329,0.08296259644350376,-0.0004097949806106728,0.34544773375492654,0.1326018787678674,0.11825332823371645,1.75,3448700.6544456063,0.15737230896090362,0.05433182999461651,-0.04148129822175188,-0.04148129822175188,0.04148129822175188,0.04148129822175188,-0.16592519288700752,-0.16592519288700752,0.0,0.46067209557265043,0.11825332823371645,1.0,0.279906532623787
187.0,0.0014459886196244165,14.064234881573112,112.28195107330106,46.72264964732603,8.397577879723567,7.472967290701307,7.009335386356124,1.2921986484809733,301.49845430360784,-0.03288506863360919,-0.07990279438300721,-0.04701772574939802,1.0,0.07868862593941316,7.592298207830725e-12,2.3,0.00909637813359088,0.2365066564674329,0.08296225654816541,-0.0004094505641795936,0.345383417633448,0.1325827445894014,0.11825332823371645,1.75,3447315.156097347,0.1573772518788263,0.05434166552365592,-0.04148112827408271,-0.04148112827408271,0.04148112827408271,0.04148112827408271,-0.16592451309633083,-0.16592451309633083,0.0,0.4609698583644502,0.11825332823371645,1.0,0.2813526733510983
188.0,0.001445685028453292,14.067409111024599,112.27717072381918,46.708958397860286,8.395818096450725,7.471816199043327,7.009556314532864,1.292014529107896,301.49839184139756,-0.03289239513804575,-0.07990285403815191,-0.047010458900106154,1.0,0.0786911196455782,7.592538813898271e-12,2.3,0.009081857493459937,0.2365066564674329,0.08296195078361138,-0.0004091053195870311,0.3453192404447408,0.13256365556749258,0.11825332823371645,1.75,3445925.973635121,0.1573822392911564,0.05435138540682004,-0.04148097539180569,-0.04148097539180569,0.04148097539180569,0.04148097539180569,-0.16592390156722275,-0.16592390156722275,0.0,0.4612686106338026,0.11825332823371645,1.0,0.2827985101751372
189.0,0.0014453820621893295,14.07054769703206,112.27242354777684,46.695296454133924,8.39406882646527,7.470671773189442,7.009775990278054,1.291830865139249,301.4983295129571,-0.032899708024362186,-0.07990291747608042,-0.04700320945171823,1.0,0.07869363515354723,7.592781523520111e-12,2.3,0.009067442328730997,0.2365066564674329,0.08296167983072222,-0.0004087592593967334,0.34525520215529276,0.13254461158152833,0.11825332823371645,1.75,3444533.193103366,0.15738727030709446,0.054360990876904186,-0.04148083991536111,-0.04148083991536111,0.04148083991536111,0.04148083991536111,-0.16592335966144445,-0.16592335966144445,0.0,0.46156833563071015,0.11825332823371645,1.0,0.2842440437204585
190.0,0.0014450797214809854,14.073650977872576,112.26770926424233,46.68166379186255,8.392329997548126,7.469533970388921,7.009994421879251,1.2916476557887897,301.4982673181981,-0.0329070072947089,-0.07990298465191371,-0.046995977357204816,1.0,0.07869617204200716,7.59302629604572e-12,2.3,0.00905313169111294,0.2365066564674329,0.08296144428544361,-0.00040841239674821813,0.34519130272760845,0.13252561251448247,0.11825332823371645,1.75,3443136.899370279,0.1573923440840143,0.05437048314771665,-0.041480722142721804,-0.041480722142721804,0.041480722142721804,0.041480722142721804,-0.16592288857088722,-0.16592288857088722,0.0,0.46186901681671616,0.11825332823371645,1.0,0.28568927461229365
191.0,0.0014447780069435701,14.076719289101304,112.26302759443936,46.668060387283134,8.390601536680077,7.46840274697732,7.01021161756461,1.291464900262588,301.4982052570348,-0.0329142929509537,-0.07990305552122344,-0.04698876257026974,1.0,0.07869872990444847,7.593273092252887e-12,2.3,0.00903892464223916,0.2365066564674329,0.08296124469288171,-0.0004080647451241324,0.34512754212119123,0.13250665825123734,0.11825332823371645,1.75,3441737.176508339,0.15739745980889694,0.05437986342040564,-0.04148062234644086,-0.04148062234644086,0.04148062234644086,0.04148062234644086,-0.16592248938576343,-0.16592248938576343,0.0,0.4621706377833158,0.11825332823371645,1.0,0.2871342034765059
192.0,0.0014444769191393038,14.079752961701812,112.2583782632323,46.6544862174571,8.388883369741377,7.467278058033839,7.010427585462177,1.291282597755072,301.49814332938695,-0.03292156499450206,-0.07990313004034413,-0.046981565045842076,1.0,0.0787013083557125,7.593521874979453e-12,2.3,0.009024820256602365,0.2365066564674329,0.08296108152228684,-0.00040771631848051363,0.3450639202915411,0.13248774867985963,0.11825332823371645,1.75,3440334.1074362686,0.157402616711425,0.05438913287789656,-0.04148054076114342,-0.04148054076114342,0.04148054076114342,0.04148054076114342,-0.1659221630445737,-0.1659221630445737,0.0,0.4624731823293631,0.11825332823371645,1.0,0.28857883093954734
193.0,0.0014441764585989892,14.08275232404103,112.25376099756265,46.64094125986031,8.387175421987058,7.466159857886246,7.010642333642971,1.2911007474540372,301.4980815351766,-0.0329288234265355,-0.07990320816603283,-0.04697438473949733,1.0,0.0787039070238367,7.593772608336486e-12,2.3,0.00901081761825893,0.2365066564674329,0.08296095519737663,-0.00040736713105730537,0.34500043719113893,0.1324688836900958,0.11825332823371645,1.75,3438927.7742930315,0.1574078140476734,0.05439829269096778,-0.041480477598688316,-0.041480477598688316,0.041480477598688316,0.041480477598688316,-0.16592191039475326,-0.16592191039475326,0.0,0.46277663438079064,0.11825332823371645,1.0,0.29002315762841646
194.0,0.00144387662580312,14.085717700085112,112.24917552788507,46.62742549262794,8.385477617841289,7.4650480998555695,7.010855870081826,1.290919348537272,301.4980198743299,-0.03293606824786435,-0.0799032898557635,-0.04696722160789915,1.0,0.07870652555575,7.594025258257807e-12,2.3,0.00899691582364617,0.2365066564674329,0.08296086607425895,-0.0004070171974764543,0.3449370927684583,0.13245006317451538,0.11825332823371645,1.75,3437518.2580860723,0.1574130511115,0.054407344012889484,-0.04148043303712948,-0.04148043303712948,0.04148043303712948,0.04148043303712948,-0.1659217321485179,-0.1659217321485179,0.0,0.46308097806677634,0.11825332823371645,1.0,0.2914671841706175
195.0,0.0014435774212024051,14.088649411281423,112.24462158665848,46.61393889421451,8.383789881258464,7.46394273665583,7.011068202698623,1.2907384001768762,301.4979583467749,-0.03294329945912747,-0.07990337506740701,-0.04696007560827954,1.0,0.07870916361013305,7.594279791811106e-12,2.3,0.008983113978432572,0.2365066564674329,0.08296081446832684,-0.0004066665325910013,0.3448738869689661,0.13243128702716186,0.11825332823371645,1.75,3436105.639058794,0.1574183272202661,0.05441628798526575,-0.04148040723416342,-0.04148040723416342,0.04148040723416342,0.04148040723416342,-0.1659216289366537,-0.1659216289366537,0.0,0.4633861976407724,0.11825332823371645,1.0,0.29291091119412027
196.0,0.0014432788451998802,14.091547774835682,112.24009890973592,46.600481443587164,8.382112135601277,7.462843720216142,7.011279339320627,1.2905579015364035,301.49789695244266,-0.03295051706067355,-0.07990346375950927,-0.04695294669883572,1.0,0.07871182086235101,7.594536177673883e-12,2.3,0.008969411200222963,0.2365066564674329,0.08296080063484355,-0.0004063151515546504,0.34481081973413147,0.13241255514457737,0.11825332823371645,1.75,3434689.996345085,0.15742364172470202,0.05442512573286168,-0.04148040031742178,-0.04148040031742178,0.04148040031742178,0.04148040031742178,-0.1659216012696871,-0.1659216012696871,0.0,0.46369227755542647,0.11825332823371645,1.0,0.2943543393273214
197.0,0.001442980898170343,14.094413105525888,112.23560723490657,46.587053119948,8.380444303900445,7.461751001987585,7.0114892877223465,1.2903778517745643,301.4978356912655,-0.03295772105272638,-0.0799035558909898,-0.046945834838263416,1.0,0.07871449699821785,7.594794385531792e-12,2.3,0.008955806615522794,0.2365066564674329,0.08296082479274423,-0.0004059630697049616,0.34474789100244135,0.13239386742459344,0.11825332823371645,1.75,3433271.4083302645,0.1574289939964357,0.05443385836922764,-0.04148041239637212,-0.04148041239637212,0.04148041239637212,0.04148041239637212,-0.16592164958548847,-0.16592164958548847,0.0,0.4639992023849246,0.11825332823371645,1.0,0.2957974691990065
198.0,0.0014426835804433715,14.097245714036756,112.23114630324238,46.573653902881794,8.378786308806525,7.460664532833058,7.011698055588966,1.2901982500428293,301.49777456317804,-0.0329649114352917,-0.0799036514214049,-0.046938739986113205,1.0,0.07871719171825453,7.595054386489502e-12,2.3,0.008942299362357253,0.2365066564674329,0.08296088710761386,-0.0004056103026079168,0.34468510070842134,0.1323752237672489,0.11825332823371645,1.75,3431849.9523118767,0.15743438343650906,0.054442486991702344,-0.04148044355380693,-0.04148044355380693,0.04148044355380693,0.04148044355380693,-0.16592177421522772,-0.16592177421522772,0.0,0.46430695689866597,0.11825332823371645,1.0,0.29724030143831337
199.0,0.0014423868923217843,14.100045908710198,112.22671585768796,46.56028377213361,8.377138072759939,7.459584263251648,7.011905650554813,1.2900190954885786,301.49771356811556,-0.03297208820829159,-0.07990375031066332,-0.046931662102371735,1.0,0.0787199047322627,7.595316152547127e-12,2.3,0.00892888858734906,0.2365066564674329,0.0829609877126853,-0.0004052568659714196,0.3446224487836437,0.13235662407370685,0.11825332823371645,1.75,3430425.7048541536,0.1574398094645254,0.054451012686834055,-0.04148049385634265,-0.04148049385634265,0.04148049385634265,0.04148049385634265,-0.1659219754253706,-0.1659219754253706,0.0,0.4646155259849125,0.11825332823371645,1.0,0.298682836674696
200.0,0.0014420908340654931,14.102813993933399,112.22231564436635,46.546942707716376,8.375499518007558,7.458510143326906,7.012112080167158,1.2898403872531168,301.497652706015,-0.032979251371493955,-0.07990385251927598,-0.046924601147782026,1.0,0.07872263576299207,7.595579656954079e-12,2.3,0.00891557344829617,0.2365066564674329,0.08296112669395564,-0.0004049027756682472,0.3445599351557823,0.1323380682470774,0.11825332823371645,1.75,3428998.741455037,0.15744527152598414,0.05445943652554822,-0.04148056334697782,-0.04148056334697782,0.04148056334697782,0.04148056334697782,-0.16592225338791128,-0.16592225338791128,0.0,0.4649248947232225,0.11825332823371645,1.0,0.3001250755378896
201.0,0.0014417954059090438,14.105550271829967,112.21794541121363,46.53363068973734,8.373870566693514,7.457442122884461,7.012317351926751,1.2896621244743323,301.49759197681345,-0.03298640092461964,-0.07990395800808625,-0.046917557083466614,1.0,0.07872538454138654,7.595844873750395e-12,2.3,0.008902353111151453,0.2365066564674329,0.08296130410877042,-0.00040454804767430094,0.34449755974958957,0.13231955619144517,0.11825332823371645,1.75,3427569.136894147,0.15745076908277308,0.05446775956837906,-0.04148065205438521,-0.04148065205438521,0.04148065205438521,0.04148065205438521,-0.16592260821754085,-0.16592260821754085,0.0,0.46523504830940915,0.11825332823371645,1.0,0.30156701865787683
202.0,0.0014415006080462645,14.108255040698268,112.21360490924657,46.520347698470516,8.372251140932395,7.4563801514849475,7.0125214732484915,1.2894843062850734,301.49753138044895,-0.032993536867291666,-0.07990406673850839,-0.04691052987121672,1.0,0.07872815080978059,7.596111778075127e-12,2.3,0.008889226752772846,0.2365066564674329,0.08296151997273817,-0.00040419269807478233,0.34443532248599024,0.13230108781260994,0.11825332823371645,1.75,3426136.9649060117,0.15745630161956117,0.05447598286079119,-0.04148075998636908,-0.04148075998636908,0.04148075998636908,0.04148075998636908,-0.16592303994547633,-0.16592303994547633,0.0,0.46554597212673526,0.11825332823371645,1.0,0.3030086666648545
203.0,0.0014412064406469029,14.110928596647172,112.20929389123914,46.50709371422623,8.370641162830454,7.455324178517231,7.012724451500719,1.2893069318153705,301.49747091685947,-0.033000659199118425,-0.07990417867227204,-0.04690351947315361,1.0,0.07873093431778953,7.596380345769828e-12,2.3,0.008876193558003866,0.2365066564674329,0.08296177427602217,-0.0004038367430261288,0.34437322328304054,0.13228266301721472,0.11825332823371645,1.75,3424702.2985216184,0.15746186863557907,0.05448410743823414,-0.04148088713801108,-0.04148088713801108,0.04148088713801108,0.04148088713801108,-0.16592354855204433,-0.16592354855204433,0.0,0.4658576516721671,0.11825332823371645,1.0,0.3044500201892011
204.0,0.0014409129038420983,14.113571232081716,112.20501211295417,46.49386871739273,8.369040554608146,7.454274153245282,7.01292629397121,1.2891300001911354,301.4974105859833,-0.03300776791966011,-0.07990429377164804,-0.046896525851987926,1.0,0.07873373482496591,7.596650553634847e-12,2.3,0.008863252722084169,0.2365066564674329,0.08296206697217554,-0.00040348019874254483,0.3443112620550516,0.13226428171340776,0.11825332823371645,1.75,3423265.2097478006,0.15746746964993183,0.054492134321608966,-0.04148103348608777,-0.04148103348608777,0.04148103348608777,0.04148103348608777,-0.16592413394435107,-0.16592413394435107,0.0,0.46617007262633514,0.11825332823371645,1.0,0.3058910798614456
205.0,0.0014406199977401307,14.116183237286698,112.2007593318592,46.48067268834376,8.367449238560187,7.4532300248383025,7.013127007901882,1.2889535105359942,301.4973503877582,-0.03301486302849076,-0.07990441199920692,-0.04688954897071616,1.0,0.07873655209731646,7.596922379093263e-12,2.3,0.008850403448032016,0.2365066564674329,0.08296239799223458,-0.00040312308148093725,0.3442494387135132,0.13224594381006344,0.11825332823371645,1.75,3421825.7699023695,0.15747310419463292,0.05450006452215616,-0.04148119899611729,-0.04148119899611729,0.04148119899611729,0.04148119899611729,-0.16592479598446916,-0.16592479598446916,0.0,0.4664832207810871,0.11825332823371645,1.0,0.3073318463122367
206.0,0.0014403277224126322,14.118764898956861,112.19653530832412,46.4675056074532,8.365867137220874,7.452191742459222,7.013326600456638,1.288777461970273,301.49729032212184,-0.033021944525179876,-0.07990453331803392,-0.04688258879285404,1.0,0.07873938590952485,7.597195800405354e-12,2.3,0.008837644948927543,0.2365066564674329,0.08296276723517149,-0.00040276540751210877,0.3441877531662642,0.1322276492173753,0.11825332823371645,1.75,3420384.0492996057,0.1574787718190497,0.0545078990370586,-0.04148138361758574,-0.04148138361758574,0.04148138361758574,0.04148138361758574,-0.16592553447034297,-0.16592553447034297,0.0,0.46679708210822324,0.11825332823371645,1.0,0.3087723201723131
207.0,0.0014400360779095345,14.121316501731705,112.19233980437434,46.454367455036135,8.364294173270807,7.451159255245196,7.013525078754984,1.288601853612481,301.4972303890111,-0.03302901240933581,-0.07990465769149946,-0.04687564528216365,1.0,0.07874223604197818,7.597470796381699e-12,2.3,0.008824976445383336,0.2365066564674329,0.0829631745801204,-0.0004024071931239838,0.34412620531838556,0.13220939784615843,0.11825332823371645,1.75,3418940.117579081,0.15748447208395636,0.05451563885417363,-0.0414815872900602,-0.0414815872900602,0.0414815872900602,0.0414815872900602,-0.1659263491602408,-0.1659263491602408,0.0,0.4671116426883259,0.11825332823371645,1.0,0.3102125020724742
208.0,0.0014397450642459732,14.123838326767556,112.18817258485606,46.441258211340056,8.362730269739032,7.450132512430708,7.013722449840806,1.2884266845785528,301.4971705883624,-0.03303606668060061,-0.07990478508346467,-0.04686871840286406,1.0,0.07874510228261916,7.59774734656188e-12,2.3,0.00881239716775677,0.2365066564674329,0.08296361987825673,-0.00040204845457998624,0.3440647950714048,0.13219118960838191,0.11825332823371645,1.75,3417494.0433971686,0.15749020456523832,0.05452328494776414,-0.04148180993912837,-0.04148180993912837,0.04148180993912837,0.04148180993912837,-0.16592723975651347,-0.16592723975651347,0.0,0.4674268887782839,0.11825332823371645,1.0,0.31165239264355193
209.0,0.0014394546814164967,14.126330653226482,112.1840334162246,46.428177856515056,8.361175349863409,7.449111463284756,7.0139187207149485,1.2882519539830228,301.497110920111,-0.03304310733867701,-0.0799049154580625,-0.046861808119385485,1.0,0.07874798442442459,7.598025430971194e-12,2.3,0.008799906353704147,0.2365066564674329,0.08296410296333855,-0.0004016892081382343,0.34400352232415676,0.1321730244165429,0.11825332823371645,1.75,3416045.894749581,0.15749596884884917,0.054530838283084235,-0.04148205148166927,-0.04148205148166927,0.04148205148166927,0.04148205148166927,-0.1659282059266771,-0.1659282059266771,0.0,0.4677428067413975,0.11825332823371645,1.0,0.31309199251638314
210.0,0.001439164929382611,14.128793756887958,112.17992206767913,46.41512637058501,8.359629337324273,7.448096057263762,7.014113898304895,1.2880776609384899,301.49705138419125,-0.033050134383334734,-0.07990504877989467,-0.046854914396559935,1.0,0.07875088226693083,7.598305030267841e-12,2.3,0.008787503250325146,0.2365066564674329,0.08296462364486726,-0.0004013294699988782,0.34394238697202856,0.13215490218414605,0.11825332823371645,1.75,3414595.7386688823,0.15750176453386167,0.05453829981223123,-0.04148231182243363,-0.04148231182243363,0.04148231182243363,0.04148231182243363,-0.16592924728973452,-0.16592924728973452,0.0,0.46805938311369,0.11825332823371645,1.0,0.3145313023217827
211.0,0.0014388758080862735,14.131227911594543,112.17583830998409,46.40210373344297,8.358092156064709,7.44708624391114,7.014307989496369,1.287903804556521,301.4969919805363,-0.03305714781442324,-0.07990518501382271,-0.04684803719939947,1.0,0.07875379561411176,7.598586125538174e-12,2.3,0.008775187111795802,0.2365066564674329,0.08296518171711392,-0.00040096925633717397,0.3438813889077783,0.13213682282514155,0.11825332823371645,1.75,3413143.6415407807,0.15750759122822353,0.05454567047859343,-0.04148259085855696,-0.04148259085855696,0.04148259085855696,0.04148259085855696,-0.16593036343422785,-0.16593036343422785,0.0,0.468376604535282,0.11825332823371645,1.0,0.31597032269051717
212.0,0.0014385873174380616,14.13363338790098,112.17178191657503,46.389109924805254,8.356563730550976,7.4460819730356596,7.014501001103846,1.2877303839473104,301.49693270907795,-0.03306414763188789,-0.07990532412515679,-0.046841176493268896,1.0,0.0787567242756185,7.598868698416317e-12,2.3,0.008762957201449503,0.2365066564674329,0.08296577695342836,-0.00040060858324138,0.3438205280208351,0.1321187862543569,0.11825332823371645,1.75,3411689.668807575,0.157513448551237,0.05455295121281656,-0.04148288847671418,-0.04148288847671418,0.04148288847671418,0.04148288847671418,-0.1659315539068567,-0.1659315539068567,0.0,0.468694457815503,0.11825332823371645,1.0,0.3174090542532793
213.0,0.0014382994573299834,14.13601045447911,112.16775266241137,46.376144924228655,8.355043985558321,7.445083194578508,7.014692939901242,1.287557398220345,301.49687356974687,-0.0330711338357703,-0.07990546607945592,-0.04683433224368562,1.0,0.07875966806500939,7.59915273091339e-12,2.3,0.008750812789483824,0.2365066564674329,0.08296640911390278,-0.0004002474667578408,0.3437598041980636,0.1321007923869922,0.11825332823371645,1.75,3410233.885278281,0.15751933613001878,0.05456014293712146,-0.04148320455695139,-0.04148320455695139,0.04148320455695139,0.04148320455695139,-0.16593281822780556,-0.16593281822780556,0.0,0.4690129298655188,0.11825332823371645,1.0,0.31884749764066334
214.0,0.0014380122276242552,14.138359376802411,112.1637503250548,46.36320871104996,8.353532846453932,7.444089858813278,7.0148838125932285,1.2873848464842332,301.4968145624718,-0.033078106426232864,-0.07990561084270945,-0.04682750441647658,1.0,0.07876262680073919,7.599438205512935e-12,2.3,0.00873875315498128,0.2365066564674329,0.08296707794070951,-0.000399885922820855,0.3436992173231144,0.13208284113901012,0.11825332823371645,1.75,3408776.354837931,0.15752525360147837,0.05456724656137869,-0.041483538970354755,-0.041483538970354755,0.041483538970354755,0.041483538970354755,-0.16593415588141902,-0.16593415588141902,0.0,0.4693320077622577,0.11825332823371645,1.0,0.3202856534831405
215.0,0.0014377256281654538,14.140680418512426,112.15977468355153,46.35030126442196,8.352030238953317,7.443101916185091,7.015073625845045,1.2872127278471606,301.4967556871802,-0.03308506540354851,-0.07990575838114548,-0.04682069297759697,1.0,0.07876560030469948,7.599725105030103e-12,2.3,0.008726777583686082,0.2365066564674329,0.0829677831645415,-0.00039952396730808844,0.3436387672771485,0.13206493242668113,0.11825332823371645,1.75,3407317.140751614,0.15753120060939896,0.0545742629873037,-0.04148389158227075,-0.04148389158227075,0.04148389158227075,0.04148389158227075,-0.165935566329083,-0.165935566329083,0.0,0.46965167868227625,0.11825332823371645,1.0,0.32172352241103536
216.0,0.0014374396587698457,14.142973840136897,112.15582551948472,46.33742256324064,8.350536089421954,7.442119317528697,7.0152623862545695,1.2870410414168687,301.4966969437977,-0.03309201076813232,-0.07990590866140573,-0.046813897893273414,1.0,0.07876858840298975,7.600013412686047e-12,2.3,0.008714885369968027,0.2365066564674329,0.08296852450086901,-0.0003991616159637042,0.3435784539382277,0.1320470661669372,0.11825332823371645,1.75,3405856.3053795365,0.1575371768059795,0.05458119310463371,-0.04148426225043451,-0.04148426225043451,0.04148426225043451,0.04148426225043451,-0.16593704900173803,-0.16593704900173803,0.0,0.4699719299645157,0.11825332823371645,1.0,0.323161105054503
217.0,0.0014371543192369413,14.145239900419803,112.15190261588498,46.32457258619736,8.349050324606836,7.441142013883859,7.015450100381318,1.2868697863009235,301.4966383322483,-0.03309894252052209,-0.07990606165036164,-0.04680711912983955,1.0,0.07877159092472916,7.600303111993271e-12,2.3,0.00870307581466491,0.2365066564674329,0.0829693016552843,-0.0003987988844625756,0.3435182771819981,0.13202924227696167,0.11825332823371645,1.75,3404393.910475077,0.1575431818494583,0.05458803779520712,-0.04148465082764215,-0.04148465082764215,0.04148465082764215,0.04148465082764215,-0.1659386033105686,-0.1659386033105686,0.0,0.470292749045388,0.11825332823371645,1.0,0.32459840204350643
218.0,0.0014368696093393807,14.1474788550714,112.14800575825751,46.31175131169567,8.347572871953385,7.440169956728438,7.015636774719226,1.2866989616068274,301.4965798524539,-0.033105860661415944,-0.0799062173152827,-0.04680035665386676,1.0,0.07877460770263923,7.600594186811856e-12,2.3,0.008691348226992834,0.2365066564674329,0.08297011432057733,-0.00039843578832782494,0.34345823688112864,0.13201146067450975,0.11825332823371645,1.75,3402930.0169055043,0.15754921540527847,0.05459479792923759,-0.04148505716028866,-0.04148505716028866,0.04148505716028866,0.04148505716028866,-0.16594022864115465,-0.16594022864115465,0.0,0.47061412352038123,0.11825332823371645,1.0,0.32603541400779457
219.0,0.0014365855288338697,14.149690958063777,112.14413473351985,46.29895871791724,8.346103659316187,7.439203097773682,7.01582241572487,1.2865285664421229,301.4965215043348,-0.033112765191645056,-0.07990637562365999,-0.04679361043201493,1.0,0.07877763857209251,7.600886621257669e-12,2.3,0.00867970192245102,0.2365066564674329,0.08297096218109956,-0.00039807234300249123,0.3433983329059349,0.13199372127753897,0.11825332823371645,1.75,3401464.6849441417,0.15755527714418502,0.05460147436928366,-0.04148548109054978,-0.04148548109054978,0.04148548109054978,0.04148548109054978,-0.16594192436219912,-0.16594192436219912,0.0,0.470936041080347,0.11825332823371645,1.0,0.3274721415768812
220.0,0.0014363020774515733,14.151876460411282,112.14028933100495,46.286194782730185,8.344642615288194,7.438241389209594,7.016007029790934,1.2863585999146174,301.496463287809,-0.033119656112216345,-0.07990653654336852,-0.04678688043115217,1.0,0.07878068337153232,7.601180399742858e-12,2.3,0.008668136224680392,0.2365066564674329,0.08297184491057014,-0.0003977085637624897,0.34333856512389355,0.13197602400450037,0.11825332823371645,1.75,3399997.973996677,0.15756136674306465,0.0546080679666154,-0.04148592245528507,-0.04148592245528507,0.04148592245528507,0.04148592245528507,-0.16594368982114027,-0.16594368982114027,0.0,0.471258489571966,0.11825332823371645,1.0,0.32890858538002393
221.0,0.00143601925490853,14.1540356114333,112.13646934142434,46.27345948376641,8.343189668894238,7.4372847834834195,7.0161906232737,1.2861890611323492,301.49640520279274,-0.03312653342427845,-0.07990670004249718,-0.04678016661821873,1.0,0.07878374194172831,7.601475506904031e-12,2.3,0.008656650463427817,0.2365066564674329,0.08297276217556246,-0.00039734446579451136,0.34327893340019133,0.13195836877400371,0.11825332823371645,1.75,3398529.9428874627,0.15756748388345662,0.05461457956507976,-0.04148638108778123,-0.04148638108778123,0.04148638108778123,0.04148638108778123,-0.16594552435112492,-0.16594552435112492,0.0,0.4715814569352344,0.11825332823371645,1.0,0.330344746046204
222.0,0.0014357370608965,14.156168657563686,112.13267455784877,46.26075279832326,8.341744749929848,7.436333233554811,7.016373202467152,1.2860199492039053,301.49634724920014,-0.03313339712916852,-0.0799068660895061,-0.046773468960337586,1.0,0.07878681412605598,7.60177192762922e-12,2.3,0.008645243976356123,0.2365066564674329,0.08297371363395885,-0.0003969800641053223,0.34321943759728935,0.13194075550508477,0.11825332823371645,1.75,3397060.649591391,0.15757362825211196,0.05462100999755542,-0.041486856816979424,-0.041486856816979424,0.041486856816979424,0.041486856816979424,-0.1659474272679177,-0.1659474272679177,0.0,0.4719049312627913,0.11825332823371645,1.0,0.33178062420410653
223.0,0.001435455495092883,14.15827584358239,112.1289047746954,46.248074703450214,8.34030778864076,7.43538669266046,7.016554773629774,1.2858512632382662,301.4962894269434,-0.03314024722837273,-0.07990703465306218,-0.04676678742468945,1.0,0.07878989976993146,7.60206964700335e-12,2.3,0.00863391610706413,0.2365066564674329,0.0829746989376552,-0.00039661537360481864,0.3431600775754452,0.1319231841168997,0.11825332823371645,1.75,3395590.1515144054,0.15757979953986292,0.054627360089719246,-0.0414873494688276,-0.0414873494688276,0.0414873494688276,0.0414873494688276,-0.1659493978753104,-0.1659493978753104,0.0,0.47222890073859,0.11825332823371645,1.0,0.3332162204821012
224.0,0.0014351745571520025,14.160357411452516,112.12515978868679,46.23542517584528,8.33887871606897,7.434445114576904,7.016735342959271,1.285683002345208,301.49623173593204,-0.03314708372357622,-0.07990720570219169,-0.04676012197861547,1.0,0.07879299872097165,7.602368650323685e-12,2.3,0.008622666206850503,0.2365066564674329,0.08297571773159082,-0.0003962504090124576,0.34310085319230815,0.1319056545289715,0.11825332823371645,1.75,3394118.505230819,0.1575859974419433,0.05463363065658504,-0.04148785886579541,-0.04148785886579541,0.04148785886579541,0.04148785886579541,-0.16595143546318164,-0.16595143546318164,0.0,0.47255335369611146,0.11825332823371645,1.0,0.33465153550822363
225.0,0.0014348942467145272,14.162413601522356,112.12143939786135,46.22280419194939,8.337457463721117,7.433508453373916,7.016914916618706,1.2855151656350399,301.4961741760742,-0.03315390661661916,-0.07990737920612141,-0.04675347258950225,1.0,0.07879611082858343,7.6026689230602e-12,2.3,0.008611493632786855,0.2365066564674329,0.08297676965575654,-0.0003958851849445042,0.3430417643033887,0.13188816666091113,0.11825332823371645,1.75,3392645.7667581677,0.15759222165716685,0.05463982250617594,-0.04148838482787827,-0.04148838482787827,0.04148838482787827,0.04148838482787827,-0.16595353931151308,-0.16595353931151308,0.0,0.47287827855819403,0.11825332823371645,1.0,0.3360865699101569
226.0,0.0014346145633992087,14.164444651388843,112.11774340251128,46.21021172783872,8.336043963919654,7.432576663683006,7.0170935007118045,1.2853477522190786,301.496116747275,-0.03316071590954917,-0.07990755513442657,-0.0467468392248774,1.0,0.07879923594402301,7.602970450861302e-12,2.3,0.008600397749437673,0.2365066564674329,0.08297785434473277,-0.0003955197158183147,0.3429828107617158,0.13187072043264478,0.11825332823371645,1.75,3391171.9912998555,0.15759847188804602,0.05464593643614352,-0.04148892717236639,-0.04148892717236639,0.04148892717236639,0.04148892717236639,-0.16595570868946555,-0.16595570868946555,0.0,0.47320366389415486,0.11825332823371645,1.0,0.33752132431521376
227.0,0.0014343355068118181,14.166450797071322,112.11407160421554,46.197647759325314,8.334638149462664,7.4316497004419215,7.017271101308461,1.2851807612092923,301.496059449438,-0.03316751160457366,-0.07990773345687704,-0.046740221852303386,1.0,0.07880237392011741,7.603273219526955e-12,2.3,0.00858937792698394,0.2365066564674329,0.0829789714290799,-0.00039515401594291283,0.342923992418252,0.1318533157641586,0.11825332823371645,1.75,3389697.2335144514,0.15760474784023482,0.05465197323735036,-0.04148948571453995,-0.04148948571453995,0.04148948571453995,0.04148948571453995,-0.1659579428581598,-0.1659579428581598,0.0,0.4735294983607594,0.11825332823371645,1.0,0.3389557993503193
228.0,0.0014340570765372929,14.168432271900338,112.11042380675744,46.185112261846484,8.333239953978287,7.43072751916713,7.017447724420615,1.285014191718837,301.49600228246413,-0.03317429370411416,-0.07990791414358112,-0.04673362043946695,1.0,0.07880552461123928,7.603577215006257e-12,2.3,0.008578433542900622,0.2365066564674329,0.0829801205353238,-0.00039478809942175607,0.3428653091215897,0.1318359525757097,0.11825332823371645,1.75,3388221.5472635874,0.15761104922247857,0.05465793369056601,-0.0414900602676619,-0.0414900602676619,0.0414900602676619,0.0414900602676619,-0.1659602410706476,-0.1659602410706476,0.0,0.47385577075826274,0.11825332823371645,1.0,0.34038999564199385
229.0,0.001433779272148228,14.170389307664378,112.10679981517903,46.172605210570204,8.331849311578223,7.429810075691484,7.017623376027143,1.284848042861622,301.49594524625246,-0.0331810622107558,-0.07990809716483638,-0.04672703495408058,1.0,0.07880868787314114,7.603882423381441e-12,2.3,0.008567563980129015,0.2365066564674329,0.08298130128679852,-0.0003944219802458827,0.3428067607183315,0.13181863078759098,0.11825332823371645,1.75,3386744.985875758,0.1576173757462823,0.05466381856996401,-0.04149065064339926,-0.04149065064339926,0.04149065064339926,0.04149065064339926,-0.16596260257359705,-0.16596260257359705,0.0,0.47418246997250835,0.11825332823371645,1.0,0.3418239138163366
230.0,0.001433502093197428,14.172322133522954,112.10319943667943,46.1601265802826,8.330466157213781,7.428897326439204,7.017798062050281,1.2846823137528962,301.49588834069937,-0.033187817127302885,-0.07990828249126955,-0.046720465363966665,1.0,0.07881186356286012,7.604188830858686e-12,2.3,0.008556768628713626,0.2365066564674329,0.08298251330402537,-0.00039405567219571335,0.34274834705282353,0.13180135032032853,0.11825332823371645,1.75,3385267.601899394,0.15762372712572023,0.05466962863989139,-0.041491256652012684,-0.041491256652012684,0.041491256652012684,0.041491256652012684,-0.16596502660805074,-0.16596502660805074,0.0,0.47450958502990437,0.11825332823371645,1.0,0.3432575544990094
231.0,0.0014332255392259686,14.174230977127486,112.09962247968947,46.14767634549689,8.329090426325054,7.427989228158517,7.01797178837994,1.2845170035087492,301.4958315656994,-0.03319455845672616,-0.07990847009369173,-0.04671391163696557,1.0,0.07881505153864762,7.604496423761334e-12,2.3,0.008546046884020733,0.2365066564674329,0.08298375620507094,-0.00039368918893609357,0.34269006796749224,0.1317841110944636,0.11825332823371645,1.75,3383789.4473612527,0.15763010307729525,0.05467536465828378,-0.04149187810253547,-0.04149187810253547,0.04149187810253547,0.04149187810253547,-0.16596751241014188,-0.16596751241014188,0.0,0.47483710504063414,0.11825332823371645,1.0,0.3446909183152211
232.0,0.0014329496097561013,14.176116063557735,112.0960687547517,46.135254480339945,8.327722055197198,7.4270857381978415,7.018144560850641,1.2843521112467355,301.4957749211446,-0.033201286202219224,-0.07990865994323457,-0.04670737374101534,1.0,0.07881825165981646,7.604805188515132e-12,2.3,0.008535398148336629,0.2365066564674329,0.08298502960627181,-0.0003933225439176237,0.34263192330261943,0.1317669130307385,0.11825332823371645,1.75,3382310.5735245985,0.15763650331963291,0.05468102737350574,-0.041492514803135906,-0.041492514803135906,0.041492514803135906,0.041492514803135906,-0.16597005921254362,-0.16597005921254362,0.0,0.47516501925257904,0.11825332823371645,1.0,0.3461240058897121
233.0,0.0014326743042989505,14.177977616417918,112.0925380736146,46.12286095866363,8.326360980606998,7.426186814235018,7.01831638526529,1.2841876360853226,301.49571840692477,-0.03320800036714412,-0.07990885201120963,-0.04670085164406551,1.0,0.07882146378675028,7.605115111649155e-12,2.3,0.008524821829129683,0.2365066564674329,0.08298633312216584,-0.0003929557504729956,0.34257391289663924,0.13174975604989356,0.11825332823371645,1.75,3380831.031142269,0.15764292757350057,0.05468661752768738,-0.04149316656108292,-0.04149316656108292,0.04149316656108292,0.04149316656108292,-0.16597266624433168,-0.16597266624433168,0.0,0.4754933169956256,0.11825332823371645,1.0,0.34755681784673964
234.0,0.0014323996223477215,14.179815856795553,112.08903025009447,46.11049575393113,8.325007140178123,7.425292414553505,7.018487267372601,1.2840235771445492,301.49566202292755,-0.03321470095508823,-0.07990904626924099,-0.04669434531415276,1.0,0.07882468778070537,7.605426179776663e-12,2.3,0.00851431734061245,0.2365066564674329,0.08298766636651564,-0.00039258882171828047,0.342516036585949,0.1317326400728426,0.11825332823371645,1.75,3379350.870219838,0.15764937556141073,0.054692135853632626,-0.04149383318325782,-0.04149383318325782,0.04149383318325782,0.04149383318325782,-0.16597533273303128,-0.16597533273303128,0.0,0.4758219877345584,0.11825332823371645,1.0,0.348989354810063
235.0,0.00143212556338507,14.181631004333827,112.08554509918874,46.09815883932989,8.323660472026662,7.4244024977696474,7.018657212890342,1.2838599335454253,301.49560576903826,-0.03322138796980859,-0.07990924268912847,-0.046687854719319875,1.0,0.07882792350388541,7.605738379602339e-12,2.3,0.008503884102045394,0.2365066564674329,0.08298902895186713,-0.0003922217706500443,0.3424582942051657,0.13171556502048332,0.11825332823371645,1.75,3377870.140263487,0.15765584700777083,0.054697583078080675,-0.04149451447593357,-0.04149451447593357,0.04149451447593357,0.04149451447593357,-0.16597805790373427,-0.16597805790373427,0.0,0.4761510210144383,0.11825332823371645,1.0,0.3504216174029294
236.0,0.0014318521268766066,14.183423276212048,112.08208243792045,46.08585018765825,8.322320915114243,7.42351702310789,7.01882622748324,1.2836967044106193,301.49554964514,-0.033228061415289,-0.07990944124297703,-0.046681379827688024,1.0,0.0788311708192075,7.606051697899689e-12,2.3,0.008493521539263332,0.2365066564674329,0.08299042049083247,-0.0003918546100469522,0.3424006855869815,0.131698530813864,0.11825332823371645,1.75,3376388.8900480503,0.157662341638415,0.05470295991867961,-0.041495210245416234,-0.041495210245416234,0.041495210245416234,0.041495210245416234,-0.16598084098166493,-0.16598084098166493,0.0,0.47648040651248463,0.11825332823371645,1.0,0.3518536062480602
237.0,0.001431579312277903,14.185192888195193,112.07864208446995,46.07356977143918,8.320988408893887,7.422635950127311,7.018994316785726,1.2835338888638188,301.49549365111375,-0.033234721295683556,-0.0799096419030635,-0.04667492060737995,1.0,0.07883442959043062,7.606366121523455e-12,2.3,0.008483229083019614,0.2365066564674329,0.08299184059532155,-0.00039148735256720193,0.3423432105623672,0.13168153737400523,0.11825332823371645,1.75,3374907.167859783,0.15766885918086124,0.05470826708717582,-0.04149592029766078,-0.04149592029766078,0.04149592029766078,0.04149592029766078,-0.1659836811906431,-0.1659836811906431,0.0,0.47681013398450617,0.11825332823371645,1.0,0.35328532196763746
238.0,0.0014313071190283522,14.186940053635167,112.07522385900248,46.06131756280795,8.319662893660075,7.421759238994998,7.0191614863802885,1.2833714860304388,301.49543778683795,-0.033241367615373454,-0.079909844641963,-0.04666847702658955,1.0,0.07883769968189457,7.606681637384415e-12,2.3,0.008473006170478395,0.2365066564674329,0.08299328887804891,-0.0003911200106507796,0.34228586896048363,0.131664584622059,0.11825332823371645,1.75,3373425.02126921,0.15767539936378913,0.0547135052864505,-0.041496644439024455,-0.041496644439024455,0.041496644439024455,0.041496644439024455,-0.16598657775609782,-0.16598657775609782,0.0,0.4771401933157879,0.11825332823371645,1.0,0.3547167651832906
239.0,0.0014310355465577936,14.188664984498383,112.07182758281736,46.04909353362568,8.318344310196059,7.420886850212902,7.01932774181974,1.2832094950369533,301.4953820521894,-0.03324800037891035,-0.07991004943241888,-0.04666204905350853,1.0,0.07884098095869152,7.606998232465948e-12,2.3,0.008462852243597637,0.2365066564674329,0.08299476495148066,-0.0003907525966168079,0.34222866060882284,0.1316476724791401,0.11825332823371645,1.75,3371942.4973688438,0.15768196191738304,0.054718675213639656,-0.04149738247574033,-0.04149738247574033,0.04149738247574033,0.04149738247574033,-0.1659895299029613,-0.1659895299029613,0.0,0.47747057446856556,0.11825332823371645,1.0,0.3561479365160837
240.0,0.0014307645942806951,14.190367890387172,112.06845307915964,46.03689765536873,8.317032600120115,7.420018744888651,7.0194930886060085,1.2830479150116167,301.4953264470422,-0.033254619591072475,-0.07991025624746638,-0.046655636656393905,1.0,0.07884427328638502,7.607315893796903e-12,2.3,0.008452766750588599,0.2365066564674329,0.08299626842953269,-0.0003903851225667258,0.3421715853331748,0.13163080086647977,0.11825332823371645,1.75,3370459.642550794,0.15768854657277004,0.05472377755723156,-0.04149813421476634,-0.04149813421476634,0.04149813421476634,0.04149813421476634,-0.16599253685906537,-0.16599253685906537,0.0,0.4778012675319224,0.11825332823371645,1.0,0.3575788365865029
241.0,0.001430494261602436,14.192048979546144,112.0651001723861,46.02472989924144,8.315727705535307,7.41915488446368,7.019657532211942,1.2828867450837738,301.4952709712685,-0.03326122525680822,-0.07991046506030561,-0.04664923980349739,1.0,0.07884757653121564,7.60763460847146e-12,2.3,0.008442749144335616,0.2365066564674329,0.08299779892627183,-0.00039001760048120067,0.3421146429577296,0.13161396970526384,0.11825332823371645,1.75,3368976.502739516,0.1576951530624313,0.0547288130001198,-0.04149889946313592,-0.04149889946313592,0.04149889946313592,0.04149889946313592,-0.16599559785254367,-0.16599559785254367,0.0,0.47813226267029346,0.11825332823371645,1.0,0.3590094660144445
242.0,0.0014302245479137833,14.193708457903076,112.06176868876116,46.012590236067524,8.314429569371224,7.418295230980811,7.01982107806052,1.2827259843845913,301.4952156247382,-0.03326781738129128,-0.07991067584442257,-0.04664285846313129,1.0,0.07885089055980651,7.607954363620705e-12,2.3,0.00843279888382417,0.2365066564674329,0.08299935605777627,-0.00038965004212447357,0.3420578333050603,0.13159717891678277,0.11825332823371645,1.75,3367493.123174063,0.15770178111961303,0.05473378221675953,-0.04149967802888813,-0.04149967802888813,0.04149967802888813,0.04149967802888813,-0.16599871211555253,-0.16599871211555253,0.0,0.4784635501723952,0.11825332823371645,1.0,0.3604398254192026
243.0,0.0014299554525968679,14.195346530054845,112.05845845563954,46.0004786364016,8.313138135037113,7.417439746814495,7.019983731546216,1.2825656320463479,301.4951604073194,-0.033274395969864756,-0.07991088857346502,-0.04663649260360027,1.0,0.0788542152393946,7.608275146434955e-12,2.3,0.008422915432596476,0.2365066564674329,0.08300093944062478,-0.00038928245914053475,0.34200115619621324,0.13158042842227557,0.11825332823371645,1.75,3366009.5486359997,0.1577084304787892,0.05473868587615618,-0.04150046972031239,-0.04150046972031239,0.04150046972031239,0.04150046972031239,-0.16600187888124956,-0.16600187888124956,0.0,0.4787951204007312,0.11825332823371645,1.0,0.36186991541945795
244.0,0.0014296869750199477,14.196963398327124,112.05516930224668,45.98839507042289,8.31185334675848,7.416588394934609,7.020145498014621,1.2824056872031762,301.4951053188775,-0.03328096102809522,-0.07991110322136093,-0.04663014219326571,1.0,0.07885755043752922,7.608596944134659e-12,2.3,0.00841309826014893,0.2365066564674329,0.08300254869389374,-0.00038891486295883625,0.34194461145071187,0.13156371814307616,0.11825332823371645,1.75,3364525.823236177,0.15771510087505844,0.05474352463907841,-0.04150127434694687,-0.04150127434694687,0.04150127434694687,0.04150127434694687,-0.1660050973877875,-0.1660050973877875,0.0,0.47912696383957976,0.11825332823371645,1.0,0.36329973663326637
245.0,0.0014294191145430596,14.198559263740586,112.05190105887749,45.97633950804507,8.310575149234374,7.415741138639511,7.020306382783364,1.2822461489903354,301.4950503592765,-0.033287512561717386,-0.07991131976219712,-0.04662380720047973,1.0,0.07886089602232083,7.608919743994412e-12,2.3,0.00840334684042197,0.2365066564674329,0.08300418343746531,-0.00038854726488946723,0.34188819888659894,0.1315470480004632,0.11825332823371645,1.75,3363041.990637914,0.15772179204464165,0.05474829916098477,-0.041502091718732655,-0.041502091718732655,0.041502091718732655,0.041502091718732655,-0.16600836687493062,-0.16600836687493062,0.0,0.47945907104548047,0.11825332823371645,1.0,0.36472928967804785
246.0,0.0014291518705130486,14.200134325088843,112.04865355766178,45.96431191881256,8.309303487968359,7.4148979418155845,7.020466391122137,1.282087016544961,301.49499552837773,-0.033294050576687204,-0.07991153817033532,-0.046617487593648116,1.0,0.07886425186213793,7.609243533313707e-12,2.3,0.00839366065316845,0.2365066564674329,0.08300584329413752,-0.0003881796760304104,0.34183191832050197,0.1315304179158026,0.11825332823371645,1.75,3361558.0938481996,0.15772850372427585,0.05475301008929159,-0.04150292164706876,-0.04150292164706876,0.04150292164706876,0.04150292164706876,-0.16601168658827503,-0.16601168658827503,0.0,0.47979143269429764,0.11825332823371645,1.0,0.36615857517057593
247.0,0.0014288852422689542,14.201688779885565,112.04542663177877,45.95231227200838,8.308038308930564,7.414058768673725,7.020625528273209,1.2819282890053243,301.49494082604105,-0.03330057507912723,-0.07991175842029337,-0.04661118334116614,1.0,0.0788676178258673,7.60956829944204e-12,2.3,0.008384039182476207,0.2365066564674329,0.0830075278877795,-0.0003878121073614891,0.3417757695676253,0.13151382781040202,0.11825332823371645,1.75,3360074.175436252,0.1577352356517346,0.054757658066239674,-0.04150376394388975,-0.04150376394388975,0.04150376394388975,0.04150376394388975,-0.166015055775559,-0.166015055775559,0.0,0.4801240395326666,0.11825332823371645,1.0,0.3675875937269669
248.0,0.0014286192291372846,14.2032228234601,112.04222011620787,45.94034053655324,8.306779558882669,7.413223584004251,7.02078379943182,1.2817699655115853,301.49488625212376,-0.033307086075378335,-0.07991198048685899,-0.046604894411480656,1.0,0.07887099378261311,7.609894029749882e-12,2.3,0.008374481918108051,0.2365066564674329,0.08300923684553392,-0.00038744456965331326,0.34171975244183456,0.1314972776056516,0.11825332823371645,1.75,3358590.277329058,0.15774198756522623,0.054762243726215444,-0.04150461842276696,-0.04150461842276696,0.04150461842276696,0.04150461842276696,-0.16601847369106784,-0.16601847369106784,0.0,0.48045688242414963,0.11825332823371645,1.0,0.36901634596267
249.0,0.0014283538304371319,14.20473664988612,112.03903384695816,45.928396681110954,8.305527185045221,7.412392352917293,7.020941209766299,1.2816120452050461,301.4948318064816,-0.03331358357194631,-0.0799122043449734,-0.04659862077302709,1.0,0.07887437960196349,7.610220711654401e-12,2.3,0.00836498835405668,0.2365066564674329,0.08301096979584315,-0.00038707707355981015,0.341663866755638,0.13148076722288102,0.11825332823371645,1.75,3357106.44102536,0.15774875920392697,0.05476676769855958,-0.04150548489792157,-0.04150548489792157,0.04150548489792157,0.04150548489792157,-0.1660219395916863,-0.1660219395916863,0.0,0.48078995230163374,0.11825332823371645,1.0,0.37044483249245724
250.0,0.0014280890454756584,14.20623045109441,112.03586766180543,45.916480673990755,8.304281135416328,7.411565041092818,7.021097764398836,1.2814545272289017,301.4947774889682,-0.033320067575552004,-0.07991242996984295,-0.046592362394290945,1.0,0.07887777515369508,7.610548332590955e-12,2.3,0.008355557989856507,0.2365066564674329,0.08301272637072712,-0.00038670962952896975,0.34160811232029187,0.13146429658349923,0.11825332823371645,1.75,3355622.7073954977,0.15775555030739016,0.054771230604939894,-0.04150636318536356,-0.04150636318536356,0.04150636318536356,0.04150636318536356,-0.16602545274145425,-0.16602545274145425,0.0,0.4811232402125842,0.11825332823371645,1.0,0.37187305393041364
251.0,0.001427824873553002,14.20770441778358,112.03272139953594,45.90459248324982,8.303041358444675,7.4107416145252945,7.0212534684252,1.2812974107274921,301.49472329943535,-0.033326538093079144,-0.07991265733682511,-0.04658611924374596,1.0,0.07888118030804164,7.610876880039002e-12,2.3,0.008346190329169943,0.2365066564674329,0.08301450620370106,-0.0003863422478938154,0.34155248894573664,0.13144786560885416,0.11825332823371645,1.75,3354139.116890894,0.15776236061608329,0.05477563306210368,-0.04150725310185053,-0.04150725310185053,0.04150725310185053,0.04150725310185053,-0.16602901240740212,-0.16602901240740212,0.0,0.48145673727238003,0.11825332823371645,1.0,0.37330101088992795
252.0,0.001427561313957962,14.209158738549592,112.02959490066998,45.892732076598946,8.30180780334168,7.4099220397685785,7.021408326895875,1.2811406948470485,301.49466923773264,-0.033332995131623036,-0.07991288642153788,-0.04657989128991484,1.0,0.07888459493540712,7.611206341494427e-12,2.3,0.008336884881072612,0.2365066564674329,0.08301630893211255,-0.0003859749387850294,0.3414969964407629,0.1314314742203707,0.11825332823371645,1.75,3352655.709348094,0.15776918987081423,0.05477997567930093,-0.041508154466056275,-0.041508154466056275,0.041508154466056275,0.041508154466056275,-0.1660326178642251,-0.1660326178642251,0.0,0.4817904347086865,0.11825332823371645,1.0,0.3747287039836834
253.0,0.0014272983659726513,14.210593600779053,112.02648800671976,45.88089942150215,8.30058041976058,7.409106283685262,7.0215623448354085,1.2809843787349444,301.49461530370826,-0.0333394386984396,-0.07991311719974807,-0.046573678501308474,1.0,0.07888801890663188,7.611536704495216e-12,2.3,0.008327641158668957,0.2365066564674329,0.08301813419497217,-0.00038560771222023233,0.3414416346128827,0.1314151223394131,0.11825332823371645,1.75,3351172.524193875,0.15777603781326377,0.0547842590609821,-0.041509067097486085,-0.041509067097486085,0.041509067097486085,0.041509067097486085,-0.16603626838994434,-0.16603626838994434,0.0,0.4821243238157027,0.11825332823371645,1.0,0.3761561338236487
254.0,0.0014270360288684198,14.212009189794982,112.02340056089974,45.869094485085725,8.299359158101836,7.408294313686176,7.021715527223889,1.280828461540438,301.4945614972082,-0.03334586880099242,-0.07991334964747879,-0.04656748084648637,1.0,0.0788914520927172,7.611867956594889e-12,2.3,0.00831845868035208,0.2365066564674329,0.08301998163533321,-0.00038524057801857643,0.3413864032685382,0.13139880988742234,0.11825332823371645,1.75,3349689.600253384,0.1577829041854344,0.054788483804270184,-0.041509990817666605,-0.041509990817666605,0.041509990817666605,0.041509990817666605,-0.16603996327066642,-0.16603996327066642,0.0,0.4824583959976722,0.11825332823371645,1.0,0.37758330102106924
255.0,0.0014267743019102663,14.213405689733213,112.0203324073982,45.857317234234614,8.298143969198595,7.407486097484704,7.021867879015933,1.2806729424139265,301.49450781807684,-0.03335228544690346,-0.07991358374089969,-0.046561298293996224,1.0,0.07889489436508541,7.612200085387583e-12,2.3,0.008309336968447984,0.2365066564674329,0.0830218508980538,-0.00038487354588821293,0.3413313022129534,0.13138253678577913,0.11825332823371645,1.75,3348206.975950934,0.15778978873017083,0.05479265050160556,-0.0415109254490269,-0.0415109254490269,0.0415109254490269,0.0415109254490269,-0.1660437017961076,-0.1660437017961076,0.0,0.4827926427240312,0.11825332823371645,1.0,0.3790102061864586
256.0,0.0014265131843529538,14.214783282703982,112.01728339207465,45.84556763550507,8.296934804615182,7.406681603330768,7.022019405122502,1.2805178205076801,301.49445426615677,-0.03335868864399822,-0.07991381945643258,-0.04655513081243436,1.0,0.07889834559531841,7.612533078482837e-12,2.3,0.008300275550450454,0.2365066564674329,0.08302374163220659,-0.0003845066253429165,0.341276331250352,0.13136630295594165,0.11825332823371645,1.75,3346724.6891221795,0.15779669119063683,0.054796759738265574,-0.041511870816103295,-0.041511870816103295,0.041511870816103295,0.041511870816103295,-0.16604748326441318,-0.16604748326441318,0.0,0.48312705557206903,0.11825332823371645,1.0,0.3804368499295902
257.0,0.0014262526754452278,14.216142149651894,112.01425336174486,45.83384565521767,8.295731616339188,7.405880799770346,7.022170110429535,1.2803630949751006,301.49440084128867,-0.03336507840025803,-0.07991405677064374,-0.04654897837038571,1.0,0.07890180565540862,7.612866923529796e-12,2.3,0.008291273957693317,0.2365066564674329,0.08302565348878677,-0.00038413982578764945,0.3412214901837843,0.1313501083193095,0.11825332823371645,1.75,3345242.777210692,0.15780361131081724,0.054800812094958094,-0.04151282674439338,-0.04151282674439338,0.04151282674439338,0.04151282674439338,-0.16605130697757353,-0.16605130697757353,0.0,0.48346162618295807,0.11825332823371645,1.0,0.3818632328594893
258.0,0.001425992774426105,14.21748246953293,112.01124216486559,45.82215125937364,8.294534357072951,7.405083655873824,7.022319999780096,1.2802087649714484,301.4943475433116,-0.03337145472386351,-0.07991429566034769,-0.04654284093648418,1.0,0.0789052744175126,7.613201608193444e-12,2.3,0.008282331726560906,0.2365066564674329,0.0830275861231416,-0.00038377315643726317,0.3411667788153814,0.13133395279736118,0.11825332823371645,1.75,3343761.277084088,0.1578105488350252,0.05480480814538726,-0.0415137930615708,-0.0415137930615708,0.0415137930615708,0.0415137930615708,-0.1660551722462832,-0.1660551722462832,0.0,0.4837963463035802,0.11825332823371645,1.0,0.38328935558442495
259.0,0.001425733480528868,14.218804420158433,112.00824965083292,45.81048441374433,8.293342979932431,7.404290141000888,7.022469077992664,1.2800548296531054,301.49429437206317,-0.033377817623148585,-0.07991453610250136,-0.04653671847935278,1.0,0.07890875175419125,7.613537120177777e-12,2.3,0.008273448397187456,0.2365066564674329,0.08302953919263859,-0.00038340662640009204,0.34111219694614897,0.1313178363115186,0.11825332823371645,1.75,3342280.2252264693,0.1578175035083825,0.0548087484587972,-0.04151476959631929,-0.04151476959631929,0.04151476959631929,0.04151476959631929,-0.16605907838527717,-0.16605907838527717,0.0,0.48413120774342266,0.11825332823371645,1.0,0.38471521871190245
260.0,0.0014254747929775963,14.220108177387097,112.0052756706541,45.798845083791186,8.29215743873162,7.4035002250231745,7.022617349843603,1.279901288178297,301.4942413273788,-0.033384167106641945,-0.07991477807430614,-0.04653061096766419,1.0,0.07891223753817993,7.613873447203622e-12,2.3,0.008264623514643746,0.2365066564674329,0.08303151235910315,-0.00038304024459875305,0.34105774437623443,0.13130175878328518,0.11825332823371645,1.75,3340799.657558385,0.15782447507635985,0.05481263359758271,-0.041515756179551576,-0.041515756179551576,0.041515756179551576,0.041515756179551576,-0.1660630247182063,-0.1660630247182063,0.0,0.48446620241559474,0.11825332823371645,1.0,0.3861408228486557
261.0,0.0014252167109909037,14.221393915953453,112.00232007625924,45.78723323475185,8.290977687688345,7.402713878094675,7.022764820085113,1.2797481397063561,301.4941884090928,-0.03339050318302289,-0.07991502155310382,-0.046524518370080925,1.0,0.07891573164261546,7.614210577030548e-12,2.3,0.008255856627663203,0.2365066564674329,0.08303350528645982,-0.00038267401985173056,0.3410034209047096,0.13128572013410988,0.11825332823371645,1.75,3339319.6096252836,0.15783146328523093,0.05481646411978463,-0.04151675264322991,-0.04151675264322991,0.04151675264322991,0.04151675264322991,-0.16606701057291964,-0.16606701057291964,0.0,0.48480132229455725,0.11825332823371645,1.0,0.38756616860063997
262.0,0.00142495923377865,14.222661808674449,111.99938272116086,45.7756488315636,8.289803681701564,7.401931070869286,7.022911493428376,1.279595383398442,301.4941356170376,-0.033396825861161064,-0.07991526651647698,-0.04651844065531592,1.0,0.0789192339408185,7.61454849743585e-12,2.3,0.008247147289784788,0.2365066564674329,0.08303551764318318,-0.0003823079607960606,0.3409492263298607,0.1312697202855263,0.11825332823371645,1.75,3337840.116421196,0.157838467881637,0.05482024057674426,-0.04151775882159159,-0.04151775882159159,0.04151775882159159,0.04151775882159159,-0.16607103528636635,-0.16607103528636635,0.0,0.48513655945635387,0.11825332823371645,1.0,0.38899125657302475
263.0,0.0014247023605455267,14.223912027262822,111.99646345977794,45.76409183894599,8.288635376064203,7.4011517742735915,7.023057374559386,1.2794430184168069,301.49408295104433,-0.033403135150073905,-0.07991551294214716,-0.046512377792073255,1.0,0.07892274430653236,7.614887196237613e-12,2.3,0.008238495058207066,0.2365066564674329,0.0830375490998575,-0.0003819420759679605,0.3408951604489378,0.13125375915901727,0.11825332823371645,1.75,3336361.212573275,0.15784548861306472,0.054823963515551556,-0.04151877454992875,-0.04151877454992875,0.04151877454992875,0.04151877454992875,-0.166075098199715,-0.166075098199715,0.0,0.4854719060371604,0.11825332823371645,1.0,0.39041608737018685
264.0,0.0014244460904879186,14.225144741547972,111.99356214808377,45.752562221327906,8.287472726733348,7.400375959724491,7.023202468125628,1.2792910439255085,301.49403041094223,-0.03340943105896451,-0.07991576080807251,-0.046506329749108004,1.0,0.07892626261367637,7.615226661270905e-12,2.3,0.008229899494724599,0.2365066564674329,0.08303959933173694,-0.0003815763737256643,0.34084122305846354,0.13123783667615257,0.11825332823371645,1.75,3334882.9321691464,0.15785252522735274,0.054827633476742486,-0.04151979966586847,-0.04151979966586847,0.04151979966586847,0.04151979966586847,-0.16607919866347387,-0.16607919866347387,0.0,0.48580735427273763,0.11825332823371645,1.0,0.3918406615957036
265.0,0.0014241904227972975,14.226360120274485,111.99067864294226,45.74105994292659,8.286315690050099,7.399603598904325,7.023346778749775,1.2791394590896854,301.49397799655924,-0.033415713597181054,-0.07991601009234846,-0.046500296495167404,1.0,0.07892978873659527,7.615566880411832e-12,2.3,0.008221360164710695,0.2365066564674329,0.0830416680162314,-0.0003812108623290966,0.3407874139539755,0.13122195275845455,0.11825332823371645,1.75,3333405.3089375766,0.15785957747319054,0.054831250996701025,-0.0415208340081157,-0.0415208340081157,0.0415208340081157,0.0415208340081157,-0.1660833360324628,-0.1660833360324628,0.0,0.4861428964577959,0.11825332823371645,1.0,0.3932649798523462
266.0,0.0014239353566572327,14.22755833033706,111.9878128027442,45.72958496767848,8.285164223002761,7.3988346639695495,7.023490311014852,1.278988263076256,301.49392570772187,-0.033421982774252665,-0.0799162607733041,-0.04649427799905144,1.0,0.07893332254985841,7.615907841558174e-12,2.3,0.00821287663813511,0.2365066564674329,0.08304375483538837,-0.0003808455498659061,0.3407337329303466,0.13120610732753782,0.11825332823371645,1.75,3331928.3760794755,0.15786664509971682,0.05483481660539849,-0.041521877417694183,-0.041521877417694183,0.041521877417694183,0.041521877417694183,-0.16608750967077673,-0.16608750967077673,0.0,0.48647852498467076,0.11825332823371645,1.0,0.39468904274207345
267.0,0.0014236808912466454,14.228739537564518,111.98496448675525,45.718137259314325,8.284018282953697,7.398069127338923,7.02363306948174,1.2788374550532076,301.4938735442552,-0.03342823859985072,-0.07991651282940335,-0.04648827422955263,1.0,0.07893686392843181,7.616249532645992e-12,2.3,0.00820444848833623,0.2365066564674329,0.08304585947352765,-0.0003804804443265643,0.3406801797814945,0.13119030030497114,0.11825332823371645,1.75,3330452.166444709,0.15787372785686363,0.054838330828750455,-0.041522929736763824,-0.041522929736763824,0.041522929736763824,0.041522929736763824,-0.1660917189470553,-0.1660917189470553,0.0,0.4868142323034993,0.11825332823371645,1.0,0.3961128508660254
268.0,0.0014234270257369648,14.229903905968472,111.98213355574134,45.706716781293906,8.282877827895579,7.397306961888069,7.023775058669942,1.278687034190282,301.4938215059827,-0.03343448108382287,-0.0799167662393412,-0.04648228515551833,1.0,0.07894041274756522,7.616591941638712e-12,2.3,0.008196075293284958,0.2365066564674329,0.08304798161953453,-0.00038011555353533794,0.3406267543007446,0.13117453161242174,0.11825332823371645,1.75,3328976.7123667076,0.15788082549513044,0.054841794186397286,-0.041523990809767264,-0.041523990809767264,0.041523990809767264,0.041523990809767264,-0.16609596323906906,-0.16609596323906906,0.0,0.4871500109601289,0.11825332823371645,1.0,0.3975364048245172
269.0,0.0014231737592952098,14.23105159851323,111.979319871328,45.695323496877414,8.281742816185274,7.396548140750495,7.023916283078743,1.2785369996582756,301.4937695927266,-0.03344071023615605,-0.07991702098194532,-0.04647631074578927,1.0,0.07894396888288802,7.616935056536396e-12,2.3,0.008187756634155174,0.2365066564674329,0.08305012096464659,-0.0003797508852208975,0.3405734562804924,0.13115880117151368,0.11825332823371645,1.75,3327502.045835545,0.15788793776577603,0.0548452071940172,-0.041525060482323295,-0.041525060482323295,0.041525060482323295,0.041525060482323295,-0.16610024192929318,-0.16610024192929318,0.0,0.48748585355707896,0.11825332823371645,1.0,0.3989597052170333
270.0,0.0014229210910812779,14.23218277637773,111.97652329661473,45.68395736906379,8.280613206793118,7.395792637505162,7.0240567471675455,1.2783873506297143,301.49371780430783,-0.03344692606700888,-0.07991727703627094,-0.04647035096926206,1.0,0.07894753221032735,7.617278865367833e-12,2.3,0.008179492096607231,0.2365066564674329,0.0830522772046941,-0.00037938644694982416,0.3405202855126077,0.1311431089039732,0.11825332823371645,1.75,3326028.198335993,0.1578950644206547,0.054848570361146425,-0.04152613860234705,-0.04152613860234705,0.04152613860234705,0.04152613860234705,-0.1661045544093882,-0.1661045544093882,0.0,0.4878217527907168,0.11825332823371645,1.0,0.4003827526422215
271.0,0.0014226690202508803,14.233297599711719,111.97374369554569,45.67261836065842,8.279488959043837,7.39504042597793,7.024196455373813,1.278238086278164,301.49366614054605,-0.03345312858667639,-0.07991753438150488,-0.046464405794828495,1.0,0.0789511026062282,7.617623356202126e-12,2.3,0.008171281269547595,0.2365066564674329,0.08305445003779745,-0.0003790222461968941,0.34046724178806786,0.1311274547314887,0.11825332823371645,1.75,3324555.2010169774,0.1579022052124564,0.054851884193449815,-0.041527225018898724,-0.041527225018898724,0.041527225018898724,0.041527225018898724,-0.1661089000755949,-0.1661089000755949,0.0,0.48815770141298354,0.11825332823371645,1.0,0.40180554769788757
272.0,0.0014224175459529864,14.234396226910798,111.97098093351347,45.66130643421513,8.278370032859014,7.39429148042963,7.024335412097036,1.278089205778894,301.49361460125937,-0.03345931780562047,-0.07991779299705809,-0.04645847519143762,1.0,0.07895467994724137,7.617968517137887e-12,2.3,0.008163123746201909,0.2365066564674329,0.08305663916669974,-0.00037865829027860587,0.34041432489736745,0.13111183857585504,0.11825332823371645,1.75,3323083.0845330427,0.15790935989448274,0.05485514919058012,-0.04152831958334987,-0.04152831958334987,0.04152831958334987,0.04152831958334987,-0.16611327833339948,-0.16611327833339948,0.0,0.4884936922678406,0.11825332823371645,1.0,0.4032280909809895
273.0,0.0014221666673326083,14.235478815359098,111.96823487674074,45.65002155210019,8.277256388504899,7.393545775360339,7.024473621714868,1.2779407083081988,301.49356318626485,-0.03346549373443665,-0.07991805286247143,-0.04645255912803478,1.0,0.07895826411044807,7.61831433631526e-12,2.3,0.00815501912298298,0.2365066564674329,0.08305884429642874,-0.0003782945864223368,0.3403615346301544,0.13109626035883265,0.11825332823371645,1.75,3321611.8792102393,0.15791652822089614,0.05485836584840673,-0.04152942214821437,-0.04152942214821437,0.04152942214821437,0.04152942214821437,-0.16611768859285747,-0.16611768859285747,0.0,0.4888297182537501,0.11825332823371645,1.0,0.4046503830876323
274.0,0.001421916383528335,14.236545520717105,111.96550539287337,45.63876367643791,8.27614798682819,7.392803285692461,7.024611088567618,1.2777925930440515,301.4935118953782,-0.033471656383882664,-0.07991831395750688,-0.04644665757362422,1.0,0.07896185497326325,7.618660801906578e-12,2.3,0.008146967000529654,0.2365066564674329,0.08306106513660629,-0.0003779311417017292,0.3403088707756501,0.1310807200022938,0.11825332823371645,1.75,3320141.6148909037,0.1579237099465265,0.05486153465691319,-0.04153053256830314,-0.04153053256830314,0.04153053256830314,0.04153053256830314,-0.16612213027321257,-0.16612213027321257,0.0,0.489165772359413,0.11825332823371645,1.0,0.40607242461306275
275.0,0.0014216666936750168,14.23759649765118,111.9627923503731,45.627532769170976,8.275044789010675,7.392063986580559,7.0247478169741155,1.277644859165434,301.4934607284141,-0.033477805764846935,-0.07991857626205473,-0.046440770497207795,1.0,0.07896545241354137,7.619007902126595e-12,2.3,0.008138966982596271,0.2365066564674329,0.08306330139913602,-0.00037756796310380085,0.3402563331222499,0.13106521742808008,0.11825332823371645,1.75,3318672.321096073,0.15793090482708275,0.054864656102385244,-0.04153165069956801,-0.04153165069956801,0.04153165069956801,0.04153165069956801,-0.16612660279827204,-0.16612660279827204,0.0,0.4895018476269834,0.11825332823371645,1.0,0.4074942161516644
276.0,0.001421417596901417,14.238631899133884,111.9600956191002,45.61632879200948,8.273946756798408,7.3913278535890194,7.024883811216458,1.277497505852983,301.49340968518595,-0.0334839418883755,-0.07991883975622326,-0.046434897867847755,1.0,0.07896905630949927,7.61935562522502e-12,2.3,0.008131018677072553,0.2365066564674329,0.08306555280047559,-0.0003772050574663301,0.3402039214579774,0.1310497525581499,0.11825332823371645,1.75,3317204.026873495,0.15793811261899854,0.0548677306653456,-0.041532776400237795,-0.041532776400237795,0.041532776400237795,0.041532776400237795,-0.16613110560095118,-0.16613110560095118,0.0,0.4898379371871155,0.11825332823371645,1.0,0.40891575829695265
277.0,0.001421169092332761,14.239651877160659,111.95741506971694,45.60515170648788,8.272853852263111,7.390594862507412,7.025019075555615,1.2773505322883274,301.4933587655059,-0.033490064765642265,-0.07991910442024758,-0.04642903965460531,1.0,0.07897266653980285,7.61970395949489e-12,2.3,0.008123121694893893,0.2365066564674329,0.08306781905935484,-0.0003768424315429429,0.3401516355700688,0.13103432531443487,0.11825332823371645,1.75,3315736.7609566734,0.1579453330796057,0.05487075882270241,-0.04153390952967742,-0.04153390952967742,0.04153390952967742,0.04153390952967742,-0.16613563811870968,-0.16613563811870968,0.0,0.4901740342228905,0.11825332823371645,1.0,0.41033705164156975
278.0,0.001420921179088508,14.240656582062382,111.95475057425998,45.59400147391733,8.271766038024895,7.389864989522846,7.025153614216423,1.277203937654726,301.493307969185,-0.03349617440797408,-0.07991937023457785,-0.046423195826603765,1.0,0.078976282983509,7.620052893266971e-12,2.3,0.00811527565104265,0.2365066564674329,0.0830700998990093,-0.00037648009194245235,0.34009947524543116,0.1310189356189887,0.11825332823371645,1.75,3314270.5516160377,0.157952565967018,0.054873741045720376,-0.04153504994950465,-0.04153504994950465,0.04153504994950465,0.04153504994950465,-0.1661401997980186,-0.1661401997980186,0.0,0.49051013200418586,0.11825332823371645,1.0,0.41175809677728037
279.0,0.0014206738562847377,14.241646163209417,111.95210200555422,45.58287805543907,8.270683277020256,7.389138211040707,7.025287431402932,1.2770577211364158,301.49325729603356,-0.033502270826822916,-0.07991963717978946,-0.046417366352966546,1.0,0.07897990552013394,7.620402414916346e-12,2.3,0.008107480163479168,0.2365066564674329,0.08307239504492976,-0.00037611804519196225,0.3400474402702105,0.1310035833938421,0.11825332823371645,1.75,3312805.4268146344,0.15795981104026788,0.05487667780213031,-0.04153619752246488,-0.04153619752246488,0.04153619752246488,0.04153619752246488,-0.16614479008985952,-0.16614479008985952,0.0,0.49084622385231425,0.11825332823371645,1.0,0.413178894294967
280.0,0.001420427123032103,14.242620768336215,111.94946923777539,45.57178141198025,8.269605532718499,7.388414503851861,7.025420531283648,1.2769118819192384,301.49320674586033,-0.033508354033789156,-0.07991990523666993,-0.04641155120288078,1.0,0.07898353402961344,7.620752512858576e-12,2.3,0.00809973485412462,0.2365066564674329,0.08307470422705646,-0.00037575629767812226,0.3399955304302806,0.13098826856115273,0.11825332823371645,1.75,3311341.4140624423,0.1579670680592269,0.054879569554136226,-0.04153735211352823,-0.04153735211352823,0.04153735211352823,0.04153735211352823,-0.1661494084541129,-0.1661494084541129,0.0,0.49118230317371653,0.11825332823371645,1.0,0.41459944478462546
281.0,0.001420180978438046,14.243580544233001,111.94685214587396,45.56071150430373,8.26853276889624,7.387693844958692,7.025552918006619,1.2767664191899994,301.4931563184733,-0.033514424040595486,-0.07992017438613044,-0.04640575034553496,1.0,0.07898716839235286,7.621103175554532e-12,2.3,0.00809203934781209,0.2365066564674329,0.0830770271775646,-0.00037539485570826567,0.3399437455107764,0.13097299104305907,0.11825332823371645,1.75,3309878.540568774,0.1579743367847057,0.05488241676048668,-0.0415385135887823,-0.0415385135887823,0.0415385135887823,0.0415385135887823,-0.1661540543551292,-0.1661540543551292,0.0,0.49151836342529903,0.11825332823371645,1.0,0.4160197488353605
282.0,0.001419935421604865,14.244525636082168,111.9442506061282,45.54966829296736,8.267464949847637,7.386976211737241,7.025684595684932,1.2766213321370843,301.4931060136793,-0.03352048085910849,-0.07992044460929154,-0.04639996375018305,1.0,0.07899080848920531,7.621454391508291e-12,2.3,0.008084393273251757,0.2365066564674329,0.08307936363301491,-0.00037503372545355496,0.33989208529660103,0.130957750761832,0.11825332823371645,1.75,3308416.8330996693,0.15798161697841062,0.05488521987451703,-0.041539681816507454,-0.041539681816507454,0.041539681816507454,0.041539681816507454,-0.16615872726602982,-0.16615872726602982,0.0,0.4918543981474644,0.11825332823371645,1.0,0.41743980703538197
283.0,0.0014196904516318221,14.245456188137828,111.94166449557783,45.53865173837022,8.266402040165271,7.38626158176843,7.0258155684115335,1.2764766199498288,301.4930558312844,-0.033526524501314395,-0.07992071588739588,-0.04639419138608149,1.0,0.07899445420150378,7.621806149270222e-12,2.3,0.008076796262001229,0.2365066564674329,0.0830817133321777,-0.0003746729130081946,0.33984054957195475,0.13094254763972668,0.11825332823371645,1.75,3306956.3181270687,0.15798890840300756,0.05488797934618349,-0.04154085666608885,-0.04154085666608885,0.04154085666608885,0.04154085666608885,-0.1661634266643554,-0.1661634266643554,0.0,0.49219040093013516,0.11825332823371645,1.0,0.41885961997200033
284.0,0.0014194460676133032,14.24637234307376,111.93909369256764,45.52766180071515,8.265344004944343,7.38554993299527,7.025945840244974,1.2763322818191256,301.49300577109346,-0.033532554979338894,-0.07992098820189263,-0.04638843322255373,1.0,0.07899810541105702,7.622158437436607e-12,2.3,0.008069247949413749,0.2365066564674329,0.08308407601814002,-0.0003743124243344038,0.3397891381208428,0.1309273815991356,0.11825332823371645,1.75,3305497.021689193,0.15799621082211404,0.05489069562013969,-0.04154203800907001,-0.04154203800907001,0.04154203800907001,0.04154203800907001,-0.16616815203628005,-0.16616815203628005,0.0,0.4925263654451413,0.11825332823371645,1.0,0.4202791882316229
285.0,0.00141920226864084,14.247274242651153,111.93653807619121,45.51669844005178,8.264290809569793,7.384841243559183,7.026075415223987,1.2761883169368022,301.4929558329106,-0.0335385723054246,-0.07992126153435158,-0.046382689228926986,1.0,0.0790017620001637,7.622511244650992e-12,2.3,0.008061747973627202,0.2365066564674329,0.08308645143616962,-0.00037395226531975584,0.33973785072659773,0.13091225256243924,0.11825332823371645,1.75,3304038.9695366286,0.1580035240003274,0.054893369137734446,-0.04154322571808481,-0.04154322571808481,0.04154322571808481,0.04154322571808481,-0.16617290287233924,-0.16617290287233924,0.0,0.4928622854129001,0.11825332823371645,1.0,0.42169851239975
286.0,0.0014189590538013414,14.248162027077813,111.93399752682471,45.505761616242104,8.263242419914627,7.384135491952379,7.026204297353454,1.2760447244962214,301.4929060165388,-0.03354457649194926,-0.0799215358665463,-0.046376959374597036,1.0,0.07900542385162537,7.622864559605444e-12,2.3,0.008054295976495759,0.2365066564674329,0.08308883933577722,-0.0003735924417239352,0.33968668717239664,0.1308971604521605,0.11825332823371645,1.75,3302582.1869955845,0.15801084770325075,0.054896000335121854,-0.04154441966788861,-0.04154441966788861,0.04154441966788861,0.04154441966788861,-0.16617767867155445,-0.16617767867155445,0.0,0.4931981546341837,0.11825332823371645,1.0,0.4231175930609711
287.0,0.0014187164221790172,14.249035835664282,111.93147192558035,45.49485128900017,8.262198802133094,7.383432656859139,7.0263324906187545,1.275901503691669,301.4928563217805,-0.03355056755140488,-0.07992181118036948,-0.046371243628964595,1.0,0.07900909084874357,7.623218371040276e-12,2.3,0.008046891602596976,0.2365066564674329,0.08309123946862196,-0.00037323295923424437,0.33963564724076273,0.13088210519081364,0.11825332823371645,1.75,3301126.6991109117,0.15801818169748713,0.05489858964522333,-0.04154561973431098,-0.04154561973431098,0.04154561973431098,0.04154561973431098,-0.16618247893724392,-0.16618247893724392,0.0,0.4935339669574525,0.11825332823371645,1.0,0.42453643079896125
288.0,0.001418474372853712,14.249895806194209,111.92896115483127,45.48396741786087,8.26115992285331,7.382732717303525,7.0264599989719585,1.2757586537189423,301.49280674843686,-0.033556545496414424,-0.07992208745791483,-0.04636554196150041,1.0,0.079012762875349,7.623572667746856e-12,2.3,0.008039534500147053,0.2365066564674329,0.0830936515905288,-0.0003728738234140924,0.3395847307141119,0.1308670867010601,0.11825332823371645,1.75,3299672.5305122547,0.158025525750698,0.054901137495870944,-0.0415468257952644,-0.0415468257952644,0.0415468257952644,0.0415468257952644,-0.1661873031810576,-0.1661873031810576,0.0,0.49386971630999543,0.11825332823371645,1.0,0.4259550261964776
289.0,0.001418232904902711,14.25074207556904,111.92646509767432,45.47310996221644,8.260125748976392,7.382035652495509,7.026586826345934,1.2756161737747478,301.4927572963086,-0.03356251033971243,-0.07992236468139378,-0.046359854341681356,1.0,0.079016439815782,7.62392743856572e-12,2.3,0.00803222432002649,0.2365066564674329,0.08309607545943652,-0.00037251503975671693,0.33953393737422705,0.13085210490555638,0.11825332823371645,1.75,3298219.7055540667,0.158032879631564,0.0549036443117343,-0.04154803772971826,-0.04154803772971826,0.04154803772971826,0.04154803772971826,-0.16619215091887304,-0.16619215091887304,0.0,0.49420539666590574,0.11825332823371645,1.0,0.42737337983535584
290.0,0.0014179920173991807,14.251574779189244,111.92398363844552,45.46227888128809,8.259096247863477,7.381341441974105,7.026712976640771,1.2754740630572856,301.4927079651952,-0.03356846209416021,-0.07992264283321597,-0.04635418073905576,1.0,0.07902012155493779,7.624282672390943e-12,2.3,0.008024960716678652,0.2365066564674329,0.08309851083736887,-0.00037215661363535955,0.3394832670028134,0.1308371597271105,0.11825332823371645,1.75,3296768.2481845208,0.15804024310987558,0.054906110512496255,-0.041549255418684435,-0.041549255418684435,0.041549255418684435,0.041549255418684435,-0.16619702167473774,-0.16619702167473774,0.0,0.494541002076624,0.11825332823371645,1.0,0.42879149229650676
291.0,0.0014177517094138754,14.252394051587881,111.9215166621926,45.45147413415955,8.258071387140657,7.380650065458229,7.026838453737658,1.2753323207656515,301.49265875489584,-0.03357440077272816,-0.07992292189590736,-0.0463485211231792,1.0,0.07902380797823032,7.624638358166658e-12,2.3,0.00801774334715314,0.2365066564674329,0.08310095748842677,-0.00037179855035525183,0.33943271938097824,0.13082225108852905,0.11825332823371645,1.75,3295318.182082634,0.15804761595646064,0.05490853651474566,-0.04155047874421339,-0.04155047874421339,0.04155047874421339,0.04155047874421339,-0.16620191497685355,-0.16620191497685355,0.0,0.4948765266395304,0.11825332823371645,1.0,0.4302093641599133
292.0,0.0014175119800136555,14.25320002582251,111.91906405518147,45.440695679751485,8.257051134880598,7.379961502985423,7.026963261485522,1.275190946100414,301.4926096652086,-0.03358032638850937,-0.07992320185218948,-0.046342875463680114,1.0,0.07902749897165272,7.62499448489287e-12,2.3,0.008010571871988647,0.2365066564674329,0.08310341518071337,-0.0003714408551054162,0.33938229428977973,0.13080737891277464,0.11825332823371645,1.75,3293869.5305299023,0.15805499794330544,0.054910922730184775,-0.04155170759035669,-0.04155170759035669,0.04155170759035669,0.04155170759035669,-0.16620683036142675,-0.16620683036142675,0.0,0.4952119645278982,0.11825332823371645,1.0,0.43162699600462706
293.0,0.001417272828263108,14.253992834097762,111.91662570437767,45.4299434768521,8.256035459413093,7.379275734767273,7.02708740371468,1.2750499382630267,301.49256069593065,-0.03358623895470344,-0.07992348268489874,-0.0463372437301953,1.0,0.07903119442172603,7.625351041620528e-12,2.3,0.008003445954274081,0.2365066564674329,0.08310588368437045,-0.00037108353300897,0.33933199150969995,0.13079254312281177,0.11825332823371645,1.75,3292422.3165445477,0.15806238884345206,0.05491326956748844,-0.04155294184218523,-0.04155294184218523,0.04155294184218523,0.04155294184218523,-0.1662117673687409,-0.1662117673687409,0.0,0.4955473099601009,0.11825332823371645,1.0,0.43304438840876547
294.0,0.0014170342532231373,14.254772607167766,111.9142014979443,45.41921748409436,8.255024329501433,7.3785927413238594,7.027210884223698,1.2749092964563966,301.49251184685903,-0.03359213848462873,-0.07992376437706442,-0.04633162589243569,1.0,0.0790348942155738,7.625708017458706e-12,2.3,0.007996365260515182,0.2365066564674329,0.08310836277345701,-0.0003707265890765162,0.33928181082120357,0.1307777436417652,0.11825332823371645,1.75,3290976.5627558436,0.1580697884311476,0.05491557743054264,-0.041554181386728506,-0.041554181386728506,0.041554181386728506,0.041554181386728506,-0.16621672554691402,-0.16621672554691402,0.0,0.495882557228981,0.11825332823371645,1.0,0.4344615419495086
295.0,0.0014167962539525154,14.255539474947968,111.9117913247325,45.40851765998361,8.25401771415844,7.377912503343656,7.0273337067928185,1.274769019884304,301.4924631177894,-0.03359802499170765,-0.07992404691182928,-0.04632602192012163,1.0,0.0790385982408557,7.62606540156821e-12,2.3,0.007989329459712802,0.2365066564674329,0.08311085222403143,-0.0003703700282547864,0.3392317520042069,0.1307629803927646,0.11825332823371645,1.75,3289532.291535555,0.1580771964817114,0.054917846720270835,-0.041555426112015716,-0.041555426112015716,0.041555426112015716,0.041555426112015716,-0.16622170444806286,-0.16622170444806286,0.0,0.49621770067165993,0.11825332823371645,1.0,0.4358784572030964
296.0,0.001416558829506534,14.256293565927827,111.9093950747705,45.39784396287753,8.253015582817719,7.377235001813769,7.0274558751710305,1.2746291077519663,301.4924145085173,-0.03360389848947748,-0.07992433027252635,-0.04632043178304887,1.0,0.07904230638585626,7.626423183170138e-12,2.3,0.007982338224214717,0.2365066564674329,0.08311335181598295,-0.00037001385538159334,0.33918181483863724,0.1307482532991042,0.11825332823371645,1.75,3288089.5248748627,0.1580846127717125,0.05492007783290299,-0.041556675907991475,-0.041556675907991475,0.041556675907991475,0.041556675907991475,-0.1662267036319659,-0.1662267036319659,0.0,0.4965527346983405,0.11825332823371645,1.0,0.43729513474482595
297.0,0.0014163219789384868,14.257035007772103,111.90701263876298,45.38719635101095,8.25201790515504,7.376560217884208,7.027577393089281,1.2744895592654624,301.4923660188371,-0.0336097589915771,-0.0799246144426007,-0.046314855451023595,1.0,0.07904601853940411,7.626781351538085e-12,2.3,0.007975391228810118,0.2365066564674329,0.08311586133115936,-0.00036965807523286093,0.3391319991038888,0.1307335622840861,0.11825332823371645,1.75,3286648.2845130786,0.15809203707880823,0.0549222711617697,-0.04155793066557968,-0.04155793066557968,0.04155793066557968,0.04155793066557968,-0.16623172266231873,-0.16623172266231873,0.0,0.49688765376270055,0.11825332823371645,1.0,0.43871157514904846
298.0,0.0014160857012983754,14.257763926743657,111.90464390857211,45.37657478247845,8.251024651254632,7.375888132994086,7.027698264247752,1.2743503736322908,301.4923176485432,-0.03361560651175649,-0.0799248994056851,-0.046309292893928614,1.0,0.07904973459097361,7.627139896007943e-12,2.3,0.007968488151566625,0.2365066564674329,0.08311838055515303,-0.0003693026924790744,0.3390823045794018,0.13071890727118096,0.11825332823371645,1.75,3285208.591817145,0.15809946918194723,0.054924427095601296,-0.04155919027757651,-0.04155919027757651,0.04155919027757651,0.04155919027757651,-0.16623676111030605,-0.16623676111030605,0.0,0.4972224523901358,0.11825332823371645,1.0,0.4401277789891669
299.0,0.0014158499956343357,14.258480448294378,111.90228877672494,45.3659792152563,8.250035791435717,7.375218728740073,7.027818492328861,1.274211550060803,301.49226939742846,-0.0336214410638649,-0.07992518514552296,-0.04630374408165806,1.0,0.07905345443059071,7.627498805968831e-12,2.3,0.007961628672940904,0.2365066564674329,0.0831209092754728,-0.0003689477117307586,0.3390327310441076,0.13070428818387023,0.11825332823371645,1.75,3283770.4679076225,0.15810690886118142,0.05492654602029027,-0.0415604546377364,-0.0415604546377364,0.0415604546377364,0.0415604546377364,-0.1662418185509456,-0.1662418185509456,0.0,0.497557125148739,0.11825332823371645,1.0,0.44154374683763326
300.0,0.0014156148609913934,14.259184696497892,111.89994713688654,45.35540960718777,8.249051296414041,7.374551986998712,7.027938080984738,1.2740730877607538,301.49222126528593,-0.03362726266185896,-0.07992547164604283,-0.04629820898418387,1.0,0.07905717794894693,7.627858070874085e-12,2.3,0.007954812476601467,0.2365066564674329,0.08312344728328508,-0.0003685931374963793,0.338983278277009,0.13068970494580745,0.11825332823371645,1.75,3282333.933540733,0.15811435589789385,0.05492862831721974,-0.04156172364164254,-0.04156172364164254,0.04156172364164254,0.04156172364164254,-0.16624689456657016,-0.16624689456657016,0.0,0.49789166667698714,0.11825332823371645,1.0,0.44295947926594614
301.0,0.0014153802964128133,14.259876794630339,111.89761888337567,45.34486591600224,8.248071137133392,7.3738878897989375,7.028057033850019,1.2739349859427416,301.4921732519078,-0.033633071319792256,-0.07992575889128245,-0.046292687571490194,1.0,0.07906090503729216,7.628217680230916e-12,2.3,0.007948039248554728,0.2365066564674329,0.08312599437163072,-0.00036823897422630906,0.33893394605660954,0.13067515748065991,0.11825332823371645,1.75,3280899.0092317015,0.1581218100745843,0.054930674364995005,-0.04156299718581536,-0.04156299718581536,0.04156299718581536,0.04156299718581536,-0.16625198874326144,-0.16625198874326144,0.0,0.4982260716552907,0.11825332823371645,1.0,0.4443749768446483
302.0,0.0014151463009389577,14.260556864612836,111.89530391163002,45.3343480993031,8.247095284922503,7.373226419440615,7.028175354529523,1.2737972438187526,301.49212535708557,-0.03363886705182213,-0.07992604686546222,-0.046287179813640084,1.0,0.07906463558756024,7.628577623612522e-12,2.3,0.007941308677953866,0.2365066564674329,0.0831285503371213,-0.0003678852262721337,0.3388847341615204,0.13066064571227068,0.11825332823371645,1.75,3279465.715139261,0.1581292711751205,0.05493268453780087,-0.04156427516856065,-0.04156427516856065,0.04156427516856065,0.04156427516856065,-0.1662571006742426,-0.1662571006742426,0.0,0.49856033483314205,0.11825332823371645,1.0,0.44579024014332413
303.0,0.0014149128736085288,14.261225027582238,111.89300211773002,45.32385611458423,8.246123711331427,7.372567558371009,7.028293046610843,1.2736598606016083,301.4920775806103,-0.03364464987220066,-0.07992633555291032,-0.04628168568070966,1.0,0.07906836949225009,7.628937890646626e-12,2.3,0.007934620456240183,0.2365066564674329,0.08313111497820037,-0.0003675318979291579,0.3388356423698722,0.13064616956449904,0.11825332823371645,1.75,3278034.071186421,0.15813673898450017,0.05493465920710271,-0.04156555748910019,-0.04156555748910019,0.04156555748910019,0.04156555748910019,-0.16626222995640075,-0.16626222995640075,0.0,0.49889445100121904,0.11825332823371645,1.0,0.4472052697305979
304.0,0.001414680013457498,14.261881403343203,111.89071339885616,45.31338991922029,8.245156388283947,7.371911289299664,7.028410113652211,1.2735228355055037,301.4920299222726,-0.033650419795280134,-0.07992662493813504,-0.04627620514285491,1.0,0.0790721066445615,7.629298471028575e-12,2.3,0.007927974277938047,0.2365066564674329,0.08313368809679506,-0.0003671789933970706,0.3387866704599262,0.1306317289613833,0.11825332823371645,1.75,3276604.096947384,0.158144213289123,0.05493659874003225,-0.04156684404839753,-0.04156684404839753,0.04156684404839753,0.04156684404839753,-0.1662673761935901,-0.1662673761935901,0.0,0.4992284150180059,0.11825332823371645,1.0,0.4486200661741309
305.0,0.0014144477195202649,14.262526110929123,111.88843765282091,45.302949470480634,8.244193287918648,7.371257595078682,7.028526559194899,1.273386167745462,301.4919823818625,-0.03365617683550542,-0.07992691500575119,-0.046270738170245775,1.0,0.0790758469382651,7.629659354508793e-12,2.3,0.007921369839811655,0.2365066564674329,0.08313626949662235,-0.000366826516821035,0.3387378182094821,0.13061732382698096,0.11825332823371645,1.75,3275175.811765763,0.1581516938765302,0.054938503501058694,-0.04156813474831118,-0.04156813474831118,0.04156813474831118,0.04156813474831118,-0.1662725389932447,-0.1662725389932447,0.0,0.4995622217824472,0.11825332823371645,1.0,0.4500346300406198
306.0,0.001414215990828699,14.263159268063607,111.88617477851832,45.29253472552195,8.243234382736992,7.3706064588140965,7.028642386751269,1.2732498565378663,301.49193495916944,-0.03366192100741813,-0.07992720574055108,-0.04626528473313295,1.0,0.0790795902678487,7.630020530906903e-12,2.3,0.007914806841645885,0.2365066564674329,0.08313885898479663,-0.0003664744722536627,0.338689085396494,0.1306029540855312,0.11825332823371645,1.75,3273749.234643883,0.1581591805356974,0.05494037385040246,-0.041569429492398315,-0.041569429492398315,0.041569429492398315,0.041569429492398315,-0.16627771796959326,-0.16627771796959326,0.0,0.4998958662600447,0.11825332823371645,1.0,0.45144896189579425
307.0,0.0014139848264131728,14.263780991711794,111.88392467546393,45.282145641399815,8.24227964544894,7.369957863749825,7.028757599816975,1.2731139010999193,301.49188765398264,-0.03366765232565032,-0.07992749712743222,-0.0462598448017819,1.0,0.07908333652837572,7.63038199009806e-12,2.3,0.00790828498541842,0.2365066564674329,0.0831414563701795,-0.0003661228636947414,0.3386404717984673,0.13058861966129515,0.11825332823371645,1.75,3272324.3843585346,0.15816667305675144,0.05494221014567699,-0.04157072818508975,-0.04157072818508975,0.04157072818508975,0.04157072818508975,-0.166282912740359,-0.166282912740359,0.0,0.5002293434560448,0.11825332823371645,1.0,0.4528630623044152
308.0,0.0014137542253016971,14.264391397551018,111.88168724423649,45.27178217506342,8.241329049116818,7.369311793375625,7.028872201859211,1.2729783006501738,301.49184046609054,-0.0336733708049275,-0.07992778915146712,-0.046254418346539615,1.0,0.079087085615642,7.630743722028093e-12,2.3,0.007901803976066948,0.2365066564674329,0.08314406146494491,-0.0003657716950544748,0.3385919771930931,0.13057432047871836,0.11825332823371645,1.75,3270901.279352541,0.158174171231284,0.054944012740329735,-0.041572030732472454,-0.041572030732472454,0.041572030732472454,0.041572030732472454,-0.16628812292988981,-0.16628812292988981,0.0,0.5005626484410375,0.11825332823371645,1.0,0.4542769318302726
309.0,0.0014135241865208953,14.264990600512748,111.87946238602606,45.261444283364916,8.240382567005362,7.368668231314651,7.028986196328712,1.2728430544079936,301.4917933952813,-0.033679076460063434,-0.07992808179783215,-0.04624900533776871,1.0,0.07909083742602317,7.631105716698772e-12,2.3,0.007895363520675457,0.2365066564674329,0.08314667408297127,-0.00036542097019188184,0.3385436013576247,0.13056005646227087,0.11825332823371645,1.75,3269479.937848149,0.15818167485204634,0.054945781985255425,-0.041573337041485636,-0.041573337041485636,0.041573337041485636,0.041573337041485636,-0.16629334816594254,-0.16629334816594254,0.0,0.5008957763246539,0.11825332823371645,1.0,0.45569057103618393
310.0,0.001413294709095153,14.265578714262258,111.87725000306803,45.251131923056214,8.239440172721505,7.368027161428084,7.0290995866481865,1.2727081615940814,301.4917464413428,-0.03368476930596219,-0.07992837505187626,-0.046243605745914074,1.0,0.07909459185664096,7.631467964183851e-12,2.3,0.007888963329229242,0.2365066564674329,0.08314929404136574,-0.00036507069287927067,0.33849534406952153,0.13054582753660976,0.11825332823371645,1.75,3268060.3777408167,0.15818918371328192,0.05494751822726372,-0.04157464702068287,-0.04157464702068287,0.04157464702068287,0.04157464702068287,-0.16629858808273149,-0.16629858808273149,0.0,0.5012287222806774,0.11825332823371645,1.0,0.457103980483992
311.0,0.001413065792047577,14.26615585173128,111.87504999819879,45.24084505079604,8.238501840068698,7.36738856770615,7.029212376224135,1.2725736214299463,301.49169960406226,-0.033690449357614005,-0.07992866889905088,-0.04623821954143688,1.0,0.0790983488052011,7.631830454613434e-12,2.3,0.007882603113814605,0.2365066564674329,0.08315192115889765,-0.00036472086683934994,0.3384472051058242,0.13053163362641867,0.11825332823371645,1.75,3266642.61671024,0.1581966976104022,0.05494922181066441,-0.041575960579448824,-0.041575960579448824,0.041575960579448824,0.041575960579448824,-0.1663038423177953,-0.1663038423177953,0.0,0.5015614815212539,0.11825332823371645,1.0,0.45851716073456333
312.0,0.0014128374343991947,14.26672212460664,111.87286227528259,45.230583623148924,8.237567543182763,7.366752434369573,7.029324568435456,1.272439433138424,301.4916528832266,-0.03369611663009624,-0.0799289633249776,-0.04623284669488137,1.0,0.07910210817016765,7.632193178190792e-12,2.3,0.00787628258936123,0.2365066564674329,0.08315455525748161,-0.0003643714957108905,0.33839918424380033,0.1305174746565712,0.11825332823371645,1.75,3265226.672116375,0.1582042163403353,0.054950893075761405,-0.041577277628740805,-0.041577277628740805,0.041577277628740805,0.041577277628740805,-0.16630911051496322,-0.16630911051496322,0.0,0.5018940493215088,0.11825332823371645,1.0,0.45993011234778675
313.0,0.001412609635169826,14.26727764385374,111.87068673877472,45.22034759658993,8.236637256390338,7.366118745763925,7.029436166645084,1.272305595943151,301.49160627862244,-0.03370177113857049,-0.07992925831537913,-0.04622748717680864,1.0,0.07910586985059195,7.63255612517586e-12,2.3,0.007870001472856087,0.2365066564674329,0.08315719616065372,-0.00036402258308459827,0.33835128126031266,0.1305033505519692,0.11825332823371645,1.75,3263812.5611081277,0.1582117397011839,0.05495253236041024,-0.04157859808032686,-0.04157859808032686,0.04157859808032686,0.04157859808032686,-0.16631439232130743,-0.16631439232130743,0.0,0.5022264209942661,0.11825332823371645,1.0,0.46134283588257124
314.0,0.001412382393377351,14.267822519213935,111.86852329414093,45.2101369275057,8.235710954340929,7.365487486458,7.029547174188772,1.2721721090690836,301.4915597900359,-0.033707412898282364,-0.07992955385614595,-0.04622214095786358,1.0,0.07910963374629519,7.632919285902851e-12,2.3,0.007863759484073014,0.2365066564674329,0.08315984369501282,-0.00036367413246992004,0.33830349593246767,0.130489261237707,0.11825332823371645,1.75,3262400.3005215335,0.15821926749259038,0.05495413999853792,-0.04157992184750641,-0.04157992184750641,0.04157992184750641,0.04157992184750641,-0.16631968739002564,-0.16631968739002564,0.0,0.5025585919141881,0.11825332823371645,1.0,0.4627553318968448
315.0,0.0014121557080385427,14.26835685971912,111.86637184742835,45.19995157219715,8.234788611869364,7.3648586411414065,7.029657594386546,1.272038971741971,301.4915134172528,-0.033713041924559754,-0.07992984993326833,-0.04621680800870858,1.0,0.07911339975768857,7.63328265076291e-12,2.3,0.00785755634480014,0.2365066564674329,0.08316249768873879,-0.0003633261473297199,0.3382558280369845,0.13047520663890932,0.11825332823371645,1.75,3260989.906986217,0.15822679951537713,0.05495571632167342,-0.041581248844369395,-0.041581248844369395,0.041581248844369395,0.041581248844369395,-0.16632499537747758,-0.16632499537747758,0.0,0.5028905574929793,0.11825332823371645,1.0,0.46416760094755277
316.0,0.0014119295781683612,14.268880773197653,111.8642323056776,45.18979148688235,8.233870204124157,7.364232194719968,7.029767430531662,1.2719061831888727,301.4914671600587,-0.03371865823281163,-0.07993014653290195,-0.04621148830009032,1.0,0.07911716778596306,7.633646210222411e-12,2.3,0.007851391779557427,0.2365066564674329,0.08316515797299384,-0.0003629786310481873,0.33820827735084885,0.13046118668089524,0.11825332823371645,1.75,3259581.3968256586,0.15823433557192612,0.05495726165749286,-0.04158257898649692,-0.04158257898649692,0.04158257898649692,0.04158257898649692,-0.16633031594598768,-0.16633031594598768,0.0,0.5032223132030645,0.11825332823371645,1.0,0.46557964359065623
317.0,0.0014117040027807227,14.269394366780135,111.86210457650085,45.17965662769714,8.23295570643381,7.363608132216398,7.029876685901887,1.27177374263764,301.4914210182387,-0.033724261838527295,-0.07993044364130093,-0.04620618180277364,1.0,0.07912093773290224,7.634009954804913e-12,2.3,0.0078452655148372,0.2365066564674329,0.08316782438048041,-0.000362631586964363,0.3381608436506637,0.1304472012890164,0.11825332823371645,1.75,3258174.7861614274,0.15824187546580448,0.0549587763313233,-0.041583912190240206,-0.041583912190240206,0.041583912190240206,0.041583912190240206,-0.16633564876096082,-0.16633564876096082,0.0,0.5035538545532773,0.11825332823371645,1.0,0.46699146038113076
318.0,0.0014114789808878814,14.26989774641382,111.85998856848727,45.16954695070002,8.232045094431657,7.3629864388628885,7.02998536374862,1.271641649317425,301.49137499157786,-0.033729852757274234,-0.0799307412448824,-0.04620088848760817,1.0,0.07912470950107832,7.634373875110061e-12,2.3,0.007839177279809793,0.2365066564674329,0.0831704967468051,-0.0003622850183411057,0.33811352671332134,0.13043325038882062,0.11825332823371645,1.75,3256770.0908155525,0.15824941900215664,0.05496026066471301,-0.04158524837340255,-0.04158524837340255,0.04158524837340255,0.04158524837340255,-0.1663409934936102,-0.1663409934936102,0.0,0.5038851771120724,0.11825332823371645,1.0,0.46840305187296505
319.0,0.0014112545115011312,14.27039101735972,111.85788419078794,45.159462411870635,8.231138343925874,7.362367100004753,7.030093467307998,1.2715099024581666,301.4913290798605,-0.033735431004698446,-0.07993103933016066,-0.04619560832546221,1.0,0.07912848299365786,7.634737961794853e-12,2.3,0.007833126805577158,0.2365066564674329,0.08317317490907453,-0.0003619389283975092,0.3380663263153471,0.13041933390588983,0.11825332823371645,1.75,3255367.3264125595,0.15825696598731573,0.054961714976909,-0.04158658745453726,-0.04158658745453726,0.04158658745453726,0.04158658745453726,-0.16634634981814905,-0.16634634981814905,0.0,0.5042162764836918,0.11825332823371645,1.0,0.46981441861915957
320.0,0.001411030593630208,14.27087428371533,111.85579135351475,45.1494029671166,8.230235431020908,7.361750101190272,7.030200999790193,1.2713785012910983,301.4912832828711,-0.03374099659652131,-0.0799313378838107,-0.04619034128728939,1.0,0.07913225811460406,7.635102205593139e-12,2.3,0.007827113825866292,0.2365066564674329,0.08317585870722266,-0.0003615933202788944,0.3380192422335709,0.1304054517660044,0.11825332823371645,1.75,3253966.5082838912,0.15826451622920812,0.05496313958345189,-0.04158792935361133,-0.04158792935361133,0.04158792935361133,0.04158792935361133,-0.16635171741444532,-0.16635171741444532,0.0,0.5045471483309241,0.11825332823371645,1.0,0.47122556117172526
321.0,0.0014108072262839638,14.271347648903225,111.85370996733207,45.13936857227004,8.229336331991089,7.361135428077233,7.03030796439034,1.2712474450482365,301.49123760039356,-0.03374654954854082,-0.07993163689260332,-0.04618508734406251,1.0,0.07913603476847549,7.635466597296225e-12,2.3,0.007821138076296242,0.2365066564674329,0.08317854798264476,-0.0003612481970881474,0.3379722742444617,0.13039160389498045,0.11825332823371645,1.75,3252567.651567804,0.15827206953695097,0.054964534797627786,-0.04158927399132238,-0.04158927399132238,0.04158927399132238,0.04158927399132238,-0.16635709596528953,-0.16635709596528953,0.0,0.5048777883517359,0.11825332823371645,1.0,0.47263648008168235
322.0,0.00141058440846982,14.271811215201941,111.85163994384892,45.12935918309605,8.228441023398732,7.360523066520097,7.030414364277997,1.2711167329628863,301.49119203221176,-0.033752089876627686,-0.07993193634346776,-0.04617984646684008,1.0,0.07913981286063453,7.63583112777297e-12,2.3,0.007815199295059605,0.2365066564674329,0.08318124257948727,-0.00036090356185670833,0.3379254221248156,0.1303777902188338,0.11825332823371645,1.75,3251170.7711157743,0.15827962572126905,0.05496590092908712,-0.04159062128974363,-0.04159062128974363,0.04159062128974363,0.04159062128974363,-0.16636248515897453,-0.16636248515897453,0.0,0.5052081923015914,0.11825332823371645,1.0,0.47404717589905926
323.0,0.0014103621391943794,14.272265084226257,111.84958119521788,45.11937475528759,8.227549481971261,7.35991300247936,7.030520202607907,1.270986364269131,301.4911465781092,-0.03375761759672745,-0.07993223622342771,-0.04617461862670026,1.0,0.07914359229703946,7.636195787949727e-12,2.3,0.007809297222202047,0.2365066564674329,0.08318394234332022,-0.0003605594175748698,0.33787868565108303,0.13036401066361794,0.11825332823371645,1.75,3249775.881590338,0.15828718459407892,0.05496723828527145,-0.04159197117166011,-0.04159197117166011,0.04159197117166011,0.04159197117166011,-0.16636788468664043,-0.16636788468664043,0.0,0.5055383559705325,0.11825332823371645,1.0,0.47545764917289135
324.0,0.0014101404174629351,14.272709356466022,111.84753363452,45.109415244475386,8.226661684716074,7.359305222106128,7.030625482509625,1.2708563382023403,301.4911012378692,-0.03376313272485574,-0.079932536519663,-0.046169403794807266,1.0,0.07914737298445848,7.636560568830993e-12,2.3,0.007803431600292527,0.2365066564674329,0.08318664712239075,-0.00036021576716371633,0.33783206460004905,0.13035026515558734,0.11825332823371645,1.75,3248382.997373392,0.15829474596891696,0.05496854717005584,-0.041593323561195376,-0.041593323561195376,0.041593323561195376,0.041593323561195376,-0.1663732942447815,-0.1663732942447815,0.0,0.5058682752050762,0.11825332823371645,1.0,0.47686790045122
325.0,0.001409919242280025,14.273144131758317,111.84549717537111,45.09948060622125,8.22577760880107,7.358699711654198,7.030730207098102,1.2707266539986566,301.4910560112748,-0.03376863527710128,-0.07993283721944666,-0.046164201942345384,1.0,0.07915115483025587,7.636925461478779e-12,2.3,0.007797602173715152,0.2365066564674329,0.08318935676633256,-0.000359872613504426,0.33778555874817057,0.13033655362103558,0.11825332823371645,1.75,3246992.132662055,0.15830230966051173,0.054969827885151076,-0.04159467838316628,-0.04159467838316628,0.04159467838316628,0.04159467838316628,-0.16637871353266512,-0.16637871353266512,0.0,0.5061979458857293,0.11825332823371645,1.0,0.4782779302810915
326.0,0.001409698612648988,14.273569508834107,111.84347173229996,45.089570796029555,8.224897231666407,7.358096457562146,7.0308343794634816,1.2705973108955038,301.4910108981088,-0.03377412526962023,-0.07993313831020556,-0.046159013040585326,1.0,0.07915493774261056,7.637290457033703e-12,2.3,0.007791808689328088,0.2365066564674329,0.08319207112738425,-0.00035952995941113423,0.33773916787225144,0.13032287598645878,0.11825332823371645,1.75,3245603.3013788485,0.15830987548522113,0.05497108072876914,-0.041596035563692124,-0.041596035563692124,0.041596035563692124,0.041596035563692124,-0.1663841422547685,-0.1663841422547685,0.0,0.5065273639484649,0.11825332823371645,1.0,0.479687739208556
327.0,0.001409478527572472,14.273985585782341,111.84145722036116,45.079685769338724,8.224020530908275,7.357495446368003,7.030938002681518,1.270468308131077,301.490965898154,-0.03377960271864026,-0.07993343977945852,-0.04615383706081826,1.0,0.07915872163029754,7.637655546693886e-12,2.3,0.007786050895767657,0.2365066564674329,0.08319479005913456,-0.00035918780765926294,0.33769289174877715,0.1303092321783935,0.11825332823371645,1.75,3244216.517265548,0.15831744326059508,0.05497230599700114,-0.04159739502956728,-0.04159739502956728,0.04159739502956728,0.04159739502956728,-0.16638958011826913,-0.16638958011826913,0.0,0.5068565253626777,0.11825332823371645,1.0,0.48109732777866676
328.0,0.0014092589860520257,14.274392459604382,111.83945355550703,45.06982548153442,8.223147484387674,7.356896664788973,7.031041079803526,1.2703396449448487,301.49092101119294,-0.03378506764045391,-0.0799337416148759,-0.046148673974421996,1.0,0.07916250640291046,7.638020721736442e-12,2.3,0.007780328544096258,0.2365066564674329,0.08319751341770666,-0.0003588461609592759,0.3376467301545918,0.1302956221235799,0.11825332823371645,1.75,3242831.7937952573,0.15832501280582092,0.054973503982505785,-0.04159875670885333,-0.04159875670885333,0.04159875670885333,0.04159875670885333,-0.16639502683541332,-0.16639502683541332,0.0,0.5071854261522389,0.11825332823371645,1.0,0.482506696535479
329.0,0.001409039987088573,14.274790226670138,111.83746065420692,45.05998988793928,8.222278070117321,7.356300099638596,7.031143613866645,1.2702113205770607,301.4908762370078,-0.03379052005142363,-0.0799340438042188,-0.04614352375279517,1.0,0.07916629197063844,7.63838597349594e-12,2.3,0.007774641387118105,0.2365066564674329,0.08320024106053833,-0.0003585050219840805,0.3376006828662415,0.1302820457487998,0.11825332823371645,1.75,3241449.1442642836,0.1583325839412769,0.054974674975863225,-0.041600120530269166,-0.041600120530269166,0.041600120530269166,0.041600120530269166,-0.16640048212107666,-0.16640048212107666,0.0,0.5075140623738859,0.11825332823371645,1.0,0.4839158460220493
330.0,0.0014088215296820473,14.275178982280137,111.83547843381298,45.050178943827646,8.221412266367569,7.355705737904188,7.031245607883935,1.2700833342692275,301.49083157538087,-0.033795959967974264,-0.07993434633539755,-0.04613838636742328,1.0,0.07917007824449232,7.63875129338623e-12,2.3,0.007768989180016589,0.2365066564674329,0.08320297284753335,-0.00035816439334363306,0.33755474966063725,0.13026850298103984,0.11825332823371645,1.75,3240068.5817060545,0.15834015648898464,0.0549758192642861,-0.041601486423766675,-0.041601486423766675,0.041601486423766675,0.041601486423766675,-0.1664059456950667,-0.1664059456950667,0.0,0.5078424301378623,0.11825332823371645,1.0,0.4853247767804346
331.0,0.0014086036128318103,14.275558821113862,111.8335068121858,45.04039260441373,8.220550051556314,7.355113566666406,7.031347064854494,1.2699556852636322,301.49078702609404,-0.03380138740659894,-0.07993464919641198,-0.04613326178981304,1.0,0.07917386513607733,7.63911667287851e-12,2.3,0.007763371679681577,0.2365066564674329,0.08320570863987536,-0.00035782427761144693,0.3375089303143974,0.13025499374732952,0.11825332823371645,1.75,3238690.11898108,0.15834773027215465,0.05497693713294996,-0.04160285431993768,-0.04160285431993768,0.04160285431993768,0.04160285431993768,-0.16641141727975073,-0.16641141727975073,0.0,0.5081705255867307,0.11825332823371645,1.0,0.48673348935169153
332.0,0.0014083862355363326,14.27592983679929,111.83154570805394,45.0306308248677,8.21969140435215,7.35452357317447,7.031447987753689,1.2698283728038282,301.4907425889292,-0.033806802383850906,-0.07993495237540904,-0.046128149991558134,1.0,0.07917765255782268,7.63948210352349e-12,2.3,0.0077577886453364265,0.2365066564674329,0.0832084483011472,-0.00035748467730002095,0.3374632246045273,0.13024151797490396,0.11825332823371645,1.75,3237313.7686926387,0.15835530511564536,0.05497802886372625,-0.0416042241505736,-0.0416042241505736,0.0416042241505736,0.0416042241505736,-0.1664168966022944,-0.1664168966022944,0.0,0.5084983449156156,0.11825332823371645,1.0,0.4881419842758756
333.0,0.0014081693967935684,14.276292122353611,111.8295950406461,45.020893560302454,8.218836303567203,7.353935744768075,7.031548379543133,1.2697013961341344,301.49069826366804,-0.03381220491635007,-0.07993525586062382,-0.04612305094427375,1.0,0.07918144042275048,7.639847576929075e-12,2.3,0.0077522398378761055,0.2365066564674329,0.08321119169617755,-0.0003571455948864855,0.3374176323077485,0.13022807559104219,0.11825332823371645,1.75,3235939.5432749023,0.15836288084550096,0.05497909473648988,-0.041605595848088775,-0.041605595848088775,0.041605595848088775,0.041605595848088775,-0.1664223833923551,-0.1664223833923551,0.0,0.5088258843514197,0.11825332823371645,1.0,0.4895502620920405
334.0,0.0014079530956006615,14.27664576976007,111.82765473004444,45.011180765791,8.217984728257592,7.353350068950459,7.031648243161064,1.2695747545001383,301.49065405009236,-0.03381759502077412,-0.07993555964043635,-0.04611796461966223,1.0,0.07918522864470846,7.640213084782834e-12,2.3,0.0077467250204842995,0.2365066564674329,0.08321393869212974,-0.00035680703278882336,0.33737215320117053,0.13021466652322997,0.11825332823371645,1.75,3234567.454910347,0.15837045728941693,0.05498013502787372,-0.04160696934606487,-0.04160696934606487,0.04160696934606487,0.04160696934606487,-0.1664278773842595,-0.1664278773842595,0.0,0.5091531401726817,0.11825332823371645,1.0,0.49095832333823763
335.0,0.0014077373309543174,14.276990870401173,111.82572469682285,45.001492396351715,8.217136657619086,7.352766533312554,7.0317475815321595,1.2694484471481937,301.4906099479835,-0.03382297271386596,-0.07993586370331358,-0.046112890989447625,1.0,0.07918901713813542,7.640578618829368e-12,2.3,0.007741243957982792,0.2365066564674329,0.0832166891573796,-0.00035646899339068387,0.3373267870616398,0.13020129069899758,0.11825332823371645,1.75,3233197.515616034,0.15837803427627084,0.05498115001255356,-0.0416083445786898,-0.0416083445786898,0.0416083445786898,0.0416083445786898,-0.1664333783147592,-0.1664333783147592,0.0,0.5094801086891971,0.11825332823371645,1.0,0.4923661685515151
336.0,0.0014075221018505198,14.277327514642804,111.82380486239445,44.99182840696718,8.216292071084988,7.352185125604023,7.031846397558067,1.2693224733259194,301.4905659571228,-0.033828338012423985,-0.07993616803786523,-0.04610783002544124,1.0,0.07919280581829634,7.64094417089299e-12,2.3,0.0077357964174382034,0.2365066564674329,0.08321944296257464,-0.0003561314790183689,0.3372815336664031,0.13018794804608275,0.11825332823371645,1.75,3231829.737162776,0.15838561163659268,0.054982139962024085,-0.04160972148128732,-0.04160972148128732,0.04160972148128732,0.04160972148128732,-0.16643888592514927,-0.16643888592514927,0.0,0.509806786261483,0.11825332823371645,1.0,0.4937737982679175
337.0,0.0014073074072848413,14.27765579226,111.82189514865608,44.98218875256799,8.21545094822451,7.351605833659558,7.031944694127075,1.2691968322816989,301.49052207729164,-0.0338336909333103,-0.07993647263278672,-0.046102781699476424,1.0,0.07919659460104504,7.641309732854831e-12,2.3,0.007730382167522034,0.2365066564674329,0.0832221999795428,-0.00035579449196484244,0.33723639279243844,0.1301746384922691,0.11825332823371645,1.75,3230464.131159603,0.15839318920209008,0.05498310514586147,-0.0416110999897714,-0.0416110999897714,0.0416110999897714,0.0416110999897714,-0.1664443999590856,-0.1664443999590856,0.0,0.5101331692807988,0.11825332823371645,1.0,0.4951812130224852
338.0,0.0014070932462522336,14.277975792028144,111.81999547832972,44.97257338805281,8.214613268838143,7.351028645467931,7.03204247410478,1.2690715232651812,301.4904783082713,-0.03383903149344038,-0.07993677747691409,-0.046097745983473715,1.0,0.07920038340306162,7.641675296675737e-12,2.3,0.007725000979107892,0.2365066564674329,0.08322496008232202,-0.0003554580344674589,0.3371913642171516,0.1301613619655478,0.11825332823371645,1.75,3229100.7089745924,0.15840076680612325,0.05498404583052027,-0.04161248004116101,-0.04161248004116101,0.04161248004116101,0.04161248004116101,-0.16644992016464405,-0.16644992016464405,0.0,0.5104592541882367,0.11825332823371645,1.0,0.49658841334925374
339.0,0.0014068796177473032,14.278287602141514,111.81810577461303,44.96298226827084,8.213779012858677,7.350453549100367,7.032139740343609,1.268946545526779,301.4904346498428,-0.03384435970979195,-0.0799370825591679,-0.04609272284937595,1.0,0.07920417214161249,7.642040854373134e-12,2.3,0.0077196526246422915,0.2365066564674329,0.08322772314609966,-0.0003551221087311977,0.33714644771768615,0.13014811839395693,0.11825332823371645,1.75,3227739.4818175947,0.15840834428322498,0.05498496228057428,-0.04161386157304983,-0.04161386157304983,0.04161386157304983,0.04161386157304983,-0.16645544629219933,-0.16645544629219933,0.0,0.5107850374551278,0.11825332823371645,1.0,0.4979953997812535
340.0,0.0014066665207641022,14.278591309811494,111.81622596151504,44.95341534804316,8.212948160444174,7.349880532776225,7.032236495672783,1.2688218983181696,301.4903911017873,-0.03384967559939394,-0.07993738786860732,-0.046087712269213384,1.0,0.07920796073480177,7.642406398045267e-12,2.3,0.0077143368787777255,0.2365066564674329,0.08323048904818331,-0.00035478671690760056,0.3371016430716103,0.13013490770574318,0.11825332823371645,1.75,3226380.460662716,0.15841592146960354,0.05498585475753402,-0.041615244524091655,-0.041615244524091655,0.041615244524091655,0.041615244524091655,-0.16646097809636662,-0.16646097809636662,0.0,0.5111105156017588,0.11825332823371645,1.0,0.4994021728505092
341.0,0.0014064539542963913,14.27888700167788,111.81435596351264,44.94387258214387,8.212120691881493,7.349309584799342,7.032332742911099,1.2686975808917935,301.4903476638856,-0.03385497917933612,-0.07993769339437425,-0.04608271421503812,1.0,0.07921174910128011,7.642771919843124e-12,2.3,0.007709053517569799,0.2365066564674329,0.08323325766709067,-0.0003544518611152421,0.33705695005624753,0.13012172982919903,0.11825332823371645,1.75,3225023.656329308,0.15842349820256021,0.05498672352106602,-0.04161662883354533,-0.04161662883354533,0.04161662883354533,0.04161662883354533,-0.16646651533418133,-0.16646651533418133,0.0,0.5114356851781635,0.11825332823371645,1.0,0.5008087330880394
342.0,0.0014062419173374392,14.279174763413947,111.81249570588056,44.93435392532261,8.211296587676896,7.348740693614321,7.032428484852765,1.2685735925013553,301.49030433591884,-0.033860270466757436,-0.0799379991257475,-0.04607772865899007,1.0,0.0792155371605599,7.643137412000824e-12,2.3,0.007703802319331909,0.2365066564674329,0.08323602888333965,-0.0003541175434219104,0.337012368449361,0.13010858469282735,0.11825332823371645,1.75,3223669.079406058,0.1584310743211198,0.05498756882783041,-0.04161801444166983,-0.04161801444166983,0.04161801444166983,0.04161801444166983,-0.1664720577666793,-0.1664720577666793,0.0,0.5117605427824765,0.11825332823371645,1.0,0.5022150810238564
343.0,0.0014060304088802822,14.279454680130856,111.81064511435353,44.924859332284406,8.21047582846212,7.348173847744916,7.032523724280052,1.2684499324013239,301.4902611176679,-0.033865549478856276,-0.07993830505208793,-0.04607275557323166,1.0,0.07921932483272082,7.643502866807232e-12,2.3,0.007698583063841859,0.2365066564674329,0.08323880257856917,-0.00035378376586431574,0.3369678980284675,0.1300954722251786,0.11825332823371645,1.75,3222316.740330298,0.15843864966544163,0.054988390932679536,-0.04161940128928458,-0.04161940128928458,0.04161940128928458,0.04161940128928458,-0.16647760515713833,-0.16647760515713833,0.0,0.5120850850420969,0.11825332823371645,1.0,0.5036212171869652
344.0,0.001405819427917554,14.279726835989436,111.80880411545094,44.91538875771337,8.2096583950827,7.347609035856025,7.0326184639535265,1.2683265998474307,301.4902180089137,-0.03387081623287821,-0.07993861116289053,-0.04606779493001232,1.0,0.07922311203866518,7.643868276630581e-12,2.3,0.007693395532956266,0.2365066564674329,0.08324157863645368,-0.000353450530428404,0.33692353857153534,0.13008239235501196,0.11825332823371645,1.75,3220966.6493136985,0.15844622407733036,0.05498919008751534,-0.04162078931822684,-0.04162078931822684,0.04162078931822684,0.04162078931822684,-0.16648315727290736,-0.16648315727290736,0.0,0.5124093086316787,0.11825332823371645,1.0,0.5050271421053641
345.0,0.001405608973441691,14.279991314597627,111.80697263614454,44.90594215625134,8.208844268506374,7.347046246687886,7.032712706621142,1.2682035940961727,301.49017500943694,-0.03387607074612689,-0.07993891744773128,-0.04606284670160439,1.0,0.07922689869987179,7.644233633894726e-12,2.3,0.007688239510012654,0.2365066564674329,0.08324435694172883,-0.0003531178390704273,0.33687928985630256,0.1300693450111355,0.11825332823371645,1.75,3219618.8164198985,0.15845379739974358,0.054989966542467024,-0.04162217847086441,-0.04162217847086441,0.04162217847086441,0.04162217847086441,-0.16648871388345765,-0.16648871388345765,0.0,0.5127332102546697,0.11825332823371645,1.0,0.5064328563060437
346.0,0.0014053990444447967,14.280248198628886,111.80515060417754,44.89651948252263,8.208033429909237,7.346485469117874,7.0328064550094656,1.268080914405311,301.4901321190187,-0.03388131303595119,-0.07993922389631833,-0.04605791086036714,1.0,0.07923068473863962,7.64459893110266e-12,2.3,0.007683114780388308,0.2365066564674329,0.08324713738111142,-0.0003527856936973711,0.3368351516609526,0.13005633012256623,0.11825332823371645,1.75,3218273.2514917334,0.15846136947727923,0.054990720544768015,-0.04162356869055571,-0.04162356869055571,0.04162356869055571,0.04162356869055571,-0.16649427476222284,-0.16649427476222284,0.0,0.513056786660952,0.11825332823371645,1.0,0.507838360314987
347.0,0.0014051896399188274,14.280497570212932,111.8033379477382,44.88712069111156,8.207225860586473,7.345926692096531,7.032899711832636,1.2679585600333698,301.4900893374395,-0.03388654311975673,-0.07993953049843967,-0.04605298737868294,1.0,0.07923447007784022,7.644964160812618e-12,2.3,0.007678021130911813,0.2365066564674329,0.08324991984235168,-0.0003524540961873535,0.33679112376345494,0.13004334761837077,0.11825332823371645,1.75,3216929.96422729,0.15846894015568044,0.05499145233991358,-0.04162495992117584,-0.04162495992117584,0.04162495992117584,0.04162495992117584,-0.16649983968470336,-0.16649983968470336,0.0,0.513380034628732,0.11825332823371645,1.0,0.5092436546571688
348.0,0.001404980758855476,14.280739510560593,111.80153459577339,44.87774573658828,8.206421542036363,7.34536990470767,7.032992479783711,1.2678365302401398,301.49004666448025,-0.0338917610149925,-0.07993983724401338,-0.04604807622902088,1.0,0.07923825464116233,7.645329315661679e-12,2.3,0.00767295835041331,0.2365066564674329,0.08325270421512794,-0.0003521230483706798,0.33674720594223867,0.13003039742782443,0.11825332823371645,1.75,3215588.9641086217,0.15847650928232465,0.05499216217055669,-0.04162635210756397,-0.04162635210756397,0.04162635210756397,0.04162635210756397,-0.16650540843025588,-0.16650540843025588,0.0,0.5137029509818444,0.11825332823371645,1.0,0.510648739856556
349.0,0.0014047724002463154,14.280974100347896,111.79974047766736,44.86839457348507,8.205620455873236,7.344815096106155,7.0330847615435,1.267714824286177,301.49000409992186,-0.03389696673916292,-0.07994014412303616,-0.046043177383873236,1.0,0.07924203835286342,7.645694388341805e-12,2.3,0.007667926229145699,0.2365066564674329,0.08325549039012466,-0.00035179255204958424,0.3367033979755081,0.13001747948025288,0.11825332823371645,1.75,3214250.260476203,0.15848407670572684,0.054992850277645736,-0.04162774519506233,-0.04162774519506233,0.04162774519506233,0.04162774519506233,-0.1665109807802493,-0.1665109807802493,0.0,0.5140255325719966,0.11825332823371645,1.0,0.5120536164361069
350.0,0.001404564563082747,14.281201419347353,111.79795552355061,44.859067156323285,8.204822583909468,7.34426225557643,7.0331765597720395,1.2675934414333028,301.489961643545,-0.0339021603098139,-0.07994045112563285,-0.04603829081581895,1.0,0.07924582113801432,7.646059371623428e-12,2.3,0.007662924559325698,0.2365066564674329,0.08325827825990346,-0.0003514626089798839,0.3366596996419487,0.1300045937051905,0.11825332823371645,1.75,3212913.862459173,0.15849164227602863,0.054993516899339345,-0.04162913912995173,-0.04162913912995173,0.04162913912995173,0.04162913912995173,-0.16651655651980693,-0.16651655651980693,0.0,0.5143477762957268,0.11825332823371645,1.0,0.5134582849177715
351.0,0.0014043572463560807,14.281421546805477,111.79617966398386,44.84976343958855,8.204027908070552,7.343711372471938,7.033267877117289,1.2674723809441046,301.4899192951305,-0.0339073417445456,-0.07994075824200579,-0.04603341649746019,1.0,0.07924960292225053,7.646424258331465e-12,2.3,0.007657953134564955,0.2365066564674329,0.08326106771800575,-0.0003511332208901015,0.3366161107200335,0.12999174003222227,0.11825332823371645,1.75,3211579.7790482114,0.15849920584450106,0.05499416227212446,-0.04163053385900287,-0.04163053385900287,0.04163053385900287,0.04163053385900287,-0.1665221354360115,-0.1665221354360115,0.0,0.5146696790770011,0.11825332823371645,1.0,0.5148627458224909
352.0,0.0014041504490575009,14.281634561080345,111.79441283026134,44.84048337775861,8.203236410475114,7.343162436272053,7.033358716206693,1.267351642082439,301.4898770544595,-0.033912511060997824,-0.07994106546248342,-0.046028554401485594,1.0,0.07925338363201767,7.646789041368997e-12,2.3,0.007653011750404639,0.2365066564674329,0.08326385865979821,-0.00035080438946371125,0.3365726309887072,0.12997891839114203,0.11825332823371645,1.75,3210248.0190272196,0.15850676726403534,0.05499478662974956,-0.041631929329899106,-0.041631929329899106,0.041631929329899106,0.041631929329899106,-0.16652771731959642,-0.16652771731959642,0.0,0.514991237883843,0.11825332823371645,1.0,0.5162669996701977
353.0,0.0014039441701781787,14.281840540012727,111.79265495410064,44.831226925277655,8.202448073352098,7.342615436523366,7.0334490796558775,1.2672312241129267,301.48983492131254,-0.033917668276863364,-0.07994137277747053,-0.046023704500607165,1.0,0.07925716319431994,7.647153713693e-12,2.3,0.007648100203748761,0.2365066564674329,0.08326665098160554,-0.0003504761163575856,0.33652926022672114,0.1299661287117946,0.11825332823371645,1.75,3208918.591044729,0.15851432638863988,0.05499539020432369,-0.04163332549080277,-0.04163332549080277,0.04163332549080277,0.04163332549080277,-0.1665333019632111,-0.1665333019632111,0.0,0.515312449711259,0.11825332823371645,1.0,0.5176710469798156
354.0,0.0014037384087092044,14.28203956056977,111.79090596794056,44.821994036584954,8.20166287911883,7.3420703628949395,7.033538970060252,1.2671111263014605,301.48979289547066,-0.033922813409872896,-0.07994168017749605,-0.04601886676762315,1.0,0.07926094153696743,7.647518268338206e-12,2.3,0.007643218293394772,0.2365066564674329,0.08326944458152911,-0.0003501484031848525,0.3364859982132995,0.12995337092423345,0.11825332823371645,1.75,3207591.5035469546,0.15852188307393486,0.0549959732252677,-0.04163472229076456,-0.04163472229076456,0.04163472229076456,0.04163472229076456,-0.16653888916305823,-0.16653888916305823,0.0,0.5156333115975554,0.11825332823371645,1.0,0.5190748882692593
355.0,0.0014035331636416738,14.282231699209824,111.78916580463616,44.812784666088156,8.200880810300212,7.341527205121014,7.03362839000349,1.2669913479147004,301.4897509767148,-0.033927946477808946,-0.07994198765316417,-0.04601404117535522,1.0,0.07926471858832553,7.647882698392927e-12,2.3,0.007638365819480887,0.2365066564674329,0.08327223935860072,-0.0003498212515328038,0.33644284472748026,0.1299406449585635,0.11825332823371645,1.75,3206266.7648477177,0.15852943717665105,0.0549965359203944,-0.04163611967930036,-0.04163611967930036,0.04163611967930036,0.04163611967930036,-0.16654447871720143,-0.16654447871720143,0.0,0.5159538206075955,0.11825332823371645,1.0,0.5204785240554347
356.0,0.0014033284339666887,14.282417031532239,111.78743439775182,44.80359876819301,8.200101849604973,7.340985953055069,7.0337173420493775,1.2668718882205776,301.48970916482597,-0.03393306749849019,-0.0799422951952012,-0.04600922769671101,1.0,0.07926849427755983,7.64824699702268e-12,2.3,0.00763354258400175,0.2365066564674329,0.08327503521358309,-0.0003494946629462155,0.3363997995487847,0.1299279507450978,0.11825332823371645,1.75,3204944.383062941,0.15853698855511966,0.054997078514877784,-0.041637517606791546,-0.041637517606791546,0.041637517606791546,0.041637517606791546,-0.16655007042716619,-0.16655007042716619,0.0,0.5162739738487873,0.11825332823371645,1.0,0.5218819548542389
357.0,0.0014031242186753835,14.282595632635934,111.7857116812613,44.794436297275546,8.199325979846773,7.340446596613944,7.033805828750134,1.266752746487793,301.4896674595852,-0.03393817648978597,-0.07994260279440765,-0.04600442630462168,1.0,0.07927226853438638,7.648611157446094e-12,2.3,0.007628748390266254,0.2365066564674329,0.08327783204814583,-0.0003491686389447241,0.33635686245654994,0.12991528821420148,0.11825332823371645,1.75,3203624.3661790686,0.15854453706877275,0.054997601232314515,-0.041638916024072915,-0.041638916024072915,0.041638916024072915,0.041638916024072915,-0.16655566409629166,-0.16655566409629166,0.0,0.5165937684546785,0.11825332823371645,1.0,0.52328518118056
358.0,0.0014029205167589544,14.282767576775175,111.78399758983583,44.785297207712745,8.19855318401867,7.339909125830525,7.033893852638378,1.2666339219863207,301.4896258607736,-0.0339432734696001,-0.07994291044170425,-0.04599963697210415,1.0,0.07927604128931628,7.648975172958515e-12,2.3,0.007623983043405411,0.2365066564674329,0.08328062976564392,-0.0003488431810066582,0.33631403323060916,0.12990265729644748,0.11825332823371645,1.75,3202306.721988947,0.15855208257863257,0.054998104293710756,-0.04164031488282196,-0.04164031488282196,0.04164031488282196,0.04164031488282196,-0.16656125953128784,-0.16656125953128784,0.0,0.5169132016006266,0.11825332823371645,1.0,0.5246882035482772
359.0,0.0014027173272086607,14.282932937712038,111.78229205854923,44.776181453853745,8.197783445216102,7.339373530799304,7.033981416235322,1.2665154139869064,301.4895843681723,-0.03394835845588589,-0.0799432181280847,-0.045994859672198816,1.0,0.07927981247340614,7.64933903690791e-12,2.3,0.007619246349839052,0.2365066564674329,0.08328342827031572,-0.0003485182905858792,0.3362713116506064,0.12989005792246097,0.11825332823371645,1.75,3200991.458158808,0.15855962494681228,0.054998587918525396,-0.04164171413515786,-0.04164171413515786,0.04164171413515786,0.04164171413515786,-0.16656685654063144,-0.16656685654063144,0.0,0.5172322704877164,0.11825332823371645,1.0,0.526091022470261
360.0,0.001402514649015893,14.283091788378053,111.78059502316123,44.767088990051334,8.197016746709629,7.338839801727738,7.034068522042857,1.266397221761571,301.4895429815627,-0.03395343146662956,-0.07994352584466119,-0.04599009437803163,1.0,0.07928358201850182,7.649702742718409e-12,2.3,0.0076145381177755034,0.2365066564674329,0.08328622746804117,-0.0003481939690961053,0.33622869749669604,0.12987749002307472,0.11825332823371645,1.75,3199678.5821654876,0.15856716403700363,0.05499905232367411,-0.04164311373402058,-0.04164311373402058,0.04164311373402058,0.04164311373402058,-0.16657245493608233,-0.16657245493608233,0.0,0.5175509723581231,0.11825332823371645,1.0,0.5274936384583733
361.0,0.00140231248117213,14.283244201220674,111.77890641982745,44.758019770632394,8.196253071869737,7.338307928883225,7.034155172551636,1.2662793445831084,301.48950170072584,-0.03395849251986562,-0.07994383358261768,-0.04598534106275206,1.0,0.07928734985698951,7.650066283866269e-12,2.3,0.007609858156686946,0.2365066564674329,0.0832890272655613,-0.00034787021792723373,0.3361861905488449,0.12986495352917393,0.11825332823371645,1.75,3198368.101362029,0.15857469971397903,0.05499949772455476,-0.04164451363278065,-0.04164451363278065,0.04164451363278065,0.04164451363278065,-0.1665780545311226,-0.1665780545311226,0.0,0.5178693044793414,0.11825332823371645,1.0,0.5288960520234672
362.0,0.0014021108226690338,14.283390247870674,111.777226185378,44.74897374993005,8.195492404237879,7.337777902643138,7.0342413702332625,1.266161781725591,301.48946052544335,-0.033963541633660006,-0.07994414133325468,-0.04598059969959468,1.0,0.079291115922039,7.650429653903352e-12,2.3,0.0076052062778009955,0.2365066564674329,0.0832918275712153,-0.000347547038430151,0.3361437905875426,0.1298524483718508,0.11825332823371645,1.75,3197060.0229161913,0.158582231844078,0.054999924334068334,-0.04164591378560765,-0.04164591378560765,0.04164591378560765,0.04164591378560765,-0.1665836551424306,-0.1665836551424306,0.0,0.5181872641592513,0.11825332823371645,1.0,0.5302982636753878
363.0,0.0014019096724983888,14.283529999482722,111.77555425703237,44.73995088225329,8.194734727453051,7.337249713443173,7.034327117548257,1.2660445324638654,301.48941945549666,-0.03396857882612578,-0.07994444908794356,-0.04597587026181778,1.0,0.07929488014735489,7.650792846433132e-12,2.3,0.0076005822935848386,0.2365066564674329,0.0832946282941821,-0.00034722443193254267,0.3361014973930918,0.12983997448225051,0.11825332823371645,1.75,3195754.3538746852,0.15858976029470978,0.055000332363626746,-0.04164731414709105,-0.04164731414709105,0.04164731414709105,0.04164731414709105,-0.1665892565883642,-0.1665892565883642,0.0,0.5185048487306549,0.11825332823371645,1.0,0.5317002739229715
364.0,0.0014017090296522179,14.283663526408455,111.77389057267331,44.73095112191995,8.193980025321226,7.336723351826149,7.034412416938366,1.2659275960740592,301.48937849066726,-0.033973604115405835,-0.07994475683817025,-0.04597115272276441,1.0,0.07929864246741905,7.651155855134064e-12,2.3,0.007595986018228923,0.2365066564674329,0.08329742934519768,-0.0003469023997241722,0.33605931074631673,0.12982753179172454,0.11825332823371645,1.75,3194451.1011029794,0.1585972849348381,0.05500072202219054,-0.04164871467259884,-0.04164871467259884,0.04164871467259884,0.04164871467259884,-0.16659485869039536,-0.16659485869039536,0.0,0.5188220555660449,0.11825332823371645,1.0,0.5331020832740467
365.0,0.0014015088931226966,14.283790898531246,111.77223507056655,44.72197442322548,8.193228281743604,7.336198808391634,7.034497270834408,1.2658109718330766,301.4893376307369,-0.033978617519689204,-0.0799450645754905,-0.045966447055801295,1.0,0.07930240281724293,7.651518673735709e-12,2.3,0.007591417267139394,0.2365066564674329,0.08330023063581579,-0.00034658094307221036,0.3360172304278729,0.12981512023167757,0.11825332823371645,1.75,3193150.2713481863,0.15860480563448587,0.05500109351725928,-0.041650115317907896,-0.041650115317907896,0.041650115317907896,0.041650115317907896,-0.16660046127163158,-0.16660046127163158,0.0,0.519138882062445,0.11825332823371645,1.0,0.5345036922354341
366.0,0.0014013092619022866,14.283912184944846,111.77058768962992,44.71302074047665,8.19247948078449,7.335676073843561,7.034581681648694,1.2656946590191056,301.4892968754873,-0.03398361905719321,-0.07994537229157281,-0.0459617532343796,1.0,0.07930616113260867,7.651881296041984e-12,2.3,0.007586875857414179,0.2365066564674329,0.08330303207910766,-0.00034626006320695327,0.33597525621893576,0.1298027397337201,0.11825332823371645,1.75,3191851.8711801213,0.15861232226521735,0.055001447053925664,-0.04165151603955383,-0.04165151603955383,0.04165151603955383,0.04165151603955383,-0.16660606415821533,-0.16660606415821533,0.0,0.51945532565589,0.11825332823371645,1.0,0.5359051013129467
367.0,0.0014011101349836299,14.28402745428245,111.768948369158,44.704090027959545,8.191733606601188,7.335155138941105,7.03466565178276,1.265578656911112,301.48925622470034,-0.03398860874618023,-0.07994567997815442,-0.04595707123197419,1.0,0.07930991734982237,7.652243715907362e-12,2.3,0.007582361607343507,0.2365066564674329,0.08330583358894153,-0.0003459397613366899,0.33593338790051724,0.1297903902295161,0.11825332823371645,1.75,3190555.9070528797,0.15861983469964475,0.05500178283584895,-0.041652916794470765,-0.041652916794470765,0.041652916794470765,0.041652916794470765,-0.16661166717788306,-0.16661166717788306,0.0,0.5197713838065627,0.11825332823371645,1.0,0.5373063110113896
368.0,0.001400911511359712,14.284136774400846,111.76731704908667,44.69518223997399,8.19099064351036,7.334635994545147,7.034749183619896,1.2654629647893492,301.4892156781579,-0.03399358660493949,-0.07994598762708353,-0.04595240102214405,1.0,0.079313671405954,7.652605927260019e-12,2.3,0.007577874336878562,0.2365066564674329,0.08330863508066433,-0.00034562003863384844,0.3358916252541546,0.12977807165093455,0.11825332823371645,1.75,3189262.3852471407,0.158627342811908,0.05500210106432522,-0.041654317540332164,-0.041654317540332164,0.041654317540332164,0.041654317540332164,-0.16661727016132866,-0.16661727016132866,0.0,0.5200870540129855,0.11825332823371645,1.0,0.5387073218345613
369.0,0.001400713390023728,14.284240212703825,111.76569366972218,44.68629733080075,8.190250575919505,7.334118631570354,7.034832279532768,1.26534758193485,301.4891752356421,-0.03399855265180424,-0.07994629523027601,-0.04594774257847177,1.0,0.07931742323859195,7.65296792407815e-12,2.3,0.007573413867140085,0.2365066564674329,0.0833114364704002,-0.0003453008962494142,0.3358499680612273,0.1297657839298981,0.11825332823371645,1.75,3187971.3119304264,0.1586348464771839,0.055002401939244,-0.0416557182352001,-0.0416557182352001,0.0416557182352001,0.0416557182352001,-0.1666228729408004,-0.1666228729408004,0.0,0.5204023337974557,0.11825332823371645,1.0,0.540108134285253
370.0,0.0014005157699692435,14.284337835831739,111.76407817200153,44.67743525473669,8.189513388391845,7.333603041030526,7.034914941876059,1.2652325076299389,301.4891348969353,-0.03400350690513314,-0.0799466027797569,-0.045943095874623766,1.0,0.07932117278608147,7.653329700412978e-12,2.3,0.007568980020879416,0.2365066564674329,0.08331423767571389,-0.00034498233529949555,0.3358084161036422,0.12975352699853393,0.11825332823371645,1.75,3186682.693100639,0.15864234557216295,0.055002685658174365,-0.041657118837856943,-0.041657118837856943,0.041657118837856943,0.041657118837856943,-0.16662847535142777,-0.16662847535142777,0.0,0.5207172207199537,0.11825332823371645,1.0,0.5415087488652495
371.0,0.00140031865019008,14.284429709979438,111.76247049722593,44.66859596606125,8.188779065579359,7.333089213991854,7.034997172993967,1.2651177411577208,301.4890946618196,-0.0340084493833278,-0.07994691026761787,-0.045938460884290065,1.0,0.07932491998728038,7.653691250365173e-12,2.3,0.007564572621995404,0.2365066564674329,0.08331703861492816,-0.0003446643568793014,0.33576696916315596,0.1297413007890229,0.11825332823371645,1.75,3185396.5346450587,0.15864983997456075,0.05500295241730528,-0.04165851930746408,-0.04165851930746408,0.04165851930746408,0.04165851930746408,-0.16663407722985632,-0.16663407722985632,0.0,0.521031712363863,0.11825332823371645,1.0,0.5429091660753291
372.0,0.0014001220296804757,14.284515900591066,111.7608705873168,44.65977941907218,8.188047592286233,7.332577141617172,7.035078975212966,1.2650032818025951,301.4890545300776,-0.034013380104813945,-0.079947217686058,-0.04593383758124406,1.0,0.07932866478179622,7.654052568107757e-12,2.3,0.007560191495987946,0.2365066564674329,0.0833198392077698,-0.0003443469620501147,0.3357256270220584,0.12972910523374961,0.11825332823371645,1.75,3184112.8422850473,0.15865732956359244,0.055003202410547146,-0.0416599196038849,-0.0416599196038849,0.0416599196038849,0.0416599196038849,-0.1666396784155396,-0.1666396784155396,0.0,0.5213458063496076,0.11825332823371645,1.0,0.5443093864152644
373.0,0.0013999259074349486,14.284596472672611,111.75927838455395,44.65098556805142,8.187318953403391,7.332066815120369,7.035160350849192,1.2648891288497446,301.4890145014918,-0.0340182990880592,-0.07994752502734204,-0.045929225939282836,1.0,0.07933240710974321,7.654413647862624e-12,2.3,0.007555836469482328,0.2365066564674329,0.08332263937470517,-0.0003440301518528434,0.3356843894624931,0.1297169402651527,0.11825332823371645,1.75,3182831.6216338286,0.15866481421948642,0.05500343583045608,-0.04166131968735259,-0.04166131968735259,0.04166131968735259,0.04166131968735259,-0.16664527874941035,-0.16664527874941035,0.0,0.5216595003206492,0.11825332823371645,1.0,0.5457094103838221
374.0,0.0013997302824484692,14.284671490491885,111.75769383182687,44.642214367301406,8.186593133970556,7.331558225809582,7.035241302201305,1.2647752815856503,301.48897457584496,-0.03402320635155389,-0.07994783228384034,-0.045924625932286446,1.0,0.07933614691197773,7.654774483923283e-12,2.3,0.007551507370676109,0.2365066564674329,0.08332543903756913,-0.00034371392729538533,0.335643256267135,0.12970480581587385,0.11825332823371645,1.75,3181552.878142336,0.15867229382395545,0.05500365286735062,-0.041662719518784565,-0.041662719518784565,0.041662719518784565,0.041662719518784565,-0.16665087807513826,-0.16665087807513826,0.0,0.5219727919568597,0.11825332823371645,1.0,0.5471092384787638
375.0,0.0013995351537163109,14.284741017885777,111.75611687237749,44.63346577111026,8.185870119112222,7.331051365042681,7.03532183155777,1.2646617392975783,301.48893475292,-0.03402810191382935,-0.07994813944798784,-0.04592003753415849,1.0,0.07933988412985725,7.655135070631594e-12,2.3,0.007547204028871141,0.2365066564674329,0.0833282381189174,-0.00034339828936577973,0.3356022272185225,0.12969270181860842,0.11825332823371645,1.75,3180276.617155783,0.1586797682597145,0.055003853710220346,-0.0416641190594587,-0.0416641190594587,0.0416641190594587,0.0416641190594587,-0.1666564762378348,-0.1666564762378348,0.0,0.5222856789607929,0.11825332823371645,1.0,0.5485088711968462
376.0,0.0013993405202342658,14.284805117965334,111.75454745004748,44.62473973378877,8.185149894098396,7.330546224269481,7.03540194118982,1.2645485012740962,301.4888950324997,-0.03403298579343821,-0.07994844651232348,-0.04591546071888527,1.0,0.07934361870547374,7.65549540240028e-12,2.3,0.0075429262749130395,0.2365066564674329,0.08333103654264035,-0.00034308323901994137,0.3355613020997296,0.12968062820625445,0.11825332823371645,1.75,3179002.843860666,0.15868723741094748,0.05500403854585756,-0.04166551827132017,-0.04166551827132017,0.04166551827132017,0.04166551827132017,-0.1666620730852807,-0.1666620730852807,0.0,0.5225981590707888,0.11825332823371645,1.0,0.5499083090338215
377.0,0.001399146380998434,14.284863853417779,111.75298550902504,44.61603620963489,8.18443244428197,7.3300427949882945,7.0354816333586365,1.2644355668045586,301.48885541436744,-0.0340378580089732,-0.07994875346944977,-0.04591089546047657,1.0,0.0793473505814139,7.655855473689796e-12,2.3,0.007538673940730741,0.2365066564674329,0.08333383423333182,-0.00034276877719441296,0.3355204806936977,0.12966858491176372,0.11825332823371645,1.75,3177731.56334013,0.1586947011628278,0.05500420755975026,-0.04166691711666591,-0.04166691711666591,0.04166691711666591,0.04166691711666591,-0.16666766846666364,-0.16666766846666364,0.0,0.5229102300475191,0.11825332823371645,1.0,0.5513075524844379
378.0,0.001398952735005471,14.284917286216624,111.75143099408808,44.607355152971316,8.183717755158126,7.329541068787109,7.035560910308409,1.2643229351796257,301.4888158983064,-0.03404271857904704,-0.07994906031207147,-0.04590634173302443,1.0,0.07935107970099155,7.65621527903076e-12,2.3,0.007534446859769523,0.2365066564674329,0.08333663111688613,-0.0003424549047944819,0.33547976278390823,0.12965657186828974,0.11825332823371645,1.75,3176462.7805220913,0.1587021594019831,0.05500436093522868,-0.04166831555844307,-0.04166831555844307,0.04166831555844307,0.04166831555844307,-0.16667326223377227,-0.16667326223377227,0.0,0.5232218896868319,0.11825332823371645,1.0,0.5527066020424398
379.0,0.0013987595812523818,14.284965477918542,111.7498838503554,44.59869651810932,8.18300581230311,7.329041037301223,7.0356397742734185,1.264210605690747,301.48877648409996,-0.03404756752231154,-0.07994936703295592,-0.04590179951064438,1.0,0.07935480600800918,7.656574813000936e-12,2.3,0.007530244866537271,0.2365066564674329,0.0833394271198848,-0.00034214162270653387,0.3354391481537119,0.12964458900903988,0.11825332823371645,1.75,3175196.500233435,0.15870961201601835,0.05500449885434295,-0.0416697135599424,-0.0416697135599424,0.0416697135599424,0.0416697135599424,-0.1666788542397696,-0.1666788542397696,0.0,0.5235331358065638,0.11825332823371645,1.0,0.5541054582005688
380.0,0.0013985669187367546,14.28500848937843,111.74834402352566,44.590060259386966,8.182296601432363,7.328542692253443,7.035718227471184,1.2640985776306803,301.4887371715319,-0.03405240485743732,-0.07994967362497112,-0.0458972687675338,1.0,0.07935852944698836,7.656934070247472e-12,2.3,0.0075260677970312995,0.2365066564674329,0.083342222170177,-0.0003418289317865309,0.33539863658700164,0.12963263626742255,0.11825332823371645,1.75,3173932.7271492407,0.15871705889397672,0.05500462149702417,-0.0416711110850885,-0.0416711110850885,0.0416711110850885,0.0416711110850885,-0.166684444340354,-0.166684444340354,0.0,0.5238439662591265,0.11825332823371645,1.0,0.5555041214505634
381.0,0.0013983747464565571,14.285046381041196,111.74681145963272,44.58144633113228,8.181590108340595,7.328046025412706,7.035796272109456,1.2639868502929763,301.4886979603857,-0.03405723060313311,-0.0799499800810466,-0.0458927494779135,1.0,0.07936224996293342,7.65729304546409e-12,2.3,0.007521915488291469,0.2365066564674329,0.08334501619628261,-0.0003415168328719995,0.3353582278675479,0.12962071357689986,0.11825332823371645,1.75,3172671.46584582,0.15872449992586685,0.05500472904194691,-0.041672508098141305,-0.041672508098141305,0.041672508098141305,0.041672508098141305,-0.16669003239256522,-0.16669003239256522,0.0,0.5241543789185842,0.11825332823371645,1.0,0.5569025922831601
382.0,0.0013981830634103689,14.285079212661724,111.7452861052808,44.57285468770204,8.180886318958724,7.327551028633388,7.0358739103794585,1.2638754229724969,301.4886588504455,-0.0340620447781252,-0.07995028639421085,-0.04588824161608565,1.0,0.07936596750155964,7.657651733413109e-12,2.3,0.007517787778820574,0.2365066564674329,0.08334780912795776,-0.0003412053267708444,0.33531792177966707,0.129608820871134,0.11825332823371645,1.75,3171412.7207510434,0.15873193500311927,0.05500482166570479,-0.04167390456397888,-0.04167390456397888,0.04167390456397888,0.04167390456397888,-0.16669561825591553,-0.16669561825591553,0.0,0.5244643716929841,0.11825332823371645,1.0,0.5583008711880936
383.0,0.0013979918685971704,14.285107043591658,111.7437679074036,44.56428528344434,8.180185219295199,7.327057693814855,7.035951144462779,1.2637642949648993,301.4886198414954,-0.034066847401177165,-0.079950592557553,-0.04588374515637584,1.0,0.07936968200905897,7.658010128902845e-12,2.3,0.007513684508144301,0.2365066564674329,0.0833506008956133,-0.00034089441427298224,0.33527771810755186,0.1295969580838412,0.11825332823371645,1.75,3170156.496196223,0.15873936401811795,0.05500489954365807,-0.04167530044780665,-0.04167530044780665,0.04167530044780665,0.04167530044780665,-0.1667012017912266,-0.1667012017912266,0.0,0.5247739425116976,0.11825332823371645,1.0,0.5596989586540974
384.0,0.001397801161016607,14.285129932504171,111.7422568134959,44.55573807273798,8.179486795491771,7.326566012939899,7.03602797652471,1.2636534655671545,301.48858093331955,-0.03407163849106881,-0.07995089856425956,-0.04587926007319075,1.0,0.07937339343232609,7.65836822680941e-12,2.3,0.007509605517225404,0.2365066564674329,0.0833533914308663,-0.0003405840961394867,0.3352376166359498,0.12958512514893694,0.11825332823371645,1.75,3168902.7963675326,0.15874678686465218,0.055004962849123255,-0.04167669571543315,-0.04167669571543315,0.04167669571543315,0.04167669571543315,-0.1667067828617326,-0.1667067828617326,0.0,0.5250830893374949,0.11825332823371645,1.0,0.5610968551689043
385.0,0.0013976109396687366,14.285147937675832,111.74075277137646,44.54721300995438,8.178791033766053,7.326075978035215,7.0361044087210365,1.2635429340770317,301.4885421257024,-0.03407641806661636,-0.07995120440757661,-0.04587478634096025,1.0,0.07937710171872636,7.658726022054335e-12,2.3,0.007505550648030408,0.2365066564674329,0.0833561806659723,-0.0003402743731138784,0.33519761714948343,0.12957332200039037,0.11825332823371645,1.75,3167651.62535676,0.15875420343745272,0.05500501175420619,-0.04167809033298615,-0.04167809033298615,0.04167809033298615,0.04167809033298615,-0.1667123613319446,-0.1667123613319446,0.0,0.5253918101541456,0.11825332823371645,1.0,0.5624945612192469
386.0,0.0013974212035543082,14.285161116716054,111.73925572941555,44.538710049497425,8.17809792046611,7.325587581208945,7.036180443191475,1.26343269979362,301.4885034184287,-0.0340811861466512,-0.07995151008084599,-0.04587032393419479,1.0,0.07938080681631972,7.659083509626167e-12,2.3,0.007501519743937373,0.2365066564674329,0.08335896853436332,-0.0003399652459115907,0.3351577194333358,0.1295615485723691,0.11825332823371645,1.75,3166402.9871137408,0.15876161363263944,0.0550050464290054,-0.04167948426718166,-0.04167948426718166,0.04167948426718166,0.04167948426718166,-0.16671793706872665,-0.16671793706872665,0.0,0.5257001029782564,0.11825332823371645,1.0,0.5638920772908584
387.0,0.001397231951674527,14.285169526844237,111.73776563630241,44.53022914576505,8.177407442014273,7.325100814612119,7.03625608206637,1.2633227620168057,301.48846481128294,-0.034085942750040094,-0.07995181557746828,-0.045865872827428184,1.0,0.07938450867363037,7.659440684558247e-12,2.3,0.007497512649309382,0.2365066564674329,0.08336175497009568,-0.0003396567152309197,0.3351179232725713,0.1295498047990947,0.11825332823371645,1.75,3165156.8854961027,0.15876901734726073,0.055005067042431126,-0.04168087748504784,-0.04168087748504784,0.04168087748504784,0.04168087748504784,-0.16672350994019136,-0.16672350994019136,0.0,0.5260079658471022,0.11825332823371645,1.0,0.5652894038684728
388.0,0.0013970431830313075,14.285173224623778,111.73628244126854,44.52177025318942,8.176719584960578,7.324615670475312,7.036331327460214,1.2632131200477987,301.4884263040504,-0.03409068789566388,-0.0799521208909382,-0.04586143299527432,1.0,0.07938820723986877,7.659797541950126e-12,2.3,0.007493529209896266,0.2365066564674329,0.0833645399083728,-0.0003393487817428104,0.33507822845281604,0.1295380906149861,0.11825332823371645,1.75,3163913.324222664,0.15877641447973753,0.05500507376142205,-0.0416822699541864,-0.0416822699541864,0.0416822699541864,0.0416822699541864,-0.1667290798167456,-0.1667290798167456,0.0,0.5263153968302371,0.11825332823371645,1.0,0.5666865414358258
389.0,0.0013968548966270394,14.285172266234454,111.73480609385895,44.513333326197944,8.176034335927733,7.32413214107095,7.036406181478255,1.263103773188611,301.4883878965159,-0.03409542160243792,-0.0799524260148082,-0.045857004412370284,1.0,0.07939190246470383,7.660154076945597e-12,2.3,0.007489569272414511,0.2365066564674329,0.08336732328500783,-0.0003390414461014772,0.3350386347595767,0.12952640595451603,0.11825332823371645,1.75,3162672.306922095,0.15878380492940766,0.05500506675175025,-0.041683661642503915,-0.041683661642503915,0.041683661642503915,0.041683661642503915,-0.16673464657001566,-0.16673464657001566,0.0,0.5266223940175762,0.11825332823371645,1.0,0.5680834904756549
390.0,0.0013966670914648594,14.285166707211037,111.73333654415201,44.50491831925406,8.17535168166351,7.323650218749203,7.036480646210112,1.2629947207425805,301.4883495884651,-0.0341001438892905,-0.07995273094272336,-0.045852587053432856,1.0,0.07939559429848206,7.66051028475382e-12,2.3,0.007485632684942898,0.2365066564674329,0.08337010503693336,-0.0003387347089344873,0.3349991419789255,0.12951475075235383,0.11825332823371645,1.75,3161433.837087367,0.15879118859696412,0.055005046177251396,-0.04168505251846668,-0.04168505251846668,0.04168505251846668,0.04168505251846668,-0.16674021007386672,-0.16674021007386672,0.0,0.5269289555307578,0.11825332823371645,1.0,0.5694802514697008
391.0,0.0013964797665483948,14.285156602711018,111.73187374253452,44.49652518681769,8.174671608986822,7.3231698959010965,7.036554723736283,1.2628859620138484,301.48831137968347,-0.03410485477518361,-0.07995303566838557,-0.045848180893201966,1.0,0.07939928269200221,7.660866160627602e-12,2.3,0.007481719296509024,0.2365066564674329,0.08337288510167708,-0.00033842857085307785,0.33495974989682425,0.12950312494322255,0.11825332823371645,1.75,3160197.9181233575,0.15879856538400441,0.05500501220061593,-0.04168644255083854,-0.04168644255083854,0.04168644255083854,0.04168644255083854,-0.16674577020335415,-0.16674577020335415,0.0,0.5272350795114699,0.11825332823371645,1.0,0.5708768248987075
392.0,0.0013962929208820698,14.28514200725765,111.73041763991762,44.48815388338643,8.173994104839046,7.322691164993625,7.036628416121851,1.2627774963078875,301.4882732699566,-0.034109554279091035,-0.07995334018558778,-0.045843785906496744,1.0,0.07940296759673236,7.661221699884321e-12,2.3,0.007477828957478808,0.2365066564674329,0.08337566341785957,-0.00033812303244252394,0.3349204582998006,0.1294915284620408,0.11825332823371645,1.75,3158964.5533022466,0.15880593519346473,0.05500496498263223,-0.041687831708929785,-0.041687831708929785,0.041687831708929785,0.041687831708929785,-0.16675132683571914,-0.16675132683571914,0.0,0.527540764132589,0.11825332823371645,1.0,0.5722732112424227
393.0,0.001396106553470794,14.285122975003157,111.7289681875159,44.47980436345564,8.173319156231239,7.3222140185337,7.036701725422903,1.2626693229309747,301.4882352590705,-0.03411424242001939,-0.07995364448817893,-0.04583940206815954,1.0,0.07940664896458643,7.661576897884377e-12,2.3,0.007473961519149614,0.2365066564674329,0.08337843992468243,-0.00033781809427215414,0.33488126697427245,0.12947996124378125,0.11825332823371645,1.75,3157733.7458101492,0.15881329792917287,0.05500490468296444,-0.04168921996234121,-0.04168921996234121,0.04168921996234121,0.04168921996234121,-0.16675687984936485,-0.16675687984936485,0.0,0.5278460075867302,0.11825332823371645,1.0,0.5736694109795991
394.0,0.001395920663320316,14.285099559476121,111.72752533705952,44.47147658155993,8.1726467502944,7.321738449102485,7.0367746536803235,1.2625614411907227,301.4881973468113,-0.03411891921698604,-0.07995394857009737,-0.04583502935311133,1.0,0.07941032674813933,7.661931750051944e-12,2.3,0.007470116834133453,0.2365066564674329,0.08338121456241393,-0.00033751375688599914,0.3348421757072259,0.1294684232236107,0.11825332823371645,1.75,3156505.498703433,0.15882065349627866,0.05500483145940834,-0.041690607281206965,-0.041690607281206965,0.041690607281206965,0.041690607281206965,-0.16676242912482786,-0.16676242912482786,0.0,0.5281508080971702,0.11825332823371645,1.0,0.5750654245879947
395.0,0.0013957352494368969,14.285071813840206,111.726089040577,44.46317049223285,8.171976874227756,7.321264449320128,7.03684720292612,1.2624538503955514,301.48815953296526,-0.03412358468904039,-0.07995425242533657,-0.04583066773629618,1.0,0.07941400090040578,7.66228625185363e-12,2.3,0.007466294755956891,0.2365066564674329,0.08338398727188968,-0.0003372100208125196,0.3348031842855462,0.1294569143367501,0.11825332823371645,1.75,3155279.8149543554,0.15882800180081155,0.05500474546865589,-0.04169199363594484,-0.04169199363594484,0.04169199363594484,0.04169199363594484,-0.16676797454377937,-0.16676797454377937,0.0,0.5284551639066258,0.11825332823371645,1.0,0.5764612525443733
396.0,0.0013955503108276535,14.28503979064592,111.724659250604,44.45488605004888,8.171309515348065,7.320792011879392,7.03691937517731,1.2623465498552178,301.488121817319,-0.03412823885524145,-0.079954556047978,-0.045826317192736554,1.0,0.07941767137505253,7.66264039881896e-12,2.3,0.0074624951394381194,0.2365066564674329,0.08338675799498697,-0.0003369068865555208,0.33476429249668316,0.12944543451861396,0.11825332823371645,1.75,3154056.6974083614,0.15883534275010505,0.055004646865563986,-0.04169337899749349,-0.04169337899749349,0.04169337899749349,0.04169337899749349,-0.16677351598997395,-0.16677351598997395,0.0,0.5287590732879465,0.11825332823371645,1.0,0.5778568953245056
397.0,0.0013953658465002323,14.285003542084826,111.72323591996954,44.446623209582484,8.170644661038898,7.320321129511123,7.036991172442151,1.262239538880291,301.4880841996591,-0.03413288173467957,-0.07995485943215729,-0.045821977697477714,1.0,0.0794213381261803,7.662994186519325e-12,2.3,0.00745871784029295,0.2365066564674329,0.08338952667413713,-0.00033660435460359844,0.33472550012799257,0.12943398370467013,0.11825332823371645,1.75,3152836.1488286783,0.1588426762523606,0.05500453580390559,-0.04169476333706856,-0.04169476333706856,0.04169476333706856,0.04169476333706856,-0.16677905334827425,-0.16677905334827425,0.0,0.5290625345331341,0.11825332823371645,1.0,0.5792523534031695
398.0,0.0013951818554631735,14.284963119745614,111.72181900200133,44.43838192545065,8.169982298798981,7.319851795017165,7.037062596714114,1.2621328167826797,301.48804667977265,-0.03413751334645358,-0.07995516257209655,-0.045817649225642965,1.0,0.07942500110853332,7.663347610588205e-12,2.3,0.007454962715506505,0.2365066564674329,0.08339229325278794,-0.0003363024254213241,0.33468680696739056,0.12942256183057957,0.11825332823371645,1.75,3151618.171854574,0.15885000221706663,0.05500441243565111,-0.04169614662639397,-0.04169614662639397,0.04169614662639397,0.04169614662639397,-0.16678458650557587,-0.16678458650557587,0.0,0.529365545963808,0.11825332823371645,1.0,0.5806476272541512
399.0,0.0013949983367255643,14.284918574863976,111.72040845031562,44.43016215227153,8.16932241619251,7.319384001236605,7.037133649978033,1.2620263828751062,301.4880092574467,-0.03414213370969286,-0.07995546546207126,-0.0458133317523784,1.0,0.07942866027728336,7.663700666700337e-12,2.3,0.0074512296229451375,0.2365066564674329,0.08339505767492957,-0.0003360010994584073,0.3346482128027122,0.1294111688320566,0.11825332823371645,1.75,3150402.7690450004,0.15885732055456672,0.05500427691170677,-0.04169752883746478,-0.04169752883746478,0.04169752883746478,0.04169752883746478,-0.16679011534985913,-0.16679011534985913,0.0,0.5296681059204457,0.11825332823371645,1.0,0.5820427173502456
400.0,0.0013948152892974048,14.284869958082801,111.71900421901906,44.42196384470722,8.168665000896528,7.318917741077953,7.0372043342041515,1.2619202364716373,301.4879719324687,-0.03414674284353429,-0.07995576809644185,-0.04580902525290756,1.0,0.07943231558823749,7.664053350591747e-12,2.3,0.0074475184217224185,0.2365066564674329,0.08339781988554365,-0.0003357003771411435,0.3346097174223505,0.1293998046450073,0.11825332823371645,1.75,3149189.942837718,0.15886463117647498,0.05500412938120804,-0.041698909942771825,-0.041698909942771825,0.041698909942771825,0.041698909942771825,-0.1667956397710873,-0.1667956397710873,0.0,0.5299702127726429,0.11825332823371645,1.0,0.5834376241632571
401.0,0.00139463271218927,14.284817319697817,111.71760626250202,44.413786957422076,8.168010040652218,7.318453007486131,7.037274651354194,1.2618143768871553,301.48793470462607,-0.03415134076714451,-0.07995607046962132,-0.04580472970247681,1.0,0.07943596699762388,7.6644056580391e-12,2.3,0.007443828971817164,0.2365066564674329,0.08340057983014224,-0.00033540025888130465,0.33457132061461226,0.12938846920539124,0.11825332823371645,1.75,3147979.695592016,0.15887193399524777,0.05500396999224545,-0.04170028991507112,-0.04170028991507112,0.04170028991507112,0.04170028991507112,-0.16680115966028447,-0.16680115966028447,0.0,0.5302718649085676,0.11825332823371645,1.0,0.5848323481640004
402.0,0.0013944506044126642,14.284760709421885,111.71621453563722,44.405631445125955,8.167357523311379,7.3179897934739815,7.037344603375495,1.2617088034378898,301.48789757370685,-0.034155927499696676,-0.07995637257610617,-0.0458004450764095,1.0,0.07943961446229739,7.664757584879519e-12,2.3,0.0074401611344337,0.2365066564674329,0.08340333745520563,-0.0003351007450678436,0.334533022168382,0.12937716244935873,0.11825332823371645,1.75,3146772.0295487437,0.15887922892459477,0.055003798891170075,-0.041701668727602816,-0.041701668727602816,0.041701668727602816,0.041701668727602816,-0.16680667491041126,-0.16680667491041126,0.0,0.5305730607450052,0.11825332823371645,1.0,0.5862268898223014
403.0,0.0013942689649796864,14.28470017662644,111.71482899357629,44.39749726253196,8.16670743678867,7.3175280920899475,7.037414192206983,1.261603515440889,301.4878605394988,-0.03416050306039291,-0.07995667441044452,-0.04579617135005161,1.0,0.07944325793952824,7.665109126990209e-12,2.3,0.007436514771625874,0.2365066564674329,0.08340609270773215,-0.0003348018360755167,0.3344948218724466,0.12936588431311336,0.11825332823371645,1.75,3145566.9468720695,0.15888651587905647,0.05500361622330691,-0.041703046353866076,-0.041703046353866076,0.041703046353866076,0.041703046353866076,-0.1668121854154643,-0.1668121854154643,0.0,0.5308737987170371,0.11825332823371645,1.0,0.5876212496069976
404.0,0.0013940877929034007,14.284635770109812,111.71344959194525,44.38938436440013,8.166059769107182,7.317067896448926,7.037483419773391,1.2614985122145512,301.4878236017903,-0.034165067468440835,-0.07995697596726668,-0.04579190849882585,1.0,0.07944689738720435,7.665460280307973e-12,2.3,0.007432889746652092,0.2365066564674329,0.08340884553566595,-0.0003345035322568364,0.3344567195161712,0.12935463473304878,0.11825332823371645,1.75,3144364.4496104033,0.1588937947744087,0.0550034221322722,-0.041704422767832976,-0.041704422767832976,0.041704422767832976,0.041704422767832976,-0.1668176910713319,-0.1668176910713319,0.0,0.531174077287873,0.11825332823371645,1.0,0.5890154279859391
405.0,0.0013939070871974658,14.284567538334564,111.71207628664452,44.381292705494864,8.165414508351628,7.31660919970064,7.037552287991157,1.261393793078095,301.48778676036983,-0.03416962074307637,-0.07995727724125372,-0.04578765649817735,1.0,0.07945053276362303,7.66581104080911e-12,2.3,0.007429285923604775,0.2365066564674329,0.08341159588745782,-0.0003342058339504413,0.3344187148888405,0.12934341364561158,0.11825332823371645,1.75,3143164.539737261,0.15890106552724606,0.0550032167606746,-0.04170579794372891,-0.04170579794372891,0.04170579794372891,0.04170579794372891,-0.16682319177491564,-0.16682319177491564,0.0,0.5314738949387384,0.11825332823371645,1.0,0.5904094254259895
406.0,0.001393726846876539,14.284495529199729,111.71070903404068,44.373222240628756,8.16477164271301,7.316151995059824,7.037620798762719,1.2612893573520956,301.4877500150261,-0.034174162903539966,-0.07995757822716744,-0.04578341532362747,1.0,0.07945416402769095,7.666161404528719e-12,2.3,0.00742570316776012,0.2365066564674329,0.08341434371248149,-0.0003339087414732843,0.33438080778030443,0.12933222098743735,0.11825332823371645,1.75,3141967.219112986,0.1589083280553819,0.05500300024944403,-0.041707171856240746,-0.041707171856240746,0.041707171856240746,0.041707171856240746,-0.16682868742496298,-0.16682868742496298,0.0,0.5317732501785168,0.11825332823371645,1.0,0.5918032423930265
407.0,0.0013935470709559002,14.284419790274145,111.70934779077056,44.36517292461992,8.164131160442768,7.3156962757753075,7.037688953982327,1.2611852043579463,301.4877133655478,-0.034178693969099526,-0.07995787891981966,-0.045779184950720135,1.0,0.07945779113871776,7.666511367540777e-12,2.3,0.00742214134521349,0.2365066564674329,0.08341708896060669,-0.00033361225512875634,0.33434299798034356,0.12932105669521488,0.11825332823371645,1.75,3140772.4895248017,0.15891558227743552,0.055002772738521034,-0.041708544480303346,-0.041708544480303346,0.041708544480303346,0.041708544480303346,-0.16683417792121338,-0.16683417792121338,0.0,0.5320721415338249,0.11825332823371645,1.0,0.5931968793519428
408.0,0.001393367758451833,14.284340368572575,111.70799251392936,44.35714471233596,8.163493049896562,7.3152420351595495,7.037756755530424,1.2610813334184026,301.4876768117243,-0.03418321395902666,-0.07995817931410149,-0.045774965355074825,1.0,0.07946141405661405,7.666860925977244e-12,2.3,0.007418600323223481,0.2365066564674329,0.08341983158260456,-0.00033331637519910405,0.33430528527930553,0.12930992070582065,0.11825332823371645,1.75,3139580.352649322,0.1589228281132281,0.05500253436619701,-0.04170991579130228,-0.04170991579130228,0.04170991579130228,0.04170991579130228,-0.16683966316520912,-0.16683966316520912,0.0,0.5323705675584683,0.11825332823371645,1.0,0.5945903367666466
409.0,0.00139318890838126,14.284257310785025,111.70664316087766,44.34913755865091,8.162857299489291,7.314789266558344,7.037824205279372,1.2609777438570415,301.4876403533449,-0.034187722892619656,-0.07995847940495318,-0.045770756512333526,1.0,0.07946503274168759,7.667210076008401e-12,2.3,0.0074150799698531715,0.2365066564674329,0.08342257152973057,-0.0003330211019533184,0.33426766946746134,0.12929881295618417,0.11825332823371645,1.75,3138390.8100917106,0.15893006548337518,0.0550022852697916,-0.04171128576486528,-0.04171128576486528,0.04171128576486528,0.04171128576486528,-0.16684514305946113,-0.16684514305946113,0.0,0.5326685268237255,0.11825332823371645,1.0,0.5959836151000631
410.0,0.0013930105197621362,14.284170663056742,111.70529968942724,44.341151418489744,8.162223897738095,7.314337963379809,7.03789130508791,1.2608744349988026,301.4876039901992,-0.03419222078917957,-0.07995877918739307,-0.045766558398213496,1.0,0.07946864715483802,7.66755881386164e-12,2.3,0.0074115801543091315,0.2365066564674329,0.08342530875412171,-0.0003327264356397694,0.3342301503356598,0.12928773338342206,0.11825332823371645,1.75,3137203.863349082,0.15893729430967604,0.05500202558500438,-0.04171265437706086,-0.04171265437706086,0.04171265437706086,0.04171265437706086,-0.16685061750824343,-0.16685061750824343,0.0,0.5329660179275891,0.11825332823371645,1.0,0.5973767148141348
411.0,0.0013928325916130774,14.284080471213578,111.70396205765071,44.33318624678477,8.161592833218187,7.313888119064667,7.037958056806805,1.260771406169451,301.4875677220771,-0.03419670766803346,-0.07995907865648771,-0.04576237098845425,1.0,0.07947225725735661,7.667907135802134e-12,2.3,0.007408100746587816,0.2365066564674329,0.08342804320838788,-0.0003324323764938714,0.3341927276746796,0.12927668192470343,0.11825332823371645,1.75,3136019.513848744,0.15894451451471323,0.055001755446580605,-0.04171402160419394,-0.04171402160419394,0.04171402160419394,0.04171402160419394,-0.16685608641677577,-0.16685608641677577,0.0,0.5332630394852668,0.11825332823371645,1.0,0.5987696363698224
412.0,0.0013926551229537538,14.283986780545753,111.7026302240642,44.32524199852048,8.160964094605061,7.313439727114659,7.038024462273385,1.2606686566961183,301.4875315487686,-0.03420118354851021,-0.07995937780738041,-0.0457581942588702,1.0,0.07947586301111807,7.66825503815135e-12,2.3,0.007404641617809833,0.2365066564674329,0.08343077484599999,-0.0003321389247309303,0.3341554012758699,0.12926565851738364,0.11825332823371645,1.75,3134837.7629124136,0.15895172602223614,0.05500147498767383,-0.041715387422999996,-0.041715387422999996,0.041715387422999996,0.041715387422999996,-0.16686154969199998,-0.16686154969199998,0.0,0.5335595901382261,0.11825332823371645,1.0,0.6001623802271058
413.0,0.0013924781128044933,14.283889636029414,111.70130414744071,44.317318628689755,8.160337670631192,7.312992781063465,7.038090523317112,1.2605661859067607,301.487495470064,-0.034205648449964016,-0.07995967663526196,-0.045754028185297946,1.0,0.07947946437838227,7.668602517267924e-12,2.3,0.0074012026398712965,0.2365066564674329,0.08343350362089233,-0.00033184608055357933,0.33411817093051493,0.1292546630988707,0.11825332823371645,1.75,3133658.611793667,0.15895892875676454,0.05500118434050047,-0.041716751810446165,-0.041716751810446165,0.041716751810446165,0.041716751810446165,-0.16686700724178466,-0.16686700724178466,0.0,0.5338556685448815,0.11825332823371645,1.0,0.6015549468449849
414.0,0.0013923015601867207,14.28378908211404,111.69998378698911,44.30941609233882,8.159713550127423,7.312547274504507,7.038156241754184,1.2604639931307062,301.48745948575396,-0.03421010239175,-0.07995997513539849,-0.04574987274364849,1.0,0.07948306132198438,7.668949569565989e-12,2.3,0.007397783685773616,0.2365066564674329,0.0834362294878399,-0.00033155384414484485,0.3340810364304705,0.12924369560675752,0.11825332823371645,1.75,3132482.0616428847,0.15896612264396875,0.05500088363571307,-0.04171811474391995,-0.04171811474391995,0.04171811474391995,0.04171811474391995,-0.1668724589756798,-0.1668724589756798,0.0,0.5341512733894658,0.11825332823371645,1.0,0.6029473366814805
415.0,0.0013921254641225123,14.283685162940222,111.69866910217087,44.30153434452318,8.15909172198047,7.312103201062465,7.038221619393042,1.260362077698111,301.48742359562925,-0.03421454539324795,-0.07996027330310289,-0.04574572790985494,1.0,0.07948665380513897,7.669296191496296e-12,2.3,0.007394384629279763,0.2365066564674329,0.08343895240207058,-0.0003312622156753635,0.3340439975675308,0.12923275597868958,0.11825332823371645,1.75,3131308.113543892,0.15897330761027795,0.055000573003043764,-0.04171947620103529,-0.04171947620103529,0.04171947620103529,0.04171947620103529,-0.16687790480414116,-0.16687790480414116,0.0,0.5344464033729038,0.11825332823371645,1.0,0.6043395501936351
416.0,0.0013919498236350915,14.283577922130759,111.69736005287625,44.293673340353024,8.158472175173584,7.311660554420548,7.0382866580290395,1.260260438940503,301.4873877994809,-0.03421897747383762,-0.07996057113376209,-0.04574159365992447,1.0,0.0794902417916272,7.669642379564254e-12,2.3,0.007391005345239317,0.2365066564674329,0.08344167231963405,-0.00033097119529664995,0.334007054134065,0.12922184415249657,0.11825332823371645,1.75,3130136.7684797207,0.1589804835832544,0.055000252570688336,-0.041720836159817025,-0.041720836159817025,0.041720836159817025,0.041720836159817025,-0.1668833446392681,-0.1668833446392681,0.0,0.5347410572214907,0.11825332823371645,1.0,0.6057315878375139
417.0,0.0013917746377483222,14.283467403004666,111.69605659924382,44.28583303494863,8.157854898744834,7.3112193282925775,7.038351359449875,1.2601590761902415,301.4873520971002,-0.0342233986529228,-0.07996086862280895,-0.045737469969886146,1.0,0.07949382524560379,7.669988130311323e-12,2.3,0.007387645709249805,0.2365066564674329,0.08344438919702318,-0.0003306807831480966,0.3339702059223795,0.12921096006606028,0.11825332823371645,1.75,3128968.027368397,0.15898765049120758,0.05499992246593843,-0.04172219459851159,-0.04172219459851159,0.04172219459851159,0.04172219459851159,-0.16688877839404637,-0.16688877839404637,0.0,0.5350352336779662,0.11825332823371645,1.0,0.6071234500682056
418.0,0.0013915999054872341,14.283353648371861,111.69475870183382,44.27801338348614,8.157239881827003,7.310779516449703,7.038415725430332,1.2600579887810612,301.4873164882788,-0.034227808949906444,-0.07996116576574915,-0.0457333568158427,1.0,0.07949740413178165,7.670333440332813e-12,2.3,0.00738430559797703,0.2365066564674329,0.08344710299153375,-0.0003303909793504493,0.3339334527253567,0.12920010365744589,0.11825332823371645,1.75,3127801.891029478,0.1589948082635633,0.05499958281457633,-0.04172355149576688,-0.04172355149576688,0.04172355149576688,0.04172355149576688,-0.1668942059830675,-0.1668942059830675,0.0,0.5353289315100053,0.11825332823371645,1.0,0.6085151373398233
419.0,0.0013914256258775377,14.283236700743517,111.69346632145076,44.27021434115275,8.156627113606675,7.31034111269306,7.038479757737641,1.2599571760475288,301.4872809728082,-0.03423220838421473,-0.07996146255813351,-0.04572925417391878,1.0,0.0795009784152415,7.670678306259528e-12,2.3,0.0073809848888215955,0.2365066564674329,0.08344981366089509,-0.0003301017840125999,0.3338967943358241,0.12918927486477075,0.11825332823371645,1.75,3126638.360219057,0.159001956830483,0.05499923374149628,-0.04172490683044754,-0.04172490683044754,0.04172490683044754,0.04172490683044754,-0.16689962732179017,-0.16689962732179017,0.0,0.5356221495014777,0.11825332823371645,1.0,0.6099066501055057
420.0,0.0013912517979461027,14.283116602130255,111.69217941931363,44.262435863192565,8.156016583363375,7.309904110879954,7.038543458126292,1.2598566373255908,301.4872455504808,-0.034236596975272295,-0.07996175899558434,-0.04572516202031205,1.0,0.07950454806161393,7.671022724775323e-12,2.3,0.007377683460234149,0.2365066564674329,0.08345252116362097,-0.00032981319722525006,0.3338602305471794,0.12917847362633408,0.11825332823371645,1.75,3125477.4355970225,0.15900909612322786,0.0549988753701095,-0.04172626058181048,-0.04172626058181048,0.04172626058181048,0.04172626058181048,-0.16690504232724193,-0.16690504232724193,0.0,0.5359148864607642,0.11825332823371645,1.0,0.6112979888174175
421.0,0.0013910784207204986,14.282993394248916,111.6908979568818,44.25467790486168,8.155408280429427,7.309468504897057,7.038606828343316,1.2597563719520268,301.48721022108856,-0.03424097474252628,-0.07996205507376845,-0.04572108033124218,1.0,0.07950811303689151,7.671366692598979e-12,2.3,0.007374401191387346,0.2365066564674329,0.08345522545864949,-0.0003295252190675098,0.33382376115277,0.12916769988048768,0.11825332823371645,1.75,3124319.1177613144,0.15901622607378302,0.05499850782295498,-0.041727612729324744,-0.041727612729324744,0.041727612729324744,0.041727612729324744,-0.16691045091729897,-0.16691045091729897,0.0,0.536207141212193,0.11825332823371645,1.0,0.6126891539267508
422.0,0.0013909054932294829,14.282867118324196,111.68962189602219,44.24694042147418,8.154802194228392,7.309034288686097,7.038669870123176,1.259656379264999,301.48717498442426,-0.03424534170542144,-0.07996235078842284,-0.0457170090830014,1.0,0.07951167330760828,7.671710206501524e-12,2.3,0.007371137962486203,0.2365066564674329,0.08345792650568575,-0.0003292378496007434,0.3337873859465191,0.12915695356576404,0.11825332823371645,1.75,3123163.4072158937,0.15902334661521655,0.05499813122111462,-0.04172896325284287,-0.04172896325284287,0.04172896325284287,0.04172896325284287,-0.1669158530113715,-0.1669158530113715,0.0,0.5364989126041846,0.11825332823371645,1.0,0.6140801458837258
423.0,0.0013907330145025182,14.282737815291881,111.68835119883802,44.239223368356996,8.154198314235634,7.308601456217562,7.038732585192971,1.2595566586035054,301.4871398402805,-0.03424969788342444,-0.07996264613532823,-0.04571294825190379,1.0,0.07951522884065468,7.67205326328837e-12,2.3,0.00736789365444506,0.2365066564674329,0.08346062426484974,-0.000328951088874978,0.3337511047222949,0.1291462346207481,0.11825332823371645,1.75,3122010.304404244,0.15903045768130936,0.054997745684813554,-0.04173031213242487,-0.04173031213242487,0.04173031213242487,0.04173031213242487,-0.16692124852969947,-0.16692124852969947,0.0,0.5367901995008665,0.11825332823371645,1.0,0.6154709651375918
424.0,0.0013905609835702716,14.282605525603909,111.68708582783343,44.23152670089616,8.153596630016096,7.308170001515909,7.038794975267401,1.2594572093079277,301.48710478845055,-0.03425404329599869,-0.07996294111033436,-0.045708897814335674,1.0,0.07951877960345426,7.672395859816367e-12,2.3,0.007364668149193196,0.2365066564674329,0.0834633186970111,-0.00032866493692292937,0.3337149172745449,0.12913554298420465,0.11825332823371645,1.75,3120859.8096780707,0.1590375592069085,0.05499735133284533,-0.04173165934850555,-0.04173165934850555,0.04173165934850555,0.04173165934850555,-0.1669266373940222,-0.1669266373940222,0.0,0.5370810007900415,0.11825332823371645,1.0,0.6168616121366282
425.0,0.0013903893994641316,14.282470289428078,111.68582574574481,44.22385037449136,8.152997131185563,7.307739918633775,7.038857042053898,1.2593580307194863,301.4870698287275,-0.0342583779626289,-0.07996323570933392,-0.04570485774670502,1.0,0.0795223255637814,7.672737992976215e-12,2.3,0.0073614613293568444,0.2365066564674329,0.08346600976344568,-0.00032837939376622466,0.3336788233976693,0.1291248785949505,0.11825332823371645,1.75,3119711.9233300295,0.1590446511275628,0.054996948283161796,-0.04173300488172284,-0.04173300488172284,0.04173300488172284,0.04173300488172284,-0.16693201952689135,-0.16693201952689135,0.0,0.5373713153749858,0.11825332823371645,1.0,0.6182520873281454
426.0,0.001390218261216711,14.282332146456488,111.68457091570279,44.216194344602435,8.152399807447765,7.307311201676695,7.038918787247656,1.2592591221807885,301.48703496090513,-0.034262701902795754,-0.07996352992828738,-0.04570082802549163,1.0,0.07952586668993539,7.673079659709262e-12,2.3,0.007358273078560292,0.2365066564674329,0.08346869742616161,-0.0003280944594096043,0.333642822886641,0.12911424139198155,0.11825332823371645,1.75,3118566.645563148,0.15905173337987077,0.054996536652308255,-0.04173434871308081,-0.04173434871308081,0.04173434871308081,0.04173434871308081,-0.16693739485232323,-0.16693739485232323,0.0,0.5376611421822428,0.11825332823371645,1.0,0.6196423911584859
427.0,0.0013900475678613495,14.282191136101831,111.68332130106654,44.20855856670369,8.151804648556343,7.306883844777829,7.038980212536699,1.259160483035281,301.4870001847772,-0.03426701513600055,-0.07996382376319751,-0.04569680862719696,1.0,0.07952940295056056,7.673420856990145e-12,2.3,0.0073551032811124024,0.2365066564674329,0.0834713816475652,-0.00032781013384695966,0.33360691553638766,0.1291036313143456,0.11825332823371645,1.75,3117423.9765228205,0.15905880590112112,0.05499611655600324,-0.0417356908237826,-0.0417356908237826,0.0417356908237826,0.0417356908237826,-0.1669427632951304,-0.1669427632951304,0.0,0.5379504801535945,0.11825332823371645,1.0,0.6210325240730249
428.0,0.0013898773184326365,14.282047297309086,111.68207686558277,44.20094299633059,8.151211644351298,7.306457842122193,7.039041319596971,1.2590621126278008,301.4869655001376,-0.0342713176817398,-0.07996411721013363,-0.045692799528393835,1.0,0.07953293431481824,7.673761581843383e-12,2.3,0.007351951822303592,0.2365066564674329,0.0834740623907784,-0.0003275264170557075,0.3335711011424162,0.12909304830126864,0.11825332823371645,1.75,3116283.916266907,0.15906586862963648,0.054995688108583206,-0.0417370311953892,-0.0417370311953892,0.0417370311953892,0.0417370311953892,-0.1669481247815568,-0.1669481247815568,0.0,0.5382393282536917,0.11825332823371645,1.0,0.6224224865161719
429.0,0.0013897075119659041,14.28190066874848,111.68083757322299,44.193347589033934,8.150620784721637,7.30603318792189,7.039102110097342,1.258964010304025,301.48693090678086,-0.03427560955953001,-0.07996441026520666,-0.04568880070567665,1.0,0.07953646075220913,7.674101831326245e-12,2.3,0.007348818588096905,0.2365066564674329,0.0834767396193128,-0.00032724330900265166,0.3335353795001907,0.1290824922920283,0.11825332823371645,1.75,3115146.4647970325,0.15907292150441826,0.054995251423572464,-0.0417383698096564,-0.0417383698096564,0.0417383698096564,0.0417383698096564,-0.1669534792386256,-0.1669534792386256,0.0,0.5385276854621903,0.11825332823371645,1.0,0.6238122789313713
430.0,0.0013895381474977294,14.281751288630407,111.67960338833973,44.18577230042661,8.150032059641159,7.305609876439855,7.039162585694758,1.2588661754110246,301.48689640450164,-0.03427989078888217,-0.07996470292459286,-0.04568481213571069,1.0,0.07953998223274289,7.674441602545097e-12,2.3,0.00734570346542064,0.2365066564674329,0.0834794132973794,-0.0003269608096385279,0.3334997504057468,0.1290719632260795,0.11825332823371645,1.75,3114011.6220293357,0.15907996446548578,0.05499480661313736,-0.0417397066486897,-0.0417397066486897,0.0417397066486897,0.0417397066486897,-0.1669588265947588,-0.1669588265947588,0.0,0.5388155507812236,0.11825332823371645,1.0,0.625201901761103
431.0,0.0013893692240654594,14.281599194895067,111.67837427550666,44.17821708613765,8.1494454591318,7.305187901965591,7.039222748039183,1.258768607296712,301.4868619930947,-0.034284161389326565,-0.07996499518450939,-0.045680833795182826,1.0,0.07954349872676303,7.674780892638529e-12,2.3,0.007342606341863988,0.2365066564674329,0.08348208338957094,-0.0003266789189036844,0.3334642136550849,0.12906146104292876,0.11825332823371645,1.75,3112879.3878250816,0.15908699745352606,0.05499435378864635,-0.04174104169478547,-0.04174104169478547,0.04174104169478547,0.04174104169478547,-0.1669641667791419,-0.1669641667791419,0.0,0.5391029232277015,0.11825332823371645,1.0,0.6265913554468846
432.0,0.0013892007407077024,14.281444425030584,111.67715019967214,44.17068190185915,8.148860973298765,7.304767258838455,7.039282598768819,1.2586713053103953,301.4868276723553,-0.034288421380387304,-0.07996528704123765,-0.045676865660850344,1.0,0.07954701020511389,7.675119698793442e-12,2.3,0.0073395271059653105,0.2365066564674329,0.08348474986116414,-0.00032639763672279333,0.3334287690447812,0.1290509856822587,0.11825332823371645,1.75,3111749.761962074,0.15909402041022777,0.05499389306013367,-0.04174237493058207,-0.04174237493058207,0.04174237493058207,0.04174237493058207,-0.16696949972232827,-0.16696949972232827,0.0,0.5393898018406227,0.11825332823371645,1.0,0.6279806404292712
433.0,0.0013890326964638546,14.281287016259375,111.6759311260019,44.16316670330006,8.14827859229453,7.304347941423832,7.039342139514968,1.2585742688022263,301.4867934420786,-0.03429267078160715,-0.07996557849109914,-0.04567290770949199,1.0,0.07955051663896852,7.675458018228464e-12,2.3,0.007336465646912473,0.2365066564674329,0.08348741267780872,-0.00032611696301036676,0.33339341637137576,0.12904053708380347,0.11825332823371645,1.75,3110622.74416456,0.15910103327793704,0.05499342453684964,-0.04174370633890436,-0.04174370633890436,0.04174370633890436,0.04174370633890436,-0.16697482535561745,-0.16697482535561745,0.0,0.5396761856735417,0.11825332823371645,1.0,0.6293697571478569
434.0,0.0013888650903745694,14.281127005359405,111.67471702003019,44.155671446233406,8.147698306353373,7.30392994413603,7.039401371897326,1.2584774971237551,301.48675930206065,-0.0342969096125219,-0.07996586953047856,-0.04566895991795666,1.0,0.07955401799999261,7.675795848209746e-12,2.3,0.007333421854827112,0.2365066564674329,0.08349007180582367,-0.0003258368976656216,0.33335815543198233,0.1290301151874727,0.11825332823371645,1.75,3109498.3340753154,0.15910803599998521,0.05499294832673359,-0.041745035902911835,-0.041745035902911835,0.041745035902911835,0.041745035902911835,-0.16698014361164734,-0.16698014361164734,0.0,0.5399620738017168,0.11825332823371645,1.0,0.6307587060412762
435.0,0.0013886979214813079,14.280964428847366,111.67350784750502,44.148196086449815,8.147120105755986,7.303513261414873,7.039460297528783,1.2583809896273757,301.4867252520971,-0.03430113789268547,-0.07996616015580006,-0.04566502226311459,1.0,0.07955751426017514,7.676133186034636e-12,2.3,0.007330395620468698,0.2365066564674329,0.08349272721189331,-0.00032555744057783493,0.3333229860236794,0.1290197199332274,0.11825332823371645,1.75,3108376.531284864,0.15911502852035028,0.05499246453695484,-0.041746363605946656,-0.041746363605946656,0.041746363605946656,0.041746363605946656,-0.16698545442378662,-0.16698545442378662,0.0,0.5402474653147417,0.11825332823371645,1.0,0.6321474875472041
436.0,0.0013885311888268165,14.280799322802972,111.67230357453668,44.140740579804856,8.146543980863425,7.303097887748163,7.039518918010768,1.2582847456668842,301.48669129198436,-0.034305355641644115,-0.07996645036354968,-0.04566109472190557,1.0,0.07956100539199011,7.676470029047277e-12,2.3,0.007327386835515273,0.2365066564674329,0.08349537886335577,-0.00032527859162136184,0.33328790794412794,0.12900935126120247,0.11825332823371645,1.75,3107257.3353041857,0.15912201078398022,0.05499197327339432,-0.041747689431677885,-0.041747689431677885,0.041747689431677885,0.041747689431677885,-0.16699075772671154,-0.16699075772671154,0.0,0.5405323593235405,0.11825332823371645,1.0,0.6335361021023581
437.0,0.0013883648914546493,14.280631723049039,111.67110416744579,44.133304882172425,8.145969922082337,7.302683817648746,7.039577234937997,1.2581887645969214,301.48665742151866,-0.03430956287896152,-0.0799667401502524,-0.04565717727129088,1.0,0.0795644913682293,7.676806374622476e-12,2.3,0.007324395392271726,0.2365066564674329,0.08349802672790722,-0.0003250003506608293,0.3332529209909482,0.1289990091115848,0.11825332823371645,1.75,3106140.74559329,0.1591289827364586,0.05499147464117666,-0.04174901336395361,-0.04174901336395361,0.04174901336395361,0.04174901336395361,-0.16699605345581445,-0.16699605345581445,0.0,0.540816754953155,0.11825332823371645,1.0,0.6349245501424988
438.0,0.001388199028409662,14.280461664978771,111.66990959290918,44.12588894949235,8.145397919898324,7.302271045676533,7.039635249893869,1.2580930457735318,301.48662364049704,-0.03431375962419308,-0.07996702951249396,-0.04565326988830088,1.0,0.07956797216216167,7.677142220181085e-12,2.3,0.007321421183946487,0.2365066564674329,0.08350067077388323,-0.0003247227175463112,0.3332180249623487,0.12898869342473399,0.11825332823371645,1.75,3105026.761534558,0.15913594432432335,0.05499096874416045,-0.04175033538694162,-0.04175033538694162,0.04175033538694162,0.04175033538694162,-0.16700134154776647,-0.16700134154776647,0.0,0.5411006513495834,0.11825332823371645,1.0,0.636312832102431
439.0,0.0013880335987375037,14.280289183732746,111.6687198178104,44.118492737723415,8.144827964841774,7.3018595664159935,7.039692964455157,1.257997588553607,301.48658994871647,-0.034317945896911034,-0.07996731844689826,-0.04564937254998723,1.0,0.07957144774736899,7.677477563174123e-12,2.3,0.007318464104364057,0.2365066564674329,0.08350331096996967,-0.00032444569211835875,0.3331832196564957,0.12897840414106118,0.11825332823371645,1.75,3103915.3824606314,0.15914289549473798,0.05499045568546116,-0.041751655484984836,-0.041751655484984836,0.041751655484984836,0.041751655484984836,-0.16700662193993934,-0.16700662193993934,0.0,0.541384047672732,0.11825332823371645,1.0,0.6377009484160046
440.0,0.0013878686014851872,14.280114314029206,111.6675348093834,44.11111620289121,8.144260047520651,7.301449374497785,7.039750380187469,1.2579023922954438,301.4865563459742,-0.034322121716678554,-0.07996760695014905,-0.0456454852334705,1.0,0.07957491809790207,7.67781240109788e-12,2.3,0.0073155240482375965,0.2365066564674329,0.08350594728547792,-0.0003241692742033276,0.3331485048721406,0.12896814120115008,0.11825332823371645,1.75,3102806.607628396,0.15914983619580414,0.05498993556695038,-0.04175297364273896,-0.04175297364273896,0.04175297364273896,0.04175297364273896,-0.16701189457095583,-0.16701189457095583,0.0,0.5416669431030976,0.11825332823371645,1.0,0.6390888995161159
441.0,0.0013877040357005129,14.279937090337963,111.66635453506538,44.10375930104103,8.143694158586928,7.301040464576666,7.039807498649868,1.2578074563581878,301.4865228320677,-0.03432628710307517,-0.07996789501896748,-0.04564160791589231,1.0,0.07957838318811955,7.67814673147834e-12,2.3,0.007312600910885693,0.2365066564674329,0.08350857969006235,-0.00032389346361825214,0.33311388040800594,0.12895790454563513,0.11825332823371645,1.75,3101700.4362462265,0.1591567663762391,0.0549894084897695,-0.04175428984503118,-0.04175428984503118,0.04175428984503118,0.04175428984503118,-0.1670171593801247,-0.1670171593801247,0.0,0.5419493368348731,0.11825332823371645,1.0,0.6404766858347087
442.0,0.0013875399004326218,14.279757546713638,111.66517896263807,44.09642198828578,8.143130288768804,7.300632831352709,7.039864321390397,1.2577127801023913,301.4864894067951,-0.03433044207567064,-0.07996818265013339,-0.04563774057446275,1.0,0.07958184299284154,7.678480551886012e-12,2.3,0.007309694588501232,0.2365066564674329,0.08351120815398899,-0.0003236182601663202,0.3330793460633868,0.12894769411532248,0.11825332823371645,1.75,3100596.8674485665,0.1591636859856831,0.05498887455383763,-0.041755604076994496,-0.041755604076994496,0.041755604076994496,0.041755604076994496,-0.16702241630797798,-0.16702241630797798,0.0,0.5422312280824837,0.11825332823371645,1.0,0.6418643078027753
443.0,0.0013873761947314934,14.279575716966566,111.66400806008305,44.08910422075879,8.142568428837714,7.300226469549631,7.039920849950634,1.257618362889457,301.48645606995433,-0.0343345866540505,-0.07996846984046359,-0.045633883186413086,1.0,0.07958529748719062,7.678813859920589e-12,2.3,0.007306804977872323,0.2365066564674329,0.08351383264785954,-0.00032334366364160225,0.33304490163755973,0.12893750985106942,0.11825332823371645,1.75,3099495.9003225476,0.15917059497438124,0.05498833385835653,-0.04175691632392977,-0.04175691632392977,0.04175691632392977,0.04175691632392977,-0.16702766529571908,-0.16702766529571908,0.0,0.5425126160738433,0.11825332823371645,1.0,0.6432517658503574
444.0,0.0013872129176484588,14.279391634498909,111.66284179572071,44.08180595466181,8.142008569640016,7.299821373935635,7.039977085861286,1.2575242040821963,301.4864228213439,-0.034338720857789815,-0.07996875658683238,-0.04563003572904256,1.0,0.07958874664674348,7.679146653225582e-12,2.3,0.007303931976646843,0.2365066564674329,0.08351645314287416,-0.00032306967382465525,0.33301054693037146,0.1289273516939036,0.11825332823371645,1.75,3098397.533883164,0.15917749329348696,0.05498778650132688,-0.04175822657143708,-0.04175822657143708,0.04175822657143708,0.04175822657143708,-0.16703290628574832,-0.16703290628574832,0.0,0.5427935000567441,0.11825332823371645,1.0,0.6446390604065474
445.0,0.0013870500682356735,14.279205332472625,111.66168013806795,44.07452714621764,8.141450702064546,7.29941753930212,7.040033030646676,1.2574303030442724,301.4863896607625,-0.034342844706478956,-0.07996904288615035,-0.045626198179671396,1.0,0.07959219044737414,7.679478929473186e-12,2.3,0.007301075483057799,0.2365066564674329,0.08351906961056181,-0.00032279629048711443,0.3329762817416548,0.1289172195849035,0.11825332823371645,1.75,3097301.7670992697,0.1591843808947483,0.054987232580044496,-0.041759534805280905,-0.041759534805280905,0.041759534805280905,0.041759534805280905,-0.16703813922112362,-0.16703813922112362,0.0,0.5430738792922628,0.11825332823371645,1.0,0.6460261918994895
446.0,0.0013868876455466863,14.279016843648408,111.6605230559748,44.067267751718376,8.140894817073782,7.29901496048415,7.040088685820389,1.2573366591407582,301.4863565880091,-0.03434695821969708,-0.07996932873538468,-0.0456223705156876,1.0,0.07959562886540313,7.67981068637868e-12,2.3,0.007298235396184324,0.2365066564674329,0.0835216820230363,-0.0003225235133874374,0.3329421058718079,0.12890711346531766,0.11825332823371645,1.75,3096208.598869342,0.15919125773080625,0.05498667219062505,-0.04176084101151815,-0.04176084101151815,0.04176084101151815,0.04176084101151815,-0.1670433640460726,-0.1670433640460726,0.0,0.5433537530610058,0.11825332823371645,1.0,0.6474131607563807
447.0,0.0013867256486358533,14.278826200550757,111.65937051848454,44.06002772747778,8.140340905671952,7.298613632339561,7.040144052889717,1.2572432717375803,301.4863236028828,-0.03435106141703809,-0.07996961413153808,-0.045618552714499994,1.0,0.07959906187744341,7.680141921685558e-12,2.3,0.007295411615680251,0.2365066564674329,0.08352429035273398,-0.00032225134227534556,0.33290801912121637,0.12889703327644503,0.11825332823371645,1.75,3095118.0280468646,0.15919812375488682,0.05498610542849164,-0.04176214517636699,-0.04176214517636699,0.04176214517636699,0.04176214517636699,-0.16704858070546796,-0.16704858070546796,0.0,0.5436331206566628,0.11825332823371645,1.0,0.6487999674034719
448.0,0.001386564076558944,14.27863343530971,111.65822249496806,44.05280702987971,8.139788958935666,7.2982135497690495,7.040199133351348,1.2571501402020766,301.4862907051835,-0.03435515431808413,-0.07996989907166888,-0.04561474475358475,1.0,0.079602489460547,7.680472633179677e-12,2.3,0.007292604042032152,0.2365066564674329,0.0835268945726631,-0.00032197977688770864,0.3328740212908423,0.1288869789597535,0.11825332823371645,1.75,3094030.0534166787,0.159204978921094,0.05498553238790765,-0.04176344728633155,-0.04176344728633155,0.04176344728633155,0.04176344728633155,-0.1670537891453262,-0.1670537891453262,0.0,0.5439119813921082,0.11825332823371645,1.0,0.6501866122660693
449.0,0.00138640292837256,14.278438579823051,111.65707895498623,44.045605615330324,8.13923896798257,7.297814707695661,7.040253928695752,1.2570572639024393,301.48625789471066,-0.03435923694243144,-0.07997018355287037,-0.045610946610438935,1.0,0.07960591159205335,7.680802818674626e-12,2.3,0.007289812576291759,0.2365066564674329,0.08352949465614719,-0.00032170881695284845,0.33284011218162385,0.12887695045676179,0.11825332823371645,1.75,3092944.6737197507,0.1592118231841067,0.05498495316245605,-0.041764747328073594,-0.041764747328073594,0.041764747328073594,0.041764747328073594,-0.16705898931229438,-0.16705898931229438,0.0,0.5441903345931025,0.11825332823371645,1.0,0.6515730957685351
450.0,0.0013862422031347189,14.278241665600788,111.65593986842202,44.03842344030661,8.13869092400146,7.29741710108453,7.0403084404029395,1.2569646422082748,301.48622517126444,-0.034363309309663914,-0.07997046757229037,-0.04560715826262646,1.0,0.07960932824973373,7.681132476025657e-12,2.3,0.007287037120329572,0.2365066564674329,0.08353209057707012,-0.00032143846218654675,0.3328062915950827,0.1288669477091562,0.11825332823371645,1.75,3091861.8876300855,0.15921865649946745,0.054984367844580155,-0.04176604528853506,-0.04176604528853506,0.04176604528853506,0.04176604528853506,-0.16706418115414023,-0.16706418115414023,0.0,0.5444681796042552,0.11825332823371645,1.0,0.6529594183342887
451.0,0.001386081899904268,14.278042723924566,111.65480520534527,44.03126046130854,8.138144818221477,7.297020724922726,7.040362669946777,1.2568722744900434,301.48619253464545,-0.034367371439379,-0.07997075112711106,-0.045603379687732065,1.0,0.07961273941164186,7.681461603115278e-12,2.3,0.007284277576572051,0.2365066564674329,0.08353468230962416,-0.00032116871229622405,0.3327725593327161,0.1288569706586739,0.11825332823371645,1.75,3090781.6937789344,0.15922547882328372,0.054983776526054746,-0.04176734115481208,-0.04176734115481208,0.04176734115481208,0.04176734115481208,-0.16706936461924832,-0.16706936461924832,0.0,0.5447455157828618,0.11825332823371645,1.0,0.6543455803858083
452.0,0.0013859220177414922,14.277841785694834,111.65367493614258,44.02411663490765,8.137600641941711,7.2966255742386465,7.040416618790805,1.256780160119621,301.4861599846542,-0.034371423351161154,-0.07997103421456822,-0.04559961086340707,1.0,0.07961614505625603,7.68179019786696e-12,2.3,0.00728153384825123,0.2365066564674329,0.08353726982854935,-0.0003208995669770707,0.3327389151966084,0.12884701924721906,0.11825332823371645,1.75,3089704.090732242,0.15923229011251205,0.05498317929753476,-0.041768634914274676,-0.041768634914274676,0.041768634914274676,0.041768634914274676,-0.1670745396570987,-0.1670745396570987,0.0,0.5450223425047342,0.11825332823371645,1.0,0.6557315823446311
453.0,0.0013857625557075204,14.27763888158749,111.65254903138418,44.016991917699016,8.137058386500904,7.296231644082224,7.0404702883925,1.2566882984697398,301.48612752109165,-0.03437546506460789,-0.0799713168319313,-0.04559585176732341,1.0,0.07961954516233229,7.68211825823097e-12,2.3,0.007278805839145613,0.2365066564674329,0.08353985310888809,-0.0003206310259160885,0.33270535898881864,0.12883709341674615,0.11825332823371645,1.75,3088629.0770142674,0.15923909032466457,0.05498257624901819,-0.041769926554444045,-0.041769926554444045,0.041769926554444045,0.041769926554444045,-0.16707970621777618,-0.16707970621777618,0.0,0.5452986591581811,0.11825332823371645,1.0,0.6571174246313557
454.0,0.0013856035128649302,14.27743404190371,111.65142746195178,44.00988626635,8.136518043306578,7.295838929543975,7.040523680199142,1.2565966889145492,301.48609514375903,-0.0343794965993031,-0.07997159897652242,-0.04559210237721932,1.0,0.07962293970904391,7.682445782197838e-12,2.3,0.007276093453826551,0.2365066564674329,0.0835424321262186,-0.00032036308878835443,0.33267189051199036,0.12882719310937601,0.11825332823371645,1.75,3087556.6510855877,0.15924587941808782,0.05498196746940263,-0.0417712160631093,-0.0417712160631093,0.0417712160631093,0.0417712160631093,-0.1670848642524372,-0.1670848642524372,0.0,0.5455744651496994,0.11825332823371645,1.0,0.6585031076656419
455.0,0.0013854448882771376,14.277227296723881,111.65031019890773,44.00279963755218,8.135979603805241,7.295447425735561,7.040576795652024,1.2565053308290546,301.4860628524579,-0.03438351797484322,-0.07997188064569681,-0.04558836267085359,1.0,0.07962632867583726,7.682772767784439e-12,2.3,0.007273396597402498,0.2365066564674329,0.08354500685641522,-0.00032009575526093545,0.33263850956874963,0.12881731826727974,0.11825332823371645,1.75,3086486.8113661665,0.15925265735167451,0.05498135304694014,-0.04177250342820761,-0.04177250342820761,0.04177250342820761,0.04177250342820761,-0.16709001371283044,-0.16709001371283044,0.0,0.5458497598980888,0.11825332823371645,1.0,0.6598886318662129
456.0,0.0013852866810090264,14.277018675760038,111.64919721362064,43.9957319880701,8.135443059511037,7.295057127808505,7.040629636182373,1.2564142235896794,301.4860306469901,-0.034387529210810446,-0.07997216183686132,-0.04558463262605087,1.0,0.07962971204256879,7.683099213047214e-12,2.3,0.007270715175762194,0.2365066564674329,0.08354757727587639,-0.00031982902498926504,0.33260521596230264,0.1288074688327939,0.11825332823371645,1.75,3085419.5562138758,0.15925942408513757,0.05498073306880148,-0.041773788637938195,-0.041773788637938195,0.041773788637938195,0.041773788637938195,-0.16709515455175278,-0.16709515455175278,0.0,0.5461245428400155,0.11825332823371645,1.0,0.661273997650856
457.0,0.001385128890126336,14.276808208507136,111.64808847763669,43.988683274693074,8.134908401976432,7.2946680309351,7.040682203215504,1.256323366573705,301.48599852715773,-0.034391530326798994,-0.07997244254745538,-0.04558091222065638,1.0,0.07963308978936334,7.683425116068503e-12,2.3,0.007268049095322324,0.2365066564674329,0.08355014336129088,-0.0003195628976209355,0.33257200949584137,0.12879764474830507,0.11825332823371645,1.75,3084354.8839470088,0.15926617957872669,0.05498010762152315,-0.04177507168064544,-0.04177507168064544,0.04177507168064544,0.04177507168064544,-0.16710028672258176,-0.16710028672258176,0.0,0.5463988134242611,0.11825332823371645,1.0,0.6626592054364238
458.0,0.0013849715146962704,14.276595924098014,111.64698396280315,43.98165345428405,8.134375622820405,7.294280130326778,7.040734498166794,1.256232759159833,301.48596649276317,-0.03439552134238829,-0.07997272277496908,-0.045577201432580795,1.0,0.07963646189674894,7.683750474969547e-12,2.3,0.007265398263267596,0.2365066564674329,0.08355270508985951,-0.00031929737279219795,0.33253888997313696,0.12878784595636467,0.11825332823371645,1.75,3083292.792823317,0.1592729237934979,0.05497947679057897,-0.04177635254492976,-0.04177635254492976,0.04177635254492976,0.04177635254492976,-0.16710541017971903,-0.16710541017971903,0.0,0.5466725711171588,0.11825332823371645,1.0,0.6640442556388351
459.0,0.0013848145537869033,14.276381851452097,111.64588364114202,43.97464248373138,8.133844713699627,7.293893421215379,7.040786522445782,1.256142400727622,301.4859345436091,-0.03439950227716925,-0.07997300251692456,-0.04557350023975531,1.0,0.07963982834551715,7.684075287897013e-12,2.3,0.007262762587301776,0.2365066564674329,0.0835552624390682,-0.00031903245013163023,0.3325058571979516,0.12877807239957392,0.11825332823371645,1.75,3082233.281062007,0.1592796566910343,0.05497884066081966,-0.0417776312195341,-0.0417776312195341,0.0417776312195341,0.0417776312195341,-0.1671105248781364,-0.1671105248781364,0.0,0.5469458153969676,0.11825332823371645,1.0,0.6654291486730767
460.0,0.0013846580064677844,14.276166019132859,111.64478748497129,43.9676503199977,8.133315666336179,7.293507898871193,7.040838277452196,1.256052290658052,301.4859026794985,-0.03440347315071739,-0.07997328177089358,-0.04556980862017619,1.0,0.07964318911685596,7.684399553035817e-12,2.3,0.0072601419758843485,0.2365066564674329,0.08355781538690352,-0.0003187681292567494,0.3324729109746202,0.12876832402069804,0.11825332823371645,1.75,3081176.346823272,0.15928637823371192,0.05497819931605163,-0.04177890769345176,-0.04177890769345176,0.04177890769345176,0.04177890769345176,-0.16711563077380703,-0.16711563077380703,0.0,0.5472185457591858,0.11825332823371645,1.0,0.666813884953204
461.0,0.0013845018718093433,14.275948455493918,111.64369546678076,43.96067692007158,8.1327884724892,7.293123558584546,7.0408897645799975,1.2559624283329622,301.48587090023466,-0.03440743398261924,-0.07997356053447946,-0.04556612655186022,1.0,0.07964654419221234,7.684723268595866e-12,2.3,0.007257536337985386,0.2365066564674329,0.08356036391163087,-0.0003185044097775645,0.3324400511074764,0.1287586007625521,0.11825332823371645,1.75,3080121.9882297455,0.15929308838442469,0.054977552839468924,-0.04178018195581543,-0.04178018195581543,0.04178018195581543,0.04178018195581543,-0.16712072782326173,-0.16712072782326173,0.0,0.5474907617110565,0.11825332823371645,1.0,0.6681984648923426
462.0,0.001384346148883492,14.275729188539016,111.6426075593511,43.95372224101652,8.132263123982165,7.29274039568354,7.04094098521346,1.2558728131356138,301.4858392056212,-0.03441138479244538,-0.07997383880533422,-0.04556245401288884,1.0,0.07964989355342285,7.685046432824651e-12,2.3,0.0072549455833185875,0.2365066564674329,0.08356290799200614,-0.0003182412912933008,0.3324072774014243,0.12874890256811405,0.11825332823371645,1.75,3079070.2033465477,0.1592997871068457,0.05497690131323951,-0.04178145399600307,-0.04178145399600307,0.04178145399600307,0.04178145399600307,-0.16712581598401227,-0.16712581598401227,0.0,0.5477624627767552,0.11825332823371645,1.0,0.669582888902689
463.0,0.0013841908367630273,14.275508246065577,111.64152373563219,43.94678623992256,8.131739612675013,7.292358405515971,7.040991940731167,1.2557834444501268,301.4858075954618,-0.034415325599776884,-0.07997411658114084,-0.04555879098136396,1.0,0.07965323718257823,7.685369043994194e-12,2.3,0.007252369622099656,0.2365066564674329,0.08356544760705813,-0.00031797877339583225,0.33237458966136785,0.12873922938041182,0.11825332823371645,1.75,3078020.9902022323,0.15930647436515646,0.054976244818929564,-0.041782723803529064,-0.041782723803529064,0.041782723803529064,0.041782723803529064,-0.16713089521411625,-0.16713089521411625,0.0,0.548033648492017,0.11825332823371645,1.0,0.6709671573955123
464.0,0.001384035934522243,14.275285655527107,111.64044396885986,43.93986887395525,8.131217930490946,7.291977583466738,7.04104263250213,1.255694321662045,301.48577606956076,-0.03441925642417831,-0.07997439385963014,-0.04555513743545182,1.0,0.07965657506215235,7.68569110041348e-12,2.3,0.0072498083652764115,0.2365066564674329,0.08356798273629519,-0.00031771685566652337,0.3323419876927814,0.12872958114263547,0.11825332823371645,1.75,3076974.346769298,0.1593131501243047,0.054975583437097,-0.041783991368147595,-0.041783991368147595,0.041783991368147595,0.041783991368147595,-0.16713596547259038,-0.16713596547259038,0.0,0.5483043184092083,0.11825332823371645,1.0,0.6723512707811549
465.0,0.0013838814412363261,14.275061444174247,111.63936823243598,43.93297010030721,8.130698069389027,7.291597924940083,7.041093061889746,1.2556054441577726,301.4857446277224,-0.03442317728522424,-0.07997467063856331,-0.04555149335333907,1.0,0.07965990717486894,7.686012600415602e-12,2.3,0.0072472617242902325,0.2365066564674329,0.08357051335949327,-0.0003174555376795452,0.3323094713011438,0.12871995779802478,0.11825332823371645,1.75,3075930.2709846254,0.15931981434973788,0.05497491724770828,-0.041785256679746634,-0.041785256679746634,0.041785256679746634,0.041785256679746634,-0.16714102671898654,-0.16714102671898654,0.0,0.5485744720920801,0.11825332823371645,1.0,0.6737352294690342
466.0,0.0013837273559819674,14.274835638919603,111.63829650004398,43.92608987624723,8.130180021390574,7.291219425376729,7.041143230247961,1.2555168113251365,301.4857132697516,-0.03442708820247215,-0.07997494691574848,-0.04554785871327633,1.0,0.0796632335038277,7.686333542369927e-12,2.3,0.007244729611302946,0.2365066564674329,0.08357303945689745,-0.00031719481899881644,0.33227704029249744,0.1287103592899808,0.11825332823371645,1.75,3074888.7607304985,0.1593264670076554,0.05497424632973916,-0.041786519728448726,-0.041786519728448726,0.041786519728448726,0.041786519728448726,-0.1671460789137949,-0.1671460789137949,0.0,0.5488441091207109,0.11825332823371645,1.0,0.6751190338676434
467.0,0.0013835736778367665,14.27460826647634,111.63722874553044,43.91922815907167,8.129663778552159,7.290842080236384,7.041193138925174,1.2554284225528256,301.48568199545315,-0.034430989195489106,-0.07997522268902367,-0.045544233493534564,1.0,0.07966655403237419,7.686653924669549e-12,2.3,0.007242211938961878,0.2365066564674329,0.0835755610090148,-0.00031693469918122713,0.3322446944728969,0.12870078556195452,0.11825332823371645,1.75,3073849.8138545137,0.15933310806474837,0.05497357076158424,-0.0417877805045074,-0.0417877805045074,0.0417877805045074,0.0417877805045074,-0.1671511220180296,-0.1671511220180296,0.0,0.5491132290863903,0.11825332823371645,1.0,0.6765026843845527
468.0,0.001383420405879804,14.274379353225337,111.63616494301854,43.91238490615363,8.129149332991604,7.290465885014606,7.041242789260452,1.2553402772309532,301.48565080463277,-0.034434880283824555,-0.07997549795627291,-0.04554061767244836,1.0,0.07966986874422329,7.686973745743192e-12,2.3,0.007239708620623626,0.2365066564674329,0.08357807799681162,-0.0003166751777736685,0.33221243364896047,0.12869123655755718,0.11825332823371645,1.75,3072813.4281510743,0.15933973748844657,0.054972890620664475,-0.04178903899840581,-0.04178903899840581,0.04178903899840581,0.04178903899840581,-0.16715615599362324,-0.16715615599362324,0.0,0.5493818315964428,0.11825332823371645,1.0,0.677886181426411
469.0,0.0013832675391911159,14.274148925351405,111.63510506679219,43.90556007489433,8.128636676861415,7.290090835225614,7.041292182587382,1.2552523747504936,301.4856196970956,-0.03443876148703695,-0.07997577271540957,-0.045537011228372615,1.0,0.07967317762333127,7.68729300404287e-12,2.3,0.007237219570122162,0.2365066564674329,0.08358059040151052,-0.00031641625431615253,0.33218025762731523,0.12868171222044972,0.11825332823371645,1.75,3071779.6013808274,0.15934635524666255,0.05497220598382982,-0.04179029520075526,-0.04179029520075526,0.04179029520075526,0.04179029520075526,-0.16716118080302103,-0.16716118080302103,0.0,0.5496499162692281,0.11825332823371645,1.0,0.6792695253989465
470.0,0.0013831150768522289,14.273917008712754,111.63404909140718,43.89875362277233,8.128125802374361,7.289716926418872,7.041341320230341,1.2551647145038463,301.48558867264796,-0.034442632824666655,-0.07997604696439221,-0.04553341413972556,1.0,0.07967648065401729,7.687611698055613e-12,2.3,0.007234744701989467,0.2365066564674329,0.0835830982047838,-0.00031615792833894707,0.33214816621515636,0.12867221249445293,0.11825332823371645,1.75,3070748.331252614,0.15935296130803459,0.05497151692697344,-0.0417915491023919,-0.0417915491023919,0.0417915491023919,0.0417915491023919,-0.1671661964095676,-0.1671661964095676,0.0,0.5499174827388499,0.11825332823371645,1.0,0.6806527167069681
471.0,0.0013829630179455904,14.273683628974817,111.6329969915771,43.89196550729475,8.127616701777331,7.289344154162163,7.041390203508288,1.2550772958842733,301.4855577310958,-0.0344464943162626,-0.07997632070120819,-0.04552982638494559,1.0,0.07967977782083768,7.687929826291333e-12,2.3,0.007232283931227364,0.2365066564674329,0.0835856013885544,-0.0003159001993655894,0.33211615921968557,0.12866273732343697,0.11825332823371645,1.75,3069719.615442401,0.15935955564167537,0.05497082352542735,-0.0417928006942772,-0.0417928006942772,0.0417928006942772,0.0417928006942772,-0.1671712027771088,-0.1671712027771088,0.0,0.55018453065028,0.11825332823371645,1.0,0.682035755754367
472.0,0.0013828113615551862,14.273448811482023,111.63194874228309,43.88519568604663,8.127109367376496,7.288972514057912,7.0414388337310925,1.2549901182864627,301.48552687224577,-0.03445034598135505,-0.0799765939238892,-0.04552624794253415,1.0,0.0796830691087052,7.688247387294336e-12,2.3,0.007229837173524468,0.2365066564674329,0.08358809993518553,-0.0003156430669101215,0.3320842364486751,0.1286532866514311,0.11825332823371645,1.75,3068693.4515757165,0.1593661382174104,0.05497012585358343,-0.04179404996759276,-0.04179404996759276,0.04179404996759276,0.04179404996759276,-0.16717619987037105,-0.16717619987037105,0.0,0.5504510596639475,0.11825332823371645,1.0,0.6834186429441175
473.0,0.001382660106765915,14.273212581389284,111.63090431866145,43.8784441166421,8.126603791511611,7.288602001726565,7.04148721220327,1.2549031811059637,301.48549609590464,-0.03445418783948246,-0.07997686663049518,-0.04552267879101272,1.0,0.07968635450276558,7.688564379631396e-12,2.3,0.007227404345031664,0.2365066564674329,0.0835905938272858,-0.0003153865304799986,0.3320523977099111,0.12864386042251377,0.11825332823371645,1.75,3067669.8372461065,0.15937270900553116,0.054969423985282095,-0.0417952969136429,-0.0417952969136429,0.0417952969136429,0.0417952969136429,-0.1671811876545716,-0.1671811876545716,0.0,0.5507170694509773,0.11825332823371645,1.0,0.6848013786782781
474.0,0.0013825092526642186,14.272974963535985,111.62986369611137,43.87171075677374,8.126099966580764,7.288232612822604,7.041535340220358,1.2548164837397533,301.4854654018796,-0.034458019910164,-0.07997713881912964,-0.04551911890896564,1.0,0.07968963398851456,7.688880801903068e-12,2.3,0.007224985362576028,0.2365066564674329,0.08359308304789452,-0.00031513058957342334,0.332020642811734,0.12863445858092207,0.11825332823371645,1.75,3066648.7699979926,0.15937926797702912,0.054968717993439886,-0.04179654152394726,-0.04179654152394726,0.04179654152394726,0.04179654152394726,-0.16718616609578904,-0.16718616609578904,0.0,0.5509825596976745,0.11825332823371645,1.0,0.6861839633579931
475.0,0.0013823587983374658,14.272735982575218,111.62882685018472,43.86499556416369,8.125597885015084,7.287864343018233,7.04158321907261,1.2547300255856702,301.48543478997783,-0.03446184221292657,-0.07997741048792378,-0.04551556827499721,1.0,0.0796929075516768,7.689196652731993e-12,2.3,0.007222580143439232,0.2365066564674329,0.08359556758029184,-0.00031487524368215366,0.3319889715625134,0.12862508107094206,0.11825332823371645,1.75,3065630.2473446885,0.1593858151033536,0.0549680079504315,-0.04179778379014592,-0.04179778379014592,0.04179778379014592,0.04179778379014592,-0.16719113516058368,-0.16719113516058368,0.0,0.5512475301008712,0.11825332823371645,1.0,0.687566397383494
476.0,0.0013822087428745828,14.272495662849948,111.62779375669176,43.85829849661307,8.1250975393031,7.28749718801911,7.041630850041411,1.2546438060429808,301.4854042600072,-0.034465654767277414,-0.07997768163505149,-0.04551202686777408,1.0,0.07969617517832074,7.689511930773977e-12,2.3,0.007220188605568628,0.2365066564674329,0.08359804740817826,-0.00031462049228893384,0.33195738377117207,0.12861572783701727,0.11825332823371645,1.75,3064614.266751681,0.15939235035664148,0.054967293927723725,-0.04179902370408913,-0.04179902370408913,0.04179902370408913,0.04179902370408913,-0.16719609481635653,-0.16719609481635653,0.0,0.5515119803723043,0.11825332823371645,1.0,0.6889486811541
477.0,0.0013820590853654115,14.272254028519992,111.62676439159294,43.85161951195303,8.124598921965859,7.287131143548314,7.041678234402927,1.2545578245118136,301.4853738117757,-0.034469457592730936,-0.07997795225871394,-0.04550849466598301,1.0,0.07969943685473949,7.689826634706508e-12,2.3,0.007217810667358733,0.2365066564674329,0.08360052251549131,-0.00031436633487020275,0.33192587924665456,0.12860639882364083,0.11825332823371645,1.75,3063600.825654199,0.15939887370947897,0.054966575996250905,-0.041800261257745656,-0.041800261257745656,0.041800261257745656,0.041800261257745656,-0.16720104503098263,-0.16720104503098263,0.0,0.5517759102340722,0.11825332823371645,1.0,0.69033081506822
478.0,0.0013819098249013618,14.27201110344036,111.6257387311027,43.84495856809424,8.124102025580896,7.286766205361818,7.041725373424567,1.2544720803937255,301.4853434450917,-0.03447325070878143,-0.07997822235715418,-0.04550497164837275,1.0,0.07970269256756392,7.690140763239661e-12,2.3,0.00721544624785953,0.2365066564674329,0.08360299288657923,-0.0003141127708936166,0.3318944577984702,0.12859709397546223,0.11825332823371645,1.75,3062589.921440925,0.15940538513512784,0.054965854226055204,-0.041801496443289614,-0.041801496443289614,0.041801496443289614,0.041801496443289614,-0.16720598577315846,-0.16720598577315846,0.0,0.5520393194229044,0.11825332823371645,1.0,0.6917127995233534
479.0,0.001381760960574785,14.271766911286024,111.6247167515831,43.83831562297785,8.123606842757747,7.286402369232719,7.041772268368585,1.2543865730911354,301.48531315976356,-0.0344770341349299,-0.07997849192864194,-0.04550145779371204,1.0,0.07970594230364553,7.690454315104796e-12,2.3,0.00721309526656077,0.2365066564674329,0.08360545850602236,-0.00031385979982066363,0.3318631192361404,0.1285878132371803,0.11825332823371645,1.75,3061581.5514711067,0.15941188460729105,0.05496512868665558,-0.04180272925301118,-0.04180272925301118,0.04180272925301118,0.04180272925301118,-0.1672109170120447,-0.1672109170120447,0.0,0.5523022076857325,0.11825332823371645,1.0,0.6930946349160915
480.0,0.001381612491479592,14.271521475432385,111.62369842964603,43.831690634625005,8.123113366161544,7.28603963096645,7.041818920488582,1.2543013020078908,301.4852829556005,-0.03448080789065674,-0.0799787609714881,-0.045497953080831356,1.0,0.0797091860501674,7.690767289065273e-12,2.3,0.007210757643597691,0.2365066564674329,0.08360791935880334,-0.0003136074211042808,0.33183186336975595,0.12857855655364983,0.11825332823371645,1.75,3060575.7130587054,0.1594183721003348,0.054964399446694276,-0.04180395967940167,-0.04180395967940167,0.04180395967940167,0.04180395967940167,-0.16721583871760667,-0.16721583871760667,0.0,0.5525645747838474,0.11825332823371645,1.0,0.6944763216421187
481.0,0.0013814644167106371,14.27127481907784,111.62268374204842,43.825083561087794,8.122621588488906,7.285677986385285,7.0418653310330726,1.2542162665487022,301.48525283241156,-0.034484571995448646,-0.07997902948402978,-0.045494457488581136,1.0,0.07971242379452928,7.691079683905348e-12,2.3,0.007208433299538126,0.2365066564674329,0.08361037543013172,-0.0003133556341913669,0.3318006900094238,0.1285693238697748,0.11825332823371645,1.75,3059572.4034890523,0.15942484758905856,0.054963666574299345,-0.04180518771506586,-0.04180518771506586,0.04180518771506586,0.04180518771506586,-0.16722075086026345,-0.16722075086026345,0.0,0.5528264204885843,0.11825332823371645,1.0,0.6958578600962139
482.0,0.0013813167353643576,14.271026965126396,111.62167266579287,43.818494360498825,8.12213150249119,7.285317431343296,7.041911501242023,1.254131466119707,301.4852227900063,-0.034488326468771216,-0.07997929746464437,-0.04549097099587315,1.0,0.07971565552445659,7.691391498440706e-12,2.3,0.00720612215558534,0.2365066564674329,0.08361282670561065,-0.00031310443852049485,0.33176959896581826,0.12856011513061424,0.11825332823371645,1.75,3058571.620003434,0.15943131104891317,0.05496293013673745,-0.04180641335280533,-0.04180641335280533,0.04180641335280533,0.04180641335280533,-0.1672256534112213,-0.1672256534112213,0.0,0.5530877445853702,0.11825332823371645,1.0,0.6972392506722513
483.0,0.0013811694465381275,14.270777936308024,111.62066517802452,43.81192299102205,8.121643100950726,7.284957961711113,7.041957432350377,1.2540469001279078,301.48519282819444,-0.03449207133009592,-0.07997956491173502,-0.0454874935816391,1.0,0.0797188812278874,7.691702731507549e-12,2.3,0.007203824133368154,0.2365066564674329,0.08361527317106586,-0.0003128538335243293,0.33173859004962875,0.1285509302812764,0.11825332823371645,1.75,3057573.3598152874,0.1594377624557748,0.05496219020076981,-0.04180763658553293,-0.04180763658553293,0.04180763658553293,0.04180763658553293,-0.16723054634213172,-0.16723054634213172,0.0,0.5533485468695217,0.11825332823371645,1.0,0.6986204937632026
484.0,0.0013810225493309154,14.27052775506339,111.61966125613013,43.805369410902415,8.121156376703729,7.284599573390628,7.042003125584633,1.2539625679817332,301.4851629467862,-0.034495806598872615,-0.07997983182374448,-0.04548402522487186,1.0,0.07972210089307952,7.692013381972927e-12,2.3,0.007201539155141326,0.2365066564674329,0.08361771481270801,-0.0003126038186274296,0.33170766307211286,0.12854176926702404,0.11825332823371645,1.75,3056577.620095219,0.15944420178615903,0.05496144683231131,-0.041808857406354004,-0.041808857406354004,0.041808857406354004,0.041808857406354004,-0.16723542962541602,-0.16723542962541602,0.0,0.5536088271501834,0.11825332823371645,1.0,0.7000015897611371
485.0,0.00138087604284263,14.270276443662084,111.61866087763646,43.79883357841665,8.120671322616904,7.284242262300017,7.042048582166328,1.2538784690904776,301.48513314559193,-0.03449953229455666,-0.0799800981991407,-0.04548056590458404,1.0,0.07972531450849973,7.692323448724051e-12,2.3,0.007199267143578101,0.2365066564674329,0.08362015161696562,-0.0003123543932485783,0.3316768178445447,0.12853263203316884,0.11825332823371645,1.75,3055584.3979867604,0.15945062901699947,0.054960700096780085,-0.04181007580848281,-0.04181007580848281,0.04181007580848281,0.04181007580848281,-0.16724030323393124,-0.16724030323393124,0.0,0.5538685852462363,0.11825332823371645,1.0,0.7013825390572239
486.0,0.0013807299261747842,14.270024024089357,111.61766402030788,43.792315451922924,8.12018793161,7.283886024388211,7.04209380330866,1.2537946028648612,301.48510342442245,-0.03450324843658136,-0.07998036403643044,-0.04547711559984908,1.0,0.07972852206292848,7.692632930678403e-12,2.3,0.0071970080219680745,0.2365066564674329,0.08362258357064412,-0.0003121055567986608,0.3316460541787688,0.12852351852517627,0.11825332823371645,1.75,3054593.6905917916,0.15945704412585696,0.05495995005876261,-0.04181129178532206,-0.04181129178532206,0.04181129178532206,0.04181129178532206,-0.16724516714128823,-0.16724516714128823,0.0,0.5541278209901315,0.11825332823371645,1.0,0.7027633420417326
487.0,0.001380584198429835,14.26977051816232,111.61667066204653,43.78581498981164,8.11970619663278,7.283530855620143,7.042138790219924,1.2537109687164691,301.48507378308875,-0.03450695504438501,-0.07998062933414528,-0.04547367428976027,1.0,0.07973172354535148,7.692941826773261e-12,2.3,0.0071947617140127925,0.2365066564674329,0.08362501066076189,-0.00031185730868291643,0.3316153718866448,0.12851442868856083,0.11825332823371645,1.75,3053605.4949858934,0.15946344709070295,0.05495919678235732,-0.041812505330380945,-0.041812505330380945,0.041812505330380945,0.041812505330380945,-0.16725002132152378,-0.16725002132152378,0.0,0.5543865342238997,0.11825332823371645,1.0,0.7041439991040349
488.0,0.001380438858711855,14.269515947418618,111.61568078098793,43.77933215055506,8.119226110687219,7.283176751990996,7.04218354410018,1.2536275660583138,301.48504422140206,-0.03451065213738349,-0.07998089409085482,-0.04547024195347133,1.0,0.07973491894506239,7.693250135975626e-12,2.3,0.007192528144020413,0.2365066564674329,0.0836274328747065,-0.0003116096482988968,0.33158477078060283,0.12850536246899003,0.11825332823371645,1.75,3052619.808204136,0.15946983789012478,0.0549584403308453,-0.04181371643735325,-0.04181371643735325,0.04181371643735325,0.04181371643735325,-0.167254865749413,-0.167254865749413,0.0,0.5546447248028935,0.11825332823371645,1.0,0.7055245106326058
489.0,0.0013802939061258624,14.26926033323064,111.6146943554031,43.772866892658094,8.118747666804842,7.282823709511691,7.042228066144642,1.2535443943042717,301.4850147391741,-0.03451433973499721,-0.079981158305153,-0.04546681857015579,1.0,0.07973810825155628,7.693557857271921e-12,2.3,0.007190307236704614,0.2365066564674329,0.08362985020007385,-0.00031136257503863425,0.3315542506730916,0.12849631981218024,0.11825332823371645,1.75,3051636.6272560493,0.15947621650311256,0.05495768076702809,-0.041814925100036926,-0.041814925100036926,0.041814925100036926,0.041814925100036926,-0.1672597004001477,-0.1672597004001477,0.0,0.5549023925918902,0.11825332823371645,1.0,0.7069048770150247
490.0,0.001380149339778486,14.269003696696133,111.6137113637926,43.76641917470794,8.118270858068588,7.282471724222909,7.0422723575403925,1.253461452869646,301.4849853362169,-0.034518017856623694,-0.07998142197567103,-0.04546340411904733,1.0,0.0797412914546306,7.693864989677752e-12,2.3,0.007188098917376525,0.2365066564674329,0.08363226262482126,-0.00031111608828667306,0.33152381137712356,0.12848730066400027,0.11825332823371645,1.75,3050655.949111784,0.1594825829092612,0.05495691815290411,-0.04181613131241063,-0.04181613131241063,0.04181613131241063,0.04181613131241063,-0.16726452524964253,-0.16726452524964253,0.0,0.5551595374687397,0.11825332823371645,1.0,0.7082850986379768
491.0,0.001380005158777331,14.268746058750395,111.61273178479017,43.75998895532487,8.117795677590477,7.282120792180805,7.042316419469725,1.2533787411706045,301.4849560123425,-0.03452168652166466,-0.07998168510106407,-0.04545999857939941,1.0,0.07974446854428041,7.69417153222779e-12,2.3,0.007185903111746236,0.2365066564674329,0.0836346701371099,-0.0003108701874221651,0.3314934527057408,0.12847830497036777,0.11825332823371645,1.75,3049677.7707166844,0.15948893708856082,0.05495615255000049,-0.04181733506855495,-0.04181733506855495,0.04181733506855495,0.04181733506855495,-0.1672693402742198,-0.1672693402742198,0.0,0.5554161593205668,0.11825332823371645,1.0,0.7096651758872548
492.0,0.001379861362231602,14.268487440058824,111.6117555972551,43.75357619321182,8.117322118533144,7.281770909470802,7.042360253106902,1.2532962586247425,301.4849267673636,-0.03452534574949847,-0.07998194768002378,-0.045456601930525316,1.0,0.07974763951079772,7.694477483985353e-12,2.3,0.007183719746112109,0.2365066564674329,0.08363707272545431,-0.00031062487181697686,0.3314631744725415,0.12846933267735192,0.11825332823371645,1.75,3048702.0889778202,0.15949527902159544,0.05495538401905519,-0.04181853636272716,-0.04181853636272716,0.04181853636272716,0.04181853636272716,-0.16727414545090863,-0.16727414545090863,0.0,0.5556722580473251,0.11825332823371645,1.0,0.7110451091477592
493.0,0.00137971794925148,14.268227861127157,111.6107827801777,43.74718084710522,8.11685017408787,7.281422072193554,7.042403859621455,1.2532140046505178,301.48489760109305,-0.03452899555950725,-0.07998220971126534,-0.045453214151758084,1.0,0.07975080434466829,7.69478284403246e-12,2.3,0.0071815487471651625,0.2365066564674329,0.08363947037856918,-0.0003103801408376962,0.3314329764911533,0.12846038373107094,0.11825332823371645,1.75,3047728.9007781832,0.15950160868933658,0.054954612620343075,-0.04181973518928459,-0.04181973518928459,0.04181973518928459,0.04181973518928459,-0.16727894075713837,-0.16727894075713837,0.0,0.5559278335580929,0.11825332823371645,1.0,0.7124248988035008
494.0,0.0013795749189487755,14.267967342195906,111.60981331277003,43.740802875824585,8.116379837495773,7.281074276478504,7.04244724017498,1.2531319786678154,301.484868513344,-0.034532635971049365,-0.07998247119353971,-0.045449835222490347,1.0,0.07975396303666933,7.695087611479245e-12,2.3,0.007179390042175876,0.2365066564674329,0.08364186308551462,-0.00031013599384382767,0.3314028585757679,0.12845145807779382,0.11825332823371645,1.75,3046758.202963581,0.15950792607333866,0.05495383841336359,-0.04182093154275731,-0.04182093154275731,0.04182093154275731,0.04182093154275731,-0.16728372617102924,-0.16728372617102924,0.0,0.5561828857745343,0.11825332823371645,1.0,0.713804545237601
495.0,0.0013794322704362594,14.267705903348617,111.60884717437287,43.73444223822327,8.115911102026159,7.280727518470073,7.0424903959244025,1.253050180097385,301.48483950392983,-0.03453626700348654,-0.07998273212562086,-0.04544646512213432,1.0,0.07975711557776854,7.695391785454225e-12,2.3,0.0071772435588009316,0.2365066564674329,0.08364425083554684,-0.0003098924301897171,0.33137282054060185,0.12844255566383836,0.11825332823371645,1.75,3045789.9923564307,0.1595142311555371,0.05495306145716097,-0.04182212541777342,-0.04182212541777342,0.04182212541777342,0.04182212541777342,-0.1672885016710937,-0.1672885016710937,0.0,0.5564374146272965,0.11825332823371645,1.0,0.7151840488322935
496.0,0.0013792900028283318,14.267443564408232,111.60788434454504,43.72809889323812,8.115443960997423,7.2803817943410065,7.042533328018807,1.2529686083614013,301.4848105726645,-0.03453988867615632,-0.07998299250631798,-0.04544310383016165,1.0,0.07976026195921927,7.695695365113473e-12,2.3,0.007175109225267863,0.2365066564674329,0.08364663361825957,-0.0003096494492228165,0.3313428622004324,0.1284336764356728,0.11825332823371645,1.75,3044824.2657430484,0.15952052391843854,0.05495228181001765,-0.04182331680912978,-0.04182331680912978,0.04182331680912978,0.04182331680912978,-0.16729326723651913,-0.16729326723651913,0.0,0.5566914200593701,0.11825332823371645,1.0,0.7165634099689258
497.0,0.0013791481152403862,14.267180345043414,111.60692480297193,43.72177279984021,8.114978407755718,7.280037100278788,7.0425760376026645,1.2528872628829035,301.48478171936193,-0.03454350100839926,-0.07998325233446271,-0.045439751326063454,1.0,0.07976340217246197,7.695998349631123e-12,2.3,0.007172986970184377,0.2365066564674329,0.08364901142343928,-0.0003094070502855347,0.3313129833700751,0.12842482033981373,0.11825332823371645,1.75,3043861.019887047,0.15952680434492394,0.05495149952976872,-0.04182450571171964,-0.04182450571171964,0.04182450571171964,0.04182450571171964,-0.16729802284687856,-0.16729802284687856,0.0,0.5569449020225854,0.11825332823371645,1.0,0.7179426290279601
498.0,0.0013790066067894348,14.26691626466673,111.60596852955322,43.71546391708445,8.114514435695531,7.279693432498768,7.042618525812699,1.252806143086356,301.48475294383655,-0.03454710401953125,-0.07998351160892128,-0.045436407589390035,1.0,0.07976653620921727,7.696300738208334e-12,2.3,0.007170876722720278,0.2365066564674329,0.08365138424120235,-0.00030916523271357733,0.3312831838648927,0.12841598732292783,0.11825332823371645,1.75,3042900.251516975,0.15953307241843454,0.054950714673500656,-0.04182569212060117,-0.04182569212060117,0.04182569212060117,0.04182569212060117,-0.1673027684824047,-0.1673027684824047,0.0,0.5571978604808832,0.11825332823371645,1.0,0.7193217063889751
499.0,0.001378865476593466,14.26665134253912,111.60501550431313,43.709172204060415,8.114052038238688,7.2793507872308,7.042660793781078,1.2527252483970859,301.4847242459032,-0.03455069772887081,-0.07998377032858198,-0.04543307259971117,1.0,0.0797696640613895,7.696602530063994e-12,2.3,0.007168778412419408,0.2365066564674329,0.08365375206185371,-0.00030892399583772214,0.3312534635002889,0.12840717733173015,0.11825332823371645,1.75,3041941.9573393734,0.159539328122779,0.054949927297860426,-0.04182687603092686,-0.04182687603092686,0.04182687603092686,0.04182687603092686,-0.16730750412370743,-0.16730750412370743,0.0,0.5574502954068967,0.11825332823371645,1.0,0.7207006424306666
500.0,0.00137872472377214,14.266385597669856,111.60406570748634,43.7028976199418,8.113591208854599,7.27900916073214,7.042702842632316,1.2526445782418474,301.4846956253766,-0.03455428215571144,-0.07998402849236684,-0.0454297463366554,1.0,0.07977278572115816,7.696903724443539e-12,2.3,0.007166691969379422,0.2365066564674329,0.08365611487602102,-0.00030868333898222844,0.3312238220922207,0.12839839031308467,0.11825332823371645,1.75,3040986.1340267197,0.15954557144231632,0.05494913745875935,-0.04182805743801051,-0.04182805743801051,0.04182805743801051,0.04182805743801051,-0.16731222975204205,-0.16731222975204205,0.0,0.5577022067851444,0.11825332823371645,1.0,0.7220794375308494
501.0,0.001378584347446074,14.266119048919208,111.60311911943009,43.696640123937364,8.11313194103962,7.278668549274336,7.042744673486424,1.2525641320482555,301.48466708207224,-0.03455785731934886,-0.07998428609921973,-0.045426428779870874,1.0,0.07977590118088247,7.697204320609746e-12,2.3,0.007164617324066195,0.2365066564674329,0.08365847267451688,-0.00030844326146653754,0.3311942594566861,0.1283896262139043,0.11825332823371645,1.75,3040032.7782301595,0.15955180236176494,0.054948345211676894,-0.04182923633725844,-0.04182923633725844,0.04182923633725844,0.04182923633725844,-0.16731694534903377,-0.16731694534903377,0.0,0.5579535946086935,0.11825332823371645,1.0,0.7234580920664585
502.0,0.0013784443467375314,14.265851714900137,111.60217572070846,43.69039967534033,8.11267422833696,7.2783289491558865,7.042786287455853,1.2524839092453521,301.4846386158059,-0.03456142323905342,-0.07998454314811752,-0.04542311990906411,1.0,0.07977901043319194,7.697504317851469e-12,2.3,0.007162554407490916,0.2365066564674329,0.08366082544846927,-0.00030820376260375814,0.3311647754102326,0.1283808849812498,0.11825332823371645,1.75,3039081.8865677766,0.15955802086638388,0.05494755061136965,-0.041830412724234635,-0.041830412724234635,0.041830412724234635,0.041830412724234635,-0.16732165089693854,-0.16732165089693854,0.0,0.5582044588822689,0.11825332823371645,1.0,0.7248366064135503
503.0,0.0013783047207697908,14.265583614079159,111.60123549200603,43.68417623347935,8.11221806431636,7.2779903566893545,7.042827685648605,1.2524039092630397,301.4846102263933,-0.0345649799340972,-0.07998479963805842,-0.04541981970396122,1.0,0.07978211347089255,7.697803715474593e-12,2.3,0.00716050315102728,0.2365066564674329,0.08366317318918741,-0.0003079648417022878,0.331135369769449,0.12837216656223094,0.11825332823371645,1.75,3038133.4556369707,0.1595642269417851,0.054946753712169866,-0.041831586594593705,-0.041831586594593705,0.041831586594593705,0.041831586594593705,-0.16732634637837482,-0.16732634637837482,0.0,0.5584547996190059,0.11825332823371645,1.0,0.726214980947304
504.0,0.0013781654686677526,14.265314764679811,111.60029841421081,43.67796975776789,8.111763442593729,7.277652768213841,7.042868869165215,1.2523241315326454,301.4845819136508,-0.034568527423726576,-0.07998505556807307,-0.0454165281443465,1.0,0.07978521028705507,7.69810251281055e-12,2.3,0.007158463486586178,0.2365066564674329,0.0836655158882892,-0.000307726498064367,0.33110604235147617,0.12836347090410494,0.11825332823371645,1.75,3037187.4820030765,0.15957042057411014,0.054945954567699615,-0.0418327579441446,-0.0418327579441446,0.0418327579441446,0.0418327579441446,-0.1673310317765784,-0.1673310317765784,0.0,0.5587046168434693,0.11825332823371645,1.0,0.7275932160420228
505.0,0.0013780265895573436,14.265045184781675,111.59936446832911,43.67178020765516,8.111310356811083,7.277316180082261,7.042909839101817,1.2522445754863585,301.4845536773947,-0.034572065727189356,-0.0799853109372131,-0.045413245210023746,1.0,0.0797883008749236,7.69840070920749e-12,2.3,0.007156435346435289,0.2365066564674329,0.0836678535375697,-0.0003074887309876402,0.33107679297350306,0.12835479795417767,0.11825332823371645,1.75,3036243.9622113626,0.1595766017498472,0.05494515323116384,-0.04183392676878485,-0.04183392676878485,0.04183392676878485,0.04183392676878485,-0.1673357070751394,-0.1673357070751394,0.0,0.5589539105885025,0.11825332823371645,1.0,0.7289713120711353
506.0,0.0013778880825661144,14.26477489222559,111.59843363556718,43.665607542675495,8.110858800655917,7.276980588673654,7.042950596547173,1.2521652405577923,301.48452551744214,-0.03457559486370718,-0.0799855657445618,-0.04540997088085461,1.0,0.07979138522800219,7.698698304038654e-12,2.3,0.007154418663371405,0.2365066564674329,0.08367018612912602,-0.0003072515397637654,0.3310476214532549,0.1283461476599019,0.11825332823371645,1.75,3035302.8927759966,0.15958277045600439,0.054944349755069725,-0.04183509306456301,-0.04183509306456301,0.04183509306456301,0.04183509306456301,-0.16734037225825205,-0.16734037225825205,0.0,0.5592026808981567,0.11825332823371645,1.0,0.730349269407197
507.0,0.0013777499468226346,14.264503904710933,111.59750589724773,43.65945172239936,8.110408767841454,7.276645990380663,7.042991142585694,1.25208612618142,301.4844974336103,-0.03457911485250277,-0.07998581998922302,-0.04540670513672025,1.0,0.0797944633399647,7.698995296693659e-12,2.3,0.007152413370542629,0.2365066564674329,0.08367251365522871,-0.00030701492367991173,0.3310185276085163,0.128337519968779,0.11825332823371645,1.75,3034364.270191717,0.1595889266799294,0.05494354419151462,-0.041836256827614354,-0.041836256827614354,0.041836256827614354,0.041836256827614354,-0.16734502731045742,-0.16734502731045742,0.0,0.5594509278246234,0.11825332823371645,1.0,0.7317270884218914
508.0,0.0013776121814571387,14.264232239702505,111.59658123488995,43.65331270648267,8.109960252125708,7.2763123816216435,7.043031478294507,1.2520072317931388,301.48446942571644,-0.034582625712772284,-0.07998607367033178,-0.045403447957559497,1.0,0.07979753520473981,7.699291686586714e-12,2.3,0.007150419401618246,0.2365066564674329,0.08367483610844385,-0.0003067788820174317,0.33098951125761356,0.12832891482845676,0.11825332823371645,1.75,3033428.0909231068,0.15959507040947962,0.054942736591910284,-0.04183741805422193,-0.04183741805422193,0.04183741805422193,0.04183741805422193,-0.1673496722168877,-0.1673496722168877,0.0,0.5596986514310832,0.11825332823371645,1.0,0.7331047694860313
509.0,0.0013774747856008464,14.263959914526064,111.59565963012733,43.647190454617714,8.10951324729203,7.275979758828329,7.0430716047464434,1.2519285568297065,301.4844414935785,-0.03458612746371264,-0.0799863267870432,-0.045400199323330566,1.0,0.07980060081642314,7.69958747314813e-12,2.3,0.007148436690613399,0.2365066564674329,0.08367715348150712,-0.00030654341405329284,0.3309605722189169,0.12832033218663136,0.11825332823371645,1.75,3032494.351415906,0.15960120163284627,0.05494192700726569,-0.04183857674075356,-0.04183857674075356,0.04183857674075356,0.04183857674075356,-0.16735430696301423,-0.16735430696301423,0.0,0.55994585178873,0.11825332823371645,1.0,0.7344823129695603
510.0,0.0013773377583866653,14.263686946276906,111.59474106478677,43.64108492658262,8.109067747167899,7.27564811845776,7.043111523007132,1.251850100729302,301.4844136370146,-0.034589620124493826,-0.0799865793385429,-0.04539695921404908,1.0,0.07980366016936007,7.699882655832323e-12,2.3,0.007146465172056702,0.2365066564674329,0.08367946576744331,-0.0003063085190588194,0.33093171031135354,0.12831177199114477,0.11825332823371645,1.75,3031563.0480866516,0.15960732033872013,0.05494111548791627,-0.041839732883721656,-0.041839732883721656,0.041839732883721656,0.041839732883721656,-0.16735893153488662,-0.16735893153488662,0.0,0.5601925289795252,0.11825332823371645,1.0,0.7358597192415541
511.0,0.0013772010989484885,14.263413351913693,111.59382552080743,43.6349960821922,8.108623745605758,7.2753174569801615,7.043151234137962,1.2517718629309647,301.48438585584296,-0.034593103714286165,-0.07998683132403625,-0.045393727609750086,1.0,0.07980671325805962,7.70017723410949e-12,2.3,0.00714450478081716,0.2365066564674329,0.08368177295944373,-0.00030607419630104506,0.33090292535388943,0.1283032341898875,0.11825332823371645,1.75,3030634.1773336316,0.15961342651611923,0.05494030208380167,-0.04184088647972187,-0.04184088647972187,0.04184088647972187,0.04184088647972187,-0.16736354591888747,-0.16736354591888747,0.0,0.5604386830933128,0.11825332823371645,1.0,0.7372369886702217
512.0,0.0013770648064218933,14.263139148168634,111.59291298031845,43.62892388134733,8.10818123650151,7.274987770890649,7.043190739193207,1.2516938428751558,301.48435814988267,-0.034596578252232786,-0.07998708274275848,-0.045390504490525695,1.0,0.07980976007727596,7.700471207473488e-12,2.3,0.007142555452269602,0.2365066564674329,0.08368407505098188,-0.00030584044504152955,0.33087421716604076,0.12829471873089512,0.11825332823371645,1.75,3029707.735526819,0.1596195201545519,0.05493948684419969,-0.04184203752549094,-0.04184203752549094,0.04184203752549094,0.04184203752549094,-0.16736815010196376,-0.16736815010196376,0.0,0.5606843142304974,0.11825332823371645,1.0,0.7386141216229068
513.0,0.0013769288799434648,14.262864351639672,111.59200342555941,43.622868283985966,8.107740213775656,7.2746590566973195,7.043230039222944,1.251616040003195,301.4843305189524,-0.03460004375747672,-0.0799873335939642,-0.04538728983648749,1.0,0.07981280062192364,7.700764575433646e-12,2.3,0.007140617122124161,0.2365066564674329,0.08368637203569397,-0.0003056072645376453,0.3308455855673744,0.12828622556225172,0.11825332823371645,1.75,3028783.7190185394,0.15962560124384728,0.054938669817999275,-0.041843186017846985,-0.041843186017846985,0.041843186017846985,0.041843186017846985,-0.16737274407138794,-0.16737274407138794,0.0,0.5609294224992318,0.11825332823371645,1.0,0.7399911184660896
514.0,0.001376793318651462,14.26258897870228,111.59109683895669,43.61682925013238,8.107300671391519,7.274331310932782,7.043269135270227,1.2515384537578227,301.4843029628717,-0.034603500249133494,-0.07998758387693729,-0.045384083627803794,1.0,0.0798158348871576,7.701057337522484e-12,2.3,0.007138689726589219,0.2365066564674329,0.08368866390749305,-0.00030537465404144754,0.33081703037800103,0.12827775463218577,0.11825332823371645,1.75,3027862.1241336945,0.1596316697743152,0.05493785105343912,-0.041844331953746525,-0.041844331953746525,0.041844331953746525,0.041844331953746525,-0.1673773278149861,-0.1673773278149861,0.0,0.5611740080180214,0.11825332823371645,1.0,0.741367979565387
515.0,0.0013766581216851648,14.262313045599987,111.5901932030452,43.61080673984822,8.106862603336653,7.274004530142416,7.043308028373958,1.251461083582637,301.48427548146003,-0.0346069477463182,-0.0799878335909806,-0.045380885844662405,1.0,0.0798188628682901,7.701349493287706e-12,2.3,0.0071367732022033096,0.2365066564674329,0.0836909506604512,-0.00030514261280090377,0.33078855141808633,0.12826930588897426,0.11825332823371645,1.75,3026942.9471801077,0.1596377257365802,0.05493703059837579,-0.0418454753302256,-0.0418454753302256,0.0418454753302256,0.0418454753302256,-0.1673819013209024,-0.1673819013209024,0.0,0.5614180709129915,0.11825332823371645,1.0,0.7427447052855554
516.0,0.001376523288185519,14.26203656835774,111.5892925005434,43.60480071328174,8.106426003640799,7.273678710895733,7.043346719566102,1.2513839289226558,301.4842480745376,-0.034610386268118035,-0.07998808273542567,-0.04537769646730763,1.0,0.07982188456086911,7.701641042299757e-12,2.3,0.0071348674859957545,0.2365066564674329,0.08369323228891071,-0.0003049111400588235,0.3307601485083366,0.12826087928103805,0.11825332823371645,1.75,3026026.184439048,0.15964376912173822,0.05493620850002703,-0.041846616144455354,-0.041846616144455354,0.041846616144455354,0.041846616144455354,-0.16738646457782141,-0.16738646457782141,0.0,0.5616616113204151,0.11825332823371645,1.0,0.7441212959904907
517.0,0.0013763888172945021,14.261759562870838,111.58839471427648,43.598811130618834,8.10599086635757,7.273353849774818,7.043385209874525,1.2513069892237547,301.48422074192456,-0.03461381583361944,-0.07998833130962264,-0.045374515476003206,1.0,0.07982489996059684,7.701931984143961e-12,2.3,0.007132972515320989,0.2365066564674329,0.08369550878737031,-0.0003046802350540266,0.3307318214695086,0.12825247475684648,0.11825332823371645,1.75,3025111.832175267,0.15964979992119369,0.054935384805235056,-0.041847754393685155,-0.041847754393685155,0.041847754393685155,0.041847754393685155,-0.16739101757474062,-0.16739101757474062,0.0,0.5619046293840594,0.11825332823371645,1.0,0.7454977520432308
518.0,0.0013762547081557748,14.261482044819834,111.58749982725001,43.59283795213232,8.105557185582153,7.273029943385514,7.043423500320229,1.2512302639332271,301.48419348344146,-0.03461723646188059,-0.07998857931294973,-0.045371342851069134,1.0,0.07982790906340667,7.702222318427952e-12,2.3,0.007131088228017205,0.2365066564674329,0.08369778015059236,-0.00030444989702032964,0.3307035701229108,0.12824409226501216,0.11825332823371645,1.75,3024199.8866278217,0.15965581812681334,0.0549345595602145,-0.04184889007529618,-0.04184889007529618,0.04184889007529618,0.04184889007529618,-0.16739556030118471,-0.16739556030118471,0.0,0.5621471252576344,0.11825332823371645,1.0,0.7468740738059559
519.0,0.001376120959913993,14.261204029757888,111.58660782257448,43.58688113813289,8.105124955433247,7.2727069883460365,7.043461591920171,1.251153752499224,301.4841662989094,-0.03462064817195866,-0.07998882674480343,-0.04536817857284477,1.0,0.07983091186538319,7.702512044773946e-12,2.3,0.007129214562242379,0.2365066564674329,0.08370004637349238,-0.00030422012518765377,0.33067539428989773,0.12823573175419606,0.11825332823371645,1.75,3023290.3440197916,0.15966182373076637,0.054933732810810945,-0.04185002318674619,-0.04185002318674619,0.04185002318674619,0.04185002318674619,-0.16740009274698475,-0.16740009274698475,0.0,0.5623890991022222,0.11825332823371645,1.0,0.7482502616399909
520.0,0.0013759875717155425,14.260925533027187,111.58571868353768,43.58094064901842,8.104694170070516,7.272384981297995,7.043499485684528,1.2510774543713128,301.4841391881493,-0.03462405098288216,-0.07998907360460768,-0.045365022621725516,1.0,0.07983390836283766,7.702801162826038e-12,2.3,0.007127351456631421,0.2365066564674329,0.08370230745124398,-0.00030399091878107175,0.33064729379237334,0.1282273931732017,0.11825332823371645,1.75,3022383.200549404,0.15966781672567532,0.05493290460225342,-0.04185115372562199,-0.04185115372562199,0.04185115372562199,0.04185115372562199,-0.16740461490248795,-0.16740461490248795,0.0,0.5626305510886466,0.11825332823371645,1.0,0.7496263159058056
521.0,0.0013758545427078024,14.260646569844756,111.58483239353052,43.57501644522501,8.104264823676802,7.272063918895186,7.043537182619474,1.2510013689999167,301.48411215098287,-0.034627444913678224,-0.07998931989180437,-0.045361874978126146,1.0,0.0798368985522295,7.70308967224261e-12,2.3,0.007125498850134087,0.2365066564674329,0.0837045633791706,-0.00030376227702185355,0.3306192684522921,0.12821907647088132,0.11825332823371645,1.75,3021478.4523994564,0.159673797104459,0.05493207497940841,-0.0418522816895853,-0.0418522816895853,0.0418522816895853,0.0418522816895853,-0.1674091267583412,-0.1674091267583412,0.0,0.562871481394978,0.11825332823371645,1.0,0.7510022369630173
522.0,0.0013757218720398562,14.260367155220347,111.5839489361182,43.56910848727611,8.103836910475303,7.2717437978144375,7.043574683724486,1.2509254958368747,301.4840851872319,-0.03463082998334507,-0.07998956560586229,-0.04535873562251722,1.0,0.07983988243024033,7.703377572703492e-12,2.3,0.007123656682169925,0.2365066564674329,0.083706814152848,-0.00030353419912656886,0.33059131809215353,0.12821078159622906,0.11825332823371645,1.75,3020576.0957287014,0.15967976486048066,0.05493124398653659,-0.041853407076424,-0.041853407076424,0.041853407076424,0.041853407076424,-0.167413628305696,-0.167413628305696,0.0,0.563111890208835,0.11825332823371645,1.0,0.7523780251703911
523.0,0.001375589558861809,14.260087304040724,111.58306829496728,43.563216735733675,8.10341042471206,7.271424614744571,7.043611989995085,1.2508498343348817,301.48405829671856,-0.03463420621087914,-0.07998981074626775,-0.04535560453538861,1.0,0.07984285999369724,7.703664863902538e-12,2.3,0.007121824892468677,0.2365066564674329,0.08370905976799833,-0.0003033066843080792,0.3305634425345088,0.12820250849828743,0.11825332823371645,1.75,3019676.1266809874,0.15968571998739448,0.0549304116675424,-0.04185452988399917,-0.04185452988399917,0.04185452988399917,0.04185452988399917,-0.16741811953599667,-0.16741811953599667,0.0,0.5633517777249609,0.11825332823371645,1.0,0.7537536808858419
524.0,0.0013754576023254639,14.25980703098906,111.58219045391559,43.5573411512473,8.102985360672886,7.271106366397094,7.043649102420174,1.2507743839480456,301.48403147926535,-0.03463757361524773,-0.07999005531253346,-0.04535248169728573,1.0,0.07984583123964487,7.703951545554607e-12,2.3,0.007120003421222931,0.2365066564674329,0.0837113002205908,-0.00030307973177469205,0.33053564160245846,0.1281942571262405,0.11825332823371645,1.75,3018778.5413769362,0.15969166247928973,0.054929578065735195,-0.0418556501102954,-0.0418556501102954,0.0418556501102954,0.0418556501102954,-0.1674226004411816,-0.1674226004411816,0.0,0.5635911441474506,0.11825332823371645,1.0,0.7551292044664356
525.0,0.00137532600158366,14.259526350627667,111.58131539690056,43.55148169450529,8.102561712666093,7.270789049495321,7.043686021984747,1.25069914413133,301.4840047346949,-0.034640932215416004,-0.07999029930418931,-0.04534936708877331,1.0,0.07984879616527053,7.70423761738831e-12,2.3,0.007118192208930758,0.2365066564674329,0.08371353550673774,-0.00030285334073109266,0.3305079151191535,0.12818602742932067,0.11825332823371645,1.75,3017883.335922768,0.15969759233054107,0.054928743224074275,-0.04185676775336887,-0.04185676775336887,0.04185676775336887,0.04185676775336887,-0.16742707101347548,-0.16742707101347548,0.0,0.5638299896874064,0.11825332823371645,1.0,0.7565045962683902
526.0,0.0013751947557909235,14.25924527731885,111.580443108028,43.545638326283836,8.1021394750392,7.270472660784901,7.043722749667253,1.2506241143411103,301.48397806283043,-0.034644282030319586,-0.079990542720791,-0.04534626069047141,1.0,0.07985175476797488,7.70452307915285e-12,2.3,0.0071163911965464515,0.2365066564674329,0.0837157656227927,-0.000302627510377563,0.3304802629082878,0.12817781935690137,0.11825332823371645,1.75,3016990.5064022625,0.15970350953594975,0.054927907184934226,-0.04185788281139635,-0.04185788281139635,0.04185788281139635,0.04185788281139635,-0.1674315312455854,-0.1674315312455854,0.0,0.5640683145650915,0.11825332823371645,1.0,0.7578798566470775
527.0,0.0013750638641028214,14.258963825306202,111.57957357150167,43.539811007398114,8.101718642161897,7.270157197023122,7.043759286442286,1.2505492940346157,301.4839514634953,-0.03464762307889176,-0.07999078556191108,-0.045343162483019325,1.0,0.07985470704529825,7.704807930610906e-12,2.3,0.007114600325324942,0.2365066564674329,0.08371799056525005,-0.0003024022399108494,0.33045268479361467,0.12816963285840433,0.11825332823371645,1.75,3016100.048885319,0.1597094140905965,0.05492706999034584,-0.041858995282625024,-0.041858995282625024,0.041858995282625024,0.041858995282625024,-0.1674359811305001,-0.1674359811305001,0.0,0.5643061190076545,0.11825332823371645,1.0,0.7592549859570243
528.0,0.0013749333256766222,14.25868200863682,111.57870677169066,43.533999698751366,8.101299208442509,7.269842654989253,7.043795633277969,1.250474682670487,301.4839249365133,-0.03465095538003592,-0.07999102782714733,-0.04534007244711141,1.0,0.07985765299499023,7.705092171545346e-12,2.3,0.007112819536970888,0.2365066564674329,0.08372021033083935,-0.0003021775285234331,0.3304251805994278,0.1281614678833915,0.11825332823371645,1.75,3015211.959420149,0.15971530598998046,0.05492623168176549,-0.04186010516541967,-0.04186010516541967,0.04186010516541967,0.04186010516541967,-0.1674404206616787,-0.1674404206616787,0.0,0.5645434032512205,0.11825332823371645,1.0,0.7606299845519141
529.0,0.0013748031396706357,14.258399841241157,111.57784269306045,43.52820436128612,8.100881168311211,7.269529031474032,7.043831791138611,1.2504002797082168,301.4838984817082,-0.03465427895265275,-0.07999126951611413,-0.045336990563461375,1.0,0.07986059261493716,7.705375801752232e-12,2.3,0.007111048773484989,0.2365066564674329,0.08372242491642792,-0.00030195337540435017,0.3303977501500782,0.12815332438147342,0.11825332823371645,1.75,3014326.2340415893,0.15972118522987433,0.0549253923003116,-0.04186121245821396,-0.04186121245821396,0.04186121245821396,0.04186121245821396,-0.16744484983285585,-0.16744484983285585,0.0,0.5647801675386813,0.11825332823371645,1.0,0.7620048527845877
530.0,0.0013746733052448668,14.25811733685669,111.57698132023906,43.52242495603315,8.100464516236263,7.269216323289848,7.043867760982128,1.2503260846087079,301.48387209890467,-0.03465759381561283,-0.0799915106284505,-0.045333916812837674,1.0,0.0798635259032304,7.705658821047409e-12,2.3,0.007109287977311187,0.2365066564674329,0.08372463431911321,-0.0003017297797385095,0.3303703932704575,0.1281452023024003,0.11825332823371645,1.75,3013442.8687635497,0.1597270518064608,0.05492455188653847,-0.04186231715955661,-0.04186231715955661,0.04186231715955661,0.04186231715955661,-0.16744926863822643,-0.16744926863822643,0.0,0.5650164121217178,0.11825332823371645,1.0,0.7633795910070454
531.0,0.0013745438215603618,14.257834509106262,111.57612263794908,43.51666144406274,8.100049246707455,7.268904527260377,7.043903543762668,1.2502520968337147,301.4838457879271,-0.03466089998778368,-0.07999175116381173,-0.045330851176028045,1.0,0.07986645285809559,7.705941229259675e-12,2.3,0.007107537091184946,0.2365066564674329,0.08372683853612771,-0.00030150674070746265,0.33034310978551634,0.12813710159597083,0.11825332823371645,1.75,3012561.859587034,0.15973290571619117,0.05492371048066827,-0.041863419268063855,-0.041863419268063855,0.041863419268063855,0.041863419268063855,-0.16745367707225542,-0.16745367707225542,0.0,0.5652521372586655,0.11825332823371645,1.0,0.7647541995704481
532.0,0.0013744146877798847,14.25755137142317,111.57526663107296,43.510913786533635,8.099635354252113,7.268593640230622,7.043939140428062,1.2501783158463995,301.4838195486007,-0.034664197488002424,-0.07999199112187723,-0.045327793633874805,1.0,0.07986937347795904,7.706223026237199e-12,2.3,0.007105796058278604,0.2365066564674329,0.08372903756492829,-0.00030128425748876503,0.3303158995207454,0.1281290222121227,0.11825332823371645,1.75,3011683.2024928676,0.15973874695591808,0.05492286812236903,-0.041864518782464145,-0.041864518782464145,0.041864518782464145,0.041864518782464145,-0.16745807512985658,-0.16745807512985658,0.0,0.5654873432164662,0.11825332823371645,1.0,0.7661286788251183
533.0,0.0013742859030672324,14.257267937128109,111.5744132845861,43.50518194464437,8.099222833418791,7.268283659056709,7.043974551922414,1.2501047411107746,301.4837933807505,-0.03466748633510283,-0.07999223050234233,-0.0453247441672395,1.0,0.07987228776137867,7.706504211840834e-12,2.3,0.007104064822051597,0.2365066564674329,0.083731231403104,-0.00030106232925670203,0.33028876230170195,0.1281209641008421,0.11825332823371645,1.75,3010806.8934494527,0.15974457552275734,0.05492202485098252,-0.041865615701552,-0.041865615701552,0.041865615701552,0.041865615701552,-0.167462462806208,-0.167462462806208,0.0,0.5657220302685984,0.11825332823371645,1.0,0.7675030291205418
534.0,0.0013741574665879109,14.25698421935557,111.57356258362093,43.49946587968204,8.098811678793034,7.26797458061576,7.044009779183586,1.25003137209226,301.4837672842023,-0.034670766547887956,-0.079992469304926,-0.04532170275703804,1.0,0.07987519570710909,7.706784785950418e-12,2.3,0.0071023433263938925,0.2365066564674329,0.08373342004846371,-0.0003008409551816983,0.3302616979544663,0.12811292721225384,0.11825332823371645,1.75,3009932.928405723,0.15975039141421818,0.05492118070530604,-0.041866710024231854,-0.041866710024231854,0.041866710024231854,0.041866710024231854,-0.16746684009692742,-0.16746684009692742,0.0,0.5659561986969709,0.11825332823371645,1.0,0.7688772508053694
535.0,0.0013740293775084873,14.256700231129432,111.57271451340128,43.49376555297383,8.098401884981316,7.267666401795858,7.044044823145755,1.249958208257124,301.4837412587817,-0.034674038145157224,-0.0799927075293628,-0.045318669384205576,1.0,0.07987809731403381,7.707064748458233e-12,2.3,0.00710063151547847,0.2365066564674329,0.08373560349894535,-0.0003006201344309871,0.33023470630520035,0.12810491149653114,0.11825332823371645,1.75,3009061.303298659,0.15975619462806762,0.054920335723816424,-0.041867801749472675,-0.041867801749472675,0.041867801749472675,0.041867801749472675,-0.1674712069978907,-0.1674712069978907,0.0,0.5661898487899163,0.11825332823371645,1.0,0.7702513442274176
536.0,0.0013739016349972157,14.256415985290708,111.57186905930539,43.48808092593567,8.097993446626573,7.2673591195057705,7.04407968473693,1.2498852490730392,301.4837153043154,-0.03467730114567905,-0.07999294517541039,-0.04531564402973134,1.0,0.07988099258122898,7.707344099275135e-12,2.3,0.007098929333902319,0.2365066564674329,0.08373778175270125,-0.0003003998661680751,0.33020778718058674,0.12809691690398525,0.11825332823371645,1.75,3008192.0140464986,0.15976198516245796,0.054919489944455724,-0.04186889087635062,-0.04186889087635062,0.04186889087635062,0.04186889087635062,-0.1674755635054025,-0.1674755635054025,0.0,0.5664229808440154,0.11825332823371645,1.0,0.7716253097336705
537.0,0.001373774238223427,14.25613149457171,111.57102620680115,43.48241196002373,8.097586358392368,7.267052730665053,7.044114364881479,1.2498124940085282,301.48368942062945,-0.034680555568217926,-0.07999318224284178,-0.04531262667462386,1.0,0.0798838815078971,7.707622838324179e-12,2.3,0.00709723672654133,0.2365066564674329,0.08373995480801044,-0.00030018014955335694,0.33018094040738033,0.12808894338497598,0.11825332823371645,1.75,3007325.056555955,0.1597677630157942,0.05491864340485101,-0.04186997740400522,-0.04186997740400522,0.04186997740400522,0.04186997740400522,-0.16747990961602088,-0.16747990961602088,0.0,0.5666555951621687,0.11825332823371645,1.0,0.7729991476702808
538.0,0.0013736471863581429,14.25584677152516,111.57018594150837,43.476758616783194,8.097180614978212,7.2667472322136435,7.044148864497672,1.2497399425335145,301.483663607551,-0.034683801431507066,-0.07999341873145252,-0.045309617299945454,1.0,0.07988676409342942,7.707900965546629e-12,2.3,0.007095553638689486,0.2365066564674329,0.08374212266336156,-0.00029996098374363136,0.3301541658128704,0.12808099089000052,0.11825332823371645,1.75,3006460.4267157144,0.15977352818685883,0.05491779614210411,-0.04187106133168078,-0.04187106133168078,0.04187106133168078,0.04187106133168078,-0.16748424532672312,-0.16748424532672312,0.0,0.5668876920553453,0.11825332823371645,1.0,0.7743728583825715
539.0,0.0013735204785734507,14.255561828597,111.56934824913483,43.47112085779964,8.096776211103949,7.266442621102102,7.044183184500181,1.2496675941187703,301.4836378649071,-0.03468703875427549,-0.07999365464105311,-0.04530661588677762,1.0,0.07988964033734101,7.708178480895697e-12,2.3,0.007093880015915185,0.2365066564674329,0.0837442853173667,-0.0002997423678926642,0.33012746322441283,0.12807305936960417,0.11825332823371645,1.75,3005598.1204033745,0.15977928067468203,0.054916948193007444,-0.04187214265868335,-0.04187214265868335,0.04187214265868335,0.04187214265868335,-0.1674885706347334,-0.1674885706347334,0.0,0.5671192718407259,0.11825332823371645,1.0,0.7757464422150373
540.0,0.0013733941140431584,14.255276678056784,111.56851311553766,43.46549864474782,8.096373141524861,7.266138894301075,7.044217325797649,1.2495954482364677,301.4836121925252,-0.0346902675552206,-0.07999388997147629,-0.045303622416255684,1.0,0.07989251023933153,7.708455384342403e-12,2.3,0.0070922158041991585,0.2365066564674329,0.08374644276884322,-0.00029952430115074823,0.33010083246989147,0.1280651487744699,0.11825332823371645,1.75,3004738.1334791887,0.15978502047866305,0.05491609959383746,-0.04187322138442161,-0.04187322138442161,0.04187322138442161,0.04187322138442161,-0.16749288553768643,-0.16749288553768643,0.0,0.5673503348433879,0.11825332823371645,1.0,0.7771198995113456
541.0,0.0013732680919421093,14.25499133206918,111.56768052666051,43.45989193934313,8.09597140101627,7.265836048791665,7.044251289295165,1.2495235043596256,301.4835865902331,-0.03469348785303535,-0.07999412472256937,-0.04530063686953401,1.0,0.0798953737992222,7.7087316758695e-12,2.3,0.007090560949792458,0.2365066564674329,0.0837485950167291,-0.0002993067826652277,0.33007427337726536,0.1280572590553285,0.11825332823371645,1.75,3003880.4617927647,0.1597907475984444,0.05491525038056661,-0.04187429750836455,-0.04187429750836455,0.04187429750836455,0.04187429750836455,-0.1674971900334582,-0.1674971900334582,0.0,0.5675808813945109,0.11825332823371645,1.0,0.7784932306143383
542.0,0.0013731424114468817,14.25470580262562,111.56685046859369,43.454300703390274,8.095570984388441,7.265534081574767,7.0442850758918585,1.2494517619626608,301.483561057859,-0.034696699666380844,-0.0799943588942013,-0.045297659227820454,1.0,0.07989823101701504,7.709007355477182e-12,2.3,0.007088915399352472,0.2365066564674329,0.08375074206016259,-0.00029908981158009365,0.3300477857750193,0.12804939016304748,0.11825332823371645,1.75,3003025.1011770265,0.15979646203403008,0.0549144005886606,-0.04187537103008129,-0.04187537103008129,0.04187537103008129,0.04187537103008129,-0.16750148412032517,-0.16750148412032517,0.0,0.5678109118330025,0.11825332823371645,1.0,0.7798664358660328
543.0,0.0013730170717351055,14.254420101614494,111.56602292751256,43.448724898734795,8.095171886471396,7.265232989661577,7.044318686483343,1.2493802205208369,301.4835355952311,-0.03469990301391341,-0.07999459248625546,-0.045294689472342047,1.0,0.07990108189283092,7.70928242317711e-12,2.3,0.007087279099803002,0.2365066564674329,0.08375288389840016,-0.0002988733870364658,0.3300213694917113,0.1280415420485427,0.11825332823371645,1.75,3002172.0474546775,0.15980216378566184,0.05491355025328642,-0.04187644194920008,-0.04187644194920008,0.04187644194920008,0.04187644194920008,-0.16750576779680032,-0.16750576779680032,0.0,0.5680404265037662,0.11825332823371645,1.0,0.7812395156076237
544.0,0.0013728920719861344,14.254134240754079,111.5651978897367,43.4431644873117,8.094774102129607,7.264932770082788,7.044352121959346,1.249308879510812,301.48351020217837,-0.03470309791425731,-0.07999482549863633,-0.04529172758437902,1.0,0.07990392642696788,7.70955687899804e-12,2.3,0.007085651998468344,0.2365066564674329,0.08375502053089412,-0.0002986575081722338,0.3299950243564293,0.1280337146628659,0.11825332823371645,1.75,3001321.2964323987,0.15980785285393576,0.05491269940911338,-0.04187751026544706,-0.04187751026544706,0.04187751026544706,0.04187751026544706,-0.16751004106178824,-0.16751004106178824,0.0,0.568269425759265,0.11825332823371645,1.0,0.7826124701794843
545.0,0.0013727674113803796,14.25384823166143,111.56437534166919,43.437619431097055,8.094377626247018,7.264633419879246,7.044385383206118,1.24923773841009,301.4834848785297,-0.03470628438603168,-0.07999505793126246,-0.04528877354523078,1.0,0.07990676461984048,7.709830722979975e-12,2.3,0.007084034042935061,0.2365066564674329,0.08375715195721196,-0.0002984421741224922,0.329968750198329,0.1280259079571172,0.11825332823371645,1.75,3000472.843907068,0.15981352923968095,0.05491184809051732,-0.04187857597860598,-0.04187857597860598,0.04187857597860598,0.04187857597860598,-0.16751430391442393,-0.16751430391442393,0.0,0.5684979099578514,0.11825332823371645,1.0,0.7839852999211676
546.0,0.0013726430890999759,14.253562085786525,111.56355526985477,43.43208969215647,8.093982453741546,7.264334936111,7.044418471104089,1.2491667966975684,301.48345962411446,-0.03470946244782342,-0.07999528978407316,-0.045285827336249744,1.0,0.07990959647203658,7.710103955179629e-12,2.3,0.007082425181184857,0.2365066564674329,0.08375927817711246,-0.0002982273840192228,0.32994254684710045,0.1280181218825323,0.11825332823371645,1.75,2999626.6856601685,0.15981919294407315,0.054910996331385215,-0.04187963908855623,-0.04187963908855623,0.04187963908855623,0.04187963908855623,-0.1675185563542249,-0.1675185563542249,0.0,0.5687258794652775,0.11825332823371645,1.0,0.7853580051714077
547.0,0.0013725191043281156,14.253275814479958,111.56273766092045,43.42657523259688,8.093588579550312,7.264037315848117,7.0444513865302545,1.2490960538529872,301.4834344387623,-0.034712632118213994,-0.07999552105702143,-0.045282888938807435,1.0,0.0799124219842581,7.710376575664733e-12,2.3,0.0070808253614577975,0.2365066564674329,0.0837613991904678,-0.0002980131369916871,0.329916414132505,0.12801035639039507,0.11825332823371645,1.75,2998782.8174638106,0.1598248439685162,0.054910144165315845,-0.0418806995952339,-0.0418806995952339,0.0418806995952339,0.0418806995952339,-0.1675227983809356,-0.1675227983809356,0.0,0.5689533346530745,0.11825332823371645,1.0,0.7867305862681218
548.0,0.001372395456249717,14.252989428928212,111.56192250163224,43.42107601461486,8.093195998643926,7.263740556179574,7.044484130355857,1.2490255093574796,301.4834093223033,-0.03471579341575233,-0.07999575175008058,-0.045279958334328255,1.0,0.07991524115737679,7.710648584519394e-12,2.3,0.0070792345323831074,0.2365066564674329,0.08376351499733606,-0.00029779943216615097,0.32989035188482485,0.12800261143212457,0.11825332823371645,1.75,2997941.2350753234,0.15983048231475358,0.054909291625427736,-0.04188175749866803,-0.04188175749866803,0.04188175749866803,0.04188175749866803,-0.16752702999467212,-0.16752702999467212,0.0,0.5691802759000142,0.11825332823371645,1.0,0.7881030435484107
549.0,0.0013722721440507651,14.252702940220153,111.56110977883698,43.41559200044847,8.092804706011929,7.2634446542042115,7.044516703448742,1.2489551626930202,301.48338427456764,-0.034718946358981706,-0.07999598186323734,-0.04527703550425563,1.0,0.07991805399237611,7.710919981838501e-12,2.3,0.007077652642844861,0.2365066564674329,0.08376562559788649,-0.00029758626866623576,0.3298643599344223,0.12799488695918784,0.11825332823371645,1.75,2997101.934243055,0.15983610798475223,0.05490843874455632,-0.04188281279894324,-0.04188281279894324,0.04188281279894324,0.04188281279894324,-0.16753125119577297,-0.16753125119577297,0.0,0.5694067035905475,0.11825332823371645,1.0,0.7894753773485609
550.0,0.0013721491669189735,14.252416359283528,111.56029947951826,43.410123152425555,8.092414696676894,7.263149607039517,7.0445491066710675,1.2488850133429732,301.48335929538615,-0.034722090966412655,-0.07999621139649826,-0.04527412043008561,1.0,0.07992086049040566,7.711190767732976e-12,2.3,0.007076079642110951,0.2365066564674329,0.08376773099247022,-0.000297373645612679,0.3298384381121871,0.1279871829231867,0.11825332823371645,1.75,2996264.9107012064,0.1598417209808113,0.05490758555506546,-0.04188386549623511,-0.04188386549623511,0.04188386549623511,0.04188386549623511,-0.16753546198494043,-0.16753546198494043,0.0,0.5696326181162005,0.11825332823371645,1.0,0.7908475880040458
551.0,0.0013720265240431129,14.25212969695018,111.55949159073914,43.40466943291565,8.09202596568006,7.262855411812697,7.044581340881636,1.2488150607915431,301.4833343845894,-0.034725227256549716,-0.07999644034988312,-0.04527121309333341,1.0,0.07992366065272431,7.711460942324283e-12,2.3,0.00707451547969995,0.2365066564674329,0.08376983118154667,-0.0002971615621236455,0.32981258624908055,0.12797949927577124,0.11825332823371645,1.75,2995430.160175384,0.15984732130544863,0.054906732089040816,-0.041884915590773335,-0.041884915590773335,0.041884915590773335,0.041884915590773335,-0.16753966236309334,-0.16753966236309334,0.0,0.5698580198740789,0.11825332823371645,1.0,0.7922196758495268
552.0,0.001371904214613695,14.251842963893735,111.55868609969674,43.399230804378135,8.09163850809523,7.262562065669327,7.044613406933629,1.2487453045243235,301.48330954200884,-0.03472835524786448,-0.07999666872343097,-0.04526831347556649,1.0,0.07992645448075383,7.711730505749597e-12,2.3,0.007072960105509016,0.2365066564674329,0.08377192616575306,-0.0002969500173145294,0.3297868041765901,0.12797183596872522,0.11825332823371645,1.75,2994597.678377635,0.15985290896150767,0.0549058783781049,-0.04188596308287653,-0.04188596308287653,0.04188596308287653,0.04188596308287653,-0.16754385233150612,-0.16754385233150612,0.0,0.5700829092682095,0.11825332823371645,1.0,0.7935916412188552
553.0,0.001371782237822275,14.251556170693638,111.55788299366654,43.39380722931432,8.09125231901462,7.262269565764558,7.044645305676905,1.2486757440277454,301.48328476747605,-0.03473147495882227,-0.07999689651719383,-0.04526542155837156,1.0,0.07992924197602286,7.71199945815641e-12,2.3,0.00707141346968252,0.2365066564674329,0.08377401594583235,-0.0002967390102982271,0.3297610917262769,0.1279641929538811,0.11825332823371645,1.75,2993767.461011811,0.15985848395204572,0.054905024453607024,-0.041887007972916175,-0.041887007972916175,0.041887007972916175,0.041887007972916175,-0.1675480318916647,-0.1675480318916647,0.0,0.5703072867080943,0.11825332823371645,1.0,0.7949634844450731
554.0,0.0013716605928621728,14.251269327773985,111.55708226005581,43.388398670315425,8.090867393562567,7.261977909271653,7.044677037955771,1.2486063787896258,301.48326006082283,-0.03473458640785525,-0.07999712373124265,-0.045262537323387406,1.0,0.07993202314021919,7.712267799707574e-12,2.3,0.007069875522737823,0.2365066564674329,0.08377610052270121,-0.00029652854018496865,0.32973544873023397,0.1279565701832047,0.11825332823371645,1.75,2992939.503768792,0.15986404628043838,0.05490417034644163,-0.041888050261350604,-0.041888050261350604,0.041888050261350604,0.041888050261350604,-0.16755220104540242,-0.16755220104540242,0.0,0.5705311526100021,0.11825332823371645,1.0,0.7963352058604154
555.0,0.0013715392789277415,14.250982445466358,111.55628388634854,43.38300509001476,8.09048372688155,7.261687093373311,7.044708604611249,1.2485372082986197,301.4832354218814,-0.034737689613389064,-0.07999735036566095,-0.04525966075227189,1.0,0.07993479797513561,7.712535530576064e-12,2.3,0.007068346215435818,0.2365066564674329,0.08377817989737987,-0.0002963186060825548,0.3297098750206234,0.12794896760871002,0.11825332823371645,1.75,2992113.802331627,0.15986959595027123,0.05490331608723472,-0.041889089948689937,-0.041889089948689937,0.041889089948689937,0.041889089948689937,-0.16755635979475975,-0.16755635979475975,0.0,0.5707545073955804,0.11825332823371645,1.0,0.7977068057963104
556.0,0.001371418295215099,14.250695533949807,111.55548786015844,43.37762645113569,8.090101314145725,7.261397115270064,7.044740006478868,1.248468232044765,301.4832108504841,-0.034740784593815896,-0.0799975764205508,-0.04525679182673491,1.0,0.07993756648272057,7.712802650949875e-12,2.3,0.007066825498905462,0.2365066564674329,0.08378025407105763,-0.0002961092070962386,0.3296843704301315,0.12794138518254414,0.11825332823371645,1.75,2991290.352370981,0.15987513296544115,0.054902461706165674,-0.041890127035528815,-0.041890127035528815,0.041890127035528815,0.041890127035528815,-0.16756050814211526,-0.16756050814211526,0.0,0.5709773514930883,0.11825332823371645,1.0,0.7990782845833818
557.0,0.0013712976409214013,14.250408603312534,111.55469416917454,43.372262716443785,8.089720150547155,7.261107972171759,7.044771244390915,1.2483994495189363,301.4831863464639,-0.03474387136752128,-0.07999780189602664,-0.045253930528505355,1.0,0.07994032866502508,7.713069161026902e-12,2.3,0.007065313324515479,0.2365066564674329,0.08378232304502514,-0.00029590034232890425,0.32965893479152913,0.1279338228569025,0.11825332823371645,1.75,2990469.14955005,0.15988065733005016,0.05490160723315016,-0.04189116152251257,-0.04189116152251257,0.04189116152251257,0.04189116152251257,-0.16756464609005028,-0.16756464609005028,0.0,0.5711996853360675,0.11825332823371645,1.0,0.80044964255145
558.0,0.0013711773152455726,14.25012166349297,111.55390280121334,43.36691384879478,8.089340231309132,7.260819661305821,7.044802319174247,1.2483308602133882,301.48316190965386,-0.034746949952856945,-0.07999802679222091,-0.04525107683936397,1.0,0.07994308452425267,7.713335061019751e-12,2.3,0.007063809643997427,0.2365066564674329,0.08378438682073874,-0.0002956920108809931,0.3296335679381004,0.127926280584113,0.11825332823371645,1.75,2989650.1895202138,0.15988616904850533,0.05490075269766523,-0.04189219341036937,-0.04189219341036937,0.04189219341036937,0.04189219341036937,-0.1675687736414775,-0.1675687736414775,0.0,0.5714215093645192,0.11825332823371645,1.0,0.8018208800295334
559.0,0.001371057317387567,14.249834724340333,111.55311374416536,43.3615798110868,8.088961551672611,7.260532179908849,7.04483323165251,1.2482624636212105,301.4831375398874,-0.03475002036816778,-0.0799982511092782,-0.04524823074111042,1.0,0.07994583406270721,7.713600351150714e-12,2.3,0.007062314409319347,0.2365066564674329,0.08378644539975312,-0.0002954842118506489,0.32960826970321383,0.12791875831655178,0.11825332823371645,1.75,2988833.467925742,0.15989166812541442,0.05489989812892897,-0.04189322269987656,-0.04189322269987656,0.04189322269987656,0.04189322269987656,-0.16757289079950624,-0.16757289079950624,0.0,0.571642824023632,0.11825332823371645,1.0,0.80319199734585
560.0,0.0013709376465491114,14.249547795556785,111.5523269860463,43.35626056630817,8.088584106909352,7.260245525234768,7.044863982643985,1.2481942592368716,301.48311323699846,-0.03475308263176469,-0.07999847484736074,-0.04524539221559605,1.0,0.07994857728284165,7.713865031656464e-12,2.3,0.007060827572806958,0.2365066564674329,0.08378849878378453,-0.0002952769443336755,0.3295830399207579,0.12791125600672706,0.11825332823371645,1.75,2988018.9803996384,0.1598971545656833,0.05489904355572865,-0.04189424939189226,-0.04189424939189226,0.04189424939189226,0.04189424939189226,-0.16757699756756905,-0.16757699756756905,0.0,0.5718636297649062,0.11825332823371645,1.0,0.8045629948278183
561.0,0.0013708183019329884,14.249260886756876,111.55154251494466,43.35095607748978,8.088207892308521,7.2599596945465406,7.044894572963781,1.2481262465556728,301.4830890008207,-0.034756136761951405,-0.07999869800664261,-0.045242561244691205,1.0,0.07995131418720734,7.71412910278317e-12,2.3,0.007059349087018991,0.2365066564674329,0.08379054697464623,-0.00029507020742364784,0.32955787842470313,0.1279037736071953,0.11825332823371645,1.75,2987206.7225681464,0.15990262837441468,0.054898189006597216,-0.041895273487323116,-0.041895273487323116,0.041895273487323116,0.041895273487323116,-0.16758109394929246,-0.16758109394929246,0.0,0.5720839270449347,0.11825332823371645,1.0,0.8059338728020594
562.0,0.0013706992827437177,14.24897400741079,111.55076031907193,43.345666307752815,8.08783290318968,7.2596746851242155,7.0449250034216995,1.2480584250742919,301.4830648311889,-0.0347591827769975,-0.07999892058731511,-0.045239737810317614,1.0,0.07995404477850131,7.71439256479105e-12,2.3,0.007057878904866917,0.2365066564674329,0.0837925899743082,-0.00029486400021189863,0.32953278504953154,0.1278963110706447,0.11825332823371645,1.75,2986396.6900467915,0.15990808955700261,0.054897334509644624,-0.0418962949871541,-0.0418962949871541,0.0418962949871541,0.0418962949871541,-0.1675851799486164,-0.1675851799486164,0.0,0.5723037163264747,0.11825332823371645,1.0,0.8073046315943978
563.0,0.0013705805881868928,14.248687166902684,111.54998038671117,43.340391220261175,8.087459134889563,7.259390494256754,7.0449552748244075,1.2479907942902373,301.48304072793746,-0.034762220695165144,-0.07999914258958114,-0.045236921894416,1.0,0.07995676905951687,7.714655417949626e-12,2.3,0.007056416979491682,0.2365066564674329,0.0837946277848356,-0.000294658321787601,0.32950775962981904,0.1278888683498115,0.11825332823371645,1.75,2985588.8784446884,0.15991353811903375,0.05489648009273097,-0.0418973138924178,-0.0418973138924178,0.0418973138924178,0.0418973138924178,-0.1675892555696712,-0.1675892555696712,0.0,0.5725229980772801,0.11825332823371645,1.0,0.8086752715298631
564.0,0.0013704622174698505,14.248400374474961,111.54920270626627,43.33513077826909,8.087086582774873,7.259107119249948,7.044985387973326,1.2479233537023922,301.4830166909016,-0.03476525053468217,-0.07999936401366045,-0.04523411347897828,1.0,0.07995948703318981,7.714917662542152e-12,2.3,0.007054963264382319,0.2365066564674329,0.083796660408447,-0.000294453171237784,0.32948280200065183,0.12788144539756321,0.11825332823371645,1.75,2984783.2833607523,0.15991897406637962,0.054895625783301004,-0.0418983302042235,-0.0418983302042235,0.0418983302042235,0.0418983302042235,-0.167593320816894,-0.167593320816894,0.0,0.5727417727711288,0.11825332823371645,1.0,0.8100457929326914
565.0,0.0013703441698009967,14.248113639285553,111.54842726621129,43.32988494507364,8.086715242229255,7.258824557418377,7.045015343666774,1.247856102810469,301.4829927199164,-0.03476827231376871,-0.07999958485978408,-0.04523131254601537,1.0,0.07996219870255028,7.715179298860998e-12,2.3,0.007053517713253854,0.2365066564674329,0.08379868784745316,-0.00029424854764737953,0.32945791199720037,0.12787404216681553,0.11825332823371645,1.75,2983979.900387817,0.15992439740510056,0.05489477160855404,-0.04189934392372658,-0.04189934392372658,0.04189934392372658,0.04189934392372658,-0.16759737569490632,-0.16759737569490632,0.0,0.572960040886705,0.11825332823371645,1.0,0.8114161961263269
566.0,0.0013702264443904823,14.247826970353236,111.5476540551391,43.32465368406234,8.086345108665917,7.258542806093219,7.045045142697887,1.2477890411155521,301.4829688148177,-0.03477128605061037,-0.07999980512819956,-0.04522851907758919,1.0,0.07996490407076769,7.71544032721196e-12,2.3,0.007052080280164544,0.2365066564674329,0.08380071010431468,-0.0002940444500992765,0.32943308945515193,0.1278666586106148,0.11825332823371645,1.75,2983178.725109052,0.15992980814153537,0.05489391759528161,-0.04190035505215734,-0.04190035505215734,0.04190035505215734,0.04190035505215734,-0.16760142020862936,-0.16760142020862936,0.0,0.5731778029085708,0.11825332823371645,1.0,0.8127864814334226
567.0,0.001370109040449527,14.247540376613852,111.54688306171175,43.319436958665705,8.085976177514782,7.258261862614313,7.045074785856731,1.2477221681195527,301.4829449754412,-0.03477429176338482,-0.08000002481916549,-0.04522573305578067,1.0,0.07996760314110353,7.71570074790973e-12,2.3,0.00705065091939561,0.2365066564674329,0.08380272718158259,-0.0002938408776743293,0.32940833421027793,0.1278592946820558,0.11825332823371645,1.75,2982379.753101879,0.15993520628220706,0.0548930637700342,-0.041901363590791295,-0.041901363590791295,0.041901363590791295,0.041901363590791295,-0.16760545436316518,-0.16760545436316518,0.0,0.5733950593261011,0.11825332823371645,1.0,0.8141566491758426
568.0,0.001369991957191094,14.247253866866624,111.54611427470766,43.314234732404664,8.08560844423492,7.257981724337849,7.045104273928249,1.2476554833257527,301.48292120162347,-0.03477728947023503,-0.08000024393295647,-0.04522295446272145,1.0,0.07997029591695574,7.715960561282155e-12,2.3,0.007049229585566391,0.2365066564674329,0.08380473908195371,-0.0002936378294514467,0.3293836460988611,0.12785195033436314,0.11825332823371645,1.75,2981582.9799345406,0.1599405918339115,0.054892210158961854,-0.041902369540976855,-0.041902369540976855,0.041902369540976855,0.041902369540976855,-0.16760947816390742,-0.16760947816390742,0.0,0.5736118106344164,0.11825332823371645,1.0,0.815526699674663
569.0,0.001369875193829223,14.246967449829333,111.54534768297337,43.30904696884334,8.085241904301908,7.25770238862857,7.045133607694347,1.247588986238259,301.48289749320077,-0.03478027918929583,-0.08000046246985805,-0.045220183280562216,1.0,0.07997298240181232,7.716219767665777e-12,2.3,0.007047816233516336,0.2365066564674329,0.0838067458082135,-0.0002934353045075622,0.329359024957283,0.12784462552080997,0.11825332823371645,1.75,2980788.401169868,0.15994596480362464,0.0548913567879779,-0.04190337290410675,-0.04190337290410675,0.04190337290410675,0.04190337290410675,-0.167613491616427,-0.167613491616427,0.0,0.5738280573333553,0.11825332823371645,1.0,0.8168966332501731
570.0,0.0013697587495797026,14.246681134085676,111.54458327546985,43.303873631636336,8.08487655322007,7.257423852867337,7.045162787931867,1.2475226763625449,301.48287385001015,-0.03478326093866707,-0.08000068043017138,-0.045217419491504304,1.0,0.07997566259929446,7.71647836740999e-12,2.3,0.007046410818418206,0.2365066564674329,0.08380874736328942,-0.0002932333019177601,0.32933447062242044,0.12783732019479915,0.11825332823371645,1.75,2979996.012362022,0.15995132519858893,0.054890503682602516,-0.04190437368164471,-0.04190437368164471,0.04190437368164471,0.04190437368164471,-0.16761749472657883,-0.16761749472657883,0.0,0.5740437999283619,0.11825332823371645,1.0,0.8182664502218776
571.0,0.0013696426236593784,14.246394928139372,111.54382104122489,43.298714684481524,8.084512386510013,7.257146114443444,7.04519181541465,1.2474565532049087,301.48285027188876,-0.034786234736440304,-0.0800008978142082,-0.0452146630777679,1.0,0.07997833651311155,7.716736360872691e-12,2.3,0.007045013295661523,0.2365066564674329,0.0838107437501956,-0.00029303182075520926,0.32930998293125163,0.12783003430978168,0.11825332823371645,1.75,2979205.8090600483,0.1599566730262231,0.054889650868123356,-0.0419053718750978,-0.0419053718750978,0.0419053718750978,0.0419053718750978,-0.1676214875003912,-0.1676214875003912,0.0,0.5742590389295145,0.11825332823371645,1.0,0.8196361509084972
572.0,0.001369526815286873,14.2461088403625,111.54306096937866,43.29357009116729,8.084149399720697,7.256869170762067,7.0452206909115285,1.2473906162730133,301.4828267586741,-0.034789200600671914,-0.0800011146222956,-0.04521191402162369,1.0,0.0799810041471033,7.71699374842436e-12,2.3,0.007043623620964788,0.2365066564674329,0.08381273497208436,-0.00029283086009132303,0.32928556172125917,0.12782276781933785,0.11825332823371645,1.75,2978417.7868048046,0.1599620082942066,0.05488879836944206,-0.04190636748604218,-0.04190636748604218,0.04190636748604218,0.04190636748604218,-0.16762546994416871,-0.16762546994416871,0.0,0.5744737748523618,0.11825332823371645,1.0,0.8210057356279703
573.0,0.0013694113236818407,14.245822879048651,111.54230304913705,43.28843981552547,8.083787588417149,7.256593019236698,7.045249415188367,1.2473248650753428,301.48280331020396,-0.034792158549409695,-0.080001330854771,-0.045209172305361305,1.0,0.07998366550519546,7.717250530443773e-12,2.3,0.007042241750260035,0.2365066564674329,0.08381472103219313,-0.0002926304189956602,0.32926120683001536,0.1278155206770964,0.11825332823371645,1.75,2977631.941132362,0.15996733101039093,0.054887946211232004,-0.041907360516096566,-0.041907360516096566,0.041907360516096566,0.041907360516096566,-0.16762944206438626,-0.16762944206438626,0.0,0.5746880082169946,0.11825332823371645,1.0,0.8223752046974546
574.0,0.0013692961480657269,14.245537052362193,111.54154726981643,43.28332382147842,8.083426948192377,7.256317657296501,7.045277989006079,1.2472592991217437,301.4827799263166,-0.03479510860066616,-0.08000154651198672,-0.04520643791132056,1.0,0.07998632059144123,7.717506707322003e-12,2.3,0.007040867639803878,0.2365066564674329,0.08381670193389369,-0.00029243049653611376,0.3292369180956018,0.12780829283681452,0.11825332823371645,1.75,2976848.267571073,0.15997264118288246,0.05488709441778754,-0.041908350966946846,-0.041908350966946846,0.041908350966946846,0.041908350966946846,-0.16763340386778738,-0.16763340386778738,0.0,0.5749017395488417,0.11825332823371645,1.0,0.8237445584333284
575.0,0.0013691812876610227,14.245251368390422,111.54079362079763,43.27822207299207,8.083067474655232,7.256043082378832,7.045306413122644,1.247193917922883,301.4827566068502,-0.034798050772445036,-0.0800017615943053,-0.04520371082186027,1.0,0.07998896940997802,7.71776227945825e-12,2.3,0.007039501246063246,0.2365066564674329,0.0838186776806412,-0.000292231091778781,0.32921269535620057,0.12780108425229803,0.11825332823371645,1.75,2976066.7616447993,0.15997793881995603,0.054886243013178765,-0.0419093388403206,-0.0419093388403206,0.0419093388403206,0.0419093388403206,-0.1676373553612824,-0.1676373553612824,0.0,0.5751149693777889,0.11825332823371645,1.0,0.8251137971511917
576.0,0.0013690667416919795,14.244965835093808,111.54004209157006,43.27313453412288,8.082709163442178,7.255769291936499,7.045334688291142,1.2471287209907862,301.48273335164384,-0.03480098508271451,-0.08000197610210379,-0.04520099101938928,1.0,0.07999161196506757,7.718017247263712e-12,2.3,0.00703814252582528,0.2365066564674329,0.08382064827602159,-0.0002920322037881812,0.32918853845048324,0.1277938948774809,0.11825332823371645,1.75,2975287.4188701534,0.15998322393013514,0.0548853920211038,-0.041910324138010796,-0.041910324138010796,0.041910324138010796,0.041910324138010796,-0.16764129655204318,-0.16764129655204318,0.0,0.5753276982389286,0.11825332823371645,1.0,0.8264829211658682
577.0,0.0013689525093839195,14.244680460357147,111.53929267168637,43.26806116897101,8.082352010205295,7.255496283430385,7.045362815261757,1.2470637078382987,301.48271016053627,-0.03480391154943377,-0.08000219003576911,-0.04519827848633534,1.0,0.07999424826105427,7.718271611157554e-12,2.3,0.007036791436084482,0.2365066564674329,0.08382261372370217,-0.00029183383162709875,0.32916444721722543,0.12778672466634552,0.11825332823371645,1.75,2974510.2347595464,0.15998849652210853,0.05488454146504047,-0.041911306861851086,-0.041911306861851086,0.041911306861851086,0.041911306861851086,-0.16764522744740434,-0.16764522744740434,0.0,0.5755399266717253,0.11825332823371645,1.0,0.8278519307914062
578.0,0.0013688385899639167,14.244395251940768,111.53854535080603,43.26300194172718,8.081996010623923,7.255224054336616,7.045390794779827,1.2469988779796204,301.48268703336714,-0.03480683019052639,-0.08000240339570244,-0.04519557320517605,1.0,0.07999687830240375,7.718525371570648e-12,2.3,0.007035447934151052,0.2365066564674329,0.08382457402747805,-0.00029163597435682753,0.3291404214957094,0.127779573573002,0.11825332823371645,1.75,2973735.2048186096,0.1599937566048075,0.05488369136810144,-0.04191228701373902,-0.04191228701373902,0.04191228701373902,0.04191228701373902,-0.1676491480549561,-0.1676491480549561,0.0,0.5757516552207171,0.11825332823371645,1.0,0.8292208263410801
579.0,0.001368724982660119,14.244110217530709,111.53780011865057,43.2579568166259,8.081641160392804,7.25495260213928,7.045418627587824,1.2469342309297704,301.48266396997593,-0.03480974102390666,-0.08000261618231466,-0.045192875158408,1.0,0.07999950209366241,7.718778528941653e-12,2.3,0.007034111977539788,0.2365066564674329,0.08382652919122337,-0.00029143863103698036,0.3291164611253065,0.12777244155160883,0.11825332823371645,1.75,2972962.3245490487,0.15999900418732482,0.054882841753183045,-0.041913264595611684,-0.041913264595611684,0.041913264595611684,0.041913264595611684,-0.16765305838244673,-0.16765305838244673,0.0,0.575962884434734,0.11825332823371645,1.0,0.8305896081273921
580.0,0.0013686116867024341,14.243825364690839,111.53705696504646,43.25292575799228,8.081287455233573,7.254681924337488,7.045446314423431,1.2468697662051191,301.4826409702028,-0.03481264406745305,-0.08000282839603047,-0.045190184328577424,1.0,0.08000211963949531,7.719031083720682e-12,2.3,0.007032783524076747,0.2365066564674329,0.08382847921893698,-0.00029124180072576935,0.3290925659458934,0.12776532855645206,0.11825332823371645,1.75,2972191.5894462424,0.16000423927899063,0.05488199264282315,-0.04191423960946849,-0.04191423960946849,0.04191423960946849,0.04191423960946849,-0.16765695843787395,-0.16765695843787395,0.0,0.5761736148675498,0.11825332823371645,1.0,0.8319582764620734
581.0,0.0013684987013218215,14.243540700912105,111.53631587988119,43.24790873019531,8.080934890883071,7.254412018438214,7.045473856021497,1.2468054833228535,301.4826180338879,-0.03481553933903462,-0.080003040037284,-0.04518750069824939,1.0,0.08000473094464629,7.719283036365438e-12,2.3,0.007031462531789647,0.2365066564674329,0.0838304241146949,-0.00029104548247978006,0.32906873579744345,0.1277582345418658,0.11825332823371645,1.75,2971422.995001927,0.16000946188929258,0.054881144059347256,-0.04191521205734745,-0.04191521205734745,0.04191521205734745,0.04191521205734745,-0.1676608482293898,-0.1676608482293898,0.0,0.5763838470771463,0.11825332823371645,1.0,0.8333268316560856
582.0,0.00136838602575102,14.243256233565562,111.53557685314523,43.2429056976946,8.080583463104672,7.25414288196325,7.045501253112133,1.24674138180151,301.48259516087205,-0.03481842685648441,-0.08000325110652298,-0.04518482425003857,1.0,0.08000733601397501,7.719534387344816e-12,2.3,0.0070301489590133765,0.2365066564674329,0.08383236388269469,-0.0002908496753542781,0.3290449705204312,0.12775115946231144,0.11825332823371645,1.75,2970656.5367019447,0.16001467202795003,0.05488029602472884,-0.041916181941347344,-0.041916181941347344,0.041916181941347344,0.041916181941347344,-0.16766472776538938,-0.16766472776538938,0.0,0.5765935816263258,0.11825332823371645,1.0,0.834695274019622
583.0,0.0013682736592238204,14.242971969950666,111.534839874889,43.237916624993716,8.080233167676743,7.253874512442121,7.045528506422648,1.2466774611604405,301.482572350996,-0.03482130663762582,-0.08000346160420431,-0.045182154966578486,1.0,0.08000993485241836,7.71978513713515e-12,2.3,0.007028842764281578,0.2365066564674329,0.08383429852720885,-0.0002906543784029638,0.32902126995542547,0.12774410327229846,0.11825332823371645,1.75,2969892.2100287657,0.16001986970483673,0.054879448560732944,-0.041917149263604424,-0.041917149263604424,0.041917149263604424,0.041917149263604424,-0.1676685970544177,-0.1676685970544177,0.0,0.5768028190820167,0.11825332823371645,1.0,0.8360636038621094
584.0,0.001368161600975787,14.242687917249226,111.53410493526425,43.23294147668686,8.07988400040385,7.253606907418989,7.045555616675671,1.2466137209203418,301.4825496041011,-0.03482417870024612,-0.0800036715307981,-0.045179492830551976,1.0,0.08001252746502617,7.720035286223672e-12,2.3,0.0070275439064307246,0.2365066564674329,0.08383622805262889,-0.00029045959067829487,0.32899763394350073,0.127737065926463,0.11825332823371645,1.75,2969130.0104594054,0.16002505493005234,0.05487860168877908,-0.04191811402631444,-0.04191811402631444,0.04191811402631444,0.04191811402631444,-0.16767245610525777,-0.16767245610525777,0.0,0.5770115600158415,0.11825332823371645,1.0,0.8374318214922092
585.0,0.0013680498502435358,14.242404082572772,111.53337202448154,43.227980217412316,8.079535957105348,7.253340064445638,7.0455825845910525,1.2465501606027243,301.48252692002893,-0.0348270430621227,-0.08000388088678347,-0.04517683782466077,1.0,0.0800151138569237,7.720284835104897e-12,2.3,0.007026252344493466,0.2365066564674329,0.08383815246341939,-0.0002902653112312209,0.32897406232582477,0.12773004737948948,0.11825332823371645,1.75,2968369.933467776,0.1600302277138474,0.05487775543008203,-0.04191907623170969,-0.04191907623170969,0.04191907623170969,0.04191907623170969,-0.16767630492683877,-0.16767630492683877,0.0,0.5772198050034681,0.11825332823371645,1.0,0.8387999272178188
586.0,0.0013679384062654622,14.242120472917373,111.53264113285087,43.22303281189894,8.079189033626438,7.253073981088277,7.045609410884021,1.246486779730442,301.4825042986213,-0.03482989974099668,-0.08000408967265242,-0.04517418993165574,1.0,0.08001769403334658,7.720533784283987e-12,2.3,0.0070249680378010465,0.2365066564674329,0.08384007176416015,-0.000290071539111529,0.3289505549440675,0.12772304758618847,0.11825332823371645,1.75,2967611.97452274,0.16003538806669315,0.05487690980551747,-0.04192003588208008,-0.04192003588208008,0.04192003588208008,0.04192003588208008,-0.1676801435283203,-0.1676801435283203,0.0,0.5774275546251401,0.11825332823371645,1.0,0.8401679213460733
587.0,0.0013678272682810051,14.241837095210117,111.53191225074012,43.218099224919804,8.078843225826924,7.252808654920643,7.045636096267056,1.2464235778271595,301.48248173972047,-0.03483274875459909,-0.08000429788890571,-0.04517154913430663,1.0,0.08002026799960417,7.720782134273217e-12,2.3,0.007023690945878175,0.2365066564674329,0.0838419859595028,-0.00028987827336754944,0.32892711163999444,0.1277160665014188,0.11825332823371645,1.75,2966856.1290903306,0.16004053599920834,0.05487606483576002,-0.0419209929797514,-0.0419209929797514,0.0419209929797514,0.0419209929797514,-0.1676839719190056,-0.1676839719190056,0.0,0.5776348094650635,0.11825332823371645,1.0,0.8415358041833465
588.0,0.0013677164355313965,14.241553956264799,111.53118536861483,43.21317942133856,8.078498529592114,7.252544083530694,7.045662641448061,1.246360554417882,301.4824592431688,-0.03483559012062455,-0.08000450553605672,-0.045168915415432165,1.0,0.08002283576111355,7.721029885595254e-12,2.3,0.007022421028544264,0.2365066564674329,0.08384389505421128,-0.0002896855130465353,0.3289037322558744,0.12770910408016523,0.11825332823371645,1.75,2966102.392631942,0.1600456715222271,0.05487522054115146,-0.04192194752710564,-0.04192194752710564,0.04192194752710564,0.04192194752710564,-0.16768779010842255,-0.16768779010842255,0.0,0.5778415701119002,0.11825332823371645,1.0,0.8429035760352527
589.0,0.0013676059072589037,14.24127106282751,111.53046047699739,43.208273366063125,8.078154940821726,7.2522802645138205,7.04568904713223,1.246297709028424,301.48243680880915,-0.0348384238567574,-0.0800047126146273,-0.0451662887578699,1.0,0.08002539732336367,7.721277038779703e-12,2.3,0.007021158245809062,0.2365066564674329,0.0838457990531191,-0.00028949325719432865,0.3288804166340694,0.12770216027746042,0.11825332823371645,1.75,2965350.7606063923,0.16005079464672733,0.05487437694183621,-0.04192289952655955,-0.04192289952655955,0.04192289952655955,0.04192289952655955,-0.1676915981062382,-0.1676915981062382,0.0,0.5780478371581963,0.11825332823371645,1.0,0.8442712372066479
590.0,0.0013674956827075702,14.240988421533162,111.52973756650618,43.20338102409198,8.07781245544065,7.252017195479441,7.045715314020227,1.2462350411859366,301.4824144364848,-0.034841249980645424,-0.0800049191251516,-0.04516366914450618,1.0,0.08002795269194872,7.721523594366321e-12,2.3,0.0070199025579734025,0.2365066564674329,0.08384769796116959,-0.0002893015048557733,0.3288571646174396,0.12769523504846267,0.11825332823371645,1.75,2964601.2284682626,0.16005590538389744,0.05487353405763196,-0.041923848980584794,-0.041923848980584794,0.041923848980584794,0.041923848980584794,-0.16769539592233917,-0.16769539592233917,0.0,0.5782536112008355,0.11825332823371645,1.0,0.8456387880016311
591.0,0.001367385761122511,14.240706038950215,111.5290166278153,43.19850236046798,8.077471069387995,7.251754874044295,7.045741442810035,1.2461725504183798,301.482392126039,-0.03484406850992593,-0.08000512506817219,-0.04516105655824626,1.0,0.08003050187253326,7.721769552901653e-12,2.3,0.007018653925525765,0.2365066564674329,0.08384959178337388,-0.00028911025507435614,0.3288339760489524,0.12768832834837837,0.11825332823371645,1.75,2963853.7916698027,0.16006100374506652,0.054872691908162644,-0.04192479589168694,-0.04192479589168694,0.04192479589168694,0.04192479589168694,-0.16769918356674776,-0.16769918356674776,0.0,0.5784588928405098,0.11825332823371645,1.0,0.8470062287235461
592.0,0.0013672761417506008,14.240423921538047,111.52829765169328,43.19363734032451,8.07713077862771,7.251493297838965,7.045767434195161,1.246110236255046,301.4823698773155,-0.03484687946219949,-0.08000533044424343,-0.04515845098204394,1.0,0.08003304487088433,7.722014914942137e-12,2.3,0.007017412309241629,0.2365066564674329,0.08385148052484964,-0.0002889195068926421,0.3288108507720612,0.12768144013253901,0.11825332823371645,1.75,2963108.4456594284,0.16006608974176867,0.05487185051273154,-0.04192574026242482,-0.04192574026242482,0.04192574026242482,0.04192574026242482,-0.16770296104969928,-0.16770296104969928,0.0,0.5786636826821288,0.11825332823371645,1.0,0.8483735596749827
593.0,0.0013671668238397717,14.240142075690828,111.52758062896329,43.18878592883943,8.076791579137785,7.251232464501264,7.045793288866459,1.2460480982260342,301.4823476901583,-0.03484968285505606,-0.08000553525392799,-0.04515585239887193,1.0,0.08003558169283763,7.722259681050831e-12,2.3,0.007016177670081522,0.2365066564674329,0.08385336419078104,-0.0002887292593518888,0.3287877886303258,0.1276745703563241,0.11825332823371645,1.75,2962365.18588347,0.16007116338567526,0.0548710098904517,-0.04192668209539052,-0.04192668209539052,0.04192668209539052,0.04192668209539052,-0.1677067283815621,-0.1677067283815621,0.0,0.5788679813343347,0.11825332823371645,1.0,0.849740781157778
594.0,0.0013670578066397238,14.239860507695676,111.52686555054125,43.18394809128104,8.07645346692072,7.250972371682644,7.045819007510355,1.2459861358627744,301.48232556441195,-0.034852478706048774,-0.08000573949780004,-0.04515326079175127,1.0,0.08003811234432918,7.722503851800473e-12,2.3,0.007014949969289308,0.2365066564674329,0.0838552427864557,-0.0002885395114925037,0.32876478946780163,0.12766771897523768,0.11825332823371645,1.75,2961624.007784788,0.16007622468865837,0.05487017006012145,-0.04192762139322785,-0.04192762139322785,0.04192762139322785,0.04192762139322785,-0.1677104855729114,-0.1677104855729114,0.0,0.5790717894098768,0.11825332823371645,1.0,0.8511078934730177
595.0,0.0013669490894012315,14.239579223775728,111.52615240739684,43.17912379296226,8.076116437992875,7.2507130170417,7.045844590810652,1.2459243486974998,301.4823034999209,-0.0348552670327198,-0.08000594317644179,-0.045150676143721986,1.0,0.08004063683136178,7.722747427770246e-12,2.3,0.007013729168291183,0.2365066564674329,0.08385711631722598,-0.00028835026235364243,0.3287418531286363,0.12766088594483233,0.11825332823371645,1.75,2960884.906804419,0.16008127366272357,0.054869331040352395,-0.04192855815861299,-0.04192855815861299,0.04192855815861299,0.04192855815861299,-0.16771423263445195,-0.16771423263445195,0.0,0.5792751075251562,0.11825332823371645,1.0,0.8524748969210382
596.0,0.0013668406713768207,14.239298230049101,111.52544119059081,43.174312999286414,8.075780488394807,7.250454398250487,7.0458700394467755,1.2458627362637713,301.4822814965302,-0.03485804785257451,-0.08000614629044675,-0.04514809843787224,1.0,0.08004315516003598,7.722990409548764e-12,2.3,0.007012515228792796,0.2365066564674329,0.08385898478854557,-0.0002881615109736812,0.3287189794574875,0.1276540712207843,0.11825332823371645,1.75,2960147.8783803037,0.16008631032007195,0.054868492849447295,-0.04192949239427279,-0.04192949239427279,0.04192949239427279,0.04192949239427279,-0.16771796957709115,-0.16771796957709115,0.0,0.5794779363005685,0.11825332823371645,1.0,0.8538417918014272
597.0,0.0013667325518200851,14.239017532571104,111.52473189123668,43.16951567570146,8.07544561418075,7.250196512988098,7.045895354095556,1.2458012980959523,301.4822595540852,-0.03486082118310708,-0.08000634884041619,-0.04514552765730911,1.0,0.08004566733651784,7.72323279773096e-12,2.3,0.007011308112679778,0.2365066564674329,0.0838608482059304,-0.0002879732563897909,0.32869616829909837,0.12764727475881835,0.11825332823371645,1.75,2959412.9179487755,0.16009133467303568,0.054867655505525546,-0.0419304241029652,-0.0419304241029652,0.0419304241029652,0.0419304241029652,-0.1677216964118608,-0.1677216964118608,0.0,0.5796802763600908,0.11825332823371645,1.0,0.8552085784130257
598.0,0.0013666247299863904,14.238737137294022,111.52402450053746,43.16473178774577,8.075111811428815,7.249939358946909,7.045920535429496,1.24574003372973,301.4822376724315,-0.03486358704177468,-0.08000655082696237,-0.04514296378518769,1.0,0.08004817336706861,7.723474592920954e-12,2.3,0.007010107782113254,0.2365066564674329,0.08386270657499524,-0.00028778549763843695,0.3286734194987145,0.12764049651478282,0.11825332823371645,1.75,2958680.020943455,0.16009634673413722,0.05486681902640353,-0.04193135328749762,-0.04193135328749762,0.04193135328749762,0.04193135328749762,-0.16772541314999048,-0.16772541314999048,0.0,0.5798821283315796,0.11825332823371645,1.0,0.8565752570539289
599.0,0.0013665172051321507,14.238457050108511,111.52331900974796,43.15996130100241,8.07477907623062,7.2496829338262385,7.045945584118529,1.2456789427015922,301.4822158514149,-0.03486634544602325,-0.08000675225070523,-0.04514040680468198,1.0,0.0800506732580134,7.723715795729026e-12,2.3,0.007008914199432024,0.2365066564674329,0.08386455990141599,-0.0002875982337549294,0.3286507329016822,0.1276337364445744,0.11825332823371645,1.75,2957949.1827965793,0.1601013465160268,0.05486598342971756,-0.041932279950707994,-0.041932279950707994,0.041932279950707994,0.041932279950707994,-0.16772911980283198,-0.16772911980283198,0.0,0.5800834928464005,0.11825332823371645,1.0,0.8579418280214882
600.0,0.001366409976515537,14.238177276805539,111.52261541020964,43.15520418114319,8.074447404700996,7.24942723533829,7.04597050082837,1.2456180245493287,301.4821940908816,-0.03486909641326241,-0.08000695311227522,-0.04513785669901281,1.0,0.08005316701576917,7.723956406774318e-12,2.3,0.007007727327243362,0.2365066564674329,0.08386640819096267,-0.0002874114637739239,0.3286281083538216,0.12762699450421022,0.11825332823371645,1.75,2957220.398938064,0.16010633403153834,0.05486514873281078,-0.04193320409548133,-0.04193320409548133,0.04193320409548133,0.04193320409548133,-0.16773281638192533,-0.16773281638192533,0.0,0.5802843705396802,0.11825332823371645,1.0,0.859308291612312
