variant_id,candidate_id,na_capacity_fraction,k_capacity_fraction,equilibrium_constant,saturation_strength,bath_hco3_mM,grid_axis,activity_scale,unit_contribution,fitted_contribution,calibration_residual,calibration_l2_error,calibration_max_abs_error,wt_baseline_closure_error,wt_baseline_admissible,assay_admissible,energetic_bias_source_supported,coherent_fixed_chassis_bath,fully_source_supported,knockout_target_read_by_calibrator,simulation_status,ae4_ko_endpoint_flow_ratio,ae4_ko_integrated_flow_ratio,wt_endpoint_flow
R2_0001_C3_fNa0_Keq1_sat1_B21,C3,0.0,1.0,1.0,1.0,21.0,parallel_Na_K_capacity,1.370819832005685e-06,"[-0.0, -23637.520754999994, 23637.520754999994, -47275.04150999999]","[-0.0, -0.03240278223039999, 0.03240278223039999, -0.06480556446079998]","[0.03888333867647999, -0.03240278223039999, -0.006480556446079998, 0.012961112892159996]",0.052648289451365037,0.03888333867647999,0.0013548201611623743,False,False,True,True,False,False,not_run_round2_closure_localization,,,
R2_0002_C4_fNa0_Keq1_sat1_B21,C4,0.0,1.0,1.0,1.0,21.0,cooperative_occupancy_capacity,4.2613524274675e-06,"[0.0, -7603.872897613586, 7603.872897613586, -15207.745795227172]","[0.0, -0.03240278223039999, 0.03240278223039999, -0.06480556446079998]","[0.03888333867647999, -0.03240278223039999, -0.006480556446079998, 0.012961112892159996]",0.052648289451365037,0.03888333867647999,0.0013548201611623743,False,False,True,True,False,False,not_run_round2_closure_localization,,,
R2_0003_C3_fNa0.25_Keq1_sat1_B21,C3,0.25,0.75,1.0,1.0,21.0,parallel_Na_K_capacity,1.7675340284624791e-06,"[-1221.1529174999998, -17728.140566249996, 18949.293483749996, -37898.58696749999]","[-0.0021584293356374843, -0.03133509171221295, 0.03349352104785044, -0.06698704209570087]","[0.0367249093408425, -0.03133509171221295, -0.005389817628629549, 0.010779635257259099]",0.04975799040410823,0.0367249093408425,0.0012796135641018347,False,True,True,True,False,False,not_run_round2_closure_localization,,,
R2_0004_C4_fNa0.25_Keq1_sat1_B21,C4,0.25,0.75,1.0,1.0,21.0,cooperative_occupancy_capacity,1.4271500063823017e-06,"[4382.658040646277, -5702.90467321019, 1320.2466325639125, -2640.493265127825]","[0.006254710450679781, -0.00813890044076958, 0.0018841899900898002, -0.0037683799801796003]","[0.04513804912715977, -0.00813890044076958, -0.03699914868639018, 0.07399829737278037]",0.09459582547331932,0.07399829737278037,0.0025783378888816527,False,True,True,True,False,False,not_run_round2_closure_localization,,,
R2_0005_C3_fNa0.48387097_Keq1_sat1_B21,C3,0.48387096774193544,0.5161290322580645,1.0,1.0,21.0,parallel_Na_K_capacity,2.406184919640409e-06,"[-2363.521775806451, -12200.010712258061, 14563.532488064513, -29127.064976129026]","[-0.0056870704541872015, -0.02935548179528679, 0.035042552249473995, -0.07008510449894799]","[0.03319626822229278, -0.02935548179528679, -0.003840786427005992, 0.007681572854011984]",0.04513861691732687,0.03319626822229278,0.0011566643962081164,False,True,True,True,False,False,not_run_round2_closure_localization,,,
R2_0006_C4_fNa0.48387097_Keq1_sat1_B21,C4,0.48387096774193544,0.5161290322580645,1.0,1.0,21.0,cooperative_occupancy_capacity,0.0,"[8482.563949637955, -3924.5795600586252, -4557.98438957933, 9115.96877915866]","[0.0, -0.0, -0.0, 0.0]","[0.03888333867647999, -0.0, -0.03888333867647999, 0.07776667735295997]",0.09524433925320216,0.07776667735295997,0.0027096403272154363,False,True,True,True,False,False,not_run_round2_closure_localization,,,
R2_0007_C3_fNa0.5_Keq1_sat1_B21,C3,0.5,0.5,1.0,1.0,21.0,parallel_Na_K_capacity,2.466632778070749e-06,"[-2442.3058349999997, -11818.760377499997, 14261.066212499996, -28522.132424999993]","[-0.00602427162668445, -0.029152541743305314, 0.03517681336998976, -0.07035362673997952]","[0.032859067049795534, -0.029152541743305314, -0.0037065253064902243, 0.0074130506129804485]",0.044702132239037316,0.032859067049795534,0.001144915226434693,False,True,True,True,False,False,not_run_round2_closure_localization,,,
R2_0008_C4_fNa0.5_Keq1_sat1_B21,C4,0.5,0.5,1.0,1.0,21.0,cooperative_occupancy_capacity,0.0,"[8765.316081292554, -3801.936448806793, -4963.379632485761, 9926.759264971522]","[0.0, -0.0, -0.0, 0.0]","[0.03888333867647999, -0.0, -0.03888333867647999, 0.07776667735295997]",0.09524433925320216,0.07776667735295997,0.0027096403272154363,False,True,True,True,False,False,not_run_round2_closure_localization,,,
R2_0009_C3_fNa0.75_Keq1_sat1_B21,C3,0.75,0.25,1.0,1.0,21.0,parallel_Na_K_capacity,3.95541395252922e-06,"[-3663.4587524999997, -5909.3801887499985, 9572.838941249998, -19145.677882499996]","[-0.014490495864153791, -0.023374044849381503, 0.037864540713535295, -0.07572908142707059]","[0.024392842812326197, -0.023374044849381503, -0.001018797962944691, 0.002037595925889382]",0.03386069254363019,0.024392842812326197,0.0008499248348852389,False,True,True,True,False,False,not_run_round2_closure_localization,,,
R2_0010_C4_fNa0.75_Keq1_sat1_B21,C4,0.75,0.25,1.0,1.0,21.0,cooperative_occupancy_capacity,0.0,"[13147.97412193883, -1900.9682244033966, -11247.005897535433, 22494.011795070866]","[0.0, -0.0, -0.0, 0.0]","[0.03888333867647999, -0.0, -0.03888333867647999, 0.07776667735295997]",0.09524433925320216,0.07776667735295997,0.0027096403272154363,False,True,True,True,False,False,not_run_round2_closure_localization,,,
R2_0011_C3_fNa1_Keq1_sat1_B21,C3,1.0,0.0,1.0,1.0,21.0,parallel_Na_K_capacity,7.960374601586292e-06,"[-4884.611669999999, -0.0, 4884.611669999999, -9769.223339999999]","[-0.03888333867648, -0.0, 0.03888333867648, -0.07776667735296]","[-1.3877787807814457e-17, -0.0, 1.3877787807814457e-17, -2.7755575615628914e-17]",3.3993498887762956e-17,2.7755575615628914e-17,1.7811796691023916e-12,True,False,True,True,False,False,pass,0.9987310570502811,1.0058729701673434,0.0013598454517200049
R2_0012_C4_fNa1_Keq1_sat1_B21,C4,1.0,0.0,1.0,1.0,21.0,cooperative_occupancy_capacity,0.0,"[17530.63216258511, -0.0, -17530.63216258511, 35061.26432517022]","[0.0, -0.0, -0.0, 0.0]","[0.03888333867647999, -0.0, -0.03888333867647999, 0.07776667735295997]",0.09524433925320216,0.07776667735295997,0.0027096403272154363,False,False,True,True,False,False,not_run_round2_closure_localization,,,
R2_0013_C5_fNa0_Keq0.01_sat1_B21,C5,0.0,1.0,0.01,1.0,21.0,Na_K_capacity_x_equilibrium,0.0,"[0.0, 270642.9044014309, -270642.9044014309, 541285.8088028618]","[0.0, 0.0, -0.0, 0.0]","[0.03888333867647999, 0.0, -0.03888333867647999, 0.07776667735295997]",0.09524433925320216,0.07776667735295997,0.0027096403272154363,False,False,False,True,False,False,not_run_round2_closure_localization,,,
R2_0014_C5_fNa0_Keq0.1_sat1_B21,C5,0.0,1.0,0.1,1.0,21.0,Na_K_capacity_x_equilibrium,1.985946338299936e-06,"[0.0, -16316.041176690755, 16316.041176690755, -32632.08235338151]","[0.0, -0.03240278223039999, 0.03240278223039999, -0.06480556446079998]","[0.03888333867647999, -0.03240278223039999, -0.006480556446079998, 0.012961112892159996]",0.052648289451365037,0.03888333867647999,0.0013548201611623743,False,False,False,True,False,False,not_run_round2_closure_localization,,,
R2_0015_C5_fNa0_Keq1_sat1_B21,C5,0.0,1.0,1.0,1.0,21.0,Na_K_capacity_x_equilibrium,3.525161772991856e-08,"[0.0, -919185.6804602551, 919185.6804602551, -1838371.3609205103]","[0.0, -0.03240278223039999, 0.03240278223039999, -0.06480556446079998]","[0.03888333867647999, -0.03240278223039999, -0.006480556446079998, 0.012961112892159996]",0.052648289451365037,0.03888333867647999,0.0013548201611623743,False,False,True,True,False,False,not_run_round2_closure_localization,,,
R2_0016_C5_fNa0_Keq10_sat1_B21,C5,0.0,1.0,10.0,1.0,21.0,Na_K_capacity_x_equilibrium,1.0186106464640296e-08,"[0.0, -3181076.335976058, 3181076.335976058, -6362152.671952116]","[0.0, -0.03240278223039999, 0.03240278223039999, -0.06480556446079998]","[0.03888333867647999, -0.03240278223039999, -0.006480556446079998, 0.012961112892159996]",0.052648289451365037,0.03888333867647999,0.0013548201611623743,False,False,False,True,False,False,not_run_round2_closure_localization,,,
R2_0017_C5_fNa0_Keq100_sat1_B21,C5,0.0,1.0,100.0,1.0,21.0,Na_K_capacity_x_equilibrium,3.1935861994955497e-09,"[-0.0, -10146205.615341851, 10146205.615341851, -20292411.230683703]","[-0.0, -0.03240278223039999, 0.03240278223039999, -0.06480556446079998]","[0.03888333867647999, -0.03240278223039999, -0.006480556446079998, 0.012961112892159996]",0.052648289451365037,0.03888333867647999,0.0013548201611623743,False,False,False,True,False,False,not_run_round2_closure_localization,,,
R2_0018_C5_fNa0.25_Keq0.01_sat1_B21,C5,0.25,0.75,0.01,1.0,21.0,Na_K_capacity_x_equilibrium,0.0,"[7049645.401513528, 202982.1783010732, -7252627.579814602, 14505255.159629203]","[0.0, 0.0, -0.0, 0.0]","[0.03888333867647999, 0.0, -0.03888333867647999, 0.07776667735295997]",0.09524433925320216,0.07776667735295997,0.0027096403272154363,False,True,False,True,False,False,not_run_round2_closure_localization,,,
R2_0019_C5_fNa0.25_Keq0.1_sat1_B21,C5,0.25,0.75,0.1,1.0,21.0,Na_K_capacity_x_equilibrium,0.0,"[2212632.617634619, -12237.030882518065, -2200395.586752101, 4400791.173504202]","[0.0, -0.0, -0.0, 0.0]","[0.03888333867647999, -0.0, -0.03888333867647999, 0.07776667735295997]",0.09524433925320216,0.07776667735295997,0.0027096403272154363,False,True,False,True,False,False,not_run_round2_closure_localization,,,
R2_0020_C5_fNa0.25_Keq1_sat1_B21,C5,0.25,0.75,1.0,1.0,21.0,Na_K_capacity_x_equilibrium,0.0,"[647009.165082894, -689389.2603451913, 42380.09526229731, -84760.19052459463]","[0.0, -0.0, 0.0, -0.0]","[0.03888333867647999, -0.0, -0.03888333867647999, 0.07776667735295997]",0.09524433925320216,0.07776667735295997,0.0027096403272154363,False,True,True,True,False,False,not_run_round2_closure_localization,,,
R2_0021_C5_fNa0.25_Keq10_sat1_B21,C5,0.25,0.75,10.0,1.0,21.0,Na_K_capacity_x_equilibrium,1.36815914637059e-08,"[37992.27389779494, -2385807.2519820435, 2347814.9780842485, -4695629.956168497]","[0.0005197947702468478, -0.03264164013276516, 0.03212184536251831, -0.06424369072503662]","[0.039403133446726836, -0.03264164013276516, -0.0067614933139616765, 0.013522986627923353]",0.05335421778220772,0.039403133446726836,0.0013729314771988499,False,True,False,True,False,False,not_run_round2_closure_localization,,,
R2_0022_C5_fNa0.25_Keq100_sat1_B21,C5,0.25,0.75,100.0,1.0,21.0,Na_K_capacity_x_equilibrium,4.203701982153522e-09,"[-205979.4585922009, -7609654.211506389, 7815633.67009859, -15631267.34019718]","[-0.0008658762583669443, -0.031988718492412305, 0.032854594750779245, -0.06570918950155849]","[0.03801746241811304, -0.031988718492412305, -0.006028743925700741, 0.012057487851401483]",0.05148139786474146,0.03801746241811304,0.0013246502566896584,False,True,False,True,False,False,not_run_round2_closure_localization,,,
R2_0023_C5_fNa0.48387097_Keq0.01_sat1_B21,C5,0.48387096774193544,0.5161290322580645,0.01,1.0,21.0,Na_K_capacity_x_equilibrium,0.0,"[13644474.970671343, 139686.6603362224, -13784161.631007565, 27568323.26201513]","[0.0, 0.0, -0.0, 0.0]","[0.03888333867647999, 0.0, -0.03888333867647999, 0.07776667735295997]",0.09524433925320216,0.07776667735295997,0.0027096403272154363,False,True,False,True,False,False,not_run_round2_closure_localization,,,
R2_0024_C5_fNa0.48387097_Keq0.1_sat1_B21,C5,0.48387096774193544,0.5161290322580645,0.1,1.0,21.0,Na_K_capacity_x_equilibrium,0.0,"[4282514.74380894, -8421.182542808132, -4274093.561266132, 8548187.122532263]","[0.0, -0.0, -0.0, 0.0]","[0.03888333867647999, -0.0, -0.03888333867647999, 0.07776667735295997]",0.09524433925320216,0.07776667735295997,0.0027096403272154363,False,True,False,True,False,False,not_run_round2_closure_localization,,,
R2_0025_C5_fNa0.48387097_Keq1_sat1_B21,C5,0.48387096774193544,0.5161290322580645,1.0,1.0,21.0,Na_K_capacity_x_equilibrium,0.0,"[1252275.8033862463, -474418.415721422, -777857.3876648243, 1555714.7753296485]","[0.0, -0.0, -0.0, 0.0]","[0.03888333867647999, -0.0, -0.03888333867647999, 0.07776667735295997]",0.09524433925320216,0.07776667735295997,0.0027096403272154363,False,True,True,True,False,False,not_run_round2_closure_localization,,,
R2_0026_C5_fNa0.48387097_Keq10_sat1_B21,C5,0.48387096774193544,0.5161290322580645,10.0,1.0,21.0,Na_K_capacity_x_equilibrium,2.0137688796640656e-08,"[73533.43335057085, -1641845.8508263526, 1568312.4174757819, -3136624.8349515637]","[0.0014807933969623128, -0.03306298079599679, 0.03158218739903448, -0.06316437479806895]","[0.0403641320734423, -0.03306298079599679, -0.00730115127744551, 0.01460230255489102]",0.0546713627691817,0.0403641320734423,0.0014064157499067058,False,True,False,True,False,False,not_run_round2_closure_localization,,,
R2_0027_C5_fNa0.48387097_Keq100_sat1_B21,C5,0.48387096774193544,0.5161290322580645,100.0,1.0,21.0,Na_K_capacity_x_equilibrium,5.9618366101385765e-09,"[-398669.9198558727, -5236751.285337729, 5635421.2051936025, -11270842.410387205]","[-0.002376804923557754, -0.031220655531116723, 0.03359746045467448, -0.06719492090934896]","[0.03650653375292223, -0.031220655531116723, -0.005285878221805505, 0.01057175644361101]",0.049468766725325665,0.03650653375292223,0.0012720046585993864,False,True,False,True,False,False,not_run_round2_closure_localization,,,
R2_0028_C5_fNa0.5_Keq0.01_sat1_B21,C5,0.5,0.5,0.01,1.0,21.0,Na_K_capacity_x_equilibrium,0.0,"[14099290.803027056, 135321.45220071546, -14234612.255227773, 28469224.510455545]","[0.0, 0.0, -0.0, 0.0]","[0.03888333867647999, 0.0, -0.03888333867647999, 0.07776667735295997]",0.09524433925320216,0.07776667735295997,0.0027096403272154363,False,True,False,True,False,False,not_run_round2_closure_localization,,,
R2_0029_C5_fNa0.5_Keq0.1_sat1_B21,C5,0.5,0.5,0.1,1.0,21.0,Na_K_capacity_x_equilibrium,0.0,"[4425265.235269238, -8158.020588345377, -4417107.214680892, 8834214.429361785]","[0.0, -0.0, -0.0, 0.0]","[0.03888333867647999, -0.0, -0.03888333867647999, 0.07776667735295997]",0.09524433925320216,0.07776667735295997,0.0027096403272154363,False,True,False,True,False,False,not_run_round2_closure_localization,,,
R2_0030_C5_fNa0.5_Keq1_sat1_B21,C5,0.5,0.5,1.0,1.0,21.0,Na_K_capacity_x_equilibrium,0.0,"[1294018.330165788, -459592.84023012756, -834425.4899356605, 1668850.979871321]","[0.0, -0.0, -0.0, 0.0]","[0.03888333867647999, -0.0, -0.03888333867647999, 0.07776667735295997]",0.09524433925320216,0.07776667735295997,0.0027096403272154363,False,True,True,True,False,False,not_run_round2_closure_localization,,,
R2_0031_C5_fNa0.5_Keq10_sat1_B21,C5,0.5,0.5,10.0,1.0,21.0,Na_K_capacity_x_equilibrium,2.0814069441483405e-08,"[75984.54779558988, -1590538.167988029, 1514553.6201924393, -3029107.2403848786]","[0.0015815476542971225, -0.03310557187783263, 0.031524024223535514, -0.06304804844707103]","[0.040464886330777106, -0.03310557187783263, -0.007359314452944472, 0.014718628905888945]",0.05481043204726307,0.040464886330777106,0.0014099263512075703,False,True,False,True,False,False,not_run_round2_closure_localization,,,
R2_0032_C5_fNa0.5_Keq100_sat1_B21,C5,0.5,0.5,100.0,1.0,21.0,Na_K_capacity_x_equilibrium,6.138329103051678e-09,"[-411958.9171844018, -5073102.807670926, 5485061.724855328, -10970123.449710656]","[-0.0025287394106146698, -0.031140374607099622, 0.033669114017714295, -0.06733822803542859]","[0.03635459926586532, -0.031140374607099622, -0.005214224658765691, 0.010428449317531382]",0.04926784460895921,0.03635459926586532,0.0012667107740329433,False,True,False,True,False,False,not_run_round2_closure_localization,,,
R2_0033_C5_fNa0.75_Keq0.01_sat1_B21,C5,0.75,0.25,0.01,1.0,21.0,Na_K_capacity_x_equilibrium,0.0,"[21148936.204540584, 67660.72610035773, -21216596.930640943, 42433193.86128189]","[0.0, 0.0, -0.0, 0.0]","[0.03888333867647999, 0.0, -0.03888333867647999, 0.07776667735295997]",0.09524433925320216,0.07776667735295997,0.0027096403272154363,False,True,False,True,False,False,not_run_round2_closure_localization,,,
R2_0034_C5_fNa0.75_Keq0.1_sat1_B21,C5,0.75,0.25,0.1,1.0,21.0,Na_K_capacity_x_equilibrium,0.0,"[6637897.852903858, -4079.0102941726886, -6633818.842609685, 13267637.68521937]","[0.0, -0.0, -0.0, 0.0]","[0.03888333867647999, -0.0, -0.03888333867647999, 0.07776667735295997]",0.09524433925320216,0.07776667735295997,0.0027096403272154363,False,True,False,True,False,False,not_run_round2_closure_localization,,,
R2_0035_C5_fNa0.75_Keq1_sat1_B21,C5,0.75,0.25,1.0,1.0,21.0,Na_K_capacity_x_equilibrium,0.0,"[1941027.495248682, -229796.42011506378, -1711231.0751336184, 3422462.150267237]","[0.0, -0.0, -0.0, 0.0]","[0.03888333867647999, -0.0, -0.03888333867647999, 0.07776667735295997]",0.09524433925320216,0.07776667735295997,0.0027096403272154363,False,True,True,True,False,False,not_run_round2_closure_localization,,,
R2_0036_C5_fNa0.75_Keq10_sat1_B21,C5,0.75,0.25,10.0,1.0,21.0,Na_K_capacity_x_equilibrium,4.3159965782456885e-08,"[113976.82169338482, -795269.0839940145, 681292.2623006298, -1362584.5246012595]","[0.004919235724279678, -0.0343237864530275, 0.02940455072874782, -0.05880910145749564]","[0.043802574400759665, -0.0343237864530275, -0.009478787947732166, 0.018957575895464332]",0.05954850917863085,0.043802574400759665,0.0015262221027749067,False,True,False,True,False,False,not_run_round2_closure_localization,,,
R2_0037_C5_fNa0.75_Keq100_sat1_B21,C5,0.75,0.25,100.0,1.0,21.0,Na_K_capacity_x_equilibrium,1.1265923999717632e-08,"[-617938.3757766028, -2536551.403835463, 3154489.7796120658, -6308979.5592241315]","[-0.006961646778008162, -0.028576595336987393, 0.03553824211499556, -0.07107648422999112]","[0.03192169189847183, -0.028576595336987393, -0.003345096561484427, 0.006690193122968854]",0.0434921207777129,0.03192169189847183,0.001112254071336306,False,True,False,True,False,False,not_run_round2_closure_localization,,,
R2_0038_C5_fNa1_Keq0.01_sat1_B21,C5,1.0,0.0,0.01,1.0,21.0,Na_K_capacity_x_equilibrium,0.0,"[28198581.606054112, 0.0, -28198581.606054112, 56397163.212108225]","[0.0, 0.0, -0.0, 0.0]","[0.03888333867647999, 0.0, -0.03888333867647999, 0.07776667735295997]",0.09524433925320216,0.07776667735295997,0.0027096403272154363,False,False,False,True,False,False,not_run_round2_closure_localization,,,
R2_0039_C5_fNa1_Keq0.1_sat1_B21,C5,1.0,0.0,0.1,1.0,21.0,Na_K_capacity_x_equilibrium,0.0,"[8850530.470538476, -0.0, -8850530.470538476, 17701060.941076953]","[0.0, -0.0, -0.0, 0.0]","[0.03888333867647999, -0.0, -0.03888333867647999, 0.07776667735295997]",0.09524433925320216,0.07776667735295997,0.0027096403272154363,False,False,False,True,False,False,not_run_round2_closure_localization,,,
R2_0040_C5_fNa1_Keq1_sat1_B21,C5,1.0,0.0,1.0,1.0,21.0,Na_K_capacity_x_equilibrium,0.0,"[2588036.660331576, -0.0, -2588036.660331576, 5176073.320663152]","[0.0, -0.0, -0.0, 0.0]","[0.03888333867647999, -0.0, -0.03888333867647999, 0.07776667735295997]",0.09524433925320216,0.07776667735295997,0.0027096403272154363,False,False,True,True,False,False,not_run_round2_closure_localization,,,
R2_0041_C5_fNa1_Keq10_sat1_B21,C5,1.0,0.0,10.0,1.0,21.0,Na_K_capacity_x_equilibrium,0.0,"[151969.09559117976, -0.0, -151969.09559117976, 303938.19118235953]","[0.0, -0.0, -0.0, 0.0]","[0.03888333867647999, -0.0, -0.03888333867647999, 0.07776667735295997]",0.09524433925320216,0.07776667735295997,0.0027096403272154363,False,False,False,True,False,False,not_run_round2_closure_localization,,,
R2_0042_C5_fNa1_Keq100_sat1_B21,C5,1.0,0.0,100.0,1.0,21.0,Na_K_capacity_x_equilibrium,4.7193223710551395e-08,"[-823917.8343688037, -0.0, 823917.8343688037, -1647835.6687376073]","[-0.03888333867647998, -0.0, 0.03888333867647998, -0.07776667735295996]","[6.938893903907228e-18, -0.0, -6.938893903907228e-18, 1.3877787807814457e-17]",1.6996749443881478e-17,1.3877787807814457e-17,1.7811789437824714e-12,True,False,False,True,False,False,pass,0.9985911745582676,1.0056871866325356,0.0013600359386533828
R2_0043_C6_112_fNa0_Keq0.01_sat1_B21,C6_112,0.0,1.0,0.01,1.0,21.0,Na_K_capacity_x_equilibrium,0.0,"[0.0, 1045530.0, -1045530.0, 2091060.0]","[0.0, 0.0, -0.0, 0.0]","[0.03888333867647999, 0.0, -0.03888333867647999, 0.07776667735295997]",0.09524433925320216,0.07776667735295997,0.0027096403272154363,False,False,False,True,False,False,not_run_round2_closure_localization,,,
R2_0044_C6_112_fNa0_Keq0.1_sat1_B21,C6_112,0.0,1.0,0.1,1.0,21.0,Na_K_capacity_x_equilibrium,1.6381549860031129e-06,"[0.0, -19780.046764353232, 19780.046764353232, -39560.093528706464]","[0.0, -0.03240278223039999, 0.03240278223039999, -0.06480556446079998]","[0.03888333867647999, -0.03240278223039999, -0.006480556446079998, 0.012961112892159996]",0.052648289451365037,0.03888333867647999,0.0013548201611623743,False,False,False,True,False,False,not_run_round2_closure_localization,,,
R2_0045_C6_112_fNa0_Keq1_sat1_B21,C6_112,0.0,1.0,1.0,1.0,21.0,Na_K_capacity_x_equilibrium,2.90781338021331e-08,"[0.0, -1114335.0, 1114335.0, -2228670.0]","[0.0, -0.03240278223039999, 0.03240278223039999, -0.06480556446079998]","[0.03888333867647999, -0.03240278223039999, -0.006480556446079998, 0.012961112892159996]",0.052648289451365037,0.03888333867647999,0.0013548201611623743,False,False,True,True,False,False,not_run_round2_closure_localization,,,
R2_0046_C6_112_fNa0_Keq10_sat1_B21,C6_112,0.0,1.0,10.0,1.0,21.0,Na_K_capacity_x_equilibrium,8.402251748299204e-09,"[0.0, -3856440.2973237513, 3856440.2973237513, -7712880.5946475025]","[0.0, -0.03240278223039999, 0.03240278223039999, -0.06480556446079998]","[0.03888333867647999, -0.03240278223039999, -0.006480556446079998, 0.012961112892159996]",0.052648289451365037,0.03888333867647999,0.0013548201611623743,False,False,False,True,False,False,not_run_round2_closure_localization,,,
R2_0047_C6_112_fNa0_Keq100_sat1_B21,C6_112,0.0,1.0,100.0,1.0,21.0,Na_K_capacity_x_equilibrium,2.634305396394977e-09,"[-0.0, -12300313.5, 12300313.5, -24600627.0]","[-0.0, -0.03240278223039998, 0.03240278223039998, -0.06480556446079996]","[0.03888333867647999, -0.03240278223039998, -0.006480556446080005, 0.01296111289216001]",0.052648289451365037,0.03888333867647999,0.0013548201611623743,False,False,False,True,False,False,not_run_round2_closure_localization,,,
R2_0048_C6_112_fNa0.25_Keq0.01_sat1_B21,C6_112,0.25,0.75,0.01,1.0,21.0,Na_K_capacity_x_equilibrium,0.0,"[7722112.499999998, 784147.5, -8506259.999999998, 17012519.999999996]","[0.0, 0.0, -0.0, 0.0]","[0.03888333867647999, 0.0, -0.03888333867647999, 0.07776667735295997]",0.09524433925320216,0.07776667735295997,0.0027096403272154363,False,True,False,True,False,False,not_run_round2_closure_localization,,,
R2_0049_C6_112_fNa0.25_Keq0.1_sat1_B21,C6_112,0.25,0.75,0.1,1.0,21.0,Na_K_capacity_x_equilibrium,0.0,"[2423696.0898594526, -14835.035073264924, -2408861.0547861876, 4817722.109572375]","[0.0, -0.0, -0.0, 0.0]","[0.03888333867647999, -0.0, -0.03888333867647999, 0.07776667735295997]",0.09524433925320216,0.07776667735295997,0.0027096403272154363,False,True,False,True,False,False,not_run_round2_closure_localization,,,
R2_0050_C6_112_fNa0.25_Keq1_sat1_B21,C6_112,0.25,0.75,1.0,1.0,21.0,Na_K_capacity_x_equilibrium,0.0,"[708727.4999999999, -835751.25, 127023.75000000012, -254047.50000000023]","[0.0, -0.0, 0.0, -0.0]","[0.03888333867647999, -0.0, -0.03888333867647999, 0.07776667735295997]",0.09524433925320216,0.07776667735295997,0.0027096403272154363,False,True,True,True,False,False,not_run_round2_closure_localization,,,
R2_0051_C6_112_fNa0.25_Keq10_sat1_B21,C6_112,0.25,0.75,10.0,1.0,21.0,Na_K_capacity_x_equilibrium,1.1277682596063509e-08,"[41616.36457723085, -2892330.222992813, 2850713.858415582, -5701427.716831164]","[0.00046933615050407025, -0.03261878221791454, 0.032149446067410464, -0.06429889213482093]","[0.039352674826984055, -0.03261878221791454, -0.006733892609069522, 0.013467785218139045]",0.053285500070567864,0.039352674826984055,0.0013711733371381258,False,True,False,True,False,False,not_run_round2_closure_localization,,,
R2_0052_C6_112_fNa0.25_Keq100_sat1_B21,C6_112,0.25,0.75,100.0,1.0,21.0,Na_K_capacity_x_equilibrium,3.4099032954212023e-09,"[-563964.75, -9225235.125, 9789199.875, -19578399.75]","[-0.0019230652595263946, -0.03145715965377293, 0.033380224913299325, -0.06676044982659865]","[0.03696027341695359, -0.03145715965377293, -0.0055031137631806615, 0.011006227526361323]",0.05007031066401993,0.03696027341695359,0.001287814402990723,False,True,False,True,False,False,not_run_round2_closure_localization,,,
R2_0053_C6_112_fNa0.48387097_Keq0.01_sat1_B21,C6_112,0.48387096774193544,0.5161290322580645,0.01,1.0,21.0,Na_K_capacity_x_equilibrium,0.0,"[14946024.193548381, 539628.3870967742, -15485652.580645155, 30971305.16129031]","[0.0, 0.0, -0.0, 0.0]","[0.03888333867647999, 0.0, -0.03888333867647999, 0.07776667735295997]",0.09524433925320216,0.07776667735295997,0.0027096403272154363,False,True,False,True,False,False,not_run_round2_closure_localization,,,
R2_0054_C6_112_fNa0.48387097_Keq0.1_sat1_B21,C6_112,0.48387096774193544,0.5161290322580645,0.1,1.0,21.0,Na_K_capacity_x_equilibrium,0.0,"[4691024.690050553, -10209.056394504894, -4680815.633656047, 9361631.267312095]","[0.0, -0.0, -0.0, 0.0]","[0.03888333867647999, -0.0, -0.03888333867647999, 0.07776667735295997]",0.09524433925320216,0.07776667735295997,0.0027096403272154363,False,True,False,True,False,False,not_run_round2_closure_localization,,,
R2_0055_C6_112_fNa0.48387097_Keq1_sat1_B21,C6_112,0.48387096774193544,0.5161290322580645,1.0,1.0,21.0,Na_K_capacity_x_equilibrium,0.0,"[1371730.64516129, -575140.6451612903, -796589.9999999997, 1593179.9999999993]","[0.0, -0.0, -0.0, 0.0]","[0.03888333867647999, -0.0, -0.03888333867647999, 0.07776667735295997]",0.09524433925320216,0.07776667735295997,0.0027096403272154363,False,True,True,True,False,False,not_run_round2_closure_localization,,,
R2_0056_C6_112_fNa0.48387097_Keq10_sat1_B21,C6_112,0.48387096774193544,0.5161290322580645,10.0,1.0,21.0,Na_K_capacity_x_equilibrium,1.6579916881502966e-08,"[80547.80240754358, -1990420.7986187104, 1909872.9962111667, -3819745.9924223335]","[0.001335475868904797, -0.033001011400312974, 0.031665535531408176, -0.06333107106281635]","[0.040218814545384785, -0.033001011400312974, -0.0072178031450718105, 0.014435606290143621]",0.054471122698955675,0.040218814545384785,0.0014013524214029596,False,True,False,True,False,False,not_run_round2_closure_localization,,,
R2_0057_C6_112_fNa0.48387097_Keq100_sat1_B21,C6_112,0.48387096774193544,0.5161290322580645,100.0,1.0,21.0,Na_K_capacity_x_equilibrium,4.67816297300575e-09,"[-1091544.6774193547, -6348548.903225807, 7440093.580645161, -14880187.161290321]","[-0.005106423893284731, -0.029699546411387234, 0.03480597030467196, -0.06961194060934392]","[0.03377691478319526, -0.029699546411387234, -0.004077368371808027, 0.008154736743616053]",0.045891913160277825,0.03377691478319526,0.0011768959836960075,False,True,False,True,False,False,not_run_round2_closure_localization,,,
R2_0058_C6_112_fNa0.5_Keq0.01_sat1_B21,C6_112,0.5,0.5,0.01,1.0,21.0,Na_K_capacity_x_equilibrium,0.0,"[15444224.999999996, 522765.0, -15966989.999999996, 31933979.999999993]","[0.0, 0.0, -0.0, 0.0]","[0.03888333867647999, 0.0, -0.03888333867647999, 0.07776667735295997]",0.09524433925320216,0.07776667735295997,0.0027096403272154363,False,True,False,True,False,False,not_run_round2_closure_localization,,,
R2_0059_C6_112_fNa0.5_Keq0.1_sat1_B21,C6_112,0.5,0.5,0.1,1.0,21.0,Na_K_capacity_x_equilibrium,0.0,"[4847392.179718905, -9890.023382176616, -4837502.1563367285, 9675004.312673457]","[0.0, -0.0, -0.0, 0.0]","[0.03888333867647999, -0.0, -0.03888333867647999, 0.07776667735295997]",0.09524433925320216,0.07776667735295997,0.0027096403272154363,False,True,False,True,False,False,not_run_round2_closure_localization,,,
R2_0060_C6_112_fNa0.5_Keq1_sat1_B21,C6_112,0.5,0.5,1.0,1.0,21.0,Na_K_capacity_x_equilibrium,0.0,"[1417454.9999999998, -557167.5, -860287.4999999998, 1720574.9999999995]","[0.0, -0.0, -0.0, 0.0]","[0.03888333867647999, -0.0, -0.03888333867647999, 0.07776667735295997]",0.09524433925320216,0.07776667735295997,0.0027096403272154363,False,True,True,True,False,False,not_run_round2_closure_localization,,,
R2_0061_C6_112_fNa0.5_Keq10_sat1_B21,C6_112,0.5,0.5,10.0,1.0,21.0,Na_K_capacity_x_equilibrium,1.7134851624767634e-08,"[83232.7291544617, -1928220.1486618756, 1844987.4195074139, -3689974.8390148277]","[0.0014261804643861725, -0.033039766147208625, 0.03161358568282245, -0.0632271713656449]","[0.04030951914086616, -0.033039766147208625, -0.007269752993657536, 0.014539505987315071]",0.05459606234312189,0.04030951914086616,0.0014045128602699064,False,True,False,True,False,False,not_run_round2_closure_localization,,,
R2_0062_C6_112_fNa0.5_Keq100_sat1_B21,C6_112,0.5,0.5,100.0,1.0,21.0,Na_K_capacity_x_equilibrium,4.799612587093191e-09,"[-1127929.5, -6150156.75, 7278086.25, -14556172.5]","[-0.00541362462555373, -0.029518369749896155, 0.03493199437544988, -0.06986398875089976]","[0.033469714050926254, -0.029518369749896155, -0.003951344301030106, 0.007902688602060212]",0.04549309310509421,0.033469714050926254,0.0011661921254287949,False,True,False,True,False,False,not_run_round2_closure_localization,,,
R2_0063_C6_112_fNa0.75_Keq0.01_sat1_B21,C6_112,0.75,0.25,0.01,1.0,21.0,Na_K_capacity_x_equilibrium,0.0,"[23166337.499999993, 261382.5, -23427719.999999993, 46855439.999999985]","[0.0, 0.0, -0.0, 0.0]","[0.03888333867647999, 0.0, -0.03888333867647999, 0.07776667735295997]",0.09524433925320216,0.07776667735295997,0.0027096403272154363,False,True,False,True,False,False,not_run_round2_closure_localization,,,
R2_0064_C6_112_fNa0.75_Keq0.1_sat1_B21,C6_112,0.75,0.25,0.1,1.0,21.0,Na_K_capacity_x_equilibrium,0.0,"[7271088.269578358, -4945.011691088308, -7266143.25788727, 14532286.51577454]","[0.0, -0.0, -0.0, 0.0]","[0.03888333867647999, -0.0, -0.03888333867647999, 0.07776667735295997]",0.09524433925320216,0.07776667735295997,0.0027096403272154363,False,True,False,True,False,False,not_run_round2_closure_localization,,,
R2_0065_C6_112_fNa0.75_Keq1_sat1_B21,C6_112,0.75,0.25,1.0,1.0,21.0,Na_K_capacity_x_equilibrium,0.0,"[2126182.4999999995, -278583.75, -1847598.7499999995, 3695197.499999999]","[0.0, -0.0, -0.0, 0.0]","[0.03888333867647999, -0.0, -0.03888333867647999, 0.07776667735295997]",0.09524433925320216,0.07776667735295997,0.0027096403272154363,False,True,True,True,False,False,not_run_round2_closure_localization,,,
R2_0066_C6_112_fNa0.75_Keq10_sat1_B21,C6_112,0.75,0.25,10.0,1.0,21.0,Na_K_capacity_x_equilibrium,3.5441163189185175e-08,"[124849.09373169256, -964110.0743309378, 839260.9805992453, -1678521.9611984906]","[0.004424797104966792, -0.03416918247670021, 0.029744385371733423, -0.05948877074346685]","[0.04330813578144678, -0.03416918247670021, -0.009138953304746563, 0.018277906609493126]",0.058827969483248005,0.04330813578144678,0.0015089942763180117,False,True,False,True,False,False,not_run_round2_closure_localization,,,
R2_0067_C6_112_fNa0.75_Keq100_sat1_B21,C6_112,0.75,0.25,100.0,1.0,21.0,Na_K_capacity_x_equilibrium,7.881335387876792e-09,"[-1691894.25, -3075078.375, 4766972.625, -9533945.25]","[-0.013334386025070264, -0.02423572401738216, 0.03757011004245243, -0.07514022008490485]","[0.025548952651409725, -0.02423572401738216, -0.0013132286340275592, 0.0026264572680551185]",0.035337545860696665,0.025548952651409725,0.0008902074076756057,False,True,False,True,False,False,not_run_round2_closure_localization,,,
R2_0068_C6_112_fNa1_Keq0.01_sat1_B21,C6_112,1.0,0.0,0.01,1.0,21.0,Na_K_capacity_x_equilibrium,0.0,"[30888449.999999993, 0.0, -30888449.999999993, 61776899.999999985]","[0.0, 0.0, -0.0, 0.0]","[0.03888333867647999, 0.0, -0.03888333867647999, 0.07776667735295997]",0.09524433925320216,0.07776667735295997,0.0027096403272154363,False,False,False,True,False,False,not_run_round2_closure_localization,,,
R2_0069_C6_112_fNa1_Keq0.1_sat1_B21,C6_112,1.0,0.0,0.1,1.0,21.0,Na_K_capacity_x_equilibrium,0.0,"[9694784.35943781, -0.0, -9694784.35943781, 19389568.71887562]","[0.0, -0.0, -0.0, 0.0]","[0.03888333867647999, -0.0, -0.03888333867647999, 0.07776667735295997]",0.09524433925320216,0.07776667735295997,0.0027096403272154363,False,False,False,True,False,False,not_run_round2_closure_localization,,,
R2_0070_C6_112_fNa1_Keq1_sat1_B21,C6_112,1.0,0.0,1.0,1.0,21.0,Na_K_capacity_x_equilibrium,0.0,"[2834909.9999999995, -0.0, -2834909.9999999995, 5669819.999999999]","[0.0, -0.0, -0.0, 0.0]","[0.03888333867647999, -0.0, -0.03888333867647999, 0.07776667735295997]",0.09524433925320216,0.07776667735295997,0.0027096403272154363,False,False,True,True,False,False,not_run_round2_closure_localization,,,
R2_0071_C6_112_fNa1_Keq10_sat1_B21,C6_112,1.0,0.0,10.0,1.0,21.0,Na_K_capacity_x_equilibrium,0.0,"[166465.4583089234, -0.0, -166465.4583089234, 332930.9166178468]","[0.0, -0.0, -0.0, 0.0]","[0.03888333867647999, -0.0, -0.03888333867647999, 0.07776667735295997]",0.09524433925320216,0.07776667735295997,0.0027096403272154363,False,False,False,True,False,False,not_run_round2_closure_localization,,,
R2_0072_C6_112_fNa1_Keq100_sat1_B21,C6_112,1.0,0.0,100.0,1.0,21.0,Na_K_capacity_x_equilibrium,1.723659975046312e-08,"[-2255859.0, -0.0, 2255859.0, -4511718.0]","[-0.03888333867647999, -0.0, 0.03888333867647999, -0.07776667735295997]","[0.0, -0.0, 0.0, 0.0]",0.0,0.0,1.781179185555778e-12,True,False,False,True,False,False,pass,0.9987173624520713,1.0058542007844324,0.0013598640981737353
R2_0073_C6_123_fNa0_Keq0.01_sat1_B21,C6_123,0.0,1.0,0.01,1.0,21.0,Na_K_capacity_x_equilibrium,1.1000616093775592e-09,"[0.0, -35346510.0, 17673255.0, -53019765.0]","[0.0, -0.03888333867647999, 0.019441669338239993, -0.05832500801471998]","[0.03888333867647999, -0.03888333867647999, -0.019441669338239993, 0.019441669338239993]",0.06147995662469689,0.03888333867647999,0.0013548201629432607,False,False,False,True,False,False,not_run_round2_closure_localization,,,
R2_0074_C6_123_fNa0_Keq0.1_sat1_B21,C6_123,0.0,1.0,0.1,1.0,21.0,Na_K_capacity_x_equilibrium,4.562962706514844e-11,"[0.0, -852151139.0168425, 426075569.50842124, -1278226708.5252638]","[0.0, -0.03888333867647999, 0.019441669338239993, -0.05832500801471999]","[0.03888333867647999, -0.03888333867647999, -0.019441669338239993, 0.019441669338239986]",0.06147995662469689,0.03888333867647999,0.0013548201629432607,False,False,False,True,False,False,not_run_round2_closure_localization,,,
R2_0075_C6_123_fNa0_Keq1_sat1_B21,C6_123,0.0,1.0,1.0,1.0,21.0,Na_K_capacity_x_equilibrium,1.3275902910747545e-11,"[0.0, -2928865851.0, 1464432925.5, -4393298776.5]","[0.0, -0.03888333867647999, 0.019441669338239993, -0.05832500801471998]","[0.03888333867647999, -0.03888333867647999, -0.019441669338239993, 0.019441669338239993]",0.06147995662469689,0.03888333867647999,0.0013548201629432607,False,False,True,True,False,False,not_run_round2_closure_localization,,,
R2_0076_C6_123_fNa0_Keq10_sat1_B21,C6_123,0.0,1.0,10.0,1.0,21.0,Na_K_capacity_x_equilibrium,4.1649156644622294e-12,"[0.0, -9335924616.255243, 4667962308.127622, -14003886924.382866]","[0.0, -0.038883338676479993, 0.019441669338239997, -0.058325008014719994]","[0.03888333867647999, -0.038883338676479993, -0.01944166933823999, 0.01944166933823998]",0.06147995662469689,0.038883338676479993,0.001354820162943261,False,False,False,True,False,False,not_run_round2_closure_localization,,,
R2_0077_C6_123_fNa0_Keq100_sat1_B21,C6_123,0.0,1.0,100.0,1.0,21.0,Na_K_capacity_x_equilibrium,1.316018321764366e-12,"[0.0, -29546198585.1, 14773099292.55, -44319297877.649994]","[0.0, -0.03888333867647999, 0.019441669338239993, -0.05832500801471997]","[0.03888333867647999, -0.03888333867647999, -0.019441669338239993, 0.01944166933824]",0.061479956624696894,0.03888333867647999,0.0013548201629432607,False,False,False,True,False,False,not_run_round2_closure_localization,,,
R2_0078_C6_123_fNa0.25_Keq0.01_sat1_B21,C6_123,0.25,0.75,0.01,1.0,21.0,Na_K_capacity_x_equilibrium,0.0,"[45505440359.999985, -26509882.5, -22739465238.749992, 68218395716.24998]","[0.0, -0.0, -0.0, 0.0]","[0.03888333867647999, -0.0, -0.03888333867647999, 0.07776667735295997]",0.09524433925320216,0.07776667735295997,0.0027096403272154363,False,True,False,True,False,False,not_run_round2_closure_localization,,,
R2_0079_C6_123_fNa0.25_Keq0.1_sat1_B21,C6_123,0.25,0.75,0.1,1.0,21.0,Na_K_capacity_x_equilibrium,0.0,"[14380958599.182127, -639113354.2626319, -6870922622.459747, 20612767867.379242]","[0.0, -0.0, -0.0, 0.0]","[0.03888333867647999, -0.0, -0.03888333867647999, 0.07776667735295997]",0.09524433925320216,0.07776667735295997,0.0027096403272154363,False,True,False,True,False,False,not_run_round2_closure_localization,,,
R2_0080_C6_123_fNa0.25_Keq1_sat1_B21,C6_123,0.25,0.75,1.0,1.0,21.0,Na_K_capacity_x_equilibrium,0.0,"[4518802160.999999, -2196649388.25, -1161076386.3749995, 3483229159.1249986]","[0.0, -0.0, -0.0, 0.0]","[0.03888333867647999, -0.0, -0.03888333867647999, 0.07776667735295997]",0.09524433925320216,0.07776667735295997,0.0027096403272154363,False,True,True,True,False,False,not_run_round2_closure_localization,,,
R2_0081_C6_123_fNa0.25_Keq10_sat1_B21,C6_123,0.25,0.75,10.0,1.0,21.0,Na_K_capacity_x_equilibrium,5.4862599615227645e-12,"[1337719237.7138555, -7001943462.191433, 2832112112.2387886, -8496336336.716366]","[0.0073390754936282785, -0.038414482069466946, 0.015537703287919332, -0.046613109863757995]","[0.046222414170108264, -0.038414482069466946, -0.023345635388560652, 0.031153567489201978]",0.07160829186189474,0.046222414170108264,0.0016105370773166698,False,True,False,True,False,False,not_run_round2_closure_localization,,,
R2_0082_C6_123_fNa0.25_Keq100_sat1_B21,C6_123,0.25,0.75,100.0,1.0,21.0,Na_K_capacity_x_equilibrium,1.756160200019402e-12,"[134461466.0999999, -22159648938.824997, 11012593736.3625, -33037781209.087498]","[0.00023613587520107787, -0.038915893512766635, 0.01933987881878278, -0.05801963645634834]","[0.03911947455168106, -0.038915893512766635, -0.019543459857697208, 0.019747040896611633]",0.061779223890224534,0.03911947455168106,0.0013630478920056174,False,True,False,True,False,False,not_run_round2_closure_localization,,,
R2_0083_C6_123_fNa0.48387097_Keq0.01_sat1_B21,C6_123,0.48387096774193544,0.5161290322580645,0.01,1.0,21.0,Na_K_capacity_x_equilibrium,0.0,"[88075045858.06448, -18243360.0, -44028401249.03224, 132085203747.09673]","[0.0, -0.0, -0.0, 0.0]","[0.03888333867647999, -0.0, -0.03888333867647999, 0.07776667735295997]",0.09524433925320216,0.07776667735295997,0.0027096403272154363,False,True,False,True,False,False,not_run_round2_closure_localization,,,
R2_0084_C6_123_fNa0.48387097_Keq0.1_sat1_B21,C6_123,0.48387096774193544,0.5161290322580645,0.1,1.0,21.0,Na_K_capacity_x_equilibrium,0.0,"[27834113417.77186, -439819942.7183703, -13697146737.526745, 41091440212.58023]","[0.0, -0.0, -0.0, 0.0]","[0.03888333867647999, -0.0, -0.03888333867647999, 0.07776667735295997]",0.09524433925320216,0.07776667735295997,0.0027096403272154363,False,True,False,True,False,False,not_run_round2_closure_localization,,,
R2_0085_C6_123_fNa0.48387097_Keq1_sat1_B21,C6_123,0.48387096774193544,0.5161290322580645,1.0,1.0,21.0,Na_K_capacity_x_equilibrium,0.0,"[8746068698.709675, -1511672697.2903225, -3617198000.7096763, 10851594002.129028]","[0.0, -0.0, -0.0, 0.0]","[0.03888333867647999, -0.0, -0.03888333867647999, 0.07776667735295997]",0.09524433925320216,0.07776667735295997,0.0027096403272154363,False,True,True,True,False,False,not_run_round2_closure_localization,,,
R2_0086_C6_123_fNa0.48387097_Keq10_sat1_B21,C6_123,0.48387096774193544,0.5161290322580645,10.0,1.0,21.0,Na_K_capacity_x_equilibrium,4.78727601622895e-12,"[2589134008.47843, -4818541737.422061, 1114703864.4718156, -3344111593.4154468]","[0.01239489914159151, -0.023067689292758806, 0.005336395075583649, -0.016009185226750947]","[0.0512782378180715, -0.023067689292758806, -0.033546943600896335, 0.061757492126209027]",0.09000533996221806,0.061757492126209027,0.0021518289952728946,False,True,False,True,False,False,not_run_round2_closure_localization,,,
R2_0087_C6_123_fNa0.48387097_Keq100_sat1_B21,C6_123,0.48387096774193544,0.5161290322580645,100.0,1.0,21.0,Na_K_capacity_x_equilibrium,2.555394316520284e-12,"[260247998.9032256, -15249650882.632257, 7494701441.864516, -22484104325.593548]","[0.0006650362572830799, -0.03896887119439701, 0.019151917468556965, -0.057455752405670885]","[0.039548374933763064, -0.03896887119439701, -0.01973142120792302, 0.02031092494728909]",0.06232583362592022,0.039548374933763064,0.0013779921561896593,False,True,False,True,False,False,not_run_round2_closure_localization,,,
R2_0088_C6_123_fNa0.5_Keq0.01_sat1_B21,C6_123,0.5,0.5,0.01,1.0,21.0,Na_K_capacity_x_equilibrium,0.0,"[91010880719.99997, -17673255.0, -45496603732.499985, 136489811197.49995]","[0.0, -0.0, -0.0, 0.0]","[0.03888333867647999, -0.0, -0.03888333867647999, 0.07776667735295997]",0.09524433925320216,0.07776667735295997,0.0027096403272154363,False,True,False,True,False,False,not_run_round2_closure_localization,,,
R2_0089_C6_123_fNa0.5_Keq0.1_sat1_B21,C6_123,0.5,0.5,0.1,1.0,21.0,Na_K_capacity_x_equilibrium,0.0,"[28761917198.364254, -426075569.50842124, -14167920814.427916, 42503762443.283745]","[0.0, -0.0, -0.0, 0.0]","[0.03888333867647999, -0.0, -0.03888333867647999, 0.07776667735295997]",0.09524433925320216,0.07776667735295997,0.0027096403272154363,False,True,False,True,False,False,not_run_round2_closure_localization,,,
R2_0090_C6_123_fNa0.5_Keq1_sat1_B21,C6_123,0.5,0.5,1.0,1.0,21.0,Na_K_capacity_x_equilibrium,0.0,"[9037604321.999998, -1464432925.5, -3786585698.249999, 11359757094.749996]","[0.0, -0.0, -0.0, 0.0]","[0.03888333867647999, -0.0, -0.03888333867647999, 0.07776667735295997]",0.09524433925320216,0.07776667735295997,0.0027096403272154363,False,True,True,True,False,False,not_run_round2_closure_localization,,,
R2_0091_C6_123_fNa0.5_Keq10_sat1_B21,C6_123,0.5,0.5,10.0,1.0,21.0,Na_K_capacity_x_equilibrium,4.29951367537343e-12,"[2675438475.427711, -4667962308.127622, 996261916.3499553, -2988785749.0498657]","[0.011503084312721684, -0.02006996777992243, 0.004283441733600373, -0.01285032520080112]","[0.05038642298920167, -0.02006996777992243, -0.03459989694287961, 0.06491635215215885]",0.0913940964917038,0.06491635215215885,0.002261893804539439,False,True,False,True,False,False,not_run_round2_closure_localization,,,
R2_0092_C6_123_fNa0.5_Keq100_sat1_B21,C6_123,0.5,0.5,100.0,1.0,21.0,Na_K_capacity_x_equilibrium,2.638166474692204e-12,"[268922932.1999998, -14773099292.55, 7252088180.174999, -21756264540.524998]","[0.0007094634640059641, -0.03897389528090452, 0.01913221590844928, -0.05739664772534783]","[0.03959280214048595, -0.03897389528090452, -0.019751122768030708, 0.02037002962761214]",0.06238268551713848,0.03959280214048595,0.001379540142486624,False,True,False,True,False,False,not_run_round2_closure_localization,,,
R2_0093_C6_123_fNa0.75_Keq0.01_sat1_B21,C6_123,0.75,0.25,0.01,1.0,21.0,Na_K_capacity_x_equilibrium,0.0,"[136516321079.99995, -8836627.5, -68253742226.24998, 204761226678.74994]","[0.0, -0.0, -0.0, 0.0]","[0.03888333867647999, -0.0, -0.03888333867647999, 0.07776667735295997]",0.09524433925320216,0.07776667735295997,0.0027096403272154363,False,True,False,True,False,False,not_run_round2_closure_localization,,,
R2_0094_C6_123_fNa0.75_Keq0.1_sat1_B21,C6_123,0.75,0.25,0.1,1.0,21.0,Na_K_capacity_x_equilibrium,0.0,"[43142875797.54638, -213037784.75421062, -21464919006.396084, 64394757019.18825]","[0.0, -0.0, -0.0, 0.0]","[0.03888333867647999, -0.0, -0.03888333867647999, 0.07776667735295997]",0.09524433925320216,0.07776667735295997,0.0027096403272154363,False,True,False,True,False,False,not_run_round2_closure_localization,,,
R2_0095_C6_123_fNa0.75_Keq1_sat1_B21,C6_123,0.75,0.25,1.0,1.0,21.0,Na_K_capacity_x_equilibrium,0.0,"[13556406482.999996, -732216462.75, -6412095010.124998, 19236285030.374992]","[0.0, -0.0, -0.0, 0.0]","[0.03888333867647999, -0.0, -0.03888333867647999, 0.07776667735295997]",0.09524433925320216,0.07776667735295997,0.0027096403272154363,False,True,True,True,False,False,not_run_round2_closure_localization,,,
R2_0096_C6_123_fNa0.75_Keq10_sat1_B21,C6_123,0.75,0.25,10.0,1.0,21.0,Na_K_capacity_x_equilibrium,0.0,"[4013157713.1415663, -2333981154.063811, -839588279.5388777, 2518764838.6166334]","[0.0, -0.0, -0.0, 0.0]","[0.03888333867647999, -0.0, -0.03888333867647999, 0.07776667735295997]",0.09524433925320216,0.07776667735295997,0.0027096403272154363,False,True,False,True,False,False,not_run_round2_closure_localization,,,
R2_0097_C6_123_fNa0.75_Keq100_sat1_B21,C6_123,0.75,0.25,100.0,1.0,21.0,Na_K_capacity_x_equilibrium,5.291499793869104e-12,"[403384398.2999997, -7386549646.275, 3491582623.9875, -10474747871.962502]","[0.002134508460454461, -0.039085925930668064, 0.018475708735106802, -0.055427126205320414]","[0.041017847136934446, -0.039085925930668064, -0.020407629941373184, 0.02233955114763956]",0.06423161445042952,0.041017847136934446,0.0014291932782513799,False,True,False,True,False,False,not_run_round2_closure_localization,,,
R2_0098_C6_123_fNa1_Keq0.01_sat1_B21,C6_123,1.0,0.0,0.01,1.0,21.0,Na_K_capacity_x_equilibrium,0.0,"[182021761439.99994, -0.0, -91010880719.99997, 273032642159.9999]","[0.0, -0.0, -0.0, 0.0]","[0.03888333867647999, -0.0, -0.03888333867647999, 0.07776667735295997]",0.09524433925320216,0.07776667735295997,0.0027096403272154363,False,False,False,True,False,False,not_run_round2_closure_localization,,,
R2_0099_C6_123_fNa1_Keq0.1_sat1_B21,C6_123,1.0,0.0,0.1,1.0,21.0,Na_K_capacity_x_equilibrium,0.0,"[57523834396.72851, -0.0, -28761917198.364254, 86285751595.09276]","[0.0, -0.0, -0.0, 0.0]","[0.03888333867647999, -0.0, -0.03888333867647999, 0.07776667735295997]",0.09524433925320216,0.07776667735295997,0.0027096403272154363,False,False,False,True,False,False,not_run_round2_closure_localization,,,
R2_0100_C6_123_fNa1_Keq1_sat1_B21,C6_123,1.0,0.0,1.0,1.0,21.0,Na_K_capacity_x_equilibrium,0.0,"[18075208643.999996, -0.0, -9037604321.999998, 27112812965.999992]","[0.0, -0.0, -0.0, 0.0]","[0.03888333867647999, -0.0, -0.03888333867647999, 0.07776667735295997]",0.09524433925320216,0.07776667735295997,0.0027096403272154363,False,False,True,True,False,False,not_run_round2_closure_localization,,,
R2_0101_C6_123_fNa1_Keq10_sat1_B21,C6_123,1.0,0.0,10.0,1.0,21.0,Na_K_capacity_x_equilibrium,0.0,"[5350876950.855422, -0.0, -2675438475.427711, 8026315426.283133]","[0.0, -0.0, -0.0, 0.0]","[0.03888333867647999, -0.0, -0.03888333867647999, 0.07776667735295997]",0.09524433925320216,0.07776667735295997,0.0027096403272154363,False,False,False,True,False,False,not_run_round2_closure_localization,,,
R2_0102_C6_123_fNa1_Keq100_sat1_B21,C6_123,1.0,0.0,100.0,1.0,21.0,Na_K_capacity_x_equilibrium,0.0,"[537845864.3999996, -0.0, -268922932.1999998, 806768796.5999994]","[0.0, -0.0, -0.0, 0.0]","[0.03888333867647999, -0.0, -0.03888333867647999, 0.07776667735295997]",0.09524433925320216,0.07776667735295997,0.0027096403272154363,False,False,False,True,False,False,not_run_round2_closure_localization,,,
R2_0103_C6_213_fNa0_Keq0.01_sat1_B21,C6_213,0.0,1.0,0.01,1.0,21.0,Na_K_capacity_x_equilibrium,0.0,"[0.0, 1100761380.0, -2201522760.0, 3302284140.0]","[0.0, 0.0, -0.0, 0.0]","[0.03888333867647999, 0.0, -0.03888333867647999, 0.07776667735295997]",0.09524433925320216,0.07776667735295997,0.0027096403272154363,False,False,False,True,False,False,not_run_round2_closure_localization,,,
R2_0104_C6_213_fNa0_Keq0.1_sat1_B21,C6_213,0.0,1.0,0.1,1.0,21.0,Na_K_capacity_x_equilibrium,1.944792023269104e-09,"[0.0, -11424898.09009248, 22849796.18018496, -34274694.27027744]","[0.0, -0.022219050672274275, 0.04443810134454855, -0.06665715201682283]","[0.03888333867647999, -0.022219050672274275, 0.0055547626680685636, 0.011109525336137141]",0.046474478812567416,0.03888333867647999,0.0013548201611623743,False,False,False,True,False,False,not_run_round2_closure_localization,,,
R2_0105_C6_213_fNa0_Keq1_sat1_B21,C6_213,0.0,1.0,1.0,1.0,21.0,Na_K_capacity_x_equilibrium,1.9481800263887336e-11,"[0.0, -1140502949.9999998, 2281005899.9999995, -3421508849.999999]","[0.0, -0.02221905067227428, 0.04443810134454856, -0.06665715201682283]","[0.03888333867647999, -0.02221905067227428, 0.0055547626680685705, 0.011109525336137141]",0.046474478812567416,0.03888333867647999,0.0013548201611623743,False,False,True,True,False,False,not_run_round2_closure_localization,,,
R2_0106_C6_213_fNa0_Keq10_sat1_B21,C6_213,0.0,1.0,10.0,1.0,21.0,Na_K_capacity_x_equilibrium,5.616799087732872e-12,"[0.0, -3955820802.0651546, 7911641604.130309, -11867462406.195463]","[0.0, -0.02221905067227428, 0.04443810134454856, -0.06665715201682283]","[0.03888333867647999, -0.02221905067227428, 0.0055547626680685705, 0.011109525336137141]",0.046474478812567416,0.03888333867647999,0.0013548201611623743,False,False,False,True,False,False,not_run_round2_closure_localization,,,
R2_0107_C6_213_fNa0_Keq100_sat1_B21,C6_213,0.0,1.0,100.0,1.0,21.0,Na_K_capacity_x_equilibrium,1.7606442398253306e-12,"[-0.0, -12619841174.999998, 25239682349.999996, -37859523524.99999]","[-0.0, -0.02221905067227428, 0.04443810134454856, -0.06665715201682283]","[0.03888333867647999, -0.02221905067227428, 0.0055547626680685705, 0.011109525336137141]",0.046474478812567416,0.03888333867647999,0.0013548201611623743,False,False,False,True,False,False,not_run_round2_closure_localization,,,
R2_0108_C6_213_fNa0.25_Keq0.01_sat1_B21,C6_213,0.25,0.75,0.01,1.0,21.0,Na_K_capacity_x_equilibrium,0.0,"[8108372025.0, 825571035.0, -17867886120.0, 26801829180.0]","[0.0, 0.0, -0.0, 0.0]","[0.03888333867647999, 0.0, -0.03888333867647999, 0.07776667735295997]",0.09524433925320216,0.07776667735295997,0.0027096403272154363,False,True,False,True,False,False,not_run_round2_closure_localization,,,
R2_0109_C6_213_fNa0.25_Keq0.1_sat1_B21,C6_213,0.25,0.75,0.1,1.0,21.0,Na_K_capacity_x_equilibrium,0.0,"[2545367568.884325, -8568673.56756936, -5073597790.633512, 7610396685.950268]","[0.0, -0.0, -0.0, 0.0]","[0.03888333867647999, -0.0, -0.03888333867647999, 0.07776667735295997]",0.09524433925320216,0.07776667735295997,0.0027096403272154363,False,True,False,True,False,False,not_run_round2_closure_localization,,,
R2_0110_C6_213_fNa0.25_Keq1_sat1_B21,C6_213,0.25,0.75,1.0,1.0,21.0,Na_K_capacity_x_equilibrium,3.545856906125636e-12,"[745702875.0, -855377212.4999998, 219348674.99999952, -329023012.4999993]","[0.002644155689236492, -0.00303304519628562, 0.000777779014098256, -0.001166668521147384]","[0.041527494365716476, -0.00303304519628562, -0.03810555966238173, 0.07660000883181259]",0.09514897362386221,0.07660000883181259,0.0026689898560953184,False,True,True,True,False,False,not_run_round2_closure_localization,,,
R2_0111_C6_213_fNa0.25_Keq10_sat1_B21,C6_213,0.25,0.75,10.0,1.0,21.0,Na_K_capacity_x_equilibrium,7.579535857745325e-12,"[48563928.12509161, -2966865601.548866, 5836603346.8475485, -8754905020.271322]","[0.00036809203461709856, -0.022487464212050782, 0.04423874435486737, -0.06635811653230105]","[0.03925143071109709, -0.022487464212050782, 0.005355405678387382, 0.011408560820658928]",0.046959519690208694,0.03925143071109709,0.001367645667595026,False,True,False,True,False,False,not_run_round2_closure_localization,,,
R2_0112_C6_213_fNa0.25_Keq100_sat1_B21,C6_213,0.25,0.75,100.0,1.0,21.0,Na_K_capacity_x_equilibrium,2.245945362368344e-12,"[-576772987.4999999, -9464880881.249998, 20083307737.499996, -30124961606.249992]","[-0.0012954006164149596, -0.02125760532061224, 0.0451060118740544, -0.06765901781108159]","[0.037587938060065024, -0.02125760532061224, 0.006222673197574413, 0.01010765954187838]",0.04478420831847475,0.037587938060065024,0.0013096842511827588,False,True,False,True,False,False,not_run_round2_closure_localization,,,
R2_0113_C6_213_fNa0.48387097_Keq0.01_sat1_B21,C6_213,0.48387096774193544,0.5161290322580645,0.01,1.0,21.0,Na_K_capacity_x_equilibrium,0.0,"[15693623274.193546, 568134905.8064516, -32523516359.999996, 48785274539.99999]","[0.0, 0.0, -0.0, 0.0]","[0.03888333867647999, 0.0, -0.03888333867647999, 0.07776667735295997]",0.09524433925320216,0.07776667735295997,0.0027096403272154363,False,True,False,True,False,False,not_run_round2_closure_localization,,,
R2_0114_C6_213_fNa0.48387097_Keq0.1_sat1_B21,C6_213,0.48387096774193544,0.5161290322580645,0.1,1.0,21.0,Na_K_capacity_x_equilibrium,0.0,"[4926517875.259983, -5896721.594886441, -9841242307.330193, 14761863460.995289]","[0.0, -0.0, -0.0, 0.0]","[0.03888333867647999, -0.0, -0.03888333867647999, 0.07776667735295997]",0.09524433925320216,0.07776667735295997,0.0027096403272154363,False,True,False,True,False,False,not_run_round2_closure_localization,,,
R2_0115_C6_213_fNa0.48387097_Keq1_sat1_B21,C6_213,0.48387096774193544,0.5161290322580645,1.0,1.0,21.0,Na_K_capacity_x_equilibrium,0.0,"[1443295887.096774, -588646683.8709676, -1709298406.451613, 2563947609.6774197]","[0.0, -0.0, -0.0, 0.0]","[0.03888333867647999, -0.0, -0.03888333867647999, 0.07776667735295997]",0.09524433925320216,0.07776667735295997,0.0027096403272154363,False,True,True,True,False,False,not_run_round2_closure_localization,,,
R2_0116_C6_213_fNa0.48387097_Keq10_sat1_B21,C6_213,0.48387096774193544,0.5161290322580645,10.0,1.0,21.0,Na_K_capacity_x_equilibrium,1.1257555678439761e-11,"[93994699.5969515, -2041713962.3562088, 3895438525.5185146, -5843157788.277772]","[0.001058150564190901, -0.022984708610672883, 0.04385311609296397, -0.06577967413944595]","[0.03994148924067089, -0.022984708610672883, 0.004969777416483981, 0.011987003213514022]",0.047874902885440496,0.03994148924067089,0.001391689518799688,False,True,False,True,False,False,not_run_round2_closure_localization,,,
R2_0117_C6_213_fNa0.48387097_Keq100_sat1_B21,C6_213,0.48387096774193544,0.5161290322580645,100.0,1.0,21.0,Na_K_capacity_x_equilibrium,3.0192751632862086e-12,"[-1116334814.5161288, -6513466412.903225, 15259602454.838707, -22889403682.25806]","[-0.003370521979380264, -0.01966594736737762, 0.046072938693515766, -0.06910940804027364]","[0.03551281669709972, -0.01966594736737762, 0.00718960001703578, 0.00865726931268633]",0.042125387784275804,0.03551281669709972,0.0012373803709400655,False,True,False,True,False,False,not_run_round2_closure_localization,,,
R2_0118_C6_213_fNa0.5_Keq0.01_sat1_B21,C6_213,0.5,0.5,0.01,1.0,21.0,Na_K_capacity_x_equilibrium,0.0,"[16216744050.0, 550380690.0, -33534249480.0, 50301374220.0]","[0.0, 0.0, -0.0, 0.0]","[0.03888333867647999, 0.0, -0.03888333867647999, 0.07776667735295997]",0.09524433925320216,0.07776667735295997,0.0027096403272154363,False,True,False,True,False,False,not_run_round2_closure_localization,,,
R2_0119_C6_213_fNa0.5_Keq0.1_sat1_B21,C6_213,0.5,0.5,0.1,1.0,21.0,Na_K_capacity_x_equilibrium,0.0,"[5090735137.76865, -5712449.04504624, -10170045377.447208, 15255068066.170813]","[0.0, -0.0, -0.0, 0.0]","[0.03888333867647999, -0.0, -0.03888333867647999, 0.07776667735295997]",0.09524433925320216,0.07776667735295997,0.0027096403272154363,False,True,False,True,False,False,not_run_round2_closure_localization,,,
R2_0120_C6_213_fNa0.5_Keq1_sat1_B21,C6_213,0.5,0.5,1.0,1.0,21.0,Na_K_capacity_x_equilibrium,0.0,"[1491405750.0, -570251474.9999999, -1842308550.0000002, 2763462825.0000005]","[0.0, -0.0, -0.0, 0.0]","[0.03888333867647999, -0.0, -0.03888333867647999, 0.07776667735295997]",0.09524433925320216,0.07776667735295997,0.0027096403272154363,False,True,True,True,False,False,not_run_round2_closure_localization,,,
R2_0121_C6_213_fNa0.5_Keq10_sat1_B21,C6_213,0.5,0.5,10.0,1.0,21.0,Na_K_capacity_x_equilibrium,1.1647102095999642e-11,"[97127856.25018322, -1977910401.0325773, 3761565089.564788, -5642347634.347181]","[0.001131258058111461, -0.023036924377566024, 0.04381133263890912, -0.06571699895836368]","[0.04001459673459145, -0.023036924377566024, 0.004927993962429135, 0.012049678394596294]",0.04797236402885115,0.04001459673459145,0.0013942368182394288,False,True,False,True,False,False,not_run_round2_closure_localization,,,
R2_0122_C6_213_fNa0.5_Keq100_sat1_B21,C6_213,0.5,0.5,100.0,1.0,21.0,Na_K_capacity_x_equilibrium,3.0922820056586183e-12,"[-1153545974.9999998, -6309920587.499999, 14926933124.999998, -22390399687.499996]","[-0.0035670894611924257, -0.019512053889861103, 0.04615828670210706, -0.06923743005316059]","[0.03531624921528756, -0.019512053889861103, 0.007274948025627073, 0.008529247299799383]",0.04187637321824627,0.03531624921528756,0.0012305313297619413,False,True,False,True,False,False,not_run_round2_closure_localization,,,
R2_0123_C6_213_fNa0.75_Keq0.01_sat1_B21,C6_213,0.75,0.25,0.01,1.0,21.0,Na_K_capacity_x_equilibrium,0.0,"[24325116075.0, 275190345.0, -49200612840.0, 73800919260.0]","[0.0, 0.0, -0.0, 0.0]","[0.03888333867647999, 0.0, -0.03888333867647999, 0.07776667735295997]",0.09524433925320216,0.07776667735295997,0.0027096403272154363,False,True,False,True,False,False,not_run_round2_closure_localization,,,
R2_0124_C6_213_fNa0.75_Keq0.1_sat1_B21,C6_213,0.75,0.25,0.1,1.0,21.0,Na_K_capacity_x_equilibrium,0.0,"[7636102706.652975, -2856224.52252312, -15266492964.260904, 22899739446.391357]","[0.0, -0.0, -0.0, 0.0]","[0.03888333867647999, -0.0, -0.03888333867647999, 0.07776667735295997]",0.09524433925320216,0.07776667735295997,0.0027096403272154363,False,True,False,True,False,False,not_run_round2_closure_localization,,,
R2_0125_C6_213_fNa0.75_Keq1_sat1_B21,C6_213,0.75,0.25,1.0,1.0,21.0,Na_K_capacity_x_equilibrium,0.0,"[2237108625.0, -285125737.49999994, -3903965775.0, 5855948662.5]","[0.0, -0.0, -0.0, 0.0]","[0.03888333867647999, -0.0, -0.03888333867647999, 0.07776667735295997]",0.09524433925320216,0.07776667735295997,0.0027096403272154363,False,True,True,True,False,False,not_run_round2_closure_localization,,,
R2_0126_C6_213_fNa0.75_Keq10_sat1_B21,C6_213,0.75,0.25,10.0,1.0,21.0,Na_K_capacity_x_equilibrium,2.5054614744140094e-11,"[145691784.37527484, -988955200.5162886, 1686526832.2820277, -2529790248.4230413]","[0.0036502515289088405, -0.02477789154814943, 0.04225528003848118, -0.06338292005772177]","[0.04253359020538883, -0.02477789154814943, 0.003371941362001196, 0.014383757295238206]",0.05139370260848011,0.04253359020538883,0.0014820066255842852,False,True,False,True,False,False,not_run_round2_closure_localization,,,
R2_0127_C6_213_fNa0.75_Keq100_sat1_B21,C6_213,0.75,0.25,100.0,1.0,21.0,Na_K_capacity_x_equilibrium,4.909971918695781e-12,"[-1730318962.4999995, -3154960293.7499995, 9770558512.499998, -14655837768.749996]","[-0.008495817516261816, -0.01549076644691269, 0.04797316792634901, -0.07195975188952351]","[0.030387521160218173, -0.01549076644691269, 0.009089829249869022, 0.00580692546343646]",0.0357730438529514,0.030387521160218173,0.0010587986449163182,False,True,False,True,False,False,not_run_round2_closure_localization,,,
R2_0128_C6_213_fNa1_Keq0.01_sat1_B21,C6_213,1.0,0.0,0.01,1.0,21.0,Na_K_capacity_x_equilibrium,0.0,"[32433488100.0, 0.0, -64866976200.0, 97300464300.0]","[0.0, 0.0, -0.0, 0.0]","[0.03888333867647999, 0.0, -0.03888333867647999, 0.07776667735295997]",0.09524433925320216,0.07776667735295997,0.0027096403272154363,False,False,False,True,False,False,not_run_round2_closure_localization,,,
R2_0129_C6_213_fNa1_Keq0.1_sat1_B21,C6_213,1.0,0.0,0.1,1.0,21.0,Na_K_capacity_x_equilibrium,0.0,"[10181470275.5373, -0.0, -20362940551.0746, 30544410826.6119]","[0.0, -0.0, -0.0, 0.0]","[0.03888333867647999, -0.0, -0.03888333867647999, 0.07776667735295997]",0.09524433925320216,0.07776667735295997,0.0027096403272154363,False,False,False,True,False,False,not_run_round2_closure_localization,,,
R2_0130_C6_213_fNa1_Keq1_sat1_B21,C6_213,1.0,0.0,1.0,1.0,21.0,Na_K_capacity_x_equilibrium,0.0,"[2982811500.0, -0.0, -5965623000.0, 8948434500.0]","[0.0, -0.0, -0.0, 0.0]","[0.03888333867647999, -0.0, -0.03888333867647999, 0.07776667735295997]",0.09524433925320216,0.07776667735295997,0.0027096403272154363,False,False,True,True,False,False,not_run_round2_closure_localization,,,
R2_0131_C6_213_fNa1_Keq10_sat1_B21,C6_213,1.0,0.0,10.0,1.0,21.0,Na_K_capacity_x_equilibrium,0.0,"[194255712.50036645, -0.0, -388511425.0007329, 582767137.5010993]","[0.0, -0.0, -0.0, 0.0]","[0.03888333867647999, -0.0, -0.03888333867647999, 0.07776667735295997]",0.09524433925320216,0.07776667735295997,0.0027096403272154363,False,False,False,True,False,False,not_run_round2_closure_localization,,,
R2_0132_C6_213_fNa1_Keq100_sat1_B21,C6_213,1.0,0.0,100.0,1.0,21.0,Na_K_capacity_x_equilibrium,1.0834605879626328e-11,"[-2307091949.9999995, -0.0, 4614183899.999999, -6921275849.999998]","[-0.024996432006308564, -0.0, 0.04999286401261713, -0.07498929601892569]","[0.013886906670171423, -0.0, 0.011109525336137141, 0.0027773813340342818]",0.017999488246474304,0.013886906670171423,0.00048386434212723277,False,False,False,True,False,False,not_run_round2_closure_localization,,,
R2_0133_C7_112_fNa0_Keq0.01_sat1_B21,C7_112,0.0,1.0,0.01,1.0,21.0,Na_K_capacity_x_equilibrium,0.0,"[0.0, 2.756322077323071, -2.756322077323071, 5.512644154646142]","[0.0, 0.0, -0.0, 0.0]","[0.03888333867647999, 0.0, -0.03888333867647999, 0.07776667735295997]",0.09524433925320216,0.07776667735295997,0.0027096403272154363,False,False,False,True,False,False,not_run_round2_closure_localization,,,
R2_0134_C7_112_fNa0_Keq0.1_sat1_B21,C7_112,0.0,1.0,0.1,1.0,21.0,Na_K_capacity_x_equilibrium,0.6213860842341202,"[0.0, -0.05214597341737631, 0.05214597341737631, -0.10429194683475262]","[0.0, -0.03240278223039999, 0.03240278223039999, -0.06480556446079998]","[0.03888333867647999, -0.03240278223039999, -0.006480556446079998, 0.012961112892159996]",0.052648289451365037,0.03888333867647999,0.0013548201611623743,False,False,False,True,False,False,not_run_round2_closure_localization,,,
R2_0135_C7_112_fNa0_Keq1_sat1_B21,C7_112,0.0,1.0,1.0,1.0,21.0,Na_K_capacity_x_equilibrium,0.011029937859682416,"[0.0, -2.9377121288091246, 2.9377121288091246, -5.875424257618249]","[0.0, -0.03240278223039999, 0.03240278223039999, -0.06480556446079998]","[0.03888333867647999, -0.03240278223039999, -0.006480556446079998, 0.012961112892159996]",0.052648289451365037,0.03888333867647999,0.0013548201611623743,False,False,True,True,False,False,not_run_round2_closure_localization,,,
R2_0136_C7_112_fNa0_Keq10_sat1_B21,C7_112,0.0,1.0,10.0,1.0,21.0,Na_K_capacity_x_equilibrium,0.003187147954396908,"[0.0, -10.166701607215296, 10.166701607215296, -20.333403214430593]","[0.0, -0.03240278223039999, 0.03240278223039999, -0.06480556446079998]","[0.03888333867647999, -0.03240278223039999, -0.006480556446079998, 0.012961112892159996]",0.052648289451365037,0.03888333867647999,0.0013548201611623743,False,False,False,True,False,False,not_run_round2_closure_localization,,,
R2_0137_C7_112_fNa0_Keq100_sat1_B21,C7_112,0.0,1.0,100.0,1.0,21.0,Na_K_capacity_x_equilibrium,0.0009992465480549897,"[-0.0, -32.42721457829527, 32.42721457829527, -64.85442915659054]","[-0.0, -0.03240278223039999, 0.03240278223039999, -0.06480556446079998]","[0.03888333867647999, -0.03240278223039999, -0.006480556446079998, 0.012961112892159996]",0.052648289451365037,0.03888333867647999,0.0013548201611623743,False,False,False,True,False,False,not_run_round2_closure_localization,,,
R2_0138_C7_112_fNa0.25_Keq0.01_sat1_B21,C7_112,0.25,0.75,0.01,1.0,21.0,Na_K_capacity_x_equilibrium,0.0,"[8.67189749958853, 2.067241557992303, -10.739139057580832, 21.478278115161665]","[0.0, 0.0, -0.0, 0.0]","[0.03888333867647999, 0.0, -0.03888333867647999, 0.07776667735295997]",0.09524433925320216,0.07776667735295997,0.0027096403272154363,False,True,False,True,False,False,not_run_round2_closure_localization,,,
R2_0139_C7_112_fNa0.25_Keq0.1_sat1_B21,C7_112,0.25,0.75,0.1,1.0,21.0,Na_K_capacity_x_equilibrium,0.0,"[2.721799774532511, -0.039109480063032234, -2.6826902944694786, 5.365380588938957]","[0.0, -0.0, -0.0, 0.0]","[0.03888333867647999, -0.0, -0.03888333867647999, 0.07776667735295997]",0.09524433925320216,0.07776667735295997,0.0027096403272154363,False,True,False,True,False,False,not_run_round2_closure_localization,,,
R2_0140_C7_112_fNa0.25_Keq1_sat1_B21,C7_112,0.25,0.75,1.0,1.0,21.0,Na_K_capacity_x_equilibrium,0.0157665418055122,"[0.7958977851125106, -2.2032840966068434, 1.4073863114943328, -2.8147726229886656]","[0.012548555701890965, -0.03473817081857198, 0.022189615116681015, -0.04437923023336203]","[0.05143189437837095, -0.03473817081857198, -0.01669372355979897, 0.03338744711959794]",0.07242501158179492,0.05143189437837095,0.0017920520671516065,False,True,True,True,False,False,not_run_round2_closure_localization,,,
R2_0141_C7_112_fNa0.25_Keq10_sat1_B21,C7_112,0.25,0.75,10.0,1.0,21.0,Na_K_capacity_x_equilibrium,0.004261649124743377,"[0.04673498967015213, -7.625026205411473, 7.578291215741321, -15.156582431482642]","[0.00019916812782269462, -0.03249518625443712, 0.03229601812661442, -0.06459203625322885]","[0.03908250680430268, -0.03249518625443712, -0.0065873205498655635, 0.013174641099731127]",0.05291827121091854,0.03908250680430268,0.001361759817184071,False,True,False,True,False,False,not_run_round2_closure_localization,,,
R2_0142_C7_112_fNa0.25_Keq100_sat1_B21,C7_112,0.25,0.75,100.0,1.0,21.0,Na_K_capacity_x_equilibrium,0.0013159558123830007,"[-0.6333298699521762, -24.320410933721455, 24.953740803673632, -49.907481607347265]","[-0.0008334341235193362, -0.03200458612777383, 0.03283802025129317, -0.06567604050258634]","[0.03804990455296065, -0.03200458612777383, -0.006045318425186817, 0.012090636850373634]",0.051524927404209164,0.03804990455296065,0.0013257806446634428,False,True,False,True,False,False,not_run_round2_closure_localization,,,
R2_0143_C7_112_fNa0.48387097_Keq0.01_sat1_B21,C7_112,0.48387096774193544,0.5161290322580645,0.01,1.0,21.0,Na_K_capacity_x_equilibrium,0.0,"[16.784317741139088, 1.4226178463602948, -18.206935587499384, 36.41387117499877]","[0.0, 0.0, -0.0, 0.0]","[0.03888333867647999, 0.0, -0.03888333867647999, 0.07776667735295997]",0.09524433925320216,0.07776667735295997,0.0027096403272154363,False,True,False,True,False,False,not_run_round2_closure_localization,,,
R2_0144_C7_112_fNa0.48387097_Keq0.1_sat1_B21,C7_112,0.48387096774193544,0.5161290322580645,0.1,1.0,21.0,Na_K_capacity_x_equilibrium,0.0,"[5.267999563611311, -0.02691405079606519, -5.241085512815246, 10.482171025630493]","[0.0, -0.0, -0.0, 0.0]","[0.03888333867647999, -0.0, -0.03888333867647999, 0.07776667735295997]",0.09524433925320216,0.07776667735295997,0.0027096403272154363,False,True,False,True,False,False,not_run_round2_closure_localization,,,
R2_0145_C7_112_fNa0.48387097_Keq1_sat1_B21,C7_112,0.48387096774193544,0.5161290322580645,1.0,1.0,21.0,Na_K_capacity_x_equilibrium,0.0,"[1.540447326024214, -1.516238518095032, -0.024208807929182008, 0.048417615858364016]","[0.0, -0.0, -0.0, 0.0]","[0.03888333867647999, -0.0, -0.03888333867647999, 0.07776667735295997]",0.09524433925320216,0.07776667735295997,0.0027096403272154363,False,True,True,True,False,False,not_run_round2_closure_localization,,,
R2_0146_C7_112_fNa0.48387097_Keq10_sat1_B21,C7_112,0.48387096774193544,0.5161290322580645,10.0,1.0,21.0,Na_K_capacity_x_equilibrium,0.006224339969046192,"[0.09045481871642347, -5.24732986178854, 5.156875043072116, -10.313750086144232]","[0.0005630215435294621, -0.03266116498950004, 0.032098143445970576, -0.06419628689194115]","[0.03944636022000945, -0.03266116498950004, -0.006785195230509411, 0.013570390461018822]",0.05341312015468414,0.03944636022000945,0.001374437636546676,False,True,False,True,False,False,not_run_round2_closure_localization,,,
R2_0147_C7_112_fNa0.48387097_Keq100_sat1_B21,C7_112,0.48387096774193544,0.5161290322580645,100.0,1.0,21.0,Na_K_capacity_x_equilibrium,0.0018681362696312423,"[-1.2257997482945344, -16.736626879120138, 17.962426627414672, -35.924853254829344]","[-0.0022899609690938674, -0.03126629970416948, 0.033556260673263345, -0.06711252134652669]","[0.03659337770738612, -0.03126629970416948, -0.005327078003216641, 0.010654156006433282]",0.0495837230297216,0.03659337770738612,0.00127503058035771,False,True,False,True,False,False,not_run_round2_closure_localization,,,
R2_0148_C7_112_fNa0.5_Keq0.01_sat1_B21,C7_112,0.5,0.5,0.01,1.0,21.0,Na_K_capacity_x_equilibrium,0.0,"[17.34379499917706, 1.3781610386615355, -18.721956037838595, 37.44391207567719]","[0.0, 0.0, -0.0, 0.0]","[0.03888333867647999, 0.0, -0.03888333867647999, 0.07776667735295997]",0.09524433925320216,0.07776667735295997,0.0027096403272154363,False,True,False,True,False,False,not_run_round2_closure_localization,,,
R2_0149_C7_112_fNa0.5_Keq0.1_sat1_B21,C7_112,0.5,0.5,0.1,1.0,21.0,Na_K_capacity_x_equilibrium,0.0,"[5.443599549065022, -0.026072986708688156, -5.417526562356334, 10.835053124712667]","[0.0, -0.0, -0.0, 0.0]","[0.03888333867647999, -0.0, -0.03888333867647999, 0.07776667735295997]",0.09524433925320216,0.07776667735295997,0.0027096403272154363,False,True,False,True,False,False,not_run_round2_closure_localization,,,
R2_0150_C7_112_fNa0.5_Keq1_sat1_B21,C7_112,0.5,0.5,1.0,1.0,21.0,Na_K_capacity_x_equilibrium,0.0,"[1.5917955702250213, -1.4688560644045623, -0.12293950582045898, 0.24587901164091797]","[0.0, -0.0, -0.0, 0.0]","[0.03888333867647999, -0.0, -0.03888333867647999, 0.07776667735295997]",0.09524433925320216,0.07776667735295997,0.0027096403272154363,False,True,True,True,False,False,not_run_round2_closure_localization,,,
R2_0151_C7_112_fNa0.5_Keq10_sat1_B21,C7_112,0.5,0.5,10.0,1.0,21.0,Na_K_capacity_x_equilibrium,0.006428479640939737,"[0.09346997934030427, -5.083350803607648, 4.989880824267344, -9.979761648534687]","[0.0006008698592282039, -0.03267821714874642, 0.032077347289518214, -0.06415469457903643]","[0.03948420853570819, -0.03267821714874642, -0.0068059913869617725, 0.013611982773923545]",0.053464719147386396,0.03948420853570819,0.0013757563931912316,False,True,False,True,False,False,not_run_round2_closure_localization,,,
R2_0152_C7_112_fNa0.5_Keq100_sat1_B21,C7_112,0.5,0.5,100.0,1.0,21.0,Na_K_capacity_x_equilibrium,0.0019236389751775458,"[-1.2666597399043524, -16.213607289147635, 17.480267029051987, -34.960534058103974]","[-0.0024365960439682653, -0.031189126909627142, 0.03362572295359541, -0.06725144590719082]","[0.03644674263251172, -0.031189126909627142, -0.005257615722884579, 0.010515231445769158]",0.04938966796155843,0.03644674263251172,0.0012699213442993686,False,True,False,True,False,False,not_run_round2_closure_localization,,,
R2_0153_C7_112_fNa0.75_Keq0.01_sat1_B21,C7_112,0.75,0.25,0.01,1.0,21.0,Na_K_capacity_x_equilibrium,0.0,"[26.01569249876559, 0.6890805193307677, -26.704773018096358, 53.409546036192715]","[0.0, 0.0, -0.0, 0.0]","[0.03888333867647999, 0.0, -0.03888333867647999, 0.07776667735295997]",0.09524433925320216,0.07776667735295997,0.0027096403272154363,False,True,False,True,False,False,not_run_round2_closure_localization,,,
R2_0154_C7_112_fNa0.75_Keq0.1_sat1_B21,C7_112,0.75,0.25,0.1,1.0,21.0,Na_K_capacity_x_equilibrium,0.0,"[8.165399323597534, -0.013036493354344078, -8.15236283024319, 16.30472566048638]","[0.0, -0.0, -0.0, 0.0]","[0.03888333867647999, -0.0, -0.03888333867647999, 0.07776667735295997]",0.09524433925320216,0.07776667735295997,0.0027096403272154363,False,True,False,True,False,False,not_run_round2_closure_localization,,,
R2_0155_C7_112_fNa0.75_Keq1_sat1_B21,C7_112,0.75,0.25,1.0,1.0,21.0,Na_K_capacity_x_equilibrium,0.0,"[2.387693355337532, -0.7344280322022811, -1.6532653231352508, 3.3065306462705015]","[0.0, -0.0, -0.0, 0.0]","[0.03888333867647999, -0.0, -0.03888333867647999, 0.07776667735295997]",0.09524433925320216,0.07776667735295997,0.0027096403272154363,False,True,True,True,False,False,not_run_round2_closure_localization,,,
R2_0156_C7_112_fNa0.75_Keq10_sat1_B21,C7_112,0.75,0.25,10.0,1.0,21.0,Na_K_capacity_x_equilibrium,0.013066214256664386,"[0.1402049690104564, -2.541675401803824, 2.4014704327933676, -4.802940865586735]","[0.0018319481649396137, -0.033210075370862305, 0.031378127205922694, -0.06275625441184539]","[0.0407152868414196, -0.033210075370862305, -0.007505211470557292, 0.015010422941114585]",0.05515690967418638,0.0407152868414196,0.0014186511076759497,False,True,False,True,False,False,not_run_round2_closure_localization,,,
R2_0157_C7_112_fNa0.75_Keq100_sat1_B21,C7_112,0.75,0.25,100.0,1.0,21.0,Na_K_capacity_x_equilibrium,0.0035426858608713302,"[-1.8999896098565285, -8.106803644573818, 10.006793254430345, -20.01358650886069]","[-0.0067310663266411585, -0.028719858648491834, 0.03545092497513299, -0.07090184995026598]","[0.03215227234983883, -0.028719858648491834, -0.0034324137013469966, 0.006864827402693993]",0.04378933908080292,0.03215227234983883,0.0011202882334048426,False,True,False,True,False,False,not_run_round2_closure_localization,,,
R2_0158_C7_112_fNa1_Keq0.01_sat1_B21,C7_112,1.0,0.0,0.01,1.0,21.0,Na_K_capacity_x_equilibrium,0.0,"[34.68758999835412, 0.0, -34.68758999835412, 69.37517999670824]","[0.0, 0.0, -0.0, 0.0]","[0.03888333867647999, 0.0, -0.03888333867647999, 0.07776667735295997]",0.09524433925320216,0.07776667735295997,0.0027096403272154363,False,False,False,True,False,False,not_run_round2_closure_localization,,,
R2_0159_C7_112_fNa1_Keq0.1_sat1_B21,C7_112,1.0,0.0,0.1,1.0,21.0,Na_K_capacity_x_equilibrium,0.0,"[10.887199098130043, -0.0, -10.887199098130043, 21.774398196260087]","[0.0, -0.0, -0.0, 0.0]","[0.03888333867647999, -0.0, -0.03888333867647999, 0.07776667735295997]",0.09524433925320216,0.07776667735295997,0.0027096403272154363,False,False,False,True,False,False,not_run_round2_closure_localization,,,
R2_0160_C7_112_fNa1_Keq1_sat1_B21,C7_112,1.0,0.0,1.0,1.0,21.0,Na_K_capacity_x_equilibrium,0.0,"[3.1835911404500425, -0.0, -3.1835911404500425, 6.367182280900085]","[0.0, -0.0, -0.0, 0.0]","[0.03888333867647999, -0.0, -0.03888333867647999, 0.07776667735295997]",0.09524433925320216,0.07776667735295997,0.0027096403272154363,False,False,True,True,False,False,not_run_round2_closure_localization,,,
R2_0161_C7_112_fNa1_Keq10_sat1_B21,C7_112,1.0,0.0,10.0,1.0,21.0,Na_K_capacity_x_equilibrium,0.0,"[0.18693995868060853, -0.0, -0.18693995868060853, 0.37387991736121706]","[0.0, -0.0, -0.0, 0.0]","[0.03888333867647999, -0.0, -0.03888333867647999, 0.07776667735295997]",0.09524433925320216,0.07776667735295997,0.0027096403272154363,False,False,False,True,False,False,not_run_round2_closure_localization,,,
R2_0162_C7_112_fNa1_Keq100_sat1_B21,C7_112,1.0,0.0,100.0,1.0,21.0,Na_K_capacity_x_equilibrium,0.01534877025436055,"[-2.533319479808705, -0.0, 2.533319479808705, -5.06663895961741]","[-0.03888333867647999, -0.0, 0.03888333867647999, -0.07776667735295997]","[0.0, -0.0, 0.0, 0.0]",0.0,0.0,1.781179185555778e-12,True,False,False,True,False,False,pass,0.998537512923428,1.0056181552880537,0.0013601090272964875
R2_0163_C7_123_fNa0_Keq0.01_sat1_B21,C7_123,0.0,1.0,0.01,1.0,21.0,Na_K_capacity_x_equilibrium,0.15249715761680227,"[0.0, -0.2549774650501144, 0.1274887325250572, -0.38246619757517164]","[0.0, -0.038883338676479993, 0.019441669338239997, -0.05832500801471999]","[0.03888333867647999, -0.038883338676479993, -0.01944166933823999, 0.019441669338239986]",0.061479956624696894,0.038883338676479993,0.001354820162943261,False,False,False,True,False,False,not_run_round2_closure_localization,,,
R2_0164_C7_123_fNa0_Keq0.1_sat1_B21,C7_123,0.0,1.0,0.1,1.0,21.0,Na_K_capacity_x_equilibrium,0.0063254533848218445,"[0.0, -6.147122792775924, 3.073561396387962, -9.220684189163887]","[0.0, -0.03888333867647998, 0.01944166933823999, -0.05832500801471997]","[0.03888333867647999, -0.03888333867647998, -0.019441669338239997, 0.01944166933824]",0.061479956624696894,0.03888333867647999,0.0013548201629432605,False,False,False,True,False,False,not_run_round2_closure_localization,,,
R2_0165_C7_123_fNa0_Keq1_sat1_B21,C7_123,0.0,1.0,1.0,1.0,21.0,Na_K_capacity_x_equilibrium,0.0018403855215265278,"[0.0, -21.127822525047783, 10.563911262523892, -31.691733787571675]","[0.0, -0.03888333867647999, 0.019441669338239993, -0.05832500801471998]","[0.03888333867647999, -0.03888333867647999, -0.019441669338239993, 0.019441669338239993]",0.06147995662469689,0.03888333867647999,0.0013548201629432607,False,False,True,True,False,False,not_run_round2_closure_localization,,,
R2_0166_C7_123_fNa0_Keq10_sat1_B21,C7_123,0.0,1.0,10.0,1.0,21.0,Na_K_capacity_x_equilibrium,0.0005773656630955065,"[0.0, -67.34612250408108, 33.67306125204054, -101.01918375612162]","[0.0, -0.03888333867647999, 0.019441669338239993, -0.05832500801471998]","[0.03888333867647999, -0.03888333867647999, -0.019441669338239993, 0.019441669338239993]",0.06147995662469689,0.03888333867647999,0.0013548201629432607,False,False,False,True,False,False,not_run_round2_closure_localization,,,
R2_0167_C7_123_fNa0_Keq100_sat1_B21,C7_123,0.0,1.0,100.0,1.0,21.0,Na_K_capacity_x_equilibrium,0.00018243437615667247,"[0.0, -213.13603003793236, 106.56801501896618, -319.7040450568985]","[0.0, -0.038883338676479993, 0.019441669338239997, -0.05832500801471999]","[0.03888333867647999, -0.038883338676479993, -0.01944166933823999, 0.019441669338239986]",0.061479956624696894,0.038883338676479993,0.001354820162943261,False,False,False,True,False,False,not_run_round2_closure_localization,,,
R2_0168_C7_123_fNa0.25_Keq0.01_sat1_B21,C7_123,0.25,0.75,0.01,1.0,21.0,Na_K_capacity_x_equilibrium,0.0,"[59.56452385291045, -0.19123309878758582, -29.68664537706143, 89.05993613118429]","[0.0, -0.0, -0.0, 0.0]","[0.03888333867647999, -0.0, -0.03888333867647999, 0.07776667735295997]",0.09524433925320216,0.07776667735295997,0.0027096403272154363,False,True,False,True,False,False,not_run_round2_closure_localization,,,
R2_0169_C7_123_fNa0.25_Keq0.1_sat1_B21,C7_123,0.25,0.75,0.1,1.0,21.0,Na_K_capacity_x_equilibrium,0.0,"[18.8240119144449, -4.610342094581943, -7.106834909931478, 21.320504729794433]","[0.0, -0.0, -0.0, 0.0]","[0.03888333867647999, -0.0, -0.03888333867647999, 0.07776667735295997]",0.09524433925320216,0.07776667735295997,0.0027096403272154363,False,True,False,True,False,False,not_run_round2_closure_localization,,,
R2_0170_C7_123_fNa0.25_Keq1_sat1_B21,C7_123,0.25,0.75,1.0,1.0,21.0,Na_K_capacity_x_equilibrium,0.0021056158795106352,"[5.914903734061303, -15.845866893785837, 4.965481579862267, -14.896444739586801]","[0.012454515228216232, -0.03336530895616732, 0.010455396863975546, -0.03136619059192664]","[0.051337853904696217, -0.03336530895616732, -0.02842794181250444, 0.04640048676103333]",0.08191441956478969,0.051337853904696217,0.0017887753955949956,False,True,True,True,False,False,not_run_round2_closure_localization,,,
R2_0171_C7_123_fNa0.25_Keq10_sat1_B21,C7_123,0.25,0.75,10.0,1.0,21.0,Na_K_capacity_x_equilibrium,0.0007728547980564175,"[1.7510128198505397, -50.50959187806081, 24.379289529105137, -73.13786858731541]","[0.001353278659279787, -0.039036580430830754, 0.018841650885775486, -0.056524952657326454]","[0.040236617335759776, -0.039036580430830754, -0.0200416877907045, 0.02124172469563352]",0.06321170859818807,0.040236617335759776,0.0014019727276878026,False,True,False,True,False,False,not_run_round2_closure_localization,,,
R2_0172_C7_123_fNa0.25_Keq100_sat1_B21,C7_123,0.25,0.75,100.0,1.0,21.0,Na_K_capacity_x_equilibrium,0.00024328386032448267,"[0.17600386110868138, -159.85202252844925, 79.83800933367029, -239.51402800101084]","[4.281889876253409e-05, -0.038889417121397304, 0.019423299111317384, -0.05826989733395215]","[0.03892615757524252, -0.038889417121397304, -0.019460039565162603, 0.01949678001900782]",0.06153413750595613,0.03892615757524252,0.0013563121088544488,False,True,False,True,False,False,not_run_round2_closure_localization,,,
R2_0173_C7_123_fNa0.48387097_Keq0.01_sat1_B21,C7_123,0.48387096774193544,0.5161290322580645,0.01,1.0,21.0,Na_K_capacity_x_equilibrium,0.0,"[115.2861751991815, -0.13160127228393, -57.577286963448785, 172.73186089034635]","[0.0, -0.0, -0.0, 0.0]","[0.03888333867647999, -0.0, -0.03888333867647999, 0.07776667735295997]",0.09524433925320216,0.07776667735295997,0.0027096403272154363,False,True,False,True,False,False,not_run_round2_closure_localization,,,
R2_0174_C7_123_fNa0.48387097_Keq0.1_sat1_B21,C7_123,0.48387096774193544,0.5161290322580645,0.1,1.0,21.0,Na_K_capacity_x_equilibrium,0.0,"[36.4335714473127, -3.1727085382069284, -16.630431454552888, 49.89129436365866]","[0.0, -0.0, -0.0, 0.0]","[0.03888333867647999, -0.0, -0.03888333867647999, 0.07776667735295997]",0.09524433925320216,0.07776667735295997,0.0027096403272154363,False,True,False,True,False,False,not_run_round2_closure_localization,,,
R2_0175_C7_123_fNa0.48387097_Keq1_sat1_B21,C7_123,0.48387096774193544,0.5161290322580645,1.0,1.0,21.0,Na_K_capacity_x_equilibrium,0.0,"[11.44820077560252, -10.90468259357305, -0.2717590910147356, 0.8152772730442068]","[0.0, -0.0, -0.0, 0.0]","[0.03888333867647999, -0.0, -0.03888333867647999, 0.07776667735295997]",0.09524433925320216,0.07776667735295997,0.0027096403272154363,False,True,True,True,False,False,not_run_round2_closure_localization,,,
R2_0176_C7_123_fNa0.48387097_Keq10_sat1_B21,C7_123,0.48387096774193544,0.5161290322580645,10.0,1.0,21.0,Na_K_capacity_x_equilibrium,0.0011243307071966322,"[3.3890570706784637, -34.75928903436443, 15.685115981842982, -47.05534794552894]","[0.0038104209330056637, -0.0390809360216591, 0.017635257544326717, -0.05290577263298015]","[0.04269375960948565, -0.0390809360216591, -0.02124808113215327, 0.024860904719979822]",0.0664802392084749,0.04269375960948565,0.001487587441058042,False,True,False,True,False,False,not_run_round2_closure_localization,,,
R2_0177_C7_123_fNa0.48387097_Keq100_sat1_B21,C7_123,0.48387096774193544,0.5161290322580645,100.0,1.0,21.0,Na_K_capacity_x_equilibrium,0.0003536202601940348,"[0.3406526344038994, -110.00569292280379, 54.83252014419995, -164.49756043259984]","[0.00012046167321369032, -0.038900241754186965, 0.019389890040486638, -0.05816967012145992]","[0.039003800349693675, -0.038900241754186965, -0.01949344863599335, 0.019597007231500055]",0.06163247911944263,0.039003800349693675,0.001359017432006057,False,True,False,True,False,False,not_run_round2_closure_localization,,,
R2_0178_C7_123_fNa0.5_Keq0.01_sat1_B21,C7_123,0.5,0.5,0.01,1.0,21.0,Na_K_capacity_x_equilibrium,0.0,"[119.1290477058209, -0.1274887325250572, -59.50077948664792, 178.50233845994376]","[0.0, -0.0, -0.0, 0.0]","[0.03888333867647999, -0.0, -0.03888333867647999, 0.07776667735295997]",0.09524433925320216,0.07776667735295997,0.0027096403272154363,False,True,False,True,False,False,not_run_round2_closure_localization,,,
R2_0179_C7_123_fNa0.5_Keq0.1_sat1_B21,C7_123,0.5,0.5,0.1,1.0,21.0,Na_K_capacity_x_equilibrium,0.0,"[37.6480238288898, -3.073561396387962, -17.287231216250916, 51.86169364875275]","[0.0, -0.0, -0.0, 0.0]","[0.03888333867647999, -0.0, -0.03888333867647999, 0.07776667735295997]",0.09524433925320216,0.07776667735295997,0.0027096403272154363,False,True,False,True,False,False,not_run_round2_closure_localization,,,
R2_0180_C7_123_fNa0.5_Keq1_sat1_B21,C7_123,0.5,0.5,1.0,1.0,21.0,Na_K_capacity_x_equilibrium,0.0,"[11.829807468122606, -10.563911262523892, -0.6329481027993573, 1.898844308398072]","[0.0, -0.0, -0.0, 0.0]","[0.03888333867647999, -0.0, -0.03888333867647999, 0.07776667735295997]",0.09524433925320216,0.07776667735295997,0.0027096403272154363,False,True,True,True,False,False,not_run_round2_closure_localization,,,
R2_0181_C7_123_fNa0.5_Keq10_sat1_B21,C7_123,0.5,0.5,10.0,1.0,21.0,Na_K_capacity_x_equilibrium,0.0011601432230431768,"[3.5020256397010794, -33.67306125204054, 15.08551780616973, -45.256553418509185]","[0.004062851312822653, -0.039065573810672626, 0.017501361248924985, -0.05250408374677495]","[0.04294618998930264, -0.039065573810672626, -0.021381977427555002, 0.025262593606185026]",0.06682725406731989,0.04294618998930264,0.001496382924675359,False,True,False,True,False,False,not_run_round2_closure_localization,,,
R2_0182_C7_123_fNa0.5_Keq100_sat1_B21,C7_123,0.5,0.5,100.0,1.0,21.0,Na_K_capacity_x_equilibrium,0.00036503773948668247,"[0.35200772221736276, -106.56801501896618, 53.10800364837441, -159.32401094512323]","[0.00012849610320008216, -0.03890134730410624, 0.01938642560045308, -0.05815927680135924]","[0.039011834779680066, -0.03890134730410624, -0.019496913076026908, 0.019607400551600734]",0.06164266258717911,0.039011834779680066,0.00135929737730175,False,True,False,True,False,False,not_run_round2_closure_localization,,,
R2_0183_C7_123_fNa0.75_Keq0.01_sat1_B21,C7_123,0.75,0.25,0.01,1.0,21.0,Na_K_capacity_x_equilibrium,0.0,"[178.69357155873135, -0.0637443662625286, -89.3149135962344, 267.9447407887032]","[0.0, -0.0, -0.0, 0.0]","[0.03888333867647999, -0.0, -0.03888333867647999, 0.07776667735295997]",0.09524433925320216,0.07776667735295997,0.0027096403272154363,False,True,False,True,False,False,not_run_round2_closure_localization,,,
R2_0184_C7_123_fNa0.75_Keq0.1_sat1_B21,C7_123,0.75,0.25,0.1,1.0,21.0,Na_K_capacity_x_equilibrium,0.0,"[56.4720357433347, -1.536780698193981, -27.46762752257036, 82.40288256771109]","[0.0, -0.0, -0.0, 0.0]","[0.03888333867647999, -0.0, -0.03888333867647999, 0.07776667735295997]",0.09524433925320216,0.07776667735295997,0.0027096403272154363,False,True,False,True,False,False,not_run_round2_closure_localization,,,
R2_0185_C7_123_fNa0.75_Keq1_sat1_B21,C7_123,0.75,0.25,1.0,1.0,21.0,Na_K_capacity_x_equilibrium,0.0,"[17.744711202183908, -5.281955631261946, -6.231377785460981, 18.69413335638294]","[0.0, -0.0, -0.0, 0.0]","[0.03888333867647999, -0.0, -0.03888333867647999, 0.07776667735295997]",0.09524433925320216,0.07776667735295997,0.0027096403272154363,False,True,True,True,False,False,not_run_round2_closure_localization,,,
R2_0186_C7_123_fNa0.75_Keq10_sat1_B21,C7_123,0.75,0.25,10.0,1.0,21.0,Na_K_capacity_x_equilibrium,0.0021224249140233023,"[5.253038459551619, -16.83653062602027, 5.791746083234326, -17.375238249702978]","[0.011149179700874945, -0.035734272066381766, 0.012292546182753413, -0.03687763854826023]","[0.05003251837735493, -0.035734272066381766, -0.026590792493726575, 0.04088903880469974]",0.07848041051823836,0.05003251837735493,0.0017432933214716058,False,True,False,True,False,False,not_run_round2_closure_localization,,,
R2_0187_C7_123_fNa0.75_Keq100_sat1_B21,C7_123,0.75,0.25,100.0,1.0,21.0,Na_K_capacity_x_equilibrium,0.0007307125906346404,"[0.5280115833260441, -53.28400750948309, 26.377997963078524, -79.13399388923557]","[0.000385824711937272, -0.03893529516665002, 0.019274735227356374, -0.05782420568206913]","[0.03926916338841726, -0.03893529516665002, -0.019608603449123612, 0.019942471670890846]",0.0619695401670017,0.03926916338841726,0.0013682635309162862,False,True,False,True,False,False,not_run_round2_closure_localization,,,
R2_0188_C7_123_fNa1_Keq0.01_sat1_B21,C7_123,1.0,0.0,0.01,1.0,21.0,Na_K_capacity_x_equilibrium,0.0,"[238.2580954116418, -0.0, -119.1290477058209, 357.3871431174627]","[0.0, -0.0, -0.0, 0.0]","[0.03888333867647999, -0.0, -0.03888333867647999, 0.07776667735295997]",0.09524433925320216,0.07776667735295997,0.0027096403272154363,False,False,False,True,False,False,not_run_round2_closure_localization,,,
R2_0189_C7_123_fNa1_Keq0.1_sat1_B21,C7_123,1.0,0.0,0.1,1.0,21.0,Na_K_capacity_x_equilibrium,0.0,"[75.2960476577796, -0.0, -37.6480238288898, 112.9440714866694]","[0.0, -0.0, -0.0, 0.0]","[0.03888333867647999, -0.0, -0.03888333867647999, 0.07776667735295997]",0.09524433925320216,0.07776667735295997,0.0027096403272154363,False,False,False,True,False,False,not_run_round2_closure_localization,,,
R2_0190_C7_123_fNa1_Keq1_sat1_B21,C7_123,1.0,0.0,1.0,1.0,21.0,Na_K_capacity_x_equilibrium,0.0,"[23.659614936245212, -0.0, -11.829807468122606, 35.489422404367815]","[0.0, -0.0, -0.0, 0.0]","[0.03888333867647999, -0.0, -0.03888333867647999, 0.07776667735295997]",0.09524433925320216,0.07776667735295997,0.0027096403272154363,False,False,True,True,False,False,not_run_round2_closure_localization,,,
R2_0191_C7_123_fNa1_Keq10_sat1_B21,C7_123,1.0,0.0,10.0,1.0,21.0,Na_K_capacity_x_equilibrium,0.0,"[7.004051279402159, -0.0, -3.5020256397010794, 10.506076919103238]","[0.0, -0.0, -0.0, 0.0]","[0.03888333867647999, -0.0, -0.03888333867647999, 0.07776667735295997]",0.09524433925320216,0.07776667735295997,0.0027096403272154363,False,False,False,True,False,False,not_run_round2_closure_localization,,,
R2_0192_C7_123_fNa1_Keq100_sat1_B21,C7_123,1.0,0.0,100.0,1.0,21.0,Na_K_capacity_x_equilibrium,0.0,"[0.7040154444347255, -0.0, -0.35200772221736276, 1.0560231666520883]","[0.0, -0.0, -0.0, 0.0]","[0.03888333867647999, -0.0, -0.03888333867647999, 0.07776667735295997]",0.09524433925320216,0.07776667735295997,0.0027096403272154363,False,False,False,True,False,False,not_run_round2_closure_localization,,,
R2_0193_C7_213_fNa0_Keq0.01_sat1_B21,C7_213,0.0,1.0,0.01,1.0,21.0,Na_K_capacity_x_equilibrium,0.0,"[0.0, 2.7958786581055377, -5.591757316211075, 8.387635974316613]","[0.0, 0.0, -0.0, 0.0]","[0.03888333867647999, 0.0, -0.03888333867647999, 0.07776667735295997]",0.09524433925320216,0.07776667735295997,0.0027096403272154363,False,False,False,True,False,False,not_run_round2_closure_localization,,,
R2_0194_C7_213_fNa0_Keq0.1_sat1_B21,C7_213,0.0,1.0,0.1,1.0,21.0,Na_K_capacity_x_equilibrium,0.7656812806022744,"[0.0, -0.02901866773443524, 0.05803733546887048, -0.08705600320330573]","[0.0, -0.022219050672274275, 0.04443810134454855, -0.06665715201682283]","[0.03888333867647999, -0.022219050672274275, 0.0055547626680685636, 0.011109525336137141]",0.046474478812567416,0.03888333867647999,0.0013548201611623743,False,False,False,True,False,False,not_run_round2_closure_localization,,,
R2_0195_C7_213_fNa0_Keq1_sat1_B21,C7_213,0.0,1.0,1.0,1.0,21.0,Na_K_capacity_x_equilibrium,0.00767015166455464,"[0.0, -2.8968202512804426, 5.793640502560885, -8.690460753841329]","[0.0, -0.022219050672274275, 0.04443810134454855, -0.06665715201682283]","[0.03888333867647999, -0.022219050672274275, 0.0055547626680685636, 0.011109525336137141]",0.046474478812567416,0.03888333867647999,0.0013548201611623743,False,False,True,True,False,False,not_run_round2_closure_localization,,,
R2_0196_C7_213_fNa0_Keq10_sat1_B21,C7_213,0.0,1.0,10.0,1.0,21.0,Na_K_capacity_x_equilibrium,0.0022113819199810884,"[0.0, -10.047586295027815, 20.09517259005563, -30.142758885083445]","[0.0, -0.02221905067227428, 0.04443810134454856, -0.06665715201682285]","[0.03888333867647999, -0.02221905067227428, 0.0055547626680685705, 0.011109525336137127]",0.046474478812567416,0.03888333867647999,0.0013548201611623743,False,False,False,True,False,False,not_run_round2_closure_localization,,,
R2_0197_C7_213_fNa0_Keq100_sat1_B21,C7_213,0.0,1.0,100.0,1.0,21.0,Na_K_capacity_x_equilibrium,0.0006931807206656056,"[-0.0, -32.05376319603799, 64.10752639207598, -96.16128958811397]","[-0.0, -0.02221905067227428, 0.04443810134454856, -0.06665715201682285]","[0.03888333867647999, -0.02221905067227428, 0.0055547626680685705, 0.011109525336137127]",0.046474478812567416,0.03888333867647999,0.0013548201611623743,False,False,False,True,False,False,not_run_round2_closure_localization,,,
R2_0198_C7_213_fNa0.25_Keq0.01_sat1_B21,C7_213,0.25,0.75,0.01,1.0,21.0,Na_K_capacity_x_equilibrium,0.0,"[8.772903419075089, 2.096908993579153, -21.739624825308482, 32.60943723796272]","[0.0, 0.0, -0.0, 0.0]","[0.03888333867647999, 0.0, -0.03888333867647999, 0.07776667735295997]",0.09524433925320216,0.07776667735295997,0.0027096403272154363,False,True,False,True,False,False,not_run_round2_closure_localization,,,
R2_0199_C7_213_fNa0.25_Keq0.1_sat1_B21,C7_213,0.25,0.75,0.1,1.0,21.0,Na_K_capacity_x_equilibrium,0.0,"[2.753976233332507, -0.02176400080082643, -5.46442446506336, 8.196636697595041]","[0.0, -0.0, -0.0, 0.0]","[0.03888333867647999, -0.0, -0.03888333867647999, 0.07776667735295997]",0.09524433925320216,0.07776667735295997,0.0027096403272154363,False,True,False,True,False,False,not_run_round2_closure_localization,,,
R2_0200_C7_213_fNa0.25_Keq1_sat1_B21,C7_213,0.25,0.75,1.0,1.0,21.0,Na_K_capacity_x_equilibrium,0.013283698485749628,"[0.8068178521571508, -2.172615188460332, 2.731594672606363, -4.097392008909544]","[0.010717525080975713, -0.02886036508906716, 0.036285680016182896, -0.05442852002427434]","[0.0496008637574557, -0.02886036508906716, -0.0025976586602970905, 0.023338157328685633]",0.06200470769686628,0.0496008637574557,0.0017282530908130959,False,True,True,True,False,False,not_run_round2_closure_localization,,,
R2_0201_C7_213_fNa0.25_Keq10_sat1_B21,C7_213,0.25,0.75,10.0,1.0,21.0,Na_K_capacity_x_equilibrium,0.002963612881115033,"[0.052544043339246296, -7.535689721270861, 14.96629135586323, -22.449437033794844]","[0.00015572020366605687, -0.022332867126044476, 0.044354293844756844, -0.06653144076713526]","[0.03903905888014604, -0.022332867126044476, 0.005470955168276857, 0.011235236585824718]",0.04667940620776808,0.03903905888014604,0.0013602459522308779,False,True,False,True,False,False,not_run_round2_closure_localization,,,
R2_0202_C7_213_fNa0.25_Keq100_sat1_B21,C7_213,0.25,0.75,100.0,1.0,21.0,Na_K_capacity_x_equilibrium,0.000906900524314154,"[-0.6240431122878699, -24.040322397028493, 49.32873101863272, -73.99309652794909]","[-0.0005659450257285057, -0.02180218098654644, 0.04473625202454989, -0.06710437803682484]","[0.03831739365075148, -0.02180218098654644, 0.0058529133480699005, 0.010662299316135132]",0.04573290908441805,0.03831739365075148,0.0013351008222868166,False,True,False,True,False,False,not_run_round2_closure_localization,,,
R2_0203_C7_213_fNa0.48387097_Keq0.01_sat1_B21,C7_213,0.48387096774193544,0.5161290322580645,0.01,1.0,21.0,Na_K_capacity_x_equilibrium,0.0,"[16.979813069177588, 1.443034146118987, -36.84569443059315, 55.26854164588973]","[0.0, 0.0, -0.0, 0.0]","[0.03888333867647999, 0.0, -0.03888333867647999, 0.07776667735295997]",0.09524433925320216,0.07776667735295997,0.0027096403272154363,False,True,False,True,False,False,not_run_round2_closure_localization,,,
R2_0204_C7_213_fNa0.48387097_Keq0.1_sat1_B21,C7_213,0.48387096774193544,0.5161290322580645,0.1,1.0,21.0,Na_K_capacity_x_equilibrium,0.0,"[5.330276580643561, -0.014977376895192381, -10.630598407496738, 15.945897611245107]","[0.0, -0.0, -0.0, 0.0]","[0.03888333867647999, -0.0, -0.03888333867647999, 0.07776667735295997]",0.09524433925320216,0.07776667735295997,0.0027096403272154363,False,True,False,True,False,False,not_run_round2_closure_localization,,,
R2_0205_C7_213_fNa0.48387097_Keq1_sat1_B21,C7_213,0.48387096774193544,0.5161290322580645,1.0,1.0,21.0,Na_K_capacity_x_equilibrium,0.0,"[1.5615829396590015, -1.495133032918938, -0.13289981348012692, 0.19934972022019037]","[0.0, -0.0, -0.0, 0.0]","[0.03888333867647999, -0.0, -0.03888333867647999, 0.07776667735295997]",0.09524433925320216,0.07776667735295997,0.0027096403272154363,False,True,True,True,False,False,not_run_round2_closure_localization,,,
R2_0206_C7_213_fNa0.48387097_Keq10_sat1_B21,C7_213,0.48387096774193544,0.5161290322580645,10.0,1.0,21.0,Na_K_capacity_x_equilibrium,0.004346659650207234,"[0.10169814839854122, -5.185850990982098, 10.168305685167113, -15.252458527750669]","[0.0004420472381447265, -0.02254112925448908, 0.044198164032688704, -0.06629724604903306]","[0.039325385914624714, -0.02254112925448908, 0.0053148253562087175, 0.011469431303926914]",0.047057238639812315,0.039325385914624714,0.0013702225039548734,False,True,False,True,False,False,not_run_round2_closure_localization,,,
R2_0207_C7_213_fNa0.48387097_Keq100_sat1_B21,C7_213,0.48387096774193544,0.5161290322580645,100.0,1.0,21.0,Na_K_capacity_x_equilibrium,0.0012738420309272495,"[-1.2078253786216835, -16.543877778600255, 35.50340631444388, -53.25510947166582]","[-0.0015385787333089195, -0.021074286868904342, 0.04522573120442653, -0.06783859680663978]","[0.03734475994317107, -0.021074286868904342, 0.006342392527946543, 0.00992808054632019]",0.044469645698596724,0.03734475994317107,0.0013012111460645025,False,True,False,True,False,False,not_run_round2_closure_localization,,,
R2_0208_C7_213_fNa0.5_Keq0.01_sat1_B21,C7_213,0.5,0.5,0.01,1.0,21.0,Na_K_capacity_x_equilibrium,0.0,"[17.545806838150177, 1.3979393290527689, -37.88749233440589, 56.83123850160884]","[0.0, 0.0, -0.0, 0.0]","[0.03888333867647999, 0.0, -0.03888333867647999, 0.07776667735295997]",0.09524433925320216,0.07776667735295997,0.0027096403272154363,False,True,False,True,False,False,not_run_round2_closure_localization,,,
R2_0209_C7_213_fNa0.5_Keq0.1_sat1_B21,C7_213,0.5,0.5,0.1,1.0,21.0,Na_K_capacity_x_equilibrium,0.0,"[5.507952466665014, -0.01450933386721762, -10.986886265595592, 16.480329398393387]","[0.0, -0.0, -0.0, 0.0]","[0.03888333867647999, -0.0, -0.03888333867647999, 0.07776667735295997]",0.09524433925320216,0.07776667735295997,0.0027096403272154363,False,True,False,True,False,False,not_run_round2_closure_localization,,,
R2_0210_C7_213_fNa0.5_Keq1_sat1_B21,C7_213,0.5,0.5,1.0,1.0,21.0,Na_K_capacity_x_equilibrium,0.0,"[1.6136357043143017, -1.4484101256402213, -0.3304511573481608, 0.49567673602224116]","[0.0, -0.0, -0.0, 0.0]","[0.03888333867647999, -0.0, -0.03888333867647999, 0.07776667735295997]",0.09524433925320216,0.07776667735295997,0.0027096403272154363,False,True,True,True,False,False,not_run_round2_closure_localization,,,
R2_0211_C7_213_fNa0.5_Keq10_sat1_B21,C7_213,0.5,0.5,10.0,1.0,21.0,Na_K_capacity_x_equilibrium,0.004491191637031949,"[0.10508808667849259, -5.023793147513907, 9.83741012167083, -14.756115182506246]","[0.0004719707360421345, -0.022562817770292874, 0.04418169406850148, -0.06627254110275223]","[0.03935530941252212, -0.022562817770292874, 0.005298355392021496, 0.011494136250207745]",0.04709680310476815,0.03935530941252212,0.0013712651345436334,False,True,False,True,False,False,not_run_round2_closure_localization,,,
R2_0212_C7_213_fNa0.5_Keq100_sat1_B21,C7_213,0.5,0.5,100.0,1.0,21.0,Na_K_capacity_x_equilibrium,0.001310362320305482,"[-1.2480862245757398, -16.026881598018996, 34.54993564518947, -51.82490346778421]","[-0.0016354451611763753, -0.021001021758041402, 0.04527293383843556, -0.06790940075765334]","[0.03724789351530361, -0.021001021758041402, 0.006389595161955572, 0.009857276595306635]",0.04434457480255269,0.03724789351530361,0.0012978360092050093,False,True,False,True,False,False,not_run_round2_closure_localization,,,
R2_0213_C7_213_fNa0.75_Keq0.01_sat1_B21,C7_213,0.75,0.25,0.01,1.0,21.0,Na_K_capacity_x_equilibrium,0.0,"[26.318710257225266, 0.6989696645263844, -54.0353598435033, 81.05303976525495]","[0.0, 0.0, -0.0, 0.0]","[0.03888333867647999, 0.0, -0.03888333867647999, 0.07776667735295997]",0.09524433925320216,0.07776667735295997,0.0027096403272154363,False,True,False,True,False,False,not_run_round2_closure_localization,,,
R2_0214_C7_213_fNa0.75_Keq0.1_sat1_B21,C7_213,0.75,0.25,0.1,1.0,21.0,Na_K_capacity_x_equilibrium,0.0,"[8.26192869999752, -0.00725466693360881, -16.509348066127824, 24.764022099191735]","[0.0, -0.0, -0.0, 0.0]","[0.03888333867647999, -0.0, -0.03888333867647999, 0.07776667735295997]",0.09524433925320216,0.07776667735295997,0.0027096403272154363,False,True,False,True,False,False,not_run_round2_closure_localization,,,
R2_0215_C7_213_fNa0.75_Keq1_sat1_B21,C7_213,0.75,0.25,1.0,1.0,21.0,Na_K_capacity_x_equilibrium,0.0,"[2.4204535564714527, -0.7242050628201107, -3.392496987302684, 5.088745480954026]","[0.0, -0.0, -0.0, 0.0]","[0.03888333867647999, -0.0, -0.03888333867647999, 0.07776667735295997]",0.09524433925320216,0.07776667735295997,0.0027096403272154363,False,True,True,True,False,False,not_run_round2_closure_localization,,,
R2_0216_C7_213_fNa0.75_Keq10_sat1_B21,C7_213,0.75,0.25,10.0,1.0,21.0,Na_K_capacity_x_equilibrium,0.009264252130386723,"[0.1576321300177389, -2.5118965737569536, 4.70852888747843, -7.0627933312176445]","[0.0014603437963342345, -0.023270843184738967, 0.043620998776809465, -0.06543149816521421]","[0.040343682472814224, -0.023270843184738967, 0.0047376601003294785, 0.012335179187745765]",0.04841226008787464,0.040343682472814224,0.0014057032202680968,False,True,False,True,False,False,not_run_round2_closure_localization,,,
R2_0217_C7_213_fNa0.75_Keq100_sat1_B21,C7_213,0.75,0.25,100.0,1.0,21.0,Na_K_capacity_x_equilibrium,0.0023524218659804327,"[-1.8721293368636096, -8.013440799009498, 19.771140271746216, -29.65671040761932]","[-0.004404037987981403, -0.018850993357329652, 0.04651006269062211, -0.06976509403593316]","[0.03447930068849858, -0.018850993357329652, 0.007626724014142126, 0.008001583317026814]",0.040821249139304884,0.03447930068849858,0.0012013693601874125,False,True,False,True,False,False,not_run_round2_closure_localization,,,
R2_0218_C7_213_fNa1_Keq0.01_sat1_B21,C7_213,1.0,0.0,0.01,1.0,21.0,Na_K_capacity_x_equilibrium,0.0,"[35.091613676300355, 0.0, -70.18322735260071, 105.27484102890106]","[0.0, 0.0, -0.0, 0.0]","[0.03888333867647999, 0.0, -0.03888333867647999, 0.07776667735295997]",0.09524433925320216,0.07776667735295997,0.0027096403272154363,False,False,False,True,False,False,not_run_round2_closure_localization,,,
R2_0219_C7_213_fNa1_Keq0.1_sat1_B21,C7_213,1.0,0.0,0.1,1.0,21.0,Na_K_capacity_x_equilibrium,0.0,"[11.015904933330027, -0.0, -22.031809866660055, 33.04771479999008]","[0.0, -0.0, -0.0, 0.0]","[0.03888333867647999, -0.0, -0.03888333867647999, 0.07776667735295997]",0.09524433925320216,0.07776667735295997,0.0027096403272154363,False,False,False,True,False,False,not_run_round2_closure_localization,,,
R2_0220_C7_213_fNa1_Keq1_sat1_B21,C7_213,1.0,0.0,1.0,1.0,21.0,Na_K_capacity_x_equilibrium,0.0,"[3.2272714086286034, -0.0, -6.454542817257207, 9.68181422588581]","[0.0, -0.0, -0.0, 0.0]","[0.03888333867647999, -0.0, -0.03888333867647999, 0.07776667735295997]",0.09524433925320216,0.07776667735295997,0.0027096403272154363,False,False,True,True,False,False,not_run_round2_closure_localization,,,
R2_0221_C7_213_fNa1_Keq10_sat1_B21,C7_213,1.0,0.0,10.0,1.0,21.0,Na_K_capacity_x_equilibrium,0.0,"[0.21017617335698519, -0.0, -0.42035234671397037, 0.6305285200709556]","[0.0, -0.0, -0.0, 0.0]","[0.03888333867647999, -0.0, -0.03888333867647999, 0.07776667735295997]",0.09524433925320216,0.07776667735295997,0.0027096403272154363,False,False,False,True,False,False,not_run_round2_closure_localization,,,
R2_0222_C7_213_fNa1_Keq100_sat1_B21,C7_213,1.0,0.0,100.0,1.0,21.0,Na_K_capacity_x_equilibrium,0.010013904293673928,"[-2.4961724491514796, -0.0, 4.992344898302959, -7.488517347454438]","[-0.024996432006308567, -0.0, 0.049992864012617134, -0.07498929601892569]","[0.01388690667017142, -0.0, 0.011109525336137148, 0.0027773813340342818]",0.017999488246474307,0.01388690667017142,0.00048386434212723266,False,False,False,True,False,False,not_run_round2_closure_localization,,,
R2_0223_C8_112_MA_fNa0_Keq0.01_sat1_B21,C8_112_MA,0.0,1.0,0.01,1.0,21.0,Na_K_capacity_x_equilibrium,0.0,"[0.0, 1045530.0, -1045530.0, 2091060.0]","[0.0, 0.0, -0.0, 0.0]","[0.03888333867647999, 0.0, -0.03888333867647999, 0.07776667735295997]",0.09524433925320216,0.07776667735295997,0.0027096403272154363,False,False,False,True,False,False,not_run_round2_closure_localization,,,
R2_0224_C8_112_MA_fNa0_Keq0.1_sat1_B21,C8_112_MA,0.0,1.0,0.1,1.0,21.0,Na_K_capacity_x_equilibrium,1.6381549860031129e-06,"[0.0, -19780.046764353232, 19780.046764353232, -39560.093528706464]","[0.0, -0.03240278223039999, 0.03240278223039999, -0.06480556446079998]","[0.03888333867647999, -0.03240278223039999, -0.006480556446079998, 0.012961112892159996]",0.052648289451365037,0.03888333867647999,0.0013548201611623743,False,False,False,True,False,False,not_run_round2_closure_localization,,,
R2_0225_C8_112_MA_fNa0_Keq1_sat1_B21,C8_112_MA,0.0,1.0,1.0,1.0,21.0,Na_K_capacity_x_equilibrium,2.90781338021331e-08,"[0.0, -1114335.0, 1114335.0, -2228670.0]","[0.0, -0.03240278223039999, 0.03240278223039999, -0.06480556446079998]","[0.03888333867647999, -0.03240278223039999, -0.006480556446079998, 0.012961112892159996]",0.052648289451365037,0.03888333867647999,0.0013548201611623743,False,False,True,True,False,False,not_run_round2_closure_localization,,,
R2_0226_C8_112_MA_fNa0_Keq10_sat1_B21,C8_112_MA,0.0,1.0,10.0,1.0,21.0,Na_K_capacity_x_equilibrium,8.402251748299204e-09,"[0.0, -3856440.2973237513, 3856440.2973237513, -7712880.5946475025]","[0.0, -0.03240278223039999, 0.03240278223039999, -0.06480556446079998]","[0.03888333867647999, -0.03240278223039999, -0.006480556446079998, 0.012961112892159996]",0.052648289451365037,0.03888333867647999,0.0013548201611623743,False,False,False,True,False,False,not_run_round2_closure_localization,,,
R2_0227_C8_112_MA_fNa0_Keq100_sat1_B21,C8_112_MA,0.0,1.0,100.0,1.0,21.0,Na_K_capacity_x_equilibrium,2.634305396394977e-09,"[-0.0, -12300313.5, 12300313.5, -24600627.0]","[-0.0, -0.03240278223039998, 0.03240278223039998, -0.06480556446079996]","[0.03888333867647999, -0.03240278223039998, -0.006480556446080005, 0.01296111289216001]",0.052648289451365037,0.03888333867647999,0.0013548201611623743,False,False,False,True,False,False,not_run_round2_closure_localization,,,
R2_0228_C8_112_MA_fNa0.25_Keq0.01_sat1_B21,C8_112_MA,0.25,0.75,0.01,1.0,21.0,Na_K_capacity_x_equilibrium,0.0,"[7722112.499999998, 784147.5, -8506259.999999998, 17012519.999999996]","[0.0, 0.0, -0.0, 0.0]","[0.03888333867647999, 0.0, -0.03888333867647999, 0.07776667735295997]",0.09524433925320216,0.07776667735295997,0.0027096403272154363,False,True,False,True,False,False,not_run_round2_closure_localization,,,
R2_0229_C8_112_MA_fNa0.25_Keq0.1_sat1_B21,C8_112_MA,0.25,0.75,0.1,1.0,21.0,Na_K_capacity_x_equilibrium,0.0,"[2423696.0898594526, -14835.035073264924, -2408861.0547861876, 4817722.109572375]","[0.0, -0.0, -0.0, 0.0]","[0.03888333867647999, -0.0, -0.03888333867647999, 0.07776667735295997]",0.09524433925320216,0.07776667735295997,0.0027096403272154363,False,True,False,True,False,False,not_run_round2_closure_localization,,,
R2_0230_C8_112_MA_fNa0.25_Keq1_sat1_B21,C8_112_MA,0.25,0.75,1.0,1.0,21.0,Na_K_capacity_x_equilibrium,0.0,"[708727.4999999999, -835751.25, 127023.75000000012, -254047.50000000023]","[0.0, -0.0, 0.0, -0.0]","[0.03888333867647999, -0.0, -0.03888333867647999, 0.07776667735295997]",0.09524433925320216,0.07776667735295997,0.0027096403272154363,False,True,True,True,False,False,not_run_round2_closure_localization,,,
R2_0231_C8_112_MA_fNa0.25_Keq10_sat1_B21,C8_112_MA,0.25,0.75,10.0,1.0,21.0,Na_K_capacity_x_equilibrium,1.1277682596063509e-08,"[41616.36457723085, -2892330.222992813, 2850713.858415582, -5701427.716831164]","[0.00046933615050407025, -0.03261878221791454, 0.032149446067410464, -0.06429889213482093]","[0.039352674826984055, -0.03261878221791454, -0.006733892609069522, 0.013467785218139045]",0.053285500070567864,0.039352674826984055,0.0013711733371381258,False,True,False,True,False,False,not_run_round2_closure_localization,,,
R2_0232_C8_112_MA_fNa0.25_Keq100_sat1_B21,C8_112_MA,0.25,0.75,100.0,1.0,21.0,Na_K_capacity_x_equilibrium,3.4099032954212023e-09,"[-563964.75, -9225235.125, 9789199.875, -19578399.75]","[-0.0019230652595263946, -0.03145715965377293, 0.033380224913299325, -0.06676044982659865]","[0.03696027341695359, -0.03145715965377293, -0.0055031137631806615, 0.011006227526361323]",0.05007031066401993,0.03696027341695359,0.001287814402990723,False,True,False,True,False,False,not_run_round2_closure_localization,,,
R2_0233_C8_112_MA_fNa0.48387097_Keq0.01_sat1_B21,C8_112_MA,0.48387096774193544,0.5161290322580645,0.01,1.0,21.0,Na_K_capacity_x_equilibrium,0.0,"[14946024.193548381, 539628.3870967742, -15485652.580645155, 30971305.16129031]","[0.0, 0.0, -0.0, 0.0]","[0.03888333867647999, 0.0, -0.03888333867647999, 0.07776667735295997]",0.09524433925320216,0.07776667735295997,0.0027096403272154363,False,True,False,True,False,False,not_run_round2_closure_localization,,,
R2_0234_C8_112_MA_fNa0.48387097_Keq0.1_sat1_B21,C8_112_MA,0.48387096774193544,0.5161290322580645,0.1,1.0,21.0,Na_K_capacity_x_equilibrium,0.0,"[4691024.690050553, -10209.056394504894, -4680815.633656047, 9361631.267312095]","[0.0, -0.0, -0.0, 0.0]","[0.03888333867647999, -0.0, -0.03888333867647999, 0.07776667735295997]",0.09524433925320216,0.07776667735295997,0.0027096403272154363,False,True,False,True,False,False,not_run_round2_closure_localization,,,
R2_0235_C8_112_MA_fNa0.48387097_Keq1_sat1_B21,C8_112_MA,0.48387096774193544,0.5161290322580645,1.0,1.0,21.0,Na_K_capacity_x_equilibrium,0.0,"[1371730.64516129, -575140.6451612903, -796589.9999999997, 1593179.9999999993]","[0.0, -0.0, -0.0, 0.0]","[0.03888333867647999, -0.0, -0.03888333867647999, 0.07776667735295997]",0.09524433925320216,0.07776667735295997,0.0027096403272154363,False,True,True,True,False,False,not_run_round2_closure_localization,,,
R2_0236_C8_112_MA_fNa0.48387097_Keq10_sat1_B21,C8_112_MA,0.48387096774193544,0.5161290322580645,10.0,1.0,21.0,Na_K_capacity_x_equilibrium,1.6579916881502966e-08,"[80547.80240754358, -1990420.7986187104, 1909872.9962111667, -3819745.9924223335]","[0.001335475868904797, -0.033001011400312974, 0.031665535531408176, -0.06333107106281635]","[0.040218814545384785, -0.033001011400312974, -0.0072178031450718105, 0.014435606290143621]",0.054471122698955675,0.040218814545384785,0.0014013524214029596,False,True,False,True,False,False,not_run_round2_closure_localization,,,
R2_0237_C8_112_MA_fNa0.48387097_Keq100_sat1_B21,C8_112_MA,0.48387096774193544,0.5161290322580645,100.0,1.0,21.0,Na_K_capacity_x_equilibrium,4.67816297300575e-09,"[-1091544.6774193547, -6348548.903225807, 7440093.580645161, -14880187.161290321]","[-0.005106423893284731, -0.029699546411387234, 0.03480597030467196, -0.06961194060934392]","[0.03377691478319526, -0.029699546411387234, -0.004077368371808027, 0.008154736743616053]",0.045891913160277825,0.03377691478319526,0.0011768959836960075,False,True,False,True,False,False,not_run_round2_closure_localization,,,
R2_0238_C8_112_MA_fNa0.5_Keq0.01_sat1_B21,C8_112_MA,0.5,0.5,0.01,1.0,21.0,Na_K_capacity_x_equilibrium,0.0,"[15444224.999999996, 522765.0, -15966989.999999996, 31933979.999999993]","[0.0, 0.0, -0.0, 0.0]","[0.03888333867647999, 0.0, -0.03888333867647999, 0.07776667735295997]",0.09524433925320216,0.07776667735295997,0.0027096403272154363,False,True,False,True,False,False,not_run_round2_closure_localization,,,
R2_0239_C8_112_MA_fNa0.5_Keq0.1_sat1_B21,C8_112_MA,0.5,0.5,0.1,1.0,21.0,Na_K_capacity_x_equilibrium,0.0,"[4847392.179718905, -9890.023382176616, -4837502.1563367285, 9675004.312673457]","[0.0, -0.0, -0.0, 0.0]","[0.03888333867647999, -0.0, -0.03888333867647999, 0.07776667735295997]",0.09524433925320216,0.07776667735295997,0.0027096403272154363,False,True,False,True,False,False,not_run_round2_closure_localization,,,
R2_0240_C8_112_MA_fNa0.5_Keq1_sat1_B21,C8_112_MA,0.5,0.5,1.0,1.0,21.0,Na_K_capacity_x_equilibrium,0.0,"[1417454.9999999998, -557167.5, -860287.4999999998, 1720574.9999999995]","[0.0, -0.0, -0.0, 0.0]","[0.03888333867647999, -0.0, -0.03888333867647999, 0.07776667735295997]",0.09524433925320216,0.07776667735295997,0.0027096403272154363,False,True,True,True,False,False,not_run_round2_closure_localization,,,
R2_0241_C8_112_MA_fNa0.5_Keq10_sat1_B21,C8_112_MA,0.5,0.5,10.0,1.0,21.0,Na_K_capacity_x_equilibrium,1.7134851624767634e-08,"[83232.7291544617, -1928220.1486618756, 1844987.4195074139, -3689974.8390148277]","[0.0014261804643861725, -0.033039766147208625, 0.03161358568282245, -0.0632271713656449]","[0.04030951914086616, -0.033039766147208625, -0.007269752993657536, 0.014539505987315071]",0.05459606234312189,0.04030951914086616,0.0014045128602699064,False,True,False,True,False,False,not_run_round2_closure_localization,,,
R2_0242_C8_112_MA_fNa0.5_Keq100_sat1_B21,C8_112_MA,0.5,0.5,100.0,1.0,21.0,Na_K_capacity_x_equilibrium,4.799612587093191e-09,"[-1127929.5, -6150156.75, 7278086.25, -14556172.5]","[-0.00541362462555373, -0.029518369749896155, 0.03493199437544988, -0.06986398875089976]","[0.033469714050926254, -0.029518369749896155, -0.003951344301030106, 0.007902688602060212]",0.04549309310509421,0.033469714050926254,0.0011661921254287949,False,True,False,True,False,False,not_run_round2_closure_localization,,,
R2_0243_C8_112_MA_fNa0.75_Keq0.01_sat1_B21,C8_112_MA,0.75,0.25,0.01,1.0,21.0,Na_K_capacity_x_equilibrium,0.0,"[23166337.499999993, 261382.5, -23427719.999999993, 46855439.999999985]","[0.0, 0.0, -0.0, 0.0]","[0.03888333867647999, 0.0, -0.03888333867647999, 0.07776667735295997]",0.09524433925320216,0.07776667735295997,0.0027096403272154363,False,True,False,True,False,False,not_run_round2_closure_localization,,,
R2_0244_C8_112_MA_fNa0.75_Keq0.1_sat1_B21,C8_112_MA,0.75,0.25,0.1,1.0,21.0,Na_K_capacity_x_equilibrium,0.0,"[7271088.269578358, -4945.011691088308, -7266143.25788727, 14532286.51577454]","[0.0, -0.0, -0.0, 0.0]","[0.03888333867647999, -0.0, -0.03888333867647999, 0.07776667735295997]",0.09524433925320216,0.07776667735295997,0.0027096403272154363,False,True,False,True,False,False,not_run_round2_closure_localization,,,
R2_0245_C8_112_MA_fNa0.75_Keq1_sat1_B21,C8_112_MA,0.75,0.25,1.0,1.0,21.0,Na_K_capacity_x_equilibrium,0.0,"[2126182.4999999995, -278583.75, -1847598.7499999995, 3695197.499999999]","[0.0, -0.0, -0.0, 0.0]","[0.03888333867647999, -0.0, -0.03888333867647999, 0.07776667735295997]",0.09524433925320216,0.07776667735295997,0.0027096403272154363,False,True,True,True,False,False,not_run_round2_closure_localization,,,
R2_0246_C8_112_MA_fNa0.75_Keq10_sat1_B21,C8_112_MA,0.75,0.25,10.0,1.0,21.0,Na_K_capacity_x_equilibrium,3.5441163189185175e-08,"[124849.09373169256, -964110.0743309378, 839260.9805992453, -1678521.9611984906]","[0.004424797104966792, -0.03416918247670021, 0.029744385371733423, -0.05948877074346685]","[0.04330813578144678, -0.03416918247670021, -0.009138953304746563, 0.018277906609493126]",0.058827969483248005,0.04330813578144678,0.0015089942763180117,False,True,False,True,False,False,not_run_round2_closure_localization,,,
R2_0247_C8_112_MA_fNa0.75_Keq100_sat1_B21,C8_112_MA,0.75,0.25,100.0,1.0,21.0,Na_K_capacity_x_equilibrium,7.881335387876792e-09,"[-1691894.25, -3075078.375, 4766972.625, -9533945.25]","[-0.013334386025070264, -0.02423572401738216, 0.03757011004245243, -0.07514022008490485]","[0.025548952651409725, -0.02423572401738216, -0.0013132286340275592, 0.0026264572680551185]",0.035337545860696665,0.025548952651409725,0.0008902074076756057,False,True,False,True,False,False,not_run_round2_closure_localization,,,
R2_0248_C8_112_MA_fNa1_Keq0.01_sat1_B21,C8_112_MA,1.0,0.0,0.01,1.0,21.0,Na_K_capacity_x_equilibrium,0.0,"[30888449.999999993, 0.0, -30888449.999999993, 61776899.999999985]","[0.0, 0.0, -0.0, 0.0]","[0.03888333867647999, 0.0, -0.03888333867647999, 0.07776667735295997]",0.09524433925320216,0.07776667735295997,0.0027096403272154363,False,False,False,True,False,False,not_run_round2_closure_localization,,,
R2_0249_C8_112_MA_fNa1_Keq0.1_sat1_B21,C8_112_MA,1.0,0.0,0.1,1.0,21.0,Na_K_capacity_x_equilibrium,0.0,"[9694784.35943781, -0.0, -9694784.35943781, 19389568.71887562]","[0.0, -0.0, -0.0, 0.0]","[0.03888333867647999, -0.0, -0.03888333867647999, 0.07776667735295997]",0.09524433925320216,0.07776667735295997,0.0027096403272154363,False,False,False,True,False,False,not_run_round2_closure_localization,,,
R2_0250_C8_112_MA_fNa1_Keq1_sat1_B21,C8_112_MA,1.0,0.0,1.0,1.0,21.0,Na_K_capacity_x_equilibrium,0.0,"[2834909.9999999995, -0.0, -2834909.9999999995, 5669819.999999999]","[0.0, -0.0, -0.0, 0.0]","[0.03888333867647999, -0.0, -0.03888333867647999, 0.07776667735295997]",0.09524433925320216,0.07776667735295997,0.0027096403272154363,False,False,True,True,False,False,not_run_round2_closure_localization,,,
R2_0251_C8_112_MA_fNa1_Keq10_sat1_B21,C8_112_MA,1.0,0.0,10.0,1.0,21.0,Na_K_capacity_x_equilibrium,0.0,"[166465.4583089234, -0.0, -166465.4583089234, 332930.9166178468]","[0.0, -0.0, -0.0, 0.0]","[0.03888333867647999, -0.0, -0.03888333867647999, 0.07776667735295997]",0.09524433925320216,0.07776667735295997,0.0027096403272154363,False,False,False,True,False,False,not_run_round2_closure_localization,,,
R2_0252_C8_112_MA_fNa1_Keq100_sat1_B21,C8_112_MA,1.0,0.0,100.0,1.0,21.0,Na_K_capacity_x_equilibrium,1.723659975046312e-08,"[-2255859.0, -0.0, 2255859.0, -4511718.0]","[-0.03888333867647999, -0.0, 0.03888333867647999, -0.07776667735295997]","[0.0, -0.0, 0.0, 0.0]",0.0,0.0,1.781179185555778e-12,True,False,False,True,False,False,pass,0.9987173624520713,1.0058542007844324,0.0013598640981737353
R2_0253_C8_123_MA_fNa0_Keq0.01_sat1_B21,C8_123_MA,0.0,1.0,0.01,1.0,21.0,Na_K_capacity_x_equilibrium,1.1000616093775592e-09,"[0.0, -35346510.0, 17673255.0, -53019765.0]","[0.0, -0.03888333867647999, 0.019441669338239993, -0.05832500801471998]","[0.03888333867647999, -0.03888333867647999, -0.019441669338239993, 0.019441669338239993]",0.06147995662469689,0.03888333867647999,0.0013548201629432607,False,False,False,True,False,False,not_run_round2_closure_localization,,,
R2_0254_C8_123_MA_fNa0_Keq0.1_sat1_B21,C8_123_MA,0.0,1.0,0.1,1.0,21.0,Na_K_capacity_x_equilibrium,4.562962706514844e-11,"[0.0, -852151139.0168425, 426075569.50842124, -1278226708.5252638]","[0.0, -0.03888333867647999, 0.019441669338239993, -0.05832500801471999]","[0.03888333867647999, -0.03888333867647999, -0.019441669338239993, 0.019441669338239986]",0.06147995662469689,0.03888333867647999,0.0013548201629432607,False,False,False,True,False,False,not_run_round2_closure_localization,,,
R2_0255_C8_123_MA_fNa0_Keq1_sat1_B21,C8_123_MA,0.0,1.0,1.0,1.0,21.0,Na_K_capacity_x_equilibrium,1.3275902910747545e-11,"[0.0, -2928865851.0, 1464432925.5, -4393298776.5]","[0.0, -0.03888333867647999, 0.019441669338239993, -0.05832500801471998]","[0.03888333867647999, -0.03888333867647999, -0.019441669338239993, 0.019441669338239993]",0.06147995662469689,0.03888333867647999,0.0013548201629432607,False,False,True,True,False,False,not_run_round2_closure_localization,,,
R2_0256_C8_123_MA_fNa0_Keq10_sat1_B21,C8_123_MA,0.0,1.0,10.0,1.0,21.0,Na_K_capacity_x_equilibrium,4.1649156644622294e-12,"[0.0, -9335924616.255243, 4667962308.127622, -14003886924.382866]","[0.0, -0.038883338676479993, 0.019441669338239997, -0.058325008014719994]","[0.03888333867647999, -0.038883338676479993, -0.01944166933823999, 0.01944166933823998]",0.06147995662469689,0.038883338676479993,0.001354820162943261,False,False,False,True,False,False,not_run_round2_closure_localization,,,
R2_0257_C8_123_MA_fNa0_Keq100_sat1_B21,C8_123_MA,0.0,1.0,100.0,1.0,21.0,Na_K_capacity_x_equilibrium,1.316018321764366e-12,"[0.0, -29546198585.1, 14773099292.55, -44319297877.649994]","[0.0, -0.03888333867647999, 0.019441669338239993, -0.05832500801471997]","[0.03888333867647999, -0.03888333867647999, -0.019441669338239993, 0.01944166933824]",0.061479956624696894,0.03888333867647999,0.0013548201629432607,False,False,False,True,False,False,not_run_round2_closure_localization,,,
R2_0258_C8_123_MA_fNa0.25_Keq0.01_sat1_B21,C8_123_MA,0.25,0.75,0.01,1.0,21.0,Na_K_capacity_x_equilibrium,0.0,"[45505440359.999985, -26509882.5, -22739465238.749992, 68218395716.24998]","[0.0, -0.0, -0.0, 0.0]","[0.03888333867647999, -0.0, -0.03888333867647999, 0.07776667735295997]",0.09524433925320216,0.07776667735295997,0.0027096403272154363,False,True,False,True,False,False,not_run_round2_closure_localization,,,
R2_0259_C8_123_MA_fNa0.25_Keq0.1_sat1_B21,C8_123_MA,0.25,0.75,0.1,1.0,21.0,Na_K_capacity_x_equilibrium,0.0,"[14380958599.182127, -639113354.2626319, -6870922622.459747, 20612767867.379242]","[0.0, -0.0, -0.0, 0.0]","[0.03888333867647999, -0.0, -0.03888333867647999, 0.07776667735295997]",0.09524433925320216,0.07776667735295997,0.0027096403272154363,False,True,False,True,False,False,not_run_round2_closure_localization,,,
R2_0260_C8_123_MA_fNa0.25_Keq1_sat1_B21,C8_123_MA,0.25,0.75,1.0,1.0,21.0,Na_K_capacity_x_equilibrium,0.0,"[4518802160.999999, -2196649388.25, -1161076386.3749995, 3483229159.1249986]","[0.0, -0.0, -0.0, 0.0]","[0.03888333867647999, -0.0, -0.03888333867647999, 0.07776667735295997]",0.09524433925320216,0.07776667735295997,0.0027096403272154363,False,True,True,True,False,False,not_run_round2_closure_localization,,,
R2_0261_C8_123_MA_fNa0.25_Keq10_sat1_B21,C8_123_MA,0.25,0.75,10.0,1.0,21.0,Na_K_capacity_x_equilibrium,5.4862599615227645e-12,"[1337719237.7138555, -7001943462.191433, 2832112112.2387886, -8496336336.716366]","[0.0073390754936282785, -0.038414482069466946, 0.015537703287919332, -0.046613109863757995]","[0.046222414170108264, -0.038414482069466946, -0.023345635388560652, 0.031153567489201978]",0.07160829186189474,0.046222414170108264,0.0016105370773166698,False,True,False,True,False,False,not_run_round2_closure_localization,,,
R2_0262_C8_123_MA_fNa0.25_Keq100_sat1_B21,C8_123_MA,0.25,0.75,100.0,1.0,21.0,Na_K_capacity_x_equilibrium,1.756160200019402e-12,"[134461466.0999999, -22159648938.824997, 11012593736.3625, -33037781209.087498]","[0.00023613587520107787, -0.038915893512766635, 0.01933987881878278, -0.05801963645634834]","[0.03911947455168106, -0.038915893512766635, -0.019543459857697208, 0.019747040896611633]",0.061779223890224534,0.03911947455168106,0.0013630478920056174,False,True,False,True,False,False,not_run_round2_closure_localization,,,
R2_0263_C8_123_MA_fNa0.48387097_Keq0.01_sat1_B21,C8_123_MA,0.48387096774193544,0.5161290322580645,0.01,1.0,21.0,Na_K_capacity_x_equilibrium,0.0,"[88075045858.06448, -18243360.0, -44028401249.03224, 132085203747.09673]","[0.0, -0.0, -0.0, 0.0]","[0.03888333867647999, -0.0, -0.03888333867647999, 0.07776667735295997]",0.09524433925320216,0.07776667735295997,0.0027096403272154363,False,True,False,True,False,False,not_run_round2_closure_localization,,,
R2_0264_C8_123_MA_fNa0.48387097_Keq0.1_sat1_B21,C8_123_MA,0.48387096774193544,0.5161290322580645,0.1,1.0,21.0,Na_K_capacity_x_equilibrium,0.0,"[27834113417.77186, -439819942.7183703, -13697146737.526745, 41091440212.58023]","[0.0, -0.0, -0.0, 0.0]","[0.03888333867647999, -0.0, -0.03888333867647999, 0.07776667735295997]",0.09524433925320216,0.07776667735295997,0.0027096403272154363,False,True,False,True,False,False,not_run_round2_closure_localization,,,
R2_0265_C8_123_MA_fNa0.48387097_Keq1_sat1_B21,C8_123_MA,0.48387096774193544,0.5161290322580645,1.0,1.0,21.0,Na_K_capacity_x_equilibrium,0.0,"[8746068698.709675, -1511672697.2903225, -3617198000.7096763, 10851594002.129028]","[0.0, -0.0, -0.0, 0.0]","[0.03888333867647999, -0.0, -0.03888333867647999, 0.07776667735295997]",0.09524433925320216,0.07776667735295997,0.0027096403272154363,False,True,True,True,False,False,not_run_round2_closure_localization,,,
R2_0266_C8_123_MA_fNa0.48387097_Keq10_sat1_B21,C8_123_MA,0.48387096774193544,0.5161290322580645,10.0,1.0,21.0,Na_K_capacity_x_equilibrium,4.78727601622895e-12,"[2589134008.47843, -4818541737.422061, 1114703864.4718156, -3344111593.4154468]","[0.01239489914159151, -0.023067689292758806, 0.005336395075583649, -0.016009185226750947]","[0.0512782378180715, -0.023067689292758806, -0.033546943600896335, 0.061757492126209027]",0.09000533996221806,0.061757492126209027,0.0021518289952728946,False,True,False,True,False,False,not_run_round2_closure_localization,,,
R2_0267_C8_123_MA_fNa0.48387097_Keq100_sat1_B21,C8_123_MA,0.48387096774193544,0.5161290322580645,100.0,1.0,21.0,Na_K_capacity_x_equilibrium,2.555394316520284e-12,"[260247998.9032256, -15249650882.632257, 7494701441.864516, -22484104325.593548]","[0.0006650362572830799, -0.03896887119439701, 0.019151917468556965, -0.057455752405670885]","[0.039548374933763064, -0.03896887119439701, -0.01973142120792302, 0.02031092494728909]",0.06232583362592022,0.039548374933763064,0.0013779921561896593,False,True,False,True,False,False,not_run_round2_closure_localization,,,
R2_0268_C8_123_MA_fNa0.5_Keq0.01_sat1_B21,C8_123_MA,0.5,0.5,0.01,1.0,21.0,Na_K_capacity_x_equilibrium,0.0,"[91010880719.99997, -17673255.0, -45496603732.499985, 136489811197.49995]","[0.0, -0.0, -0.0, 0.0]","[0.03888333867647999, -0.0, -0.03888333867647999, 0.07776667735295997]",0.09524433925320216,0.07776667735295997,0.0027096403272154363,False,True,False,True,False,False,not_run_round2_closure_localization,,,
R2_0269_C8_123_MA_fNa0.5_Keq0.1_sat1_B21,C8_123_MA,0.5,0.5,0.1,1.0,21.0,Na_K_capacity_x_equilibrium,0.0,"[28761917198.364254, -426075569.50842124, -14167920814.427916, 42503762443.283745]","[0.0, -0.0, -0.0, 0.0]","[0.03888333867647999, -0.0, -0.03888333867647999, 0.07776667735295997]",0.09524433925320216,0.07776667735295997,0.0027096403272154363,False,True,False,True,False,False,not_run_round2_closure_localization,,,
R2_0270_C8_123_MA_fNa0.5_Keq1_sat1_B21,C8_123_MA,0.5,0.5,1.0,1.0,21.0,Na_K_capacity_x_equilibrium,0.0,"[9037604321.999998, -1464432925.5, -3786585698.249999, 11359757094.749996]","[0.0, -0.0, -0.0, 0.0]","[0.03888333867647999, -0.0, -0.03888333867647999, 0.07776667735295997]",0.09524433925320216,0.07776667735295997,0.0027096403272154363,False,True,True,True,False,False,not_run_round2_closure_localization,,,
R2_0271_C8_123_MA_fNa0.5_Keq10_sat1_B21,C8_123_MA,0.5,0.5,10.0,1.0,21.0,Na_K_capacity_x_equilibrium,4.29951367537343e-12,"[2675438475.427711, -4667962308.127622, 996261916.3499553, -2988785749.0498657]","[0.011503084312721684, -0.02006996777992243, 0.004283441733600373, -0.01285032520080112]","[0.05038642298920167, -0.02006996777992243, -0.03459989694287961, 0.06491635215215885]",0.0913940964917038,0.06491635215215885,0.002261893804539439,False,True,False,True,False,False,not_run_round2_closure_localization,,,
R2_0272_C8_123_MA_fNa0.5_Keq100_sat1_B21,C8_123_MA,0.5,0.5,100.0,1.0,21.0,Na_K_capacity_x_equilibrium,2.638166474692204e-12,"[268922932.1999998, -14773099292.55, 7252088180.174999, -21756264540.524998]","[0.0007094634640059641, -0.03897389528090452, 0.01913221590844928, -0.05739664772534783]","[0.03959280214048595, -0.03897389528090452, -0.019751122768030708, 0.02037002962761214]",0.06238268551713848,0.03959280214048595,0.001379540142486624,False,True,False,True,False,False,not_run_round2_closure_localization,,,
R2_0273_C8_123_MA_fNa0.75_Keq0.01_sat1_B21,C8_123_MA,0.75,0.25,0.01,1.0,21.0,Na_K_capacity_x_equilibrium,0.0,"[136516321079.99995, -8836627.5, -68253742226.24998, 204761226678.74994]","[0.0, -0.0, -0.0, 0.0]","[0.03888333867647999, -0.0, -0.03888333867647999, 0.07776667735295997]",0.09524433925320216,0.07776667735295997,0.0027096403272154363,False,True,False,True,False,False,not_run_round2_closure_localization,,,
R2_0274_C8_123_MA_fNa0.75_Keq0.1_sat1_B21,C8_123_MA,0.75,0.25,0.1,1.0,21.0,Na_K_capacity_x_equilibrium,0.0,"[43142875797.54638, -213037784.75421062, -21464919006.396084, 64394757019.18825]","[0.0, -0.0, -0.0, 0.0]","[0.03888333867647999, -0.0, -0.03888333867647999, 0.07776667735295997]",0.09524433925320216,0.07776667735295997,0.0027096403272154363,False,True,False,True,False,False,not_run_round2_closure_localization,,,
R2_0275_C8_123_MA_fNa0.75_Keq1_sat1_B21,C8_123_MA,0.75,0.25,1.0,1.0,21.0,Na_K_capacity_x_equilibrium,0.0,"[13556406482.999996, -732216462.75, -6412095010.124998, 19236285030.374992]","[0.0, -0.0, -0.0, 0.0]","[0.03888333867647999, -0.0, -0.03888333867647999, 0.07776667735295997]",0.09524433925320216,0.07776667735295997,0.0027096403272154363,False,True,True,True,False,False,not_run_round2_closure_localization,,,
R2_0276_C8_123_MA_fNa0.75_Keq10_sat1_B21,C8_123_MA,0.75,0.25,10.0,1.0,21.0,Na_K_capacity_x_equilibrium,0.0,"[4013157713.1415663, -2333981154.063811, -839588279.5388777, 2518764838.6166334]","[0.0, -0.0, -0.0, 0.0]","[0.03888333867647999, -0.0, -0.03888333867647999, 0.07776667735295997]",0.09524433925320216,0.07776667735295997,0.0027096403272154363,False,True,False,True,False,False,not_run_round2_closure_localization,,,
R2_0277_C8_123_MA_fNa0.75_Keq100_sat1_B21,C8_123_MA,0.75,0.25,100.0,1.0,21.0,Na_K_capacity_x_equilibrium,5.291499793869104e-12,"[403384398.2999997, -7386549646.275, 3491582623.9875, -10474747871.962502]","[0.002134508460454461, -0.039085925930668064, 0.018475708735106802, -0.055427126205320414]","[0.041017847136934446, -0.039085925930668064, -0.020407629941373184, 0.02233955114763956]",0.06423161445042952,0.041017847136934446,0.0014291932782513799,False,True,False,True,False,False,not_run_round2_closure_localization,,,
R2_0278_C8_123_MA_fNa1_Keq0.01_sat1_B21,C8_123_MA,1.0,0.0,0.01,1.0,21.0,Na_K_capacity_x_equilibrium,0.0,"[182021761439.99994, -0.0, -91010880719.99997, 273032642159.9999]","[0.0, -0.0, -0.0, 0.0]","[0.03888333867647999, -0.0, -0.03888333867647999, 0.07776667735295997]",0.09524433925320216,0.07776667735295997,0.0027096403272154363,False,False,False,True,False,False,not_run_round2_closure_localization,,,
R2_0279_C8_123_MA_fNa1_Keq0.1_sat1_B21,C8_123_MA,1.0,0.0,0.1,1.0,21.0,Na_K_capacity_x_equilibrium,0.0,"[57523834396.72851, -0.0, -28761917198.364254, 86285751595.09276]","[0.0, -0.0, -0.0, 0.0]","[0.03888333867647999, -0.0, -0.03888333867647999, 0.07776667735295997]",0.09524433925320216,0.07776667735295997,0.0027096403272154363,False,False,False,True,False,False,not_run_round2_closure_localization,,,
R2_0280_C8_123_MA_fNa1_Keq1_sat1_B21,C8_123_MA,1.0,0.0,1.0,1.0,21.0,Na_K_capacity_x_equilibrium,0.0,"[18075208643.999996, -0.0, -9037604321.999998, 27112812965.999992]","[0.0, -0.0, -0.0, 0.0]","[0.03888333867647999, -0.0, -0.03888333867647999, 0.07776667735295997]",0.09524433925320216,0.07776667735295997,0.0027096403272154363,False,False,True,True,False,False,not_run_round2_closure_localization,,,
R2_0281_C8_123_MA_fNa1_Keq10_sat1_B21,C8_123_MA,1.0,0.0,10.0,1.0,21.0,Na_K_capacity_x_equilibrium,0.0,"[5350876950.855422, -0.0, -2675438475.427711, 8026315426.283133]","[0.0, -0.0, -0.0, 0.0]","[0.03888333867647999, -0.0, -0.03888333867647999, 0.07776667735295997]",0.09524433925320216,0.07776667735295997,0.0027096403272154363,False,False,False,True,False,False,not_run_round2_closure_localization,,,
R2_0282_C8_123_MA_fNa1_Keq100_sat1_B21,C8_123_MA,1.0,0.0,100.0,1.0,21.0,Na_K_capacity_x_equilibrium,0.0,"[537845864.3999996, -0.0, -268922932.1999998, 806768796.5999994]","[0.0, -0.0, -0.0, 0.0]","[0.03888333867647999, -0.0, -0.03888333867647999, 0.07776667735295997]",0.09524433925320216,0.07776667735295997,0.0027096403272154363,False,False,False,True,False,False,not_run_round2_closure_localization,,,
R2_0283_C8_213_MA_fNa0_Keq0.01_sat1_B21,C8_213_MA,0.0,1.0,0.01,1.0,21.0,Na_K_capacity_x_equilibrium,0.0,"[0.0, 1100761380.0, -2201522760.0, 3302284140.0]","[0.0, 0.0, -0.0, 0.0]","[0.03888333867647999, 0.0, -0.03888333867647999, 0.07776667735295997]",0.09524433925320216,0.07776667735295997,0.0027096403272154363,False,False,False,True,False,False,not_run_round2_closure_localization,,,
R2_0284_C8_213_MA_fNa0_Keq0.1_sat1_B21,C8_213_MA,0.0,1.0,0.1,1.0,21.0,Na_K_capacity_x_equilibrium,1.944792023269104e-09,"[0.0, -11424898.09009248, 22849796.18018496, -34274694.27027744]","[0.0, -0.022219050672274275, 0.04443810134454855, -0.06665715201682283]","[0.03888333867647999, -0.022219050672274275, 0.0055547626680685636, 0.011109525336137141]",0.046474478812567416,0.03888333867647999,0.0013548201611623743,False,False,False,True,False,False,not_run_round2_closure_localization,,,
R2_0285_C8_213_MA_fNa0_Keq1_sat1_B21,C8_213_MA,0.0,1.0,1.0,1.0,21.0,Na_K_capacity_x_equilibrium,1.9481800263887336e-11,"[0.0, -1140502949.9999998, 2281005899.9999995, -3421508849.999999]","[0.0, -0.02221905067227428, 0.04443810134454856, -0.06665715201682283]","[0.03888333867647999, -0.02221905067227428, 0.0055547626680685705, 0.011109525336137141]",0.046474478812567416,0.03888333867647999,0.0013548201611623743,False,False,True,True,False,False,not_run_round2_closure_localization,,,
R2_0286_C8_213_MA_fNa0_Keq10_sat1_B21,C8_213_MA,0.0,1.0,10.0,1.0,21.0,Na_K_capacity_x_equilibrium,5.616799087732872e-12,"[0.0, -3955820802.0651546, 7911641604.130309, -11867462406.195463]","[0.0, -0.02221905067227428, 0.04443810134454856, -0.06665715201682283]","[0.03888333867647999, -0.02221905067227428, 0.0055547626680685705, 0.011109525336137141]",0.046474478812567416,0.03888333867647999,0.0013548201611623743,False,False,False,True,False,False,not_run_round2_closure_localization,,,
R2_0287_C8_213_MA_fNa0_Keq100_sat1_B21,C8_213_MA,0.0,1.0,100.0,1.0,21.0,Na_K_capacity_x_equilibrium,1.7606442398253306e-12,"[-0.0, -12619841174.999998, 25239682349.999996, -37859523524.99999]","[-0.0, -0.02221905067227428, 0.04443810134454856, -0.06665715201682283]","[0.03888333867647999, -0.02221905067227428, 0.0055547626680685705, 0.011109525336137141]",0.046474478812567416,0.03888333867647999,0.0013548201611623743,False,False,False,True,False,False,not_run_round2_closure_localization,,,
R2_0288_C8_213_MA_fNa0.25_Keq0.01_sat1_B21,C8_213_MA,0.25,0.75,0.01,1.0,21.0,Na_K_capacity_x_equilibrium,0.0,"[8108372025.0, 825571035.0, -17867886120.0, 26801829180.0]","[0.0, 0.0, -0.0, 0.0]","[0.03888333867647999, 0.0, -0.03888333867647999, 0.07776667735295997]",0.09524433925320216,0.07776667735295997,0.0027096403272154363,False,True,False,True,False,False,not_run_round2_closure_localization,,,
R2_0289_C8_213_MA_fNa0.25_Keq0.1_sat1_B21,C8_213_MA,0.25,0.75,0.1,1.0,21.0,Na_K_capacity_x_equilibrium,0.0,"[2545367568.884325, -8568673.56756936, -5073597790.633512, 7610396685.950268]","[0.0, -0.0, -0.0, 0.0]","[0.03888333867647999, -0.0, -0.03888333867647999, 0.07776667735295997]",0.09524433925320216,0.07776667735295997,0.0027096403272154363,False,True,False,True,False,False,not_run_round2_closure_localization,,,
R2_0290_C8_213_MA_fNa0.25_Keq1_sat1_B21,C8_213_MA,0.25,0.75,1.0,1.0,21.0,Na_K_capacity_x_equilibrium,3.545856906125636e-12,"[745702875.0, -855377212.4999998, 219348674.99999952, -329023012.4999993]","[0.002644155689236492, -0.00303304519628562, 0.000777779014098256, -0.001166668521147384]","[0.041527494365716476, -0.00303304519628562, -0.03810555966238173, 0.07660000883181259]",0.09514897362386221,0.07660000883181259,0.0026689898560953184,False,True,True,True,False,False,not_run_round2_closure_localization,,,
R2_0291_C8_213_MA_fNa0.25_Keq10_sat1_B21,C8_213_MA,0.25,0.75,10.0,1.0,21.0,Na_K_capacity_x_equilibrium,7.579535857745325e-12,"[48563928.12509161, -2966865601.548866, 5836603346.8475485, -8754905020.271322]","[0.00036809203461709856, -0.022487464212050782, 0.04423874435486737, -0.06635811653230105]","[0.03925143071109709, -0.022487464212050782, 0.005355405678387382, 0.011408560820658928]",0.046959519690208694,0.03925143071109709,0.001367645667595026,False,True,False,True,False,False,not_run_round2_closure_localization,,,
R2_0292_C8_213_MA_fNa0.25_Keq100_sat1_B21,C8_213_MA,0.25,0.75,100.0,1.0,21.0,Na_K_capacity_x_equilibrium,2.245945362368344e-12,"[-576772987.4999999, -9464880881.249998, 20083307737.499996, -30124961606.249992]","[-0.0012954006164149596, -0.02125760532061224, 0.0451060118740544, -0.06765901781108159]","[0.037587938060065024, -0.02125760532061224, 0.006222673197574413, 0.01010765954187838]",0.04478420831847475,0.037587938060065024,0.0013096842511827588,False,True,False,True,False,False,not_run_round2_closure_localization,,,
R2_0293_C8_213_MA_fNa0.48387097_Keq0.01_sat1_B21,C8_213_MA,0.48387096774193544,0.5161290322580645,0.01,1.0,21.0,Na_K_capacity_x_equilibrium,0.0,"[15693623274.193546, 568134905.8064516, -32523516359.999996, 48785274539.99999]","[0.0, 0.0, -0.0, 0.0]","[0.03888333867647999, 0.0, -0.03888333867647999, 0.07776667735295997]",0.09524433925320216,0.07776667735295997,0.0027096403272154363,False,True,False,True,False,False,not_run_round2_closure_localization,,,
R2_0294_C8_213_MA_fNa0.48387097_Keq0.1_sat1_B21,C8_213_MA,0.48387096774193544,0.5161290322580645,0.1,1.0,21.0,Na_K_capacity_x_equilibrium,0.0,"[4926517875.259983, -5896721.594886441, -9841242307.330193, 14761863460.995289]","[0.0, -0.0, -0.0, 0.0]","[0.03888333867647999, -0.0, -0.03888333867647999, 0.07776667735295997]",0.09524433925320216,0.07776667735295997,0.0027096403272154363,False,True,False,True,False,False,not_run_round2_closure_localization,,,
R2_0295_C8_213_MA_fNa0.48387097_Keq1_sat1_B21,C8_213_MA,0.48387096774193544,0.5161290322580645,1.0,1.0,21.0,Na_K_capacity_x_equilibrium,0.0,"[1443295887.096774, -588646683.8709676, -1709298406.451613, 2563947609.6774197]","[0.0, -0.0, -0.0, 0.0]","[0.03888333867647999, -0.0, -0.03888333867647999, 0.07776667735295997]",0.09524433925320216,0.07776667735295997,0.0027096403272154363,False,True,True,True,False,False,not_run_round2_closure_localization,,,
R2_0296_C8_213_MA_fNa0.48387097_Keq10_sat1_B21,C8_213_MA,0.48387096774193544,0.5161290322580645,10.0,1.0,21.0,Na_K_capacity_x_equilibrium,1.1257555678439761e-11,"[93994699.5969515, -2041713962.3562088, 3895438525.5185146, -5843157788.277772]","[0.001058150564190901, -0.022984708610672883, 0.04385311609296397, -0.06577967413944595]","[0.03994148924067089, -0.022984708610672883, 0.004969777416483981, 0.011987003213514022]",0.047874902885440496,0.03994148924067089,0.001391689518799688,False,True,False,True,False,False,not_run_round2_closure_localization,,,
R2_0297_C8_213_MA_fNa0.48387097_Keq100_sat1_B21,C8_213_MA,0.48387096774193544,0.5161290322580645,100.0,1.0,21.0,Na_K_capacity_x_equilibrium,3.0192751632862086e-12,"[-1116334814.5161288, -6513466412.903225, 15259602454.838707, -22889403682.25806]","[-0.003370521979380264, -0.01966594736737762, 0.046072938693515766, -0.06910940804027364]","[0.03551281669709972, -0.01966594736737762, 0.00718960001703578, 0.00865726931268633]",0.042125387784275804,0.03551281669709972,0.0012373803709400655,False,True,False,True,False,False,not_run_round2_closure_localization,,,
R2_0298_C8_213_MA_fNa0.5_Keq0.01_sat1_B21,C8_213_MA,0.5,0.5,0.01,1.0,21.0,Na_K_capacity_x_equilibrium,0.0,"[16216744050.0, 550380690.0, -33534249480.0, 50301374220.0]","[0.0, 0.0, -0.0, 0.0]","[0.03888333867647999, 0.0, -0.03888333867647999, 0.07776667735295997]",0.09524433925320216,0.07776667735295997,0.0027096403272154363,False,True,False,True,False,False,not_run_round2_closure_localization,,,
R2_0299_C8_213_MA_fNa0.5_Keq0.1_sat1_B21,C8_213_MA,0.5,0.5,0.1,1.0,21.0,Na_K_capacity_x_equilibrium,0.0,"[5090735137.76865, -5712449.04504624, -10170045377.447208, 15255068066.170813]","[0.0, -0.0, -0.0, 0.0]","[0.03888333867647999, -0.0, -0.03888333867647999, 0.07776667735295997]",0.09524433925320216,0.07776667735295997,0.0027096403272154363,False,True,False,True,False,False,not_run_round2_closure_localization,,,
R2_0300_C8_213_MA_fNa0.5_Keq1_sat1_B21,C8_213_MA,0.5,0.5,1.0,1.0,21.0,Na_K_capacity_x_equilibrium,0.0,"[1491405750.0, -570251474.9999999, -1842308550.0000002, 2763462825.0000005]","[0.0, -0.0, -0.0, 0.0]","[0.03888333867647999, -0.0, -0.03888333867647999, 0.07776667735295997]",0.09524433925320216,0.07776667735295997,0.0027096403272154363,False,True,True,True,False,False,not_run_round2_closure_localization,,,
R2_0301_C8_213_MA_fNa0.5_Keq10_sat1_B21,C8_213_MA,0.5,0.5,10.0,1.0,21.0,Na_K_capacity_x_equilibrium,1.1647102095999642e-11,"[97127856.25018322, -1977910401.0325773, 3761565089.564788, -5642347634.347181]","[0.001131258058111461, -0.023036924377566024, 0.04381133263890912, -0.06571699895836368]","[0.04001459673459145, -0.023036924377566024, 0.004927993962429135, 0.012049678394596294]",0.04797236402885115,0.04001459673459145,0.0013942368182394288,False,True,False,True,False,False,not_run_round2_closure_localization,,,
R2_0302_C8_213_MA_fNa0.5_Keq100_sat1_B21,C8_213_MA,0.5,0.5,100.0,1.0,21.0,Na_K_capacity_x_equilibrium,3.0922820056586183e-12,"[-1153545974.9999998, -6309920587.499999, 14926933124.999998, -22390399687.499996]","[-0.0035670894611924257, -0.019512053889861103, 0.04615828670210706, -0.06923743005316059]","[0.03531624921528756, -0.019512053889861103, 0.007274948025627073, 0.008529247299799383]",0.04187637321824627,0.03531624921528756,0.0012305313297619413,False,True,False,True,False,False,not_run_round2_closure_localization,,,
R2_0303_C8_213_MA_fNa0.75_Keq0.01_sat1_B21,C8_213_MA,0.75,0.25,0.01,1.0,21.0,Na_K_capacity_x_equilibrium,0.0,"[24325116075.0, 275190345.0, -49200612840.0, 73800919260.0]","[0.0, 0.0, -0.0, 0.0]","[0.03888333867647999, 0.0, -0.03888333867647999, 0.07776667735295997]",0.09524433925320216,0.07776667735295997,0.0027096403272154363,False,True,False,True,False,False,not_run_round2_closure_localization,,,
R2_0304_C8_213_MA_fNa0.75_Keq0.1_sat1_B21,C8_213_MA,0.75,0.25,0.1,1.0,21.0,Na_K_capacity_x_equilibrium,0.0,"[7636102706.652975, -2856224.52252312, -15266492964.260904, 22899739446.391357]","[0.0, -0.0, -0.0, 0.0]","[0.03888333867647999, -0.0, -0.03888333867647999, 0.07776667735295997]",0.09524433925320216,0.07776667735295997,0.0027096403272154363,False,True,False,True,False,False,not_run_round2_closure_localization,,,
R2_0305_C8_213_MA_fNa0.75_Keq1_sat1_B21,C8_213_MA,0.75,0.25,1.0,1.0,21.0,Na_K_capacity_x_equilibrium,0.0,"[2237108625.0, -285125737.49999994, -3903965775.0, 5855948662.5]","[0.0, -0.0, -0.0, 0.0]","[0.03888333867647999, -0.0, -0.03888333867647999, 0.07776667735295997]",0.09524433925320216,0.07776667735295997,0.0027096403272154363,False,True,True,True,False,False,not_run_round2_closure_localization,,,
R2_0306_C8_213_MA_fNa0.75_Keq10_sat1_B21,C8_213_MA,0.75,0.25,10.0,1.0,21.0,Na_K_capacity_x_equilibrium,2.5054614744140094e-11,"[145691784.37527484, -988955200.5162886, 1686526832.2820277, -2529790248.4230413]","[0.0036502515289088405, -0.02477789154814943, 0.04225528003848118, -0.06338292005772177]","[0.04253359020538883, -0.02477789154814943, 0.003371941362001196, 0.014383757295238206]",0.05139370260848011,0.04253359020538883,0.0014820066255842852,False,True,False,True,False,False,not_run_round2_closure_localization,,,
R2_0307_C8_213_MA_fNa0.75_Keq100_sat1_B21,C8_213_MA,0.75,0.25,100.0,1.0,21.0,Na_K_capacity_x_equilibrium,4.909971918695781e-12,"[-1730318962.4999995, -3154960293.7499995, 9770558512.499998, -14655837768.749996]","[-0.008495817516261816, -0.01549076644691269, 0.04797316792634901, -0.07195975188952351]","[0.030387521160218173, -0.01549076644691269, 0.009089829249869022, 0.00580692546343646]",0.0357730438529514,0.030387521160218173,0.0010587986449163182,False,True,False,True,False,False,not_run_round2_closure_localization,,,
R2_0308_C8_213_MA_fNa1_Keq0.01_sat1_B21,C8_213_MA,1.0,0.0,0.01,1.0,21.0,Na_K_capacity_x_equilibrium,0.0,"[32433488100.0, 0.0, -64866976200.0, 97300464300.0]","[0.0, 0.0, -0.0, 0.0]","[0.03888333867647999, 0.0, -0.03888333867647999, 0.07776667735295997]",0.09524433925320216,0.07776667735295997,0.0027096403272154363,False,False,False,True,False,False,not_run_round2_closure_localization,,,
R2_0309_C8_213_MA_fNa1_Keq0.1_sat1_B21,C8_213_MA,1.0,0.0,0.1,1.0,21.0,Na_K_capacity_x_equilibrium,0.0,"[10181470275.5373, -0.0, -20362940551.0746, 30544410826.6119]","[0.0, -0.0, -0.0, 0.0]","[0.03888333867647999, -0.0, -0.03888333867647999, 0.07776667735295997]",0.09524433925320216,0.07776667735295997,0.0027096403272154363,False,False,False,True,False,False,not_run_round2_closure_localization,,,
R2_0310_C8_213_MA_fNa1_Keq1_sat1_B21,C8_213_MA,1.0,0.0,1.0,1.0,21.0,Na_K_capacity_x_equilibrium,0.0,"[2982811500.0, -0.0, -5965623000.0, 8948434500.0]","[0.0, -0.0, -0.0, 0.0]","[0.03888333867647999, -0.0, -0.03888333867647999, 0.07776667735295997]",0.09524433925320216,0.07776667735295997,0.0027096403272154363,False,False,True,True,False,False,not_run_round2_closure_localization,,,
R2_0311_C8_213_MA_fNa1_Keq10_sat1_B21,C8_213_MA,1.0,0.0,10.0,1.0,21.0,Na_K_capacity_x_equilibrium,0.0,"[194255712.50036645, -0.0, -388511425.0007329, 582767137.5010993]","[0.0, -0.0, -0.0, 0.0]","[0.03888333867647999, -0.0, -0.03888333867647999, 0.07776667735295997]",0.09524433925320216,0.07776667735295997,0.0027096403272154363,False,False,False,True,False,False,not_run_round2_closure_localization,,,
R2_0312_C8_213_MA_fNa1_Keq100_sat1_B21,C8_213_MA,1.0,0.0,100.0,1.0,21.0,Na_K_capacity_x_equilibrium,1.0834605879626328e-11,"[-2307091949.9999995, -0.0, 4614183899.999999, -6921275849.999998]","[-0.024996432006308564, -0.0, 0.04999286401261713, -0.07498929601892569]","[0.013886906670171423, -0.0, 0.011109525336137141, 0.0027773813340342818]",0.017999488246474304,0.013886906670171423,0.00048386434212723277,False,False,False,True,False,False,not_run_round2_closure_localization,,,
R2_0313_C8_112_SAT_fNa0_Keq0.01_sat0.01_B21,C8_112_SAT,0.0,1.0,0.01,0.01,21.0,Na_K_capacity_x_equilibrium_x_saturation,0.0,"[0.0, 80.93151787718578, -80.93151787718578, 161.86303575437157]","[0.0, 0.0, -0.0, 0.0]","[0.03888333867647999, 0.0, -0.03888333867647999, 0.07776667735295997]",0.09524433925320216,0.07776667735295997,0.0027096403272154363,False,False,False,True,False,False,not_run_round2_closure_localization,,,
R2_0314_C8_112_SAT_fNa0_Keq0.01_sat0.1_B21,C8_112_SAT,0.0,1.0,0.01,0.1,21.0,Na_K_capacity_x_equilibrium_x_saturation,0.0,"[0.0, 8.093715648175387, -8.093715648175387, 16.187431296350773]","[0.0, 0.0, -0.0, 0.0]","[0.03888333867647999, 0.0, -0.03888333867647999, 0.07776667735295997]",0.09524433925320216,0.07776667735295997,0.0027096403272154363,False,False,False,True,False,False,not_run_round2_closure_localization,,,
R2_0315_C8_112_SAT_fNa0_Keq0.01_sat1_B21,C8_112_SAT,0.0,1.0,0.01,1.0,21.0,Na_K_capacity_x_equilibrium_x_saturation,0.0,"[0.0, 0.8093772038542435, -0.8093772038542435, 1.618754407708487]","[0.0, 0.0, -0.0, 0.0]","[0.03888333867647999, 0.0, -0.03888333867647999, 0.07776667735295997]",0.09524433925320216,0.07776667735295997,0.0027096403272154363,False,False,False,True,False,False,not_run_round2_closure_localization,,,
R2_0316_C8_112_SAT_fNa0_Keq0.01_sat10_B21,C8_112_SAT,0.0,1.0,0.01,10.0,21.0,Na_K_capacity_x_equilibrium_x_saturation,0.0,"[0.0, 0.08093777677622357, -0.08093777677622357, 0.16187555355244715]","[0.0, 0.0, -0.0, 0.0]","[0.03888333867647999, 0.0, -0.03888333867647999, 0.07776667735295997]",0.09524433925320216,0.07776667735295997,0.0027096403272154363,False,False,False,True,False,False,not_run_round2_closure_localization,,,
R2_0317_C8_112_SAT_fNa0_Keq0.01_sat100_B21,C8_112_SAT,0.0,1.0,0.01,100.0,21.0,Na_K_capacity_x_equilibrium_x_saturation,0.0,"[0.0, 0.008093778241530781, -0.008093778241530781, 0.016187556483061562]","[0.0, 0.0, -0.0, 0.0]","[0.03888333867647999, 0.0, -0.03888333867647999, 0.07776667735295997]",0.09524433925320216,0.07776667735295997,0.0027096403272154363,False,False,False,True,False,False,not_run_round2_closure_localization,,,
R2_0318_C8_112_SAT_fNa0_Keq0.1_sat0.01_B21,C8_112_SAT,0.0,1.0,0.1,0.01,21.0,Na_K_capacity_x_equilibrium_x_saturation,0.012433583308563196,"[0.0, -2.606069499537089, 2.606069499537089, -5.212138999074178]","[0.0, -0.032402782230399996, 0.032402782230399996, -0.06480556446079999]","[0.03888333867647999, -0.032402782230399996, -0.006480556446079991, 0.012961112892159982]",0.052648289451365037,0.03888333867647999,0.0013548201611623743,False,False,False,True,False,False,not_run_round2_closure_localization,,,
R2_0319_C8_112_SAT_fNa0_Keq0.1_sat0.1_B21,C8_112_SAT,0.0,1.0,0.1,0.1,21.0,Na_K_capacity_x_equilibrium_x_saturation,0.12432108969075789,"[0.0, -0.2606378556606943, 0.2606378556606943, -0.5212757113213886]","[0.0, -0.03240278223039999, 0.03240278223039999, -0.06480556446079998]","[0.03888333867647999, -0.03240278223039999, -0.006480556446079998, 0.012961112892159996]",0.052648289451365037,0.03888333867647999,0.0013548201611623743,False,False,False,True,False,False,not_run_round2_closure_localization,,,
R2_0320_C8_112_SAT_fNa0_Keq0.1_sat1_B21,C8_112_SAT,0.0,1.0,0.1,1.0,21.0,Na_K_capacity_x_equilibrium_x_saturation,1.243196153512705,"[0.0, -0.026064094663456376, 0.026064094663456376, -0.05212818932691275]","[0.0, -0.03240278223039999, 0.03240278223039999, -0.06480556446079998]","[0.03888333867647999, -0.03240278223039999, -0.006480556446079998, 0.012961112892159996]",0.052648289451365037,0.03888333867647999,0.0013548201611623743,False,False,False,True,False,False,not_run_round2_closure_localization,,,
R2_0321_C8_112_SAT_fNa0_Keq0.1_sat10_B21,C8_112_SAT,0.0,1.0,0.1,10.0,21.0,Na_K_capacity_x_equilibrium_x_saturation,12.431946791732175,"[0.0, -0.0026064125573598295, 0.0026064125573598295, -0.005212825114719659]","[0.0, -0.03240278223039999, 0.03240278223039999, -0.06480556446079998]","[0.03888333867647999, -0.03240278223039999, -0.006480556446079998, 0.012961112892159996]",0.052648289451365037,0.03888333867647999,0.0013548201611623743,False,False,False,True,False,False,not_run_round2_closure_localization,,,
R2_0322_C8_112_SAT_fNa0_Keq0.1_sat100_B21,C8_112_SAT,0.0,1.0,0.1,100.0,21.0,Na_K_capacity_x_equilibrium_x_saturation,124.3194531739269,"[0.0, -0.0002606412866461652, 0.0002606412866461652, -0.0005212825732923304]","[0.0, -0.03240278223039999, 0.03240278223039999, -0.06480556446079998]","[0.03888333867647999, -0.03240278223039999, -0.006480556446079998, 0.012961112892159996]",0.052648289451365037,0.03888333867647999,0.0013548201611623743,False,False,False,True,False,False,not_run_round2_closure_localization,,,
R2_0323_C8_112_SAT_fNa0_Keq1_sat0.01_B21,C8_112_SAT,0.0,1.0,1.0,0.01,21.0,Na_K_capacity_x_equilibrium_x_saturation,0.00039202122257352774,"[0.0, -82.65568383691907, 82.65568383691907, -165.31136767383813]","[0.0, -0.03240278223039999, 0.03240278223039999, -0.06480556446079998]","[0.03888333867647999, -0.03240278223039999, -0.006480556446079998, 0.012961112892159996]",0.052648289451365037,0.03888333867647999,0.0013548201611623743,False,False,True,True,False,False,not_run_round2_closure_localization,,,
R2_0324_C8_112_SAT_fNa0_Keq1_sat0.1_B21,C8_112_SAT,0.0,1.0,1.0,0.1,21.0,Na_K_capacity_x_equilibrium_x_saturation,0.003919950522531058,"[0.0, -8.266120208445376, 8.266120208445376, -16.53224041689075]","[0.0, -0.03240278223039998, 0.03240278223039998, -0.06480556446079996]","[0.03888333867647999, -0.03240278223039998, -0.006480556446080005, 0.01296111289216001]",0.052648289451365037,0.03888333867647999,0.0013548201611623743,False,False,True,True,False,False,not_run_round2_closure_localization,,,
R2_0325_C8_112_SAT_fNa0_Keq1_sat1_B21,C8_112_SAT,0.0,1.0,1.0,1.0,21.0,Na_K_capacity_x_equilibrium_x_saturation,0.03919924352210637,"[0.0, -0.8266175394973243, 0.8266175394973243, -1.6532350789946486]","[0.0, -0.032402782230399996, 0.032402782230399996, -0.06480556446079999]","[0.03888333867647999, -0.032402782230399996, -0.006480556446079991, 0.012961112892159982]",0.052648289451365037,0.03888333867647999,0.0013548201611623743,False,False,True,True,False,False,not_run_round2_closure_localization,,,
R2_0326_C8_112_SAT_fNa0_Keq1_sat10_B21,C8_112_SAT,0.0,1.0,1.0,10.0,21.0,Na_K_capacity_x_equilibrium_x_saturation,0.3919921735178593,"[0.0, -0.08266180913666558, 0.08266180913666558, -0.16532361827333117]","[0.0, -0.03240278223039998, 0.03240278223039998, -0.06480556446079996]","[0.03888333867647999, -0.03240278223039998, -0.006480556446080005, 0.01296111289216001]",0.052648289451365037,0.03888333867647999,0.0013548201611623743,False,False,True,True,False,False,not_run_round2_closure_localization,,,
R2_0327_C8_112_SAT_fNa0_Keq1_sat100_B21,C8_112_SAT,0.0,1.0,1.0,100.0,21.0,Na_K_capacity_x_equilibrium_x_saturation,3.91992147347539,"[0.0, -0.008266181465536294, 0.008266181465536294, -0.01653236293107259]","[0.0, -0.03240278223039999, 0.03240278223039999, -0.06480556446079998]","[0.03888333867647999, -0.03240278223039999, -0.006480556446079998, 0.012961112892159996]",0.052648289451365037,0.03888333867647999,0.0013548201611623743,False,False,True,True,False,False,not_run_round2_closure_localization,,,
R2_0328_C8_112_SAT_fNa0_Keq10_sat0.01_B21,C8_112_SAT,0.0,1.0,10.0,0.01,21.0,Na_K_capacity_x_equilibrium_x_saturation,0.0003302464897891477,"[0.0, -98.11696182172345, 98.11696182172345, -196.2339236434469]","[0.0, -0.03240278223039999, 0.03240278223039999, -0.06480556446079998]","[0.03888333867647999, -0.03240278223039999, -0.006480556446079998, 0.012961112892159996]",0.052648289451365037,0.03888333867647999,0.0013548201611623743,False,False,False,True,False,False,not_run_round2_closure_localization,,,
R2_0329_C8_112_SAT_fNa0_Keq10_sat0.1_B21,C8_112_SAT,0.0,1.0,10.0,0.1,21.0,Na_K_capacity_x_equilibrium_x_saturation,0.0033023892776257425,"[0.0, -9.811920856797359, 9.811920856797359, -19.623841713594718]","[0.0, -0.03240278223039999, 0.03240278223039999, -0.06480556446079998]","[0.03888333867647999, -0.03240278223039999, -0.006480556446079998, 0.012961112892159996]",0.052648289451365037,0.03888333867647999,0.0013548201611623743,False,False,False,True,False,False,not_run_round2_closure_localization,,,
R2_0330_C8_112_SAT_fNa0_Keq10_sat1_B21,C8_112_SAT,0.0,1.0,10.0,1.0,21.0,Na_K_capacity_x_equilibrium_x_saturation,0.03302381715599169,"[0.0, -0.9811943324825785, 0.9811943324825785, -1.962388664965157]","[0.0, -0.03240278223039999, 0.03240278223039999, -0.06480556446079998]","[0.03888333867647999, -0.03240278223039999, -0.006480556446079998, 0.012961112892159996]",0.052648289451365037,0.03888333867647999,0.0013548201611623743,False,False,False,True,False,False,not_run_round2_closure_localization,,,
R2_0331_C8_112_SAT_fNa0_Keq10_sat10_B21,C8_112_SAT,0.0,1.0,10.0,10.0,21.0,Na_K_capacity_x_equilibrium_x_saturation,0.33023809593965114,"[0.0, -0.09811945571634287, 0.09811945571634287, -0.19623891143268574]","[0.0, -0.03240278223039999, 0.03240278223039999, -0.06480556446079998]","[0.03888333867647999, -0.03240278223039999, -0.006480556446079998, 0.012961112892159996]",0.052648289451365037,0.03888333867647999,0.0013548201611623743,False,False,False,True,False,False,not_run_round2_closure_localization,,,
R2_0332_C8_112_SAT_fNa0_Keq10_sat100_B21,C8_112_SAT,0.0,1.0,10.0,100.0,21.0,Na_K_capacity_x_equilibrium_x_saturation,3.302380883776246,"[0.0, -0.009811945796315193, 0.009811945796315193, -0.019623891592630387]","[0.0, -0.03240278223039999, 0.03240278223039999, -0.06480556446079998]","[0.03888333867647999, -0.03240278223039999, -0.006480556446079998, 0.012961112892159996]",0.052648289451365037,0.03888333867647999,0.0013548201611623743,False,False,False,True,False,False,not_run_round2_closure_localization,,,
R2_0333_C8_112_SAT_fNa0_Keq100_sat0.01_B21,C8_112_SAT,0.0,1.0,100.0,0.01,21.0,Na_K_capacity_x_equilibrium_x_saturation,0.0003246461728096957,"[-0.0, -99.80953094245831, 99.80953094245831, -199.61906188491662]","[-0.0, -0.03240278223039999, 0.03240278223039999, -0.06480556446079998]","[0.03888333867647999, -0.03240278223039999, -0.006480556446079998, 0.012961112892159996]",0.052648289451365037,0.03888333867647999,0.0013548201611623743,False,False,False,True,False,False,not_run_round2_closure_localization,,,
R2_0334_C8_112_SAT_fNa0_Keq100_sat0.1_B21,C8_112_SAT,0.0,1.0,100.0,0.1,21.0,Na_K_capacity_x_equilibrium_x_saturation,0.00324643801934839,"[-0.0, -9.981025985182285, 9.981025985182285, -19.96205197036457]","[-0.0, -0.03240278223039999, 0.03240278223039999, -0.06480556446079998]","[0.03888333867647999, -0.03240278223039999, -0.006480556446079998, 0.012961112892159996]",0.052648289451365037,0.03888333867647999,0.0013548201611623743,False,False,False,True,False,False,not_run_round2_closure_localization,,,
R2_0335_C8_112_SAT_fNa0_Keq100_sat1_B21,C8_112_SAT,0.0,1.0,100.0,1.0,21.0,Na_K_capacity_x_equilibrium_x_saturation,0.03246435648473533,"[-0.0, -0.9981033274334488, 0.9981033274334488, -1.9962066548668975]","[-0.0, -0.03240278223039999, 0.03240278223039999, -0.06480556446079998]","[0.03888333867647999, -0.03240278223039999, -0.006480556446079998, 0.012961112892159996]",0.052648289451365037,0.03888333867647999,0.0013548201611623743,False,False,False,True,False,False,not_run_round2_closure_localization,,,
R2_0336_C8_112_SAT_fNa0_Keq100_sat10_B21,C8_112_SAT,0.0,1.0,100.0,10.0,21.0,Na_K_capacity_x_equilibrium_x_saturation,0.32464354113860466,"[-0.0, -0.09981034003250294, 0.09981034003250294, -0.19962068006500588]","[-0.0, -0.03240278223039999, 0.03240278223039999, -0.06480556446079998]","[0.03888333867647999, -0.03240278223039999, -0.006480556446079998, 0.012961112892159996]",0.052648289451365037,0.03888333867647999,0.0013548201611623743,False,False,False,True,False,False,not_run_round2_closure_localization,,,
R2_0337_C8_112_SAT_fNa0_Keq100_sat100_B21,C8_112_SAT,0.0,1.0,100.0,100.0,21.0,Na_K_capacity_x_equilibrium_x_saturation,3.246435387677298,"[-0.0, -0.00998103407614188, 0.00998103407614188, -0.01996206815228376]","[-0.0, -0.03240278223039999, 0.03240278223039999, -0.06480556446079998]","[0.03888333867647999, -0.03240278223039999, -0.006480556446079998, 0.012961112892159996]",0.052648289451365037,0.03888333867647999,0.0013548201611623743,False,False,False,True,False,False,not_run_round2_closure_localization,,,
R2_0338_C8_112_SAT_fNa0.25_Keq0.01_sat0.01_B21,C8_112_SAT,0.25,0.75,0.01,0.01,21.0,Na_K_capacity_x_equilibrium_x_saturation,0.0,"[24.958467801233684, 60.698638407889334, -85.65710620912301, 171.31421241824603]","[0.0, 0.0, -0.0, 0.0]","[0.03888333867647999, 0.0, -0.03888333867647999, 0.07776667735295997]",0.09524433925320216,0.07776667735295997,0.0027096403272154363,False,True,False,True,False,False,not_run_round2_closure_localization,,,
R2_0339_C8_112_SAT_fNa0.25_Keq0.01_sat0.1_B21,C8_112_SAT,0.25,0.75,0.01,0.1,21.0,Na_K_capacity_x_equilibrium_x_saturation,0.0,"[2.4958540402381915, 6.07028673613154, -8.566140776369732, 17.132281552739464]","[0.0, 0.0, -0.0, 0.0]","[0.03888333867647999, 0.0, -0.03888333867647999, 0.07776667735295997]",0.09524433925320216,0.07776667735295997,0.0027096403272154363,False,True,False,True,False,False,not_run_round2_closure_localization,,,
R2_0340_C8_112_SAT_fNa0.25_Keq0.01_sat1_B21,C8_112_SAT,0.25,0.75,0.01,1.0,21.0,Na_K_capacity_x_equilibrium_x_saturation,0.0,"[0.24958547662519973, 0.6070329028906827, -0.8566183795158824, 1.7132367590317648]","[0.0, 0.0, -0.0, 0.0]","[0.03888333867647999, 0.0, -0.03888333867647999, 0.07776667735295997]",0.09524433925320216,0.07776667735295997,0.0027096403272154363,False,True,False,True,False,False,not_run_round2_closure_localization,,,
R2_0341_C8_112_SAT_fNa0.25_Keq0.01_sat10_B21,C8_112_SAT,0.25,0.75,0.01,10.0,21.0,Na_K_capacity_x_equilibrium_x_saturation,0.0,"[0.02495854838853401, 0.06070333258216768, -0.0856618809707017, 0.1713237619414034]","[0.0, 0.0, -0.0, 0.0]","[0.03888333867647999, 0.0, -0.03888333867647999, 0.07776667735295997]",0.09524433925320216,0.07776667735295997,0.0027096403272154363,False,True,False,True,False,False,not_run_round2_closure_localization,,,
R2_0342_C8_112_SAT_fNa0.25_Keq0.01_sat100_B21,C8_112_SAT,0.25,0.75,0.01,100.0,21.0,Na_K_capacity_x_equilibrium_x_saturation,0.0,"[0.0024958548461135417, 0.006070333681148086, -0.008566188527261627, 0.017132377054523255]","[0.0, 0.0, -0.0, 0.0]","[0.03888333867647999, 0.0, -0.03888333867647999, 0.07776667735295997]",0.09524433925320216,0.07776667735295997,0.0027096403272154363,False,True,False,True,False,False,not_run_round2_closure_localization,,,
R2_0343_C8_112_SAT_fNa0.25_Keq0.1_sat0.01_B21,C8_112_SAT,0.25,0.75,0.1,0.01,21.0,Na_K_capacity_x_equilibrium_x_saturation,0.0,"[24.588305149570186, -1.954552124652817, -22.633753024917368, 45.267506049834736]","[0.0, -0.0, -0.0, 0.0]","[0.03888333867647999, -0.0, -0.03888333867647999, 0.07776667735295997]",0.09524433925320216,0.07776667735295997,0.0027096403272154363,False,True,False,True,False,False,not_run_round2_closure_localization,,,
R2_0344_C8_112_SAT_fNa0.25_Keq0.1_sat0.1_B21,C8_112_SAT,0.25,0.75,0.1,0.1,21.0,Na_K_capacity_x_equilibrium_x_saturation,0.0,"[2.458852965430309, -0.19547839174552073, -2.2633745736847883, 4.526749147369577]","[0.0, -0.0, -0.0, 0.0]","[0.03888333867647999, -0.0, -0.03888333867647999, 0.07776667735295997]",0.09524433925320216,0.07776667735295997,0.0027096403272154363,False,True,False,True,False,False,not_run_round2_closure_localization,,,
R2_0345_C8_112_SAT_fNa0.25_Keq0.1_sat1_B21,C8_112_SAT,0.25,0.75,0.1,1.0,21.0,Na_K_capacity_x_equilibrium_x_saturation,0.0,"[0.24588552105001862, -0.01954807099759228, -0.22633745005242634, 0.4526749001048527]","[0.0, -0.0, -0.0, 0.0]","[0.03888333867647999, -0.0, -0.03888333867647999, 0.07776667735295997]",0.09524433925320216,0.07776667735295997,0.0027096403272154363,False,True,False,True,False,False,not_run_round2_closure_localization,,,
R2_0346_C8_112_SAT_fNa0.25_Keq0.1_sat10_B21,C8_112_SAT,0.25,0.75,0.1,10.0,21.0,Na_K_capacity_x_equilibrium_x_saturation,0.0,"[0.024588554350073993, -0.0019548094180198722, -0.02263374493205412, 0.04526748986410824]","[0.0, -0.0, -0.0, 0.0]","[0.03888333867647999, -0.0, -0.03888333867647999, 0.07776667735295997]",0.09524433925320216,0.07776667735295997,0.0027096403272154363,False,True,False,True,False,False,not_run_round2_closure_localization,,,
R2_0347_C8_112_SAT_fNa0.25_Keq0.1_sat100_B21,C8_112_SAT,0.25,0.75,0.1,100.0,21.0,Na_K_capacity_x_equilibrium_x_saturation,0.0,"[0.0024588554574581233, -0.00019548096498462388, -0.0022633744924734993, 0.004526748984946999]","[0.0, -0.0, -0.0, 0.0]","[0.03888333867647999, -0.0, -0.03888333867647999, 0.07776667735295997]",0.09524433925320216,0.07776667735295997,0.0027096403272154363,False,True,False,True,False,False,not_run_round2_closure_localization,,,
R2_0348_C8_112_SAT_fNa0.25_Keq1_sat0.01_B21,C8_112_SAT,0.25,0.75,1.0,0.01,21.0,Na_K_capacity_x_equilibrium_x_saturation,0.0005635094799225698,"[21.16861956804191, -61.9917628776893, 40.82314330964739, -81.64628661929478]","[0.01192871780346603, -0.03493294605868996, 0.023004228255223937, -0.046008456510447875]","[0.050812056479946015, -0.03493294605868996, -0.01587911042125605, 0.0317582208425121]",0.07115410418881526,0.050812056479946015,0.0017704549278336646,False,True,True,True,False,False,not_run_round2_closure_localization,,,
R2_0349_C8_112_SAT_fNa0.25_Keq1_sat0.1_B21,C8_112_SAT,0.25,0.75,1.0,0.1,21.0,Na_K_capacity_x_equilibrium_x_saturation,0.005634736743022558,"[2.11691886305527, -6.199590156334032, 4.082671293278762, -8.165342586557523]","[0.011928280499655068, -0.034933058445576336, 0.023004777945921265, -0.04600955589184253]","[0.05081161917613505, -0.034933058445576336, -0.01587856073055872, 0.03175712146111744]",0.07115323372857227,0.05081161917613505,0.0017704396907670804,False,True,True,True,False,False,not_run_round2_closure_localization,,,
R2_0350_C8_112_SAT_fNa0.25_Keq1_sat1_B21,C8_112_SAT,0.25,0.75,1.0,1.0,21.0,Na_K_capacity_x_equilibrium_x_saturation,0.0563470093706401,"[0.21169245538486536, -0.6199631546229932, 0.40827069923812787, -0.8165413984762557]","[0.01192823676726482, -0.034933069682993395, 0.023004832915728576, -0.04600966583145715]","[0.0508115754437448, -0.034933069682993395, -0.01587850576075141, 0.03175701152150282]",0.07115314668040565,0.0508115754437448,0.001770438166990417,False,True,True,True,False,False,not_run_round2_closure_localization,,,
R2_0351_C8_112_SAT_fNa0.25_Keq1_sat10_B21,C8_112_SAT,0.25,0.75,1.0,10.0,21.0,Na_K_capacity_x_equilibrium_x_saturation,0.5634697356464773,"[0.02116925122929675, -0.061996356852499185, 0.040827105623202437, -0.08165421124640487]","[0.011928232394005703, -0.03493307080672239, 0.023004838412716683, -0.04600967682543337]","[0.05081157107048569, -0.03493307080672239, -0.015878500263763303, 0.031757000527526606]",0.07115313797556756,0.05081157107048569,0.0017704380146120505,False,True,True,True,False,False,not_run_round2_closure_localization,,,
R2_0352_C8_112_SAT_fNa0.25_Keq1_sat100_B21,C8_112_SAT,0.25,0.75,1.0,100.0,21.0,Na_K_capacity_x_equilibrium_x_saturation,5.634696998404816,"[0.002116925179837794, -0.006199636099152221, 0.0040827109193144265, -0.008165421838628853]","[0.011928231956679592, -0.03493307091909516, 0.023004838962415564, -0.04600967792483113]","[0.05081157063315958, -0.03493307091909516, -0.015878499714064423, 0.031756999428128846]",0.07115313710508354,0.05081157063315958,0.0017704379993742068,False,True,True,True,False,False,not_run_round2_closure_localization,,,
R2_0353_C8_112_SAT_fNa0.25_Keq10_sat0.01_B21,C8_112_SAT,0.25,0.75,10.0,0.01,21.0,Na_K_capacity_x_equilibrium_x_saturation,0.00044671514041510417,"[2.3264781554042595, -73.58772136629258, 71.26124321088832, -142.52248642177665]","[0.0010392730158640864, -0.03287274928297095, 0.031833476267106864, -0.06366695253421373]","[0.039922611692344075, -0.03287274928297095, -0.007049862409373123, 0.014099724818746245]",0.054064178248764826,0.039922611692344075,0.0013910317645025865,False,True,False,True,False,False,not_run_round2_closure_localization,,,
R2_0354_C8_112_SAT_fNa0.25_Keq10_sat0.1_B21,C8_112_SAT,0.25,0.75,10.0,0.1,21.0,Na_K_capacity_x_equilibrium_x_saturation,0.004467050831976374,"[0.2326595212617071, -7.35894064259802, 7.126281121336312, -14.252562242672624]","[0.0010393019080193336, -0.03287276191998224, 0.031833460011962904, -0.06366692002392581]","[0.03992264058449932, -0.03287276191998224, -0.007049878664517083, 0.014099757329034165]",0.05406421786550706,0.03992264058449932,0.001391032771197891,False,True,False,True,False,False,not_run_round2_closure_localization,,,
R2_0355_C8_112_SAT_fNa0.25_Keq10_sat1_B21,C8_112_SAT,0.25,0.75,10.0,1.0,21.0,Na_K_capacity_x_equilibrium_x_saturation,0.044670407747639744,"[0.02326606918986229, -0.7358957493619338, 0.7126296801720715, -1.425259360344143]","[0.0010393047973959468, -0.032872763183752485, 0.03183345838635654, -0.06366691677271308]","[0.03992264347387593, -0.032872763183752485, -0.0070498802901234475, 0.014099760580246895]",0.054064221827402975,0.03992264347387593,0.0013910328718730344,False,True,False,True,False,False,not_run_round2_closure_localization,,,
R2_0356_C8_112_SAT_fNa0.25_Keq10_sat10_B21,C8_112_SAT,0.25,0.75,10.0,10.0,21.0,Na_K_capacity_x_equilibrium_x_saturation,0.44670397690427843,"[0.0023266080896296236, -0.07358959178725716, 0.07126298369762754, -0.14252596739525508]","[0.0010393050863352188, -0.0328727633101302, 0.031833458223794985, -0.06366691644758997]","[0.03992264376281521, -0.0328727633101302, -0.007049880452685002, 0.014099760905370004]",0.05406422222359479,0.03992264376281521,0.0013910328819406051,False,True,False,True,False,False,not_run_round2_closure_localization,,,
R2_0357_C8_112_SAT_fNa0.25_Keq10_sat100_B21,C8_112_SAT,0.25,0.75,10.0,100.0,21.0,Na_K_capacity_x_equilibrium_x_saturation,4.467039668470666,"[0.00023266082066940283, -0.007358959347236395, 0.007126298526566992, -0.014252597053133984]","[0.0010393051152291623, -0.03287276332276798, 0.031833458207538814, -0.06366691641507763]","[0.03992264379170915, -0.03287276332276798, -0.007049880468941172, 0.014099760937882344]",0.054064222263213994,0.03992264379170915,0.0013910328829473625,False,True,False,True,False,False,not_run_round2_closure_localization,,,
R2_0358_C8_112_SAT_fNa0.25_Keq100_sat0.01_B21,C8_112_SAT,0.25,0.75,100.0,0.01,21.0,Na_K_capacity_x_equilibrium_x_saturation,0.00037793997827892487,"[-19.621345252537974, -74.85714820684373, 94.47849345938171, -188.95698691876342]","[-0.007415690798547488, -0.02829150896731678, 0.03570719976586427, -0.07141439953172854]","[0.0314676478779325, -0.02829150896731678, -0.0031761389106157167, 0.0063522778212314335]",0.04290759413571159,0.0314676478779325,0.0010964337221885943,False,True,False,True,False,False,not_run_round2_closure_localization,,,
R2_0359_C8_112_SAT_fNa0.25_Keq100_sat0.1_B21,C8_112_SAT,0.25,0.75,100.0,0.1,21.0,Na_K_capacity_x_equilibrium_x_saturation,0.003779359282298006,"[-1.9621959667393951, -7.485769488886714, 9.44796545562611, -18.89593091125222]","[-0.007415843540584242, -0.028291412402967203, 0.035707255943551446, -0.07141451188710289]","[0.031467495135895744, -0.028291412402967203, -0.003176082732928541, 0.006352165465857082]",0.0429073976548849,0.031467495135895744,0.0010964284001664076,False,True,False,True,False,False,not_run_round2_closure_localization,,,
R2_0360_C8_112_SAT_fNa0.25_Keq100_sat1_B21,C8_112_SAT,0.25,0.75,100.0,1.0,21.0,Na_K_capacity_x_equilibrium_x_saturation,0.037793552322168696,"[-0.19622021110995908, -0.7485774955750866, 0.9447977066850457, -1.8895954133700914]","[-0.007415858815251226, -0.028291402746215038, 0.035707261561466266, -0.07141452312293253]","[0.03146747986122876, -0.028291402746215038, -0.00317607711501372, 0.00635215423002744]",0.04290737800621183,0.03146747986122876,0.001096427867948046,False,True,False,True,False,False,not_run_round2_closure_localization,,,
R2_0361_C8_112_SAT_fNa0.25_Keq100_sat10_B21,C8_112_SAT,0.25,0.75,100.0,10.0,21.0,Na_K_capacity_x_equilibrium_x_saturation,0.3779354827208436,"[-0.019622027255377268, -0.0748577550243772, 0.09447978227975448, -0.18895956455950896]","[-0.007415860342722558, -0.028291401780536653, 0.03570726212325921, -0.07141452424651842]","[0.03146747833375743, -0.028291401780536653, -0.0031760765532207746, 0.006352153106441549]",0.042907376041338624,0.03146747833375743,0.0010964278147260484,False,True,False,True,False,False,not_run_round2_closure_localization,,,
R2_0362_C8_112_SAT_fNa0.25_Keq100_sat100_B21,C8_112_SAT,0.25,0.75,100.0,100.0,21.0,Na_K_capacity_x_equilibrium_x_saturation,3.779354786707589,"[-0.0019622027869815616, -0.0074857755571064106, 0.009447978344087973, -0.018895956688175945]","[-0.007415860495469736, -0.02829140168396878, 0.035707262179438516, -0.07141452435887703]","[0.03146747818101025, -0.02829140168396878, -0.0031760764970414704, 0.006352152994082941]",0.042907375844851235,0.03146747818101025,0.0010964278094038468,False,True,False,True,False,False,not_run_round2_closure_localization,,,
R2_0363_C8_112_SAT_fNa0.48387097_Keq0.01_sat0.01_B21,C8_112_SAT,0.48387096774193544,0.5161290322580645,0.01,0.01,21.0,Na_K_capacity_x_equilibrium_x_saturation,0.0,"[48.30671187335552, 41.771106001128146, -90.07781787448366, 180.1556357489673]","[0.0, 0.0, -0.0, 0.0]","[0.03888333867647999, 0.0, -0.03888333867647999, 0.07776667735295997]",0.09524433925320216,0.07776667735295997,0.0027096403272154363,False,True,False,True,False,False,not_run_round2_closure_localization,,,
R2_0364_C8_112_SAT_fNa0.48387097_Keq0.01_sat0.1_B21,C8_112_SAT,0.48387096774193544,0.5161290322580645,0.01,0.1,21.0,Na_K_capacity_x_equilibrium_x_saturation,0.0,"[4.830685239170693, 4.177401624864715, -9.008086864035409, 18.016173728070818]","[0.0, 0.0, -0.0, 0.0]","[0.03888333867647999, 0.0, -0.03888333867647999, 0.07776667735295997]",0.09524433925320216,0.07776667735295997,0.0027096403272154363,False,True,False,True,False,False,not_run_round2_closure_localization,,,
R2_0365_C8_112_SAT_fNa0.48387097_Keq0.01_sat1_B21,C8_112_SAT,0.48387096774193544,0.5161290322580645,0.01,1.0,21.0,Na_K_capacity_x_equilibrium_x_saturation,0.0,"[0.4830686644358704, 0.4177430729570289, -0.9008117373928992, 1.8016234747857984]","[0.0, 0.0, -0.0, 0.0]","[0.03888333867647999, 0.0, -0.03888333867647999, 0.07776667735295997]",0.09524433925320216,0.07776667735295997,0.0027096403272154363,False,True,False,True,False,False,not_run_round2_closure_localization,,,
R2_0366_C8_112_SAT_fNa0.48387097_Keq0.01_sat10_B21,C8_112_SAT,0.48387096774193544,0.5161290322580645,0.01,10.0,21.0,Na_K_capacity_x_equilibrium_x_saturation,0.0,"[0.048306867848775505, 0.04177433640063152, -0.09008120424940702, 0.18016240849881404]","[0.0, 0.0, -0.0, 0.0]","[0.03888333867647999, 0.0, -0.03888333867647999, 0.07776667735295997]",0.09524433925320216,0.07776667735295997,0.0027096403272154363,False,True,False,True,False,False,not_run_round2_closure_localization,,,
R2_0367_C8_112_SAT_fNa0.48387097_Keq0.01_sat100_B21,C8_112_SAT,0.48387096774193544,0.5161290322580645,0.01,100.0,21.0,Na_K_capacity_x_equilibrium_x_saturation,0.0,"[0.0048306867989294355, 0.004177433931112661, -0.009008120730042098, 0.018016241460084195]","[0.0, 0.0, -0.0, 0.0]","[0.03888333867647999, 0.0, -0.03888333867647999, 0.07776667735295997]",0.09524433925320216,0.07776667735295997,0.0027096403272154363,False,True,False,True,False,False,not_run_round2_closure_localization,,,
R2_0368_C8_112_SAT_fNa0.48387097_Keq0.1_sat0.01_B21,C8_112_SAT,0.48387096774193544,0.5161290322580645,0.1,0.01,21.0,Na_K_capacity_x_equilibrium_x_saturation,0.0,"[47.59026803142616, -1.3450681287933364, -46.24519990263283, 92.49039980526565]","[0.0, -0.0, -0.0, 0.0]","[0.03888333867647999, -0.0, -0.03888333867647999, 0.07776667735295997]",0.09524433925320216,0.07776667735295997,0.0027096403272154363,False,True,False,True,False,False,not_run_round2_closure_localization,,,
R2_0369_C8_112_SAT_fNa0.48387097_Keq0.1_sat0.1_B21,C8_112_SAT,0.48387096774193544,0.5161290322580645,0.1,0.1,21.0,Na_K_capacity_x_equilibrium_x_saturation,0.0,"[4.759070255671565, -0.13452276421197126, -4.624547491459594, 9.249094982919187]","[0.0, -0.0, -0.0, 0.0]","[0.03888333867647999, -0.0, -0.03888333867647999, 0.07776667735295997]",0.09524433925320216,0.07776667735295997,0.0027096403272154363,False,True,False,True,False,False,not_run_round2_closure_localization,,,
R2_0370_C8_112_SAT_fNa0.48387097_Keq0.1_sat1_B21,C8_112_SAT,0.48387096774193544,0.5161290322580645,0.1,1.0,21.0,Na_K_capacity_x_equilibrium_x_saturation,0.0,"[0.4759074600968102, -0.013452435955332322, -0.4624550241414779, 0.9249100482829558]","[0.0, -0.0, -0.0, 0.0]","[0.03888333867647999, -0.0, -0.03888333867647999, 0.07776667735295997]",0.09524433925320216,0.07776667735295997,0.0027096403272154363,False,True,False,True,False,False,not_run_round2_closure_localization,,,
R2_0371_C8_112_SAT_fNa0.48387097_Keq0.1_sat10_B21,C8_112_SAT,0.48387096774193544,0.5161290322580645,0.1,10.0,21.0,Na_K_capacity_x_equilibrium_x_saturation,0.0,"[0.04759075035498192, -0.0013452451908953957, -0.04624550516408652, 0.09249101032817304]","[0.0, -0.0, -0.0, 0.0]","[0.03888333867647999, -0.0, -0.03888333867647999, 0.07776667735295997]",0.09524433925320216,0.07776667735295997,0.0027096403272154363,False,True,False,True,False,False,not_run_round2_closure_localization,,,
R2_0372_C8_112_SAT_fNa0.48387097_Keq0.1_sat100_B21,C8_112_SAT,0.48387096774193544,0.5161290322580645,0.1,100.0,21.0,Na_K_capacity_x_equilibrium_x_saturation,0.0,"[0.004759075078951206, -0.00013452453504318203, -0.0046245505439080235, 0.009249101087816047]","[0.0, -0.0, -0.0, 0.0]","[0.03888333867647999, -0.0, -0.03888333867647999, 0.07776667735295997]",0.09524433925320216,0.07776667735295997,0.0027096403272154363,False,True,False,True,False,False,not_run_round2_closure_localization,,,
R2_0373_C8_112_SAT_fNa0.48387097_Keq1_sat0.01_B21,C8_112_SAT,0.48387096774193544,0.5161290322580645,1.0,0.01,21.0,Na_K_capacity_x_equilibrium_x_saturation,0.0,"[40.97152174459724, -42.66099810937758, 1.6894763647803401, -3.3789527295606803]","[0.0, -0.0, 0.0, -0.0]","[0.03888333867647999, -0.0, -0.03888333867647999, 0.07776667735295997]",0.09524433925320216,0.07776667735295997,0.0027096403272154363,False,True,True,True,False,False,not_run_round2_closure_localization,,,
R2_0374_C8_112_SAT_fNa0.48387097_Keq1_sat0.1_B21,C8_112_SAT,0.48387096774193544,0.5161290322580645,1.0,0.1,21.0,Na_K_capacity_x_equilibrium_x_saturation,0.0,"[4.097262315590845, -4.266384623713742, 0.16912230812289764, -0.33824461624579527]","[0.0, -0.0, 0.0, -0.0]","[0.03888333867647999, -0.0, -0.03888333867647999, 0.07776667735295997]",0.09524433925320216,0.07776667735295997,0.0027096403272154363,False,True,True,True,False,False,not_run_round2_closure_localization,,,
R2_0375_C8_112_SAT_fNa0.48387097_Keq1_sat1_B21,C8_112_SAT,0.48387096774193544,0.5161290322580645,1.0,1.0,21.0,Na_K_capacity_x_equilibrium_x_saturation,0.0,"[0.4097273330029652, -0.4266413107082964, 0.016913977705331207, -0.033827955410662414]","[0.0, -0.0, 0.0, -0.0]","[0.03888333867647999, -0.0, -0.03888333867647999, 0.07776667735295997]",0.09524433925320216,0.07776667735295997,0.0027096403272154363,False,True,True,True,False,False,not_run_round2_closure_localization,,,
R2_0376_C8_112_SAT_fNa0.48387097_Keq1_sat10_B21,C8_112_SAT,0.48387096774193544,0.5161290322580645,1.0,10.0,21.0,Na_K_capacity_x_equilibrium_x_saturation,0.0,"[0.0409727443147679, -0.04266415955440804, 0.0016914152396401427, -0.0033828304792802855]","[0.0, -0.0, 0.0, -0.0]","[0.03888333867647999, -0.0, -0.03888333867647999, 0.07776667735295997]",0.09524433925320216,0.07776667735295997,0.0027096403272154363,False,True,True,True,False,False,not_run_round2_closure_localization,,,
R2_0377_C8_112_SAT_fNa0.48387097_Keq1_sat100_B21,C8_112_SAT,0.48387096774193544,0.5161290322580645,1.0,100.0,21.0,Na_K_capacity_x_equilibrium_x_saturation,0.0,"[0.004097274541621536, -0.004266416240276797, 0.00016914169865526064, -0.0003382833973105213]","[0.0, -0.0, 0.0, -0.0]","[0.03888333867647999, -0.0, -0.03888333867647999, 0.07776667735295997]",0.09524433925320216,0.07776667735295997,0.0027096403272154363,False,True,True,True,False,False,not_run_round2_closure_localization,,,
R2_0378_C8_112_SAT_fNa0.48387097_Keq10_sat0.01_B21,C8_112_SAT,0.48387096774193544,0.5161290322580645,10.0,0.01,21.0,Na_K_capacity_x_equilibrium_x_saturation,0.0006648512756862357,"[4.502860945943728, -50.64101255314758, 46.13815160720385, -92.2763032144077]","[0.0029937328441484177, -0.033668741798002846, 0.030675008953854426, -0.06135001790770885]","[0.0418770715206284, -0.033668741798002846, -0.00820832972262556, 0.01641665944525112]",0.056781657932655515,0.0418770715206284,0.0014591314100874063,False,True,False,True,False,False,not_run_round2_closure_localization,,,
R2_0379_C8_112_SAT_fNa0.48387097_Keq10_sat0.1_B21,C8_112_SAT,0.48387096774193544,0.5161290322580645,10.0,0.1,21.0,Na_K_capacity_x_equilibrium_x_saturation,0.006648366813927164,"[0.4503087508291105, -5.06421721641154, 4.61390846558243, -9.22781693116486]","[0.0029938177550332544, -0.03366877368010908, 0.03067495592507583, -0.06134991185015166]","[0.04187715643151324, -0.03366877368010908, -0.008208382751404158, 0.016416765502808316]",0.05678177778900184,0.04187715643151324,0.0014591343686548221,False,True,False,True,False,False,not_run_round2_closure_localization,,,
R2_0380_C8_112_SAT_fNa0.48387097_Keq10_sat1_B21,C8_112_SAT,0.48387096774193544,0.5161290322580645,10.0,1.0,21.0,Na_K_capacity_x_equilibrium_x_saturation,0.066483522196505,"[0.04503110165779797, -0.5064228812813308, 0.46139177962353284, -0.9227835592470657]","[0.0029938262465992846, -0.03366877686848537, 0.030674950621886087, -0.061349901243772174]","[0.041877164923079274, -0.03366877686848537, -0.0082083880545939, 0.0164167761091878]",0.05678178977532001,0.041877164923079274,0.0014591346645282032,False,True,False,True,False,False,not_run_round2_closure_localization,,,
R2_0381_C8_112_SAT_fNa0.48387097_Keq10_sat10_B21,C8_112_SAT,0.48387096774193544,0.5161290322580645,10.0,10.0,21.0,Na_K_capacity_x_equilibrium_x_saturation,0.6648350760223003,"[0.0045031124315412065, -0.050642299724564056, 0.04613918729302285, -0.0922783745860457]","[0.0029938270957606634, -0.03366877718732466, 0.030674950091563995, -0.06134990018312799]","[0.04187716577224065, -0.03366877718732466, -0.008208388584915991, 0.016416777169831982]",0.056781790973958655,0.04187716577224065,0.0014591346941157074,False,True,False,True,False,False,not_run_round2_closure_localization,,,
R2_0382_C8_112_SAT_fNa0.48387097_Keq10_sat100_B21,C8_112_SAT,0.48387096774193544,0.5161290322580645,10.0,100.0,21.0,Na_K_capacity_x_equilibrium_x_saturation,6.648350614280254,"[0.0004503112658117474, -0.005064230088420745, 0.004613918822608997, -0.009227837645217995]","[0.0029938271806768495, -0.03366877721920861, 0.030674950038531754, -0.06134990007706351]","[0.04187716585715684, -0.03366877721920861, -0.008208388637948233, 0.016416777275896466]",0.0567817910938226,0.04187716585715684,0.0014591346970744595,False,True,False,True,False,False,not_run_round2_closure_localization,,,
R2_0383_C8_112_SAT_fNa0.48387097_Keq100_sat0.01_B21,C8_112_SAT,0.48387096774193544,0.5161290322580645,100.0,0.01,21.0,Na_K_capacity_x_equilibrium_x_saturation,0.00042762761269399567,"[-37.976797262976724, -51.51459661546235, 89.49139387843908, -178.98278775687817]","[-0.016239927151330606, -0.022029063969564354, 0.03826899112089496, -0.07653798224178993]","[0.02264341152514938, -0.022029063969564354, -0.0006143475555850236, 0.0012286951111700473]",0.0316210508912606,0.02264341152514938,0.0007889690409069528,False,True,False,True,False,False,not_run_round2_closure_localization,,,
R2_0384_C8_112_SAT_fNa0.48387097_Keq100_sat0.1_B21,C8_112_SAT,0.48387096774193544,0.5161290322580645,100.0,0.1,21.0,Na_K_capacity_x_equilibrium_x_saturation,0.0042762073272338795,"[-3.7977986453020547, -5.151497282674727, 8.949295927976781, -17.898591855953562]","[-0.016240174394399547, -0.02202887042639909, 0.03826904482079863, -0.07653808964159727]","[0.02264316428208044, -0.02202887042639909, -0.000614293855681354, 0.001228587711362708]",0.03162073379404727,0.02264316428208044,0.0007889604261658745,False,True,False,True,False,False,not_run_round2_closure_localization,,,
R2_0385_C8_112_SAT_fNa0.48387097_Keq100_sat1_B21,C8_112_SAT,0.48387096774193544,0.5161290322580645,100.0,1.0,21.0,Na_K_capacity_x_equilibrium_x_saturation,0.04276200447193765,"[-0.3797810537612111, -0.51515010448178, 0.8949311582429911, -1.7898623164859822]","[-0.0162401991192941, -0.022028851071569024, 0.03826905019086312, -0.07653810038172625]","[0.022643139557185887, -0.022028851071569024, -0.0006142884856168637, 0.0012285769712337274]",0.031620702083561825,0.022643139557185887,0.0007889595646712907,False,True,False,True,False,False,not_run_round2_closure_localization,,,
R2_0386_C8_112_SAT_fNa0.48387097_Keq100_sat10_B21,C8_112_SAT,0.48387096774193544,0.5161290322580645,100.0,10.0,21.0,Na_K_capacity_x_equilibrium_x_saturation,0.4276199759189058,"[-0.03797811726847213, -0.051515014210324096, 0.08949313147879623, -0.17898626295759246]","[-0.016240201591789436, -0.022028849136080882, 0.03826905072787032, -0.07653810145574064]","[0.02264313708469055, -0.022028849136080882, -0.0006142879486096681, 0.0012285758972193361]",0.031620698912505636,0.02264313708469055,0.0007889594785216277,False,True,False,True,False,False,not_run_round2_closure_localization,,,
R2_0387_C8_112_SAT_fNa0.48387097_Keq100_sat100_B21,C8_112_SAT,0.48387096774193544,0.5161290322580645,100.0,100.0,21.0,Na_K_capacity_x_equilibrium_x_saturation,4.276199690388581,"[-0.003797811845770764, -0.005151501458653874, 0.008949313304424639, -0.017898626608849277]","[-0.01624020183903903, -0.022028848942532018, 0.03826905078157105, -0.0765381015631421]","[0.022643136837440958, -0.022028848942532018, -0.0006142878949089367, 0.0012285757898178734]",0.03162069859539995,0.022643136837440958,0.0007889594699066591,False,True,False,True,False,False,not_run_round2_closure_localization,,,
R2_0388_C8_112_SAT_fNa0.5_Keq0.01_sat0.01_B21,C8_112_SAT,0.5,0.5,0.01,0.01,21.0,Na_K_capacity_x_equilibrium_x_saturation,0.0,"[49.91693560246737, 40.46575893859289, -90.38269454106026, 180.76538908212052]","[0.0, 0.0, -0.0, 0.0]","[0.03888333867647999, 0.0, -0.03888333867647999, 0.07776667735295997]",0.09524433925320216,0.07776667735295997,0.0027096403272154363,False,True,False,True,False,False,not_run_round2_closure_localization,,,
R2_0389_C8_112_SAT_fNa0.5_Keq0.01_sat0.1_B21,C8_112_SAT,0.5,0.5,0.01,0.1,21.0,Na_K_capacity_x_equilibrium_x_saturation,0.0,"[4.991708080476383, 4.046857824087693, -9.038565904564077, 18.077131809128154]","[0.0, 0.0, -0.0, 0.0]","[0.03888333867647999, 0.0, -0.03888333867647999, 0.07776667735295997]",0.09524433925320216,0.07776667735295997,0.0027096403272154363,False,True,False,True,False,False,not_run_round2_closure_localization,,,
R2_0390_C8_112_SAT_fNa0.5_Keq0.01_sat1_B21,C8_112_SAT,0.5,0.5,0.01,1.0,21.0,Na_K_capacity_x_equilibrium_x_saturation,0.0,"[0.49917095325039945, 0.40468860192712175, -0.9038595551775213, 1.8077191103550425]","[0.0, 0.0, -0.0, 0.0]","[0.03888333867647999, 0.0, -0.03888333867647999, 0.07776667735295997]",0.09524433925320216,0.07776667735295997,0.0027096403272154363,False,True,False,True,False,False,not_run_round2_closure_localization,,,
R2_0391_C8_112_SAT_fNa0.5_Keq0.01_sat10_B21,C8_112_SAT,0.5,0.5,0.01,10.0,21.0,Na_K_capacity_x_equilibrium_x_saturation,0.0,"[0.04991709677706802, 0.04046888838811179, -0.09038598516517982, 0.18077197033035963]","[0.0, 0.0, -0.0, 0.0]","[0.03888333867647999, 0.0, -0.03888333867647999, 0.07776667735295997]",0.09524433925320216,0.07776667735295997,0.0027096403272154363,False,True,False,True,False,False,not_run_round2_closure_localization,,,
R2_0392_C8_112_SAT_fNa0.5_Keq0.01_sat100_B21,C8_112_SAT,0.5,0.5,0.01,100.0,21.0,Na_K_capacity_x_equilibrium_x_saturation,0.0,"[0.004991709692227083, 0.0040468891207653904, -0.009038598812992474, 0.018077197625984948]","[0.0, 0.0, -0.0, 0.0]","[0.03888333867647999, 0.0, -0.03888333867647999, 0.07776667735295997]",0.09524433925320216,0.07776667735295997,0.0027096403272154363,False,True,False,True,False,False,not_run_round2_closure_localization,,,
R2_0393_C8_112_SAT_fNa0.5_Keq0.1_sat0.01_B21,C8_112_SAT,0.5,0.5,0.1,0.01,21.0,Na_K_capacity_x_equilibrium_x_saturation,0.0,"[49.17661029914037, -1.3030347497685446, -47.87357554937183, 95.74715109874366]","[0.0, -0.0, -0.0, 0.0]","[0.03888333867647999, -0.0, -0.03888333867647999, 0.07776667735295997]",0.09524433925320216,0.07776667735295997,0.0027096403272154363,False,True,False,True,False,False,not_run_round2_closure_localization,,,
R2_0394_C8_112_SAT_fNa0.5_Keq0.1_sat0.1_B21,C8_112_SAT,0.5,0.5,0.1,0.1,21.0,Na_K_capacity_x_equilibrium_x_saturation,0.0,"[4.917705930860618, -0.13031892783034715, -4.78738700303027, 9.57477400606054]","[0.0, -0.0, -0.0, 0.0]","[0.03888333867647999, -0.0, -0.03888333867647999, 0.07776667735295997]",0.09524433925320216,0.07776667735295997,0.0027096403272154363,False,True,False,True,False,False,not_run_round2_closure_localization,,,
R2_0395_C8_112_SAT_fNa0.5_Keq0.1_sat1_B21,C8_112_SAT,0.5,0.5,0.1,1.0,21.0,Na_K_capacity_x_equilibrium_x_saturation,0.0,"[0.49177104210003725, -0.013032047331728188, -0.47873899476830906, 0.9574779895366181]","[0.0, -0.0, -0.0, 0.0]","[0.03888333867647999, -0.0, -0.03888333867647999, 0.07776667735295997]",0.09524433925320216,0.07776667735295997,0.0027096403272154363,False,True,False,True,False,False,not_run_round2_closure_localization,,,
R2_0396_C8_112_SAT_fNa0.5_Keq0.1_sat10_B21,C8_112_SAT,0.5,0.5,0.1,10.0,21.0,Na_K_capacity_x_equilibrium_x_saturation,0.0,"[0.049177108700147985, -0.0013032062786799148, -0.04787390242146807, 0.09574780484293614]","[0.0, -0.0, -0.0, 0.0]","[0.03888333867647999, -0.0, -0.03888333867647999, 0.07776667735295997]",0.09524433925320216,0.07776667735295997,0.0027096403272154363,False,True,False,True,False,False,not_run_round2_closure_localization,,,
R2_0397_C8_112_SAT_fNa0.5_Keq0.1_sat100_B21,C8_112_SAT,0.5,0.5,0.1,100.0,21.0,Na_K_capacity_x_equilibrium_x_saturation,0.0,"[0.0049177109149162465, -0.0001303206433230826, -0.004787390271593164, 0.009574780543186327]","[0.0, -0.0, -0.0, 0.0]","[0.03888333867647999, -0.0, -0.03888333867647999, 0.07776667735295997]",0.09524433925320216,0.07776667735295997,0.0027096403272154363,False,True,False,True,False,False,not_run_round2_closure_localization,,,
R2_0398_C8_112_SAT_fNa0.5_Keq1_sat0.01_B21,C8_112_SAT,0.5,0.5,1.0,0.01,21.0,Na_K_capacity_x_equilibrium_x_saturation,0.0,"[42.33723913608382, -41.327841918459534, -1.009397217624283, 2.018794435248566]","[0.0, -0.0, -0.0, 0.0]","[0.03888333867647999, -0.0, -0.03888333867647999, 0.07776667735295997]",0.09524433925320216,0.07776667735295997,0.0027096403272154363,False,True,True,True,False,False,not_run_round2_closure_localization,,,
R2_0399_C8_112_SAT_fNa0.5_Keq1_sat0.1_B21,C8_112_SAT,0.5,0.5,1.0,0.1,21.0,Na_K_capacity_x_equilibrium_x_saturation,0.0,"[4.23383772611054, -4.133060104222688, -0.10077762188785222, 0.20155524377570444]","[0.0, -0.0, -0.0, 0.0]","[0.03888333867647999, -0.0, -0.03888333867647999, 0.07776667735295997]",0.09524433925320216,0.07776667735295997,0.0027096403272154363,False,True,True,True,False,False,not_run_round2_closure_localization,,,
R2_0400_C8_112_SAT_fNa0.5_Keq1_sat1_B21,C8_112_SAT,0.5,0.5,1.0,1.0,21.0,Na_K_capacity_x_equilibrium_x_saturation,0.0,"[0.4233849107697307, -0.41330876974866215, -0.010076141021068574, 0.02015228204213715]","[0.0, -0.0, -0.0, 0.0]","[0.03888333867647999, -0.0, -0.03888333867647999, 0.07776667735295997]",0.09524433925320216,0.07776667735295997,0.0027096403272154363,False,True,True,True,False,False,not_run_round2_closure_localization,,,
R2_0401_C8_112_SAT_fNa0.5_Keq1_sat10_B21,C8_112_SAT,0.5,0.5,1.0,10.0,21.0,Na_K_capacity_x_equilibrium_x_saturation,0.0,"[0.0423385024585935, -0.04133090456833279, -0.0010075978902607044, 0.002015195780521409]","[0.0, -0.0, -0.0, 0.0]","[0.03888333867647999, -0.0, -0.03888333867647999, 0.07776667735295997]",0.09524433925320216,0.07776667735295997,0.0027096403272154363,False,True,True,True,False,False,not_run_round2_closure_localization,,,
R2_0402_C8_112_SAT_fNa0.5_Keq1_sat100_B21,C8_112_SAT,0.5,0.5,1.0,100.0,21.0,Na_K_capacity_x_equilibrium_x_saturation,0.0,"[0.004233850359675588, -0.004133090732768147, -0.00010075962690744063, 0.00020151925381488127]","[0.0, -0.0, -0.0, 0.0]","[0.03888333867647999, -0.0, -0.03888333867647999, 0.07776667735295997]",0.09524433925320216,0.07776667735295997,0.0027096403272154363,False,True,True,True,False,False,not_run_round2_closure_localization,,,
R2_0403_C8_112_SAT_fNa0.5_Keq10_sat0.01_B21,C8_112_SAT,0.5,0.5,10.0,0.01,21.0,Na_K_capacity_x_equilibrium_x_saturation,0.0006878663776817986,"[4.652956310808519, -49.058480910861725, 44.405524600053205, -88.81104920010641]","[0.003200612203027521, -0.033745679558726115, 0.030545067355698594, -0.06109013471139719]","[0.04208395087950751, -0.033745679558726115, -0.008338271320781392, 0.016676542641562785]",0.05707419428782025,0.04208395087950751,0.0014663397501180372,False,True,False,True,False,False,not_run_round2_closure_localization,,,
R2_0404_C8_112_SAT_fNa0.5_Keq10_sat0.1_B21,C8_112_SAT,0.5,0.5,10.0,0.1,21.0,Na_K_capacity_x_equilibrium_x_saturation,0.006878513093937754,"[0.4653190425234142, -4.9059604283986795, 4.440641385875265, -8.88128277175053]","[0.003200703126855883, -0.03374571304508079, 0.030545009918224904, -0.06109001983644981]","[0.04208404180333587, -0.03374571304508079, -0.008338328758255083, 0.016676657516510165]",0.05707432308691515,0.04208404180333587,0.0014663429181956805,False,True,False,True,False,False,not_run_round2_closure_localization,,,
R2_0405_C8_112_SAT_fNa0.5_Keq10_sat1_B21,C8_112_SAT,0.5,0.5,10.0,1.0,21.0,Na_K_capacity_x_equilibrium_x_saturation,0.06878498025667693,"[0.04653213837972458, -0.49059716624128924, 0.44406502786156465, -0.8881300557231293]","[0.003200712219750314, -0.03374571639388873, 0.030545004174138413, -0.061090008348276825]","[0.0420840508962303, -0.03374571639388873, -0.008338334502341574, 0.016676669004683148]",0.05707433596756052,0.0420840508962303,0.0014663432350212704,False,True,False,True,False,False,not_run_round2_closure_localization,,,
R2_0406_C8_112_SAT_fNa0.5_Keq10_sat10_B21,C8_112_SAT,0.5,0.5,10.0,10.0,21.0,Na_K_capacity_x_equilibrium_x_saturation,0.6878496518840865,"[0.004653216179259247, -0.049059727858171434, 0.044406511678912186, -0.08881302335782437]","[0.0032007131290448724, -0.03374571672877124, 0.03054500359972637, -0.06109000719945274]","[0.04208405180552486, -0.03374571672877124, -0.008338335076753616, 0.016676670153507232]",0.05707433725563241,0.04208405180552486,0.0014663432667040076,False,True,False,True,False,False,not_run_round2_closure_localization,,,
R2_0407_C8_112_SAT_fNa0.5_Keq10_sat100_B21,C8_112_SAT,0.5,0.5,10.0,100.0,21.0,Na_K_capacity_x_equilibrium_x_saturation,6.878496368158184,"[0.00046532164133880567, -0.004905972898157597, 0.004440651256818791, -0.008881302513637583]","[0.00320071321997438, -0.03374571676225951, 0.03054500354228513, -0.06109000708457026]","[0.042084051896454366, -0.03374571676225951, -0.008338335134194855, 0.01667667026838971]",0.05707433738443968,0.042084051896454366,0.001466343269872283,False,True,False,True,False,False,not_run_round2_closure_localization,,,
R2_0408_C8_112_SAT_fNa0.5_Keq100_sat0.01_B21,C8_112_SAT,0.5,0.5,100.0,0.01,21.0,Na_K_capacity_x_equilibrium_x_saturation,0.0004308661426503734,"[-39.24269050507595, -49.904765471229155, 89.14745597630511, -178.29491195261022]","[-0.01690834668514451, -0.02150227379846005, 0.03841062048360456, -0.07682124096720912]","[0.021974991991335478, -0.02150227379846005, -0.0004727181928754279, 0.0009454363857508558]",0.030763051928776135,0.021974991991335478,0.0007656791616799873,False,True,False,True,False,False,not_run_round2_closure_localization,,,
R2_0409_C8_112_SAT_fNa0.5_Keq100_sat0.1_B21,C8_112_SAT,0.5,0.5,100.0,0.1,21.0,Na_K_capacity_x_equilibrium_x_saturation,0.004308590214652701,"[-3.9243919334787902, -4.9905129925911424, 8.914904926069934, -17.829809852139867]","[-0.01690859668304871, -0.021502075445975363, 0.038410672129024076, -0.07682134425804815]","[0.021974741993431277, -0.021502075445975363, -0.0004726665474559105, 0.000945333094911821]",0.030762730738471643,0.021974741993431277,0.000765670450951618,False,True,False,True,False,False,not_run_round2_closure_localization,,,
R2_0410_C8_112_SAT_fNa0.5_Keq100_sat1_B21,C8_112_SAT,0.5,0.5,100.0,1.0,21.0,Na_K_capacity_x_equilibrium_x_saturation,0.04308583093396236,"[-0.39244042221991815, -0.4990516637167244, 0.8914920859366425, -1.782984171873285]","[-0.016908621683420198, -0.021502055610211422, 0.03841067729363162, -0.07682135458726325]","[0.02197471699305979, -0.021502055610211422, -0.00047266138284836334, 0.0009453227656967267]",0.030762698618682263,0.02197471699305979,0.0007656695798585347,False,True,False,True,False,False,not_run_round2_closure_localization,,,
R2_0411_C8_112_SAT_fNa0.5_Keq100_sat10_B21,C8_112_SAT,0.5,0.5,100.0,10.0,21.0,Na_K_capacity_x_equilibrium_x_saturation,0.4308582381269875,"[-0.039244054510754536, -0.04990517001625147, 0.08914922452700601, -0.17829844905401201]","[-0.016908624183463155, -0.021502053626629873, 0.038410677810093025, -0.07682135562018605]","[0.02197471449301683, -0.021502053626629873, -0.0004726608663869619, 0.0009453217327739238]",0.030762695406695743,0.02197471449301683,0.0007656694927490241,False,True,False,True,False,False,not_run_round2_closure_localization,,,
R2_0412_C8_112_SAT_fNa0.5_Keq100_sat100_B21,C8_112_SAT,0.5,0.5,100.0,100.0,21.0,Na_K_capacity_x_equilibrium_x_saturation,4.308582310057232,"[-0.003924405573963123, -0.00499051703807094, 0.008914922612034065, -0.01782984522406813]","[-0.01690862443346751, -0.021502053428271665, 0.03841067786173918, -0.07682135572347835]","[0.021974714243012478, -0.021502053428271665, -0.0004726608147408093, 0.0009453216294816186]",0.030762695085497012,0.021974714243012478,0.000765669484038071,False,True,False,True,False,False,not_run_round2_closure_localization,,,
R2_0413_C8_112_SAT_fNa0.75_Keq0.01_sat0.01_B21,C8_112_SAT,0.75,0.25,0.01,0.01,21.0,Na_K_capacity_x_equilibrium_x_saturation,0.0,"[74.87540340370106, 20.232879469296446, -95.1082828729975, 190.216565745995]","[0.0, 0.0, -0.0, 0.0]","[0.03888333867647999, 0.0, -0.03888333867647999, 0.07776667735295997]",0.09524433925320216,0.07776667735295997,0.0027096403272154363,False,True,False,True,False,False,not_run_round2_closure_localization,,,
R2_0414_C8_112_SAT_fNa0.75_Keq0.01_sat0.1_B21,C8_112_SAT,0.75,0.25,0.01,0.1,21.0,Na_K_capacity_x_equilibrium_x_saturation,0.0,"[7.487562120714575, 2.0234289120438467, -9.510991032758422, 19.021982065516845]","[0.0, 0.0, -0.0, 0.0]","[0.03888333867647999, 0.0, -0.03888333867647999, 0.07776667735295997]",0.09524433925320216,0.07776667735295997,0.0027096403272154363,False,True,False,True,False,False,not_run_round2_closure_localization,,,
R2_0415_C8_112_SAT_fNa0.75_Keq0.01_sat1_B21,C8_112_SAT,0.75,0.25,0.01,1.0,21.0,Na_K_capacity_x_equilibrium_x_saturation,0.0,"[0.7487564298755992, 0.20234430096356087, -0.9511007308391601, 1.9022014616783203]","[0.0, 0.0, -0.0, 0.0]","[0.03888333867647999, 0.0, -0.03888333867647999, 0.07776667735295997]",0.09524433925320216,0.07776667735295997,0.0027096403272154363,False,True,False,True,False,False,not_run_round2_closure_localization,,,
R2_0416_C8_112_SAT_fNa0.75_Keq0.01_sat10_B21,C8_112_SAT,0.75,0.25,0.01,10.0,21.0,Na_K_capacity_x_equilibrium_x_saturation,0.0,"[0.07487564516560204, 0.020234444194055894, -0.09511008935965792, 0.19022017871931585]","[0.0, 0.0, -0.0, 0.0]","[0.03888333867647999, 0.0, -0.03888333867647999, 0.07776667735295997]",0.09524433925320216,0.07776667735295997,0.0027096403272154363,False,True,False,True,False,False,not_run_round2_closure_localization,,,
R2_0417_C8_112_SAT_fNa0.75_Keq0.01_sat100_B21,C8_112_SAT,0.75,0.25,0.01,100.0,21.0,Na_K_capacity_x_equilibrium_x_saturation,0.0,"[0.007487564538340625, 0.0020234445603826952, -0.00951100909872332, 0.01902201819744664]","[0.0, 0.0, -0.0, 0.0]","[0.03888333867647999, 0.0, -0.03888333867647999, 0.07776667735295997]",0.09524433925320216,0.07776667735295997,0.0027096403272154363,False,True,False,True,False,False,not_run_round2_closure_localization,,,
R2_0418_C8_112_SAT_fNa0.75_Keq0.1_sat0.01_B21,C8_112_SAT,0.75,0.25,0.1,0.01,21.0,Na_K_capacity_x_equilibrium_x_saturation,0.0,"[73.76491544871055, -0.6515173748842723, -73.11339807382627, 146.22679614765255]","[0.0, -0.0, -0.0, 0.0]","[0.03888333867647999, -0.0, -0.03888333867647999, 0.07776667735295997]",0.09524433925320216,0.07776667735295997,0.0027096403272154363,False,True,False,True,False,False,not_run_round2_closure_localization,,,
R2_0419_C8_112_SAT_fNa0.75_Keq0.1_sat0.1_B21,C8_112_SAT,0.75,0.25,0.1,0.1,21.0,Na_K_capacity_x_equilibrium_x_saturation,0.0,"[7.376558896290927, -0.06515946391517358, -7.311399432375754, 14.622798864751507]","[0.0, -0.0, -0.0, 0.0]","[0.03888333867647999, -0.0, -0.03888333867647999, 0.07776667735295997]",0.09524433925320216,0.07776667735295997,0.0027096403272154363,False,True,False,True,False,False,not_run_round2_closure_localization,,,
R2_0420_C8_112_SAT_fNa0.75_Keq0.1_sat1_B21,C8_112_SAT,0.75,0.25,0.1,1.0,21.0,Na_K_capacity_x_equilibrium_x_saturation,0.0,"[0.7376565631500559, -0.006516023665864094, -0.7311405394841918, 1.4622810789683836]","[0.0, -0.0, -0.0, 0.0]","[0.03888333867647999, -0.0, -0.03888333867647999, 0.07776667735295997]",0.09524433925320216,0.07776667735295997,0.0027096403272154363,False,True,False,True,False,False,not_run_round2_closure_localization,,,
R2_0421_C8_112_SAT_fNa0.75_Keq0.1_sat10_B21,C8_112_SAT,0.75,0.25,0.1,10.0,21.0,Na_K_capacity_x_equilibrium_x_saturation,0.0,"[0.07376566305022197, -0.0006516031393399574, -0.07311405991088202, 0.14622811982176404]","[0.0, -0.0, -0.0, 0.0]","[0.03888333867647999, -0.0, -0.03888333867647999, 0.07776667735295997]",0.09524433925320216,0.07776667735295997,0.0027096403272154363,False,True,False,True,False,False,not_run_round2_closure_localization,,,
R2_0422_C8_112_SAT_fNa0.75_Keq0.1_sat100_B21,C8_112_SAT,0.75,0.25,0.1,100.0,21.0,Na_K_capacity_x_equilibrium_x_saturation,0.0,"[0.00737656637237437, -6.51603216615413e-05, -0.007311406050712829, 0.014622812101425658]","[0.0, -0.0, -0.0, 0.0]","[0.03888333867647999, -0.0, -0.03888333867647999, 0.07776667735295997]",0.09524433925320216,0.07776667735295997,0.0027096403272154363,False,True,False,True,False,False,not_run_round2_closure_localization,,,
R2_0423_C8_112_SAT_fNa0.75_Keq1_sat0.01_B21,C8_112_SAT,0.75,0.25,1.0,0.01,21.0,Na_K_capacity_x_equilibrium_x_saturation,0.0,"[63.50585870412573, -20.663920959229767, -42.84193774489596, 85.68387548979192]","[0.0, -0.0, -0.0, 0.0]","[0.03888333867647999, -0.0, -0.03888333867647999, 0.07776667735295997]",0.09524433925320216,0.07776667735295997,0.0027096403272154363,False,True,True,True,False,False,not_run_round2_closure_localization,,,
R2_0424_C8_112_SAT_fNa0.75_Keq1_sat0.1_B21,C8_112_SAT,0.75,0.25,1.0,0.1,21.0,Na_K_capacity_x_equilibrium_x_saturation,0.0,"[6.35075658916581, -2.066530052111344, -4.284226537054466, 8.568453074108932]","[0.0, -0.0, -0.0, 0.0]","[0.03888333867647999, -0.0, -0.03888333867647999, 0.07776667735295997]",0.09524433925320216,0.07776667735295997,0.0027096403272154363,False,True,True,True,False,False,not_run_round2_closure_localization,,,
R2_0425_C8_112_SAT_fNa0.75_Keq1_sat1_B21,C8_112_SAT,0.75,0.25,1.0,1.0,21.0,Na_K_capacity_x_equilibrium_x_saturation,0.0,"[0.6350773661545961, -0.20665438487433108, -0.428422981280265, 0.85684596256053]","[0.0, -0.0, -0.0, 0.0]","[0.03888333867647999, -0.0, -0.03888333867647999, 0.07776667735295997]",0.09524433925320216,0.07776667735295997,0.0027096403272154363,False,True,True,True,False,False,not_run_round2_closure_localization,,,
R2_0426_C8_112_SAT_fNa0.75_Keq1_sat10_B21,C8_112_SAT,0.75,0.25,1.0,10.0,21.0,Na_K_capacity_x_equilibrium_x_saturation,0.0,"[0.06350775368789024, -0.020665452284166396, -0.042842301403723845, 0.08568460280744769]","[0.0, -0.0, -0.0, 0.0]","[0.03888333867647999, -0.0, -0.03888333867647999, 0.07776667735295997]",0.09524433925320216,0.07776667735295997,0.0027096403272154363,False,True,True,True,False,False,not_run_round2_closure_localization,,,
R2_0427_C8_112_SAT_fNa0.75_Keq1_sat100_B21,C8_112_SAT,0.75,0.25,1.0,100.0,21.0,Na_K_capacity_x_equilibrium_x_saturation,0.0,"[0.006350775539513381, -0.0020665453663840736, -0.004284230173129308, 0.008568460346258615]","[0.0, -0.0, -0.0, 0.0]","[0.03888333867647999, -0.0, -0.03888333867647999, 0.07776667735295997]",0.09524433925320216,0.07776667735295997,0.0027096403272154363,False,True,True,True,False,False,not_run_round2_closure_localization,,,
R2_0428_C8_112_SAT_fNa0.75_Keq10_sat0.01_B21,C8_112_SAT,0.75,0.25,10.0,0.01,21.0,Na_K_capacity_x_equilibrium_x_saturation,0.001433814811534123,"[6.979434466212778, -24.529240455430863, 17.549805989218086, -35.09961197843617]","[0.010007216513787637, -0.03517038828067878, 0.025163171766891153, -0.050326343533782306]","[0.04889055519026762, -0.03517038828067878, -0.013720166909588834, 0.027440333819177667]",0.06759036542852238,0.04889055519026762,0.0017035036633849402,False,True,False,True,False,False,not_run_round2_closure_localization,,,
R2_0429_C8_112_SAT_fNa0.75_Keq10_sat0.1_B21,C8_112_SAT,0.75,0.25,10.0,0.1,21.0,Na_K_capacity_x_equilibrium_x_saturation,0.014337818327136388,"[0.6979785637851214, -2.4529802141993398, 1.7550016504142185, -3.510003300828437]","[0.010007489843786648, -0.035170384671250235, 0.02516289482746359, -0.05032578965492718]","[0.04889082852026663, -0.035170384671250235, -0.013720443849016398, 0.027440887698032795]",0.06759084234119213,0.04889082852026663,0.0017035131870782854,False,True,False,True,False,False,not_run_round2_closure_localization,,,
R2_0430_C8_112_SAT_fNa0.75_Keq10_sat1_B21,C8_112_SAT,0.75,0.25,10.0,1.0,21.0,Na_K_capacity_x_equilibrium_x_saturation,0.1433778534815099,"[0.06979820756958686, -0.24529858312064462, 0.17550037555105774, -0.3510007511021155]","[0.01000751717818424, -0.035170384309893755, 0.025162867131709517, -0.050325734263419034]","[0.048890855854664225, -0.035170384309893755, -0.01372047154477047, 0.02744094308954094]",0.06759089003528107,0.048890855854664225,0.00170351413949632,False,True,False,True,False,False,not_run_round2_closure_localization,,,
R2_0431_C8_112_SAT_fNa0.75_Keq10_sat10_B21,C8_112_SAT,0.75,0.25,10.0,10.0,21.0,Na_K_capacity_x_equilibrium_x_saturation,1.4337782050250798,"[0.00697982426888887, -0.024529863929085717, 0.017550039660196845, -0.03510007932039369]","[0.010007519911637975, -0.03517038427375397, 0.025162864362115994, -0.05032572872423199]","[0.04889085858811796, -0.03517038427375397, -0.013720474314363993, 0.027440948628727986]",0.06759089480471818,0.04889085858811796,0.0017035142347386102,False,True,False,True,False,False,not_run_round2_closure_localization,,,
R2_0432_C8_112_SAT_fNa0.75_Keq10_sat100_B21,C8_112_SAT,0.75,0.25,10.0,100.0,21.0,Na_K_capacity_x_equilibrium_x_saturation,14.337781720460763,"[0.0006979824620082085, -0.0024529864490787983, 0.00175500398707059, -0.00351000797414118]","[0.010007520184983491, -0.03517038427013995, 0.025162864085156462, -0.050325728170312924]","[0.04889085886146348, -0.03517038427013995, -0.013720474591323525, 0.02744094918264705]",0.06759089528166218,0.04889085886146348,0.0017035142442628445,False,True,False,True,False,False,not_run_round2_closure_localization,,,
R2_0433_C8_112_SAT_fNa0.75_Keq100_sat0.01_B21,C8_112_SAT,0.75,0.25,100.0,0.01,21.0,Na_K_capacity_x_equilibrium_x_saturation,0.00047392134238910034,"[-58.86403575761392, -24.952382735614577, 83.8164184932285, -167.632836986457]","[-0.027896922844688393, -0.011825466721869073, 0.039722389566557464, -0.07944477913311493]","[0.010986415831791593, -0.011825466721869073, 0.0008390508900774779, -0.0016781017801549558]",0.016250016246138737,0.011825466721869073,0.00041203716800908264,False,True,False,True,False,False,not_run_round2_closure_localization,,,
R2_0434_C8_112_SAT_fNa0.75_Keq100_sat0.1_B21,C8_112_SAT,0.75,0.25,100.0,0.1,21.0,Na_K_capacity_x_equilibrium_x_saturation,0.0047390996240125015,"[-5.886587900218185, -2.4952564962955712, 8.381844396513756, -16.763688793027512]","[-0.02789712650464054, -0.011825269123409093, 0.039722395628049634, -0.07944479125609927]","[0.010986212171839448, -0.011825269123409093, 0.0008390569515696472, -0.0016781139031392944]",0.01624973632295652,0.011825269123409093,0.0004120302830453203,False,True,False,True,False,False,not_run_round2_closure_localization,,,
R2_0435_C8_112_SAT_fNa0.75_Keq100_sat1_B21,C8_112_SAT,0.75,0.25,100.0,1.0,21.0,Na_K_capacity_x_equilibrium_x_saturation,0.047390882439562805,"[-0.5886606333298772, -0.2495258318583622, 0.8381864651882394, -1.6763729303764787]","[-0.027897146870934794, -0.011825249363233759, 0.03972239623416855, -0.0794447924683371]","[0.010986191805545192, -0.011825249363233759, 0.0008390575576885662, -0.0016781151153771323]",0.016249708330196583,0.011825249363233759,0.00041202959453746885,False,True,False,True,False,False,not_run_round2_closure_localization,,,
R2_0436_C8_112_SAT_fNa0.75_Keq100_sat10_B21,C8_112_SAT,0.75,0.25,100.0,10.0,21.0,Na_K_capacity_x_equilibrium_x_saturation,0.4739087105949974,"[-0.058866081766131804, -0.024952585008125736, 0.08381866677425753, -0.16763733354851507]","[-0.02789714890756721, -0.01182524738721293, 0.03972239629478014, -0.07944479258956028]","[0.010986189768912778, -0.01182524738721293, 0.0008390576183001514, -0.0016781152366003027]",0.016249705530916172,0.01182524738721293,0.000412029525686569,False,True,False,True,False,False,not_run_round2_closure_localization,,,
R2_0437_C8_112_SAT_fNa0.75_Keq100_sat100_B21,C8_112_SAT,0.75,0.25,100.0,100.0,21.0,Na_K_capacity_x_equilibrium_x_saturation,4.7390869921493355,"[-0.005886608360944685, -0.00249525851903547, 0.008381866879980156, -0.016763733759960313]","[-0.02789714911123048, -0.011825247189610812, 0.039722396300841296, -0.07944479260168259]","[0.010986189565249507, -0.011825247189610812, 0.0008390576243613099, -0.0016781152487226197]",0.016249705250988084,0.011825247189610812,0.00041202951880147775,False,True,False,True,False,False,not_run_round2_closure_localization,,,
R2_0438_C8_112_SAT_fNa1_Keq0.01_sat0.01_B21,C8_112_SAT,1.0,0.0,0.01,0.01,21.0,Na_K_capacity_x_equilibrium_x_saturation,0.0,"[99.83387120493474, 0.0, -99.83387120493474, 199.66774240986948]","[0.0, 0.0, -0.0, 0.0]","[0.03888333867647999, 0.0, -0.03888333867647999, 0.07776667735295997]",0.09524433925320216,0.07776667735295997,0.0027096403272154363,False,False,False,True,False,False,not_run_round2_closure_localization,,,
R2_0439_C8_112_SAT_fNa1_Keq0.01_sat0.1_B21,C8_112_SAT,1.0,0.0,0.01,0.1,21.0,Na_K_capacity_x_equilibrium_x_saturation,0.0,"[9.983416160952766, 0.0, -9.983416160952766, 19.96683232190553]","[0.0, 0.0, -0.0, 0.0]","[0.03888333867647999, 0.0, -0.03888333867647999, 0.07776667735295997]",0.09524433925320216,0.07776667735295997,0.0027096403272154363,False,False,False,True,False,False,not_run_round2_closure_localization,,,
R2_0440_C8_112_SAT_fNa1_Keq0.01_sat1_B21,C8_112_SAT,1.0,0.0,0.01,1.0,21.0,Na_K_capacity_x_equilibrium_x_saturation,0.0,"[0.9983419065007989, 0.0, -0.9983419065007989, 1.9966838130015978]","[0.0, 0.0, -0.0, 0.0]","[0.03888333867647999, 0.0, -0.03888333867647999, 0.07776667735295997]",0.09524433925320216,0.07776667735295997,0.0027096403272154363,False,False,False,True,False,False,not_run_round2_closure_localization,,,
R2_0441_C8_112_SAT_fNa1_Keq0.01_sat10_B21,C8_112_SAT,1.0,0.0,0.01,10.0,21.0,Na_K_capacity_x_equilibrium_x_saturation,0.0,"[0.09983419355413604, 0.0, -0.09983419355413604, 0.1996683871082721]","[0.0, 0.0, -0.0, 0.0]","[0.03888333867647999, 0.0, -0.03888333867647999, 0.07776667735295997]",0.09524433925320216,0.07776667735295997,0.0027096403272154363,False,False,False,True,False,False,not_run_round2_closure_localization,,,
R2_0442_C8_112_SAT_fNa1_Keq0.01_sat100_B21,C8_112_SAT,1.0,0.0,0.01,100.0,21.0,Na_K_capacity_x_equilibrium_x_saturation,0.0,"[0.009983419384454167, 0.0, -0.009983419384454167, 0.019966838768908333]","[0.0, 0.0, -0.0, 0.0]","[0.03888333867647999, 0.0, -0.03888333867647999, 0.07776667735295997]",0.09524433925320216,0.07776667735295997,0.0027096403272154363,False,False,False,True,False,False,not_run_round2_closure_localization,,,
R2_0443_C8_112_SAT_fNa1_Keq0.1_sat0.01_B21,C8_112_SAT,1.0,0.0,0.1,0.01,21.0,Na_K_capacity_x_equilibrium_x_saturation,0.0,"[98.35322059828074, -0.0, -98.35322059828074, 196.70644119656149]","[0.0, -0.0, -0.0, 0.0]","[0.03888333867647999, -0.0, -0.03888333867647999, 0.07776667735295997]",0.09524433925320216,0.07776667735295997,0.0027096403272154363,False,False,False,True,False,False,not_run_round2_closure_localization,,,
R2_0444_C8_112_SAT_fNa1_Keq0.1_sat0.1_B21,C8_112_SAT,1.0,0.0,0.1,0.1,21.0,Na_K_capacity_x_equilibrium_x_saturation,0.0,"[9.835411861721235, -0.0, -9.835411861721235, 19.67082372344247]","[0.0, -0.0, -0.0, 0.0]","[0.03888333867647999, -0.0, -0.03888333867647999, 0.07776667735295997]",0.09524433925320216,0.07776667735295997,0.0027096403272154363,False,False,False,True,False,False,not_run_round2_closure_localization,,,
R2_0445_C8_112_SAT_fNa1_Keq0.1_sat1_B21,C8_112_SAT,1.0,0.0,0.1,1.0,21.0,Na_K_capacity_x_equilibrium_x_saturation,0.0,"[0.9835420842000745, -0.0, -0.9835420842000745, 1.967084168400149]","[0.0, -0.0, -0.0, 0.0]","[0.03888333867647999, -0.0, -0.03888333867647999, 0.07776667735295997]",0.09524433925320216,0.07776667735295997,0.0027096403272154363,False,False,False,True,False,False,not_run_round2_closure_localization,,,
R2_0446_C8_112_SAT_fNa1_Keq0.1_sat10_B21,C8_112_SAT,1.0,0.0,0.1,10.0,21.0,Na_K_capacity_x_equilibrium_x_saturation,0.0,"[0.09835421740029597, -0.0, -0.09835421740029597, 0.19670843480059194]","[0.0, -0.0, -0.0, 0.0]","[0.03888333867647999, -0.0, -0.03888333867647999, 0.07776667735295997]",0.09524433925320216,0.07776667735295997,0.0027096403272154363,False,False,False,True,False,False,not_run_round2_closure_localization,,,
R2_0447_C8_112_SAT_fNa1_Keq0.1_sat100_B21,C8_112_SAT,1.0,0.0,0.1,100.0,21.0,Na_K_capacity_x_equilibrium_x_saturation,0.0,"[0.009835421829832493, -0.0, -0.009835421829832493, 0.019670843659664986]","[0.0, -0.0, -0.0, 0.0]","[0.03888333867647999, -0.0, -0.03888333867647999, 0.07776667735295997]",0.09524433925320216,0.07776667735295997,0.0027096403272154363,False,False,False,True,False,False,not_run_round2_closure_localization,,,
R2_0448_C8_112_SAT_fNa1_Keq1_sat0.01_B21,C8_112_SAT,1.0,0.0,1.0,0.01,21.0,Na_K_capacity_x_equilibrium_x_saturation,0.0,"[84.67447827216763, -0.0, -84.67447827216763, 169.34895654433527]","[0.0, -0.0, -0.0, 0.0]","[0.03888333867647999, -0.0, -0.03888333867647999, 0.07776667735295997]",0.09524433925320216,0.07776667735295997,0.0027096403272154363,False,False,True,True,False,False,not_run_round2_closure_localization,,,
R2_0449_C8_112_SAT_fNa1_Keq1_sat0.1_B21,C8_112_SAT,1.0,0.0,1.0,0.1,21.0,Na_K_capacity_x_equilibrium_x_saturation,0.0,"[8.46767545222108, -0.0, -8.46767545222108, 16.93535090444216]","[0.0, -0.0, -0.0, 0.0]","[0.03888333867647999, -0.0, -0.03888333867647999, 0.07776667735295997]",0.09524433925320216,0.07776667735295997,0.0027096403272154363,False,False,True,True,False,False,not_run_round2_closure_localization,,,
R2_0450_C8_112_SAT_fNa1_Keq1_sat1_B21,C8_112_SAT,1.0,0.0,1.0,1.0,21.0,Na_K_capacity_x_equilibrium_x_saturation,0.0,"[0.8467698215394615, -0.0, -0.8467698215394615, 1.693539643078923]","[0.0, -0.0, -0.0, 0.0]","[0.03888333867647999, -0.0, -0.03888333867647999, 0.07776667735295997]",0.09524433925320216,0.07776667735295997,0.0027096403272154363,False,False,True,True,False,False,not_run_round2_closure_localization,,,
R2_0451_C8_112_SAT_fNa1_Keq1_sat10_B21,C8_112_SAT,1.0,0.0,1.0,10.0,21.0,Na_K_capacity_x_equilibrium_x_saturation,0.0,"[0.084677004917187, -0.0, -0.084677004917187, 0.169354009834374]","[0.0, -0.0, -0.0, 0.0]","[0.03888333867647999, -0.0, -0.03888333867647999, 0.07776667735295997]",0.09524433925320216,0.07776667735295997,0.0027096403272154363,False,False,True,True,False,False,not_run_round2_closure_localization,,,
R2_0452_C8_112_SAT_fNa1_Keq1_sat100_B21,C8_112_SAT,1.0,0.0,1.0,100.0,21.0,Na_K_capacity_x_equilibrium_x_saturation,0.0,"[0.008467700719351176, -0.0, -0.008467700719351176, 0.01693540143870235]","[0.0, -0.0, -0.0, 0.0]","[0.03888333867647999, -0.0, -0.03888333867647999, 0.07776667735295997]",0.09524433925320216,0.07776667735295997,0.0027096403272154363,False,False,True,True,False,False,not_run_round2_closure_localization,,,
R2_0453_C8_112_SAT_fNa1_Keq10_sat0.01_B21,C8_112_SAT,1.0,0.0,10.0,0.01,21.0,Na_K_capacity_x_equilibrium_x_saturation,0.0,"[9.305912621617038, -0.0, -9.305912621617038, 18.611825243234076]","[0.0, -0.0, -0.0, 0.0]","[0.03888333867647999, -0.0, -0.03888333867647999, 0.07776667735295997]",0.09524433925320216,0.07776667735295997,0.0027096403272154363,False,False,False,True,False,False,not_run_round2_closure_localization,,,
R2_0454_C8_112_SAT_fNa1_Keq10_sat0.1_B21,C8_112_SAT,1.0,0.0,10.0,0.1,21.0,Na_K_capacity_x_equilibrium_x_saturation,0.0,"[0.9306380850468284, -0.0, -0.9306380850468284, 1.8612761700936569]","[0.0, -0.0, -0.0, 0.0]","[0.03888333867647999, -0.0, -0.03888333867647999, 0.07776667735295997]",0.09524433925320216,0.07776667735295997,0.0027096403272154363,False,False,False,True,False,False,not_run_round2_closure_localization,,,
R2_0455_C8_112_SAT_fNa1_Keq10_sat1_B21,C8_112_SAT,1.0,0.0,10.0,1.0,21.0,Na_K_capacity_x_equilibrium_x_saturation,0.0,"[0.09306427675944916, -0.0, -0.09306427675944916, 0.18612855351889832]","[0.0, -0.0, -0.0, 0.0]","[0.03888333867647999, -0.0, -0.03888333867647999, 0.07776667735295997]",0.09524433925320216,0.07776667735295997,0.0027096403272154363,False,False,False,True,False,False,not_run_round2_closure_localization,,,
R2_0456_C8_112_SAT_fNa1_Keq10_sat10_B21,C8_112_SAT,1.0,0.0,10.0,10.0,21.0,Na_K_capacity_x_equilibrium_x_saturation,0.0,"[0.009306432358518494, -0.0, -0.009306432358518494, 0.01861286471703699]","[0.0, -0.0, -0.0, 0.0]","[0.03888333867647999, -0.0, -0.03888333867647999, 0.07776667735295997]",0.09524433925320216,0.07776667735295997,0.0027096403272154363,False,False,False,True,False,False,not_run_round2_closure_localization,,,
R2_0457_C8_112_SAT_fNa1_Keq10_sat100_B21,C8_112_SAT,1.0,0.0,10.0,100.0,21.0,Na_K_capacity_x_equilibrium_x_saturation,0.0,"[0.0009306432826776113, -0.0, -0.0009306432826776113, 0.0018612865653552227]","[0.0, -0.0, -0.0, 0.0]","[0.03888333867647999, -0.0, -0.03888333867647999, 0.07776667735295997]",0.09524433925320216,0.07776667735295997,0.0027096403272154363,False,False,False,True,False,False,not_run_round2_closure_localization,,,
R2_0458_C8_112_SAT_fNa1_Keq100_sat0.01_B21,C8_112_SAT,1.0,0.0,100.0,0.01,21.0,Na_K_capacity_x_equilibrium_x_saturation,0.0004954214170337087,"[-78.4853810101519, -0.0, 78.4853810101519, -156.9707620203038]","[-0.03888333867647999, -0.0, 0.03888333867647999, -0.07776667735295997]","[0.0, -0.0, 0.0, 0.0]",0.0,0.0,1.781179185555778e-12,True,False,False,True,False,False,pass,0.9985236628819495,1.0056038198888244,0.001360127892714648
R2_0459_C8_112_SAT_fNa1_Keq100_sat0.1_B21,C8_112_SAT,1.0,0.0,100.0,0.1,21.0,Na_K_capacity_x_equilibrium_x_saturation,0.004954059040939334,"[-7.8487838669575805, -0.0, 7.8487838669575805, -15.697567733915161]","[-0.03888333867647999, -0.0, 0.03888333867647999, -0.07776667735295997]","[0.0, -0.0, 0.0, 0.0]",0.0,0.0,1.781179185555778e-12,True,False,False,True,False,False,pass,0.9985236425937112,1.00560379393389,0.0013601279203500464
R2_0460_C8_112_SAT_fNa1_Keq100_sat1_B21,C8_112_SAT,1.0,0.0,100.0,1.0,21.0,Na_K_capacity_x_equilibrium_x_saturation,0.04954043527999558,"[-0.7848808444398363, -0.0, 0.7848808444398363, -1.5697616888796726]","[-0.038883338676479993, -0.0, 0.038883338676479993, -0.07776667735295999]","[-6.938893903907228e-18, -0.0, 6.938893903907228e-18, -1.3877787807814457e-17]",1.6996749443881478e-17,1.3877787807814457e-17,1.7811794273290849e-12,True,False,False,True,False,False,pass,0.9985236405290495,1.0056037913924936,0.0013601279231624025
R2_0461_C8_112_SAT_fNa1_Keq100_sat10_B21,C8_112_SAT,1.0,0.0,100.0,10.0,21.0,Na_K_capacity_x_equilibrium_x_saturation,0.495404197670558,"[-0.07848810902150907, -0.0, 0.07848810902150907, -0.15697621804301815]","[-0.03888333867647999, -0.0, 0.03888333867647999, -0.07776667735295997]","[0.0, -0.0, 0.0, 0.0]",0.0,0.0,1.781179185555778e-12,True,False,False,True,False,False,pass,0.9985236404488178,1.0056037911984057,0.0013601279232716892
R2_0462_C8_112_SAT_fNa1_Keq100_sat100_B21,C8_112_SAT,1.0,0.0,100.0,100.0,21.0,Na_K_capacity_x_equilibrium_x_saturation,4.954041821576182,"[-0.007848811147926247, -0.0, 0.007848811147926247, -0.015697622295852493]","[-0.03888333867647999, -0.0, 0.03888333867647999, -0.07776667735295997]","[0.0, -0.0, 0.0, 0.0]",0.0,0.0,1.781179185555778e-12,True,False,False,True,False,False,pass,0.9985236402975431,1.0056037987341069,0.0013601279234777464
R2_0463_C8_123_SAT_fNa0_Keq0.01_sat0.01_B21,C8_123_SAT,0.0,1.0,0.01,0.01,21.0,Na_K_capacity_x_equilibrium_x_saturation,0.0030561344549967714,"[0.0, -12.723045811320844, 6.361522905660422, -19.084568716981266]","[0.0, -0.03888333867647999, 0.019441669338239993, -0.05832500801471997]","[0.03888333867647999, -0.03888333867647999, -0.019441669338239993, 0.01944166933824]",0.061479956624696894,0.03888333867647999,0.0013548201629432607,False,False,False,True,False,False,not_run_round2_closure_localization,,,
R2_0464_C8_123_SAT_fNa0_Keq0.01_sat0.1_B21,C8_123_SAT,0.0,1.0,0.01,0.1,21.0,Na_K_capacity_x_equilibrium_x_saturation,0.030561334649413224,"[0.0, -1.2723049933039015, 0.6361524966519507, -1.9084574899558522]","[0.0, -0.03888333867647998, 0.01944166933823999, -0.05832500801471997]","[0.03888333867647999, -0.03888333867647998, -0.019441669338239997, 0.01944166933824]",0.061479956624696894,0.03888333867647999,0.0013548201629432605,False,False,False,True,False,False,not_run_round2_closure_localization,,,
R2_0465_C8_123_SAT_fNa0_Keq0.01_sat1_B21,C8_123_SAT,0.0,1.0,0.01,1.0,21.0,Na_K_capacity_x_equilibrium_x_saturation,0.3056133365935778,"[0.0, -0.12723050345210976, 0.06361525172605488, -0.19084575517816466]","[0.0, -0.03888333867647999, 0.019441669338239993, -0.05832500801471998]","[0.03888333867647999, -0.03888333867647999, -0.019441669338239993, 0.019441669338239993]",0.06147995662469689,0.03888333867647999,0.0013548201629432607,False,False,False,True,False,False,not_run_round2_closure_localization,,,
R2_0466_C8_123_SAT_fNa0_Keq0.01_sat10_B21,C8_123_SAT,0.0,1.0,0.01,10.0,21.0,Na_K_capacity_x_equilibrium_x_saturation,3.0561333560352235,"[0.0, -0.012723050386428176, 0.006361525193214088, -0.019084575579642264]","[0.0, -0.03888333867647999, 0.019441669338239993, -0.05832500801471999]","[0.03888333867647999, -0.03888333867647999, -0.019441669338239993, 0.019441669338239986]",0.06147995662469689,0.03888333867647999,0.0013548201629432607,False,False,False,True,False,False,not_run_round2_closure_localization,,,
R2_0467_C8_123_SAT_fNa0_Keq0.01_sat100_B21,C8_123_SAT,0.0,1.0,0.01,100.0,21.0,Na_K_capacity_x_equilibrium_x_saturation,30.561333550451682,"[0.0, -0.0012723050390549895, 0.0006361525195274948, -0.0019084575585824842]","[0.0, -0.03888333867647999, 0.019441669338239993, -0.05832500801471998]","[0.03888333867647999, -0.03888333867647999, -0.019441669338239993, 0.019441669338239993]",0.06147995662469689,0.03888333867647999,0.0013548201629432607,False,False,False,True,False,False,not_run_round2_closure_localization,,,
R2_0468_C8_123_SAT_fNa0_Keq0.1_sat0.01_B21,C8_123_SAT,0.0,1.0,0.1,0.01,21.0,Na_K_capacity_x_equilibrium_x_saturation,0.00023195347818704307,"[0.0, -167.63421260329267, 83.81710630164633, -251.451318904939]","[0.0, -0.03888333867647999, 0.019441669338239993, -0.05832500801471998]","[0.03888333867647999, -0.03888333867647999, -0.019441669338239993, 0.019441669338239993]",0.06147995662469689,0.03888333867647999,0.0013548201629432607,False,False,False,True,False,False,not_run_round2_closure_localization,,,
R2_0469_C8_123_SAT_fNa0_Keq0.1_sat0.1_B21,C8_123_SAT,0.0,1.0,0.1,0.1,21.0,Na_K_capacity_x_equilibrium_x_saturation,0.0023195343712037867,"[0.0, -16.763424228243014, 8.381712114121507, -25.145136342364523]","[0.0, -0.03888333867647999, 0.019441669338239993, -0.05832500801471998]","[0.03888333867647999, -0.03888333867647999, -0.019441669338239993, 0.019441669338239993]",0.06147995662469689,0.03888333867647999,0.0013548201629432607,False,False,False,True,False,False,not_run_round2_closure_localization,,,
R2_0470_C8_123_SAT_fNa0_Keq0.1_sat1_B21,C8_123_SAT,0.0,1.0,0.1,1.0,21.0,Na_K_capacity_x_equilibrium_x_saturation,0.023195343301371227,"[0.0, -1.6763424525034447, 0.8381712262517224, -2.514513678755167]","[0.0, -0.038883338676479993, 0.019441669338239997, -0.05832500801471999]","[0.03888333867647999, -0.038883338676479993, -0.01944166933823999, 0.019441669338239986]",0.061479956624696894,0.038883338676479993,0.001354820162943261,False,False,False,True,False,False,not_run_round2_closure_localization,,,
R2_0471_C8_123_SAT_fNa0_Keq0.1_sat10_B21,C8_123_SAT,0.0,1.0,0.1,10.0,21.0,Na_K_capacity_x_equilibrium_x_saturation,0.2319534326030456,"[0.0, -0.1676342455471359, 0.08381712277356795, -0.25145136832070386]","[0.0, -0.03888333867647999, 0.019441669338239993, -0.05832500801471998]","[0.03888333867647999, -0.03888333867647999, -0.019441669338239993, 0.019441669338239993]",0.06147995662469689,0.03888333867647999,0.0013548201629432607,False,False,False,True,False,False,not_run_round2_closure_localization,,,
R2_0472_C8_123_SAT_fNa0_Keq0.1_sat100_B21,C8_123_SAT,0.0,1.0,0.1,100.0,21.0,Na_K_capacity_x_equilibrium_x_saturation,2.319534325619789,"[0.0, -0.016763424557681508, 0.008381712278840754, -0.02514513683652226]","[0.0, -0.03888333867647999, 0.019441669338239993, -0.05832500801471997]","[0.03888333867647999, -0.03888333867647999, -0.019441669338239993, 0.01944166933824]",0.061479956624696894,0.03888333867647999,0.0013548201629432607,False,False,False,True,False,False,not_run_round2_closure_localization,,,
R2_0473_C8_123_SAT_fNa0_Keq1_sat0.01_B21,C8_123_SAT,0.0,1.0,1.0,0.01,21.0,Na_K_capacity_x_equilibrium_x_saturation,0.00019787031982260005,"[0.0, -196.50920214482247, 98.25460107241123, -294.7638032172337]","[0.0, -0.03888333867647999, 0.019441669338239993, -0.05832500801471998]","[0.03888333867647999, -0.03888333867647999, -0.019441669338239993, 0.019441669338239993]",0.06147995662469689,0.03888333867647999,0.0013548201629432607,False,False,True,True,False,False,not_run_round2_closure_localization,,,
R2_0474_C8_123_SAT_fNa0_Keq1_sat0.1_B21,C8_123_SAT,0.0,1.0,1.0,0.1,21.0,Na_K_capacity_x_equilibrium_x_saturation,0.0019787030787428747,"[0.0, -19.65092140109453, 9.825460700547264, -29.476382101641793]","[0.0, -0.03888333867647999, 0.019441669338239993, -0.05832500801471998]","[0.03888333867647999, -0.03888333867647999, -0.019441669338239993, 0.019441669338239993]",0.06147995662469689,0.03888333867647999,0.0013548201629432607,False,False,True,True,False,False,not_run_round2_closure_localization,,,
R2_0475_C8_123_SAT_fNa0_Keq1_sat1_B21,C8_123_SAT,0.0,1.0,1.0,1.0,21.0,Na_K_capacity_x_equilibrium_x_saturation,0.019787030667945616,"[0.0, -1.9650921519755769, 0.9825460759877884, -2.947638227963365]","[0.0, -0.03888333867647999, 0.019441669338239993, -0.05832500801471997]","[0.03888333867647999, -0.03888333867647999, -0.019441669338239993, 0.01944166933824]",0.061479956624696894,0.03888333867647999,0.0013548201629432607,False,False,True,True,False,False,not_run_round2_closure_localization,,,
R2_0476_C8_123_SAT_fNa0_Keq1_sat10_B21,C8_123_SAT,0.0,1.0,1.0,10.0,21.0,Na_K_capacity_x_equilibrium_x_saturation,0.19787030655997304,"[0.0, -0.19650921531621893, 0.09825460765810946, -0.2947638229743284]","[0.0, -0.03888333867647999, 0.019441669338239993, -0.05832500801471999]","[0.03888333867647999, -0.03888333867647999, -0.019441669338239993, 0.019441669338239986]",0.06147995662469689,0.03888333867647999,0.0013548201629432607,False,False,True,True,False,False,not_run_round2_closure_localization,,,
R2_0477_C8_123_SAT_fNa0_Keq1_sat100_B21,C8_123_SAT,0.0,1.0,1.0,100.0,21.0,Na_K_capacity_x_equilibrium_x_saturation,1.9787030654802473,"[0.0, -0.019650921532808504, 0.009825460766404252, -0.029476382299212754]","[0.0, -0.03888333867647999, 0.019441669338239993, -0.05832500801471998]","[0.03888333867647999, -0.03888333867647999, -0.019441669338239993, 0.019441669338239993]",0.06147995662469689,0.03888333867647999,0.0013548201629432607,False,False,True,True,False,False,not_run_round2_closure_localization,,,
R2_0478_C8_123_SAT_fNa0_Keq10_sat0.01_B21,C8_123_SAT,0.0,1.0,10.0,0.01,21.0,Na_K_capacity_x_equilibrium_x_saturation,0.00019475932001223218,"[0.0, -199.64815380356563, 99.82407690178282, -299.47223070534847]","[0.0, -0.03888333867647999, 0.019441669338239993, -0.05832500801471999]","[0.03888333867647999, -0.03888333867647999, -0.019441669338239993, 0.019441669338239986]",0.06147995662469689,0.03888333867647999,0.0013548201629432607,False,False,False,True,False,False,not_run_round2_closure_localization,,,
R2_0479_C8_123_SAT_fNa0_Keq10_sat0.1_B21,C8_123_SAT,0.0,1.0,10.0,0.1,21.0,Na_K_capacity_x_equilibrium_x_saturation,0.0019475931626380808,"[0.0, -19.964815764608247, 9.982407882304123, -29.94722364691237]","[0.0, -0.03888333867647999, 0.019441669338239993, -0.05832500801471998]","[0.03888333867647999, -0.03888333867647999, -0.019441669338239993, 0.019441669338239993]",0.06147995662469689,0.03888333867647999,0.0013548201629432607,False,False,False,True,False,False,not_run_round2_closure_localization,,,
R2_0480_C8_123_SAT_fNa0_Keq10_sat1_B21,C8_123_SAT,0.0,1.0,10.0,1.0,21.0,Na_K_capacity_x_equilibrium_x_saturation,0.019475931588896565,"[0.0, -1.9964815803033416, 0.9982407901516708, -2.9947223704550123]","[0.0, -0.03888333867647999, 0.019441669338239993, -0.05832500801471998]","[0.03888333867647999, -0.03888333867647999, -0.019441669338239993, 0.019441669338239993]",0.06147995662469689,0.03888333867647999,0.0013548201629432607,False,False,False,True,False,False,not_run_round2_closure_localization,,,
R2_0481_C8_123_SAT_fNa0_Keq10_sat10_B21,C8_123_SAT,0.0,1.0,10.0,10.0,21.0,Na_K_capacity_x_equilibrium_x_saturation,0.19475931585148143,"[0.0, -0.19964815806875932, 0.09982407903437966, -0.29947223710313897]","[0.0, -0.03888333867647999, 0.019441669338239993, -0.05832500801471998]","[0.03888333867647999, -0.03888333867647999, -0.019441669338239993, 0.019441669338239993]",0.06147995662469689,0.03888333867647999,0.0013548201629432607,False,False,False,True,False,False,not_run_round2_closure_localization,,,
R2_0482_C8_123_SAT_fNa0_Keq10_sat100_B21,C8_123_SAT,0.0,1.0,10.0,100.0,21.0,Na_K_capacity_x_equilibrium_x_saturation,1.9475931584773296,"[0.0, -0.019964815807260186, 0.009982407903630093, -0.02994722371089028]","[0.0, -0.03888333867647998, 0.01944166933823999, -0.05832500801471997]","[0.03888333867647999, -0.03888333867647998, -0.019441669338239997, 0.01944166933824]",0.061479956624696894,0.03888333867647999,0.0013548201629432605,False,False,False,True,False,False,not_run_round2_closure_localization,,,
R2_0483_C8_123_SAT_fNa0_Keq100_sat0.01_B21,C8_123_SAT,0.0,1.0,100.0,0.01,21.0,Na_K_capacity_x_equilibrium_x_saturation,0.00019445092979512738,"[0.0, -199.96478657853316, 99.98239328926658, -299.9471798677997]","[0.0, -0.03888333867647998, 0.01944166933823999, -0.058325008014719966]","[0.03888333867647999, -0.03888333867647998, -0.019441669338239997, 0.019441669338240007]",0.061479956624696894,0.03888333867647999,0.0013548201629432605,False,False,False,True,False,False,not_run_round2_closure_localization,,,
R2_0484_C8_123_SAT_fNa0_Keq100_sat0.1_B21,C8_123_SAT,0.0,1.0,100.0,0.1,21.0,Na_K_capacity_x_equilibrium_x_saturation,0.0019445092861071088,"[0.0, -19.996478779653504, 9.998239389826752, -29.994718169480258]","[0.0, -0.03888333867647999, 0.019441669338239993, -0.05832500801471998]","[0.03888333867647999, -0.03888333867647999, -0.019441669338239993, 0.019441669338239993]",0.06147995662469689,0.03888333867647999,0.0013548201629432607,False,False,False,True,False,False,not_run_round2_closure_localization,,,
R2_0485_C8_123_SAT_fNa0_Keq100_sat1_B21,C8_123_SAT,0.0,1.0,100.0,1.0,21.0,Na_K_capacity_x_equilibrium_x_saturation,0.019445092849226922,"[0.0, -1.9996478791833523, 0.9998239395916761, -2.9994718187750284]","[0.0, -0.03888333867647999, 0.019441669338239993, -0.05832500801471997]","[0.03888333867647999, -0.03888333867647999, -0.019441669338239993, 0.01944166933824]",0.061479956624696894,0.03888333867647999,0.0013548201629432607,False,False,False,True,False,False,not_run_round2_closure_localization,,,
R2_0486_C8_123_SAT_fNa0_Keq100_sat10_B21,C8_123_SAT,0.0,1.0,100.0,10.0,21.0,Na_K_capacity_x_equilibrium_x_saturation,0.19445092848042508,"[0.0, -0.19996478793051525, 0.09998239396525763, -0.29994718189577285]","[0.0, -0.038883338676479993, 0.019441669338239997, -0.05832500801471998]","[0.03888333867647999, -0.038883338676479993, -0.01944166933823999, 0.019441669338239993]",0.061479956624696894,0.038883338676479993,0.001354820162943261,False,False,False,True,False,False,not_run_round2_closure_localization,,,
R2_0487_C8_123_SAT_fNa0_Keq100_sat100_B21,C8_123_SAT,0.0,1.0,100.0,100.0,21.0,Na_K_capacity_x_equilibrium_x_saturation,1.9445092847924066,"[0.0, -0.019996478793173324, 0.009998239396586662, -0.029994718189759986]","[0.0, -0.03888333867647999, 0.019441669338239993, -0.05832500801471998]","[0.03888333867647999, -0.03888333867647999, -0.019441669338239993, 0.019441669338239993]",0.06147995662469689,0.03888333867647999,0.0013548201629432607,False,False,False,True,False,False,not_run_round2_closure_localization,,,
R2_0488_C8_123_SAT_fNa0.25_Keq0.01_sat0.01_B21,C8_123_SAT,0.25,0.75,0.01,0.01,21.0,Na_K_capacity_x_equilibrium_x_saturation,0.0,"[49.99295507698546, -9.542284358490633, -20.225335359247413, 60.676006077742244]","[0.0, -0.0, -0.0, 0.0]","[0.03888333867647999, -0.0, -0.03888333867647999, 0.07776667735295997]",0.09524433925320216,0.07776667735295997,0.0027096403272154363,False,True,False,True,False,False,not_run_round2_closure_localization,,,
R2_0489_C8_123_SAT_fNa0.25_Keq0.01_sat0.1_B21,C8_123_SAT,0.25,0.75,0.01,0.1,21.0,Na_K_capacity_x_equilibrium_x_saturation,0.0,"[4.999295512641616, -0.9542287449779261, -2.022533383831845, 6.067600151495535]","[0.0, -0.0, -0.0, 0.0]","[0.03888333867647999, -0.0, -0.03888333867647999, 0.07776667735295997]",0.09524433925320216,0.07776667735295997,0.0027096403272154363,False,True,False,True,False,False,not_run_round2_closure_localization,,,
R2_0490_C8_123_SAT_fNa0.25_Keq0.01_sat1_B21,C8_123_SAT,0.25,0.75,0.01,1.0,21.0,Na_K_capacity_x_equilibrium_x_saturation,0.0,"[0.49992955131359235, -0.09542287758908233, -0.202253336862255, 0.606760010586765]","[0.0, -0.0, -0.0, 0.0]","[0.03888333867647999, -0.0, -0.03888333867647999, 0.07776667735295997]",0.09524433925320216,0.07776667735295997,0.0027096403272154363,False,True,False,True,False,False,not_run_round2_closure_localization,,,
R2_0491_C8_123_SAT_fNa0.25_Keq0.01_sat10_B21,C8_123_SAT,0.25,0.75,0.01,10.0,21.0,Na_K_capacity_x_equilibrium_x_saturation,0.0,"[0.04999295513185354, -0.009542287789821132, -0.020225333671016206, 0.06067600101304862]","[0.0, -0.0, -0.0, 0.0]","[0.03888333867647999, -0.0, -0.03888333867647999, 0.07776667735295997]",0.09524433925320216,0.07776667735295997,0.0027096403272154363,False,True,False,True,False,False,not_run_round2_closure_localization,,,
R2_0492_C8_123_SAT_fNa0.25_Keq0.01_sat100_B21,C8_123_SAT,0.25,0.75,0.01,100.0,21.0,Na_K_capacity_x_equilibrium_x_saturation,0.0,"[0.0049992955131902975, -0.0009542287792912421, -0.0020225333669495276, 0.006067600100848582]","[0.0, -0.0, -0.0, 0.0]","[0.03888333867647999, -0.0, -0.03888333867647999, 0.07776667735295997]",0.09524433925320216,0.07776667735295997,0.0027096403272154363,False,True,False,True,False,False,not_run_round2_closure_localization,,,
R2_0493_C8_123_SAT_fNa0.25_Keq0.1_sat0.01_B21,C8_123_SAT,0.25,0.75,0.1,0.01,21.0,Na_K_capacity_x_equilibrium_x_saturation,0.00025637293650359455,"[49.929595784579945, -125.7256594524695, 37.89803183394478, -113.69409550183434]","[0.012800597089730257, -0.032232656507680514, 0.00971602970897513, -0.02914808912692539]","[0.05168393576621024, -0.032232656507680514, -0.029167308967504857, 0.048618588226034584]",0.08321461647647282,0.05168393576621024,0.0018008339970414773,False,True,False,True,False,False,not_run_round2_closure_localization,,,
R2_0494_C8_123_SAT_fNa0.25_Keq0.1_sat0.1_B21,C8_123_SAT,0.25,0.75,0.1,0.1,21.0,Na_K_capacity_x_equilibrium_x_saturation,0.002563729186083574,"[4.992959594059653, -12.572568171182262, 3.7898042885613044, -11.369412865683913]","[0.012800596236226727, -0.03223265996448535, 0.009716031864129311, -0.029148095592387933]","[0.05168393491270672, -0.03223265996448535, -0.029167306812350677, 0.048618581760572044]",0.08321461275246234,0.05168393491270672,0.0018008339673026782,False,True,False,True,False,False,not_run_round2_closure_localization,,,
R2_0495_C8_123_SAT_fNa0.25_Keq0.1_sat1_B21,C8_123_SAT,0.25,0.75,0.1,1.0,21.0,Na_K_capacity_x_equilibrium_x_saturation,0.02563729168188327,"[0.4992959595619819, -1.2572568393775836, 0.37898043990780084, -1.1369413197234026]","[0.012800596150876326, -0.03223266031016578, 0.009716032079644726, -0.02914809623893418]","[0.05168393482735631, -0.03223266031016578, -0.02916730659683526, 0.0486185811140258]",0.08321461238006127,0.05168393482735631,0.0018008339643287969,False,True,False,True,False,False,not_run_round2_closure_localization,,,
R2_0496_C8_123_SAT_fNa0.25_Keq0.1_sat10_B21,C8_123_SAT,0.25,0.75,0.1,10.0,21.0,Na_K_capacity_x_equilibrium_x_saturation,0.2563729166398802,"[0.04992959595775836, -0.12572568416035193, 0.03789804410129678, -0.11369413230389035]","[0.012800596142341284, -0.032232660344733814, 0.009716032101196264, -0.02914809630358879]","[0.05168393481882127, -0.032232660344733814, -0.02916730657528372, 0.04861858104937118]",0.08321461234282117,0.05168393481882127,0.0018008339640314085,False,True,False,True,False,False,not_run_round2_closure_localization,,,
R2_0497_C8_123_SAT_fNa0.25_Keq0.1_sat100_B21,C8_123_SAT,0.25,0.75,0.1,100.0,21.0,Na_K_capacity_x_equilibrium_x_saturation,2.5637291662198503,"[0.004992959595791438, -0.01257256841826113, 0.003789804411234846, -0.011369413233704538]","[0.012800596141487784, -0.032232660348190625, 0.009716032103351422, -0.02914809631005427]","[0.05168393481796777, -0.032232660348190625, -0.029167306573128562, 0.0486185810429057]",0.08321461233909715,0.05168393481796777,0.0018008339640016699,False,True,False,True,False,False,not_run_round2_closure_localization,,,
R2_0498_C8_123_SAT_fNa0.25_Keq1_sat0.01_B21,C8_123_SAT,0.25,0.75,1.0,0.01,21.0,Na_K_capacity_x_equilibrium_x_saturation,0.0002371506467726938,"[49.30039200877895, -147.38190160861686, 49.04075479991896, -147.1222643997569]","[0.011691619851029273, -0.03495171328907301, 0.011630046719021868, -0.03489014015706561]","[0.05057495852750926, -0.03495171328907301, -0.02725329195745812, 0.04287653719589436]",0.07975329495594655,0.05057495852750926,0.0017621936751355198,False,True,True,True,False,False,not_run_round2_closure_localization,,,
R2_0499_C8_123_SAT_fNa0.25_Keq1_sat0.1_B21,C8_123_SAT,0.25,0.75,1.0,0.1,21.0,Na_K_capacity_x_equilibrium_x_saturation,0.002371506366963088,"[4.930039249286206, -14.738191050820896, 4.904075900767346, -14.712227702302037]","[0.01169161946906016, -0.03495171391454016, 0.011630047222740003, -0.03489014166822001]","[0.050574958145540146, -0.03495171391454016, -0.027253291453739982, 0.042876535684739966]",0.07975329400328411,0.050574958145540146,0.0017621936618264914,False,True,True,True,False,False,not_run_round2_closure_localization,,,
R2_0500_C8_123_SAT_fNa0.25_Keq1_sat1_B21,C8_123_SAT,0.25,0.75,1.0,1.0,21.0,Na_K_capacity_x_equilibrium_x_saturation,0.023715063568867024,"[0.4930039254127037, -1.4738191139816825, 0.49040759428448943, -1.4712227828534683]","[0.011691619430863246, -0.03495171397708688, 0.011630047273111815, -0.034890141819335446]","[0.050574958107343235, -0.03495171397708688, -0.02725329140336817, 0.04287653553362453]",0.07975329390801787,0.050574958107343235,0.0017621936604955886,False,True,True,True,False,False,not_run_round2_closure_localization,,,
R2_0501_C8_123_SAT_fNa0.25_Keq1_sat10_B21,C8_123_SAT,0.25,0.75,1.0,10.0,21.0,Na_K_capacity_x_equilibrium_x_saturation,0.2371506355879064,"[0.0493003925461112, -0.1473819114871642, 0.049040759470526496, -0.1471222784115795]","[0.011691619427043554, -0.03495171398334155, 0.011630047278148998, -0.034890141834447]","[0.05057495810352354, -0.03495171398334155, -0.02725329139833099, 0.042876535518512976]",0.07975329389849124,0.05057495810352354,0.0017621936603624982,False,True,True,True,False,False,not_run_round2_closure_localization,,,
R2_0502_C8_123_SAT_fNa0.25_Keq1_sat100_B21,C8_123_SAT,0.25,0.75,1.0,100.0,21.0,Na_K_capacity_x_equilibrium_x_saturation,2.3715063557783,"[0.004930039254659529, -0.014738191149606377, 0.004904075947473423, -0.01471222784242027]","[0.011691619426661587, -0.03495171398396701, 0.011630047278652711, -0.034890141835958136]","[0.050574958103141575, -0.03495171398396701, -0.027253291397827277, 0.04287653551700184]",0.07975329389753859,0.050574958103141575,0.0017621936603491892,False,True,True,True,False,False,not_run_round2_closure_localization,,,
R2_0503_C8_123_SAT_fNa0.25_Keq10_sat0.01_B21,C8_123_SAT,0.25,0.75,10.0,0.01,21.0,Na_K_capacity_x_equilibrium_x_saturation,0.00024314241683931178,"[43.41833625929115, -149.73611535267423, 53.15888954669154, -159.47666864007462]","[0.010556839213225973, -0.03640720097497919, 0.012925180880876607, -0.03877554264262982]","[0.049440177889705963, -0.03640720097497919, -0.025958157795603377, 0.03899113471033015]",0.07722661467874177,0.049440177889705963,0.0017226542800901086,False,True,False,True,False,False,not_run_round2_closure_localization,,,
R2_0504_C8_123_SAT_fNa0.25_Keq10_sat0.1_B21,C8_123_SAT,0.25,0.75,10.0,0.1,21.0,Na_K_capacity_x_equilibrium_x_saturation,0.002431424116095549,"[4.3418337527596735, -14.973611823456185, 5.315889035348256, -15.947667106044769]","[0.01055683929453751, -0.03640720089260482, 0.012925180799033655, -0.038775542397100966]","[0.0494401779710175, -0.03640720089260482, -0.025958157877446333, 0.03899113495585901]",0.07722661484343858,0.0494401779710175,0.0017226542829232633,False,True,False,True,False,False,not_run_round2_closure_localization,,,
R2_0505_C8_123_SAT_fNa0.25_Keq10_sat1_B21,C8_123_SAT,0.25,0.75,10.0,1.0,21.0,Na_K_capacity_x_equilibrium_x_saturation,0.024314241108657916,"[0.434183376544273, -1.4973611852275062, 0.5315889043416165, -1.5947667130248497]","[0.010556839302668663, -0.03640720088436737, 0.012925180790849354, -0.038775542372548065]","[0.04944017797914865, -0.03640720088436737, -0.025958157885630634, 0.03899113498041191]",0.07722661485990827,0.04944017797914865,0.0017226542832065785,False,True,False,True,False,False,not_run_round2_closure_localization,,,
R2_0506_C8_123_SAT_fNa0.25_Keq10_sat10_B21,C8_123_SAT,0.25,0.75,10.0,10.0,21.0,Na_K_capacity_x_equilibrium_x_saturation,0.24314241103428164,"[0.04341833766711036, -0.14973611855156949, 0.05315889044222956, -0.1594766713266887]","[0.01055683930348178, -0.036407200883543635, 0.012925180790030924, -0.03877554237009278]","[0.049440177979961766, -0.036407200883543635, -0.025958157886449063, 0.038991134982867194]",0.07722661486155524,0.049440177979961766,0.0017226542832349102,False,True,False,True,False,False,not_run_round2_closure_localization,,,
R2_0507_C8_123_SAT_fNa0.25_Keq10_sat100_B21,C8_123_SAT,0.25,0.75,10.0,100.0,21.0,Na_K_capacity_x_equilibrium_x_saturation,2.4314241102905183,"[0.0043418337668378664, -0.01497361185544514, 0.005315889044303636, -0.01594766713291091]","[0.01055683930356309, -0.036407200883461256, 0.012925180789949081, -0.03877554236984725]","[0.049440177980043076, -0.036407200883461256, -0.025958157886530907, 0.03899113498311272]",0.07722661486171993,0.049440177980043076,0.0017226542832377433,False,True,False,True,False,False,not_run_round2_closure_localization,,,
R2_0508_C8_123_SAT_fNa0.25_Keq100_sat0.01_B21,C8_123_SAT,0.25,0.75,100.0,0.01,21.0,Na_K_capacity_x_equilibrium_x_saturation,0.0002606521300790852,"[8.666976273346055, -149.97358993389986, 70.6533068302769, -211.9599204908307]","[0.002259065826992541, -0.03909093567187825, 0.018415934922442853, -0.05524780476732856]","[0.04114240450347253, -0.03909093567187825, -0.020467403754037133, 0.022518872585631414]",0.06439575249182942,0.04114240450347253,0.001433533256179536,False,True,False,True,False,False,not_run_round2_closure_localization,,,
R2_0509_C8_123_SAT_fNa0.25_Keq100_sat0.1_B21,C8_123_SAT,0.25,0.75,100.0,0.1,21.0,Na_K_capacity_x_equilibrium_x_saturation,0.0026065212852039925,"[0.8666976776128269, -14.997359084740129, 7.065330703563651, -21.195992110690952]","[0.002259065944534701, -0.03909093567622261, 0.018415934865843957, -0.05524780459753186]","[0.041142404621014685, -0.03909093567622261, -0.02046740381063603, 0.02251887275542811]",0.06439575264693057,0.041142404621014685,0.0014335332602750815,False,True,False,True,False,False,not_run_round2_closure_localization,,,
R2_0510_C8_123_SAT_fNa0.25_Keq100_sat1_B21,C8_123_SAT,0.25,0.75,100.0,1.0,21.0,Na_K_capacity_x_equilibrium_x_saturation,0.02606521283645307,"[0.08666976826406496, -1.4997359093875142, 0.7065330705617247, -2.119599211685174]","[0.002259065956288919, -0.03909093567665706, 0.018415934860184068, -0.0552478045805522]","[0.04114240463276891, -0.03909093567665706, -0.02046740381629592, 0.022518872772407772]",0.06439575266244069,0.04114240463276891,0.0014335332606846363,False,True,False,True,False,False,not_run_round2_closure_localization,,,
R2_0511_C8_123_SAT_fNa0.25_Keq100_sat10_B21,C8_123_SAT,0.25,0.75,100.0,10.0,21.0,Na_K_capacity_x_equilibrium_x_saturation,0.26065212834894386,"[0.008666976831434317, -0.14997359094788643, 0.07065330705822606, -0.21195992117467818]","[0.0022590659574643402, -0.039090935676700495, 0.01841593485961808, -0.05524780457885424]","[0.04114240463394433, -0.039090935676700495, -0.020467403816861907, 0.022518872774105733]",0.06439575266399168,0.04114240463394433,0.0014335332607255918,False,True,False,True,False,False,not_run_round2_closure_localization,,,
R2_0512_C8_123_SAT_fNa0.25_Keq100_sat100_B21,C8_123_SAT,0.25,0.75,100.0,100.0,21.0,Na_K_capacity_x_equilibrium_x_saturation,2.606521283473852,"[0.0008666976831937101, -0.014997359094879993, 0.007065330705843142, -0.021195992117529424]","[0.002259065957581883, -0.039090935676704845, 0.01841593485956148, -0.05524780457868444]","[0.041142404634061866, -0.039090935676704845, -0.020467403816918507, 0.022518872774275535]",0.0643957526641468,0.041142404634061866,0.0014335332607296875,False,True,False,True,False,False,not_run_round2_closure_localization,,,
R2_0513_C8_123_SAT_fNa0.48387097_Keq0.01_sat0.01_B21,C8_123_SAT,0.48387096774193544,0.5161290322580645,0.01,0.01,21.0,Na_K_capacity_x_equilibrium_x_saturation,0.0,"[96.76055821352024, -6.566733321972048, -45.096912445774095, 135.2907373373223]","[0.0, -0.0, -0.0, 0.0]","[0.03888333867647999, -0.0, -0.03888333867647999, 0.07776667735295997]",0.09524433925320216,0.07776667735295997,0.0027096403272154363,False,True,False,True,False,False,not_run_round2_closure_localization,,,
R2_0514_C8_123_SAT_fNa0.48387097_Keq0.01_sat0.1_B21,C8_123_SAT,0.48387096774193544,0.5161290322580645,0.01,0.1,21.0,Na_K_capacity_x_equilibrium_x_saturation,0.0,"[9.676055830919257, -0.6566735449310459, -4.509691142994106, 13.529073428982317]","[0.0, -0.0, -0.0, 0.0]","[0.03888333867647999, -0.0, -0.03888333867647999, 0.07776667735295997]",0.09524433925320216,0.07776667735295997,0.0027096403272154363,False,True,False,True,False,False,not_run_round2_closure_localization,,,
R2_0515_C8_123_SAT_fNa0.48387097_Keq0.01_sat1_B21,C8_123_SAT,0.48387096774193544,0.5161290322580645,0.01,1.0,21.0,Na_K_capacity_x_equilibrium_x_saturation,0.0,"[0.967605583187598, -0.06566735662044375, -0.45096911328357714, 1.3529073398507314]","[0.0, -0.0, -0.0, 0.0]","[0.03888333867647999, -0.0, -0.03888333867647999, 0.07776667735295997]",0.09524433925320216,0.07776667735295997,0.0027096403272154363,False,True,False,True,False,False,not_run_round2_closure_localization,,,
R2_0516_C8_123_SAT_fNa0.48387097_Keq0.01_sat10_B21,C8_123_SAT,0.48387096774193544,0.5161290322580645,0.01,10.0,21.0,Na_K_capacity_x_equilibrium_x_saturation,0.0,"[0.09676055831971653, -0.006566735683317768, -0.04509691131819938, 0.13529073395459815]","[0.0, -0.0, -0.0, 0.0]","[0.03888333867647999, -0.0, -0.03888333867647999, 0.07776667735295997]",0.09524433925320216,0.07776667735295997,0.0027096403272154363,False,True,False,True,False,False,not_run_round2_closure_localization,,,
R2_0517_C8_123_SAT_fNa0.48387097_Keq0.01_sat100_B21,C8_123_SAT,0.48387096774193544,0.5161290322580645,0.01,100.0,21.0,Na_K_capacity_x_equilibrium_x_saturation,0.0,"[0.00967605583198122, -0.0006566735685445107, -0.004509691131718355, 0.013529073395155064]","[0.0, -0.0, -0.0, 0.0]","[0.03888333867647999, -0.0, -0.03888333867647999, 0.07776667735295997]",0.09524433925320216,0.07776667735295997,0.0027096403272154363,False,True,False,True,False,False,not_run_round2_closure_localization,,,
R2_0518_C8_123_SAT_fNa0.48387097_Keq0.1_sat0.01_B21,C8_123_SAT,0.48387096774193544,0.5161290322580645,0.1,0.01,21.0,Na_K_capacity_x_equilibrium_x_saturation,0.0,"[96.63792732499343, -86.52088392428008, -5.058521700356671, 15.175565101070013]","[0.0, -0.0, -0.0, 0.0]","[0.03888333867647999, -0.0, -0.03888333867647999, 0.07776667735295997]",0.09524433925320216,0.07776667735295997,0.0027096403272154363,False,True,False,True,False,False,not_run_round2_closure_localization,,,
R2_0519_C8_123_SAT_fNa0.48387097_Keq0.1_sat0.1_B21,C8_123_SAT,0.48387096774193544,0.5161290322580645,0.1,0.1,21.0,Na_K_capacity_x_equilibrium_x_saturation,0.0,"[9.6637927626961, -8.652089924254458, -0.5058514192208214, 1.5175542576624643]","[0.0, -0.0, -0.0, 0.0]","[0.03888333867647999, -0.0, -0.03888333867647999, 0.07776667735295997]",0.09524433925320216,0.07776667735295997,0.0027096403272154363,False,True,False,True,False,False,not_run_round2_closure_localization,,,
R2_0520_C8_123_SAT_fNa0.48387097_Keq0.1_sat1_B21,C8_123_SAT,0.48387096774193544,0.5161290322580645,0.1,1.0,21.0,Na_K_capacity_x_equilibrium_x_saturation,0.0,"[0.9663792765715778, -0.8652090077437133, -0.05058513441393225, 0.15175540324179676]","[0.0, -0.0, -0.0, 0.0]","[0.03888333867647999, -0.0, -0.03888333867647999, 0.07776667735295997]",0.09524433925320216,0.07776667735295997,0.0027096403272154363,False,True,False,True,False,False,not_run_round2_closure_localization,,,
R2_0521_C8_123_SAT_fNa0.48387097_Keq0.1_sat10_B21,C8_123_SAT,0.48387096774193544,0.5161290322580645,0.1,10.0,21.0,Na_K_capacity_x_equilibrium_x_saturation,0.0,"[0.09663792766017747, -0.08652090092755402, -0.005058513366311725, 0.015175540098935174]","[0.0, -0.0, -0.0, 0.0]","[0.03888333867647999, -0.0, -0.03888333867647999, 0.07776667735295997]",0.09524433925320216,0.07776667735295997,0.0027096403272154363,False,True,False,True,False,False,not_run_round2_closure_localization,,,
R2_0522_C8_123_SAT_fNa0.48387097_Keq0.1_sat100_B21,C8_123_SAT,0.48387096774193544,0.5161290322580645,0.1,100.0,21.0,Na_K_capacity_x_equilibrium_x_saturation,0.0,"[0.009663792766047943, -0.00865209009428723, -0.0005058513358803564, 0.0015175540076410692]","[0.0, -0.0, -0.0, 0.0]","[0.03888333867647999, -0.0, -0.03888333867647999, 0.07776667735295997]",0.09524433925320216,0.07776667735295997,0.0027096403272154363,False,True,False,True,False,False,not_run_round2_closure_localization,,,
R2_0523_C8_123_SAT_fNa0.48387097_Keq1_sat0.01_B21,C8_123_SAT,0.48387096774193544,0.5161290322580645,1.0,0.01,21.0,Na_K_capacity_x_equilibrium_x_saturation,0.0,"[95.4201135653786, -101.4241043328116, 3.0019953837164977, -9.005986151149493]","[0.0, -0.0, 0.0, -0.0]","[0.03888333867647999, -0.0, -0.03888333867647999, 0.07776667735295997]",0.09524433925320216,0.07776667735295997,0.0027096403272154363,False,True,True,True,False,False,not_run_round2_closure_localization,,,
R2_0524_C8_123_SAT_fNa0.48387097_Keq1_sat0.1_B21,C8_123_SAT,0.48387096774193544,0.5161290322580645,1.0,0.1,21.0,Na_K_capacity_x_equilibrium_x_saturation,0.0,"[9.542011450231366, -10.142411045726208, 0.3001997977474211, -0.9005993932422633]","[0.0, -0.0, 0.0, -0.0]","[0.03888333867647999, -0.0, -0.03888333867647999, 0.07776667735295997]",0.09524433925320216,0.07776667735295997,0.0027096403272154363,False,True,True,True,False,False,not_run_round2_closure_localization,,,
R2_0525_C8_123_SAT_fNa0.48387097_Keq1_sat1_B21,C8_123_SAT,0.48387096774193544,0.5161290322580645,1.0,1.0,21.0,Na_K_capacity_x_equilibrium_x_saturation,0.0,"[0.9542011459600717, -1.014241110697072, 0.03001998236850012, -0.09005994710550036]","[0.0, -0.0, 0.0, -0.0]","[0.03888333867647999, -0.0, -0.03888333867647999, 0.07776667735295997]",0.09524433925320216,0.07776667735295997,0.0027096403272154363,False,True,True,True,False,False,not_run_round2_closure_localization,,,
R2_0526_C8_123_SAT_fNa0.48387097_Keq1_sat10_B21,C8_123_SAT,0.48387096774193544,0.5161290322580645,1.0,10.0,21.0,Na_K_capacity_x_equilibrium_x_saturation,0.0,"[0.09542011460537651, -0.1014241111309517, 0.003001998262787596, -0.009005994788362788]","[0.0, -0.0, 0.0, -0.0]","[0.03888333867647999, -0.0, -0.03888333867647999, 0.07776667735295997]",0.09524433925320216,0.07776667735295997,0.0027096403272154363,False,True,True,True,False,False,not_run_round2_closure_localization,,,
R2_0527_C8_123_SAT_fNa0.48387097_Keq1_sat100_B21,C8_123_SAT,0.48387096774193544,0.5161290322580645,1.0,100.0,21.0,Na_K_capacity_x_equilibrium_x_saturation,0.0,"[0.009542011460631347, -0.010142411113707615, 0.00030019982653813407, -0.0009005994796144022]","[0.0, -0.0, 0.0, -0.0]","[0.03888333867647999, -0.0, -0.03888333867647999, 0.07776667735295997]",0.09524433925320216,0.07776667735295997,0.0027096403272154363,False,True,True,True,False,False,not_run_round2_closure_localization,,,
R2_0528_C8_123_SAT_fNa0.48387097_Keq10_sat0.01_B21,C8_123_SAT,0.48387096774193544,0.5161290322580645,10.0,0.01,21.0,Na_K_capacity_x_equilibrium_x_saturation,0.0,"[84.0354895341119, -103.04420841474355, 9.504359440315824, -28.51307832094747]","[0.0, -0.0, 0.0, -0.0]","[0.03888333867647999, -0.0, -0.03888333867647999, 0.07776667735295997]",0.09524433925320216,0.07776667735295997,0.0027096403272154363,False,True,False,True,False,False,not_run_round2_closure_localization,,,
R2_0529_C8_123_SAT_fNa0.48387097_Keq10_sat0.1_B21,C8_123_SAT,0.48387096774193544,0.5161290322580645,10.0,0.1,21.0,Na_K_capacity_x_equilibrium_x_saturation,0.0,"[8.40354919888969, -10.304421039797804, 0.9504359204540567, -2.85130776136217]","[0.0, -0.0, 0.0, -0.0]","[0.03888333867647999, -0.0, -0.03888333867647999, 0.07776667735295997]",0.09524433925320216,0.07776667735295997,0.0027096403272154363,False,True,False,True,False,False,not_run_round2_closure_localization,,,
R2_0530_C8_123_SAT_fNa0.48387097_Keq10_sat1_B21,C8_123_SAT,0.48387096774193544,0.5161290322580645,10.0,1.0,21.0,Na_K_capacity_x_equilibrium_x_saturation,0.0,"[0.8403549223437542, -1.0304421059630149, 0.09504359180963035, -0.28513077542889104]","[0.0, -0.0, 0.0, -0.0]","[0.03888333867647999, -0.0, -0.03888333867647999, 0.07776667735295997]",0.09524433925320216,0.07776667735295997,0.0027096403272154363,False,True,False,True,False,False,not_run_round2_closure_localization,,,
R2_0531_C8_123_SAT_fNa0.48387097_Keq10_sat10_B21,C8_123_SAT,0.48387096774193544,0.5161290322580645,10.0,10.0,21.0,Na_K_capacity_x_equilibrium_x_saturation,0.0,"[0.08403549225892328, -0.10304421061613384, 0.00950435917860528, -0.02851307753581584]","[0.0, -0.0, 0.0, -0.0]","[0.03888333867647999, -0.0, -0.03888333867647999, 0.07776667735295997]",0.09524433925320216,0.07776667735295997,0.0027096403272154363,False,True,False,True,False,False,not_run_round2_closure_localization,,,
R2_0532_C8_123_SAT_fNa0.48387097_Keq10_sat100_B21,C8_123_SAT,0.48387096774193544,0.5161290322580645,10.0,100.0,21.0,Na_K_capacity_x_equilibrium_x_saturation,0.0,"[0.008403549226137806, -0.010304421061811708, 0.0009504359178369509, -0.0028513077535108526]","[0.0, -0.0, 0.0, -0.0]","[0.03888333867647999, -0.0, -0.03888333867647999, 0.07776667735295997]",0.09524433925320216,0.07776667735295997,0.0027096403272154363,False,True,False,True,False,False,not_run_round2_closure_localization,,,
R2_0533_C8_123_SAT_fNa0.48387097_Keq100_sat0.01_B21,C8_123_SAT,0.48387096774193544,0.5161290322580645,100.0,0.01,21.0,Na_K_capacity_x_equilibrium_x_saturation,0.00037523156197685607,"[16.774792787121395, -103.20763178246872, 43.21641949767366, -129.649258493021]","[0.00629443169934966, -0.03872676088166795, 0.016216164591159144, -0.04864849377347744]","[0.045177770375829644, -0.03872676088166795, -0.022667174085320842, 0.02911818357948253]",0.07001758593738978,0.045177770375829644,0.0015741383388400627,False,True,False,True,False,False,not_run_round2_closure_localization,,,
R2_0534_C8_123_SAT_fNa0.48387097_Keq100_sat0.1_B21,C8_123_SAT,0.48387096774193544,0.5161290322580645,100.0,0.1,21.0,Na_K_capacity_x_equilibrium_x_saturation,0.0037523155894410177,"[1.677479376024826, -10.320763241111486, 4.32164193254333, -12.964925797629991]","[0.006294432013623746, -0.03872676080455243, 0.016216164395464343, -0.04864849318639304]","[0.04517777069010373, -0.03872676080455243, -0.022667174281015643, 0.029118184166566932]",0.07001758640502156,0.04517777069010373,0.0015741383497903793,False,True,False,True,False,False,not_run_round2_closure_localization,,,
R2_0535_C8_123_SAT_fNa0.48387097_Keq100_sat1_B21,C8_123_SAT,0.48387096774193544,0.5161290322580645,100.0,1.0,21.0,Na_K_capacity_x_equilibrium_x_saturation,0.03752315586408264,"[0.16774793857560957, -1.0320763247397946, 0.43216419308209253, -1.2964925792462776]","[0.006294432045051159, -0.038726760796840884, 0.016216164375894862, -0.048648493127684586]","[0.045177770721531146, -0.038726760796840884, -0.022667174300585125, 0.029118184225275387]",0.07001758645178476,0.045177770721531146,0.0015741383508854113,False,True,False,True,False,False,not_run_round2_closure_localization,,,
R2_0536_C8_123_SAT_fNa0.48387097_Keq100_sat10_B21,C8_123_SAT,0.48387096774193544,0.5161290322580645,100.0,10.0,21.0,Na_K_capacity_x_equilibrium_x_saturation,0.3752315586104988,"[0.016774793867292224, -0.10320763248026593, 0.043216419306486856, -0.12964925791946058]","[0.006294432048193898, -0.03872676079606972, 0.016216164373937914, -0.04864849312181375]","[0.04517777072467388, -0.03872676079606972, -0.022667174302542073, 0.029118184231146226]",0.07001758645646107,0.04517777072467388,0.0015741383509949142,False,True,False,True,False,False,not_run_round2_closure_localization,,,
R2_0537_C8_123_SAT_fNa0.48387097_Keq100_sat100_B21,C8_123_SAT,0.48387096774193544,0.5161290322580645,100.0,100.0,21.0,Na_K_capacity_x_equilibrium_x_saturation,3.7523155860746606,"[0.0016774793868265356, -0.010320763248089457, 0.004321641930631461, -0.012964925791894382]","[0.006294432048508174, -0.03872676079599261, 0.01621616437374222, -0.048648493121226655]","[0.04517777072498816, -0.03872676079599261, -0.022667174302737767, 0.02911818423173332]",0.07001758645692871,0.04517777072498816,0.0015741383510058647,False,True,False,True,False,False,not_run_round2_closure_localization,,,
R2_0538_C8_123_SAT_fNa0.5_Keq0.01_sat0.01_B21,C8_123_SAT,0.5,0.5,0.01,0.01,21.0,Na_K_capacity_x_equilibrium_x_saturation,0.0,"[99.98591015397092, -6.361522905660422, -46.81219362415525, 140.43658087246575]","[0.0, -0.0, -0.0, 0.0]","[0.03888333867647999, -0.0, -0.03888333867647999, 0.07776667735295997]",0.09524433925320216,0.07776667735295997,0.0027096403272154363,False,True,False,True,False,False,not_run_round2_closure_localization,,,
R2_0539_C8_123_SAT_fNa0.5_Keq0.01_sat0.1_B21,C8_123_SAT,0.5,0.5,0.01,0.1,21.0,Na_K_capacity_x_equilibrium_x_saturation,0.0,"[9.998591025283233, -0.6361524966519507, -4.681219264315641, 14.043657792946924]","[0.0, -0.0, -0.0, 0.0]","[0.03888333867647999, -0.0, -0.03888333867647999, 0.07776667735295997]",0.09524433925320216,0.07776667735295997,0.0027096403272154363,False,True,False,True,False,False,not_run_round2_closure_localization,,,
R2_0540_C8_123_SAT_fNa0.5_Keq0.01_sat1_B21,C8_123_SAT,0.5,0.5,0.01,1.0,21.0,Na_K_capacity_x_equilibrium_x_saturation,0.0,"[0.9998591026271847, -0.06361525172605488, -0.4681219254505649, 1.4043657763516948]","[0.0, -0.0, -0.0, 0.0]","[0.03888333867647999, -0.0, -0.03888333867647999, 0.07776667735295997]",0.09524433925320216,0.07776667735295997,0.0027096403272154363,False,True,False,True,False,False,not_run_round2_closure_localization,,,
R2_0541_C8_123_SAT_fNa0.5_Keq0.01_sat10_B21,C8_123_SAT,0.5,0.5,0.01,10.0,21.0,Na_K_capacity_x_equilibrium_x_saturation,0.0,"[0.09998591026370708, -0.006361525193214088, -0.046812192535246495, 0.1404365776057395]","[0.0, -0.0, -0.0, 0.0]","[0.03888333867647999, -0.0, -0.03888333867647999, 0.07776667735295997]",0.09524433925320216,0.07776667735295997,0.0027096403272154363,False,True,False,True,False,False,not_run_round2_closure_localization,,,
R2_0542_C8_123_SAT_fNa0.5_Keq0.01_sat100_B21,C8_123_SAT,0.5,0.5,0.01,100.0,21.0,Na_K_capacity_x_equilibrium_x_saturation,0.0,"[0.009998591026380595, -0.0006361525195274948, -0.00468121925342655, 0.01404365776027965]","[0.0, -0.0, -0.0, 0.0]","[0.03888333867647999, -0.0, -0.03888333867647999, 0.07776667735295997]",0.09524433925320216,0.07776667735295997,0.0027096403272154363,False,True,False,True,False,False,not_run_round2_closure_localization,,,
R2_0543_C8_123_SAT_fNa0.5_Keq0.1_sat0.01_B21,C8_123_SAT,0.5,0.5,0.1,0.01,21.0,Na_K_capacity_x_equilibrium_x_saturation,0.0,"[99.85919156915989, -83.81710630164633, -8.021042633756778, 24.063127901270335]","[0.0, -0.0, -0.0, 0.0]","[0.03888333867647999, -0.0, -0.03888333867647999, 0.07776667735295997]",0.09524433925320216,0.07776667735295997,0.0027096403272154363,False,True,False,True,False,False,not_run_round2_closure_localization,,,
R2_0544_C8_123_SAT_fNa0.5_Keq0.1_sat0.1_B21,C8_123_SAT,0.5,0.5,0.1,0.1,21.0,Na_K_capacity_x_equilibrium_x_saturation,0.0,"[9.985919188119306, -8.381712114121507, -0.8021035369988994, 2.406310610996698]","[0.0, -0.0, -0.0, 0.0]","[0.03888333867647999, -0.0, -0.03888333867647999, 0.07776667735295997]",0.09524433925320216,0.07776667735295997,0.0027096403272154363,False,True,False,True,False,False,not_run_round2_closure_localization,,,
R2_0545_C8_123_SAT_fNa0.5_Keq0.1_sat1_B21,C8_123_SAT,0.5,0.5,0.1,1.0,21.0,Na_K_capacity_x_equilibrium_x_saturation,0.0,"[0.9985919191239638, -0.8381712262517224, -0.08021034643612074, 0.24063103930836222]","[0.0, -0.0, -0.0, 0.0]","[0.03888333867647999, -0.0, -0.03888333867647999, 0.07776667735295997]",0.09524433925320216,0.07776667735295997,0.0027096403272154363,False,True,False,True,False,False,not_run_round2_closure_localization,,,
R2_0546_C8_123_SAT_fNa0.5_Keq0.1_sat10_B21,C8_123_SAT,0.5,0.5,0.1,10.0,21.0,Na_K_capacity_x_equilibrium_x_saturation,0.0,"[0.09985919191551672, -0.08381712277356795, -0.008021034570974382, 0.024063103712923146]","[0.0, -0.0, -0.0, 0.0]","[0.03888333867647999, -0.0, -0.03888333867647999, 0.07776667735295997]",0.09524433925320216,0.07776667735295997,0.0027096403272154363,False,True,False,True,False,False,not_run_round2_closure_localization,,,
R2_0547_C8_123_SAT_fNa0.5_Keq0.1_sat100_B21,C8_123_SAT,0.5,0.5,0.1,100.0,21.0,Na_K_capacity_x_equilibrium_x_saturation,0.0,"[0.009985919191582876, -0.008381712278840754, -0.0008021034563710609, 0.0024063103691131828]","[0.0, -0.0, -0.0, 0.0]","[0.03888333867647999, -0.0, -0.03888333867647999, 0.07776667735295997]",0.09524433925320216,0.07776667735295997,0.0027096403272154363,False,True,False,True,False,False,not_run_round2_closure_localization,,,
R2_0548_C8_123_SAT_fNa0.5_Keq1_sat0.01_B21,C8_123_SAT,0.5,0.5,1.0,0.01,21.0,Na_K_capacity_x_equilibrium_x_saturation,0.0,"[98.6007840175579, -98.25460107241123, -0.1730914725733328, 0.5192744177199984]","[0.0, -0.0, -0.0, 0.0]","[0.03888333867647999, -0.0, -0.03888333867647999, 0.07776667735295997]",0.09524433925320216,0.07776667735295997,0.0027096403272154363,False,True,True,True,False,False,not_run_round2_closure_localization,,,
R2_0549_C8_123_SAT_fNa0.5_Keq1_sat0.1_B21,C8_123_SAT,0.5,0.5,1.0,0.1,21.0,Na_K_capacity_x_equilibrium_x_saturation,0.0,"[9.860078498572411, -9.825460700547264, -0.017308899012573598, 0.05192669703772079]","[0.0, -0.0, -0.0, 0.0]","[0.03888333867647999, -0.0, -0.03888333867647999, 0.07776667735295997]",0.09524433925320216,0.07776667735295997,0.0027096403272154363,False,True,True,True,False,False,not_run_round2_closure_localization,,,
R2_0550_C8_123_SAT_fNa0.5_Keq1_sat1_B21,C8_123_SAT,0.5,0.5,1.0,1.0,21.0,Na_K_capacity_x_equilibrium_x_saturation,0.0,"[0.9860078508254074, -0.9825460759877884, -0.0017308874188095014, 0.005192662256428504]","[0.0, -0.0, -0.0, 0.0]","[0.03888333867647999, -0.0, -0.03888333867647999, 0.07776667735295997]",0.09524433925320216,0.07776667735295997,0.0027096403272154363,False,True,True,True,False,False,not_run_round2_closure_localization,,,
R2_0551_C8_123_SAT_fNa0.5_Keq1_sat10_B21,C8_123_SAT,0.5,0.5,1.0,10.0,21.0,Na_K_capacity_x_equilibrium_x_saturation,0.0,"[0.0986007850922224, -0.09825460765810946, -0.00017308871705647155, 0.0005192661511694147]","[0.0, -0.0, -0.0, 0.0]","[0.03888333867647999, -0.0, -0.03888333867647999, 0.07776667735295997]",0.09524433925320216,0.07776667735295997,0.0027096403272154363,False,True,True,True,False,False,not_run_round2_closure_localization,,,
R2_0552_C8_123_SAT_fNa0.5_Keq1_sat100_B21,C8_123_SAT,0.5,0.5,1.0,100.0,21.0,Na_K_capacity_x_equilibrium_x_saturation,0.0,"[0.009860078509319059, -0.009825460766404252, -1.730887145740337e-05, 5.1926614372210106e-05]","[0.0, -0.0, -0.0, 0.0]","[0.03888333867647999, -0.0, -0.03888333867647999, 0.07776667735295997]",0.09524433925320216,0.07776667735295997,0.0027096403272154363,False,True,True,True,False,False,not_run_round2_closure_localization,,,
R2_0553_C8_123_SAT_fNa0.5_Keq10_sat0.01_B21,C8_123_SAT,0.5,0.5,10.0,0.01,21.0,Na_K_capacity_x_equilibrium_x_saturation,0.0,"[86.8366725185823, -99.82407690178282, 6.493702191600256, -19.48110657480077]","[0.0, -0.0, 0.0, -0.0]","[0.03888333867647999, -0.0, -0.03888333867647999, 0.07776667735295997]",0.09524433925320216,0.07776667735295997,0.0027096403272154363,False,True,False,True,False,False,not_run_round2_closure_localization,,,
R2_0554_C8_123_SAT_fNa0.5_Keq10_sat0.1_B21,C8_123_SAT,0.5,0.5,10.0,0.1,21.0,Na_K_capacity_x_equilibrium_x_saturation,0.0,"[8.683667505519347, -9.982407882304123, 0.6493701883923881, -1.9481105651771644]","[0.0, -0.0, 0.0, -0.0]","[0.03888333867647999, -0.0, -0.03888333867647999, 0.07776667735295997]",0.09524433925320216,0.07776667735295997,0.0027096403272154363,False,True,False,True,False,False,not_run_round2_closure_localization,,,
R2_0555_C8_123_SAT_fNa0.5_Keq10_sat1_B21,C8_123_SAT,0.5,0.5,10.0,1.0,21.0,Na_K_capacity_x_equilibrium_x_saturation,0.0,"[0.868366753088546, -0.9982407901516708, 0.06493701853156236, -0.1948110555946871]","[0.0, -0.0, 0.0, -0.0]","[0.03888333867647999, -0.0, -0.03888333867647999, 0.07776667735295997]",0.09524433925320216,0.07776667735295997,0.0027096403272154363,False,True,False,True,False,False,not_run_round2_closure_localization,,,
R2_0556_C8_123_SAT_fNa0.5_Keq10_sat10_B21,C8_123_SAT,0.5,0.5,10.0,10.0,21.0,Na_K_capacity_x_equilibrium_x_saturation,0.0,"[0.08683667533422072, -0.09982407903437966, 0.00649370185007947, -0.01948110555023841]","[0.0, -0.0, 0.0, -0.0]","[0.03888333867647999, -0.0, -0.03888333867647999, 0.07776667735295997]",0.09524433925320216,0.07776667735295997,0.0027096403272154363,False,True,False,True,False,False,not_run_round2_closure_localization,,,
R2_0557_C8_123_SAT_fNa0.5_Keq10_sat100_B21,C8_123_SAT,0.5,0.5,10.0,100.0,21.0,Na_K_capacity_x_equilibrium_x_saturation,0.0,"[0.008683667533675733, -0.009982407903630093, 0.0006493701849771801, -0.0019481105549315402]","[0.0, -0.0, 0.0, -0.0]","[0.03888333867647999, -0.0, -0.03888333867647999, 0.07776667735295997]",0.09524433925320216,0.07776667735295997,0.0027096403272154363,False,True,False,True,False,False,not_run_round2_closure_localization,,,
R2_0558_C8_123_SAT_fNa0.5_Keq100_sat0.01_B21,C8_123_SAT,0.5,0.5,100.0,0.01,21.0,Na_K_capacity_x_equilibrium_x_saturation,0.0003862723376681431,"[17.33395254669211, -99.98239328926658, 41.32422037128724, -123.97266111386172]","[0.006695626371239424, -0.038620432781500666, 0.015962403205130624, -0.04788720961539187]","[0.04557896504771941, -0.038620432781500666, -0.022920935471349362, 0.029879467737568104]",0.07061962728741758,0.04557896504771941,0.0015881172472682777,False,True,False,True,False,False,not_run_round2_closure_localization,,,
R2_0559_C8_123_SAT_fNa0.5_Keq100_sat0.1_B21,C8_123_SAT,0.5,0.5,100.0,0.1,21.0,Na_K_capacity_x_equilibrium_x_saturation,0.003862723343703557,"[1.7333953552256538, -9.998239389826752, 4.1324220173005495, -12.39726605190165]","[0.006695626702497452, -0.03862043268702021, 0.015962402992261378, -0.04788720897678413]","[0.04557896537897744, -0.03862043268702021, -0.02292093568421861, 0.02987946837617584]",0.07061962778883546,0.04557896537897744,0.0015881172588103692,False,True,False,True,False,False,not_run_round2_closure_localization,,,
R2_0560_C8_123_SAT_fNa0.5_Keq100_sat1_B21,C8_123_SAT,0.5,0.5,100.0,1.0,21.0,Na_K_capacity_x_equilibrium_x_saturation,0.038627233404057694,"[0.17333953652812992, -0.9998239395916761, 0.4132422015317731, -1.2397266045953192]","[0.006695626735623259, -0.038620432677572154, 0.015962402970974447, -0.04788720891292334]","[0.045578965412103246, -0.038620432677572154, -0.02292093570550554, 0.02987946844003663]",0.07061962783897725,0.045578965412103246,0.0015881172599645785,False,True,False,True,False,False,not_run_round2_closure_localization,,,
R2_0561_C8_123_SAT_fNa0.5_Keq100_sat10_B21,C8_123_SAT,0.5,0.5,100.0,10.0,21.0,Na_K_capacity_x_equilibrium_x_saturation,0.3862723340075991,"[0.017333953662868634, -0.09998239396525763, 0.041324220151194496, -0.12397266045358349]","[0.006695626738935838, -0.038620432676627355, 0.015962402968845758, -0.04788720890653727]","[0.045578965415415826, -0.038620432676627355, -0.02292093570763423, 0.029879468446422704]",0.07061962784399142,0.045578965415415826,0.0015881172600799994,False,True,False,True,False,False,not_run_round2_closure_localization,,,
R2_0562_C8_123_SAT_fNa0.5_Keq100_sat100_B21,C8_123_SAT,0.5,0.5,100.0,100.0,21.0,Na_K_capacity_x_equilibrium_x_saturation,3.862723340043013,"[0.0017333953663874202, -0.009998239396586662, 0.0041324220150996205, -0.012397266045298862]","[0.006695626739267099, -0.038620432676532875, 0.015962402968632886, -0.04788720890589866]","[0.04557896541574709, -0.038620432676532875, -0.0229209357078471, 0.02987946844706131]",0.07061962784449285,0.04557896541574709,0.0015881172600915414,False,True,False,True,False,False,not_run_round2_closure_localization,,,
R2_0563_C8_123_SAT_fNa0.75_Keq0.01_sat0.01_B21,C8_123_SAT,0.75,0.25,0.01,0.01,21.0,Na_K_capacity_x_equilibrium_x_saturation,0.0,"[149.9788652309564, -3.180761452830211, -73.39905188906309, 220.19715566718926]","[0.0, -0.0, -0.0, 0.0]","[0.03888333867647999, -0.0, -0.03888333867647999, 0.07776667735295997]",0.09524433925320216,0.07776667735295997,0.0027096403272154363,False,True,False,True,False,False,not_run_round2_closure_localization,,,
R2_0564_C8_123_SAT_fNa0.75_Keq0.01_sat0.1_B21,C8_123_SAT,0.75,0.25,0.01,0.1,21.0,Na_K_capacity_x_equilibrium_x_saturation,0.0,"[14.997886537924849, -0.31807624832597536, -7.339905144799436, 22.019715434398307]","[0.0, -0.0, -0.0, 0.0]","[0.03888333867647999, -0.0, -0.03888333867647999, 0.07776667735295997]",0.09524433925320216,0.07776667735295997,0.0027096403272154363,False,True,False,True,False,False,not_run_round2_closure_localization,,,
R2_0565_C8_123_SAT_fNa0.75_Keq0.01_sat1_B21,C8_123_SAT,0.75,0.25,0.01,1.0,21.0,Na_K_capacity_x_equilibrium_x_saturation,0.0,"[1.499788653940777, -0.03180762586302744, -0.7339905140388747, 2.201971542116624]","[0.0, -0.0, -0.0, 0.0]","[0.03888333867647999, -0.0, -0.03888333867647999, 0.07776667735295997]",0.09524433925320216,0.07776667735295997,0.0027096403272154363,False,True,False,True,False,False,not_run_round2_closure_localization,,,
R2_0566_C8_123_SAT_fNa0.75_Keq0.01_sat10_B21,C8_123_SAT,0.75,0.25,0.01,10.0,21.0,Na_K_capacity_x_equilibrium_x_saturation,0.0,"[0.14997886539556063, -0.003180762596607044, -0.07339905139947679, 0.2201971541984304]","[0.0, -0.0, -0.0, 0.0]","[0.03888333867647999, -0.0, -0.03888333867647999, 0.07776667735295997]",0.09524433925320216,0.07776667735295997,0.0027096403272154363,False,True,False,True,False,False,not_run_round2_closure_localization,,,
R2_0567_C8_123_SAT_fNa0.75_Keq0.01_sat100_B21,C8_123_SAT,0.75,0.25,0.01,100.0,21.0,Na_K_capacity_x_equilibrium_x_saturation,0.0,"[0.014997886539570893, -0.0003180762597637474, -0.007339905139903573, 0.02201971541971072]","[0.0, -0.0, -0.0, 0.0]","[0.03888333867647999, -0.0, -0.03888333867647999, 0.07776667735295997]",0.09524433925320216,0.07776667735295997,0.0027096403272154363,False,True,False,True,False,False,not_run_round2_closure_localization,,,
R2_0568_C8_123_SAT_fNa0.75_Keq0.1_sat0.01_B21,C8_123_SAT,0.75,0.25,0.1,0.01,21.0,Na_K_capacity_x_equilibrium_x_saturation,0.0,"[149.78878735373985, -41.90855315082317, -53.94011710145834, 161.82035130437504]","[0.0, -0.0, -0.0, 0.0]","[0.03888333867647999, -0.0, -0.03888333867647999, 0.07776667735295997]",0.09524433925320216,0.07776667735295997,0.0027096403272154363,False,True,False,True,False,False,not_run_round2_closure_localization,,,
R2_0569_C8_123_SAT_fNa0.75_Keq0.1_sat0.1_B21,C8_123_SAT,0.75,0.25,0.1,0.1,21.0,Na_K_capacity_x_equilibrium_x_saturation,0.0,"[14.97887878217896, -4.190856057060754, -5.3940113625591035, 16.18203408767731]","[0.0, -0.0, -0.0, 0.0]","[0.03888333867647999, -0.0, -0.03888333867647999, 0.07776667735295997]",0.09524433925320216,0.07776667735295997,0.0027096403272154363,False,True,False,True,False,False,not_run_round2_closure_localization,,,
R2_0570_C8_123_SAT_fNa0.75_Keq0.1_sat1_B21,C8_123_SAT,0.75,0.25,0.1,1.0,21.0,Na_K_capacity_x_equilibrium_x_saturation,0.0,"[1.4978878786859458, -0.4190856131258612, -0.5394011327800423, 1.618203398340127]","[0.0, -0.0, -0.0, 0.0]","[0.03888333867647999, -0.0, -0.03888333867647999, 0.07776667735295997]",0.09524433925320216,0.07776667735295997,0.0027096403272154363,False,True,False,True,False,False,not_run_round2_closure_localization,,,
R2_0571_C8_123_SAT_fNa0.75_Keq0.1_sat10_B21,C8_123_SAT,0.75,0.25,0.1,10.0,21.0,Na_K_capacity_x_equilibrium_x_saturation,0.0,"[0.14978878787327507, -0.04190856138678398, -0.05394011324324555, 0.16182033972973664]","[0.0, -0.0, -0.0, 0.0]","[0.03888333867647999, -0.0, -0.03888333867647999, 0.07776667735295997]",0.09524433925320216,0.07776667735295997,0.0027096403272154363,False,True,False,True,False,False,not_run_round2_closure_localization,,,
R2_0572_C8_123_SAT_fNa0.75_Keq0.1_sat100_B21,C8_123_SAT,0.75,0.25,0.1,100.0,21.0,Na_K_capacity_x_equilibrium_x_saturation,0.0,"[0.014978878787374313, -0.004190856139420377, -0.005394011323976967, 0.016182033971930902]","[0.0, -0.0, -0.0, 0.0]","[0.03888333867647999, -0.0, -0.03888333867647999, 0.07776667735295997]",0.09524433925320216,0.07776667735295997,0.0027096403272154363,False,True,False,True,False,False,not_run_round2_closure_localization,,,
R2_0573_C8_123_SAT_fNa0.75_Keq1_sat0.01_B21,C8_123_SAT,0.75,0.25,1.0,0.01,21.0,Na_K_capacity_x_equilibrium_x_saturation,0.0,"[147.90117602633686, -49.12730053620562, -49.38693774506562, 148.16081323519688]","[0.0, -0.0, -0.0, 0.0]","[0.03888333867647999, -0.0, -0.03888333867647999, 0.07776667735295997]",0.09524433925320216,0.07776667735295997,0.0027096403272154363,False,True,True,True,False,False,not_run_round2_closure_localization,,,
R2_0574_C8_123_SAT_fNa0.75_Keq1_sat0.1_B21,C8_123_SAT,0.75,0.25,1.0,0.1,21.0,Na_K_capacity_x_equilibrium_x_saturation,0.0,"[14.790117747858616, -4.912730350273632, -4.938693698792492, 14.816081096377477]","[0.0, -0.0, -0.0, 0.0]","[0.03888333867647999, -0.0, -0.03888333867647999, 0.07776667735295997]",0.09524433925320216,0.07776667735295997,0.0027096403272154363,False,True,True,True,False,False,not_run_round2_closure_localization,,,
R2_0575_C8_123_SAT_fNa0.75_Keq1_sat1_B21,C8_123_SAT,0.75,0.25,1.0,1.0,21.0,Na_K_capacity_x_equilibrium_x_saturation,0.0,"[1.4790117762381112, -0.4912730379938942, -0.4938693691221085, 1.4816081073663254]","[0.0, -0.0, -0.0, 0.0]","[0.03888333867647999, -0.0, -0.03888333867647999, 0.07776667735295997]",0.09524433925320216,0.07776667735295997,0.0027096403272154363,False,True,True,True,False,False,not_run_round2_closure_localization,,,
R2_0576_C8_123_SAT_fNa0.75_Keq1_sat10_B21,C8_123_SAT,0.75,0.25,1.0,10.0,21.0,Na_K_capacity_x_equilibrium_x_saturation,0.0,"[0.1479011776383336, -0.04912730382905473, -0.04938693690463944, 0.14816081071391832]","[0.0, -0.0, -0.0, 0.0]","[0.03888333867647999, -0.0, -0.03888333867647999, 0.07776667735295997]",0.09524433925320216,0.07776667735295997,0.0027096403272154363,False,True,True,True,False,False,not_run_round2_closure_localization,,,
R2_0577_C8_123_SAT_fNa0.75_Keq1_sat100_B21,C8_123_SAT,0.75,0.25,1.0,100.0,21.0,Na_K_capacity_x_equilibrium_x_saturation,0.0,"[0.014790117763978587, -0.004912730383202126, -0.00493869369038823, 0.01481608107116469]","[0.0, -0.0, -0.0, 0.0]","[0.03888333867647999, -0.0, -0.03888333867647999, 0.07776667735295997]",0.09524433925320216,0.07776667735295997,0.0027096403272154363,False,True,True,True,False,False,not_run_round2_closure_localization,,,
R2_0578_C8_123_SAT_fNa0.75_Keq10_sat0.01_B21,C8_123_SAT,0.75,0.25,10.0,0.01,21.0,Na_K_capacity_x_equilibrium_x_saturation,0.0,"[130.25500877787346, -49.91203845089141, -40.17148516349103, 120.51445549047308]","[0.0, -0.0, -0.0, 0.0]","[0.03888333867647999, -0.0, -0.03888333867647999, 0.07776667735295997]",0.09524433925320216,0.07776667735295997,0.0027096403272154363,False,True,False,True,False,False,not_run_round2_closure_localization,,,
R2_0579_C8_123_SAT_fNa0.75_Keq10_sat0.1_B21,C8_123_SAT,0.75,0.25,10.0,0.1,21.0,Na_K_capacity_x_equilibrium_x_saturation,0.0,"[13.025501258279021, -4.991203941152062, -4.01714865856348, 12.05144597569044]","[0.0, -0.0, -0.0, 0.0]","[0.03888333867647999, -0.0, -0.03888333867647999, 0.07776667735295997]",0.09524433925320216,0.07776667735295997,0.0027096403272154363,False,True,False,True,False,False,not_run_round2_closure_localization,,,
R2_0580_C8_123_SAT_fNa0.75_Keq10_sat1_B21,C8_123_SAT,0.75,0.25,10.0,1.0,21.0,Na_K_capacity_x_equilibrium_x_saturation,0.0,"[1.302550129632819, -0.4991203950758354, -0.4017148672784918, 1.2051446018354754]","[0.0, -0.0, -0.0, 0.0]","[0.03888333867647999, -0.0, -0.03888333867647999, 0.07776667735295997]",0.09524433925320216,0.07776667735295997,0.0027096403272154363,False,True,False,True,False,False,not_run_round2_closure_localization,,,
R2_0581_C8_123_SAT_fNa0.75_Keq10_sat10_B21,C8_123_SAT,0.75,0.25,10.0,10.0,21.0,Na_K_capacity_x_equilibrium_x_saturation,0.0,"[0.13025501300133108, -0.04991203951718983, -0.04017148674207062, 0.12051446022621186]","[0.0, -0.0, -0.0, 0.0]","[0.03888333867647999, -0.0, -0.03888333867647999, 0.07776667735295997]",0.09524433925320216,0.07776667735295997,0.0027096403272154363,False,True,False,True,False,False,not_run_round2_closure_localization,,,
R2_0582_C8_123_SAT_fNa0.75_Keq10_sat100_B21,C8_123_SAT,0.75,0.25,10.0,100.0,21.0,Na_K_capacity_x_equilibrium_x_saturation,0.0,"[0.013025501300513598, -0.0049912039518150465, -0.004017148674349276, 0.012051446023047828]","[0.0, -0.0, -0.0, 0.0]","[0.03888333867647999, -0.0, -0.03888333867647999, 0.07776667735295997]",0.09524433925320216,0.07776667735295997,0.0027096403272154363,False,True,False,True,False,False,not_run_round2_closure_localization,,,
R2_0583_C8_123_SAT_fNa0.75_Keq100_sat0.01_B21,C8_123_SAT,0.75,0.25,100.0,0.01,21.0,Na_K_capacity_x_equilibrium_x_saturation,0.000488485664425475,"[26.000928820038165, -49.99119664463329, 11.995133912297563, -35.98540173689269]","[0.012701080990335826, -0.02441998290837827, 0.005859450959021222, -0.01757835287706367]","[0.05158441966681581, -0.02441998290837827, -0.03302388771745876, 0.0601883244758963]",0.08927765387149666,0.0601883244758963,0.0020971541642515455,False,True,False,True,False,False,not_run_round2_closure_localization,,,
R2_0584_C8_123_SAT_fNa0.75_Keq100_sat0.1_B21,C8_123_SAT,0.75,0.25,100.0,0.1,21.0,Na_K_capacity_x_equilibrium_x_saturation,0.004884856199670276,"[2.6000930328384806, -4.999119694913376, 1.1995133310374477, -3.598539993112343]","[0.012701080571180542, -0.024419980834591383, 0.00585945013170542, -0.017578350395116262]","[0.05158441924766053, -0.024419980834591383, -0.03302388854477457, 0.06018832695784371]",0.08927765504134956,0.06018832695784371,0.002097154250730549,False,True,False,True,False,False,not_run_round2_closure_localization,,,
R2_0585_C8_123_SAT_fNa0.75_Keq100_sat1_B21,C8_123_SAT,0.75,0.25,100.0,1.0,21.0,Na_K_capacity_x_equilibrium_x_saturation,0.048848561552118225,"[0.26000930479219486, -0.4999119697958381, 0.1199513325018216, -0.3598539975054648]","[0.012701080529264998, -0.024419980627212665, 0.005859450048973832, -0.017578350146921495]","[0.05158441920574498, -0.024419980627212665, -0.03302388862750615, 0.06018832720603848]",0.08927765515833486,0.06018832720603848,0.0020971542593784505,False,True,False,True,False,False,not_run_round2_closure_localization,,,
R2_0586_C8_123_SAT_fNa0.75_Keq100_sat10_B21,C8_123_SAT,0.75,0.25,100.0,10.0,21.0,Na_K_capacity_x_equilibrium_x_saturation,0.4884856150765979,"[0.02600093049430295, -0.04999119698262881, 0.011995133244162931, -0.03598539973248879]","[0.012701080525073447, -0.0244199806064748, 0.005859450040700676, -0.01757835012210203]","[0.05158441920155343, -0.0244199806064748, -0.03302388863577931, 0.060188327230857944]",0.08927765517003339,0.060188327230857944,0.0020971542602432405,False,True,False,True,False,False,not_run_round2_closure_localization,,,
R2_0587_C8_123_SAT_fNa0.75_Keq100_sat100_B21,C8_123_SAT,0.75,0.25,100.0,100.0,21.0,Na_K_capacity_x_equilibrium_x_saturation,4.884856150321391,"[0.0026000930495811304, -0.004999119698293331, 0.0011995133243561003, -0.003598539973068301]","[0.012701080524654285, -0.024419980604400995, 0.005859450039873354, -0.017578350119620063]","[0.05158441920113427, -0.024419980604400995, -0.03302388863660663, 0.06018832723333991]",0.08927765517120324,0.06018832723333991,0.00209715426032972,False,True,False,True,False,False,not_run_round2_closure_localization,,,
R2_0588_C8_123_SAT_fNa1_Keq0.01_sat0.01_B21,C8_123_SAT,1.0,0.0,0.01,0.01,21.0,Na_K_capacity_x_equilibrium_x_saturation,0.0,"[199.97182030794184, -0.0, -99.98591015397092, 299.9577304619128]","[0.0, -0.0, -0.0, 0.0]","[0.03888333867647999, -0.0, -0.03888333867647999, 0.07776667735295997]",0.09524433925320216,0.07776667735295997,0.0027096403272154363,False,False,False,True,False,False,not_run_round2_closure_localization,,,
R2_0589_C8_123_SAT_fNa1_Keq0.01_sat0.1_B21,C8_123_SAT,1.0,0.0,0.01,0.1,21.0,Na_K_capacity_x_equilibrium_x_saturation,0.0,"[19.997182050566465, -0.0, -9.998591025283233, 29.995773075849698]","[0.0, -0.0, -0.0, 0.0]","[0.03888333867647999, -0.0, -0.03888333867647999, 0.07776667735295997]",0.09524433925320216,0.07776667735295997,0.0027096403272154363,False,False,False,True,False,False,not_run_round2_closure_localization,,,
R2_0590_C8_123_SAT_fNa1_Keq0.01_sat1_B21,C8_123_SAT,1.0,0.0,0.01,1.0,21.0,Na_K_capacity_x_equilibrium_x_saturation,0.0,"[1.9997182052543694, -0.0, -0.9998591026271847, 2.999577307881554]","[0.0, -0.0, -0.0, 0.0]","[0.03888333867647999, -0.0, -0.03888333867647999, 0.07776667735295997]",0.09524433925320216,0.07776667735295997,0.0027096403272154363,False,False,False,True,False,False,not_run_round2_closure_localization,,,
R2_0591_C8_123_SAT_fNa1_Keq0.01_sat10_B21,C8_123_SAT,1.0,0.0,0.01,10.0,21.0,Na_K_capacity_x_equilibrium_x_saturation,0.0,"[0.19997182052741416, -0.0, -0.09998591026370708, 0.29995773079112126]","[0.0, -0.0, -0.0, 0.0]","[0.03888333867647999, -0.0, -0.03888333867647999, 0.07776667735295997]",0.09524433925320216,0.07776667735295997,0.0027096403272154363,False,False,False,True,False,False,not_run_round2_closure_localization,,,
R2_0592_C8_123_SAT_fNa1_Keq0.01_sat100_B21,C8_123_SAT,1.0,0.0,0.01,100.0,21.0,Na_K_capacity_x_equilibrium_x_saturation,0.0,"[0.01999718205276119, -0.0, -0.009998591026380595, 0.029995773079141787]","[0.0, -0.0, -0.0, 0.0]","[0.03888333867647999, -0.0, -0.03888333867647999, 0.07776667735295997]",0.09524433925320216,0.07776667735295997,0.0027096403272154363,False,False,False,True,False,False,not_run_round2_closure_localization,,,
R2_0593_C8_123_SAT_fNa1_Keq0.1_sat0.01_B21,C8_123_SAT,1.0,0.0,0.1,0.01,21.0,Na_K_capacity_x_equilibrium_x_saturation,0.0,"[199.71838313831978, -0.0, -99.85919156915989, 299.5775747074797]","[0.0, -0.0, -0.0, 0.0]","[0.03888333867647999, -0.0, -0.03888333867647999, 0.07776667735295997]",0.09524433925320216,0.07776667735295997,0.0027096403272154363,False,False,False,True,False,False,not_run_round2_closure_localization,,,
R2_0594_C8_123_SAT_fNa1_Keq0.1_sat0.1_B21,C8_123_SAT,1.0,0.0,0.1,0.1,21.0,Na_K_capacity_x_equilibrium_x_saturation,0.0,"[19.971838376238612, -0.0, -9.985919188119306, 29.95775756435792]","[0.0, -0.0, -0.0, 0.0]","[0.03888333867647999, -0.0, -0.03888333867647999, 0.07776667735295997]",0.09524433925320216,0.07776667735295997,0.0027096403272154363,False,False,False,True,False,False,not_run_round2_closure_localization,,,
R2_0595_C8_123_SAT_fNa1_Keq0.1_sat1_B21,C8_123_SAT,1.0,0.0,0.1,1.0,21.0,Na_K_capacity_x_equilibrium_x_saturation,0.0,"[1.9971838382479277, -0.0, -0.9985919191239638, 2.9957757573718915]","[0.0, -0.0, -0.0, 0.0]","[0.03888333867647999, -0.0, -0.03888333867647999, 0.07776667735295997]",0.09524433925320216,0.07776667735295997,0.0027096403272154363,False,False,False,True,False,False,not_run_round2_closure_localization,,,
R2_0596_C8_123_SAT_fNa1_Keq0.1_sat10_B21,C8_123_SAT,1.0,0.0,0.1,10.0,21.0,Na_K_capacity_x_equilibrium_x_saturation,0.0,"[0.19971838383103344, -0.0, -0.09985919191551672, 0.29957757574655014]","[0.0, -0.0, -0.0, 0.0]","[0.03888333867647999, -0.0, -0.03888333867647999, 0.07776667735295997]",0.09524433925320216,0.07776667735295997,0.0027096403272154363,False,False,False,True,False,False,not_run_round2_closure_localization,,,
R2_0597_C8_123_SAT_fNa1_Keq0.1_sat100_B21,C8_123_SAT,1.0,0.0,0.1,100.0,21.0,Na_K_capacity_x_equilibrium_x_saturation,0.0,"[0.01997183838316575, -0.0, -0.009985919191582876, 0.029957757574748625]","[0.0, -0.0, -0.0, 0.0]","[0.03888333867647999, -0.0, -0.03888333867647999, 0.07776667735295997]",0.09524433925320216,0.07776667735295997,0.0027096403272154363,False,False,False,True,False,False,not_run_round2_closure_localization,,,
R2_0598_C8_123_SAT_fNa1_Keq1_sat0.01_B21,C8_123_SAT,1.0,0.0,1.0,0.01,21.0,Na_K_capacity_x_equilibrium_x_saturation,0.0,"[197.2015680351158, -0.0, -98.6007840175579, 295.8023520526737]","[0.0, -0.0, -0.0, 0.0]","[0.03888333867647999, -0.0, -0.03888333867647999, 0.07776667735295997]",0.09524433925320216,0.07776667735295997,0.0027096403272154363,False,False,True,True,False,False,not_run_round2_closure_localization,,,
R2_0599_C8_123_SAT_fNa1_Keq1_sat0.1_B21,C8_123_SAT,1.0,0.0,1.0,0.1,21.0,Na_K_capacity_x_equilibrium_x_saturation,0.0,"[19.720156997144823, -0.0, -9.860078498572411, 29.580235495717233]","[0.0, -0.0, -0.0, 0.0]","[0.03888333867647999, -0.0, -0.03888333867647999, 0.07776667735295997]",0.09524433925320216,0.07776667735295997,0.0027096403272154363,False,False,True,True,False,False,not_run_round2_closure_localization,,,
R2_0600_C8_123_SAT_fNa1_Keq1_sat1_B21,C8_123_SAT,1.0,0.0,1.0,1.0,21.0,Na_K_capacity_x_equilibrium_x_saturation,0.0,"[1.9720157016508149, -0.0, -0.9860078508254074, 2.9580235524762224]","[0.0, -0.0, -0.0, 0.0]","[0.03888333867647999, -0.0, -0.03888333867647999, 0.07776667735295997]",0.09524433925320216,0.07776667735295997,0.0027096403272154363,False,False,True,True,False,False,not_run_round2_closure_localization,,,
R2_0601_C8_123_SAT_fNa1_Keq1_sat10_B21,C8_123_SAT,1.0,0.0,1.0,10.0,21.0,Na_K_capacity_x_equilibrium_x_saturation,0.0,"[0.1972015701844448, -0.0, -0.0986007850922224, 0.2958023552766672]","[0.0, -0.0, -0.0, 0.0]","[0.03888333867647999, -0.0, -0.03888333867647999, 0.07776667735295997]",0.09524433925320216,0.07776667735295997,0.0027096403272154363,False,False,True,True,False,False,not_run_round2_closure_localization,,,
R2_0602_C8_123_SAT_fNa1_Keq1_sat100_B21,C8_123_SAT,1.0,0.0,1.0,100.0,21.0,Na_K_capacity_x_equilibrium_x_saturation,0.0,"[0.019720157018638117, -0.0, -0.009860078509319059, 0.029580235527957174]","[0.0, -0.0, -0.0, 0.0]","[0.03888333867647999, -0.0, -0.03888333867647999, 0.07776667735295997]",0.09524433925320216,0.07776667735295997,0.0027096403272154363,False,False,True,True,False,False,not_run_round2_closure_localization,,,
R2_0603_C8_123_SAT_fNa1_Keq10_sat0.01_B21,C8_123_SAT,1.0,0.0,10.0,0.01,21.0,Na_K_capacity_x_equilibrium_x_saturation,0.0,"[173.6733450371646, -0.0, -86.8366725185823, 260.5100175557469]","[0.0, -0.0, -0.0, 0.0]","[0.03888333867647999, -0.0, -0.03888333867647999, 0.07776667735295997]",0.09524433925320216,0.07776667735295997,0.0027096403272154363,False,False,False,True,False,False,not_run_round2_closure_localization,,,
R2_0604_C8_123_SAT_fNa1_Keq10_sat0.1_B21,C8_123_SAT,1.0,0.0,10.0,0.1,21.0,Na_K_capacity_x_equilibrium_x_saturation,0.0,"[17.367335011038694, -0.0, -8.683667505519347, 26.051002516558043]","[0.0, -0.0, -0.0, 0.0]","[0.03888333867647999, -0.0, -0.03888333867647999, 0.07776667735295997]",0.09524433925320216,0.07776667735295997,0.0027096403272154363,False,False,False,True,False,False,not_run_round2_closure_localization,,,
R2_0605_C8_123_SAT_fNa1_Keq10_sat1_B21,C8_123_SAT,1.0,0.0,10.0,1.0,21.0,Na_K_capacity_x_equilibrium_x_saturation,0.0,"[1.736733506177092, -0.0, -0.868366753088546, 2.605100259265638]","[0.0, -0.0, -0.0, 0.0]","[0.03888333867647999, -0.0, -0.03888333867647999, 0.07776667735295997]",0.09524433925320216,0.07776667735295997,0.0027096403272154363,False,False,False,True,False,False,not_run_round2_closure_localization,,,
R2_0606_C8_123_SAT_fNa1_Keq10_sat10_B21,C8_123_SAT,1.0,0.0,10.0,10.0,21.0,Na_K_capacity_x_equilibrium_x_saturation,0.0,"[0.17367335066844145, -0.0, -0.08683667533422072, 0.26051002600266215]","[0.0, -0.0, -0.0, 0.0]","[0.03888333867647999, -0.0, -0.03888333867647999, 0.07776667735295997]",0.09524433925320216,0.07776667735295997,0.0027096403272154363,False,False,False,True,False,False,not_run_round2_closure_localization,,,
R2_0607_C8_123_SAT_fNa1_Keq10_sat100_B21,C8_123_SAT,1.0,0.0,10.0,100.0,21.0,Na_K_capacity_x_equilibrium_x_saturation,0.0,"[0.017367335067351466, -0.0, -0.008683667533675733, 0.026051002601027197]","[0.0, -0.0, -0.0, 0.0]","[0.03888333867647999, -0.0, -0.03888333867647999, 0.07776667735295997]",0.09524433925320216,0.07776667735295997,0.0027096403272154363,False,False,False,True,False,False,not_run_round2_closure_localization,,,
R2_0608_C8_123_SAT_fNa1_Keq100_sat0.01_B21,C8_123_SAT,1.0,0.0,100.0,0.01,21.0,Na_K_capacity_x_equilibrium_x_saturation,0.0,"[34.66790509338422, -0.0, -17.33395254669211, 52.00185764007633]","[0.0, -0.0, -0.0, 0.0]","[0.03888333867647999, -0.0, -0.03888333867647999, 0.07776667735295997]",0.09524433925320216,0.07776667735295997,0.0027096403272154363,False,False,False,True,False,False,not_run_round2_closure_localization,,,
R2_0609_C8_123_SAT_fNa1_Keq100_sat0.1_B21,C8_123_SAT,1.0,0.0,100.0,0.1,21.0,Na_K_capacity_x_equilibrium_x_saturation,0.0,"[3.4667907104513076, -0.0, -1.7333953552256538, 5.200186065676961]","[0.0, -0.0, -0.0, 0.0]","[0.03888333867647999, -0.0, -0.03888333867647999, 0.07776667735295997]",0.09524433925320216,0.07776667735295997,0.0027096403272154363,False,False,False,True,False,False,not_run_round2_closure_localization,,,
R2_0610_C8_123_SAT_fNa1_Keq100_sat1_B21,C8_123_SAT,1.0,0.0,100.0,1.0,21.0,Na_K_capacity_x_equilibrium_x_saturation,0.0,"[0.34667907305625983, -0.0, -0.17333953652812992, 0.5200186095843897]","[0.0, -0.0, -0.0, 0.0]","[0.03888333867647999, -0.0, -0.03888333867647999, 0.07776667735295997]",0.09524433925320216,0.07776667735295997,0.0027096403272154363,False,False,False,True,False,False,not_run_round2_closure_localization,,,
R2_0611_C8_123_SAT_fNa1_Keq100_sat10_B21,C8_123_SAT,1.0,0.0,100.0,10.0,21.0,Na_K_capacity_x_equilibrium_x_saturation,0.0,"[0.03466790732573727, -0.0, -0.017333953662868634, 0.0520018609886059]","[0.0, -0.0, -0.0, 0.0]","[0.03888333867647999, -0.0, -0.03888333867647999, 0.07776667735295997]",0.09524433925320216,0.07776667735295997,0.0027096403272154363,False,False,False,True,False,False,not_run_round2_closure_localization,,,
R2_0612_C8_123_SAT_fNa1_Keq100_sat100_B21,C8_123_SAT,1.0,0.0,100.0,100.0,21.0,Na_K_capacity_x_equilibrium_x_saturation,0.0,"[0.0034667907327748403, -0.0, -0.0017333953663874202, 0.005200186099162261]","[0.0, -0.0, -0.0, 0.0]","[0.03888333867647999, -0.0, -0.03888333867647999, 0.07776667735295997]",0.09524433925320216,0.07776667735295997,0.0027096403272154363,False,False,False,True,False,False,not_run_round2_closure_localization,,,
R2_0613_C8_213_SAT_fNa0_Keq0.01_sat0.01_B21,C8_213_SAT,0.0,1.0,0.01,0.01,21.0,Na_K_capacity_x_equilibrium_x_saturation,0.0,"[0.0, 81.33281767542356, -162.6656353508471, 243.99845302627068]","[0.0, 0.0, -0.0, 0.0]","[0.03888333867647999, 0.0, -0.03888333867647999, 0.07776667735295997]",0.09524433925320216,0.07776667735295997,0.0027096403272154363,False,False,False,True,False,False,not_run_round2_closure_localization,,,
R2_0614_C8_213_SAT_fNa0_Keq0.01_sat0.1_B21,C8_213_SAT,0.0,1.0,0.01,0.1,21.0,Na_K_capacity_x_equilibrium_x_saturation,0.0,"[0.0, 8.133282308397533, -16.266564616795065, 24.3998469251926]","[0.0, 0.0, -0.0, 0.0]","[0.03888333867647999, 0.0, -0.03888333867647999, 0.07776667735295997]",0.09524433925320216,0.07776667735295997,0.0027096403272154363,False,False,False,True,False,False,not_run_round2_closure_localization,,,
R2_0615_C8_213_SAT_fNa0_Keq0.01_sat1_B21,C8_213_SAT,0.0,1.0,0.01,1.0,21.0,Na_K_capacity_x_equilibrium_x_saturation,0.0,"[0.0, 0.8133282362483054, -1.6266564724966108, 2.439984708744916]","[0.0, 0.0, -0.0, 0.0]","[0.03888333867647999, 0.0, -0.03888333867647999, 0.07776667735295997]",0.09524433925320216,0.07776667735295997,0.0027096403272154363,False,False,False,True,False,False,not_run_round2_closure_localization,,,
R2_0616_C8_213_SAT_fNa0_Keq0.01_sat10_B21,C8_213_SAT,0.0,1.0,0.01,10.0,21.0,Na_K_capacity_x_equilibrium_x_saturation,0.0,"[0.0, 0.08133282367891606, -0.16266564735783212, 0.24399847103674818]","[0.0, 0.0, -0.0, 0.0]","[0.03888333867647999, 0.0, -0.03888333867647999, 0.07776667735295997]",0.09524433925320216,0.07776667735295997,0.0027096403272154363,False,False,False,True,False,False,not_run_round2_closure_localization,,,
R2_0617_C8_213_SAT_fNa0_Keq0.01_sat100_B21,C8_213_SAT,0.0,1.0,0.01,100.0,21.0,Na_K_capacity_x_equilibrium_x_saturation,0.0,"[0.0, 0.008133282368432462, -0.016266564736864924, 0.024399847105297384]","[0.0, 0.0, -0.0, 0.0]","[0.03888333867647999, 0.0, -0.03888333867647999, 0.07776667735295997]",0.09524433925320216,0.07776667735295997,0.0027096403272154363,False,False,False,True,False,False,not_run_round2_closure_localization,,,
R2_0618_C8_213_SAT_fNa0_Keq0.1_sat0.01_B21,C8_213_SAT,0.0,1.0,0.1,0.01,21.0,Na_K_capacity_x_equilibrium_x_saturation,0.015315239390132056,"[0.0, -1.4507805007991255, 2.901561001598251, -4.352341502397376]","[0.0, -0.02221905067227428, 0.04443810134454856, -0.06665715201682283]","[0.03888333867647999, -0.02221905067227428, 0.0055547626680685705, 0.011109525336137141]",0.046474478812567416,0.03888333867647999,0.0013548201611623743,False,False,False,True,False,False,not_run_round2_closure_localization,,,
R2_0619_C8_213_SAT_fNa0_Keq0.1_sat0.1_B21,C8_213_SAT,0.0,1.0,0.1,0.1,21.0,Na_K_capacity_x_equilibrium_x_saturation,0.15315237639819237,"[0.0, -0.14507806666026063, 0.29015613332052126, -0.4352341999807819]","[0.0, -0.02221905067227428, 0.04443810134454856, -0.06665715201682285]","[0.03888333867647999, -0.02221905067227428, 0.0055547626680685705, 0.011109525336137127]",0.046474478812567416,0.03888333867647999,0.0013548201611623743,False,False,False,True,False,False,not_run_round2_closure_localization,,,
R2_0620_C8_213_SAT_fNa0_Keq0.1_sat1_B21,C8_213_SAT,0.0,1.0,0.1,1.0,21.0,Na_K_capacity_x_equilibrium_x_saturation,1.5315237464787952,"[0.0, -0.014507806831829565, 0.02901561366365913, -0.0435234204954887]","[0.0, -0.022219050672274275, 0.04443810134454855, -0.06665715201682283]","[0.03888333867647999, -0.022219050672274275, 0.0055547626680685636, 0.011109525336137141]",0.046474478812567416,0.03888333867647999,0.0013548201611623743,False,False,False,True,False,False,not_run_round2_closure_localization,,,
R2_0621_C8_213_SAT_fNa0_Keq0.1_sat10_B21,C8_213_SAT,0.0,1.0,0.1,10.0,21.0,Na_K_capacity_x_equilibrium_x_saturation,15.315237447284826,"[0.0, -0.0014507806848409915, 0.002901561369681983, -0.004352342054522974]","[0.0, -0.02221905067227428, 0.04443810134454856, -0.06665715201682283]","[0.03888333867647999, -0.02221905067227428, 0.0055547626680685705, 0.011109525336137141]",0.046474478812567416,0.03888333867647999,0.0013548201611623743,False,False,False,True,False,False,not_run_round2_closure_localization,,,
R2_0622_C8_213_SAT_fNa0_Keq0.1_sat100_B21,C8_213_SAT,0.0,1.0,0.1,100.0,21.0,Na_K_capacity_x_equilibrium_x_saturation,153.1523744553451,"[0.0, -0.00014507806850067953, 0.00029015613700135906, -0.0004352342055020386]","[0.0, -0.02221905067227428, 0.04443810134454856, -0.06665715201682283]","[0.03888333867647999, -0.02221905067227428, 0.0055547626680685705, 0.011109525336137141]",0.046474478812567416,0.03888333867647999,0.0013548201611623743,False,False,False,True,False,False,not_run_round2_closure_localization,,,
R2_0623_C8_213_SAT_fNa0_Keq1_sat0.01_B21,C8_213_SAT,0.0,1.0,1.0,0.01,21.0,Na_K_capacity_x_equilibrium_x_saturation,0.0002700020785491661,"[0.0, -82.29214675556022, 164.58429351112045, -246.87644026668067]","[0.0, -0.02221905067227428, 0.04443810134454856, -0.06665715201682283]","[0.03888333867647999, -0.02221905067227428, 0.0055547626680685705, 0.011109525336137141]",0.046474478812567416,0.03888333867647999,0.0013548201611623743,False,False,True,True,False,False,not_run_round2_closure_localization,,,
R2_0624_C8_213_SAT_fNa0_Keq1_sat0.1_B21,C8_213_SAT,0.0,1.0,1.0,0.1,21.0,Na_K_capacity_x_equilibrium_x_saturation,0.0027000206101554583,"[0.0, -8.229215209951667, 16.458430419903333, -24.687645629854998]","[0.0, -0.02221905067227428, 0.04443810134454856, -0.06665715201682283]","[0.03888333867647999, -0.02221905067227428, 0.0055547626680685705, 0.011109525336137141]",0.046474478812567416,0.03888333867647999,0.0013548201611623743,False,False,True,True,False,False,not_run_round2_closure_localization,,,
R2_0625_C8_213_SAT_fNa0_Keq1_sat1_B21,C8_213_SAT,0.0,1.0,1.0,1.0,21.0,Na_K_capacity_x_equilibrium_x_saturation,0.027000205926218383,"[0.0, -0.8229215263391234, 1.6458430526782468, -2.4687645790173702]","[0.0, -0.022219050672274275, 0.04443810134454855, -0.06665715201682283]","[0.03888333867647999, -0.022219050672274275, 0.0055547626680685636, 0.011109525336137141]",0.046474478812567416,0.03888333867647999,0.0013548201611623743,False,False,True,True,False,False,not_run_round2_closure_localization,,,
R2_0626_C8_213_SAT_fNa0_Keq1_sat10_B21,C8_213_SAT,0.0,1.0,1.0,10.0,21.0,Na_K_capacity_x_equilibrium_x_saturation,0.27000205908684766,"[0.0, -0.0822921526873519, 0.1645843053747038, -0.24687645806205571]","[0.0, -0.02221905067227428, 0.04443810134454856, -0.06665715201682283]","[0.03888333867647999, -0.02221905067227428, 0.0055547626680685705, 0.011109525336137141]",0.046474478812567416,0.03888333867647999,0.0013548201611623743,False,False,True,True,False,False,not_run_round2_closure_localization,,,
R2_0627_C8_213_SAT_fNa0_Keq1_sat100_B21,C8_213_SAT,0.0,1.0,1.0,100.0,21.0,Na_K_capacity_x_equilibrium_x_saturation,2.70002059069314,"[0.0, -0.008229215269269587, 0.016458430538539175, -0.024687645807808762]","[0.0, -0.02221905067227428, 0.04443810134454856, -0.06665715201682283]","[0.03888333867647999, -0.02221905067227428, 0.0055547626680685705, 0.011109525336137141]",0.046474478812567416,0.03888333867647999,0.0013548201611623743,False,False,True,True,False,False,not_run_round2_closure_localization,,,
R2_0628_C8_213_SAT_fNa0_Keq10_sat0.01_B21,C8_213_SAT,0.0,1.0,10.0,0.01,21.0,Na_K_capacity_x_equilibrium_x_saturation,0.0002265495703396581,"[0.0, -98.07588970026296, 196.15177940052592, -294.2276691007889]","[0.0, -0.022219050672274275, 0.04443810134454855, -0.06665715201682282]","[0.03888333867647999, -0.022219050672274275, 0.0055547626680685636, 0.011109525336137155]",0.046474478812567416,0.03888333867647999,0.0013548201611623743,False,False,False,True,False,False,not_run_round2_closure_localization,,,
R2_0629_C8_213_SAT_fNa0_Keq10_sat0.1_B21,C8_213_SAT,0.0,1.0,10.0,0.1,21.0,Na_K_capacity_x_equilibrium_x_saturation,0.00226549565284539,"[0.0, -9.80758918886817, 19.61517837773634, -29.422767566604506]","[0.0, -0.022219050672274282, 0.044438101344548564, -0.06665715201682285]","[0.03888333867647999, -0.022219050672274282, 0.0055547626680685774, 0.011109525336137127]",0.046474478812567416,0.03888333867647999,0.0013548201611623743,False,False,False,True,False,False,not_run_round2_closure_localization,,,
R2_0630_C8_213_SAT_fNa0_Keq10_sat1_B21,C8_213_SAT,0.0,1.0,10.0,1.0,21.0,Na_K_capacity_x_equilibrium_x_saturation,0.022654956477902704,"[0.0, -0.9807589210752357, 1.9615178421504713, -2.942276763225707]","[0.0, -0.022219050672274275, 0.04443810134454855, -0.06665715201682283]","[0.03888333867647999, -0.022219050672274275, 0.0055547626680685636, 0.011109525336137141]",0.046474478812567416,0.03888333867647999,0.0013548201611623743,False,False,False,True,False,False,not_run_round2_closure_localization,,,
R2_0631_C8_213_SAT_fNa0_Keq10_sat10_B21,C8_213_SAT,0.0,1.0,10.0,10.0,21.0,Na_K_capacity_x_equilibrium_x_saturation,0.2265495647284759,"[0.0, -0.09807589212940775, 0.1961517842588155, -0.2942276763882232]","[0.0, -0.02221905067227428, 0.04443810134454856, -0.06665715201682283]","[0.03888333867647999, -0.02221905067227428, 0.0055547626680685705, 0.011109525336137141]",0.046474478812567416,0.03888333867647999,0.0013548201611623743,False,False,False,True,False,False,not_run_round2_closure_localization,,,
R2_0632_C8_213_SAT_fNa0_Keq10_sat100_B21,C8_213_SAT,0.0,1.0,10.0,100.0,21.0,Na_K_capacity_x_equilibrium_x_saturation,2.2654956472342076,"[0.0, -0.009807589213159617, 0.019615178426319234, -0.02942276763947885]","[0.0, -0.02221905067227428, 0.04443810134454856, -0.06665715201682283]","[0.03888333867647999, -0.02221905067227428, 0.0055547626680685705, 0.011109525336137141]",0.046474478812567416,0.03888333867647999,0.0013548201611623743,False,False,False,True,False,False,not_run_round2_closure_localization,,,
R2_0633_C8_213_SAT_fNa0_Keq100_sat0.01_B21,C8_213_SAT,0.0,1.0,100.0,0.01,21.0,Na_K_capacity_x_equilibrium_x_saturation,0.00022262259963047013,"[-0.0, -99.80590788696001, 199.61181577392003, -299.41772366088003]","[-0.0, -0.02221905067227428, 0.04443810134454856, -0.06665715201682283]","[0.03888333867647999, -0.02221905067227428, 0.0055547626680685705, 0.011109525336137141]",0.046474478812567416,0.03888333867647999,0.0013548201611623743,False,False,False,True,False,False,not_run_round2_closure_localization,,,
R2_0634_C8_213_SAT_fNa0_Keq100_sat0.1_B21,C8_213_SAT,0.0,1.0,100.0,0.1,21.0,Na_K_capacity_x_equilibrium_x_saturation,0.0022262259804589025,"[-0.0, -9.980590859735702, 19.961181719471405, -29.941772579207107]","[-0.0, -0.022219050672274275, 0.04443810134454855, -0.06665715201682282]","[0.03888333867647999, -0.022219050672274275, 0.0055547626680685636, 0.011109525336137155]",0.046474478812567416,0.03888333867647999,0.0013548201611623743,False,False,False,True,False,False,not_run_round2_closure_localization,,,
R2_0635_C8_213_SAT_fNa0_Keq100_sat1_B21,C8_213_SAT,0.0,1.0,100.0,1.0,21.0,Na_K_capacity_x_equilibrium_x_saturation,0.022262259788743233,"[-0.0, -0.9980590866839671, 1.9961181733679343, -2.9941772600519014]","[-0.0, -0.02221905067227428, 0.04443810134454856, -0.06665715201682283]","[0.03888333867647999, -0.02221905067227428, 0.0055547626680685705, 0.011109525336137141]",0.046474478812567416,0.03888333867647999,0.0013548201611623743,False,False,False,True,False,False,not_run_round2_closure_localization,,,
R2_0636_C8_213_SAT_fNa0_Keq100_sat10_B21,C8_213_SAT,0.0,1.0,100.0,10.0,21.0,Na_K_capacity_x_equilibrium_x_saturation,0.22262259787158653,"[-0.0, -0.09980590867550068, 0.19961181735100136, -0.2994177260265021]","[-0.0, -0.02221905067227428, 0.04443810134454856, -0.06665715201682285]","[0.03888333867647999, -0.02221905067227428, 0.0055547626680685705, 0.011109525336137127]",0.046474478812567416,0.03888333867647999,0.0013548201611623743,False,False,False,True,False,False,not_run_round2_closure_localization,,,
R2_0637_C8_213_SAT_fNa0_Keq100_sat100_B21,C8_213_SAT,0.0,1.0,100.0,100.0,21.0,Na_K_capacity_x_equilibrium_x_saturation,2.226225978700019,"[-0.0, -0.00998059086762111, 0.01996118173524222, -0.029941772602863327]","[-0.0, -0.02221905067227428, 0.04443810134454856, -0.06665715201682283]","[0.03888333867647999, -0.02221905067227428, 0.0055547626680685705, 0.011109525336137141]",0.046474478812567416,0.03888333867647999,0.0013548201611623743,False,False,False,True,False,False,not_run_round2_closure_localization,,,
R2_0638_C8_213_SAT_fNa0.25_Keq0.01_sat0.01_B21,C8_213_SAT,0.25,0.75,0.01,0.01,21.0,Na_K_capacity_x_equilibrium_x_saturation,0.0,"[24.959495088394977, 60.99961325656767, -171.9182166899253, 257.8773250348879]","[0.0, 0.0, -0.0, 0.0]","[0.03888333867647999, 0.0, -0.03888333867647999, 0.07776667735295997]",0.09524433925320216,0.07776667735295997,0.0027096403272154363,False,True,False,True,False,False,not_run_round2_closure_localization,,,
R2_0639_C8_213_SAT_fNa0.25_Keq0.01_sat0.1_B21,C8_213_SAT,0.25,0.75,0.01,0.1,21.0,Na_K_capacity_x_equilibrium_x_saturation,0.0,"[2.495949515754311, 6.09996173129815, -17.19182249410492, 25.78773374115738]","[0.0, 0.0, -0.0, 0.0]","[0.03888333867647999, 0.0, -0.03888333867647999, 0.07776667735295997]",0.09524433925320216,0.07776667735295997,0.0027096403272154363,False,True,False,True,False,False,not_run_round2_closure_localization,,,
R2_0640_C8_213_SAT_fNa0.25_Keq0.01_sat1_B21,C8_213_SAT,0.25,0.75,0.01,1.0,21.0,Na_K_capacity_x_equilibrium_x_saturation,0.0,"[0.24959495164457918, 0.609996177186229, -1.7191822576616165, 2.5787733864924247]","[0.0, 0.0, -0.0, 0.0]","[0.03888333867647999, 0.0, -0.03888333867647999, 0.07776667735295997]",0.09524433925320216,0.07776667735295997,0.0027096403272154363,False,True,False,True,False,False,not_run_round2_closure_localization,,,
R2_0641_C8_213_SAT_fNa0.25_Keq0.01_sat10_B21,C8_213_SAT,0.25,0.75,0.01,10.0,21.0,Na_K_capacity_x_equilibrium_x_saturation,0.0,"[0.0249594951651494, 0.060999617759187046, -0.1719182258486729, 0.25787733877300933]","[0.0, 0.0, -0.0, 0.0]","[0.03888333867647999, 0.0, -0.03888333867647999, 0.07776667735295997]",0.09524433925320216,0.07776667735295997,0.0027096403272154363,False,True,False,True,False,False,not_run_round2_closure_localization,,,
R2_0642_C8_213_SAT_fNa0.25_Keq0.01_sat100_B21,C8_213_SAT,0.25,0.75,0.01,100.0,21.0,Na_K_capacity_x_equilibrium_x_saturation,0.0,"[0.0024959495165218547, 0.006099961776324346, -0.0171918225856924, 0.0257877338785386]","[0.0, 0.0, -0.0, 0.0]","[0.03888333867647999, 0.0, -0.03888333867647999, 0.07776667735295997]",0.09524433925320216,0.07776667735295997,0.0027096403272154363,False,True,False,True,False,False,not_run_round2_closure_localization,,,
R2_0643_C8_213_SAT_fNa0.25_Keq0.1_sat0.01_B21,C8_213_SAT,0.25,0.75,0.1,0.01,21.0,Na_K_capacity_x_equilibrium_x_saturation,0.0,"[24.59788319428015, -1.088085375599344, -47.01959563736161, 70.52939345604241]","[0.0, -0.0, -0.0, 0.0]","[0.03888333867647999, -0.0, -0.03888333867647999, 0.07776667735295997]",0.09524433925320216,0.07776667735295997,0.0027096403272154363,False,True,False,True,False,False,not_run_round2_closure_localization,,,
R2_0644_C8_213_SAT_fNa0.25_Keq0.1_sat0.1_B21,C8_213_SAT,0.25,0.75,0.1,0.1,21.0,Na_K_capacity_x_equilibrium_x_saturation,0.0,"[2.4597883408217927, -0.10880854999519547, -4.7019595816531945, 7.052939372479791]","[0.0, -0.0, -0.0, 0.0]","[0.03888333867647999, -0.0, -0.03888333867647999, 0.07776667735295997]",0.09524433925320216,0.07776667735295997,0.0027096403272154363,False,True,False,True,False,False,not_run_round2_closure_localization,,,
R2_0645_C8_213_SAT_fNa0.25_Keq0.1_sat1_B21,C8_213_SAT,0.25,0.75,0.1,1.0,21.0,Na_K_capacity_x_equilibrium_x_saturation,0.0,"[0.24597883429611703, -0.010880855123872175, -0.4701959583444897, 0.7052939375167345]","[0.0, -0.0, -0.0, 0.0]","[0.03888333867647999, -0.0, -0.03888333867647999, 0.07776667735295997]",0.09524433925320216,0.07776667735295997,0.0027096403272154363,False,True,False,True,False,False,not_run_round2_closure_localization,,,
R2_0646_C8_213_SAT_fNa0.25_Keq0.1_sat10_B21,C8_213_SAT,0.25,0.75,0.1,10.0,21.0,Na_K_capacity_x_equilibrium_x_saturation,0.0,"[0.024597883431751084, -0.0010880855136307435, -0.04701959583624068, 0.07052939375436101]","[0.0, -0.0, -0.0, 0.0]","[0.03888333867647999, -0.0, -0.03888333867647999, 0.07776667735295997]",0.09524433925320216,0.07776667735295997,0.0027096403272154363,False,True,False,True,False,False,not_run_round2_closure_localization,,,
R2_0647_C8_213_SAT_fNa0.25_Keq0.1_sat100_B21,C8_213_SAT,0.25,0.75,0.1,100.0,21.0,Na_K_capacity_x_equilibrium_x_saturation,0.0,"[0.0024597883431965017, -0.00010880855137550965, -0.004701959583641984, 0.007052939375462976]","[0.0, -0.0, -0.0, 0.0]","[0.03888333867647999, -0.0, -0.03888333867647999, 0.07776667735295997]",0.09524433925320216,0.07776667735295997,0.0027096403272154363,False,True,False,True,False,False,not_run_round2_closure_localization,,,
R2_0648_C8_213_SAT_fNa0.25_Keq1_sat0.01_B21,C8_213_SAT,0.25,0.75,1.0,0.01,21.0,Na_K_capacity_x_equilibrium_x_saturation,0.00046033809030594027,"[21.250244646167264, -61.71911006667017, 80.93773084100582, -121.40659626150872]","[0.00978229703895067, -0.02841165726347308, 0.037258720449044824, -0.055888080673567236]","[0.04866563571543066, -0.02841165726347308, -0.0016246182274351623, 0.021878596679392737]",0.060472131970755856,0.04866563571543066,0.0016956667478853942,False,True,True,True,False,False,not_run_round2_closure_localization,,,
R2_0649_C8_213_SAT_fNa0.25_Keq1_sat0.1_B21,C8_213_SAT,0.25,0.75,1.0,0.1,21.0,Na_K_capacity_x_equilibrium_x_saturation,0.004603380566591367,"[2.1250245191177393, -6.1719114074637496, 8.093773776692021, -12.140660665038032]","[0.009782296574836766, -0.0284116570318422, 0.03725872091401087, -0.05588808137101631]","[0.04866563525131675, -0.0284116570318422, -0.0016246177624691174, 0.021878595981943666]",0.06047213122360153,0.04866563525131675,0.001695666731714178,False,True,True,True,False,False,not_run_round2_closure_localization,,,
R2_0650_C8_213_SAT_fNa0.25_Keq1_sat1_B21,C8_213_SAT,0.25,0.75,1.0,1.0,21.0,Na_K_capacity_x_equilibrium_x_saturation,0.04603380532944565,"[0.21250245245678406, -0.6171911447543426, 0.809377384595117, -1.2140660768926754]","[0.009782296528425377, -0.028411657008679116, 0.037258720960507474, -0.05588808144076121]","[0.04866563520490536, -0.028411657008679116, -0.0016246177159725123, 0.02187859591219876]",0.06047213114888611,0.04866563520490536,0.0016956667300970563,False,True,True,True,False,False,not_run_round2_closure_localization,,,
R2_0651_C8_213_SAT_fNa0.25_Keq1_sat10_B21,C8_213_SAT,0.25,0.75,1.0,10.0,21.0,Na_K_capacity_x_equilibrium_x_saturation,0.46033805295798846,"[0.021250245251128508, -0.06171911451551393, 0.08093773852877084, -0.12140660779315626]","[0.009782296523784238, -0.028411657006362806, 0.03725872096515714, -0.0558880814477357]","[0.04866563520026422, -0.028411657006362806, -0.0016246177113228497, 0.02187859590522427]",0.06047213114141456,0.04866563520026422,0.0016956667299353443,False,True,True,True,False,False,not_run_round2_closure_localization,,,
R2_0652_C8_213_SAT_fNa0.25_Keq1_sat100_B21,C8_213_SAT,0.25,0.75,1.0,100.0,21.0,Na_K_capacity_x_equilibrium_x_saturation,4.603380529243416,"[0.0021250245251673515, -0.0061719114519521905, 0.008093773853569679, -0.012140660780354518]","[0.009782296523320121, -0.028411657006131172, 0.03725872096562211, -0.055888081448433165]","[0.048665635199800106, -0.028411657006131172, -0.0016246177108578744, 0.02187859590452681]",0.0604721311406674,0.048665635199800106,0.0016956667299191728,False,True,True,True,False,False,not_run_round2_closure_localization,,,
R2_0653_C8_213_SAT_fNa0.25_Keq10_sat0.01_B21,C8_213_SAT,0.25,0.75,10.0,0.01,21.0,Na_K_capacity_x_equilibrium_x_saturation,0.0003100577330997835,"[2.612814323932512, -73.55691727519722, 141.88820590252942, -212.83230885379413]","[0.0008101232862891581, -0.022806891024155954, 0.04399353547573359, -0.06599030321360039]","[0.03969346196276914, -0.022806891024155954, 0.005110196799253605, 0.011776374139359586]",0.04754495030994149,0.03969346196276914,0.0013830474533675714,False,True,False,True,False,False,not_run_round2_closure_localization,,,
R2_0654_C8_213_SAT_fNa0.25_Keq10_sat0.1_B21,C8_213_SAT,0.25,0.75,10.0,0.1,21.0,Na_K_capacity_x_equilibrium_x_saturation,0.0031005772639346183,"[0.26128144504486184, -7.3556918916511265, 14.18882089321253, -21.283231339818794]","[0.000810123307994081, -0.022806891039761707, 0.04399353546353525, -0.06599030319530287]","[0.03969346198447407, -0.022806891039761707, 0.005110196787055266, 0.011776374157657102]",0.04754495033876905,0.03969346198447407,0.0013830474541238404,False,True,False,True,False,False,not_run_round2_closure_localization,,,
R2_0655_C8_213_SAT_fNa0.25_Keq10_sat1_B21,C8_213_SAT,0.25,0.75,10.0,1.0,21.0,Na_K_capacity_x_equilibrium_x_saturation,0.031005772572282958,"[0.0261281446310023, -0.7355691908064268, 1.418882092350849, -2.1283231385262735]","[0.0008101233101645734, -0.022806891041322278, 0.04399353546231541, -0.06599030319347311]","[0.03969346198664456, -0.022806891041322278, 0.005110196785835422, 0.01177637415948686]",0.0475449503416518,0.03969346198664456,0.0013830474541994674,False,True,False,True,False,False,not_run_round2_closure_localization,,,
R2_0656_C8_213_SAT_fNa0.25_Keq10_sat10_B21,C8_213_SAT,0.25,0.75,10.0,10.0,21.0,Na_K_capacity_x_equilibrium_x_saturation,0.3100577256557665,"[0.0026128144643653914, -0.0735569190970558, 0.14188820926538082, -0.21283231389807122]","[0.000810123310381623, -0.02280689104147834, 0.04399353546219343, -0.06599030319329015]","[0.03969346198686161, -0.02280689104147834, 0.005110196785713443, 0.011776374159669825]",0.047544950341940076,0.03969346198686161,0.0013830474542070304,False,True,False,True,False,False,not_run_round2_closure_localization,,,
R2_0657_C8_213_SAT_fNa0.25_Keq10_sat100_B21,C8_213_SAT,0.25,0.75,10.0,100.0,21.0,Na_K_capacity_x_equilibrium_x_saturation,3.1005772564906007,"[0.00026128144644919075, -0.007355691909869713, 0.014188820926841044, -0.021283231390261566]","[0.0008101233104033277, -0.02280689104149394, 0.043993535462181224, -0.06599030319327184]","[0.03969346198688332, -0.02280689104149394, 0.005110196785701238, 0.01177637415968813]",0.0475449503419689,0.03969346198688332,0.0013830474542077865,False,True,False,True,False,False,not_run_round2_closure_localization,,,
R2_0658_C8_213_SAT_fNa0.25_Keq100_sat0.01_B21,C8_213_SAT,0.25,0.75,100.0,0.01,21.0,Na_K_capacity_x_equilibrium_x_saturation,0.0002473401694560219,"[-19.51003955754448, -74.85443091522001, 188.72894094552896, -283.09341141829344]","[-0.004825616490256742, -0.0185145076271046, 0.04668024823472268, -0.07002037235208403]","[0.034057722186223244, -0.0185145076271046, 0.007796909558242693, 0.007746305000875947]",0.040292834015666974,0.034057722186223244,0.001186680213766669,False,True,False,True,False,False,not_run_round2_closure_localization,,,
R2_0659_C8_213_SAT_fNa0.25_Keq100_sat0.1_B21,C8_213_SAT,0.25,0.75,100.0,0.1,21.0,Na_K_capacity_x_equilibrium_x_saturation,0.0024734016669914947,"[-1.9510040151499985, -7.485443144801777, 18.87289431990355, -28.309341479855327]","[-0.004825616583379106, -0.01851450755252277, 0.046680248271803754, -0.07002037240770563]","[0.03405772209310088, -0.01851450755252277, 0.007796909595323767, 0.0077463049452543425]",0.04029283389916671,0.03405772209310088,0.0011866802105219873,False,True,False,True,False,False,not_run_round2_closure_localization,,,
R2_0660_C8_213_SAT_fNa0.25_Keq100_sat1_B21,C8_213_SAT,0.25,0.75,100.0,1.0,21.0,Na_K_capacity_x_equilibrium_x_saturation,0.024734016642346222,"[-0.19510040210895538, -0.7485443150129754, 1.8872894342438615, -2.8309341513657924]","[-0.004825616592691343, -0.018514507545064587, 0.04668024827551186, -0.07002037241326779]","[0.03405772208378864, -0.018514507545064587, 0.00779690959903187, 0.007746304939692181]",0.04029283388751668,0.03405772208378864,0.0011866802101975192,False,True,False,True,False,False,not_run_round2_closure_localization,,,
R2_0661_C8_213_SAT_fNa0.25_Keq100_sat10_B21,C8_213_SAT,0.25,0.75,100.0,10.0,21.0,Na_K_capacity_x_equilibrium_x_saturation,0.24734016639589357,"[-0.01951004021683509, -0.07485443150662552, 0.1887289434469212, -0.2830934151703818]","[-0.0048256165936225665, -0.018514507544318774, 0.04668024827588268, -0.07002037241382401]","[0.03405772208285742, -0.018514507544318774, 0.007796909599402692, 0.007746304939135959]",0.04029283388635169,0.03405772208285742,0.0011866802101650725,False,True,False,True,False,False,not_run_round2_closure_localization,,,
R2_0662_C8_213_SAT_fNa0.25_Keq100_sat100_B21,C8_213_SAT,0.25,0.75,100.0,100.0,21.0,Na_K_capacity_x_equilibrium_x_saturation,2.4734016639313663,"[-0.001951004021742905, -0.007485443150715832, 0.018872894344917474, -0.028309341517376213]","[-0.004825616593715688, -0.018514507544244187, 0.04668024827591975, -0.07002037241387964]","[0.0340577220827643, -0.018514507544244187, 0.007796909599439766, 0.007746304939080337]",0.04029283388623519,0.0340577220827643,0.0011866802101618277,False,True,False,True,False,False,not_run_round2_closure_localization,,,
R2_0663_C8_213_SAT_fNa0.48387097_Keq0.01_sat0.01_B21,C8_213_SAT,0.48387096774193544,0.5161290322580645,0.01,0.01,21.0,Na_K_capacity_x_equilibrium_x_saturation,0.0,"[48.30870017108705, 41.97822847763796, -180.57385729745002, 270.86078594617504]","[0.0, 0.0, -0.0, 0.0]","[0.03888333867647999, 0.0, -0.03888333867647999, 0.07776667735295997]",0.09524433925320216,0.07776667735295997,0.0027096403272154363,False,True,False,True,False,False,not_run_round2_closure_localization,,,
R2_0664_C8_213_SAT_fNa0.48387097_Keq0.01_sat0.1_B21,C8_213_SAT,0.48387096774193544,0.5161290322580645,0.01,0.1,21.0,Na_K_capacity_x_equilibrium_x_saturation,0.0,"[4.830870030492214, 4.197823126914855, -18.05738631481414, 27.086079472221208]","[0.0, 0.0, -0.0, 0.0]","[0.03888333867647999, 0.0, -0.03888333867647999, 0.07776667735295997]",0.09524433925320216,0.07776667735295997,0.0027096403272154363,False,True,False,True,False,False,not_run_round2_closure_localization,,,
R2_0665_C8_213_SAT_fNa0.48387097_Keq0.01_sat1_B21,C8_213_SAT,0.48387096774193544,0.5161290322580645,0.01,1.0,21.0,Na_K_capacity_x_equilibrium_x_saturation,0.0,"[0.4830870031830564, 0.4197823154829963, -1.8057386373321056, 2.7086079559981586]","[0.0, 0.0, -0.0, 0.0]","[0.03888333867647999, 0.0, -0.03888333867647999, 0.07776667735295997]",0.09524433925320216,0.07776667735295997,0.0027096403272154363,False,True,False,True,False,False,not_run_round2_closure_localization,,,
R2_0666_C8_213_SAT_fNa0.48387097_Keq0.01_sat10_B21,C8_213_SAT,0.48387096774193544,0.5161290322580645,0.01,10.0,21.0,Na_K_capacity_x_equilibrium_x_saturation,0.0,"[0.048308700319643995, 0.04197823157621474, -0.18057386379171747, 0.2708607956875762]","[0.0, 0.0, -0.0, 0.0]","[0.03888333867647999, 0.0, -0.03888333867647999, 0.07776667735295997]",0.09524433925320216,0.07776667735295997,0.0027096403272154363,False,True,False,True,False,False,not_run_round2_closure_localization,,,
R2_0667_C8_213_SAT_fNa0.48387097_Keq0.01_sat100_B21,C8_213_SAT,0.48387096774193544,0.5161290322580645,0.01,100.0,21.0,Na_K_capacity_x_equilibrium_x_saturation,0.0,"[0.0048308700319777825, 0.004197823157900626, -0.018057386379756818, 0.027086079569635227]","[0.0, 0.0, -0.0, 0.0]","[0.03888333867647999, 0.0, -0.03888333867647999, 0.07776667735295997]",0.09524433925320216,0.07776667735295997,0.0027096403272154363,False,True,False,True,False,False,not_run_round2_closure_localization,,,
R2_0668_C8_213_SAT_fNa0.48387097_Keq0.1_sat0.01_B21,C8_213_SAT,0.48387096774193544,0.5161290322580645,0.1,0.01,21.0,Na_K_capacity_x_equilibrium_x_saturation,0.0,"[47.60880618247771, -0.7487899358963228, -93.72003249316276, 140.58004873974414]","[0.0, -0.0, -0.0, 0.0]","[0.03888333867647999, -0.0, -0.03888333867647999, 0.07776667735295997]",0.09524433925320216,0.07776667735295997,0.0027096403272154363,False,True,False,True,False,False,not_run_round2_closure_localization,,,
R2_0669_C8_213_SAT_fNa0.48387097_Keq0.1_sat0.1_B21,C8_213_SAT,0.48387096774193544,0.5161290322580645,0.1,0.1,21.0,Na_K_capacity_x_equilibrium_x_saturation,0.0,"[4.760880659655082, -0.0748790021472313, -9.372003315015702, 14.058004972523552]","[0.0, -0.0, -0.0, 0.0]","[0.03888333867647999, -0.0, -0.03888333867647999, 0.07776667735295997]",0.09524433925320216,0.07776667735295997,0.0027096403272154363,False,True,False,True,False,False,not_run_round2_closure_localization,,,
R2_0670_C8_213_SAT_fNa0.48387097_Keq0.1_sat1_B21,C8_213_SAT,0.48387096774193544,0.5161290322580645,0.1,1.0,21.0,Na_K_capacity_x_equilibrium_x_saturation,0.0,"[0.4760880663795813, -0.00748790030029913, -0.9372003321585644, 1.4058004982378465]","[0.0, -0.0, -0.0, 0.0]","[0.03888333867647999, -0.0, -0.03888333867647999, 0.07776667735295997]",0.09524433925320216,0.07776667735295997,0.0027096403272154363,False,True,False,True,False,False,not_run_round2_closure_localization,,,
R2_0671_C8_213_SAT_fNa0.48387097_Keq0.1_sat10_B21,C8_213_SAT,0.48387096774193544,0.5161290322580645,0.1,10.0,21.0,Na_K_capacity_x_equilibrium_x_saturation,0.0,"[0.04760880664209887, -0.000748790030885673, -0.09372003322242639, 0.1405800498336396]","[0.0, -0.0, -0.0, 0.0]","[0.03888333867647999, -0.0, -0.03888333867647999, 0.07776667735295997]",0.09524433925320216,0.07776667735295997,0.0027096403272154363,False,True,False,True,False,False,not_run_round2_closure_localization,,,
R2_0672_C8_213_SAT_fNa0.48387097_Keq0.1_sat100_B21,C8_213_SAT,0.48387096774193544,0.5161290322580645,0.1,100.0,21.0,Na_K_capacity_x_equilibrium_x_saturation,0.0,"[0.004760880664251293, -7.487900309712492e-05, -0.009372003322308337, 0.014058004983462505]","[0.0, -0.0, -0.0, 0.0]","[0.03888333867647999, -0.0, -0.03888333867647999, 0.07776667735295997]",0.09524433925320216,0.07776667735295997,0.0027096403272154363,False,True,False,True,False,False,not_run_round2_closure_localization,,,
R2_0673_C8_213_SAT_fNa0.48387097_Keq1_sat0.01_B21,C8_213_SAT,0.48387096774193544,0.5161290322580645,1.0,0.01,21.0,Na_K_capacity_x_equilibrium_x_saturation,0.0,"[41.129505766775345, -42.473366067385925, 2.6877206012211587, -4.031580901831738]","[0.0, -0.0, 0.0, -0.0]","[0.03888333867647999, -0.0, -0.03888333867647999, 0.07776667735295997]",0.09524433925320216,0.07776667735295997,0.0027096403272154363,False,True,True,True,False,False,not_run_round2_closure_localization,,,
R2_0674_C8_213_SAT_fNa0.48387097_Keq1_sat0.1_B21,C8_213_SAT,0.48387096774193544,0.5161290322580645,1.0,0.1,21.0,Na_K_capacity_x_equilibrium_x_saturation,0.0,"[4.112950682163366, -4.2473368825556985, 0.26877240078466436, -0.40315860117699653]","[0.0, -0.0, 0.0, -0.0]","[0.03888333867647999, -0.0, -0.03888333867647999, 0.07776667735295997]",0.09524433925320216,0.07776667735295997,0.0027096403272154363,False,True,True,True,False,False,not_run_round2_closure_localization,,,
R2_0675_C8_213_SAT_fNa0.48387097_Keq1_sat1_B21,C8_213_SAT,0.48387096774193544,0.5161290322580645,1.0,1.0,21.0,Na_K_capacity_x_equilibrium_x_saturation,0.0,"[0.4112950692711949, -0.4247336910137411, 0.02687724348509235, -0.040315865227638525]","[0.0, -0.0, 0.0, -0.0]","[0.03888333867647999, -0.0, -0.03888333867647999, 0.07776667735295997]",0.09524433925320216,0.07776667735295997,0.0027096403272154363,False,True,True,True,False,False,not_run_round2_closure_localization,,,
R2_0676_C8_213_SAT_fNa0.48387097_Keq1_sat10_B21,C8_213_SAT,0.48387096774193544,0.5161290322580645,1.0,10.0,21.0,Na_K_capacity_x_equilibrium_x_saturation,0.0,"[0.04112950693766808, -0.04247336912895582, 0.0026877243825754876, -0.0040315865738632314]","[0.0, -0.0, 0.0, -0.0]","[0.03888333867647999, -0.0, -0.03888333867647999, 0.07776667735295997]",0.09524433925320216,0.07776667735295997,0.0027096403272154363,False,True,True,True,False,False,not_run_round2_closure_localization,,,
R2_0677_C8_213_SAT_fNa0.48387097_Keq1_sat100_B21,C8_213_SAT,0.48387096774193544,0.5161290322580645,1.0,100.0,21.0,Na_K_capacity_x_equilibrium_x_saturation,0.0,"[0.004112950693872293, -0.0042473369131714, 0.00026877243859821376, -0.00040315865789732064]","[0.0, -0.0, 0.0, -0.0]","[0.03888333867647999, -0.0, -0.03888333867647999, 0.07776667735295997]",0.09524433925320216,0.07776667735295997,0.0027096403272154363,False,True,True,True,False,False,not_run_round2_closure_localization,,,
R2_0678_C8_213_SAT_fNa0.48387097_Keq10_sat0.01_B21,C8_213_SAT,0.48387096774193544,0.5161290322580645,10.0,0.01,21.0,Na_K_capacity_x_equilibrium_x_saturation,0.0004725678578063458,"[5.057059981804862, -50.6198140388454, 91.12550811408107, -136.6882621711216]","[0.0023898040023997216, -0.023921297082892756, 0.04306298616098607, -0.06459447924147911]","[0.04127314267887971, -0.023921297082892756, 0.004179647484506083, 0.013172198111480862]",0.04966565228507538,0.04127314267887971,0.0014380885933017375,False,True,False,True,False,False,not_run_round2_closure_localization,,,
R2_0679_C8_213_SAT_fNa0.48387097_Keq10_sat0.1_B21,C8_213_SAT,0.48387096774193544,0.5161290322580645,10.0,0.1,21.0,Na_K_capacity_x_equilibrium_x_saturation,0.004725678481772383,"[0.5057060226674744, -5.061981516835184, 9.11255098833542, -13.668826482503128]","[0.0023898040694223808, -0.023921297129237556, 0.04306298611963035, -0.06459447917944552]","[0.041273142745902366, -0.023921297129237556, 0.004179647443150365, 0.013172198173514449]",0.04966565237606643,0.041273142745902366,0.0014380885956370216,False,True,False,True,False,False,not_run_round2_closure_localization,,,
R2_0680_C8_213_SAT_fNa0.48387097_Keq10_sat1_B21,C8_213_SAT,0.48387096774193544,0.5161290322580645,10.0,1.0,21.0,Na_K_capacity_x_equilibrium_x_saturation,0.04725678472143276,"[0.05057060251161735, -0.5061981528130248, 0.9112551006028149, -1.3668826509042225]","[0.002389804076124648, -0.023921297133872036, 0.04306298611549477, -0.06459447917324217]","[0.04127314275260464, -0.023921297133872036, 0.0041796474390147845, 0.013172198179717806]",0.049665652385165536,0.04127314275260464,0.0014380885958705503,False,True,False,True,False,False,not_run_round2_closure_localization,,,
R2_0681_C8_213_SAT_fNa0.48387097_Keq10_sat10_B21,C8_213_SAT,0.48387096774193544,0.5161290322580645,10.0,10.0,21.0,Na_K_capacity_x_equilibrium_x_saturation,0.4725678471180365,"[0.005057060253610434, -0.05061981529259754, 0.09112551007797422, -0.13668826511696133]","[0.0023898040767948744, -0.02392129713433548, 0.04306298611508121, -0.06459447917262183]","[0.04127314275327486, -0.02392129713433548, 0.004179647438601226, 0.013172198180338143]",0.04966565238607544,0.04127314275327486,0.0014380885958939031,False,True,False,True,False,False,not_run_round2_closure_localization,,,
R2_0682_C8_213_SAT_fNa0.48387097_Keq10_sat100_B21,C8_213_SAT,0.48387096774193544,0.5161290322580645,10.0,100.0,21.0,Na_K_capacity_x_equilibrium_x_saturation,4.725678471084073,"[0.0005057060253855305, -0.0050619815293727055, 0.00911255100797435, -0.013668826511961525]","[0.002389804076861897, -0.023921297134381826, 0.04306298611503986, -0.06459447917255978]","[0.04127314275334188, -0.023921297134381826, 0.004179647438559871, 0.01317219818040019]",0.04966565238616644,0.04127314275334188,0.0014380885958962383,False,True,False,True,False,False,not_run_round2_closure_localization,,,
R2_0683_C8_213_SAT_fNa0.48387097_Keq100_sat0.01_B21,C8_213_SAT,0.48387096774193544,0.5161290322580645,100.0,0.01,21.0,Na_K_capacity_x_equilibrium_x_saturation,0.00027151182132007044,"[-37.76136688556996, -51.5127266513342, 178.54818707380832, -267.8222806107125]","[-0.010252657498636497, -0.01398631423426668, 0.048477943465806354, -0.07271691519870953]","[0.028630681177843488, -0.01398631423426668, 0.009594604789326368, 0.005049762154250445]",0.033658422860330765,0.028630681177843488,0.0009975847082482109,False,True,False,True,False,False,not_run_round2_closure_localization,,,
R2_0684_C8_213_SAT_fNa0.48387097_Keq100_sat0.1_B21,C8_213_SAT,0.48387096774193544,0.5161290322580645,100.0,0.1,21.0,Na_K_capacity_x_equilibrium_x_saturation,0.002715118169274208,"[-3.776136803516126, -5.151272701799072, 17.854819010630393, -26.78222851594559]","[-0.010252657644891663, -0.013986314107540898, 0.04847794350486512, -0.07271691525729768]","[0.028630681031588324, -0.013986314107540898, 0.009594604828385131, 0.005049762095662297]",0.033658422685607356,0.028630681031588324,0.000997584703152212,False,True,False,True,False,False,not_run_round2_closure_localization,,,
R2_0685_C8_213_SAT_fNa0.48387097_Keq100_sat1_B21,C8_213_SAT,0.48387096774193544,0.5161290322580645,100.0,1.0,21.0,Na_K_capacity_x_equilibrium_x_saturation,0.02715118164881558,"[-0.37761368150120395, -0.5151272705465637, 1.7854819040955352, -2.678222856143303]","[-0.01025265765951718, -0.01398631409486832, 0.04847794350877099, -0.07271691526315649]","[0.028630681016962804, -0.01398631409486832, 0.009594604832291007, 0.005049762089803483]",0.03365842266813501,0.028630681016962804,0.000997584702642612,False,True,False,True,False,False,not_run_round2_closure_localization,,,
R2_0686_C8_213_SAT_fNa0.48387097_Keq100_sat10_B21,C8_213_SAT,0.48387096774193544,0.5161290322580645,100.0,10.0,21.0,Na_K_capacity_x_equilibrium_x_saturation,0.27151181644422934,"[-0.0377613681616163, -0.05151272705832293, 0.17854819043987846, -0.2678222856598177]","[-0.010252657660979731, -0.013986314093601062, 0.04847794350916158, -0.07271691526374238]","[0.028630681015500255, -0.013986314093601062, 0.009594604832681597, 0.005049762089217591]",0.03365842266638778,0.028630681015500255,0.0009975847025916519,False,True,False,True,False,False,not_run_round2_closure_localization,,,
R2_0687_C8_213_SAT_fNa0.48387097_Keq100_sat100_B21,C8_213_SAT,0.48387096774193544,0.5161290322580645,100.0,100.0,21.0,Na_K_capacity_x_equilibrium_x_saturation,2.715118164398366,"[-0.00377613681627659, -0.00515127270586896, 0.0178548190442911, -0.02678222856643665]","[-0.010252657661125984, -0.013986314093474334, 0.048477943509200636, -0.07271691526380096]","[0.028630681015354, -0.013986314093474334, 0.009594604832720649, 0.005049762089159013]",0.03365842266621306,0.028630681015354,0.0009975847025865561,False,True,False,True,False,False,not_run_round2_closure_localization,,,
R2_0688_C8_213_SAT_fNa0.5_Keq0.01_sat0.01_B21,C8_213_SAT,0.5,0.5,0.01,0.01,21.0,Na_K_capacity_x_equilibrium_x_saturation,0.0,"[49.918990176789954, 40.66640883771178, -181.17079802900346, 271.7561970435052]","[0.0, 0.0, -0.0, 0.0]","[0.03888333867647999, 0.0, -0.03888333867647999, 0.07776667735295997]",0.09524433925320216,0.07776667735295997,0.0027096403272154363,False,True,False,True,False,False,not_run_round2_closure_localization,,,
R2_0689_C8_213_SAT_fNa0.5_Keq0.01_sat0.1_B21,C8_213_SAT,0.5,0.5,0.01,0.1,21.0,Na_K_capacity_x_equilibrium_x_saturation,0.0,"[4.991899031508622, 4.066641154198766, -18.117080371414776, 27.175620557122166]","[0.0, 0.0, -0.0, 0.0]","[0.03888333867647999, 0.0, -0.03888333867647999, 0.07776667735295997]",0.09524433925320216,0.07776667735295997,0.0027096403272154363,False,True,False,True,False,False,not_run_round2_closure_localization,,,
R2_0690_C8_213_SAT_fNa0.5_Keq0.01_sat1_B21,C8_213_SAT,0.5,0.5,0.01,1.0,21.0,Na_K_capacity_x_equilibrium_x_saturation,0.0,"[0.49918990328915835, 0.4066641181241527, -1.8117080428266221, 2.7175620642399334]","[0.0, 0.0, -0.0, 0.0]","[0.03888333867647999, 0.0, -0.03888333867647999, 0.07776667735295997]",0.09524433925320216,0.07776667735295997,0.0027096403272154363,False,True,False,True,False,False,not_run_round2_closure_localization,,,
R2_0691_C8_213_SAT_fNa0.5_Keq0.01_sat10_B21,C8_213_SAT,0.5,0.5,0.01,10.0,21.0,Na_K_capacity_x_equilibrium_x_saturation,0.0,"[0.0499189903302988, 0.04066641183945803, -0.18117080433951366, 0.27175620650927046]","[0.0, 0.0, -0.0, 0.0]","[0.03888333867647999, 0.0, -0.03888333867647999, 0.07776667735295997]",0.09524433925320216,0.07776667735295997,0.0027096403272154363,False,True,False,True,False,False,not_run_round2_closure_localization,,,
R2_0692_C8_213_SAT_fNa0.5_Keq0.01_sat100_B21,C8_213_SAT,0.5,0.5,0.01,100.0,21.0,Na_K_capacity_x_equilibrium_x_saturation,0.0,"[0.004991899033043709, 0.004066641184216231, -0.01811708043451988, 0.02717562065177982]","[0.0, 0.0, -0.0, 0.0]","[0.03888333867647999, 0.0, -0.03888333867647999, 0.07776667735295997]",0.09524433925320216,0.07776667735295997,0.0027096403272154363,False,True,False,True,False,False,not_run_round2_closure_localization,,,
R2_0693_C8_213_SAT_fNa0.5_Keq0.1_sat0.01_B21,C8_213_SAT,0.5,0.5,0.1,0.01,21.0,Na_K_capacity_x_equilibrium_x_saturation,0.0,"[49.1957663885603, -0.7253902503995627, -96.94075227632148, 145.41112841448222]","[0.0, -0.0, -0.0, 0.0]","[0.03888333867647999, -0.0, -0.03888333867647999, 0.07776667735295997]",0.09524433925320216,0.07776667735295997,0.0027096403272154363,False,True,False,True,False,False,not_run_round2_closure_localization,,,
R2_0694_C8_213_SAT_fNa0.5_Keq0.1_sat0.1_B21,C8_213_SAT,0.5,0.5,0.1,0.1,21.0,Na_K_capacity_x_equilibrium_x_saturation,0.0,"[4.919576681643585, -0.07253903333013031, -9.69407529662691, 14.541112944940364]","[0.0, -0.0, -0.0, 0.0]","[0.03888333867647999, -0.0, -0.03888333867647999, 0.07776667735295997]",0.09524433925320216,0.07776667735295997,0.0027096403272154363,False,True,False,True,False,False,not_run_round2_closure_localization,,,
R2_0695_C8_213_SAT_fNa0.5_Keq0.1_sat1_B21,C8_213_SAT,0.5,0.5,0.1,1.0,21.0,Na_K_capacity_x_equilibrium_x_saturation,0.0,"[0.49195766859223405, -0.0072539034159147826, -0.9694075303526385, 1.4541112955289577]","[0.0, -0.0, -0.0, 0.0]","[0.03888333867647999, -0.0, -0.03888333867647999, 0.07776667735295997]",0.09524433925320216,0.07776667735295997,0.0027096403272154363,False,True,False,True,False,False,not_run_round2_closure_localization,,,
R2_0696_C8_213_SAT_fNa0.5_Keq0.1_sat10_B21,C8_213_SAT,0.5,0.5,0.1,10.0,21.0,Na_K_capacity_x_equilibrium_x_saturation,0.0,"[0.04919576686350217, -0.0007253903424204957, -0.09694075304216335, 0.14541112956324503]","[0.0, -0.0, -0.0, 0.0]","[0.03888333867647999, -0.0, -0.03888333867647999, 0.07776667735295997]",0.09524433925320216,0.07776667735295997,0.0027096403272154363,False,True,False,True,False,False,not_run_round2_closure_localization,,,
R2_0697_C8_213_SAT_fNa0.5_Keq0.1_sat100_B21,C8_213_SAT,0.5,0.5,0.1,100.0,21.0,Na_K_capacity_x_equilibrium_x_saturation,0.0,"[0.004919576686393003, -7.253903425033977e-05, -0.009694075304285328, 0.01454111295642799]","[0.0, -0.0, -0.0, 0.0]","[0.03888333867647999, -0.0, -0.03888333867647999, 0.07776667735295997]",0.09524433925320216,0.07776667735295997,0.0027096403272154363,False,True,False,True,False,False,not_run_round2_closure_localization,,,
R2_0698_C8_213_SAT_fNa0.5_Keq1_sat0.01_B21,C8_213_SAT,0.5,0.5,1.0,0.01,21.0,Na_K_capacity_x_equilibrium_x_saturation,0.0,"[42.50048929233453, -41.14607337778011, -2.7088318291088314, 4.063247743663247]","[0.0, -0.0, -0.0, 0.0]","[0.03888333867647999, -0.0, -0.03888333867647999, 0.07776667735295997]",0.09524433925320216,0.07776667735295997,0.0027096403272154363,False,True,True,True,False,False,not_run_round2_closure_localization,,,
R2_0699_C8_213_SAT_fNa0.5_Keq1_sat0.1_B21,C8_213_SAT,0.5,0.5,1.0,0.1,21.0,Na_K_capacity_x_equilibrium_x_saturation,0.0,"[4.2500490382354785, -4.114607604975833, -0.2708828665192904, 0.4063242997789356]","[0.0, -0.0, -0.0, 0.0]","[0.03888333867647999, -0.0, -0.03888333867647999, 0.07776667735295997]",0.09524433925320216,0.07776667735295997,0.0027096403272154363,False,True,True,True,False,False,not_run_round2_closure_localization,,,
R2_0700_C8_213_SAT_fNa0.5_Keq1_sat1_B21,C8_213_SAT,0.5,0.5,1.0,1.0,21.0,Na_K_capacity_x_equilibrium_x_saturation,0.0,"[0.4250049049135681, -0.4114607631695617, -0.027088283488012843, 0.040632425232019265]","[0.0, -0.0, -0.0, 0.0]","[0.03888333867647999, -0.0, -0.03888333867647999, 0.07776667735295997]",0.09524433925320216,0.07776667735295997,0.0027096403272154363,False,True,True,True,False,False,not_run_round2_closure_localization,,,
R2_0701_C8_213_SAT_fNa0.5_Keq1_sat10_B21,C8_213_SAT,0.5,0.5,1.0,10.0,21.0,Na_K_capacity_x_equilibrium_x_saturation,0.0,"[0.042500490502257016, -0.04114607634367595, -0.0027088283171621264, 0.0040632424757431895]","[0.0, -0.0, -0.0, 0.0]","[0.03888333867647999, -0.0, -0.03888333867647999, 0.07776667735295997]",0.09524433925320216,0.07776667735295997,0.0027096403272154363,False,True,True,True,False,False,not_run_round2_closure_localization,,,
R2_0702_C8_213_SAT_fNa0.5_Keq1_sat100_B21,C8_213_SAT,0.5,0.5,1.0,100.0,21.0,Na_K_capacity_x_equilibrium_x_saturation,0.0,"[0.004250049050334703, -0.004114607634634794, -0.00027088283139981885, 0.0004063242470997283]","[0.0, -0.0, -0.0, 0.0]","[0.03888333867647999, -0.0, -0.03888333867647999, 0.07776667735295997]",0.09524433925320216,0.07776667735295997,0.0027096403272154363,False,True,True,True,False,False,not_run_round2_closure_localization,,,
R2_0703_C8_213_SAT_fNa0.5_Keq10_sat0.01_B21,C8_213_SAT,0.5,0.5,10.0,0.01,21.0,Na_K_capacity_x_equilibrium_x_saturation,0.0004902312677548577,"[5.225628647865024, -49.03794485013148, 87.62463240453292, -131.43694860679938]","[0.002561766556858974, -0.024039933871972754, 0.042956334630227556, -0.06443450194534134]","[0.04144510523333896, -0.024039933871972754, 0.00407299595374757, 0.013332175407618635]",0.04989941247660256,0.04144510523333896,0.0014440803199379485,False,True,False,True,False,False,not_run_round2_closure_localization,,,
R2_0704_C8_213_SAT_fNa0.5_Keq10_sat0.1_B21,C8_213_SAT,0.5,0.5,10.0,0.1,21.0,Na_K_capacity_x_equilibrium_x_saturation,0.004902312578291602,"[0.5225628900897237, -4.903794594434085, 8.762463408688722, -13.143695113033083]","[0.0025617666290352645, -0.024039933921652577, 0.04295633458523463, -0.06443450187785194]","[0.04144510530551525, -0.024039933921652577, 0.004072995908754644, 0.013332175475108038]",0.04989941257484375,0.04144510530551525,0.0014440803224528016,False,True,False,True,False,False,not_run_round2_closure_localization,,,
R2_0705_C8_213_SAT_fNa0.5_Keq10_sat1_B21,C8_213_SAT,0.5,0.5,10.0,1.0,21.0,Na_K_capacity_x_equilibrium_x_saturation,0.04902312568365905,"[0.0522562892620046, -0.49037946053761783, 0.8762463425512265, -1.3143695138268396]","[0.002561766636252894, -0.02403993392662056, 0.042956334580735334, -0.064434501871103]","[0.04144510531273288, -0.02403993392662056, 0.004072995904255347, 0.013332175481856973]",0.04989941258466787,0.04144510531273288,0.001444080322704287,False,True,False,True,False,False,not_run_round2_closure_localization,,,
R2_0706_C8_213_SAT_fNa0.5_Keq10_sat10_B21,C8_213_SAT,0.5,0.5,10.0,10.0,21.0,Na_K_capacity_x_equilibrium_x_saturation,0.4902312567373336,"[0.005225628928730783, -0.04903794606470387, 0.08762463427194618, -0.13143695140791928]","[0.002561766636974658, -0.02403993392711736, 0.04295633458028541, -0.06443450187042811]","[0.04144510531345465, -0.02403993392711736, 0.004072995903805422, 0.013332175482531863]",0.04989941258565029,0.04144510531345465,0.0014440803227294358,False,True,False,True,False,False,not_run_round2_closure_localization,,,
R2_0707_C8_213_SAT_fNa0.5_Keq10_sat100_B21,C8_213_SAT,0.5,0.5,10.0,100.0,21.0,Na_K_capacity_x_equilibrium_x_saturation,4.902312567274079,"[0.0005225628928983815, -0.0049037946065798085, 0.008762463427362853, -0.01314369514104428]","[0.002561766637046834, -0.02403993392716704, 0.04295633458024041, -0.06443450187036062]","[0.04144510531352682, -0.02403993392716704, 0.0040729959037604235, 0.013332175482599351]",0.04989941258574852,0.04144510531352682,0.0014440803227319503,False,True,False,True,False,False,not_run_round2_closure_localization,,,
R2_0708_C8_213_SAT_fNa0.5_Keq100_sat0.01_B21,C8_213_SAT,0.5,0.5,100.0,0.01,21.0,Na_K_capacity_x_equilibrium_x_saturation,0.00027318429388999306,"[-39.02007911508896, -49.90295394348001, 177.84606611713792, -266.76909917570686]","[-0.010659672760587243, -0.01363270323607443, 0.04858475199332334, -0.07287712798998501]","[0.028223665915892746, -0.01363270323607443, 0.009701413316843356, 0.0048895493629749626]",0.033173046718262024,0.028223665915892746,0.0009834029918039339,False,True,False,True,False,False,not_run_round2_closure_localization,,,
R2_0709_C8_213_SAT_fNa0.5_Keq100_sat0.1_B21,C8_213_SAT,0.5,0.5,100.0,0.1,21.0,Na_K_capacity_x_equilibrium_x_saturation,0.002731842893637256,"[-3.902008030299997, -4.990295429867851, 17.784606920335698, -26.676910380503546]","[-0.010659672908490554, -0.013632703107234965, 0.048584752031451045, -0.07287712804717657]","[0.02822366576798943, -0.013632703107234965, 0.009701413354971059, 0.0048895493057834055]",0.03317304654219884,0.02822366576798943,0.0009834029866505084,False,True,False,True,False,False,not_run_round2_closure_localization,,,
R2_0710_C8_213_SAT_fNa0.5_Keq100_sat1_B21,C8_213_SAT,0.5,0.5,100.0,1.0,21.0,Na_K_capacity_x_equilibrium_x_saturation,0.027318428891109886,"[-0.39020080421791076, -0.4990295433419836, 1.7784606951197888, -2.6676910426796834]","[-0.010659672923280886, -0.013632703094351018, 0.04858475203526381, -0.07287712805289571]","[0.028223665753199102, -0.013632703094351018, 0.009701413358783821, 0.004889549300064258]",0.03317304652459252,0.028223665753199102,0.000983402986135166,False,True,False,True,False,False,not_run_round2_closure_localization,,,
R2_0711_C8_213_SAT_fNa0.5_Keq100_sat10_B21,C8_213_SAT,0.5,0.5,100.0,10.0,21.0,Na_K_capacity_x_equilibrium_x_saturation,0.27318428886583623,"[-0.03902008043367018, -0.04990295433775034, 0.17784606954284105, -0.2667691043142616]","[-0.01065967292475992, -0.013632703093062625, 0.048584752035645086, -0.07287712805346763]","[0.028223665751720067, -0.013632703093062625, 0.0097014133591651, 0.004889549299492341]",0.03317304652283188,0.028223665751720067,0.0009834029860836316,False,True,False,True,False,False,not_run_round2_closure_localization,,,
R2_0712_C8_213_SAT_fNa0.5_Keq100_sat100_B21,C8_213_SAT,0.5,0.5,100.0,100.0,21.0,Na_K_capacity_x_equilibrium_x_saturation,2.7318428886131,"[-0.00390200804348581, -0.004990295433810555, 0.01778460695459273, -0.026676910431889092]","[-0.010659672924907824, -0.013632703092933789, 0.04858475203568323, -0.07287712805352484]","[0.02822366575157216, -0.013632703092933789, 0.009701413359203243, 0.004889549299435136]",0.03317304652265582,0.02822366575157216,0.000983402986078478,False,True,False,True,False,False,not_run_round2_closure_localization,,,
R2_0713_C8_213_SAT_fNa0.75_Keq0.01_sat0.01_B21,C8_213_SAT,0.75,0.25,0.01,0.01,21.0,Na_K_capacity_x_equilibrium_x_saturation,0.0,"[74.87848526518493, 20.33320441885589, -190.42337936808164, 285.63506905212245]","[0.0, 0.0, -0.0, 0.0]","[0.03888333867647999, 0.0, -0.03888333867647999, 0.07776667735295997]",0.09524433925320216,0.07776667735295997,0.0027096403272154363,False,True,False,True,False,False,not_run_round2_closure_localization,,,
R2_0714_C8_213_SAT_fNa0.75_Keq0.01_sat0.1_B21,C8_213_SAT,0.75,0.25,0.01,0.1,21.0,Na_K_capacity_x_equilibrium_x_saturation,0.0,"[7.487848547262932, 2.033320577099383, -19.042338248724633, 28.56350737308695]","[0.0, 0.0, -0.0, 0.0]","[0.03888333867647999, 0.0, -0.03888333867647999, 0.07776667735295997]",0.09524433925320216,0.07776667735295997,0.0027096403272154363,False,True,False,True,False,False,not_run_round2_closure_localization,,,
R2_0715_C8_213_SAT_fNa0.75_Keq0.01_sat1_B21,C8_213_SAT,0.75,0.25,0.01,1.0,21.0,Na_K_capacity_x_equilibrium_x_saturation,0.0,"[0.7487848549337375, 0.20333205906207635, -1.9042338279916278, 2.8563507419874417]","[0.0, 0.0, -0.0, 0.0]","[0.03888333867647999, 0.0, -0.03888333867647999, 0.07776667735295997]",0.09524433925320216,0.07776667735295997,0.0027096403272154363,False,True,False,True,False,False,not_run_round2_closure_localization,,,
R2_0716_C8_213_SAT_fNa0.75_Keq0.01_sat10_B21,C8_213_SAT,0.75,0.25,0.01,10.0,21.0,Na_K_capacity_x_equilibrium_x_saturation,0.0,"[0.0748784854954482, 0.020333205919729015, -0.19042338283035443, 0.28563507424553164]","[0.0, 0.0, -0.0, 0.0]","[0.03888333867647999, 0.0, -0.03888333867647999, 0.07776667735295997]",0.09524433925320216,0.07776667735295997,0.0027096403272154363,False,True,False,True,False,False,not_run_round2_closure_localization,,,
R2_0717_C8_213_SAT_fNa0.75_Keq0.01_sat100_B21,C8_213_SAT,0.75,0.25,0.01,100.0,21.0,Na_K_capacity_x_equilibrium_x_saturation,0.0,"[0.007487848549565564, 0.0020333205921081155, -0.01904233828334736, 0.028563507425021038]","[0.0, 0.0, -0.0, 0.0]","[0.03888333867647999, 0.0, -0.03888333867647999, 0.07776667735295997]",0.09524433925320216,0.07776667735295997,0.0027096403272154363,False,True,False,True,False,False,not_run_round2_closure_localization,,,
R2_0718_C8_213_SAT_fNa0.75_Keq0.1_sat0.01_B21,C8_213_SAT,0.75,0.25,0.1,0.01,21.0,Na_K_capacity_x_equilibrium_x_saturation,0.0,"[73.79364958284046, -0.36269512519978137, -146.86190891528136, 220.29286337292206]","[0.0, -0.0, -0.0, 0.0]","[0.03888333867647999, -0.0, -0.03888333867647999, 0.07776667735295997]",0.09524433925320216,0.07776667735295997,0.0027096403272154363,False,True,False,True,False,False,not_run_round2_closure_localization,,,
R2_0719_C8_213_SAT_fNa0.75_Keq0.1_sat0.1_B21,C8_213_SAT,0.75,0.25,0.1,0.1,21.0,Na_K_capacity_x_equilibrium_x_saturation,0.0,"[7.379365022465378, -0.03626951666506516, -14.686191011600625, 22.029286517400937]","[0.0, -0.0, -0.0, 0.0]","[0.03888333867647999, -0.0, -0.03888333867647999, 0.07776667735295997]",0.09524433925320216,0.07776667735295997,0.0027096403272154363,False,True,False,True,False,False,not_run_round2_closure_localization,,,
R2_0720_C8_213_SAT_fNa0.75_Keq0.1_sat1_B21,C8_213_SAT,0.75,0.25,0.1,1.0,21.0,Na_K_capacity_x_equilibrium_x_saturation,0.0,"[0.7379365028883511, -0.0036269517079573913, -1.4686191023607875, 2.202928653541181]","[0.0, -0.0, -0.0, 0.0]","[0.03888333867647999, -0.0, -0.03888333867647999, 0.07776667735295997]",0.09524433925320216,0.07776667735295997,0.0027096403272154363,False,True,False,True,False,False,not_run_round2_closure_localization,,,
R2_0721_C8_213_SAT_fNa0.75_Keq0.1_sat10_B21,C8_213_SAT,0.75,0.25,0.1,10.0,21.0,Na_K_capacity_x_equilibrium_x_saturation,0.0,"[0.07379365029525325, -0.00036269517121024787, -0.146861910248086, 0.220292865372129]","[0.0, -0.0, -0.0, 0.0]","[0.03888333867647999, -0.0, -0.03888333867647999, 0.07776667735295997]",0.09524433925320216,0.07776667735295997,0.0027096403272154363,False,True,False,True,False,False,not_run_round2_closure_localization,,,
R2_0722_C8_213_SAT_fNa0.75_Keq0.1_sat100_B21,C8_213_SAT,0.75,0.25,0.1,100.0,21.0,Na_K_capacity_x_equilibrium_x_saturation,0.0,"[0.007379365029589505, -3.626951712516988e-05, -0.01468619102492867, 0.022029286537393004]","[0.0, -0.0, -0.0, 0.0]","[0.03888333867647999, -0.0, -0.03888333867647999, 0.07776667735295997]",0.09524433925320216,0.07776667735295997,0.0027096403272154363,False,True,False,True,False,False,not_run_round2_closure_localization,,,
R2_0723_C8_213_SAT_fNa0.75_Keq1_sat0.01_B21,C8_213_SAT,0.75,0.25,1.0,0.01,21.0,Na_K_capacity_x_equilibrium_x_saturation,0.0,"[63.750733938501796, -20.573036688890056, -86.35539449922348, 129.5330917488352]","[0.0, -0.0, -0.0, 0.0]","[0.03888333867647999, -0.0, -0.03888333867647999, 0.07776667735295997]",0.09524433925320216,0.07776667735295997,0.0027096403272154363,False,True,True,True,False,False,not_run_round2_closure_localization,,,
R2_0724_C8_213_SAT_fNa0.75_Keq1_sat0.1_B21,C8_213_SAT,0.75,0.25,1.0,0.1,21.0,Na_K_capacity_x_equilibrium_x_saturation,0.0,"[6.375073557353218, -2.0573038024879167, -8.635539509730602, 12.953309264595903]","[0.0, -0.0, -0.0, 0.0]","[0.03888333867647999, -0.0, -0.03888333867647999, 0.07776667735295997]",0.09524433925320216,0.07776667735295997,0.0027096403272154363,False,True,True,True,False,False,not_run_round2_closure_localization,,,
R2_0725_C8_213_SAT_fNa0.75_Keq1_sat1_B21,C8_213_SAT,0.75,0.25,1.0,1.0,21.0,Na_K_capacity_x_equilibrium_x_saturation,0.0,"[0.6375073573703522, -0.20573038158478085, -0.8635539515711428, 1.2953309273567142]","[0.0, -0.0, -0.0, 0.0]","[0.03888333867647999, -0.0, -0.03888333867647999, 0.07776667735295997]",0.09524433925320216,0.07776667735295997,0.0027096403272154363,False,True,True,True,False,False,not_run_round2_closure_localization,,,
R2_0726_C8_213_SAT_fNa0.75_Keq1_sat10_B21,C8_213_SAT,0.75,0.25,1.0,10.0,21.0,Na_K_capacity_x_equilibrium_x_saturation,0.0,"[0.06375073575338552, -0.020573038171837976, -0.0863553951630951, 0.12953309274464264]","[0.0, -0.0, -0.0, 0.0]","[0.03888333867647999, -0.0, -0.03888333867647999, 0.07776667735295997]",0.09524433925320216,0.07776667735295997,0.0027096403272154363,False,True,True,True,False,False,not_run_round2_closure_localization,,,
R2_0727_C8_213_SAT_fNa0.75_Keq1_sat100_B21,C8_213_SAT,0.75,0.25,1.0,100.0,21.0,Na_K_capacity_x_equilibrium_x_saturation,0.0,"[0.006375073575502054, -0.002057303817317397, -0.008635539516369315, 0.012953309274553973]","[0.0, -0.0, -0.0, 0.0]","[0.03888333867647999, -0.0, -0.03888333867647999, 0.07776667735295997]",0.09524433925320216,0.07776667735295997,0.0027096403272154363,False,True,True,True,False,False,not_run_round2_closure_localization,,,
R2_0728_C8_213_SAT_fNa0.75_Keq10_sat0.01_B21,C8_213_SAT,0.75,0.25,10.0,0.01,21.0,Na_K_capacity_x_equilibrium_x_saturation,0.0011411838750087608,"[7.838442971797536, -24.51897242506574, 33.36105890653641, -50.04158835980461]","[0.0089451047245911, -0.027980655963269475, 0.03807110247735675, -0.05710665371603512]","[0.047828443401071084, -0.027980655963269475, -0.0008122361991232396, 0.020660023636924853]",0.05914366754459659,0.047828443401071084,0.0016664962839704266,False,True,False,True,False,False,not_run_round2_closure_localization,,,
R2_0729_C8_213_SAT_fNa0.75_Keq10_sat0.1_B21,C8_213_SAT,0.75,0.25,10.0,0.1,21.0,Na_K_capacity_x_equilibrium_x_saturation,0.011411838556217246,"[0.7838443351345855, -2.4518972972170423, 3.3361059241649134, -5.00415888624737]","[0.008945105005761336, -0.0279806561122663, 0.038071102213009925, -0.057106653319514894]","[0.047828443682241324, -0.0279806561122663, -0.0008122364634700618, 0.02066002403344508]",0.05914366798460638,0.047828443682241324,0.001666496293767299,False,True,False,True,False,False,not_run_round2_closure_localization,,,
R2_0730_C8_213_SAT_fNa0.75_Keq10_sat1_B21,C8_213_SAT,0.75,0.25,10.0,1.0,21.0,Na_K_capacity_x_equilibrium_x_saturation,0.11411838536830211,"[0.07838443389300691, -0.24518973026880891, 0.333610592751604, -0.500415889127406]","[0.008945105033878364, -0.027980656127165986, 0.03807110218657524, -0.05710665327986286]","[0.047828443710358354, -0.027980656127165986, -0.0008122364899047496, 0.02066002407309711]",0.05914366802860737,0.047828443710358354,0.001666496294746986,False,True,False,True,False,False,not_run_round2_closure_localization,,,
R2_0731_C8_213_SAT_fNa0.75_Keq10_sat10_B21,C8_213_SAT,0.75,0.25,10.0,10.0,21.0,Na_K_capacity_x_equilibrium_x_saturation,1.141183853489151,"[0.007838443393096174, -0.024518973032351937, 0.033361059278511525, -0.05004158891776729]","[0.008945105036690068, -0.027980656128655957, 0.038071102183931775, -0.057106653275897666]","[0.047828443713170056, -0.027980656128655957, -0.0008122364925482115, 0.020660024077062307]",0.05914366803300747,0.047828443713170056,0.001666496294844955,False,True,False,True,False,False,not_run_round2_closure_localization,,,
R2_0732_C8_213_SAT_fNa0.75_Keq10_sat100_B21,C8_213_SAT,0.75,0.25,10.0,100.0,21.0,Na_K_capacity_x_equilibrium_x_saturation,11.411838534697637,"[0.0007838443393475723, -0.0024518973032899042, 0.003336105927884664, -0.005004158891826996]","[0.008945105036971237, -0.02798065612880495, 0.038071102183667424, -0.057106653275501136]","[0.04782844371345123, -0.02798065612880495, -0.0008122364928125625, 0.020660024077458837]",0.059143668033447484,0.04782844371345123,0.001666496294854752,False,True,False,True,False,False,not_run_round2_closure_localization,,,
R2_0733_C8_213_SAT_fNa0.75_Keq100_sat0.01_B21,C8_213_SAT,0.75,0.25,100.0,0.01,21.0,Na_K_capacity_x_equilibrium_x_saturation,0.0002984140844202768,"[-58.53011867263344, -24.951476971740004, 166.96319128874688, -250.44478693312033]","[-0.017466211774704057, -0.007445872155455414, 0.04982416786031894, -0.07473625179047841]","[0.02141712690177593, -0.007445872155455414, 0.01094082918383895, 0.0030304255624815646]",0.02535783033309128,0.02141712690177593,0.0007462413536813969,False,True,False,True,False,False,not_run_round2_closure_localization,,,
R2_0734_C8_213_SAT_fNa0.75_Keq100_sat0.1_B21,C8_213_SAT,0.75,0.25,100.0,0.1,21.0,Na_K_capacity_x_equilibrium_x_saturation,0.002984140774971895,"[-5.853012045449995, -2.4951477149339256, 16.696319520767844, -25.044479281151766]","[-0.017466211901228986, -0.007445872035712278, 0.04982416787388253, -0.0747362518108238]","[0.021417126775251, -0.007445872035712278, 0.010940829197402545, 0.0030304255421361725]",0.025357830194489093,0.021417126775251,0.0007462413492728627,False,True,False,True,False,False,not_run_round2_closure_localization,,,
R2_0735_C8_213_SAT_fNa0.75_Keq100_sat1_B21,C8_213_SAT,0.75,0.25,100.0,1.0,21.0,Na_K_capacity_x_equilibrium_x_saturation,0.02984140768048808,"[-0.5853012063268661, -0.2495147716709918, 1.6696319559957158, -2.504447933993574]","[-0.01746621191388148, -0.007445872023737964, 0.04982416787523889, -0.07473625181285834]","[0.021417126762598507, -0.007445872023737964, 0.010940829198758904, 0.0030304255401016333]",0.025357830180628874,0.021417126762598507,0.0007462413488320093,False,True,False,True,False,False,not_run_round2_closure_localization,,,
R2_0736_C8_213_SAT_fNa0.75_Keq100_sat10_B21,C8_213_SAT,0.75,0.25,100.0,10.0,21.0,Na_K_capacity_x_equilibrium_x_saturation,0.29841407673564996,"[-0.05853012065050527, -0.02495147716887517, 0.1669631956387609, -0.2504447934581413]","[-0.01746621191514673, -0.007445872022540533, 0.049824167875374525, -0.07473625181306179]","[0.021417126761333255, -0.007445872022540533, 0.010940829198894539, 0.003030425539898185]",0.025357830179242848,0.021417126761333255,0.000746241348787924,False,True,False,True,False,False,not_run_round2_closure_localization,,,
R2_0737_C8_213_SAT_fNa0.75_Keq100_sat100_B21,C8_213_SAT,0.75,0.25,100.0,100.0,21.0,Na_K_capacity_x_equilibrium_x_saturation,2.9841407672872675,"[-0.005853012065228714, -0.0024951477169052774, 0.016696319564267984, -0.025044479346401978]","[-0.01746621191527325, -0.007445872022420788, 0.04982416787538808, -0.07473625181308212]","[0.021417126761206738, -0.007445872022420788, 0.01094082919890809, 0.003030425539877854]",0.02535783017910425,0.021417126761206738,0.0007462413487835156,False,True,False,True,False,False,not_run_round2_closure_localization,,,
R2_0738_C8_213_SAT_fNa1_Keq0.01_sat0.01_B21,C8_213_SAT,1.0,0.0,0.01,0.01,21.0,Na_K_capacity_x_equilibrium_x_saturation,0.0,"[99.83798035357991, 0.0, -199.67596070715982, 299.51394106073974]","[0.0, 0.0, -0.0, 0.0]","[0.03888333867647999, 0.0, -0.03888333867647999, 0.07776667735295997]",0.09524433925320216,0.07776667735295997,0.0027096403272154363,False,False,False,True,False,False,not_run_round2_closure_localization,,,
R2_0739_C8_213_SAT_fNa1_Keq0.01_sat0.1_B21,C8_213_SAT,1.0,0.0,0.01,0.1,21.0,Na_K_capacity_x_equilibrium_x_saturation,0.0,"[9.983798063017243, 0.0, -19.967596126034486, 29.95139418905173]","[0.0, 0.0, -0.0, 0.0]","[0.03888333867647999, 0.0, -0.03888333867647999, 0.07776667735295997]",0.09524433925320216,0.07776667735295997,0.0027096403272154363,False,False,False,True,False,False,not_run_round2_closure_localization,,,
R2_0740_C8_213_SAT_fNa1_Keq0.01_sat1_B21,C8_213_SAT,1.0,0.0,0.01,1.0,21.0,Na_K_capacity_x_equilibrium_x_saturation,0.0,"[0.9983798065783167, 0.0, -1.9967596131566334, 2.99513941973495]","[0.0, 0.0, -0.0, 0.0]","[0.03888333867647999, 0.0, -0.03888333867647999, 0.07776667735295997]",0.09524433925320216,0.07776667735295997,0.0027096403272154363,False,False,False,True,False,False,not_run_round2_closure_localization,,,
R2_0741_C8_213_SAT_fNa1_Keq0.01_sat10_B21,C8_213_SAT,1.0,0.0,0.01,10.0,21.0,Na_K_capacity_x_equilibrium_x_saturation,0.0,"[0.0998379806605976, 0.0, -0.1996759613211952, 0.2995139419817928]","[0.0, 0.0, -0.0, 0.0]","[0.03888333867647999, 0.0, -0.03888333867647999, 0.07776667735295997]",0.09524433925320216,0.07776667735295997,0.0027096403272154363,False,False,False,True,False,False,not_run_round2_closure_localization,,,
R2_0742_C8_213_SAT_fNa1_Keq0.01_sat100_B21,C8_213_SAT,1.0,0.0,0.01,100.0,21.0,Na_K_capacity_x_equilibrium_x_saturation,0.0,"[0.009983798066087419, 0.0, -0.019967596132174838, 0.029951394198262257]","[0.0, 0.0, -0.0, 0.0]","[0.03888333867647999, 0.0, -0.03888333867647999, 0.07776667735295997]",0.09524433925320216,0.07776667735295997,0.0027096403272154363,False,False,False,True,False,False,not_run_round2_closure_localization,,,
R2_0743_C8_213_SAT_fNa1_Keq0.1_sat0.01_B21,C8_213_SAT,1.0,0.0,0.1,0.01,21.0,Na_K_capacity_x_equilibrium_x_saturation,0.0,"[98.3915327771206, -0.0, -196.7830655542412, 295.17459833136184]","[0.0, -0.0, -0.0, 0.0]","[0.03888333867647999, -0.0, -0.03888333867647999, 0.07776667735295997]",0.09524433925320216,0.07776667735295997,0.0027096403272154363,False,False,False,True,False,False,not_run_round2_closure_localization,,,
R2_0744_C8_213_SAT_fNa1_Keq0.1_sat0.1_B21,C8_213_SAT,1.0,0.0,0.1,0.1,21.0,Na_K_capacity_x_equilibrium_x_saturation,0.0,"[9.83915336328717, -0.0, -19.67830672657434, 29.517460089861512]","[0.0, -0.0, -0.0, 0.0]","[0.03888333867647999, -0.0, -0.03888333867647999, 0.07776667735295997]",0.09524433925320216,0.07776667735295997,0.0027096403272154363,False,False,False,True,False,False,not_run_round2_closure_localization,,,
R2_0745_C8_213_SAT_fNa1_Keq0.1_sat1_B21,C8_213_SAT,1.0,0.0,0.1,1.0,21.0,Na_K_capacity_x_equilibrium_x_saturation,0.0,"[0.9839153371844681, -0.0, -1.9678306743689362, 2.9517460115534044]","[0.0, -0.0, -0.0, 0.0]","[0.03888333867647999, -0.0, -0.03888333867647999, 0.07776667735295997]",0.09524433925320216,0.07776667735295997,0.0027096403272154363,False,False,False,True,False,False,not_run_round2_closure_localization,,,
R2_0746_C8_213_SAT_fNa1_Keq0.1_sat10_B21,C8_213_SAT,1.0,0.0,0.1,10.0,21.0,Na_K_capacity_x_equilibrium_x_saturation,0.0,"[0.09839153372700433, -0.0, -0.19678306745400867, 0.295174601181013]","[0.0, -0.0, -0.0, 0.0]","[0.03888333867647999, -0.0, -0.03888333867647999, 0.07776667735295997]",0.09524433925320216,0.07776667735295997,0.0027096403272154363,False,False,False,True,False,False,not_run_round2_closure_localization,,,
R2_0747_C8_213_SAT_fNa1_Keq0.1_sat100_B21,C8_213_SAT,1.0,0.0,0.1,100.0,21.0,Na_K_capacity_x_equilibrium_x_saturation,0.0,"[0.009839153372786007, -0.0, -0.019678306745572013, 0.02951746011835802]","[0.0, -0.0, -0.0, 0.0]","[0.03888333867647999, -0.0, -0.03888333867647999, 0.07776667735295997]",0.09524433925320216,0.07776667735295997,0.0027096403272154363,False,False,False,True,False,False,not_run_round2_closure_localization,,,
R2_0748_C8_213_SAT_fNa1_Keq1_sat0.01_B21,C8_213_SAT,1.0,0.0,1.0,0.01,21.0,Na_K_capacity_x_equilibrium_x_saturation,0.0,"[85.00097858466906, -0.0, -170.0019571693381, 255.00293575400718]","[0.0, -0.0, -0.0, 0.0]","[0.03888333867647999, -0.0, -0.03888333867647999, 0.07776667735295997]",0.09524433925320216,0.07776667735295997,0.0027096403272154363,False,False,True,True,False,False,not_run_round2_closure_localization,,,
R2_0749_C8_213_SAT_fNa1_Keq1_sat0.1_B21,C8_213_SAT,1.0,0.0,1.0,0.1,21.0,Na_K_capacity_x_equilibrium_x_saturation,0.0,"[8.500098076470957, -0.0, -17.000196152941914, 25.500294229412873]","[0.0, -0.0, -0.0, 0.0]","[0.03888333867647999, -0.0, -0.03888333867647999, 0.07776667735295997]",0.09524433925320216,0.07776667735295997,0.0027096403272154363,False,False,True,True,False,False,not_run_round2_closure_localization,,,
R2_0750_C8_213_SAT_fNa1_Keq1_sat1_B21,C8_213_SAT,1.0,0.0,1.0,1.0,21.0,Na_K_capacity_x_equilibrium_x_saturation,0.0,"[0.8500098098271363, -0.0, -1.7000196196542725, 2.550029429481409]","[0.0, -0.0, -0.0, 0.0]","[0.03888333867647999, -0.0, -0.03888333867647999, 0.07776667735295997]",0.09524433925320216,0.07776667735295997,0.0027096403272154363,False,False,True,True,False,False,not_run_round2_closure_localization,,,
R2_0751_C8_213_SAT_fNa1_Keq1_sat10_B21,C8_213_SAT,1.0,0.0,1.0,10.0,21.0,Na_K_capacity_x_equilibrium_x_saturation,0.0,"[0.08500098100451403, -0.0, -0.17000196200902806, 0.2550029430135421]","[0.0, -0.0, -0.0, 0.0]","[0.03888333867647999, -0.0, -0.03888333867647999, 0.07776667735295997]",0.09524433925320216,0.07776667735295997,0.0027096403272154363,False,False,True,True,False,False,not_run_round2_closure_localization,,,
R2_0752_C8_213_SAT_fNa1_Keq1_sat100_B21,C8_213_SAT,1.0,0.0,1.0,100.0,21.0,Na_K_capacity_x_equilibrium_x_saturation,0.0,"[0.008500098100669406, -0.0, -0.017000196201338812, 0.025500294302008217]","[0.0, -0.0, -0.0, 0.0]","[0.03888333867647999, -0.0, -0.03888333867647999, 0.07776667735295997]",0.09524433925320216,0.07776667735295997,0.0027096403272154363,False,False,True,True,False,False,not_run_round2_closure_localization,,,
R2_0753_C8_213_SAT_fNa1_Keq10_sat0.01_B21,C8_213_SAT,1.0,0.0,10.0,0.01,21.0,Na_K_capacity_x_equilibrium_x_saturation,0.0,"[10.451257295730048, -0.0, -20.902514591460097, 31.353771887190145]","[0.0, -0.0, -0.0, 0.0]","[0.03888333867647999, -0.0, -0.03888333867647999, 0.07776667735295997]",0.09524433925320216,0.07776667735295997,0.0027096403272154363,False,False,False,True,False,False,not_run_round2_closure_localization,,,
R2_0754_C8_213_SAT_fNa1_Keq10_sat0.1_B21,C8_213_SAT,1.0,0.0,10.0,0.1,21.0,Na_K_capacity_x_equilibrium_x_saturation,0.0,"[1.0451257801794474, -0.0, -2.0902515603588947, 3.135377340538342]","[0.0, -0.0, -0.0, 0.0]","[0.03888333867647999, -0.0, -0.03888333867647999, 0.07776667735295997]",0.09524433925320216,0.07776667735295997,0.0027096403272154363,False,False,False,True,False,False,not_run_round2_closure_localization,,,
R2_0755_C8_213_SAT_fNa1_Keq10_sat1_B21,C8_213_SAT,1.0,0.0,10.0,1.0,21.0,Na_K_capacity_x_equilibrium_x_saturation,0.0,"[0.1045125785240092, -0.0, -0.2090251570480184, 0.31353773557202763]","[0.0, -0.0, -0.0, 0.0]","[0.03888333867647999, -0.0, -0.03888333867647999, 0.07776667735295997]",0.09524433925320216,0.07776667735295997,0.0027096403272154363,False,False,False,True,False,False,not_run_round2_closure_localization,,,
R2_0756_C8_213_SAT_fNa1_Keq10_sat10_B21,C8_213_SAT,1.0,0.0,10.0,10.0,21.0,Na_K_capacity_x_equilibrium_x_saturation,0.0,"[0.010451257857461566, -0.0, -0.02090251571492313, 0.0313537735723847]","[0.0, -0.0, -0.0, 0.0]","[0.03888333867647999, -0.0, -0.03888333867647999, 0.07776667735295997]",0.09524433925320216,0.07776667735295997,0.0027096403272154363,False,False,False,True,False,False,not_run_round2_closure_localization,,,
R2_0757_C8_213_SAT_fNa1_Keq10_sat100_B21,C8_213_SAT,1.0,0.0,10.0,100.0,21.0,Na_K_capacity_x_equilibrium_x_saturation,0.0,"[0.001045125785796763, -0.0, -0.002090251571593526, 0.003135377357390289]","[0.0, -0.0, -0.0, 0.0]","[0.03888333867647999, -0.0, -0.03888333867647999, 0.07776667735295997]",0.09524433925320216,0.07776667735295997,0.0027096403272154363,False,False,False,True,False,False,not_run_round2_closure_localization,,,
R2_0758_C8_213_SAT_fNa1_Keq100_sat0.01_B21,C8_213_SAT,1.0,0.0,100.0,0.01,21.0,Na_K_capacity_x_equilibrium_x_saturation,0.0003203021697185964,"[-78.04015823017792, -0.0, 156.08031646035585, -234.12047469053377]","[-0.024996432006308567, -0.0, 0.049992864012617134, -0.0749892960189257]","[0.01388690667017142, -0.0, 0.011109525336137148, 0.002777381334034268]",0.017999488246474304,0.01388690667017142,0.00048386434212723266,False,False,False,True,False,False,not_run_round2_closure_localization,,,
R2_0759_C8_213_SAT_fNa1_Keq100_sat0.1_B21,C8_213_SAT,1.0,0.0,100.0,0.1,21.0,Na_K_capacity_x_equilibrium_x_saturation,0.0032030215996745105,"[-7.804016060599994, -0.0, 15.608032121199988, -23.41204818179998]","[-0.024996432006308564, -0.0, 0.04999286401261713, -0.07498929601892569]","[0.013886906670171423, -0.0, 0.011109525336137141, 0.0027773813340342818]",0.017999488246474304,0.013886906670171423,0.00048386434212723277,False,False,False,True,False,False,not_run_round2_closure_localization,,,
R2_0760_C8_213_SAT_fNa1_Keq100_sat1_B21,C8_213_SAT,1.0,0.0,100.0,1.0,21.0,Na_K_capacity_x_equilibrium_x_saturation,0.03203021589923365,"[-0.7804016084358215, -0.0, 1.560803216871643, -2.3412048253074644]","[-0.02499643200630856, -0.0, 0.04999286401261712, -0.07498929601892568]","[0.013886906670171426, -0.0, 0.011109525336137134, 0.0027773813340342957]",0.017999488246474304,0.013886906670171426,0.0004838643421272329,False,False,False,True,False,False,not_run_round2_closure_localization,,,
R2_0761_C8_213_SAT_fNa1_Keq100_sat10_B21,C8_213_SAT,1.0,0.0,100.0,10.0,21.0,Na_K_capacity_x_equilibrium_x_saturation,0.32030215889482505,"[-0.07804016086734036, -0.0, 0.15608032173468073, -0.2341204826020211]","[-0.02499643200630856, -0.0, 0.04999286401261712, -0.07498929601892568]","[0.013886906670171426, -0.0, 0.011109525336137134, 0.0027773813340342957]",0.017999488246474304,0.013886906670171426,0.0004838643421272329,False,False,False,True,False,False,not_run_round2_closure_localization,,,
R2_0762_C8_213_SAT_fNa1_Keq100_sat100_B21,C8_213_SAT,1.0,0.0,100.0,100.0,21.0,Na_K_capacity_x_equilibrium_x_saturation,3.203021588850739,"[-0.00780401608697162, -0.0, 0.01560803217394324, -0.023412048260914857]","[-0.024996432006308564, -0.0, 0.04999286401261713, -0.07498929601892569]","[0.013886906670171423, -0.0, 0.011109525336137141, 0.0027773813340342818]",0.017999488246474304,0.013886906670171423,0.00048386434212723277,False,False,False,True,False,False,not_run_round2_closure_localization,,,
R2_0763_C2_fNa0.48387097_Keq1_sat1_B21,C2,0.48387096774193544,0.5161290322580645,1.0,1.0,21.0,AE4_bath_HCO3_sensitivity,1.2339201224412772e-06,"[-4917.609038793103, -23604.52338620689, 28522.132424999993, -57044.264849999985]","[-0.006067936747265916, -0.029126096386876396, 0.035194033134142315, -0.07038806626828463]","[0.03281540192921407, -0.029126096386876396, -0.0036893055423376717, 0.007378611084675343]",0.044645660163526515,0.03281540192921407,0.0011433937936618196,False,True,True,True,False,False,not_run_round2_closure_localization,,,
R2_0764_C2_fNa0.48387097_Keq1_sat1_B40,C2,0.48387096774193544,0.5161290322580645,1.0,1.0,40.0,AE4_bath_HCO3_sensitivity,1.2386804526364545e-06,"[-4898.710344827586, -23513.80965517241, 28412.519999999993, -56825.039999999986]","[-0.006067936747265916, -0.029126096386876393, 0.03519403313414231, -0.07038806626828462]","[0.03281540192921407, -0.029126096386876393, -0.0036893055423376786, 0.007378611084675357]",0.044645660163526515,0.03281540192921407,0.0011433937936618196,False,True,True,False,False,False,not_run_round2_closure_localization,,,
R2_0765_C2_fNa0.48387097_Keq1_sat1_B42.9,C2,0.48387096774193544,0.5161290322580645,1.0,1.0,42.9,AE4_bath_HCO3_sensitivity,1.2396724855609416e-06,"[-4894.790211077586, -23494.993013172407, 28389.783224249994, -56779.56644849999]","[-0.006067936747265917, -0.029126096386876396, 0.035194033134142315, -0.07038806626828463]","[0.03281540192921407, -0.029126096386876396, -0.0036893055423376717, 0.007378611084675343]",0.044645660163526515,0.03281540192921407,0.0011433937936618196,False,True,True,False,False,False,not_run_round2_closure_localization,,,
R2_0766_C3_fNa0.48387097_Keq1_sat1_B21,C3,0.48387096774193544,0.5161290322580645,1.0,1.0,21.0,AE4_bath_HCO3_sensitivity,2.406184919640409e-06,"[-2363.521775806451, -12200.010712258061, 14563.532488064513, -29127.064976129026]","[-0.0056870704541872015, -0.02935548179528679, 0.035042552249473995, -0.07008510449894799]","[0.03319626822229278, -0.02935548179528679, -0.003840786427005992, 0.007681572854011984]",0.04513861691732687,0.03319626822229278,0.0011566643962081164,False,True,True,True,False,False,not_run_round2_closure_localization,,,
R2_0767_C3_fNa0.48387097_Keq1_sat1_B40,C3,0.48387096774193544,0.5161290322580645,1.0,1.0,40.0,AE4_bath_HCO3_sensitivity,2.411959531825784e-06,"[-2312.4154838709674, -12197.949935483868, 14510.365419354835, -29020.73083870967]","[-0.005577452567864113, -0.029420961615624023, 0.03499841418348813, -0.06999682836697627]","[0.03330588610861587, -0.029420961615624023, -0.0038849244929918536, 0.007769848985983707]",0.045280660589807585,0.03330588610861587,0.0011604838347559591,False,True,True,False,False,False,not_run_round2_closure_localization,,,
R2_0768_C3_fNa0.48387097_Keq1_sat1_B42.9,C3,0.48387096774193544,0.5161290322580645,1.0,1.0,42.9,AE4_bath_HCO3_sensitivity,2.4131585750540803e-06,"[-2301.8145661451604, -12197.522470993545, 14499.337037138705, -28998.67407427741]","[-0.005554643558477582, -0.029434555945292908, 0.03498919950377049, -0.06997839900754098]","[0.033328695118002405, -0.029434555945292908, -0.0038941391727094973, 0.007788278345418995]",0.04531022623478599,0.033328695118002405,0.0011612785737589743,False,True,True,False,False,False,not_run_round2_closure_localization,,,
