mechanism_id,round,scenario,time,na_l,k_l,height,na_i,k_i,cl_i,hco3_i,calcium,pka_activation,q_total,pH_i,ae4_cycle_flux,max_abs_raw_rhs,max_abs_conservation_check,solver_method,non_ae4_chassis_fingerprint
C1,1,ae4_knockout,0.0,118.7,5.6,28.7,25.0,120.0,50.0,10.0,0.05,0.0,0.0005314154767606833,6.910000000216041,0.0,0.0027096403272154363,1.4210854715202004e-14,BDF,55885266c44ecbbfe86be622c6ebd08b77151ee6ef7dfd5c8bbc8d4250b58e50
C1,1,ae4_knockout,50.0,118.67821255541007,5.56384986168932,60.042501715322416,21.47447494932945,123.48506518502992,48.3796325742343,55.95033944754428,0.05,0.0,0.0005104191180756151,7.360525811568973,0.0,1.5727683958401356e-05,1.4210854715202004e-14,BDF,55885266c44ecbbfe86be622c6ebd08b77151ee6ef7dfd5c8bbc8d4250b58e50
C1,1,ae4_knockout,100.0,118.59268696740394,5.56043248926294,64.15967747405041,21.215864828801944,123.65299038489225,48.683270544620036,58.16324858310311,0.05,0.0,0.0005111371706745183,7.374167015075932,0.0,3.821223296021636e-06,1.3877787807814457e-17,BDF,55885266c44ecbbfe86be622c6ebd08b77151ee6ef7dfd5c8bbc8d4250b58e50
C1,1,ae4_knockout,100.0000001,118.59282139400246,5.560442218433377,64.15967747697104,21.215864828801365,123.65298813817462,48.68326829696727,58.16324858599093,0.55,0.0,0.0005113089163143738,7.37416472859298,0.0,0.15940463191159138,2.842170943040401e-14,BDF,55885266c44ecbbfe86be622c6ebd08b77151ee6ef7dfd5c8bbc8d4250b58e50
C1,1,ae4_knockout,149.99999999999716,124.57845310153094,6.955453609908703,28.770224785911715,33.3218073995644,118.29007980645112,32.39619137532663,34.42311158014008,0.55,0.0,0.0013581225198820296,7.198441431376855,0.0,1.4511865330012268e-07,2.7582103268031233e-16,BDF,55885266c44ecbbfe86be622c6ebd08b77151ee6ef7dfd5c8bbc8d4250b58e50
C1,1,ae4_knockout,199.99999999999432,124.57849349477075,6.955453947890111,28.76993661029377,33.32195035217142,118.28998037301702,32.396140329189436,34.42235681524503,0.55,0.0,0.0013581198854213375,7.19844203984743,0.0,4.7314069301337935e-08,1.4210854715202004e-14,BDF,55885266c44ecbbfe86be622c6ebd08b77151ee6ef7dfd5c8bbc8d4250b58e50
C1,1,wt,0.0,118.7,5.6,28.7,25.0,120.0,50.0,10.0,0.05,0.0,0.0005314154767606833,6.910000000216041,0.03888333867647999,1.781179185555778e-12,1.4210854715202004e-14,BDF,55885266c44ecbbfe86be622c6ebd08b77151ee6ef7dfd5c8bbc8d4250b58e50
C1,1,wt,50.0,118.7,5.600000000000001,28.699999999999992,24.999999999999957,120.00000000000004,50.00000000000004,10.00000000000001,0.05,0.0,0.0005314154767606426,6.910000000015379,0.03888333865924482,1.2956092732369495e-12,4.163336342344337e-17,BDF,55885266c44ecbbfe86be622c6ebd08b77151ee6ef7dfd5c8bbc8d4250b58e50
C1,1,wt,100.0,118.69999999999996,5.6000000000000005,28.699999999999996,24.999999999999986,120.0,50.000000000000036,10.000000000000005,0.05,0.0,0.0005314154767605758,6.909999999965214,0.03888333865924482,9.871483794864557e-13,2.842170943040401e-14,BDF,55885266c44ecbbfe86be622c6ebd08b77151ee6ef7dfd5c8bbc8d4250b58e50
C1,1,wt,100.0000001,118.70013210236104,5.600009560424172,28.699999999276567,24.99999978994755,119.99999506387005,49.99999527240148,9.999999579934173,0.55,0.0,0.0005315876563243509,6.909997668282439,0.039082746085064825,0.15662469586118077,1.4210854715202004e-14,BDF,55885266c44ecbbfe86be622c6ebd08b77151ee6ef7dfd5c8bbc8d4250b58e50
C1,1,wt,149.99999999999716,124.59303742272569,6.958093631452871,21.890724140714788,36.93419776954093,114.69334543748998,33.45758836917227,6.73004587876801,0.55,0.0,0.001360083655558629,6.8316521023036785,0.037803513473530816,6.539350982777449e-09,2.3314683517128287e-15,BDF,55885266c44ecbbfe86be622c6ebd08b77151ee6ef7dfd5c8bbc8d4250b58e50
C1,1,wt,199.99999999999432,124.59303742326854,6.958093631536219,21.890724139648274,36.934197733340675,114.69334547423676,33.45758836184763,6.730045881347319,0.55,0.0,0.0013600836555092922,6.831651697152042,0.03780384447481172,2.633601768951763e-08,1.4210854715202004e-14,BDF,55885266c44ecbbfe86be622c6ebd08b77151ee6ef7dfd5c8bbc8d4250b58e50
C1,1,ae2_knockout,0.0,118.7,5.6,28.7,25.0,120.0,50.0,10.0,0.05,0.0,0.0005314154767606833,6.910000000216041,0.03888333867647999,0.0006807834084587881,1.4210854715202004e-14,BDF,55885266c44ecbbfe86be622c6ebd08b77151ee6ef7dfd5c8bbc8d4250b58e50
C1,1,ae2_knockout,50.0,118.66019031266428,5.588048723565543,28.608095165258078,24.01363597502596,120.93905546755347,49.524904933189376,10.154718512227634,0.05,0.0,0.0005255001622992282,6.91408992698602,0.04842571290194716,8.832130333577036e-08,3.469446951953614e-17,BDF,55885266c44ecbbfe86be622c6ebd08b77151ee6ef7dfd5c8bbc8d4250b58e50
C1,1,ae2_knockout,100.0,118.66019025295432,5.5880487215079375,28.60809527988872,24.013635847818907,120.93905553163178,49.52490516143504,10.154718562411865,0.05,0.0,0.0005255001631055065,6.91409037266965,0.048423673430790036,5.701387277075701e-08,1.4210854715202004e-14,BDF,55885266c44ecbbfe86be622c6ebd08b77151ee6ef7dfd5c8bbc8d4250b58e50
C1,1,ae2_knockout,100.0000001,118.66032285161864,5.588058317729723,28.608095279204637,24.01363563565356,120.93905056107654,49.52490040352579,10.154718132884271,0.55,0.0,0.0005256730128944374,6.914099912920737,0.048667634146075334,0.15720697484622354,9.731798700229888e-16,BDF,55885266c44ecbbfe86be622c6ebd08b77151ee6ef7dfd5c8bbc8d4250b58e50
C1,1,ae2_knockout,149.99999999999716,124.58349067173441,6.956361203102701,21.8028037646164,35.03592370931917,116.58131174555699,32.87808224764364,6.849857898101774,0.55,0.0,0.0013587946570591052,6.8358278423417325,0.05583499404613087,2.5971135272155067e-09,5.898059818321144e-16,BDF,55885266c44ecbbfe86be622c6ebd08b77151ee6ef7dfd5c8bbc8d4250b58e50
C1,1,ae2_knockout,199.99999999999432,124.58349067274165,6.956361203254148,21.8028037695449,35.03592381452336,116.5813116418418,32.87808228093127,6.8498578912504575,0.55,0.0,0.0013587946570716549,6.835828869554436,0.05583437240831781,6.63789596864907e-08,1.4210854715202004e-14,BDF,55885266c44ecbbfe86be622c6ebd08b77151ee6ef7dfd5c8bbc8d4250b58e50
C2,1,ae4_knockout,0.0,118.7,5.6,28.7,25.0,120.0,50.0,10.0,0.05,0.0,0.0005314154767606833,6.910000000216041,0.0,0.0027096403272154363,1.4210854715202004e-14,BDF,55885266c44ecbbfe86be622c6ebd08b77151ee6ef7dfd5c8bbc8d4250b58e50
C2,1,ae4_knockout,50.0,118.67821255541007,5.56384986168932,60.042501715322416,21.47447494932945,123.48506518502992,48.3796325742343,55.95033944754428,0.05,0.0,0.0005104191180756151,7.360525811568973,0.0,1.5727683958401356e-05,1.4210854715202004e-14,BDF,55885266c44ecbbfe86be622c6ebd08b77151ee6ef7dfd5c8bbc8d4250b58e50
C2,1,ae4_knockout,100.0,118.59268696740394,5.56043248926294,64.15967747405041,21.215864828801944,123.65299038489225,48.683270544620036,58.16324858310311,0.05,0.0,0.0005111371706745183,7.374167015075932,0.0,3.821223296021636e-06,1.3877787807814457e-17,BDF,55885266c44ecbbfe86be622c6ebd08b77151ee6ef7dfd5c8bbc8d4250b58e50
C2,1,ae4_knockout,100.0000001,118.59282139400246,5.560442218433377,64.15967747697104,21.215864828801365,123.65298813817462,48.68326829696727,58.16324858599093,0.55,0.0,0.0005113089163143738,7.37416472859298,0.0,0.15940463191159138,2.842170943040401e-14,BDF,55885266c44ecbbfe86be622c6ebd08b77151ee6ef7dfd5c8bbc8d4250b58e50
C2,1,ae4_knockout,149.99999999999716,124.57845310153094,6.955453609908703,28.770224785911715,33.3218073995644,118.29007980645112,32.39619137532663,34.42311158014008,0.55,0.0,0.0013581225198820296,7.198441431376855,0.0,1.4511865330012268e-07,2.7582103268031233e-16,BDF,55885266c44ecbbfe86be622c6ebd08b77151ee6ef7dfd5c8bbc8d4250b58e50
C2,1,ae4_knockout,199.99999999999432,124.57849349477075,6.955453947890111,28.76993661029377,33.32195035217142,118.28998037301702,32.396140329189436,34.42235681524503,0.55,0.0,0.0013581198854213375,7.19844203984743,0.0,4.7314069301337935e-08,1.4210854715202004e-14,BDF,55885266c44ecbbfe86be622c6ebd08b77151ee6ef7dfd5c8bbc8d4250b58e50
C2,1,wt,0.0,118.7,5.6,28.7,25.0,120.0,50.0,10.0,0.05,0.0,0.0005314154767606833,6.910000000216041,0.035194033134142315,0.0011433937936618196,1.4210854715202004e-14,Radau,55885266c44ecbbfe86be622c6ebd08b77151ee6ef7dfd5c8bbc8d4250b58e50
C2,1,wt,50.0,118.75921762929839,5.617683103739485,27.555968988802753,30.303969324887042,114.76631793700386,46.35325805860366,10.188111037698244,0.05,0.0,0.0005402037828120146,6.907806825425834,0.03655400563814933,1.3330616746716473e-08,4.85722573273506e-17,Radau,55885266c44ecbbfe86be622c6ebd08b77151ee6ef7dfd5c8bbc8d4250b58e50
C2,1,wt,100.0,118.75921754036189,5.617683089918911,27.555968758031785,30.303967853569837,114.76631930899947,46.35325814614882,10.188110108990633,0.05,0.0,0.000540203777798095,6.907808381807412,0.036553998940067174,2.6238965008589973e-08,1.4210854715202004e-14,Radau,55885266c44ecbbfe86be622c6ebd08b77151ee6ef7dfd5c8bbc8d4250b58e50
C2,1,wt,100.0000001,118.75936216455621,5.617693554471861,27.555968757938363,30.303967853647503,114.76631368082586,46.35325251774376,10.188110109045622,0.55,0.0,0.0005403922695136271,6.907808220189438,0.0365539975262684,0.1446128502027079,1.124100812432971e-15,Radau,55885266c44ecbbfe86be622c6ebd08b77151ee6ef7dfd5c8bbc8d4250b58e50
C2,1,wt,149.99999999999716,124.29490994644058,6.903485158291429,22.2337103810437,40.61402517266073,110.69113266283097,32.47364714779574,9.110705915242546,0.55,0.0,0.0013197725571125684,6.879435564166546,0.030494229278531897,7.0109257030694706e-09,1.4210854715202004e-14,Radau,55885266c44ecbbfe86be622c6ebd08b77151ee6ef7dfd5c8bbc8d4250b58e50
C2,1,wt,199.99999999999432,124.29490994660159,6.903485158297476,22.233710381046755,40.614025174310505,110.69113266142621,32.47364714772256,9.110705915383596,0.55,0.0,0.0013197725572313918,6.879436196686144,0.030494229279526643,8.931209227207483e-12,2.842170943040401e-14,Radau,55885266c44ecbbfe86be622c6ebd08b77151ee6ef7dfd5c8bbc8d4250b58e50
C2,1,ae2_knockout,0.0,118.7,5.6,28.7,25.0,120.0,50.0,10.0,0.05,0.0,0.0005314154767606833,6.910000000216041,0.035194033134142315,0.0011433937936618196,1.4210854715202004e-14,Radau,55885266c44ecbbfe86be622c6ebd08b77151ee6ef7dfd5c8bbc8d4250b58e50
C2,1,ae2_knockout,50.0,118.71472886510415,5.604408755081397,27.4454421128472,30.253896717220258,114.76360115002218,44.78778694053284,11.344267386273719,0.05,0.0,0.0005336025433805632,6.928527808290374,0.04531765140834892,5.1506015154999545e-08,1.4210854715202004e-14,Radau,55885266c44ecbbfe86be622c6ebd08b77151ee6ef7dfd5c8bbc8d4250b58e50
C2,1,ae2_knockout,100.0,118.71472884637187,5.604408754007664,27.445442100901595,30.253896675423672,114.763601172216,44.787786930114336,11.344267340611585,0.05,0.0,0.0005336025405245528,6.92851966880036,0.04531765103703775,1.1999229636998685e-07,9.540979117872439e-18,Radau,55885266c44ecbbfe86be622c6ebd08b77151ee6ef7dfd5c8bbc8d4250b58e50
C2,1,ae2_knockout,100.0000001,118.71487118201668,5.604419052969289,27.445442100809643,30.253896675642206,114.76359561079667,44.787781368461005,11.344267340554364,0.55,0.0,0.000533788075480718,6.928520449667135,0.04531764930267366,0.14232448297785213,1.4210854715202004e-14,Radau,55885266c44ecbbfe86be622c6ebd08b77151ee6ef7dfd5c8bbc8d4250b58e50
C2,1,ae2_knockout,149.99999999999716,124.14679344781662,6.87595503881299,22.443110056103272,40.073653597758955,111.07097429285581,31.36089259425538,11.086642734762599,0.55,0.0,0.0012996994461408338,6.91655676690846,0.04512507193537727,2.8936602478893094e-08,6.106226635438361e-16,Radau,55885266c44ecbbfe86be622c6ebd08b77151ee6ef7dfd5c8bbc8d4250b58e50
C2,1,ae2_knockout,199.99999999999432,124.14679344923611,6.875955039340444,22.44311003341122,40.07365344927674,111.07097444226204,31.360892583815517,11.086642635598293,0.55,0.0,0.0012996994480154883,6.916559007821196,0.04512507112784562,5.229749529121181e-08,3.7643499428696714e-16,Radau,55885266c44ecbbfe86be622c6ebd08b77151ee6ef7dfd5c8bbc8d4250b58e50
C3,1,ae4_knockout,0.0,118.7,5.6,28.7,25.0,120.0,50.0,10.0,0.05,0.0,0.0005314154767606833,6.910000000216041,0.0,0.0027096403272154363,1.4210854715202004e-14,BDF,55885266c44ecbbfe86be622c6ebd08b77151ee6ef7dfd5c8bbc8d4250b58e50
C3,1,ae4_knockout,50.0,118.67821255541007,5.56384986168932,60.042501715322416,21.47447494932945,123.48506518502992,48.3796325742343,55.95033944754428,0.05,0.0,0.0005104191180756151,7.360525811568973,0.0,1.5727683958401356e-05,1.4210854715202004e-14,BDF,55885266c44ecbbfe86be622c6ebd08b77151ee6ef7dfd5c8bbc8d4250b58e50
C3,1,ae4_knockout,100.0,118.59268696740394,5.56043248926294,64.15967747405041,21.215864828801944,123.65299038489225,48.683270544620036,58.16324858310311,0.05,0.0,0.0005111371706745183,7.374167015075932,0.0,3.821223296021636e-06,1.3877787807814457e-17,BDF,55885266c44ecbbfe86be622c6ebd08b77151ee6ef7dfd5c8bbc8d4250b58e50
C3,1,ae4_knockout,100.0000001,118.59282139400246,5.560442218433377,64.15967747697104,21.215864828801365,123.65298813817462,48.68326829696727,58.16324858599093,0.55,0.0,0.0005113089163143738,7.37416472859298,0.0,0.15940463191159138,2.842170943040401e-14,BDF,55885266c44ecbbfe86be622c6ebd08b77151ee6ef7dfd5c8bbc8d4250b58e50
C3,1,ae4_knockout,149.99999999999716,124.57845310153094,6.955453609908703,28.770224785911715,33.3218073995644,118.29007980645112,32.39619137532663,34.42311158014008,0.55,0.0,0.0013581225198820296,7.198441431376855,0.0,1.4511865330012268e-07,2.7582103268031233e-16,BDF,55885266c44ecbbfe86be622c6ebd08b77151ee6ef7dfd5c8bbc8d4250b58e50
C3,1,ae4_knockout,199.99999999999432,124.57849349477075,6.955453947890111,28.76993661029377,33.32195035217142,118.28998037301702,32.396140329189436,34.42235681524503,0.55,0.0,0.0013581198854213375,7.19844203984743,0.0,4.7314069301337935e-08,1.4210854715202004e-14,BDF,55885266c44ecbbfe86be622c6ebd08b77151ee6ef7dfd5c8bbc8d4250b58e50
C3,1,wt,0.0,118.7,5.6,28.7,25.0,120.0,50.0,10.0,0.05,0.0,0.0005314154767606833,6.910000000216041,0.035042552249473995,0.0011566643962081164,1.4210854715202004e-14,Radau,55885266c44ecbbfe86be622c6ebd08b77151ee6ef7dfd5c8bbc8d4250b58e50
C3,1,wt,50.0,118.75982034419839,5.6178625137390155,27.550596392945405,30.363177878289925,114.70782436800178,46.31305956753214,10.211760504656208,0.05,0.0,0.0005402931693294913,6.908185289056091,0.03648066411299603,8.635530263774205e-11,1.4210854715202004e-14,Radau,55885266c44ecbbfe86be622c6ebd08b77151ee6ef7dfd5c8bbc8d4250b58e50
C3,1,wt,100.0,118.75982034390334,5.617862513699026,27.55059639224533,30.36317787465966,114.70782437132785,46.31305956748064,10.211760502125863,0.05,0.0,0.0005402931693182801,6.908185386171045,0.03648066409487512,7.484693445590333e-10,1.734723475976807e-17,Radau,55885266c44ecbbfe86be622c6ebd08b77151ee6ef7dfd5c8bbc8d4250b58e50
C3,1,wt,100.0000001,118.75996483202655,5.617872968406283,27.550596392151995,30.363177874762254,114.70781874735289,46.31305394327448,10.211760502160983,0.55,0.0,0.0005404814849788254,6.908185381625025,0.03648066266586223,0.14447678961355187,1.4210854715202004e-14,Radau,55885266c44ecbbfe86be622c6ebd08b77151ee6ef7dfd5c8bbc8d4250b58e50
C3,1,wt,149.99999999999716,124.2904798635108,6.902665656568706,22.238834582459393,40.67179096148463,110.62856893847957,32.460497609277866,9.144338877346089,0.55,0.0,0.0013191726285078532,6.880059787473272,0.030399797491185248,5.678836248481922e-09,6.314393452555578e-16,Radau,55885266c44ecbbfe86be622c6ebd08b77151ee6ef7dfd5c8bbc8d4250b58e50
C3,1,wt,199.99999999999432,124.29047992654144,6.902665673465458,22.23883418272112,40.67178806634826,110.62857189797751,32.46049747598494,9.144337100734058,0.55,0.0,0.0013191726504105951,6.88006805996154,0.03039978571674208,8.474024403062633e-08,1.4210854715202004e-14,Radau,55885266c44ecbbfe86be622c6ebd08b77151ee6ef7dfd5c8bbc8d4250b58e50
C3,1,ae2_knockout,0.0,118.7,5.6,28.7,25.0,120.0,50.0,10.0,0.05,0.0,0.0005314154767606833,6.910000000216041,0.035042552249473995,0.0011566643962081164,1.4210854715202004e-14,Radau,55885266c44ecbbfe86be622c6ebd08b77151ee6ef7dfd5c8bbc8d4250b58e50
C3,1,ae2_knockout,50.0,118.71543131056305,5.60461884520051,27.43906494203937,30.326870756446056,114.69146130819072,44.73843749758261,11.373792823858125,0.05,0.0,0.0005337068331845949,6.928979090388275,0.045252005815826314,3.7442210714976e-09,2.2551405187698492e-17,Radau,55885266c44ecbbfe86be622c6ebd08b77151ee6ef7dfd5c8bbc8d4250b58e50
C3,1,ae2_knockout,100.0,118.71543130924952,5.604618844957003,27.439064939055356,30.326870731881915,114.69146133122733,44.7384374993698,11.373792809303216,0.05,0.0,0.0005337068347848512,6.9289848859886245,0.04525200569989862,5.2467422166730175e-08,4.119968255444917e-17,Radau,55885266c44ecbbfe86be622c6ebd08b77151ee6ef7dfd5c8bbc8d4250b58e50
C3,1,ae2_knockout,100.0000001,118.71557347488925,5.604629131617602,27.439064938963508,30.326870731932928,114.69145577515928,44.73843194306804,11.373792809383831,0.55,0.0,0.0005338921495069658,6.928984541307845,0.045252003947579805,0.14215449106743638,1.8041124150158794e-15,Radau,55885266c44ecbbfe86be622c6ebd08b77151ee6ef7dfd5c8bbc8d4250b58e50
C3,1,ae2_knockout,149.99999999999716,124.14020388663175,6.874723940374056,22.45001281767228,40.16002693039798,110.97745307044212,31.34204523516992,11.131763402544543,0.55,0.0,0.0012988056905820845,6.917294203877744,0.0450265545482475,2.5608768366989948e-08,1.2385925618474403e-15,Radau,55885266c44ecbbfe86be622c6ebd08b77151ee6ef7dfd5c8bbc8d4250b58e50
C3,1,ae2_knockout,199.99999999999432,124.14020388462065,6.874723939788559,22.450012829582846,40.16002702874527,110.97745297001039,31.342045238822863,11.131763453753912,0.55,0.0,0.001298805690694003,6.91729672908136,0.04502655496030002,7.878880278039054e-10,1.4210854715202004e-14,Radau,55885266c44ecbbfe86be622c6ebd08b77151ee6ef7dfd5c8bbc8d4250b58e50
C4,1,ae4_knockout,0.0,118.7,5.6,28.7,25.0,120.0,50.0,10.0,0.05,0.0,0.0005314154767606833,6.910000000216041,0.0,0.0027096403272154363,1.4210854715202004e-14,BDF,55885266c44ecbbfe86be622c6ebd08b77151ee6ef7dfd5c8bbc8d4250b58e50
C4,1,ae4_knockout,50.0,118.67821255541007,5.56384986168932,60.042501715322416,21.47447494932945,123.48506518502992,48.3796325742343,55.95033944754428,0.05,0.0,0.0005104191180756151,7.360525811568973,0.0,1.5727683958401356e-05,1.4210854715202004e-14,BDF,55885266c44ecbbfe86be622c6ebd08b77151ee6ef7dfd5c8bbc8d4250b58e50
C4,1,ae4_knockout,100.0,118.59268696740394,5.56043248926294,64.15967747405041,21.215864828801944,123.65299038489225,48.683270544620036,58.16324858310311,0.05,0.0,0.0005111371706745183,7.374167015075932,0.0,3.821223296021636e-06,1.3877787807814457e-17,BDF,55885266c44ecbbfe86be622c6ebd08b77151ee6ef7dfd5c8bbc8d4250b58e50
C4,1,ae4_knockout,100.0000001,118.59282139400246,5.560442218433377,64.15967747697104,21.215864828801365,123.65298813817462,48.68326829696727,58.16324858599093,0.55,0.0,0.0005113089163143738,7.37416472859298,0.0,0.15940463191159138,2.842170943040401e-14,BDF,55885266c44ecbbfe86be622c6ebd08b77151ee6ef7dfd5c8bbc8d4250b58e50
C4,1,ae4_knockout,149.99999999999716,124.57845310153094,6.955453609908703,28.770224785911715,33.3218073995644,118.29007980645112,32.39619137532663,34.42311158014008,0.55,0.0,0.0013581225198820296,7.198441431376855,0.0,1.4511865330012268e-07,2.7582103268031233e-16,BDF,55885266c44ecbbfe86be622c6ebd08b77151ee6ef7dfd5c8bbc8d4250b58e50
C4,1,ae4_knockout,199.99999999999432,124.57849349477075,6.955453947890111,28.76993661029377,33.32195035217142,118.28998037301702,32.396140329189436,34.42235681524503,0.55,0.0,0.0013581198854213375,7.19844203984743,0.0,4.7314069301337935e-08,1.4210854715202004e-14,BDF,55885266c44ecbbfe86be622c6ebd08b77151ee6ef7dfd5c8bbc8d4250b58e50
C4,1,wt,0.0,118.7,5.6,28.7,25.0,120.0,50.0,10.0,0.05,0.0,0.0005314154767606833,6.910000000216041,0.0,0.0027096403272154363,1.4210854715202004e-14,BDF,55885266c44ecbbfe86be622c6ebd08b77151ee6ef7dfd5c8bbc8d4250b58e50
C4,1,wt,50.0,118.67821255541007,5.56384986168932,60.042501715322416,21.47447494932945,123.48506518502992,48.3796325742343,55.95033944754428,0.05,0.0,0.0005104191180756151,7.360525811568973,0.0,1.5727683958401356e-05,1.4210854715202004e-14,BDF,55885266c44ecbbfe86be622c6ebd08b77151ee6ef7dfd5c8bbc8d4250b58e50
C4,1,wt,100.0,118.59268696740394,5.56043248926294,64.15967747405041,21.215864828801944,123.65299038489225,48.683270544620036,58.16324858310311,0.05,0.0,0.0005111371706745183,7.374167015075932,0.0,3.821223296021636e-06,1.3877787807814457e-17,BDF,55885266c44ecbbfe86be622c6ebd08b77151ee6ef7dfd5c8bbc8d4250b58e50
C4,1,wt,100.0000001,118.59282139400246,5.560442218433377,64.15967747697104,21.215864828801365,123.65298813817462,48.68326829696727,58.16324858599093,0.55,0.0,0.0005113089163143738,7.37416472859298,0.0,0.15940463191159138,2.842170943040401e-14,BDF,55885266c44ecbbfe86be622c6ebd08b77151ee6ef7dfd5c8bbc8d4250b58e50
C4,1,wt,149.99999999999716,124.57845310153094,6.955453609908703,28.770224785911715,33.3218073995644,118.29007980645112,32.39619137532663,34.42311158014008,0.55,0.0,0.0013581225198820296,7.198441431376855,0.0,1.4511865330012268e-07,2.7582103268031233e-16,BDF,55885266c44ecbbfe86be622c6ebd08b77151ee6ef7dfd5c8bbc8d4250b58e50
C4,1,wt,199.99999999999432,124.57849349477075,6.955453947890111,28.76993661029377,33.32195035217142,118.28998037301702,32.396140329189436,34.42235681524503,0.55,0.0,0.0013581198854213375,7.19844203984743,0.0,4.7314069301337935e-08,1.4210854715202004e-14,BDF,55885266c44ecbbfe86be622c6ebd08b77151ee6ef7dfd5c8bbc8d4250b58e50
C4,1,ae2_knockout,0.0,118.7,5.6,28.7,25.0,120.0,50.0,10.0,0.05,0.0,0.0005314154767606833,6.910000000216041,0.0,0.003390423734345895,1.4210854715202004e-14,Radau,55885266c44ecbbfe86be622c6ebd08b77151ee6ef7dfd5c8bbc8d4250b58e50
C4,1,ae2_knockout,50.0,119.30620733108202,5.5723982529063,112.19776766737971,21.196286147354183,124.42072665152091,45.8910997048332,77.98305835459715,0.05,0.0,0.0004955001318216266,7.4740589785022555,0.0,0.00011163955624115748,1.0658141036401503e-14,Radau,55885266c44ecbbfe86be622c6ebd08b77151ee6ef7dfd5c8bbc8d4250b58e50
C4,1,ae2_knockout,100.0,119.15308656368734,5.5666177110990525,161.72134553894134,20.75925596468286,124.69561269988279,46.4177020895939,83.95258750587463,0.05,0.0,0.0004969339609930126,7.500607574391787,0.0,9.020283746514167e-05,1.2434497875801753e-14,Radau,55885266c44ecbbfe86be622c6ebd08b77151ee6ef7dfd5c8bbc8d4250b58e50
C4,1,ae2_knockout,100.0000001,119.1532428866543,5.566629022143966,161.7213456290464,20.7592559641696,124.69561166365246,46.41770105362443,83.95258751350514,0.55,0.0,0.0004971318525490206,7.500607573414591,0.0,0.15631102427090687,1.0658141036401503e-14,Radau,55885266c44ecbbfe86be622c6ebd08b77151ee6ef7dfd5c8bbc8d4250b58e50
C4,1,ae2_knockout,149.99999999999716,124.56333162971596,6.956567197979246,132.87247920414384,29.772078628111103,121.82355908705495,31.60491350815536,101.63101658624771,0.55,0.0,0.0013605619137107227,7.55973598461542,0.0,4.428330080628309e-06,7.105427357601002e-15,Radau,55885266c44ecbbfe86be622c6ebd08b77151ee6ef7dfd5c8bbc8d4250b58e50
C4,1,ae2_knockout,199.99999999999432,124.5664656069117,6.956596410578959,130.81587771371412,29.781812264674425,121.81720437575633,31.600718482235493,101.34995087886324,0.55,0.0,0.001360358164028336,7.558718531557423,0.0,3.8099057203372887e-06,1.4210854715202004e-14,Radau,55885266c44ecbbfe86be622c6ebd08b77151ee6ef7dfd5c8bbc8d4250b58e50
C5,1,ae4_knockout,0.0,118.7,5.6,28.7,25.0,120.0,50.0,10.0,0.05,0.0,0.0005314154767606833,6.910000000216041,0.0,0.0027096403272154363,1.4210854715202004e-14,BDF,55885266c44ecbbfe86be622c6ebd08b77151ee6ef7dfd5c8bbc8d4250b58e50
C5,1,ae4_knockout,50.0,118.67821255541007,5.56384986168932,60.042501715322416,21.47447494932945,123.48506518502992,48.3796325742343,55.95033944754428,0.05,0.0,0.0005104191180756151,7.360525811568973,0.0,1.5727683958401356e-05,1.4210854715202004e-14,BDF,55885266c44ecbbfe86be622c6ebd08b77151ee6ef7dfd5c8bbc8d4250b58e50
C5,1,ae4_knockout,100.0,118.59268696740394,5.56043248926294,64.15967747405041,21.215864828801944,123.65299038489225,48.683270544620036,58.16324858310311,0.05,0.0,0.0005111371706745183,7.374167015075932,0.0,3.821223296021636e-06,1.3877787807814457e-17,BDF,55885266c44ecbbfe86be622c6ebd08b77151ee6ef7dfd5c8bbc8d4250b58e50
C5,1,ae4_knockout,100.0000001,118.59282139400246,5.560442218433377,64.15967747697104,21.215864828801365,123.65298813817462,48.68326829696727,58.16324858599093,0.55,0.0,0.0005113089163143738,7.37416472859298,0.0,0.15940463191159138,2.842170943040401e-14,BDF,55885266c44ecbbfe86be622c6ebd08b77151ee6ef7dfd5c8bbc8d4250b58e50
C5,1,ae4_knockout,149.99999999999716,124.57845310153094,6.955453609908703,28.770224785911715,33.3218073995644,118.29007980645112,32.39619137532663,34.42311158014008,0.55,0.0,0.0013581225198820296,7.198441431376855,0.0,1.4511865330012268e-07,2.7582103268031233e-16,BDF,55885266c44ecbbfe86be622c6ebd08b77151ee6ef7dfd5c8bbc8d4250b58e50
C5,1,ae4_knockout,199.99999999999432,124.57849349477075,6.955453947890111,28.76993661029377,33.32195035217142,118.28998037301702,32.396140329189436,34.42235681524503,0.55,0.0,0.0013581198854213375,7.19844203984743,0.0,4.7314069301337935e-08,1.4210854715202004e-14,BDF,55885266c44ecbbfe86be622c6ebd08b77151ee6ef7dfd5c8bbc8d4250b58e50
C5,1,wt,0.0,118.7,5.6,28.7,25.0,120.0,50.0,10.0,0.05,0.0,0.0005314154767606833,6.910000000216041,0.0,0.0027096403272154363,1.4210854715202004e-14,BDF,55885266c44ecbbfe86be622c6ebd08b77151ee6ef7dfd5c8bbc8d4250b58e50
C5,1,wt,50.0,118.67821255541007,5.56384986168932,60.042501715322416,21.47447494932945,123.48506518502992,48.3796325742343,55.95033944754428,0.05,0.0,0.0005104191180756151,7.360525811568973,0.0,1.5727683958401356e-05,1.4210854715202004e-14,BDF,55885266c44ecbbfe86be622c6ebd08b77151ee6ef7dfd5c8bbc8d4250b58e50
C5,1,wt,100.0,118.59268696740394,5.56043248926294,64.15967747405041,21.215864828801944,123.65299038489225,48.683270544620036,58.16324858310311,0.05,0.0,0.0005111371706745183,7.374167015075932,0.0,3.821223296021636e-06,1.3877787807814457e-17,BDF,55885266c44ecbbfe86be622c6ebd08b77151ee6ef7dfd5c8bbc8d4250b58e50
C5,1,wt,100.0000001,118.59282139400246,5.560442218433377,64.15967747697104,21.215864828801365,123.65298813817462,48.68326829696727,58.16324858599093,0.55,0.0,0.0005113089163143738,7.37416472859298,0.0,0.15940463191159138,2.842170943040401e-14,BDF,55885266c44ecbbfe86be622c6ebd08b77151ee6ef7dfd5c8bbc8d4250b58e50
C5,1,wt,149.99999999999716,124.57845310153094,6.955453609908703,28.770224785911715,33.3218073995644,118.29007980645112,32.39619137532663,34.42311158014008,0.55,0.0,0.0013581225198820296,7.198441431376855,0.0,1.4511865330012268e-07,2.7582103268031233e-16,BDF,55885266c44ecbbfe86be622c6ebd08b77151ee6ef7dfd5c8bbc8d4250b58e50
C5,1,wt,199.99999999999432,124.57849349477075,6.955453947890111,28.76993661029377,33.32195035217142,118.28998037301702,32.396140329189436,34.42235681524503,0.55,0.0,0.0013581198854213375,7.19844203984743,0.0,4.7314069301337935e-08,1.4210854715202004e-14,BDF,55885266c44ecbbfe86be622c6ebd08b77151ee6ef7dfd5c8bbc8d4250b58e50
C5,1,ae2_knockout,0.0,118.7,5.6,28.7,25.0,120.0,50.0,10.0,0.05,0.0,0.0005314154767606833,6.910000000216041,0.0,0.003390423734345895,1.4210854715202004e-14,Radau,55885266c44ecbbfe86be622c6ebd08b77151ee6ef7dfd5c8bbc8d4250b58e50
C5,1,ae2_knockout,50.0,119.30620733108202,5.5723982529063,112.19776766737971,21.196286147354183,124.42072665152091,45.8910997048332,77.98305835459715,0.05,0.0,0.0004955001318216266,7.4740589785022555,0.0,0.00011163955624115748,1.0658141036401503e-14,Radau,55885266c44ecbbfe86be622c6ebd08b77151ee6ef7dfd5c8bbc8d4250b58e50
C5,1,ae2_knockout,100.0,119.15308656368734,5.5666177110990525,161.72134553894134,20.75925596468286,124.69561269988279,46.4177020895939,83.95258750587463,0.05,0.0,0.0004969339609930126,7.500607574391787,0.0,9.020283746514167e-05,1.2434497875801753e-14,Radau,55885266c44ecbbfe86be622c6ebd08b77151ee6ef7dfd5c8bbc8d4250b58e50
C5,1,ae2_knockout,100.0000001,119.1532428866543,5.566629022143966,161.7213456290464,20.7592559641696,124.69561166365246,46.41770105362443,83.95258751350514,0.55,0.0,0.0004971318525490206,7.500607573414591,0.0,0.15631102427090687,1.0658141036401503e-14,Radau,55885266c44ecbbfe86be622c6ebd08b77151ee6ef7dfd5c8bbc8d4250b58e50
C5,1,ae2_knockout,149.99999999999716,124.56333162971596,6.956567197979246,132.87247920414384,29.772078628111103,121.82355908705495,31.60491350815536,101.63101658624771,0.55,0.0,0.0013605619137107227,7.55973598461542,0.0,4.428330080628309e-06,7.105427357601002e-15,Radau,55885266c44ecbbfe86be622c6ebd08b77151ee6ef7dfd5c8bbc8d4250b58e50
C5,1,ae2_knockout,199.99999999999432,124.5664656069117,6.956596410578959,130.81587771371412,29.781812264674425,121.81720437575633,31.600718482235493,101.34995087886324,0.55,0.0,0.001360358164028336,7.558718531557423,0.0,3.8099057203372887e-06,1.4210854715202004e-14,Radau,55885266c44ecbbfe86be622c6ebd08b77151ee6ef7dfd5c8bbc8d4250b58e50
C6_112,1,ae4_knockout,0.0,118.7,5.6,28.7,25.0,120.0,50.0,10.0,0.05,0.0,0.0005314154767606833,6.910000000216041,0.0,0.0027096403272154363,1.4210854715202004e-14,BDF,55885266c44ecbbfe86be622c6ebd08b77151ee6ef7dfd5c8bbc8d4250b58e50
C6_112,1,ae4_knockout,50.0,118.67821255541007,5.56384986168932,60.042501715322416,21.47447494932945,123.48506518502992,48.3796325742343,55.95033944754428,0.05,0.0,0.0005104191180756151,7.360525811568973,0.0,1.5727683958401356e-05,1.4210854715202004e-14,BDF,55885266c44ecbbfe86be622c6ebd08b77151ee6ef7dfd5c8bbc8d4250b58e50
C6_112,1,ae4_knockout,100.0,118.59268696740394,5.56043248926294,64.15967747405041,21.215864828801944,123.65299038489225,48.683270544620036,58.16324858310311,0.05,0.0,0.0005111371706745183,7.374167015075932,0.0,3.821223296021636e-06,1.3877787807814457e-17,BDF,55885266c44ecbbfe86be622c6ebd08b77151ee6ef7dfd5c8bbc8d4250b58e50
C6_112,1,ae4_knockout,100.0000001,118.59282139400246,5.560442218433377,64.15967747697104,21.215864828801365,123.65298813817462,48.68326829696727,58.16324858599093,0.55,0.0,0.0005113089163143738,7.37416472859298,0.0,0.15940463191159138,2.842170943040401e-14,BDF,55885266c44ecbbfe86be622c6ebd08b77151ee6ef7dfd5c8bbc8d4250b58e50
C6_112,1,ae4_knockout,149.99999999999716,124.57845310153094,6.955453609908703,28.770224785911715,33.3218073995644,118.29007980645112,32.39619137532663,34.42311158014008,0.55,0.0,0.0013581225198820296,7.198441431376855,0.0,1.4511865330012268e-07,2.7582103268031233e-16,BDF,55885266c44ecbbfe86be622c6ebd08b77151ee6ef7dfd5c8bbc8d4250b58e50
C6_112,1,ae4_knockout,199.99999999999432,124.57849349477075,6.955453947890111,28.76993661029377,33.32195035217142,118.28998037301702,32.396140329189436,34.42235681524503,0.55,0.0,0.0013581198854213375,7.19844203984743,0.0,4.7314069301337935e-08,1.4210854715202004e-14,BDF,55885266c44ecbbfe86be622c6ebd08b77151ee6ef7dfd5c8bbc8d4250b58e50
C6_112,1,wt,0.0,118.7,5.6,28.7,25.0,120.0,50.0,10.0,0.05,0.0,0.0005314154767606833,6.910000000216041,0.0,0.0027096403272154363,1.4210854715202004e-14,BDF,55885266c44ecbbfe86be622c6ebd08b77151ee6ef7dfd5c8bbc8d4250b58e50
C6_112,1,wt,50.0,118.67821255541007,5.56384986168932,60.042501715322416,21.47447494932945,123.48506518502992,48.3796325742343,55.95033944754428,0.05,0.0,0.0005104191180756151,7.360525811568973,0.0,1.5727683958401356e-05,1.4210854715202004e-14,BDF,55885266c44ecbbfe86be622c6ebd08b77151ee6ef7dfd5c8bbc8d4250b58e50
C6_112,1,wt,100.0,118.59268696740394,5.56043248926294,64.15967747405041,21.215864828801944,123.65299038489225,48.683270544620036,58.16324858310311,0.05,0.0,0.0005111371706745183,7.374167015075932,0.0,3.821223296021636e-06,1.3877787807814457e-17,BDF,55885266c44ecbbfe86be622c6ebd08b77151ee6ef7dfd5c8bbc8d4250b58e50
C6_112,1,wt,100.0000001,118.59282139400246,5.560442218433377,64.15967747697104,21.215864828801365,123.65298813817462,48.68326829696727,58.16324858599093,0.55,0.0,0.0005113089163143738,7.37416472859298,0.0,0.15940463191159138,2.842170943040401e-14,BDF,55885266c44ecbbfe86be622c6ebd08b77151ee6ef7dfd5c8bbc8d4250b58e50
C6_112,1,wt,149.99999999999716,124.57845310153094,6.955453609908703,28.770224785911715,33.3218073995644,118.29007980645112,32.39619137532663,34.42311158014008,0.55,0.0,0.0013581225198820296,7.198441431376855,0.0,1.4511865330012268e-07,2.7582103268031233e-16,BDF,55885266c44ecbbfe86be622c6ebd08b77151ee6ef7dfd5c8bbc8d4250b58e50
C6_112,1,wt,199.99999999999432,124.57849349477075,6.955453947890111,28.76993661029377,33.32195035217142,118.28998037301702,32.396140329189436,34.42235681524503,0.55,0.0,0.0013581198854213375,7.19844203984743,0.0,4.7314069301337935e-08,1.4210854715202004e-14,BDF,55885266c44ecbbfe86be622c6ebd08b77151ee6ef7dfd5c8bbc8d4250b58e50
C6_112,1,ae2_knockout,0.0,118.7,5.6,28.7,25.0,120.0,50.0,10.0,0.05,0.0,0.0005314154767606833,6.910000000216041,0.0,0.003390423734345895,1.4210854715202004e-14,Radau,55885266c44ecbbfe86be622c6ebd08b77151ee6ef7dfd5c8bbc8d4250b58e50
C6_112,1,ae2_knockout,50.0,119.30620733108202,5.5723982529063,112.19776766737971,21.196286147354183,124.42072665152091,45.8910997048332,77.98305835459715,0.05,0.0,0.0004955001318216266,7.4740589785022555,0.0,0.00011163955624115748,1.0658141036401503e-14,Radau,55885266c44ecbbfe86be622c6ebd08b77151ee6ef7dfd5c8bbc8d4250b58e50
C6_112,1,ae2_knockout,100.0,119.15308656368734,5.5666177110990525,161.72134553894134,20.75925596468286,124.69561269988279,46.4177020895939,83.95258750587463,0.05,0.0,0.0004969339609930126,7.500607574391787,0.0,9.020283746514167e-05,1.2434497875801753e-14,Radau,55885266c44ecbbfe86be622c6ebd08b77151ee6ef7dfd5c8bbc8d4250b58e50
C6_112,1,ae2_knockout,100.0000001,119.1532428866543,5.566629022143966,161.7213456290464,20.7592559641696,124.69561166365246,46.41770105362443,83.95258751350514,0.55,0.0,0.0004971318525490206,7.500607573414591,0.0,0.15631102427090687,1.0658141036401503e-14,Radau,55885266c44ecbbfe86be622c6ebd08b77151ee6ef7dfd5c8bbc8d4250b58e50
C6_112,1,ae2_knockout,149.99999999999716,124.56333162971596,6.956567197979246,132.87247920414384,29.772078628111103,121.82355908705495,31.60491350815536,101.63101658624771,0.55,0.0,0.0013605619137107227,7.55973598461542,0.0,4.428330080628309e-06,7.105427357601002e-15,Radau,55885266c44ecbbfe86be622c6ebd08b77151ee6ef7dfd5c8bbc8d4250b58e50
C6_112,1,ae2_knockout,199.99999999999432,124.5664656069117,6.956596410578959,130.81587771371412,29.781812264674425,121.81720437575633,31.600718482235493,101.34995087886324,0.55,0.0,0.001360358164028336,7.558718531557423,0.0,3.8099057203372887e-06,1.4210854715202004e-14,Radau,55885266c44ecbbfe86be622c6ebd08b77151ee6ef7dfd5c8bbc8d4250b58e50
C7_112,1,ae4_knockout,0.0,118.7,5.6,28.7,25.0,120.0,50.0,10.0,0.05,0.0,0.0005314154767606833,6.910000000216041,0.0,0.0027096403272154363,1.4210854715202004e-14,BDF,55885266c44ecbbfe86be622c6ebd08b77151ee6ef7dfd5c8bbc8d4250b58e50
C7_112,1,ae4_knockout,50.0,118.67821255541007,5.56384986168932,60.042501715322416,21.47447494932945,123.48506518502992,48.3796325742343,55.95033944754428,0.05,0.0,0.0005104191180756151,7.360525811568973,0.0,1.5727683958401356e-05,1.4210854715202004e-14,BDF,55885266c44ecbbfe86be622c6ebd08b77151ee6ef7dfd5c8bbc8d4250b58e50
C7_112,1,ae4_knockout,100.0,118.59268696740394,5.56043248926294,64.15967747405041,21.215864828801944,123.65299038489225,48.683270544620036,58.16324858310311,0.05,0.0,0.0005111371706745183,7.374167015075932,0.0,3.821223296021636e-06,1.3877787807814457e-17,BDF,55885266c44ecbbfe86be622c6ebd08b77151ee6ef7dfd5c8bbc8d4250b58e50
C7_112,1,ae4_knockout,100.0000001,118.59282139400246,5.560442218433377,64.15967747697104,21.215864828801365,123.65298813817462,48.68326829696727,58.16324858599093,0.55,0.0,0.0005113089163143738,7.37416472859298,0.0,0.15940463191159138,2.842170943040401e-14,BDF,55885266c44ecbbfe86be622c6ebd08b77151ee6ef7dfd5c8bbc8d4250b58e50
C7_112,1,ae4_knockout,149.99999999999716,124.57845310153094,6.955453609908703,28.770224785911715,33.3218073995644,118.29007980645112,32.39619137532663,34.42311158014008,0.55,0.0,0.0013581225198820296,7.198441431376855,0.0,1.4511865330012268e-07,2.7582103268031233e-16,BDF,55885266c44ecbbfe86be622c6ebd08b77151ee6ef7dfd5c8bbc8d4250b58e50
C7_112,1,ae4_knockout,199.99999999999432,124.57849349477075,6.955453947890111,28.76993661029377,33.32195035217142,118.28998037301702,32.396140329189436,34.42235681524503,0.55,0.0,0.0013581198854213375,7.19844203984743,0.0,4.7314069301337935e-08,1.4210854715202004e-14,BDF,55885266c44ecbbfe86be622c6ebd08b77151ee6ef7dfd5c8bbc8d4250b58e50
C7_112,1,wt,0.0,118.7,5.6,28.7,25.0,120.0,50.0,10.0,0.05,0.0,0.0005314154767606833,6.910000000216041,0.0,0.0027096403272154363,1.4210854715202004e-14,BDF,55885266c44ecbbfe86be622c6ebd08b77151ee6ef7dfd5c8bbc8d4250b58e50
C7_112,1,wt,50.0,118.67821255541007,5.56384986168932,60.042501715322416,21.47447494932945,123.48506518502992,48.3796325742343,55.95033944754428,0.05,0.0,0.0005104191180756151,7.360525811568973,0.0,1.5727683958401356e-05,1.4210854715202004e-14,BDF,55885266c44ecbbfe86be622c6ebd08b77151ee6ef7dfd5c8bbc8d4250b58e50
C7_112,1,wt,100.0,118.59268696740394,5.56043248926294,64.15967747405041,21.215864828801944,123.65299038489225,48.683270544620036,58.16324858310311,0.05,0.0,0.0005111371706745183,7.374167015075932,0.0,3.821223296021636e-06,1.3877787807814457e-17,BDF,55885266c44ecbbfe86be622c6ebd08b77151ee6ef7dfd5c8bbc8d4250b58e50
C7_112,1,wt,100.0000001,118.59282139400246,5.560442218433377,64.15967747697104,21.215864828801365,123.65298813817462,48.68326829696727,58.16324858599093,0.55,0.0,0.0005113089163143738,7.37416472859298,0.0,0.15940463191159138,2.842170943040401e-14,BDF,55885266c44ecbbfe86be622c6ebd08b77151ee6ef7dfd5c8bbc8d4250b58e50
C7_112,1,wt,149.99999999999716,124.57845310153094,6.955453609908703,28.770224785911715,33.3218073995644,118.29007980645112,32.39619137532663,34.42311158014008,0.55,0.0,0.0013581225198820296,7.198441431376855,0.0,1.4511865330012268e-07,2.7582103268031233e-16,BDF,55885266c44ecbbfe86be622c6ebd08b77151ee6ef7dfd5c8bbc8d4250b58e50
C7_112,1,wt,199.99999999999432,124.57849349477075,6.955453947890111,28.76993661029377,33.32195035217142,118.28998037301702,32.396140329189436,34.42235681524503,0.55,0.0,0.0013581198854213375,7.19844203984743,0.0,4.7314069301337935e-08,1.4210854715202004e-14,BDF,55885266c44ecbbfe86be622c6ebd08b77151ee6ef7dfd5c8bbc8d4250b58e50
C7_112,1,ae2_knockout,0.0,118.7,5.6,28.7,25.0,120.0,50.0,10.0,0.05,0.0,0.0005314154767606833,6.910000000216041,0.0,0.003390423734345895,1.4210854715202004e-14,Radau,55885266c44ecbbfe86be622c6ebd08b77151ee6ef7dfd5c8bbc8d4250b58e50
C7_112,1,ae2_knockout,50.0,119.30620733108202,5.5723982529063,112.19776766737971,21.196286147354183,124.42072665152091,45.8910997048332,77.98305835459715,0.05,0.0,0.0004955001318216266,7.4740589785022555,0.0,0.00011163955624115748,1.0658141036401503e-14,Radau,55885266c44ecbbfe86be622c6ebd08b77151ee6ef7dfd5c8bbc8d4250b58e50
C7_112,1,ae2_knockout,100.0,119.15308656368734,5.5666177110990525,161.72134553894134,20.75925596468286,124.69561269988279,46.4177020895939,83.95258750587463,0.05,0.0,0.0004969339609930126,7.500607574391787,0.0,9.020283746514167e-05,1.2434497875801753e-14,Radau,55885266c44ecbbfe86be622c6ebd08b77151ee6ef7dfd5c8bbc8d4250b58e50
C7_112,1,ae2_knockout,100.0000001,119.1532428866543,5.566629022143966,161.7213456290464,20.7592559641696,124.69561166365246,46.41770105362443,83.95258751350514,0.55,0.0,0.0004971318525490206,7.500607573414591,0.0,0.15631102427090687,1.0658141036401503e-14,Radau,55885266c44ecbbfe86be622c6ebd08b77151ee6ef7dfd5c8bbc8d4250b58e50
C7_112,1,ae2_knockout,149.99999999999716,124.56333162971596,6.956567197979246,132.87247920414384,29.772078628111103,121.82355908705495,31.60491350815536,101.63101658624771,0.55,0.0,0.0013605619137107227,7.55973598461542,0.0,4.428330080628309e-06,7.105427357601002e-15,Radau,55885266c44ecbbfe86be622c6ebd08b77151ee6ef7dfd5c8bbc8d4250b58e50
C7_112,1,ae2_knockout,199.99999999999432,124.5664656069117,6.956596410578959,130.81587771371412,29.781812264674425,121.81720437575633,31.600718482235493,101.34995087886324,0.55,0.0,0.001360358164028336,7.558718531557423,0.0,3.8099057203372887e-06,1.4210854715202004e-14,Radau,55885266c44ecbbfe86be622c6ebd08b77151ee6ef7dfd5c8bbc8d4250b58e50
C8_112_MA,1,ae4_knockout,0.0,118.7,5.6,28.7,25.0,120.0,50.0,10.0,0.05,0.0,0.0005314154767606833,6.910000000216041,0.0,0.0027096403272154363,1.4210854715202004e-14,BDF,55885266c44ecbbfe86be622c6ebd08b77151ee6ef7dfd5c8bbc8d4250b58e50
C8_112_MA,1,ae4_knockout,50.0,118.67821255541007,5.56384986168932,60.042501715322416,21.47447494932945,123.48506518502992,48.3796325742343,55.95033944754428,0.05,0.0,0.0005104191180756151,7.360525811568973,0.0,1.5727683958401356e-05,1.4210854715202004e-14,BDF,55885266c44ecbbfe86be622c6ebd08b77151ee6ef7dfd5c8bbc8d4250b58e50
C8_112_MA,1,ae4_knockout,100.0,118.59268696740394,5.56043248926294,64.15967747405041,21.215864828801944,123.65299038489225,48.683270544620036,58.16324858310311,0.05,0.0,0.0005111371706745183,7.374167015075932,0.0,3.821223296021636e-06,1.3877787807814457e-17,BDF,55885266c44ecbbfe86be622c6ebd08b77151ee6ef7dfd5c8bbc8d4250b58e50
C8_112_MA,1,ae4_knockout,100.0000001,118.59282139400246,5.560442218433377,64.15967747697104,21.215864828801365,123.65298813817462,48.68326829696727,58.16324858599093,0.55,0.0,0.0005113089163143738,7.37416472859298,0.0,0.15940463191159138,2.842170943040401e-14,BDF,55885266c44ecbbfe86be622c6ebd08b77151ee6ef7dfd5c8bbc8d4250b58e50
C8_112_MA,1,ae4_knockout,149.99999999999716,124.57845310153094,6.955453609908703,28.770224785911715,33.3218073995644,118.29007980645112,32.39619137532663,34.42311158014008,0.55,0.0,0.0013581225198820296,7.198441431376855,0.0,1.4511865330012268e-07,2.7582103268031233e-16,BDF,55885266c44ecbbfe86be622c6ebd08b77151ee6ef7dfd5c8bbc8d4250b58e50
C8_112_MA,1,ae4_knockout,199.99999999999432,124.57849349477075,6.955453947890111,28.76993661029377,33.32195035217142,118.28998037301702,32.396140329189436,34.42235681524503,0.55,0.0,0.0013581198854213375,7.19844203984743,0.0,4.7314069301337935e-08,1.4210854715202004e-14,BDF,55885266c44ecbbfe86be622c6ebd08b77151ee6ef7dfd5c8bbc8d4250b58e50
C8_112_MA,1,wt,0.0,118.7,5.6,28.7,25.0,120.0,50.0,10.0,0.05,0.0,0.0005314154767606833,6.910000000216041,0.0,0.0027096403272154363,1.4210854715202004e-14,BDF,55885266c44ecbbfe86be622c6ebd08b77151ee6ef7dfd5c8bbc8d4250b58e50
C8_112_MA,1,wt,50.0,118.67821255541007,5.56384986168932,60.042501715322416,21.47447494932945,123.48506518502992,48.3796325742343,55.95033944754428,0.05,0.0,0.0005104191180756151,7.360525811568973,0.0,1.5727683958401356e-05,1.4210854715202004e-14,BDF,55885266c44ecbbfe86be622c6ebd08b77151ee6ef7dfd5c8bbc8d4250b58e50
C8_112_MA,1,wt,100.0,118.59268696740394,5.56043248926294,64.15967747405041,21.215864828801944,123.65299038489225,48.683270544620036,58.16324858310311,0.05,0.0,0.0005111371706745183,7.374167015075932,0.0,3.821223296021636e-06,1.3877787807814457e-17,BDF,55885266c44ecbbfe86be622c6ebd08b77151ee6ef7dfd5c8bbc8d4250b58e50
C8_112_MA,1,wt,100.0000001,118.59282139400246,5.560442218433377,64.15967747697104,21.215864828801365,123.65298813817462,48.68326829696727,58.16324858599093,0.55,0.0,0.0005113089163143738,7.37416472859298,0.0,0.15940463191159138,2.842170943040401e-14,BDF,55885266c44ecbbfe86be622c6ebd08b77151ee6ef7dfd5c8bbc8d4250b58e50
C8_112_MA,1,wt,149.99999999999716,124.57845310153094,6.955453609908703,28.770224785911715,33.3218073995644,118.29007980645112,32.39619137532663,34.42311158014008,0.55,0.0,0.0013581225198820296,7.198441431376855,0.0,1.4511865330012268e-07,2.7582103268031233e-16,BDF,55885266c44ecbbfe86be622c6ebd08b77151ee6ef7dfd5c8bbc8d4250b58e50
C8_112_MA,1,wt,199.99999999999432,124.57849349477075,6.955453947890111,28.76993661029377,33.32195035217142,118.28998037301702,32.396140329189436,34.42235681524503,0.55,0.0,0.0013581198854213375,7.19844203984743,0.0,4.7314069301337935e-08,1.4210854715202004e-14,BDF,55885266c44ecbbfe86be622c6ebd08b77151ee6ef7dfd5c8bbc8d4250b58e50
C8_112_MA,1,ae2_knockout,0.0,118.7,5.6,28.7,25.0,120.0,50.0,10.0,0.05,0.0,0.0005314154767606833,6.910000000216041,0.0,0.003390423734345895,1.4210854715202004e-14,Radau,55885266c44ecbbfe86be622c6ebd08b77151ee6ef7dfd5c8bbc8d4250b58e50
C8_112_MA,1,ae2_knockout,50.0,119.30620733108202,5.5723982529063,112.19776766737971,21.196286147354183,124.42072665152091,45.8910997048332,77.98305835459715,0.05,0.0,0.0004955001318216266,7.4740589785022555,0.0,0.00011163955624115748,1.0658141036401503e-14,Radau,55885266c44ecbbfe86be622c6ebd08b77151ee6ef7dfd5c8bbc8d4250b58e50
C8_112_MA,1,ae2_knockout,100.0,119.15308656368734,5.5666177110990525,161.72134553894134,20.75925596468286,124.69561269988279,46.4177020895939,83.95258750587463,0.05,0.0,0.0004969339609930126,7.500607574391787,0.0,9.020283746514167e-05,1.2434497875801753e-14,Radau,55885266c44ecbbfe86be622c6ebd08b77151ee6ef7dfd5c8bbc8d4250b58e50
C8_112_MA,1,ae2_knockout,100.0000001,119.1532428866543,5.566629022143966,161.7213456290464,20.7592559641696,124.69561166365246,46.41770105362443,83.95258751350514,0.55,0.0,0.0004971318525490206,7.500607573414591,0.0,0.15631102427090687,1.0658141036401503e-14,Radau,55885266c44ecbbfe86be622c6ebd08b77151ee6ef7dfd5c8bbc8d4250b58e50
C8_112_MA,1,ae2_knockout,149.99999999999716,124.56333162971596,6.956567197979246,132.87247920414384,29.772078628111103,121.82355908705495,31.60491350815536,101.63101658624771,0.55,0.0,0.0013605619137107227,7.55973598461542,0.0,4.428330080628309e-06,7.105427357601002e-15,Radau,55885266c44ecbbfe86be622c6ebd08b77151ee6ef7dfd5c8bbc8d4250b58e50
C8_112_MA,1,ae2_knockout,199.99999999999432,124.5664656069117,6.956596410578959,130.81587771371412,29.781812264674425,121.81720437575633,31.600718482235493,101.34995087886324,0.55,0.0,0.001360358164028336,7.558718531557423,0.0,3.8099057203372887e-06,1.4210854715202004e-14,Radau,55885266c44ecbbfe86be622c6ebd08b77151ee6ef7dfd5c8bbc8d4250b58e50
C8_112_SAT,1,ae4_knockout,0.0,118.7,5.6,28.7,25.0,120.0,50.0,10.0,0.05,0.0,0.0005314154767606833,6.910000000216041,0.0,0.0027096403272154363,1.4210854715202004e-14,BDF,55885266c44ecbbfe86be622c6ebd08b77151ee6ef7dfd5c8bbc8d4250b58e50
C8_112_SAT,1,ae4_knockout,50.0,118.67821255541007,5.56384986168932,60.042501715322416,21.47447494932945,123.48506518502992,48.3796325742343,55.95033944754428,0.05,0.0,0.0005104191180756151,7.360525811568973,0.0,1.5727683958401356e-05,1.4210854715202004e-14,BDF,55885266c44ecbbfe86be622c6ebd08b77151ee6ef7dfd5c8bbc8d4250b58e50
C8_112_SAT,1,ae4_knockout,100.0,118.59268696740394,5.56043248926294,64.15967747405041,21.215864828801944,123.65299038489225,48.683270544620036,58.16324858310311,0.05,0.0,0.0005111371706745183,7.374167015075932,0.0,3.821223296021636e-06,1.3877787807814457e-17,BDF,55885266c44ecbbfe86be622c6ebd08b77151ee6ef7dfd5c8bbc8d4250b58e50
C8_112_SAT,1,ae4_knockout,100.0000001,118.59282139400246,5.560442218433377,64.15967747697104,21.215864828801365,123.65298813817462,48.68326829696727,58.16324858599093,0.55,0.0,0.0005113089163143738,7.37416472859298,0.0,0.15940463191159138,2.842170943040401e-14,BDF,55885266c44ecbbfe86be622c6ebd08b77151ee6ef7dfd5c8bbc8d4250b58e50
C8_112_SAT,1,ae4_knockout,149.99999999999716,124.57845310153094,6.955453609908703,28.770224785911715,33.3218073995644,118.29007980645112,32.39619137532663,34.42311158014008,0.55,0.0,0.0013581225198820296,7.198441431376855,0.0,1.4511865330012268e-07,2.7582103268031233e-16,BDF,55885266c44ecbbfe86be622c6ebd08b77151ee6ef7dfd5c8bbc8d4250b58e50
C8_112_SAT,1,ae4_knockout,199.99999999999432,124.57849349477075,6.955453947890111,28.76993661029377,33.32195035217142,118.28998037301702,32.396140329189436,34.42235681524503,0.55,0.0,0.0013581198854213375,7.19844203984743,0.0,4.7314069301337935e-08,1.4210854715202004e-14,BDF,55885266c44ecbbfe86be622c6ebd08b77151ee6ef7dfd5c8bbc8d4250b58e50
C8_112_SAT,1,wt,0.0,118.7,5.6,28.7,25.0,120.0,50.0,10.0,0.05,0.0,0.0005314154767606833,6.910000000216041,0.0,0.0027096403272154363,1.4210854715202004e-14,BDF,55885266c44ecbbfe86be622c6ebd08b77151ee6ef7dfd5c8bbc8d4250b58e50
C8_112_SAT,1,wt,50.0,118.67821255541007,5.56384986168932,60.042501715322416,21.47447494932945,123.48506518502992,48.3796325742343,55.95033944754428,0.05,0.0,0.0005104191180756151,7.360525811568973,0.0,1.5727683958401356e-05,1.4210854715202004e-14,BDF,55885266c44ecbbfe86be622c6ebd08b77151ee6ef7dfd5c8bbc8d4250b58e50
C8_112_SAT,1,wt,100.0,118.59268696740394,5.56043248926294,64.15967747405041,21.215864828801944,123.65299038489225,48.683270544620036,58.16324858310311,0.05,0.0,0.0005111371706745183,7.374167015075932,0.0,3.821223296021636e-06,1.3877787807814457e-17,BDF,55885266c44ecbbfe86be622c6ebd08b77151ee6ef7dfd5c8bbc8d4250b58e50
C8_112_SAT,1,wt,100.0000001,118.59282139400246,5.560442218433377,64.15967747697104,21.215864828801365,123.65298813817462,48.68326829696727,58.16324858599093,0.55,0.0,0.0005113089163143738,7.37416472859298,0.0,0.15940463191159138,2.842170943040401e-14,BDF,55885266c44ecbbfe86be622c6ebd08b77151ee6ef7dfd5c8bbc8d4250b58e50
C8_112_SAT,1,wt,149.99999999999716,124.57845310153094,6.955453609908703,28.770224785911715,33.3218073995644,118.29007980645112,32.39619137532663,34.42311158014008,0.55,0.0,0.0013581225198820296,7.198441431376855,0.0,1.4511865330012268e-07,2.7582103268031233e-16,BDF,55885266c44ecbbfe86be622c6ebd08b77151ee6ef7dfd5c8bbc8d4250b58e50
C8_112_SAT,1,wt,199.99999999999432,124.57849349477075,6.955453947890111,28.76993661029377,33.32195035217142,118.28998037301702,32.396140329189436,34.42235681524503,0.55,0.0,0.0013581198854213375,7.19844203984743,0.0,4.7314069301337935e-08,1.4210854715202004e-14,BDF,55885266c44ecbbfe86be622c6ebd08b77151ee6ef7dfd5c8bbc8d4250b58e50
C8_112_SAT,1,ae2_knockout,0.0,118.7,5.6,28.7,25.0,120.0,50.0,10.0,0.05,0.0,0.0005314154767606833,6.910000000216041,0.0,0.003390423734345895,1.4210854715202004e-14,Radau,55885266c44ecbbfe86be622c6ebd08b77151ee6ef7dfd5c8bbc8d4250b58e50
C8_112_SAT,1,ae2_knockout,50.0,119.30620733108202,5.5723982529063,112.19776766737971,21.196286147354183,124.42072665152091,45.8910997048332,77.98305835459715,0.05,0.0,0.0004955001318216266,7.4740589785022555,0.0,0.00011163955624115748,1.0658141036401503e-14,Radau,55885266c44ecbbfe86be622c6ebd08b77151ee6ef7dfd5c8bbc8d4250b58e50
C8_112_SAT,1,ae2_knockout,100.0,119.15308656368734,5.5666177110990525,161.72134553894134,20.75925596468286,124.69561269988279,46.4177020895939,83.95258750587463,0.05,0.0,0.0004969339609930126,7.500607574391787,0.0,9.020283746514167e-05,1.2434497875801753e-14,Radau,55885266c44ecbbfe86be622c6ebd08b77151ee6ef7dfd5c8bbc8d4250b58e50
C8_112_SAT,1,ae2_knockout,100.0000001,119.1532428866543,5.566629022143966,161.7213456290464,20.7592559641696,124.69561166365246,46.41770105362443,83.95258751350514,0.55,0.0,0.0004971318525490206,7.500607573414591,0.0,0.15631102427090687,1.0658141036401503e-14,Radau,55885266c44ecbbfe86be622c6ebd08b77151ee6ef7dfd5c8bbc8d4250b58e50
C8_112_SAT,1,ae2_knockout,149.99999999999716,124.56333162971596,6.956567197979246,132.87247920414384,29.772078628111103,121.82355908705495,31.60491350815536,101.63101658624771,0.55,0.0,0.0013605619137107227,7.55973598461542,0.0,4.428330080628309e-06,7.105427357601002e-15,Radau,55885266c44ecbbfe86be622c6ebd08b77151ee6ef7dfd5c8bbc8d4250b58e50
C8_112_SAT,1,ae2_knockout,199.99999999999432,124.5664656069117,6.956596410578959,130.81587771371412,29.781812264674425,121.81720437575633,31.600718482235493,101.34995087886324,0.55,0.0,0.001360358164028336,7.558718531557423,0.0,3.8099057203372887e-06,1.4210854715202004e-14,Radau,55885266c44ecbbfe86be622c6ebd08b77151ee6ef7dfd5c8bbc8d4250b58e50
C6_123,1,ae4_knockout,0.0,118.7,5.6,28.7,25.0,120.0,50.0,10.0,0.05,0.0,0.0005314154767606833,6.910000000216041,0.0,0.0027096403272154363,1.4210854715202004e-14,BDF,55885266c44ecbbfe86be622c6ebd08b77151ee6ef7dfd5c8bbc8d4250b58e50
C6_123,1,ae4_knockout,50.0,118.67821255541007,5.56384986168932,60.042501715322416,21.47447494932945,123.48506518502992,48.3796325742343,55.95033944754428,0.05,0.0,0.0005104191180756151,7.360525811568973,0.0,1.5727683958401356e-05,1.4210854715202004e-14,BDF,55885266c44ecbbfe86be622c6ebd08b77151ee6ef7dfd5c8bbc8d4250b58e50
C6_123,1,ae4_knockout,100.0,118.59268696740394,5.56043248926294,64.15967747405041,21.215864828801944,123.65299038489225,48.683270544620036,58.16324858310311,0.05,0.0,0.0005111371706745183,7.374167015075932,0.0,3.821223296021636e-06,1.3877787807814457e-17,BDF,55885266c44ecbbfe86be622c6ebd08b77151ee6ef7dfd5c8bbc8d4250b58e50
C6_123,1,ae4_knockout,100.0000001,118.59282139400246,5.560442218433377,64.15967747697104,21.215864828801365,123.65298813817462,48.68326829696727,58.16324858599093,0.55,0.0,0.0005113089163143738,7.37416472859298,0.0,0.15940463191159138,2.842170943040401e-14,BDF,55885266c44ecbbfe86be622c6ebd08b77151ee6ef7dfd5c8bbc8d4250b58e50
C6_123,1,ae4_knockout,149.99999999999716,124.57845310153094,6.955453609908703,28.770224785911715,33.3218073995644,118.29007980645112,32.39619137532663,34.42311158014008,0.55,0.0,0.0013581225198820296,7.198441431376855,0.0,1.4511865330012268e-07,2.7582103268031233e-16,BDF,55885266c44ecbbfe86be622c6ebd08b77151ee6ef7dfd5c8bbc8d4250b58e50
C6_123,1,ae4_knockout,199.99999999999432,124.57849349477075,6.955453947890111,28.76993661029377,33.32195035217142,118.28998037301702,32.396140329189436,34.42235681524503,0.55,0.0,0.0013581198854213375,7.19844203984743,0.0,4.7314069301337935e-08,1.4210854715202004e-14,BDF,55885266c44ecbbfe86be622c6ebd08b77151ee6ef7dfd5c8bbc8d4250b58e50
C6_123,1,wt,0.0,118.7,5.6,28.7,25.0,120.0,50.0,10.0,0.05,0.0,0.0005314154767606833,6.910000000216041,0.0,0.0027096403272154363,1.4210854715202004e-14,BDF,55885266c44ecbbfe86be622c6ebd08b77151ee6ef7dfd5c8bbc8d4250b58e50
C6_123,1,wt,50.0,118.67821255541007,5.56384986168932,60.042501715322416,21.47447494932945,123.48506518502992,48.3796325742343,55.95033944754428,0.05,0.0,0.0005104191180756151,7.360525811568973,0.0,1.5727683958401356e-05,1.4210854715202004e-14,BDF,55885266c44ecbbfe86be622c6ebd08b77151ee6ef7dfd5c8bbc8d4250b58e50
C6_123,1,wt,100.0,118.59268696740394,5.56043248926294,64.15967747405041,21.215864828801944,123.65299038489225,48.683270544620036,58.16324858310311,0.05,0.0,0.0005111371706745183,7.374167015075932,0.0,3.821223296021636e-06,1.3877787807814457e-17,BDF,55885266c44ecbbfe86be622c6ebd08b77151ee6ef7dfd5c8bbc8d4250b58e50
C6_123,1,wt,100.0000001,118.59282139400246,5.560442218433377,64.15967747697104,21.215864828801365,123.65298813817462,48.68326829696727,58.16324858599093,0.55,0.0,0.0005113089163143738,7.37416472859298,0.0,0.15940463191159138,2.842170943040401e-14,BDF,55885266c44ecbbfe86be622c6ebd08b77151ee6ef7dfd5c8bbc8d4250b58e50
C6_123,1,wt,149.99999999999716,124.57845310153094,6.955453609908703,28.770224785911715,33.3218073995644,118.29007980645112,32.39619137532663,34.42311158014008,0.55,0.0,0.0013581225198820296,7.198441431376855,0.0,1.4511865330012268e-07,2.7582103268031233e-16,BDF,55885266c44ecbbfe86be622c6ebd08b77151ee6ef7dfd5c8bbc8d4250b58e50
C6_123,1,wt,199.99999999999432,124.57849349477075,6.955453947890111,28.76993661029377,33.32195035217142,118.28998037301702,32.396140329189436,34.42235681524503,0.55,0.0,0.0013581198854213375,7.19844203984743,0.0,4.7314069301337935e-08,1.4210854715202004e-14,BDF,55885266c44ecbbfe86be622c6ebd08b77151ee6ef7dfd5c8bbc8d4250b58e50
C6_123,1,ae2_knockout,0.0,118.7,5.6,28.7,25.0,120.0,50.0,10.0,0.05,0.0,0.0005314154767606833,6.910000000216041,0.0,0.003390423734345895,1.4210854715202004e-14,Radau,55885266c44ecbbfe86be622c6ebd08b77151ee6ef7dfd5c8bbc8d4250b58e50
C6_123,1,ae2_knockout,50.0,119.30620733108202,5.5723982529063,112.19776766737971,21.196286147354183,124.42072665152091,45.8910997048332,77.98305835459715,0.05,0.0,0.0004955001318216266,7.4740589785022555,0.0,0.00011163955624115748,1.0658141036401503e-14,Radau,55885266c44ecbbfe86be622c6ebd08b77151ee6ef7dfd5c8bbc8d4250b58e50
C6_123,1,ae2_knockout,100.0,119.15308656368734,5.5666177110990525,161.72134553894134,20.75925596468286,124.69561269988279,46.4177020895939,83.95258750587463,0.05,0.0,0.0004969339609930126,7.500607574391787,0.0,9.020283746514167e-05,1.2434497875801753e-14,Radau,55885266c44ecbbfe86be622c6ebd08b77151ee6ef7dfd5c8bbc8d4250b58e50
C6_123,1,ae2_knockout,100.0000001,119.1532428866543,5.566629022143966,161.7213456290464,20.7592559641696,124.69561166365246,46.41770105362443,83.95258751350514,0.55,0.0,0.0004971318525490206,7.500607573414591,0.0,0.15631102427090687,1.0658141036401503e-14,Radau,55885266c44ecbbfe86be622c6ebd08b77151ee6ef7dfd5c8bbc8d4250b58e50
C6_123,1,ae2_knockout,149.99999999999716,124.56333162971596,6.956567197979246,132.87247920414384,29.772078628111103,121.82355908705495,31.60491350815536,101.63101658624771,0.55,0.0,0.0013605619137107227,7.55973598461542,0.0,4.428330080628309e-06,7.105427357601002e-15,Radau,55885266c44ecbbfe86be622c6ebd08b77151ee6ef7dfd5c8bbc8d4250b58e50
C6_123,1,ae2_knockout,199.99999999999432,124.5664656069117,6.956596410578959,130.81587771371412,29.781812264674425,121.81720437575633,31.600718482235493,101.34995087886324,0.55,0.0,0.001360358164028336,7.558718531557423,0.0,3.8099057203372887e-06,1.4210854715202004e-14,Radau,55885266c44ecbbfe86be622c6ebd08b77151ee6ef7dfd5c8bbc8d4250b58e50
C7_123,1,ae4_knockout,0.0,118.7,5.6,28.7,25.0,120.0,50.0,10.0,0.05,0.0,0.0005314154767606833,6.910000000216041,0.0,0.0027096403272154363,1.4210854715202004e-14,BDF,55885266c44ecbbfe86be622c6ebd08b77151ee6ef7dfd5c8bbc8d4250b58e50
C7_123,1,ae4_knockout,50.0,118.67821255541007,5.56384986168932,60.042501715322416,21.47447494932945,123.48506518502992,48.3796325742343,55.95033944754428,0.05,0.0,0.0005104191180756151,7.360525811568973,0.0,1.5727683958401356e-05,1.4210854715202004e-14,BDF,55885266c44ecbbfe86be622c6ebd08b77151ee6ef7dfd5c8bbc8d4250b58e50
C7_123,1,ae4_knockout,100.0,118.59268696740394,5.56043248926294,64.15967747405041,21.215864828801944,123.65299038489225,48.683270544620036,58.16324858310311,0.05,0.0,0.0005111371706745183,7.374167015075932,0.0,3.821223296021636e-06,1.3877787807814457e-17,BDF,55885266c44ecbbfe86be622c6ebd08b77151ee6ef7dfd5c8bbc8d4250b58e50
C7_123,1,ae4_knockout,100.0000001,118.59282139400246,5.560442218433377,64.15967747697104,21.215864828801365,123.65298813817462,48.68326829696727,58.16324858599093,0.55,0.0,0.0005113089163143738,7.37416472859298,0.0,0.15940463191159138,2.842170943040401e-14,BDF,55885266c44ecbbfe86be622c6ebd08b77151ee6ef7dfd5c8bbc8d4250b58e50
C7_123,1,ae4_knockout,149.99999999999716,124.57845310153094,6.955453609908703,28.770224785911715,33.3218073995644,118.29007980645112,32.39619137532663,34.42311158014008,0.55,0.0,0.0013581225198820296,7.198441431376855,0.0,1.4511865330012268e-07,2.7582103268031233e-16,BDF,55885266c44ecbbfe86be622c6ebd08b77151ee6ef7dfd5c8bbc8d4250b58e50
C7_123,1,ae4_knockout,199.99999999999432,124.57849349477075,6.955453947890111,28.76993661029377,33.32195035217142,118.28998037301702,32.396140329189436,34.42235681524503,0.55,0.0,0.0013581198854213375,7.19844203984743,0.0,4.7314069301337935e-08,1.4210854715202004e-14,BDF,55885266c44ecbbfe86be622c6ebd08b77151ee6ef7dfd5c8bbc8d4250b58e50
C7_123,1,wt,0.0,118.7,5.6,28.7,25.0,120.0,50.0,10.0,0.05,0.0,0.0005314154767606833,6.910000000216041,0.0,0.0027096403272154363,1.4210854715202004e-14,BDF,55885266c44ecbbfe86be622c6ebd08b77151ee6ef7dfd5c8bbc8d4250b58e50
C7_123,1,wt,50.0,118.67821255541007,5.56384986168932,60.042501715322416,21.47447494932945,123.48506518502992,48.3796325742343,55.95033944754428,0.05,0.0,0.0005104191180756151,7.360525811568973,0.0,1.5727683958401356e-05,1.4210854715202004e-14,BDF,55885266c44ecbbfe86be622c6ebd08b77151ee6ef7dfd5c8bbc8d4250b58e50
C7_123,1,wt,100.0,118.59268696740394,5.56043248926294,64.15967747405041,21.215864828801944,123.65299038489225,48.683270544620036,58.16324858310311,0.05,0.0,0.0005111371706745183,7.374167015075932,0.0,3.821223296021636e-06,1.3877787807814457e-17,BDF,55885266c44ecbbfe86be622c6ebd08b77151ee6ef7dfd5c8bbc8d4250b58e50
C7_123,1,wt,100.0000001,118.59282139400246,5.560442218433377,64.15967747697104,21.215864828801365,123.65298813817462,48.68326829696727,58.16324858599093,0.55,0.0,0.0005113089163143738,7.37416472859298,0.0,0.15940463191159138,2.842170943040401e-14,BDF,55885266c44ecbbfe86be622c6ebd08b77151ee6ef7dfd5c8bbc8d4250b58e50
C7_123,1,wt,149.99999999999716,124.57845310153094,6.955453609908703,28.770224785911715,33.3218073995644,118.29007980645112,32.39619137532663,34.42311158014008,0.55,0.0,0.0013581225198820296,7.198441431376855,0.0,1.4511865330012268e-07,2.7582103268031233e-16,BDF,55885266c44ecbbfe86be622c6ebd08b77151ee6ef7dfd5c8bbc8d4250b58e50
C7_123,1,wt,199.99999999999432,124.57849349477075,6.955453947890111,28.76993661029377,33.32195035217142,118.28998037301702,32.396140329189436,34.42235681524503,0.55,0.0,0.0013581198854213375,7.19844203984743,0.0,4.7314069301337935e-08,1.4210854715202004e-14,BDF,55885266c44ecbbfe86be622c6ebd08b77151ee6ef7dfd5c8bbc8d4250b58e50
C7_123,1,ae2_knockout,0.0,118.7,5.6,28.7,25.0,120.0,50.0,10.0,0.05,0.0,0.0005314154767606833,6.910000000216041,0.0,0.003390423734345895,1.4210854715202004e-14,Radau,55885266c44ecbbfe86be622c6ebd08b77151ee6ef7dfd5c8bbc8d4250b58e50
C7_123,1,ae2_knockout,50.0,119.30620733108202,5.5723982529063,112.19776766737971,21.196286147354183,124.42072665152091,45.8910997048332,77.98305835459715,0.05,0.0,0.0004955001318216266,7.4740589785022555,0.0,0.00011163955624115748,1.0658141036401503e-14,Radau,55885266c44ecbbfe86be622c6ebd08b77151ee6ef7dfd5c8bbc8d4250b58e50
C7_123,1,ae2_knockout,100.0,119.15308656368734,5.5666177110990525,161.72134553894134,20.75925596468286,124.69561269988279,46.4177020895939,83.95258750587463,0.05,0.0,0.0004969339609930126,7.500607574391787,0.0,9.020283746514167e-05,1.2434497875801753e-14,Radau,55885266c44ecbbfe86be622c6ebd08b77151ee6ef7dfd5c8bbc8d4250b58e50
C7_123,1,ae2_knockout,100.0000001,119.1532428866543,5.566629022143966,161.7213456290464,20.7592559641696,124.69561166365246,46.41770105362443,83.95258751350514,0.55,0.0,0.0004971318525490206,7.500607573414591,0.0,0.15631102427090687,1.0658141036401503e-14,Radau,55885266c44ecbbfe86be622c6ebd08b77151ee6ef7dfd5c8bbc8d4250b58e50
C7_123,1,ae2_knockout,149.99999999999716,124.56333162971596,6.956567197979246,132.87247920414384,29.772078628111103,121.82355908705495,31.60491350815536,101.63101658624771,0.55,0.0,0.0013605619137107227,7.55973598461542,0.0,4.428330080628309e-06,7.105427357601002e-15,Radau,55885266c44ecbbfe86be622c6ebd08b77151ee6ef7dfd5c8bbc8d4250b58e50
C7_123,1,ae2_knockout,199.99999999999432,124.5664656069117,6.956596410578959,130.81587771371412,29.781812264674425,121.81720437575633,31.600718482235493,101.34995087886324,0.55,0.0,0.001360358164028336,7.558718531557423,0.0,3.8099057203372887e-06,1.4210854715202004e-14,Radau,55885266c44ecbbfe86be622c6ebd08b77151ee6ef7dfd5c8bbc8d4250b58e50
C8_123_MA,1,ae4_knockout,0.0,118.7,5.6,28.7,25.0,120.0,50.0,10.0,0.05,0.0,0.0005314154767606833,6.910000000216041,0.0,0.0027096403272154363,1.4210854715202004e-14,BDF,55885266c44ecbbfe86be622c6ebd08b77151ee6ef7dfd5c8bbc8d4250b58e50
C8_123_MA,1,ae4_knockout,50.0,118.67821255541007,5.56384986168932,60.042501715322416,21.47447494932945,123.48506518502992,48.3796325742343,55.95033944754428,0.05,0.0,0.0005104191180756151,7.360525811568973,0.0,1.5727683958401356e-05,1.4210854715202004e-14,BDF,55885266c44ecbbfe86be622c6ebd08b77151ee6ef7dfd5c8bbc8d4250b58e50
C8_123_MA,1,ae4_knockout,100.0,118.59268696740394,5.56043248926294,64.15967747405041,21.215864828801944,123.65299038489225,48.683270544620036,58.16324858310311,0.05,0.0,0.0005111371706745183,7.374167015075932,0.0,3.821223296021636e-06,1.3877787807814457e-17,BDF,55885266c44ecbbfe86be622c6ebd08b77151ee6ef7dfd5c8bbc8d4250b58e50
C8_123_MA,1,ae4_knockout,100.0000001,118.59282139400246,5.560442218433377,64.15967747697104,21.215864828801365,123.65298813817462,48.68326829696727,58.16324858599093,0.55,0.0,0.0005113089163143738,7.37416472859298,0.0,0.15940463191159138,2.842170943040401e-14,BDF,55885266c44ecbbfe86be622c6ebd08b77151ee6ef7dfd5c8bbc8d4250b58e50
C8_123_MA,1,ae4_knockout,149.99999999999716,124.57845310153094,6.955453609908703,28.770224785911715,33.3218073995644,118.29007980645112,32.39619137532663,34.42311158014008,0.55,0.0,0.0013581225198820296,7.198441431376855,0.0,1.4511865330012268e-07,2.7582103268031233e-16,BDF,55885266c44ecbbfe86be622c6ebd08b77151ee6ef7dfd5c8bbc8d4250b58e50
C8_123_MA,1,ae4_knockout,199.99999999999432,124.57849349477075,6.955453947890111,28.76993661029377,33.32195035217142,118.28998037301702,32.396140329189436,34.42235681524503,0.55,0.0,0.0013581198854213375,7.19844203984743,0.0,4.7314069301337935e-08,1.4210854715202004e-14,BDF,55885266c44ecbbfe86be622c6ebd08b77151ee6ef7dfd5c8bbc8d4250b58e50
C8_123_MA,1,wt,0.0,118.7,5.6,28.7,25.0,120.0,50.0,10.0,0.05,0.0,0.0005314154767606833,6.910000000216041,0.0,0.0027096403272154363,1.4210854715202004e-14,BDF,55885266c44ecbbfe86be622c6ebd08b77151ee6ef7dfd5c8bbc8d4250b58e50
C8_123_MA,1,wt,50.0,118.67821255541007,5.56384986168932,60.042501715322416,21.47447494932945,123.48506518502992,48.3796325742343,55.95033944754428,0.05,0.0,0.0005104191180756151,7.360525811568973,0.0,1.5727683958401356e-05,1.4210854715202004e-14,BDF,55885266c44ecbbfe86be622c6ebd08b77151ee6ef7dfd5c8bbc8d4250b58e50
C8_123_MA,1,wt,100.0,118.59268696740394,5.56043248926294,64.15967747405041,21.215864828801944,123.65299038489225,48.683270544620036,58.16324858310311,0.05,0.0,0.0005111371706745183,7.374167015075932,0.0,3.821223296021636e-06,1.3877787807814457e-17,BDF,55885266c44ecbbfe86be622c6ebd08b77151ee6ef7dfd5c8bbc8d4250b58e50
C8_123_MA,1,wt,100.0000001,118.59282139400246,5.560442218433377,64.15967747697104,21.215864828801365,123.65298813817462,48.68326829696727,58.16324858599093,0.55,0.0,0.0005113089163143738,7.37416472859298,0.0,0.15940463191159138,2.842170943040401e-14,BDF,55885266c44ecbbfe86be622c6ebd08b77151ee6ef7dfd5c8bbc8d4250b58e50
C8_123_MA,1,wt,149.99999999999716,124.57845310153094,6.955453609908703,28.770224785911715,33.3218073995644,118.29007980645112,32.39619137532663,34.42311158014008,0.55,0.0,0.0013581225198820296,7.198441431376855,0.0,1.4511865330012268e-07,2.7582103268031233e-16,BDF,55885266c44ecbbfe86be622c6ebd08b77151ee6ef7dfd5c8bbc8d4250b58e50
C8_123_MA,1,wt,199.99999999999432,124.57849349477075,6.955453947890111,28.76993661029377,33.32195035217142,118.28998037301702,32.396140329189436,34.42235681524503,0.55,0.0,0.0013581198854213375,7.19844203984743,0.0,4.7314069301337935e-08,1.4210854715202004e-14,BDF,55885266c44ecbbfe86be622c6ebd08b77151ee6ef7dfd5c8bbc8d4250b58e50
C8_123_MA,1,ae2_knockout,0.0,118.7,5.6,28.7,25.0,120.0,50.0,10.0,0.05,0.0,0.0005314154767606833,6.910000000216041,0.0,0.003390423734345895,1.4210854715202004e-14,Radau,55885266c44ecbbfe86be622c6ebd08b77151ee6ef7dfd5c8bbc8d4250b58e50
C8_123_MA,1,ae2_knockout,50.0,119.30620733108202,5.5723982529063,112.19776766737971,21.196286147354183,124.42072665152091,45.8910997048332,77.98305835459715,0.05,0.0,0.0004955001318216266,7.4740589785022555,0.0,0.00011163955624115748,1.0658141036401503e-14,Radau,55885266c44ecbbfe86be622c6ebd08b77151ee6ef7dfd5c8bbc8d4250b58e50
C8_123_MA,1,ae2_knockout,100.0,119.15308656368734,5.5666177110990525,161.72134553894134,20.75925596468286,124.69561269988279,46.4177020895939,83.95258750587463,0.05,0.0,0.0004969339609930126,7.500607574391787,0.0,9.020283746514167e-05,1.2434497875801753e-14,Radau,55885266c44ecbbfe86be622c6ebd08b77151ee6ef7dfd5c8bbc8d4250b58e50
C8_123_MA,1,ae2_knockout,100.0000001,119.1532428866543,5.566629022143966,161.7213456290464,20.7592559641696,124.69561166365246,46.41770105362443,83.95258751350514,0.55,0.0,0.0004971318525490206,7.500607573414591,0.0,0.15631102427090687,1.0658141036401503e-14,Radau,55885266c44ecbbfe86be622c6ebd08b77151ee6ef7dfd5c8bbc8d4250b58e50
C8_123_MA,1,ae2_knockout,149.99999999999716,124.56333162971596,6.956567197979246,132.87247920414384,29.772078628111103,121.82355908705495,31.60491350815536,101.63101658624771,0.55,0.0,0.0013605619137107227,7.55973598461542,0.0,4.428330080628309e-06,7.105427357601002e-15,Radau,55885266c44ecbbfe86be622c6ebd08b77151ee6ef7dfd5c8bbc8d4250b58e50
C8_123_MA,1,ae2_knockout,199.99999999999432,124.5664656069117,6.956596410578959,130.81587771371412,29.781812264674425,121.81720437575633,31.600718482235493,101.34995087886324,0.55,0.0,0.001360358164028336,7.558718531557423,0.0,3.8099057203372887e-06,1.4210854715202004e-14,Radau,55885266c44ecbbfe86be622c6ebd08b77151ee6ef7dfd5c8bbc8d4250b58e50
C8_123_SAT,1,ae4_knockout,0.0,118.7,5.6,28.7,25.0,120.0,50.0,10.0,0.05,0.0,0.0005314154767606833,6.910000000216041,0.0,0.0027096403272154363,1.4210854715202004e-14,BDF,55885266c44ecbbfe86be622c6ebd08b77151ee6ef7dfd5c8bbc8d4250b58e50
C8_123_SAT,1,ae4_knockout,50.0,118.67821255541007,5.56384986168932,60.042501715322416,21.47447494932945,123.48506518502992,48.3796325742343,55.95033944754428,0.05,0.0,0.0005104191180756151,7.360525811568973,0.0,1.5727683958401356e-05,1.4210854715202004e-14,BDF,55885266c44ecbbfe86be622c6ebd08b77151ee6ef7dfd5c8bbc8d4250b58e50
C8_123_SAT,1,ae4_knockout,100.0,118.59268696740394,5.56043248926294,64.15967747405041,21.215864828801944,123.65299038489225,48.683270544620036,58.16324858310311,0.05,0.0,0.0005111371706745183,7.374167015075932,0.0,3.821223296021636e-06,1.3877787807814457e-17,BDF,55885266c44ecbbfe86be622c6ebd08b77151ee6ef7dfd5c8bbc8d4250b58e50
C8_123_SAT,1,ae4_knockout,100.0000001,118.59282139400246,5.560442218433377,64.15967747697104,21.215864828801365,123.65298813817462,48.68326829696727,58.16324858599093,0.55,0.0,0.0005113089163143738,7.37416472859298,0.0,0.15940463191159138,2.842170943040401e-14,BDF,55885266c44ecbbfe86be622c6ebd08b77151ee6ef7dfd5c8bbc8d4250b58e50
C8_123_SAT,1,ae4_knockout,149.99999999999716,124.57845310153094,6.955453609908703,28.770224785911715,33.3218073995644,118.29007980645112,32.39619137532663,34.42311158014008,0.55,0.0,0.0013581225198820296,7.198441431376855,0.0,1.4511865330012268e-07,2.7582103268031233e-16,BDF,55885266c44ecbbfe86be622c6ebd08b77151ee6ef7dfd5c8bbc8d4250b58e50
C8_123_SAT,1,ae4_knockout,199.99999999999432,124.57849349477075,6.955453947890111,28.76993661029377,33.32195035217142,118.28998037301702,32.396140329189436,34.42235681524503,0.55,0.0,0.0013581198854213375,7.19844203984743,0.0,4.7314069301337935e-08,1.4210854715202004e-14,BDF,55885266c44ecbbfe86be622c6ebd08b77151ee6ef7dfd5c8bbc8d4250b58e50
C8_123_SAT,1,wt,0.0,118.7,5.6,28.7,25.0,120.0,50.0,10.0,0.05,0.0,0.0005314154767606833,6.910000000216041,0.0,0.0027096403272154363,1.4210854715202004e-14,BDF,55885266c44ecbbfe86be622c6ebd08b77151ee6ef7dfd5c8bbc8d4250b58e50
C8_123_SAT,1,wt,50.0,118.67821255541007,5.56384986168932,60.042501715322416,21.47447494932945,123.48506518502992,48.3796325742343,55.95033944754428,0.05,0.0,0.0005104191180756151,7.360525811568973,0.0,1.5727683958401356e-05,1.4210854715202004e-14,BDF,55885266c44ecbbfe86be622c6ebd08b77151ee6ef7dfd5c8bbc8d4250b58e50
C8_123_SAT,1,wt,100.0,118.59268696740394,5.56043248926294,64.15967747405041,21.215864828801944,123.65299038489225,48.683270544620036,58.16324858310311,0.05,0.0,0.0005111371706745183,7.374167015075932,0.0,3.821223296021636e-06,1.3877787807814457e-17,BDF,55885266c44ecbbfe86be622c6ebd08b77151ee6ef7dfd5c8bbc8d4250b58e50
C8_123_SAT,1,wt,100.0000001,118.59282139400246,5.560442218433377,64.15967747697104,21.215864828801365,123.65298813817462,48.68326829696727,58.16324858599093,0.55,0.0,0.0005113089163143738,7.37416472859298,0.0,0.15940463191159138,2.842170943040401e-14,BDF,55885266c44ecbbfe86be622c6ebd08b77151ee6ef7dfd5c8bbc8d4250b58e50
C8_123_SAT,1,wt,149.99999999999716,124.57845310153094,6.955453609908703,28.770224785911715,33.3218073995644,118.29007980645112,32.39619137532663,34.42311158014008,0.55,0.0,0.0013581225198820296,7.198441431376855,0.0,1.4511865330012268e-07,2.7582103268031233e-16,BDF,55885266c44ecbbfe86be622c6ebd08b77151ee6ef7dfd5c8bbc8d4250b58e50
C8_123_SAT,1,wt,199.99999999999432,124.57849349477075,6.955453947890111,28.76993661029377,33.32195035217142,118.28998037301702,32.396140329189436,34.42235681524503,0.55,0.0,0.0013581198854213375,7.19844203984743,0.0,4.7314069301337935e-08,1.4210854715202004e-14,BDF,55885266c44ecbbfe86be622c6ebd08b77151ee6ef7dfd5c8bbc8d4250b58e50
C8_123_SAT,1,ae2_knockout,0.0,118.7,5.6,28.7,25.0,120.0,50.0,10.0,0.05,0.0,0.0005314154767606833,6.910000000216041,0.0,0.003390423734345895,1.4210854715202004e-14,Radau,55885266c44ecbbfe86be622c6ebd08b77151ee6ef7dfd5c8bbc8d4250b58e50
C8_123_SAT,1,ae2_knockout,50.0,119.30620733108202,5.5723982529063,112.19776766737971,21.196286147354183,124.42072665152091,45.8910997048332,77.98305835459715,0.05,0.0,0.0004955001318216266,7.4740589785022555,0.0,0.00011163955624115748,1.0658141036401503e-14,Radau,55885266c44ecbbfe86be622c6ebd08b77151ee6ef7dfd5c8bbc8d4250b58e50
C8_123_SAT,1,ae2_knockout,100.0,119.15308656368734,5.5666177110990525,161.72134553894134,20.75925596468286,124.69561269988279,46.4177020895939,83.95258750587463,0.05,0.0,0.0004969339609930126,7.500607574391787,0.0,9.020283746514167e-05,1.2434497875801753e-14,Radau,55885266c44ecbbfe86be622c6ebd08b77151ee6ef7dfd5c8bbc8d4250b58e50
C8_123_SAT,1,ae2_knockout,100.0000001,119.1532428866543,5.566629022143966,161.7213456290464,20.7592559641696,124.69561166365246,46.41770105362443,83.95258751350514,0.55,0.0,0.0004971318525490206,7.500607573414591,0.0,0.15631102427090687,1.0658141036401503e-14,Radau,55885266c44ecbbfe86be622c6ebd08b77151ee6ef7dfd5c8bbc8d4250b58e50
C8_123_SAT,1,ae2_knockout,149.99999999999716,124.56333162971596,6.956567197979246,132.87247920414384,29.772078628111103,121.82355908705495,31.60491350815536,101.63101658624771,0.55,0.0,0.0013605619137107227,7.55973598461542,0.0,4.428330080628309e-06,7.105427357601002e-15,Radau,55885266c44ecbbfe86be622c6ebd08b77151ee6ef7dfd5c8bbc8d4250b58e50
C8_123_SAT,1,ae2_knockout,199.99999999999432,124.5664656069117,6.956596410578959,130.81587771371412,29.781812264674425,121.81720437575633,31.600718482235493,101.34995087886324,0.55,0.0,0.001360358164028336,7.558718531557423,0.0,3.8099057203372887e-06,1.4210854715202004e-14,Radau,55885266c44ecbbfe86be622c6ebd08b77151ee6ef7dfd5c8bbc8d4250b58e50
C6_213,1,ae4_knockout,0.0,118.7,5.6,28.7,25.0,120.0,50.0,10.0,0.05,0.0,0.0005314154767606833,6.910000000216041,0.0,0.0027096403272154363,1.4210854715202004e-14,BDF,55885266c44ecbbfe86be622c6ebd08b77151ee6ef7dfd5c8bbc8d4250b58e50
C6_213,1,ae4_knockout,50.0,118.67821255541007,5.56384986168932,60.042501715322416,21.47447494932945,123.48506518502992,48.3796325742343,55.95033944754428,0.05,0.0,0.0005104191180756151,7.360525811568973,0.0,1.5727683958401356e-05,1.4210854715202004e-14,BDF,55885266c44ecbbfe86be622c6ebd08b77151ee6ef7dfd5c8bbc8d4250b58e50
C6_213,1,ae4_knockout,100.0,118.59268696740394,5.56043248926294,64.15967747405041,21.215864828801944,123.65299038489225,48.683270544620036,58.16324858310311,0.05,0.0,0.0005111371706745183,7.374167015075932,0.0,3.821223296021636e-06,1.3877787807814457e-17,BDF,55885266c44ecbbfe86be622c6ebd08b77151ee6ef7dfd5c8bbc8d4250b58e50
C6_213,1,ae4_knockout,100.0000001,118.59282139400246,5.560442218433377,64.15967747697104,21.215864828801365,123.65298813817462,48.68326829696727,58.16324858599093,0.55,0.0,0.0005113089163143738,7.37416472859298,0.0,0.15940463191159138,2.842170943040401e-14,BDF,55885266c44ecbbfe86be622c6ebd08b77151ee6ef7dfd5c8bbc8d4250b58e50
C6_213,1,ae4_knockout,149.99999999999716,124.57845310153094,6.955453609908703,28.770224785911715,33.3218073995644,118.29007980645112,32.39619137532663,34.42311158014008,0.55,0.0,0.0013581225198820296,7.198441431376855,0.0,1.4511865330012268e-07,2.7582103268031233e-16,BDF,55885266c44ecbbfe86be622c6ebd08b77151ee6ef7dfd5c8bbc8d4250b58e50
C6_213,1,ae4_knockout,199.99999999999432,124.57849349477075,6.955453947890111,28.76993661029377,33.32195035217142,118.28998037301702,32.396140329189436,34.42235681524503,0.55,0.0,0.0013581198854213375,7.19844203984743,0.0,4.7314069301337935e-08,1.4210854715202004e-14,BDF,55885266c44ecbbfe86be622c6ebd08b77151ee6ef7dfd5c8bbc8d4250b58e50
C6_213,1,wt,0.0,118.7,5.6,28.7,25.0,120.0,50.0,10.0,0.05,0.0,0.0005314154767606833,6.910000000216041,0.0,0.0027096403272154363,1.4210854715202004e-14,BDF,55885266c44ecbbfe86be622c6ebd08b77151ee6ef7dfd5c8bbc8d4250b58e50
C6_213,1,wt,50.0,118.67821255541007,5.56384986168932,60.042501715322416,21.47447494932945,123.48506518502992,48.3796325742343,55.95033944754428,0.05,0.0,0.0005104191180756151,7.360525811568973,0.0,1.5727683958401356e-05,1.4210854715202004e-14,BDF,55885266c44ecbbfe86be622c6ebd08b77151ee6ef7dfd5c8bbc8d4250b58e50
C6_213,1,wt,100.0,118.59268696740394,5.56043248926294,64.15967747405041,21.215864828801944,123.65299038489225,48.683270544620036,58.16324858310311,0.05,0.0,0.0005111371706745183,7.374167015075932,0.0,3.821223296021636e-06,1.3877787807814457e-17,BDF,55885266c44ecbbfe86be622c6ebd08b77151ee6ef7dfd5c8bbc8d4250b58e50
C6_213,1,wt,100.0000001,118.59282139400246,5.560442218433377,64.15967747697104,21.215864828801365,123.65298813817462,48.68326829696727,58.16324858599093,0.55,0.0,0.0005113089163143738,7.37416472859298,0.0,0.15940463191159138,2.842170943040401e-14,BDF,55885266c44ecbbfe86be622c6ebd08b77151ee6ef7dfd5c8bbc8d4250b58e50
C6_213,1,wt,149.99999999999716,124.57845310153094,6.955453609908703,28.770224785911715,33.3218073995644,118.29007980645112,32.39619137532663,34.42311158014008,0.55,0.0,0.0013581225198820296,7.198441431376855,0.0,1.4511865330012268e-07,2.7582103268031233e-16,BDF,55885266c44ecbbfe86be622c6ebd08b77151ee6ef7dfd5c8bbc8d4250b58e50
C6_213,1,wt,199.99999999999432,124.57849349477075,6.955453947890111,28.76993661029377,33.32195035217142,118.28998037301702,32.396140329189436,34.42235681524503,0.55,0.0,0.0013581198854213375,7.19844203984743,0.0,4.7314069301337935e-08,1.4210854715202004e-14,BDF,55885266c44ecbbfe86be622c6ebd08b77151ee6ef7dfd5c8bbc8d4250b58e50
C6_213,1,ae2_knockout,0.0,118.7,5.6,28.7,25.0,120.0,50.0,10.0,0.05,0.0,0.0005314154767606833,6.910000000216041,0.0,0.003390423734345895,1.4210854715202004e-14,Radau,55885266c44ecbbfe86be622c6ebd08b77151ee6ef7dfd5c8bbc8d4250b58e50
C6_213,1,ae2_knockout,50.0,119.30620733108202,5.5723982529063,112.19776766737971,21.196286147354183,124.42072665152091,45.8910997048332,77.98305835459715,0.05,0.0,0.0004955001318216266,7.4740589785022555,0.0,0.00011163955624115748,1.0658141036401503e-14,Radau,55885266c44ecbbfe86be622c6ebd08b77151ee6ef7dfd5c8bbc8d4250b58e50
C6_213,1,ae2_knockout,100.0,119.15308656368734,5.5666177110990525,161.72134553894134,20.75925596468286,124.69561269988279,46.4177020895939,83.95258750587463,0.05,0.0,0.0004969339609930126,7.500607574391787,0.0,9.020283746514167e-05,1.2434497875801753e-14,Radau,55885266c44ecbbfe86be622c6ebd08b77151ee6ef7dfd5c8bbc8d4250b58e50
C6_213,1,ae2_knockout,100.0000001,119.1532428866543,5.566629022143966,161.7213456290464,20.7592559641696,124.69561166365246,46.41770105362443,83.95258751350514,0.55,0.0,0.0004971318525490206,7.500607573414591,0.0,0.15631102427090687,1.0658141036401503e-14,Radau,55885266c44ecbbfe86be622c6ebd08b77151ee6ef7dfd5c8bbc8d4250b58e50
C6_213,1,ae2_knockout,149.99999999999716,124.56333162971596,6.956567197979246,132.87247920414384,29.772078628111103,121.82355908705495,31.60491350815536,101.63101658624771,0.55,0.0,0.0013605619137107227,7.55973598461542,0.0,4.428330080628309e-06,7.105427357601002e-15,Radau,55885266c44ecbbfe86be622c6ebd08b77151ee6ef7dfd5c8bbc8d4250b58e50
C6_213,1,ae2_knockout,199.99999999999432,124.5664656069117,6.956596410578959,130.81587771371412,29.781812264674425,121.81720437575633,31.600718482235493,101.34995087886324,0.55,0.0,0.001360358164028336,7.558718531557423,0.0,3.8099057203372887e-06,1.4210854715202004e-14,Radau,55885266c44ecbbfe86be622c6ebd08b77151ee6ef7dfd5c8bbc8d4250b58e50
C7_213,1,ae4_knockout,0.0,118.7,5.6,28.7,25.0,120.0,50.0,10.0,0.05,0.0,0.0005314154767606833,6.910000000216041,0.0,0.0027096403272154363,1.4210854715202004e-14,BDF,55885266c44ecbbfe86be622c6ebd08b77151ee6ef7dfd5c8bbc8d4250b58e50
C7_213,1,ae4_knockout,50.0,118.67821255541007,5.56384986168932,60.042501715322416,21.47447494932945,123.48506518502992,48.3796325742343,55.95033944754428,0.05,0.0,0.0005104191180756151,7.360525811568973,0.0,1.5727683958401356e-05,1.4210854715202004e-14,BDF,55885266c44ecbbfe86be622c6ebd08b77151ee6ef7dfd5c8bbc8d4250b58e50
C7_213,1,ae4_knockout,100.0,118.59268696740394,5.56043248926294,64.15967747405041,21.215864828801944,123.65299038489225,48.683270544620036,58.16324858310311,0.05,0.0,0.0005111371706745183,7.374167015075932,0.0,3.821223296021636e-06,1.3877787807814457e-17,BDF,55885266c44ecbbfe86be622c6ebd08b77151ee6ef7dfd5c8bbc8d4250b58e50
C7_213,1,ae4_knockout,100.0000001,118.59282139400246,5.560442218433377,64.15967747697104,21.215864828801365,123.65298813817462,48.68326829696727,58.16324858599093,0.55,0.0,0.0005113089163143738,7.37416472859298,0.0,0.15940463191159138,2.842170943040401e-14,BDF,55885266c44ecbbfe86be622c6ebd08b77151ee6ef7dfd5c8bbc8d4250b58e50
C7_213,1,ae4_knockout,149.99999999999716,124.57845310153094,6.955453609908703,28.770224785911715,33.3218073995644,118.29007980645112,32.39619137532663,34.42311158014008,0.55,0.0,0.0013581225198820296,7.198441431376855,0.0,1.4511865330012268e-07,2.7582103268031233e-16,BDF,55885266c44ecbbfe86be622c6ebd08b77151ee6ef7dfd5c8bbc8d4250b58e50
C7_213,1,ae4_knockout,199.99999999999432,124.57849349477075,6.955453947890111,28.76993661029377,33.32195035217142,118.28998037301702,32.396140329189436,34.42235681524503,0.55,0.0,0.0013581198854213375,7.19844203984743,0.0,4.7314069301337935e-08,1.4210854715202004e-14,BDF,55885266c44ecbbfe86be622c6ebd08b77151ee6ef7dfd5c8bbc8d4250b58e50
C7_213,1,wt,0.0,118.7,5.6,28.7,25.0,120.0,50.0,10.0,0.05,0.0,0.0005314154767606833,6.910000000216041,0.0,0.0027096403272154363,1.4210854715202004e-14,BDF,55885266c44ecbbfe86be622c6ebd08b77151ee6ef7dfd5c8bbc8d4250b58e50
C7_213,1,wt,50.0,118.67821255541007,5.56384986168932,60.042501715322416,21.47447494932945,123.48506518502992,48.3796325742343,55.95033944754428,0.05,0.0,0.0005104191180756151,7.360525811568973,0.0,1.5727683958401356e-05,1.4210854715202004e-14,BDF,55885266c44ecbbfe86be622c6ebd08b77151ee6ef7dfd5c8bbc8d4250b58e50
C7_213,1,wt,100.0,118.59268696740394,5.56043248926294,64.15967747405041,21.215864828801944,123.65299038489225,48.683270544620036,58.16324858310311,0.05,0.0,0.0005111371706745183,7.374167015075932,0.0,3.821223296021636e-06,1.3877787807814457e-17,BDF,55885266c44ecbbfe86be622c6ebd08b77151ee6ef7dfd5c8bbc8d4250b58e50
C7_213,1,wt,100.0000001,118.59282139400246,5.560442218433377,64.15967747697104,21.215864828801365,123.65298813817462,48.68326829696727,58.16324858599093,0.55,0.0,0.0005113089163143738,7.37416472859298,0.0,0.15940463191159138,2.842170943040401e-14,BDF,55885266c44ecbbfe86be622c6ebd08b77151ee6ef7dfd5c8bbc8d4250b58e50
C7_213,1,wt,149.99999999999716,124.57845310153094,6.955453609908703,28.770224785911715,33.3218073995644,118.29007980645112,32.39619137532663,34.42311158014008,0.55,0.0,0.0013581225198820296,7.198441431376855,0.0,1.4511865330012268e-07,2.7582103268031233e-16,BDF,55885266c44ecbbfe86be622c6ebd08b77151ee6ef7dfd5c8bbc8d4250b58e50
C7_213,1,wt,199.99999999999432,124.57849349477075,6.955453947890111,28.76993661029377,33.32195035217142,118.28998037301702,32.396140329189436,34.42235681524503,0.55,0.0,0.0013581198854213375,7.19844203984743,0.0,4.7314069301337935e-08,1.4210854715202004e-14,BDF,55885266c44ecbbfe86be622c6ebd08b77151ee6ef7dfd5c8bbc8d4250b58e50
C7_213,1,ae2_knockout,0.0,118.7,5.6,28.7,25.0,120.0,50.0,10.0,0.05,0.0,0.0005314154767606833,6.910000000216041,0.0,0.003390423734345895,1.4210854715202004e-14,Radau,55885266c44ecbbfe86be622c6ebd08b77151ee6ef7dfd5c8bbc8d4250b58e50
C7_213,1,ae2_knockout,50.0,119.30620733108202,5.5723982529063,112.19776766737971,21.196286147354183,124.42072665152091,45.8910997048332,77.98305835459715,0.05,0.0,0.0004955001318216266,7.4740589785022555,0.0,0.00011163955624115748,1.0658141036401503e-14,Radau,55885266c44ecbbfe86be622c6ebd08b77151ee6ef7dfd5c8bbc8d4250b58e50
C7_213,1,ae2_knockout,100.0,119.15308656368734,5.5666177110990525,161.72134553894134,20.75925596468286,124.69561269988279,46.4177020895939,83.95258750587463,0.05,0.0,0.0004969339609930126,7.500607574391787,0.0,9.020283746514167e-05,1.2434497875801753e-14,Radau,55885266c44ecbbfe86be622c6ebd08b77151ee6ef7dfd5c8bbc8d4250b58e50
C7_213,1,ae2_knockout,100.0000001,119.1532428866543,5.566629022143966,161.7213456290464,20.7592559641696,124.69561166365246,46.41770105362443,83.95258751350514,0.55,0.0,0.0004971318525490206,7.500607573414591,0.0,0.15631102427090687,1.0658141036401503e-14,Radau,55885266c44ecbbfe86be622c6ebd08b77151ee6ef7dfd5c8bbc8d4250b58e50
C7_213,1,ae2_knockout,149.99999999999716,124.56333162971596,6.956567197979246,132.87247920414384,29.772078628111103,121.82355908705495,31.60491350815536,101.63101658624771,0.55,0.0,0.0013605619137107227,7.55973598461542,0.0,4.428330080628309e-06,7.105427357601002e-15,Radau,55885266c44ecbbfe86be622c6ebd08b77151ee6ef7dfd5c8bbc8d4250b58e50
C7_213,1,ae2_knockout,199.99999999999432,124.5664656069117,6.956596410578959,130.81587771371412,29.781812264674425,121.81720437575633,31.600718482235493,101.34995087886324,0.55,0.0,0.001360358164028336,7.558718531557423,0.0,3.8099057203372887e-06,1.4210854715202004e-14,Radau,55885266c44ecbbfe86be622c6ebd08b77151ee6ef7dfd5c8bbc8d4250b58e50
C8_213_MA,1,ae4_knockout,0.0,118.7,5.6,28.7,25.0,120.0,50.0,10.0,0.05,0.0,0.0005314154767606833,6.910000000216041,0.0,0.0027096403272154363,1.4210854715202004e-14,BDF,55885266c44ecbbfe86be622c6ebd08b77151ee6ef7dfd5c8bbc8d4250b58e50
C8_213_MA,1,ae4_knockout,50.0,118.67821255541007,5.56384986168932,60.042501715322416,21.47447494932945,123.48506518502992,48.3796325742343,55.95033944754428,0.05,0.0,0.0005104191180756151,7.360525811568973,0.0,1.5727683958401356e-05,1.4210854715202004e-14,BDF,55885266c44ecbbfe86be622c6ebd08b77151ee6ef7dfd5c8bbc8d4250b58e50
C8_213_MA,1,ae4_knockout,100.0,118.59268696740394,5.56043248926294,64.15967747405041,21.215864828801944,123.65299038489225,48.683270544620036,58.16324858310311,0.05,0.0,0.0005111371706745183,7.374167015075932,0.0,3.821223296021636e-06,1.3877787807814457e-17,BDF,55885266c44ecbbfe86be622c6ebd08b77151ee6ef7dfd5c8bbc8d4250b58e50
C8_213_MA,1,ae4_knockout,100.0000001,118.59282139400246,5.560442218433377,64.15967747697104,21.215864828801365,123.65298813817462,48.68326829696727,58.16324858599093,0.55,0.0,0.0005113089163143738,7.37416472859298,0.0,0.15940463191159138,2.842170943040401e-14,BDF,55885266c44ecbbfe86be622c6ebd08b77151ee6ef7dfd5c8bbc8d4250b58e50
C8_213_MA,1,ae4_knockout,149.99999999999716,124.57845310153094,6.955453609908703,28.770224785911715,33.3218073995644,118.29007980645112,32.39619137532663,34.42311158014008,0.55,0.0,0.0013581225198820296,7.198441431376855,0.0,1.4511865330012268e-07,2.7582103268031233e-16,BDF,55885266c44ecbbfe86be622c6ebd08b77151ee6ef7dfd5c8bbc8d4250b58e50
C8_213_MA,1,ae4_knockout,199.99999999999432,124.57849349477075,6.955453947890111,28.76993661029377,33.32195035217142,118.28998037301702,32.396140329189436,34.42235681524503,0.55,0.0,0.0013581198854213375,7.19844203984743,0.0,4.7314069301337935e-08,1.4210854715202004e-14,BDF,55885266c44ecbbfe86be622c6ebd08b77151ee6ef7dfd5c8bbc8d4250b58e50
C8_213_MA,1,wt,0.0,118.7,5.6,28.7,25.0,120.0,50.0,10.0,0.05,0.0,0.0005314154767606833,6.910000000216041,0.0,0.0027096403272154363,1.4210854715202004e-14,BDF,55885266c44ecbbfe86be622c6ebd08b77151ee6ef7dfd5c8bbc8d4250b58e50
C8_213_MA,1,wt,50.0,118.67821255541007,5.56384986168932,60.042501715322416,21.47447494932945,123.48506518502992,48.3796325742343,55.95033944754428,0.05,0.0,0.0005104191180756151,7.360525811568973,0.0,1.5727683958401356e-05,1.4210854715202004e-14,BDF,55885266c44ecbbfe86be622c6ebd08b77151ee6ef7dfd5c8bbc8d4250b58e50
C8_213_MA,1,wt,100.0,118.59268696740394,5.56043248926294,64.15967747405041,21.215864828801944,123.65299038489225,48.683270544620036,58.16324858310311,0.05,0.0,0.0005111371706745183,7.374167015075932,0.0,3.821223296021636e-06,1.3877787807814457e-17,BDF,55885266c44ecbbfe86be622c6ebd08b77151ee6ef7dfd5c8bbc8d4250b58e50
C8_213_MA,1,wt,100.0000001,118.59282139400246,5.560442218433377,64.15967747697104,21.215864828801365,123.65298813817462,48.68326829696727,58.16324858599093,0.55,0.0,0.0005113089163143738,7.37416472859298,0.0,0.15940463191159138,2.842170943040401e-14,BDF,55885266c44ecbbfe86be622c6ebd08b77151ee6ef7dfd5c8bbc8d4250b58e50
C8_213_MA,1,wt,149.99999999999716,124.57845310153094,6.955453609908703,28.770224785911715,33.3218073995644,118.29007980645112,32.39619137532663,34.42311158014008,0.55,0.0,0.0013581225198820296,7.198441431376855,0.0,1.4511865330012268e-07,2.7582103268031233e-16,BDF,55885266c44ecbbfe86be622c6ebd08b77151ee6ef7dfd5c8bbc8d4250b58e50
C8_213_MA,1,wt,199.99999999999432,124.57849349477075,6.955453947890111,28.76993661029377,33.32195035217142,118.28998037301702,32.396140329189436,34.42235681524503,0.55,0.0,0.0013581198854213375,7.19844203984743,0.0,4.7314069301337935e-08,1.4210854715202004e-14,BDF,55885266c44ecbbfe86be622c6ebd08b77151ee6ef7dfd5c8bbc8d4250b58e50
C8_213_MA,1,ae2_knockout,0.0,118.7,5.6,28.7,25.0,120.0,50.0,10.0,0.05,0.0,0.0005314154767606833,6.910000000216041,0.0,0.003390423734345895,1.4210854715202004e-14,Radau,55885266c44ecbbfe86be622c6ebd08b77151ee6ef7dfd5c8bbc8d4250b58e50
C8_213_MA,1,ae2_knockout,50.0,119.30620733108202,5.5723982529063,112.19776766737971,21.196286147354183,124.42072665152091,45.8910997048332,77.98305835459715,0.05,0.0,0.0004955001318216266,7.4740589785022555,0.0,0.00011163955624115748,1.0658141036401503e-14,Radau,55885266c44ecbbfe86be622c6ebd08b77151ee6ef7dfd5c8bbc8d4250b58e50
C8_213_MA,1,ae2_knockout,100.0,119.15308656368734,5.5666177110990525,161.72134553894134,20.75925596468286,124.69561269988279,46.4177020895939,83.95258750587463,0.05,0.0,0.0004969339609930126,7.500607574391787,0.0,9.020283746514167e-05,1.2434497875801753e-14,Radau,55885266c44ecbbfe86be622c6ebd08b77151ee6ef7dfd5c8bbc8d4250b58e50
C8_213_MA,1,ae2_knockout,100.0000001,119.1532428866543,5.566629022143966,161.7213456290464,20.7592559641696,124.69561166365246,46.41770105362443,83.95258751350514,0.55,0.0,0.0004971318525490206,7.500607573414591,0.0,0.15631102427090687,1.0658141036401503e-14,Radau,55885266c44ecbbfe86be622c6ebd08b77151ee6ef7dfd5c8bbc8d4250b58e50
C8_213_MA,1,ae2_knockout,149.99999999999716,124.56333162971596,6.956567197979246,132.87247920414384,29.772078628111103,121.82355908705495,31.60491350815536,101.63101658624771,0.55,0.0,0.0013605619137107227,7.55973598461542,0.0,4.428330080628309e-06,7.105427357601002e-15,Radau,55885266c44ecbbfe86be622c6ebd08b77151ee6ef7dfd5c8bbc8d4250b58e50
C8_213_MA,1,ae2_knockout,199.99999999999432,124.5664656069117,6.956596410578959,130.81587771371412,29.781812264674425,121.81720437575633,31.600718482235493,101.34995087886324,0.55,0.0,0.001360358164028336,7.558718531557423,0.0,3.8099057203372887e-06,1.4210854715202004e-14,Radau,55885266c44ecbbfe86be622c6ebd08b77151ee6ef7dfd5c8bbc8d4250b58e50
C8_213_SAT,1,ae4_knockout,0.0,118.7,5.6,28.7,25.0,120.0,50.0,10.0,0.05,0.0,0.0005314154767606833,6.910000000216041,0.0,0.0027096403272154363,1.4210854715202004e-14,BDF,55885266c44ecbbfe86be622c6ebd08b77151ee6ef7dfd5c8bbc8d4250b58e50
C8_213_SAT,1,ae4_knockout,50.0,118.67821255541007,5.56384986168932,60.042501715322416,21.47447494932945,123.48506518502992,48.3796325742343,55.95033944754428,0.05,0.0,0.0005104191180756151,7.360525811568973,0.0,1.5727683958401356e-05,1.4210854715202004e-14,BDF,55885266c44ecbbfe86be622c6ebd08b77151ee6ef7dfd5c8bbc8d4250b58e50
C8_213_SAT,1,ae4_knockout,100.0,118.59268696740394,5.56043248926294,64.15967747405041,21.215864828801944,123.65299038489225,48.683270544620036,58.16324858310311,0.05,0.0,0.0005111371706745183,7.374167015075932,0.0,3.821223296021636e-06,1.3877787807814457e-17,BDF,55885266c44ecbbfe86be622c6ebd08b77151ee6ef7dfd5c8bbc8d4250b58e50
C8_213_SAT,1,ae4_knockout,100.0000001,118.59282139400246,5.560442218433377,64.15967747697104,21.215864828801365,123.65298813817462,48.68326829696727,58.16324858599093,0.55,0.0,0.0005113089163143738,7.37416472859298,0.0,0.15940463191159138,2.842170943040401e-14,BDF,55885266c44ecbbfe86be622c6ebd08b77151ee6ef7dfd5c8bbc8d4250b58e50
C8_213_SAT,1,ae4_knockout,149.99999999999716,124.57845310153094,6.955453609908703,28.770224785911715,33.3218073995644,118.29007980645112,32.39619137532663,34.42311158014008,0.55,0.0,0.0013581225198820296,7.198441431376855,0.0,1.4511865330012268e-07,2.7582103268031233e-16,BDF,55885266c44ecbbfe86be622c6ebd08b77151ee6ef7dfd5c8bbc8d4250b58e50
C8_213_SAT,1,ae4_knockout,199.99999999999432,124.57849349477075,6.955453947890111,28.76993661029377,33.32195035217142,118.28998037301702,32.396140329189436,34.42235681524503,0.55,0.0,0.0013581198854213375,7.19844203984743,0.0,4.7314069301337935e-08,1.4210854715202004e-14,BDF,55885266c44ecbbfe86be622c6ebd08b77151ee6ef7dfd5c8bbc8d4250b58e50
C8_213_SAT,1,wt,0.0,118.7,5.6,28.7,25.0,120.0,50.0,10.0,0.05,0.0,0.0005314154767606833,6.910000000216041,0.0,0.0027096403272154363,1.4210854715202004e-14,BDF,55885266c44ecbbfe86be622c6ebd08b77151ee6ef7dfd5c8bbc8d4250b58e50
C8_213_SAT,1,wt,50.0,118.67821255541007,5.56384986168932,60.042501715322416,21.47447494932945,123.48506518502992,48.3796325742343,55.95033944754428,0.05,0.0,0.0005104191180756151,7.360525811568973,0.0,1.5727683958401356e-05,1.4210854715202004e-14,BDF,55885266c44ecbbfe86be622c6ebd08b77151ee6ef7dfd5c8bbc8d4250b58e50
C8_213_SAT,1,wt,100.0,118.59268696740394,5.56043248926294,64.15967747405041,21.215864828801944,123.65299038489225,48.683270544620036,58.16324858310311,0.05,0.0,0.0005111371706745183,7.374167015075932,0.0,3.821223296021636e-06,1.3877787807814457e-17,BDF,55885266c44ecbbfe86be622c6ebd08b77151ee6ef7dfd5c8bbc8d4250b58e50
C8_213_SAT,1,wt,100.0000001,118.59282139400246,5.560442218433377,64.15967747697104,21.215864828801365,123.65298813817462,48.68326829696727,58.16324858599093,0.55,0.0,0.0005113089163143738,7.37416472859298,0.0,0.15940463191159138,2.842170943040401e-14,BDF,55885266c44ecbbfe86be622c6ebd08b77151ee6ef7dfd5c8bbc8d4250b58e50
C8_213_SAT,1,wt,149.99999999999716,124.57845310153094,6.955453609908703,28.770224785911715,33.3218073995644,118.29007980645112,32.39619137532663,34.42311158014008,0.55,0.0,0.0013581225198820296,7.198441431376855,0.0,1.4511865330012268e-07,2.7582103268031233e-16,BDF,55885266c44ecbbfe86be622c6ebd08b77151ee6ef7dfd5c8bbc8d4250b58e50
C8_213_SAT,1,wt,199.99999999999432,124.57849349477075,6.955453947890111,28.76993661029377,33.32195035217142,118.28998037301702,32.396140329189436,34.42235681524503,0.55,0.0,0.0013581198854213375,7.19844203984743,0.0,4.7314069301337935e-08,1.4210854715202004e-14,BDF,55885266c44ecbbfe86be622c6ebd08b77151ee6ef7dfd5c8bbc8d4250b58e50
C8_213_SAT,1,ae2_knockout,0.0,118.7,5.6,28.7,25.0,120.0,50.0,10.0,0.05,0.0,0.0005314154767606833,6.910000000216041,0.0,0.003390423734345895,1.4210854715202004e-14,Radau,55885266c44ecbbfe86be622c6ebd08b77151ee6ef7dfd5c8bbc8d4250b58e50
C8_213_SAT,1,ae2_knockout,50.0,119.30620733108202,5.5723982529063,112.19776766737971,21.196286147354183,124.42072665152091,45.8910997048332,77.98305835459715,0.05,0.0,0.0004955001318216266,7.4740589785022555,0.0,0.00011163955624115748,1.0658141036401503e-14,Radau,55885266c44ecbbfe86be622c6ebd08b77151ee6ef7dfd5c8bbc8d4250b58e50
C8_213_SAT,1,ae2_knockout,100.0,119.15308656368734,5.5666177110990525,161.72134553894134,20.75925596468286,124.69561269988279,46.4177020895939,83.95258750587463,0.05,0.0,0.0004969339609930126,7.500607574391787,0.0,9.020283746514167e-05,1.2434497875801753e-14,Radau,55885266c44ecbbfe86be622c6ebd08b77151ee6ef7dfd5c8bbc8d4250b58e50
C8_213_SAT,1,ae2_knockout,100.0000001,119.1532428866543,5.566629022143966,161.7213456290464,20.7592559641696,124.69561166365246,46.41770105362443,83.95258751350514,0.55,0.0,0.0004971318525490206,7.500607573414591,0.0,0.15631102427090687,1.0658141036401503e-14,Radau,55885266c44ecbbfe86be622c6ebd08b77151ee6ef7dfd5c8bbc8d4250b58e50
C8_213_SAT,1,ae2_knockout,149.99999999999716,124.56333162971596,6.956567197979246,132.87247920414384,29.772078628111103,121.82355908705495,31.60491350815536,101.63101658624771,0.55,0.0,0.0013605619137107227,7.55973598461542,0.0,4.428330080628309e-06,7.105427357601002e-15,Radau,55885266c44ecbbfe86be622c6ebd08b77151ee6ef7dfd5c8bbc8d4250b58e50
C8_213_SAT,1,ae2_knockout,199.99999999999432,124.5664656069117,6.956596410578959,130.81587771371412,29.781812264674425,121.81720437575633,31.600718482235493,101.34995087886324,0.55,0.0,0.001360358164028336,7.558718531557423,0.0,3.8099057203372887e-06,1.4210854715202004e-14,Radau,55885266c44ecbbfe86be622c6ebd08b77151ee6ef7dfd5c8bbc8d4250b58e50
R2_0011_C3_fNa1_Keq1_sat1_B21,2,ae4_knockout,0.0,118.7,5.6,28.7,25.0,120.0,50.0,10.0,0.05,0.0,0.0005314154767606833,6.910000000216041,0.0,0.0027096403272154363,1.4210854715202004e-14,BDF,55885266c44ecbbfe86be622c6ebd08b77151ee6ef7dfd5c8bbc8d4250b58e50
R2_0011_C3_fNa1_Keq1_sat1_B21,2,ae4_knockout,50.0,118.67821255541007,5.56384986168932,60.042501715322416,21.47447494932945,123.48506518502992,48.3796325742343,55.95033944754428,0.05,0.0,0.0005104191180756151,7.360525811568973,0.0,1.5727683958401356e-05,1.4210854715202004e-14,BDF,55885266c44ecbbfe86be622c6ebd08b77151ee6ef7dfd5c8bbc8d4250b58e50
R2_0011_C3_fNa1_Keq1_sat1_B21,2,ae4_knockout,100.0,118.59268696740394,5.56043248926294,64.15967747405041,21.215864828801944,123.65299038489225,48.683270544620036,58.16324858310311,0.05,0.0,0.0005111371706745183,7.374167015075932,0.0,3.821223296021636e-06,1.3877787807814457e-17,BDF,55885266c44ecbbfe86be622c6ebd08b77151ee6ef7dfd5c8bbc8d4250b58e50
R2_0011_C3_fNa1_Keq1_sat1_B21,2,ae4_knockout,100.0000001,118.59282139400246,5.560442218433377,64.15967747697104,21.215864828801365,123.65298813817462,48.68326829696727,58.16324858599093,0.55,0.0,0.0005113089163143738,7.37416472859298,0.0,0.15940463191159138,2.842170943040401e-14,BDF,55885266c44ecbbfe86be622c6ebd08b77151ee6ef7dfd5c8bbc8d4250b58e50
R2_0011_C3_fNa1_Keq1_sat1_B21,2,ae4_knockout,149.99999999999716,124.57845310153094,6.955453609908703,28.770224785911715,33.3218073995644,118.29007980645112,32.39619137532663,34.42311158014008,0.55,0.0,0.0013581225198820296,7.198441431376855,0.0,1.4511865330012268e-07,2.7582103268031233e-16,BDF,55885266c44ecbbfe86be622c6ebd08b77151ee6ef7dfd5c8bbc8d4250b58e50
R2_0011_C3_fNa1_Keq1_sat1_B21,2,ae4_knockout,199.99999999999432,124.57849349477075,6.955453947890111,28.76993661029377,33.32195035217142,118.28998037301702,32.396140329189436,34.42235681524503,0.55,0.0,0.0013581198854213375,7.19844203984743,0.0,4.7314069301337935e-08,1.4210854715202004e-14,BDF,55885266c44ecbbfe86be622c6ebd08b77151ee6ef7dfd5c8bbc8d4250b58e50
R2_0011_C3_fNa1_Keq1_sat1_B21,2,wt,0.0,118.7,5.6,28.7,25.0,120.0,50.0,10.0,0.05,0.0,0.0005314154767606833,6.910000000216041,0.03888333867648,1.7811796691023916e-12,1.4210854715202004e-14,Radau,55885266c44ecbbfe86be622c6ebd08b77151ee6ef7dfd5c8bbc8d4250b58e50
R2_0011_C3_fNa1_Keq1_sat1_B21,2,wt,50.0,118.70000000342047,5.600000000265281,28.700000004063398,25.000000015001266,119.99999998869318,50.000000001280945,10.000000014408968,0.05,0.0,0.0005314154768462224,6.910000137920159,0.03888333881297142,1.1470615105198914e-09,1.4210854715202004e-14,Radau,55885266c44ecbbfe86be622c6ebd08b77151ee6ef7dfd5c8bbc8d4250b58e50
R2_0011_C3_fNa1_Keq1_sat1_B21,2,wt,100.0,118.69999999983386,5.599999999791721,28.699999989453687,24.999999981956663,120.00000001778776,49.99999998936597,9.999999978962283,0.05,0.0,0.000531415476811092,6.910000640678516,0.038883338483304344,5.26870224812707e-09,6.071532165918825e-17,Radau,55885266c44ecbbfe86be622c6ebd08b77151ee6ef7dfd5c8bbc8d4250b58e50
R2_0011_C3_fNa1_Keq1_sat1_B21,2,wt,100.0000001,118.70015663297656,5.600011333275421,28.699999989352666,24.999999982039956,119.99999416527186,49.99999413660418,9.999999979001267,0.55,0.0,0.0005316193385261717,6.910000608923755,0.03888333852118825,0.1566208808413721,2.842170943040401e-14,Radau,55885266c44ecbbfe86be622c6ebd08b77151ee6ef7dfd5c8bbc8d4250b58e50
R2_0011_C3_fNa1_Keq1_sat1_B21,2,wt,149.99999999999716,124.5912731386037,6.957773550415687,22.0838356073534,36.62563049943793,115.00001618639664,33.360518612438725,7.799695652263236,0.55,0.0,0.0013598454517219137,6.855384516934855,0.034726519154662565,2.8746118054779177e-10,1.5404344466674047e-15,Radau,55885266c44ecbbfe86be622c6ebd08b77151ee6ef7dfd5c8bbc8d4250b58e50
R2_0011_C3_fNa1_Keq1_sat1_B21,2,wt,199.99999999999432,124.59127313864057,6.957773550418495,22.083835607344554,36.625630499433896,115.00001618643716,33.36051861242758,7.799695652272333,0.55,0.0,0.0013598454517200049,6.855384499151444,0.034726519154740274,8.33048172231878e-11,8.72565908416334e-16,Radau,55885266c44ecbbfe86be622c6ebd08b77151ee6ef7dfd5c8bbc8d4250b58e50
R2_0011_C3_fNa1_Keq1_sat1_B21,2,ae2_knockout,0.0,118.7,5.6,28.7,25.0,120.0,50.0,10.0,0.05,0.0,0.0005314154767606833,6.910000000216041,0.03888333867648,0.0006807834084587871,1.4210854715202004e-14,Radau,55885266c44ecbbfe86be622c6ebd08b77151ee6ef7dfd5c8bbc8d4250b58e50
R2_0011_C3_fNa1_Keq1_sat1_B21,2,ae2_knockout,50.0,118.65216978017494,5.585634670245459,28.92891340729364,23.803910604925846,121.13924920869994,49.438234970858694,11.17752137035164,0.05,0.0,0.0005243076927759343,6.932678139519379,0.04631969408468807,1.2368096314700852e-09,2.3852447794681098e-17,Radau,55885266c44ecbbfe86be622c6ebd08b77151ee6ef7dfd5c8bbc8d4250b58e50
R2_0011_C3_fNa1_Keq1_sat1_B21,2,ae2_knockout,100.0,118.6521697801555,5.585634670244018,28.928913407282455,23.803910604826466,121.13924920877601,49.43823497087248,11.177521370250298,0.05,0.0,0.0005243076928118866,6.932678257279406,0.04631969408364764,3.023718632296576e-10,1.4210854715202004e-14,Radau,55885266c44ecbbfe86be622c6ebd08b77151ee6ef7dfd5c8bbc8d4250b58e50
R2_0011_C3_fNa1_Keq1_sat1_B21,2,ae2_knockout,100.0000001,118.65232713611768,5.58564605602969,28.928913407180996,23.803910604910698,121.139243375781,49.43822913762646,11.177521370289258,0.55,0.0,0.000524512441391854,6.932678259287881,0.04631969412146051,0.1573436523532928,6.938893903907228e-16,Radau,55885266c44ecbbfe86be622c6ebd08b77151ee6ef7dfd5c8bbc8d4250b58e50
R2_0011_C3_fNa1_Keq1_sat1_B21,2,ae2_knockout,149.99999999999716,124.58099116465723,6.955907447713283,22.30112446274308,34.350397073954426,117.2641586332137,32.68014436317384,9.54527821483639,0.55,0.0,0.0013584571542482767,6.892251400907314,0.04886937585315527,1.4309977326144737e-08,6.29704621779581e-16,Radau,55885266c44ecbbfe86be622c6ebd08b77151ee6ef7dfd5c8bbc8d4250b58e50
R2_0011_C3_fNa1_Keq1_sat1_B21,2,ae2_knockout,199.99999999999432,124.58099116419088,6.955907447706341,22.301124462728758,34.35039707274407,117.26415863408714,32.680144362926356,9.545278214200135,0.55,0.0,0.0013584571545938433,6.892253015890407,0.048869375844884745,3.223763566546956e-09,1.033895191682177e-15,Radau,55885266c44ecbbfe86be622c6ebd08b77151ee6ef7dfd5c8bbc8d4250b58e50
R2_0042_C5_fNa1_Keq100_sat1_B21,2,ae4_knockout,0.0,118.7,5.6,28.7,25.0,120.0,50.0,10.0,0.05,0.0,0.0005314154767606833,6.910000000216041,0.0,0.0027096403272154363,1.4210854715202004e-14,BDF,55885266c44ecbbfe86be622c6ebd08b77151ee6ef7dfd5c8bbc8d4250b58e50
R2_0042_C5_fNa1_Keq100_sat1_B21,2,ae4_knockout,50.0,118.67821255541007,5.56384986168932,60.042501715322416,21.47447494932945,123.48506518502992,48.3796325742343,55.95033944754428,0.05,0.0,0.0005104191180756151,7.360525811568973,0.0,1.5727683958401356e-05,1.4210854715202004e-14,BDF,55885266c44ecbbfe86be622c6ebd08b77151ee6ef7dfd5c8bbc8d4250b58e50
R2_0042_C5_fNa1_Keq100_sat1_B21,2,ae4_knockout,100.0,118.59268696740394,5.56043248926294,64.15967747405041,21.215864828801944,123.65299038489225,48.683270544620036,58.16324858310311,0.05,0.0,0.0005111371706745183,7.374167015075932,0.0,3.821223296021636e-06,1.3877787807814457e-17,BDF,55885266c44ecbbfe86be622c6ebd08b77151ee6ef7dfd5c8bbc8d4250b58e50
R2_0042_C5_fNa1_Keq100_sat1_B21,2,ae4_knockout,100.0000001,118.59282139400246,5.560442218433377,64.15967747697104,21.215864828801365,123.65298813817462,48.68326829696727,58.16324858599093,0.55,0.0,0.0005113089163143738,7.37416472859298,0.0,0.15940463191159138,2.842170943040401e-14,BDF,55885266c44ecbbfe86be622c6ebd08b77151ee6ef7dfd5c8bbc8d4250b58e50
R2_0042_C5_fNa1_Keq100_sat1_B21,2,ae4_knockout,149.99999999999716,124.57845310153094,6.955453609908703,28.770224785911715,33.3218073995644,118.29007980645112,32.39619137532663,34.42311158014008,0.55,0.0,0.0013581225198820296,7.198441431376855,0.0,1.4511865330012268e-07,2.7582103268031233e-16,BDF,55885266c44ecbbfe86be622c6ebd08b77151ee6ef7dfd5c8bbc8d4250b58e50
R2_0042_C5_fNa1_Keq100_sat1_B21,2,ae4_knockout,199.99999999999432,124.57849349477075,6.955453947890111,28.76993661029377,33.32195035217142,118.28998037301702,32.396140329189436,34.42235681524503,0.55,0.0,0.0013581198854213375,7.19844203984743,0.0,4.7314069301337935e-08,1.4210854715202004e-14,BDF,55885266c44ecbbfe86be622c6ebd08b77151ee6ef7dfd5c8bbc8d4250b58e50
R2_0042_C5_fNa1_Keq100_sat1_B21,2,wt,0.0,118.7,5.6,28.7,25.0,120.0,50.0,10.0,0.05,0.0,0.0005314154767606833,6.910000000216041,0.03888333867647998,1.7811789437824714e-12,1.4210854715202004e-14,Radau,55885266c44ecbbfe86be622c6ebd08b77151ee6ef7dfd5c8bbc8d4250b58e50
R2_0042_C5_fNa1_Keq100_sat1_B21,2,wt,50.0,118.70000000027781,5.5999999999937256,28.699999999007357,24.999999998721982,120.00000000156254,49.99999999863238,9.999999998715936,0.05,0.0,0.0005314154767457102,6.909999987273361,0.03888333866158435,1.0595671472405105e-10,1.4210854715202004e-14,Radau,55885266c44ecbbfe86be622c6ebd08b77151ee6ef7dfd5c8bbc8d4250b58e50
R2_0042_C5_fNa1_Keq100_sat1_B21,2,wt,100.0,118.7000000002286,5.599999999999953,28.69999999943698,24.999999999322533,120.00000000090694,49.99999999922804,9.999999999356366,0.05,0.0,0.0005314154767390583,6.909999921155335,0.03888333866891644,6.505833284833958e-10,4.7704895589362195e-17,Radau,55885266c44ecbbfe86be622c6ebd08b77151ee6ef7dfd5c8bbc8d4250b58e50
R2_0042_C5_fNa1_Keq100_sat1_B21,2,wt,100.0000001,118.70015663337131,5.6000113334836525,28.699999999335958,24.99999999941159,119.99999414839104,49.999994146466264,9.999999999390997,0.55,0.0,0.0005316193384582672,6.909999925068238,0.03888333929321307,0.15662088085454748,1.2906342661267445e-15,Radau,55885266c44ecbbfe86be622c6ebd08b77151ee6ef7dfd5c8bbc8d4250b58e50
R2_0042_C5_fNa1_Keq100_sat1_B21,2,wt,149.99999999999716,124.59268400106393,6.958029515589917,21.926732974795684,36.87332473365234,114.75383854790316,33.43835703424854,6.9319064207696295,0.55,0.0,0.0013600359387543305,6.836262361021127,0.037198923949165845,4.1837188881900934e-10,2.0816681711721685e-16,Radau,55885266c44ecbbfe86be622c6ebd08b77151ee6ef7dfd5c8bbc8d4250b58e50
R2_0042_C5_fNa1_Keq100_sat1_B21,2,wt,199.99999999999432,124.5926840042837,6.958029515735864,21.926732971128697,36.87332471654434,114.75383856849727,33.43835702822199,6.931906411685673,0.55,0.0,0.0013600359386533828,6.836262331896841,0.03719892380751757,6.05959315102378e-11,2.842170943040401e-14,Radau,55885266c44ecbbfe86be622c6ebd08b77151ee6ef7dfd5c8bbc8d4250b58e50
R2_0042_C5_fNa1_Keq100_sat1_B21,2,ae2_knockout,0.0,118.7,5.6,28.7,25.0,120.0,50.0,10.0,0.05,0.0,0.0005314154767606833,6.910000000216041,0.03888333867647998,0.0006807834084587886,1.4210854715202004e-14,Radau,55885266c44ecbbfe86be622c6ebd08b77151ee6ef7dfd5c8bbc8d4250b58e50
R2_0042_C5_fNa1_Keq100_sat1_B21,2,ae2_knockout,50.0,118.65173075534877,5.585502468500104,28.947692293783355,23.792307224539115,121.150330794387,49.433587180009724,11.23635185995589,0.05,0.0,0.0005242424119061249,6.933718423407667,0.04620348863969384,1.3100323024666475e-10,2.3418766925686896e-17,Radau,55885266c44ecbbfe86be622c6ebd08b77151ee6ef7dfd5c8bbc8d4250b58e50
R2_0042_C5_fNa1_Keq100_sat1_B21,2,ae2_knockout,100.0,118.65173075362236,5.585502468569759,28.94769230033288,23.792307236798898,121.15033078036022,49.43358718850561,11.236351868764169,0.05,0.0,0.0005242424120052426,6.933718407990097,0.046203488762339165,1.774918430988249e-11,1.3010426069826053e-17,Radau,55885266c44ecbbfe86be622c6ebd08b77151ee6ef7dfd5c8bbc8d4250b58e50
R2_0042_C5_fNa1_Keq100_sat1_B21,2,ae2_knockout,100.0000001,118.65188811752998,5.585513854930342,28.947692300231417,23.792307236882717,121.1503249508549,49.43358135874938,11.236351868803547,0.55,0.0,0.000524447166538847,6.933718407937116,0.046203489362830946,0.15735159749913064,1.4210854715202004e-14,Radau,55885266c44ecbbfe86be622c6ebd08b77151ee6ef7dfd5c8bbc8d4250b58e50
R2_0042_C5_fNa1_Keq100_sat1_B21,2,ae2_knockout,149.99999999999716,124.58184972638783,6.956063317505482,22.096711373682425,34.60527105976935,117.01020465321949,32.752968159327814,8.461438657462725,0.55,0.0,0.0013585730854349417,6.870676322018169,0.05147549871688478,2.898535100890464e-08,2.842170943040401e-14,Radau,55885266c44ecbbfe86be622c6ebd08b77151ee6ef7dfd5c8bbc8d4250b58e50
R2_0042_C5_fNa1_Keq100_sat1_B21,2,ae2_knockout,199.99999999999432,124.58184972441312,6.956063317097653,22.09671137082471,34.60527107512105,117.01020463667132,32.75296815100296,8.461438649606492,0.55,0.0,0.0013585730847898204,6.870678600696198,0.05147549865636896,3.3252000223767547e-09,1.4210854715202004e-14,Radau,55885266c44ecbbfe86be622c6ebd08b77151ee6ef7dfd5c8bbc8d4250b58e50
R2_0072_C6_112_fNa1_Keq100_sat1_B21,2,ae4_knockout,0.0,118.7,5.6,28.7,25.0,120.0,50.0,10.0,0.05,0.0,0.0005314154767606833,6.910000000216041,0.0,0.0027096403272154363,1.4210854715202004e-14,BDF,55885266c44ecbbfe86be622c6ebd08b77151ee6ef7dfd5c8bbc8d4250b58e50
R2_0072_C6_112_fNa1_Keq100_sat1_B21,2,ae4_knockout,50.0,118.67821255541007,5.56384986168932,60.042501715322416,21.47447494932945,123.48506518502992,48.3796325742343,55.95033944754428,0.05,0.0,0.0005104191180756151,7.360525811568973,0.0,1.5727683958401356e-05,1.4210854715202004e-14,BDF,55885266c44ecbbfe86be622c6ebd08b77151ee6ef7dfd5c8bbc8d4250b58e50
R2_0072_C6_112_fNa1_Keq100_sat1_B21,2,ae4_knockout,100.0,118.59268696740394,5.56043248926294,64.15967747405041,21.215864828801944,123.65299038489225,48.683270544620036,58.16324858310311,0.05,0.0,0.0005111371706745183,7.374167015075932,0.0,3.821223296021636e-06,1.3877787807814457e-17,BDF,55885266c44ecbbfe86be622c6ebd08b77151ee6ef7dfd5c8bbc8d4250b58e50
R2_0072_C6_112_fNa1_Keq100_sat1_B21,2,ae4_knockout,100.0000001,118.59282139400246,5.560442218433377,64.15967747697104,21.215864828801365,123.65298813817462,48.68326829696727,58.16324858599093,0.55,0.0,0.0005113089163143738,7.37416472859298,0.0,0.15940463191159138,2.842170943040401e-14,BDF,55885266c44ecbbfe86be622c6ebd08b77151ee6ef7dfd5c8bbc8d4250b58e50
R2_0072_C6_112_fNa1_Keq100_sat1_B21,2,ae4_knockout,149.99999999999716,124.57845310153094,6.955453609908703,28.770224785911715,33.3218073995644,118.29007980645112,32.39619137532663,34.42311158014008,0.55,0.0,0.0013581225198820296,7.198441431376855,0.0,1.4511865330012268e-07,2.7582103268031233e-16,BDF,55885266c44ecbbfe86be622c6ebd08b77151ee6ef7dfd5c8bbc8d4250b58e50
R2_0072_C6_112_fNa1_Keq100_sat1_B21,2,ae4_knockout,199.99999999999432,124.57849349477075,6.955453947890111,28.76993661029377,33.32195035217142,118.28998037301702,32.396140329189436,34.42235681524503,0.55,0.0,0.0013581198854213375,7.19844203984743,0.0,4.7314069301337935e-08,1.4210854715202004e-14,BDF,55885266c44ecbbfe86be622c6ebd08b77151ee6ef7dfd5c8bbc8d4250b58e50
R2_0072_C6_112_fNa1_Keq100_sat1_B21,2,wt,0.0,118.7,5.6,28.7,25.0,120.0,50.0,10.0,0.05,0.0,0.0005314154767606833,6.910000000216041,0.03888333867647999,1.781179185555778e-12,1.4210854715202004e-14,Radau,55885266c44ecbbfe86be622c6ebd08b77151ee6ef7dfd5c8bbc8d4250b58e50
R2_0072_C6_112_fNa1_Keq100_sat1_B21,2,wt,50.0,118.69999999948273,5.599999999872208,28.699999995120834,24.999999989790158,120.00000000962557,49.99999999511279,9.999999989876752,0.05,0.0,0.0005314154766548604,6.909999914383004,0.0388833385694314,7.133438833492793e-10,3.469446951953614e-17,Radau,55885266c44ecbbfe86be622c6ebd08b77151ee6ef7dfd5c8bbc8d4250b58e50
R2_0072_C6_112_fNa1_Keq100_sat1_B21,2,wt,100.0,118.7000000002484,5.600000000005604,28.699999999618008,24.999999999794277,120.00000000046808,49.99999999944618,9.999999999686437,0.05,0.0,0.0005314154767530403,6.909999994597513,0.038883338673402545,4.4739493546116573e-11,1.4210854715202004e-14,Radau,55885266c44ecbbfe86be622c6ebd08b77151ee6ef7dfd5c8bbc8d4250b58e50
R2_0072_C6_112_fNa1_Keq100_sat1_B21,2,wt,100.0000001,118.7001566333911,5.600011333489304,28.699999999516987,24.99999999988274,119.99999414795218,49.99999414668441,9.99999999972151,0.55,0.0,0.0005316193384718127,6.909999994898505,0.03888333929760258,0.15662088085298326,1.2906342661267445e-15,Radau,55885266c44ecbbfe86be622c6ebd08b77151ee6ef7dfd5c8bbc8d4250b58e50
R2_0072_C6_112_fNa1_Keq100_sat1_B21,2,wt,149.99999999999716,124.59141124378932,6.957798607178628,22.06743200688208,36.65023087401133,114.97556426130656,33.36821922028986,7.7100306581689475,0.55,0.0,0.0013598640980132866,6.853457830062817,0.03497293528255774,8.473171253016946e-09,2.842170943040401e-14,Radau,55885266c44ecbbfe86be622c6ebd08b77151ee6ef7dfd5c8bbc8d4250b58e50
R2_0072_C6_112_fNa1_Keq100_sat1_B21,2,wt,199.99999999999432,124.5914112427495,6.957798607000574,22.067431991212167,36.65023080420482,114.97556433111414,33.368219201831586,7.710030596667274,0.55,0.0,0.0013598640981737353,6.85346236099038,0.03497293459646043,4.3644113514552805e-08,1.4210854715202004e-14,Radau,55885266c44ecbbfe86be622c6ebd08b77151ee6ef7dfd5c8bbc8d4250b58e50
R2_0072_C6_112_fNa1_Keq100_sat1_B21,2,ae2_knockout,0.0,118.7,5.6,28.7,25.0,120.0,50.0,10.0,0.05,0.0,0.0005314154767606833,6.910000000216041,0.03888333867647999,0.0006807834084587881,1.4210854715202004e-14,Radau,55885266c44ecbbfe86be622c6ebd08b77151ee6ef7dfd5c8bbc8d4250b58e50
R2_0072_C6_112_fNa1_Keq100_sat1_B21,2,ae2_knockout,50.0,118.6528608370567,5.585842753276829,28.899623861402564,23.822148655077083,121.12183248997272,49.445571564997365,11.085541257012366,0.05,0.0,0.0005244104474117394,6.931041937523483,0.04650239729397347,3.2240960062473886e-08,1.4210854715202004e-14,Radau,55885266c44ecbbfe86be622c6ebd08b77151ee6ef7dfd5c8bbc8d4250b58e50
R2_0072_C6_112_fNa1_Keq100_sat1_B21,2,ae2_knockout,100.0,118.65286086193007,5.585842750622849,28.899623692123914,23.822148306241406,121.12183286369671,49.445571382666934,11.085540967355511,0.05,0.0,0.0005244104472122339,6.9310509384460675,0.04650239384977308,3.9171900456717184e-08,1.4210854715202004e-14,Radau,55885266c44ecbbfe86be622c6ebd08b77151ee6ef7dfd5c8bbc8d4250b58e50
R2_0072_C6_112_fNa1_Keq100_sat1_B21,2,ae2_knockout,100.0000001,118.65301820544009,5.585854135507519,28.899623692022463,23.822148306287342,121.12182702525196,49.44556554397103,11.0855409674257,0.55,0.0,0.0005246151864095017,6.931050681164434,0.046502394472762956,0.15733120069036885,1.4210854715202004e-14,Radau,55885266c44ecbbfe86be622c6ebd08b77151ee6ef7dfd5c8bbc8d4250b58e50
R2_0072_C6_112_fNa1_Keq100_sat1_B21,2,ae2_knockout,149.99999999999716,124.5811540768404,6.955937025256003,22.258639007738893,34.40083027285657,117.21389995541563,32.694480460680886,9.322324718586575,0.55,0.0,0.0013584791530802513,6.887923941447177,0.049386578438111124,1.1919824458168372e-09,1.4210854715202004e-14,Radau,55885266c44ecbbfe86be622c6ebd08b77151ee6ef7dfd5c8bbc8d4250b58e50
R2_0072_C6_112_fNa1_Keq100_sat1_B21,2,ae2_knockout,199.99999999999432,124.58115407914751,6.955937025287,22.258638996150516,34.400830225062926,117.21390000580467,32.694480444954415,9.322324680990063,0.55,0.0,0.0013584791515917078,6.887920113353234,0.049386577939881236,4.311025009070132e-08,1.4210854715202004e-14,Radau,55885266c44ecbbfe86be622c6ebd08b77151ee6ef7dfd5c8bbc8d4250b58e50
R2_0162_C7_112_fNa1_Keq100_sat1_B21,2,ae4_knockout,0.0,118.7,5.6,28.7,25.0,120.0,50.0,10.0,0.05,0.0,0.0005314154767606833,6.910000000216041,0.0,0.0027096403272154363,1.4210854715202004e-14,BDF,55885266c44ecbbfe86be622c6ebd08b77151ee6ef7dfd5c8bbc8d4250b58e50
R2_0162_C7_112_fNa1_Keq100_sat1_B21,2,ae4_knockout,50.0,118.67821255541007,5.56384986168932,60.042501715322416,21.47447494932945,123.48506518502992,48.3796325742343,55.95033944754428,0.05,0.0,0.0005104191180756151,7.360525811568973,0.0,1.5727683958401356e-05,1.4210854715202004e-14,BDF,55885266c44ecbbfe86be622c6ebd08b77151ee6ef7dfd5c8bbc8d4250b58e50
R2_0162_C7_112_fNa1_Keq100_sat1_B21,2,ae4_knockout,100.0,118.59268696740394,5.56043248926294,64.15967747405041,21.215864828801944,123.65299038489225,48.683270544620036,58.16324858310311,0.05,0.0,0.0005111371706745183,7.374167015075932,0.0,3.821223296021636e-06,1.3877787807814457e-17,BDF,55885266c44ecbbfe86be622c6ebd08b77151ee6ef7dfd5c8bbc8d4250b58e50
R2_0162_C7_112_fNa1_Keq100_sat1_B21,2,ae4_knockout,100.0000001,118.59282139400246,5.560442218433377,64.15967747697104,21.215864828801365,123.65298813817462,48.68326829696727,58.16324858599093,0.55,0.0,0.0005113089163143738,7.37416472859298,0.0,0.15940463191159138,2.842170943040401e-14,BDF,55885266c44ecbbfe86be622c6ebd08b77151ee6ef7dfd5c8bbc8d4250b58e50
R2_0162_C7_112_fNa1_Keq100_sat1_B21,2,ae4_knockout,149.99999999999716,124.57845310153094,6.955453609908703,28.770224785911715,33.3218073995644,118.29007980645112,32.39619137532663,34.42311158014008,0.55,0.0,0.0013581225198820296,7.198441431376855,0.0,1.4511865330012268e-07,2.7582103268031233e-16,BDF,55885266c44ecbbfe86be622c6ebd08b77151ee6ef7dfd5c8bbc8d4250b58e50
R2_0162_C7_112_fNa1_Keq100_sat1_B21,2,ae4_knockout,199.99999999999432,124.57849349477075,6.955453947890111,28.76993661029377,33.32195035217142,118.28998037301702,32.396140329189436,34.42235681524503,0.55,0.0,0.0013581198854213375,7.19844203984743,0.0,4.7314069301337935e-08,1.4210854715202004e-14,BDF,55885266c44ecbbfe86be622c6ebd08b77151ee6ef7dfd5c8bbc8d4250b58e50
R2_0162_C7_112_fNa1_Keq100_sat1_B21,2,wt,0.0,118.7,5.6,28.7,25.0,120.0,50.0,10.0,0.05,0.0,0.0005314154767606833,6.910000000216041,0.03888333867647999,1.781179185555778e-12,1.4210854715202004e-14,Radau,55885266c44ecbbfe86be622c6ebd08b77151ee6ef7dfd5c8bbc8d4250b58e50
R2_0162_C7_112_fNa1_Keq100_sat1_B21,2,wt,50.0,118.69999999943026,5.599999999946394,28.69999999900341,24.99999999749474,120.00000000180731,49.999999999721986,9.999999996395733,0.05,0.0,0.0005314154770863612,6.910000821826177,0.038883338656279694,6.774000535252476e-09,2.842170943040401e-14,Radau,55885266c44ecbbfe86be622c6ebd08b77151ee6ef7dfd5c8bbc8d4250b58e50
R2_0162_C7_112_fNa1_Keq100_sat1_B21,2,wt,100.0,118.70000000007259,5.60000000000226,28.699999999884913,25.00000000002675,120.00000000005006,49.99999999984518,9.999999999891285,0.05,0.0,0.0005314154767589755,6.9099999984602505,0.038883338676044515,1.270937146505373e-11,2.0816681711721685e-17,Radau,55885266c44ecbbfe86be622c6ebd08b77151ee6ef7dfd5c8bbc8d4250b58e50
R2_0162_C7_112_fNa1_Keq100_sat1_B21,2,wt,100.0000001,118.7001566332153,5.60001133348596,28.69999999978389,25.00000000011514,119.99999414753417,49.99999414708344,9.9999999999263,0.55,0.0,0.0005316193384778061,6.909999998560582,0.03888334157578849,0.15662088085306125,4.77048955893622e-16,Radau,55885266c44ecbbfe86be622c6ebd08b77151ee6ef7dfd5c8bbc8d4250b58e50
R2_0162_C7_112_fNa1_Keq100_sat1_B21,2,wt,149.99999999999716,124.59322534340657,6.9581277224027644,21.872071841486427,36.96638805636462,114.66135716642674,33.46777412345404,6.6250279226486155,0.55,0.0,0.001360109027280557,6.829227679409934,0.03812284887000191,4.937735811370823e-10,1.4210854715202004e-14,Radau,55885266c44ecbbfe86be622c6ebd08b77151ee6ef7dfd5c8bbc8d4250b58e50
R2_0162_C7_112_fNa1_Keq100_sat1_B21,2,wt,199.99999999999432,124.59322534350889,6.9581277224109845,21.87207184134857,36.966388055530864,114.66135716737327,33.46777412337224,6.62502792212481,0.55,0.0,0.0013601090272964875,6.829227724560322,0.03812284886563987,4.561078066162753e-11,2.123301534595612e-15,Radau,55885266c44ecbbfe86be622c6ebd08b77151ee6ef7dfd5c8bbc8d4250b58e50
R2_0162_C7_112_fNa1_Keq100_sat1_B21,2,ae2_knockout,0.0,118.7,5.6,28.7,25.0,120.0,50.0,10.0,0.05,0.0,0.0005314154767606833,6.910000000216041,0.03888333867647999,0.0006807834084587881,1.4210854715202004e-14,Radau,55885266c44ecbbfe86be622c6ebd08b77151ee6ef7dfd5c8bbc8d4250b58e50
R2_0162_C7_112_fNa1_Keq100_sat1_B21,2,ae2_knockout,50.0,118.64914871652229,5.584724829363812,29.060905607211517,23.723796087853916,121.21577298473318,49.40646003969487,11.588712174635988,0.05,0.0,0.000523858464484001,6.939885360301204,0.045517902893645754,1.9020159191637673e-10,1.4210854715202004e-14,Radau,55885266c44ecbbfe86be622c6ebd08b77151ee6ef7dfd5c8bbc8d4250b58e50
R2_0162_C7_112_fNa1_Keq100_sat1_B21,2,ae2_knockout,100.0,118.64914872207734,5.58472482950127,29.060905597681842,23.723796073044745,121.21577300546319,49.406460042036215,11.588712150686856,0.05,0.0,0.0005238584643043247,6.939885365943803,0.04551790276174923,1.5400398363587813e-10,1.4210854715202004e-14,Radau,55885266c44ecbbfe86be622c6ebd08b77151ee6ef7dfd5c8bbc8d4250b58e50
R2_0162_C7_112_fNa1_Keq100_sat1_B21,2,ae2_knockout,100.0000001,118.64930613326526,5.584736219282928,29.060905597580366,23.72379607312813,121.21576719692358,49.406454233246365,11.588712150727096,0.55,0.0,0.0005240632540354057,6.939885366857366,0.04551790598948491,0.15739887597450491,1.4210854715202004e-14,Radau,55885266c44ecbbfe86be622c6ebd08b77151ee6ef7dfd5c8bbc8d4250b58e50
R2_0162_C7_112_fNa1_Keq100_sat1_B21,2,ae2_knockout,149.99999999999716,124.5817172719584,6.956039271239398,22.125382116140948,34.567573901077786,117.04775983969063,32.74213881612233,8.61518629008021,0.55,0.0,0.001358555200278148,6.873824075284624,0.05109124754375351,1.0100601057488671e-08,1.4210854715202004e-14,Radau,55885266c44ecbbfe86be622c6ebd08b77151ee6ef7dfd5c8bbc8d4250b58e50
R2_0162_C7_112_fNa1_Keq100_sat1_B21,2,ae2_knockout,199.99999999999432,124.5817172669926,6.956039270660155,22.125382067762693,34.56757378590698,117.04775994957733,32.74213877169235,8.61518609163684,0.55,0.0,0.0013585551961197955,6.873812721553735,0.051091246111970474,1.1720535841793983e-07,1.4210854715202004e-14,Radau,55885266c44ecbbfe86be622c6ebd08b77151ee6ef7dfd5c8bbc8d4250b58e50
R2_0252_C8_112_MA_fNa1_Keq100_sat1_B21,2,ae4_knockout,0.0,118.7,5.6,28.7,25.0,120.0,50.0,10.0,0.05,0.0,0.0005314154767606833,6.910000000216041,0.0,0.0027096403272154363,1.4210854715202004e-14,BDF,55885266c44ecbbfe86be622c6ebd08b77151ee6ef7dfd5c8bbc8d4250b58e50
R2_0252_C8_112_MA_fNa1_Keq100_sat1_B21,2,ae4_knockout,50.0,118.67821255541007,5.56384986168932,60.042501715322416,21.47447494932945,123.48506518502992,48.3796325742343,55.95033944754428,0.05,0.0,0.0005104191180756151,7.360525811568973,0.0,1.5727683958401356e-05,1.4210854715202004e-14,BDF,55885266c44ecbbfe86be622c6ebd08b77151ee6ef7dfd5c8bbc8d4250b58e50
R2_0252_C8_112_MA_fNa1_Keq100_sat1_B21,2,ae4_knockout,100.0,118.59268696740394,5.56043248926294,64.15967747405041,21.215864828801944,123.65299038489225,48.683270544620036,58.16324858310311,0.05,0.0,0.0005111371706745183,7.374167015075932,0.0,3.821223296021636e-06,1.3877787807814457e-17,BDF,55885266c44ecbbfe86be622c6ebd08b77151ee6ef7dfd5c8bbc8d4250b58e50
R2_0252_C8_112_MA_fNa1_Keq100_sat1_B21,2,ae4_knockout,100.0000001,118.59282139400246,5.560442218433377,64.15967747697104,21.215864828801365,123.65298813817462,48.68326829696727,58.16324858599093,0.55,0.0,0.0005113089163143738,7.37416472859298,0.0,0.15940463191159138,2.842170943040401e-14,BDF,55885266c44ecbbfe86be622c6ebd08b77151ee6ef7dfd5c8bbc8d4250b58e50
R2_0252_C8_112_MA_fNa1_Keq100_sat1_B21,2,ae4_knockout,149.99999999999716,124.57845310153094,6.955453609908703,28.770224785911715,33.3218073995644,118.29007980645112,32.39619137532663,34.42311158014008,0.55,0.0,0.0013581225198820296,7.198441431376855,0.0,1.4511865330012268e-07,2.7582103268031233e-16,BDF,55885266c44ecbbfe86be622c6ebd08b77151ee6ef7dfd5c8bbc8d4250b58e50
R2_0252_C8_112_MA_fNa1_Keq100_sat1_B21,2,ae4_knockout,199.99999999999432,124.57849349477075,6.955453947890111,28.76993661029377,33.32195035217142,118.28998037301702,32.396140329189436,34.42235681524503,0.55,0.0,0.0013581198854213375,7.19844203984743,0.0,4.7314069301337935e-08,1.4210854715202004e-14,BDF,55885266c44ecbbfe86be622c6ebd08b77151ee6ef7dfd5c8bbc8d4250b58e50
R2_0252_C8_112_MA_fNa1_Keq100_sat1_B21,2,wt,0.0,118.7,5.6,28.7,25.0,120.0,50.0,10.0,0.05,0.0,0.0005314154767606833,6.910000000216041,0.03888333867647999,1.781179185555778e-12,1.4210854715202004e-14,Radau,55885266c44ecbbfe86be622c6ebd08b77151ee6ef7dfd5c8bbc8d4250b58e50
R2_0252_C8_112_MA_fNa1_Keq100_sat1_B21,2,wt,50.0,118.69999999948273,5.599999999872208,28.699999995120834,24.999999989790158,120.00000000962557,49.99999999511279,9.999999989876752,0.05,0.0,0.0005314154766548604,6.909999914383004,0.0388833385694314,7.133438833492793e-10,3.469446951953614e-17,Radau,55885266c44ecbbfe86be622c6ebd08b77151ee6ef7dfd5c8bbc8d4250b58e50
R2_0252_C8_112_MA_fNa1_Keq100_sat1_B21,2,wt,100.0,118.7000000002484,5.600000000005604,28.699999999618008,24.999999999794277,120.00000000046808,49.99999999944618,9.999999999686437,0.05,0.0,0.0005314154767530403,6.909999994597513,0.038883338673402545,4.4739493546116573e-11,1.4210854715202004e-14,Radau,55885266c44ecbbfe86be622c6ebd08b77151ee6ef7dfd5c8bbc8d4250b58e50
R2_0252_C8_112_MA_fNa1_Keq100_sat1_B21,2,wt,100.0000001,118.7001566333911,5.600011333489304,28.699999999516987,24.99999999988274,119.99999414795218,49.99999414668441,9.99999999972151,0.55,0.0,0.0005316193384718127,6.909999994898505,0.03888333929760258,0.15662088085298326,1.2906342661267445e-15,Radau,55885266c44ecbbfe86be622c6ebd08b77151ee6ef7dfd5c8bbc8d4250b58e50
R2_0252_C8_112_MA_fNa1_Keq100_sat1_B21,2,wt,149.99999999999716,124.59141124378932,6.957798607178628,22.06743200688208,36.65023087401133,114.97556426130656,33.36821922028986,7.7100306581689475,0.55,0.0,0.0013598640980132866,6.853457830062817,0.03497293528255774,8.473171253016946e-09,2.842170943040401e-14,Radau,55885266c44ecbbfe86be622c6ebd08b77151ee6ef7dfd5c8bbc8d4250b58e50
R2_0252_C8_112_MA_fNa1_Keq100_sat1_B21,2,wt,199.99999999999432,124.5914112427495,6.957798607000574,22.067431991212167,36.65023080420482,114.97556433111414,33.368219201831586,7.710030596667274,0.55,0.0,0.0013598640981737353,6.85346236099038,0.03497293459646043,4.3644113514552805e-08,1.4210854715202004e-14,Radau,55885266c44ecbbfe86be622c6ebd08b77151ee6ef7dfd5c8bbc8d4250b58e50
R2_0252_C8_112_MA_fNa1_Keq100_sat1_B21,2,ae2_knockout,0.0,118.7,5.6,28.7,25.0,120.0,50.0,10.0,0.05,0.0,0.0005314154767606833,6.910000000216041,0.03888333867647999,0.0006807834084587881,1.4210854715202004e-14,Radau,55885266c44ecbbfe86be622c6ebd08b77151ee6ef7dfd5c8bbc8d4250b58e50
R2_0252_C8_112_MA_fNa1_Keq100_sat1_B21,2,ae2_knockout,50.0,118.6528608370567,5.585842753276829,28.899623861402564,23.822148655077083,121.12183248997272,49.445571564997365,11.085541257012366,0.05,0.0,0.0005244104474117394,6.931041937523483,0.04650239729397347,3.2240960062473886e-08,1.4210854715202004e-14,Radau,55885266c44ecbbfe86be622c6ebd08b77151ee6ef7dfd5c8bbc8d4250b58e50
R2_0252_C8_112_MA_fNa1_Keq100_sat1_B21,2,ae2_knockout,100.0,118.65286086193007,5.585842750622849,28.899623692123914,23.822148306241406,121.12183286369671,49.445571382666934,11.085540967355511,0.05,0.0,0.0005244104472122339,6.9310509384460675,0.04650239384977308,3.9171900456717184e-08,1.4210854715202004e-14,Radau,55885266c44ecbbfe86be622c6ebd08b77151ee6ef7dfd5c8bbc8d4250b58e50
R2_0252_C8_112_MA_fNa1_Keq100_sat1_B21,2,ae2_knockout,100.0000001,118.65301820544009,5.585854135507519,28.899623692022463,23.822148306287342,121.12182702525196,49.44556554397103,11.0855409674257,0.55,0.0,0.0005246151864095017,6.931050681164434,0.046502394472762956,0.15733120069036885,1.4210854715202004e-14,Radau,55885266c44ecbbfe86be622c6ebd08b77151ee6ef7dfd5c8bbc8d4250b58e50
R2_0252_C8_112_MA_fNa1_Keq100_sat1_B21,2,ae2_knockout,149.99999999999716,124.5811540768404,6.955937025256003,22.258639007738893,34.40083027285657,117.21389995541563,32.694480460680886,9.322324718586575,0.55,0.0,0.0013584791530802513,6.887923941447177,0.049386578438111124,1.1919824458168372e-09,1.4210854715202004e-14,Radau,55885266c44ecbbfe86be622c6ebd08b77151ee6ef7dfd5c8bbc8d4250b58e50
R2_0252_C8_112_MA_fNa1_Keq100_sat1_B21,2,ae2_knockout,199.99999999999432,124.58115407914751,6.955937025287,22.258638996150516,34.400830225062926,117.21390000580467,32.694480444954415,9.322324680990063,0.55,0.0,0.0013584791515917078,6.887920113353234,0.049386577939881236,4.311025009070132e-08,1.4210854715202004e-14,Radau,55885266c44ecbbfe86be622c6ebd08b77151ee6ef7dfd5c8bbc8d4250b58e50
R2_0458_C8_112_SAT_fNa1_Keq100_sat0.01_B21,2,ae4_knockout,0.0,118.7,5.6,28.7,25.0,120.0,50.0,10.0,0.05,0.0,0.0005314154767606833,6.910000000216041,0.0,0.0027096403272154363,1.4210854715202004e-14,BDF,55885266c44ecbbfe86be622c6ebd08b77151ee6ef7dfd5c8bbc8d4250b58e50
R2_0458_C8_112_SAT_fNa1_Keq100_sat0.01_B21,2,ae4_knockout,50.0,118.67821255541007,5.56384986168932,60.042501715322416,21.47447494932945,123.48506518502992,48.3796325742343,55.95033944754428,0.05,0.0,0.0005104191180756151,7.360525811568973,0.0,1.5727683958401356e-05,1.4210854715202004e-14,BDF,55885266c44ecbbfe86be622c6ebd08b77151ee6ef7dfd5c8bbc8d4250b58e50
R2_0458_C8_112_SAT_fNa1_Keq100_sat0.01_B21,2,ae4_knockout,100.0,118.59268696740394,5.56043248926294,64.15967747405041,21.215864828801944,123.65299038489225,48.683270544620036,58.16324858310311,0.05,0.0,0.0005111371706745183,7.374167015075932,0.0,3.821223296021636e-06,1.3877787807814457e-17,BDF,55885266c44ecbbfe86be622c6ebd08b77151ee6ef7dfd5c8bbc8d4250b58e50
R2_0458_C8_112_SAT_fNa1_Keq100_sat0.01_B21,2,ae4_knockout,100.0000001,118.59282139400246,5.560442218433377,64.15967747697104,21.215864828801365,123.65298813817462,48.68326829696727,58.16324858599093,0.55,0.0,0.0005113089163143738,7.37416472859298,0.0,0.15940463191159138,2.842170943040401e-14,BDF,55885266c44ecbbfe86be622c6ebd08b77151ee6ef7dfd5c8bbc8d4250b58e50
R2_0458_C8_112_SAT_fNa1_Keq100_sat0.01_B21,2,ae4_knockout,149.99999999999716,124.57845310153094,6.955453609908703,28.770224785911715,33.3218073995644,118.29007980645112,32.39619137532663,34.42311158014008,0.55,0.0,0.0013581225198820296,7.198441431376855,0.0,1.4511865330012268e-07,2.7582103268031233e-16,BDF,55885266c44ecbbfe86be622c6ebd08b77151ee6ef7dfd5c8bbc8d4250b58e50
R2_0458_C8_112_SAT_fNa1_Keq100_sat0.01_B21,2,ae4_knockout,199.99999999999432,124.57849349477075,6.955453947890111,28.76993661029377,33.32195035217142,118.28998037301702,32.396140329189436,34.42235681524503,0.55,0.0,0.0013581198854213375,7.19844203984743,0.0,4.7314069301337935e-08,1.4210854715202004e-14,BDF,55885266c44ecbbfe86be622c6ebd08b77151ee6ef7dfd5c8bbc8d4250b58e50
R2_0458_C8_112_SAT_fNa1_Keq100_sat0.01_B21,2,wt,0.0,118.7,5.6,28.7,25.0,120.0,50.0,10.0,0.05,0.0,0.0005314154767606833,6.910000000216041,0.03888333867647999,1.781179185555778e-12,1.4210854715202004e-14,Radau,55885266c44ecbbfe86be622c6ebd08b77151ee6ef7dfd5c8bbc8d4250b58e50
R2_0458_C8_112_SAT_fNa1_Keq100_sat0.01_B21,2,wt,50.0,118.70000000112788,5.600000000060595,28.700000000769144,25.000000003481706,119.99999999773092,49.99999999781882,10.00000000572637,0.05,0.0,0.0005314154766918491,6.909999807530679,0.038883338689113464,1.5854323131809718e-09,5.377642775528102e-17,Radau,55885266c44ecbbfe86be622c6ebd08b77151ee6ef7dfd5c8bbc8d4250b58e50
R2_0458_C8_112_SAT_fNa1_Keq100_sat0.01_B21,2,wt,100.0,118.70000000038442,5.600000000013298,28.699999998757722,25.000000000260695,120.00000000014009,49.99999999905745,9.999999997629917,0.05,0.0,0.0005314154767994498,6.91000012096424,0.038883338672249614,9.97176175909854e-10,1.4210854715202004e-14,Radau,55885266c44ecbbfe86be622c6ebd08b77151ee6ef7dfd5c8bbc8d4250b58e50
R2_0458_C8_112_SAT_fNa1_Keq100_sat0.01_B21,2,wt,100.0000001,118.70015663352711,5.600011333496998,28.6999999986567,25.00000000034813,119.9999941476242,49.999994146295684,9.99999999766573,0.55,0.0,0.0005316193385175267,6.910000114994552,0.038883339785624076,0.1566208808463262,1.4210854715202004e-14,Radau,55885266c44ecbbfe86be622c6ebd08b77151ee6ef7dfd5c8bbc8d4250b58e50
R2_0458_C8_112_SAT_fNa1_Keq100_sat0.01_B21,2,wt,149.99999999999716,124.59336507372433,6.958153070813474,21.85841784629808,36.99024613761865,114.6376492971332,33.475330487398644,6.547951301821217,0.55,0.0,0.0013601278927282009,6.827437115345952,0.03835926818660657,9.716522995786815e-10,1.4210854715202004e-14,Radau,55885266c44ecbbfe86be622c6ebd08b77151ee6ef7dfd5c8bbc8d4250b58e50
R2_0458_C8_112_SAT_fNa1_Keq100_sat0.01_B21,2,wt,199.99999999999432,124.59336507413023,6.95815307085849,21.858417845210646,36.99024613483091,114.63764930036209,33.475330487579875,6.5479512965575575,0.55,0.0,0.001360127892714648,6.8274370317217254,0.03835926816985587,3.250441157057389e-11,1.4210854715202004e-14,Radau,55885266c44ecbbfe86be622c6ebd08b77151ee6ef7dfd5c8bbc8d4250b58e50
R2_0458_C8_112_SAT_fNa1_Keq100_sat0.01_B21,2,ae2_knockout,0.0,118.7,5.6,28.7,25.0,120.0,50.0,10.0,0.05,0.0,0.0005314154767606833,6.910000000216041,0.03888333867647999,0.0006807834084587881,1.4210854715202004e-14,Radau,55885266c44ecbbfe86be622c6ebd08b77151ee6ef7dfd5c8bbc8d4250b58e50
R2_0458_C8_112_SAT_fNa1_Keq100_sat0.01_B21,2,ae2_knockout,50.0,118.63883481253991,5.581616391593833,29.565508607301204,23.44532781751888,121.48198043185369,49.30175832920949,13.113851518639914,0.05,0.0,0.0005223245424587266,6.965421254438917,0.04274112620708005,1.4771710597082157e-09,4.163336342344337e-17,Radau,55885266c44ecbbfe86be622c6ebd08b77151ee6ef7dfd5c8bbc8d4250b58e50
R2_0458_C8_112_SAT_fNa1_Keq100_sat0.01_B21,2,ae2_knockout,100.0,118.63883481265374,5.581616391597031,29.56550860646681,23.445327817484646,121.48198043200291,49.301758329043835,13.113851516610703,0.05,0.0,0.0005223245424432947,6.965421179150434,0.042741126205131826,2.0360006368899063e-09,1.4210854715202004e-14,Radau,55885266c44ecbbfe86be622c6ebd08b77151ee6ef7dfd5c8bbc8d4250b58e50
R2_0458_C8_112_SAT_fNa1_Keq100_sat0.01_B21,2,ae2_knockout,100.0000001,118.63899242248392,5.5816277957518885,29.565508606365267,23.445327817567577,121.48197471539538,49.30175261218885,13.113851516653881,0.55,0.0,0.0005225294755954202,6.965421194481698,0.042741126939566915,0.15759751082112422,1.4210854715202004e-14,Radau,55885266c44ecbbfe86be622c6ebd08b77151ee6ef7dfd5c8bbc8d4250b58e50
R2_0458_C8_112_SAT_fNa1_Keq100_sat0.01_B21,2,ae2_knockout,149.99999999999716,124.57994737607144,6.955717939092332,22.63213095835997,33.9958429131146,117.61759539990882,32.58041240735729,11.243757777237716,0.55,0.0,0.0013583162117488043,6.923573573904249,0.04521251487566177,3.3899977728632872e-09,1.1379786002407855e-15,Radau,55885266c44ecbbfe86be622c6ebd08b77151ee6ef7dfd5c8bbc8d4250b58e50
R2_0458_C8_112_SAT_fNa1_Keq100_sat0.01_B21,2,ae2_knockout,199.99999999999432,124.5799473762347,6.955717939091784,22.63213095832177,33.99584291318906,117.61759539997024,32.58041240729193,11.243757777114215,0.55,0.0,0.0013583162119330159,6.923574094021419,0.04521251487558818,1.950810742352866e-09,6.83481049534862e-16,Radau,55885266c44ecbbfe86be622c6ebd08b77151ee6ef7dfd5c8bbc8d4250b58e50
R2_0459_C8_112_SAT_fNa1_Keq100_sat0.1_B21,2,ae4_knockout,0.0,118.7,5.6,28.7,25.0,120.0,50.0,10.0,0.05,0.0,0.0005314154767606833,6.910000000216041,0.0,0.0027096403272154363,1.4210854715202004e-14,BDF,55885266c44ecbbfe86be622c6ebd08b77151ee6ef7dfd5c8bbc8d4250b58e50
R2_0459_C8_112_SAT_fNa1_Keq100_sat0.1_B21,2,ae4_knockout,50.0,118.67821255541007,5.56384986168932,60.042501715322416,21.47447494932945,123.48506518502992,48.3796325742343,55.95033944754428,0.05,0.0,0.0005104191180756151,7.360525811568973,0.0,1.5727683958401356e-05,1.4210854715202004e-14,BDF,55885266c44ecbbfe86be622c6ebd08b77151ee6ef7dfd5c8bbc8d4250b58e50
R2_0459_C8_112_SAT_fNa1_Keq100_sat0.1_B21,2,ae4_knockout,100.0,118.59268696740394,5.56043248926294,64.15967747405041,21.215864828801944,123.65299038489225,48.683270544620036,58.16324858310311,0.05,0.0,0.0005111371706745183,7.374167015075932,0.0,3.821223296021636e-06,1.3877787807814457e-17,BDF,55885266c44ecbbfe86be622c6ebd08b77151ee6ef7dfd5c8bbc8d4250b58e50
R2_0459_C8_112_SAT_fNa1_Keq100_sat0.1_B21,2,ae4_knockout,100.0000001,118.59282139400246,5.560442218433377,64.15967747697104,21.215864828801365,123.65298813817462,48.68326829696727,58.16324858599093,0.55,0.0,0.0005113089163143738,7.37416472859298,0.0,0.15940463191159138,2.842170943040401e-14,BDF,55885266c44ecbbfe86be622c6ebd08b77151ee6ef7dfd5c8bbc8d4250b58e50
R2_0459_C8_112_SAT_fNa1_Keq100_sat0.1_B21,2,ae4_knockout,149.99999999999716,124.57845310153094,6.955453609908703,28.770224785911715,33.3218073995644,118.29007980645112,32.39619137532663,34.42311158014008,0.55,0.0,0.0013581225198820296,7.198441431376855,0.0,1.4511865330012268e-07,2.7582103268031233e-16,BDF,55885266c44ecbbfe86be622c6ebd08b77151ee6ef7dfd5c8bbc8d4250b58e50
R2_0459_C8_112_SAT_fNa1_Keq100_sat0.1_B21,2,ae4_knockout,199.99999999999432,124.57849349477075,6.955453947890111,28.76993661029377,33.32195035217142,118.28998037301702,32.396140329189436,34.42235681524503,0.55,0.0,0.0013581198854213375,7.19844203984743,0.0,4.7314069301337935e-08,1.4210854715202004e-14,BDF,55885266c44ecbbfe86be622c6ebd08b77151ee6ef7dfd5c8bbc8d4250b58e50
R2_0459_C8_112_SAT_fNa1_Keq100_sat0.1_B21,2,wt,0.0,118.7,5.6,28.7,25.0,120.0,50.0,10.0,0.05,0.0,0.0005314154767606833,6.910000000216041,0.03888333867647999,1.781179185555778e-12,1.4210854715202004e-14,Radau,55885266c44ecbbfe86be622c6ebd08b77151ee6ef7dfd5c8bbc8d4250b58e50
R2_0459_C8_112_SAT_fNa1_Keq100_sat0.1_B21,2,wt,50.0,118.70000000430733,5.600000000231955,28.70000000282994,25.000000012801717,119.9999999918025,49.99999999200358,10.000000020855618,0.05,0.0,0.0005314154768868126,6.91000044643774,0.03888333872254256,3.6858879330617284e-09,4.263256414560601e-14,Radau,55885266c44ecbbfe86be622c6ebd08b77151ee6ef7dfd5c8bbc8d4250b58e50
R2_0459_C8_112_SAT_fNa1_Keq100_sat0.1_B21,2,wt,100.0,118.69999999992734,5.599999999870023,28.699999975737015,24.999999988553537,120.00000001130655,49.99999999326019,9.999999934762636,0.05,0.0,0.0005314154766616544,6.909999923111786,0.038883338549313744,6.426285421396678e-10,7.28583859910259e-17,Radau,55885266c44ecbbfe86be622c6ebd08b77151ee6ef7dfd5c8bbc8d4250b58e50
R2_0459_C8_112_SAT_fNa1_Keq100_sat0.1_B21,2,wt,100.0000001,118.70015663307005,5.600011333353724,28.699999975635993,24.99999998864257,119.99999415879066,49.999994140498416,9.99999993479729,0.55,0.0,0.0005316193383808345,6.9099999268741925,0.038883339662701945,0.15662088086090337,1.3877787807814457e-15,Radau,55885266c44ecbbfe86be622c6ebd08b77151ee6ef7dfd5c8bbc8d4250b58e50
R2_0459_C8_112_SAT_fNa1_Keq100_sat0.1_B21,2,wt,149.99999999999716,124.5933652789571,6.958153108018644,21.858397942288065,36.9902810994396,114.63761455592775,33.475341565074615,6.547838819643726,0.55,0.0,0.0013601279204011852,6.8274344365165796,0.03835961450687295,2.702583432677218e-10,1.887379141862766e-15,Radau,55885266c44ecbbfe86be622c6ebd08b77151ee6ef7dfd5c8bbc8d4250b58e50
R2_0459_C8_112_SAT_fNa1_Keq100_sat0.1_B21,2,wt,199.99999999999432,124.59336527901036,6.95815310801713,21.85839794226607,36.99028109942457,114.63761455599027,33.47534156507913,6.547838819626158,0.55,0.0,0.0013601279203500464,6.827434285529336,0.03835961450681435,1.5399864907398351e-09,1.4210854715202004e-14,Radau,55885266c44ecbbfe86be622c6ebd08b77151ee6ef7dfd5c8bbc8d4250b58e50
R2_0459_C8_112_SAT_fNa1_Keq100_sat0.1_B21,2,ae2_knockout,0.0,118.7,5.6,28.7,25.0,120.0,50.0,10.0,0.05,0.0,0.0005314154767606833,6.910000000216041,0.03888333867647999,0.0006807834084587881,1.4210854715202004e-14,Radau,55885266c44ecbbfe86be622c6ebd08b77151ee6ef7dfd5c8bbc8d4250b58e50
R2_0459_C8_112_SAT_fNa1_Keq100_sat0.1_B21,2,ae2_knockout,50.0,118.63883368396809,5.581616051294016,29.565568885264906,23.445296908925023,121.4820099986849,49.301747204682776,13.114029524799504,0.05,0.0,0.0005223243746702047,6.965424415199124,0.04274081891019581,6.233027165146204e-10,1.4210854715202004e-14,Radau,55885266c44ecbbfe86be622c6ebd08b77151ee6ef7dfd5c8bbc8d4250b58e50
R2_0459_C8_112_SAT_fNa1_Keq100_sat0.1_B21,2,ae2_knockout,100.0,118.63883368433297,5.581616051313541,29.565568884709247,23.445296910070045,121.48200999792724,49.30174720384621,13.114029524493757,0.05,0.0,0.0005223243746504869,6.965424330563083,0.04274081891031726,4.512849605091179e-12,2.842170943040401e-14,Radau,55885266c44ecbbfe86be622c6ebd08b77151ee6ef7dfd5c8bbc8d4250b58e50
R2_0459_C8_112_SAT_fNa1_Keq100_sat0.1_B21,2,ae2_knockout,100.0000001,118.63899129418577,5.581627455470036,29.565568884607703,23.445296910150997,121.48200428133053,49.30174148700206,13.11402952453877,0.55,0.0,0.000522529307816881,6.965424330677071,0.04274081964473461,0.15759753343756522,2.842170943040401e-14,Radau,55885266c44ecbbfe86be622c6ebd08b77151ee6ef7dfd5c8bbc8d4250b58e50
R2_0459_C8_112_SAT_fNa1_Keq100_sat0.1_B21,2,ae2_knockout,149.99999999999716,124.57994727417443,6.9557179206000015,22.63216967219763,33.99580498834672,117.61763321567598,32.58040183990837,11.243952615592674,0.55,0.0,0.0013583161980999044,6.923577357332226,0.04521212178952847,1.6246481190258342e-10,2.842170943040401e-14,Radau,55885266c44ecbbfe86be622c6ebd08b77151ee6ef7dfd5c8bbc8d4250b58e50
R2_0459_C8_112_SAT_fNa1_Keq100_sat0.1_B21,2,ae2_knockout,199.99999999999432,124.5799472742342,6.95571792059522,22.632169672179884,33.99580498887453,117.61763321520404,32.58040183971483,11.24395261576623,0.55,0.0,0.001358316198090566,6.923577325863046,0.045212121789745104,1.6052721106193707e-10,2.842170943040401e-14,Radau,55885266c44ecbbfe86be622c6ebd08b77151ee6ef7dfd5c8bbc8d4250b58e50
R2_0460_C8_112_SAT_fNa1_Keq100_sat1_B21,2,ae4_knockout,0.0,118.7,5.6,28.7,25.0,120.0,50.0,10.0,0.05,0.0,0.0005314154767606833,6.910000000216041,0.0,0.0027096403272154363,1.4210854715202004e-14,BDF,55885266c44ecbbfe86be622c6ebd08b77151ee6ef7dfd5c8bbc8d4250b58e50
R2_0460_C8_112_SAT_fNa1_Keq100_sat1_B21,2,ae4_knockout,50.0,118.67821255541007,5.56384986168932,60.042501715322416,21.47447494932945,123.48506518502992,48.3796325742343,55.95033944754428,0.05,0.0,0.0005104191180756151,7.360525811568973,0.0,1.5727683958401356e-05,1.4210854715202004e-14,BDF,55885266c44ecbbfe86be622c6ebd08b77151ee6ef7dfd5c8bbc8d4250b58e50
R2_0460_C8_112_SAT_fNa1_Keq100_sat1_B21,2,ae4_knockout,100.0,118.59268696740394,5.56043248926294,64.15967747405041,21.215864828801944,123.65299038489225,48.683270544620036,58.16324858310311,0.05,0.0,0.0005111371706745183,7.374167015075932,0.0,3.821223296021636e-06,1.3877787807814457e-17,BDF,55885266c44ecbbfe86be622c6ebd08b77151ee6ef7dfd5c8bbc8d4250b58e50
R2_0460_C8_112_SAT_fNa1_Keq100_sat1_B21,2,ae4_knockout,100.0000001,118.59282139400246,5.560442218433377,64.15967747697104,21.215864828801365,123.65298813817462,48.68326829696727,58.16324858599093,0.55,0.0,0.0005113089163143738,7.37416472859298,0.0,0.15940463191159138,2.842170943040401e-14,BDF,55885266c44ecbbfe86be622c6ebd08b77151ee6ef7dfd5c8bbc8d4250b58e50
R2_0460_C8_112_SAT_fNa1_Keq100_sat1_B21,2,ae4_knockout,149.99999999999716,124.57845310153094,6.955453609908703,28.770224785911715,33.3218073995644,118.29007980645112,32.39619137532663,34.42311158014008,0.55,0.0,0.0013581225198820296,7.198441431376855,0.0,1.4511865330012268e-07,2.7582103268031233e-16,BDF,55885266c44ecbbfe86be622c6ebd08b77151ee6ef7dfd5c8bbc8d4250b58e50
R2_0460_C8_112_SAT_fNa1_Keq100_sat1_B21,2,ae4_knockout,199.99999999999432,124.57849349477075,6.955453947890111,28.76993661029377,33.32195035217142,118.28998037301702,32.396140329189436,34.42235681524503,0.55,0.0,0.0013581198854213375,7.19844203984743,0.0,4.7314069301337935e-08,1.4210854715202004e-14,BDF,55885266c44ecbbfe86be622c6ebd08b77151ee6ef7dfd5c8bbc8d4250b58e50
R2_0460_C8_112_SAT_fNa1_Keq100_sat1_B21,2,wt,0.0,118.7,5.6,28.7,25.0,120.0,50.0,10.0,0.05,0.0,0.0005314154767606833,6.910000000216041,0.038883338676479993,1.7811794273290849e-12,1.4210854715202004e-14,Radau,55885266c44ecbbfe86be622c6ebd08b77151ee6ef7dfd5c8bbc8d4250b58e50
R2_0460_C8_112_SAT_fNa1_Keq100_sat1_B21,2,wt,50.0,118.7000000010811,5.6000000000587065,28.700000000732405,25.000000003238267,119.99999999791288,49.99999999797906,10.000000005364475,0.05,0.0,0.0005314154767394439,6.909999918195576,0.03888333868830046,6.731425413171935e-10,1.4210854715202004e-14,Radau,55885266c44ecbbfe86be622c6ebd08b77151ee6ef7dfd5c8bbc8d4250b58e50
R2_0460_C8_112_SAT_fNa1_Keq100_sat1_B21,2,wt,100.0,118.70000000034473,5.600000000010795,28.699999998822843,25.0000000002224,120.000000000148,49.99999999912906,9.999999997709049,0.05,0.0,0.0005314154767977044,6.910000162501226,0.0388833386723725,1.3396435563099389e-09,4.263256414560601e-14,Radau,55885266c44ecbbfe86be622c6ebd08b77151ee6ef7dfd5c8bbc8d4250b58e50
R2_0460_C8_112_SAT_fNa1_Keq100_sat1_B21,2,wt,100.0000001,118.70015663348742,5.6000113334944945,28.69999999872182,25.000000000309505,119.99999414763211,49.99999414636729,9.999999997745109,0.55,0.0,0.0005316193385155219,6.910000154474755,0.038883339785764165,0.15662088084678363,4.263256414560601e-14,Radau,55885266c44ecbbfe86be622c6ebd08b77151ee6ef7dfd5c8bbc8d4250b58e50
R2_0460_C8_112_SAT_fNa1_Keq100_sat1_B21,2,wt,149.99999999999716,124.59336529944825,6.9581531117382145,21.858395951677814,36.99028459612152,114.63761108127359,33.4753426729948,6.54782757016746,0.55,0.0,0.0013601279231618018,6.827434149931222,0.03835964914352362,2.369541313885169e-11,1.4210854715202004e-14,Radau,55885266c44ecbbfe86be622c6ebd08b77151ee6ef7dfd5c8bbc8d4250b58e50
R2_0460_C8_112_SAT_fNa1_Keq100_sat1_B21,2,wt,199.99999999999432,124.59336529944656,6.9581531117381985,21.858395951678045,36.99028459612255,114.63761108127085,33.47534267299447,6.547827570166683,0.55,0.0,0.0013601279231624025,6.827434151590421,0.03835964914352163,3.802910981918558e-12,1.4210854715202004e-14,Radau,55885266c44ecbbfe86be622c6ebd08b77151ee6ef7dfd5c8bbc8d4250b58e50
R2_0460_C8_112_SAT_fNa1_Keq100_sat1_B21,2,ae2_knockout,0.0,118.7,5.6,28.7,25.0,120.0,50.0,10.0,0.05,0.0,0.0005314154767606833,6.910000000216041,0.038883338676479993,0.0006807834084587876,1.4210854715202004e-14,Radau,55885266c44ecbbfe86be622c6ebd08b77151ee6ef7dfd5c8bbc8d4250b58e50
R2_0460_C8_112_SAT_fNa1_Keq100_sat1_B21,2,ae2_knockout,50.0,118.63883357131121,5.581616017272843,29.56557491371067,23.44529381895803,121.4820129546905,49.301746091157334,13.11404732849109,0.05,0.0,0.0005223243578737997,6.965424677542456,0.04274078817998026,4.347248261568003e-10,2.842170943040401e-14,Radau,55885266c44ecbbfe86be622c6ebd08b77151ee6ef7dfd5c8bbc8d4250b58e50
R2_0460_C8_112_SAT_fNa1_Keq100_sat1_B21,2,ae2_knockout,100.0,118.63883357131894,5.5816160172733875,29.565574913709266,23.445293818944915,121.48201295470652,49.30174609117079,13.11404732849116,0.05,0.0,0.000522324357865046,6.965424619180598,0.04274078817997506,1.596405437515368e-12,2.842170943040401e-14,Radau,55885266c44ecbbfe86be622c6ebd08b77151ee6ef7dfd5c8bbc8d4250b58e50
R2_0460_C8_112_SAT_fNa1_Keq100_sat1_B21,2,ae2_knockout,100.0000001,118.638991181174,5.581627421430046,29.565574913607723,23.445293819025864,121.48200723811091,49.30174037432773,13.114047328536177,0.55,0.0,0.0005225292910329903,6.965424619180598,0.04274078891439051,0.15759753570013763,1.4210854715202004e-14,Radau,55885266c44ecbbfe86be622c6ebd08b77151ee6ef7dfd5c8bbc8d4250b58e50
R2_0460_C8_112_SAT_fNa1_Keq100_sat1_B21,2,ae2_knockout,149.99999999999716,124.57994726408207,6.955717918750238,22.63217354396269,33.99580119599419,117.61763699721004,32.580400782883046,11.243972101562509,0.55,0.0,0.001358316196763542,6.923577768398604,0.04521208247772298,8.535108393840753e-10,2.842170943040401e-14,Radau,55885266c44ecbbfe86be622c6ebd08b77151ee6ef7dfd5c8bbc8d4250b58e50
R2_0460_C8_112_SAT_fNa1_Keq100_sat1_B21,2,ae2_knockout,199.99999999999432,124.57994726408829,6.955717918749559,22.63217354392472,33.99580119596823,117.61763699726096,32.58040078288022,11.243972101432078,0.55,0.0,0.0013583161967172463,6.923577685998967,0.04521208247762415,7.419877981974364e-12,2.842170943040401e-14,Radau,55885266c44ecbbfe86be622c6ebd08b77151ee6ef7dfd5c8bbc8d4250b58e50
R2_0461_C8_112_SAT_fNa1_Keq100_sat10_B21,2,ae4_knockout,0.0,118.7,5.6,28.7,25.0,120.0,50.0,10.0,0.05,0.0,0.0005314154767606833,6.910000000216041,0.0,0.0027096403272154363,1.4210854715202004e-14,BDF,55885266c44ecbbfe86be622c6ebd08b77151ee6ef7dfd5c8bbc8d4250b58e50
R2_0461_C8_112_SAT_fNa1_Keq100_sat10_B21,2,ae4_knockout,50.0,118.67821255541007,5.56384986168932,60.042501715322416,21.47447494932945,123.48506518502992,48.3796325742343,55.95033944754428,0.05,0.0,0.0005104191180756151,7.360525811568973,0.0,1.5727683958401356e-05,1.4210854715202004e-14,BDF,55885266c44ecbbfe86be622c6ebd08b77151ee6ef7dfd5c8bbc8d4250b58e50
R2_0461_C8_112_SAT_fNa1_Keq100_sat10_B21,2,ae4_knockout,100.0,118.59268696740394,5.56043248926294,64.15967747405041,21.215864828801944,123.65299038489225,48.683270544620036,58.16324858310311,0.05,0.0,0.0005111371706745183,7.374167015075932,0.0,3.821223296021636e-06,1.3877787807814457e-17,BDF,55885266c44ecbbfe86be622c6ebd08b77151ee6ef7dfd5c8bbc8d4250b58e50
R2_0461_C8_112_SAT_fNa1_Keq100_sat10_B21,2,ae4_knockout,100.0000001,118.59282139400246,5.560442218433377,64.15967747697104,21.215864828801365,123.65298813817462,48.68326829696727,58.16324858599093,0.55,0.0,0.0005113089163143738,7.37416472859298,0.0,0.15940463191159138,2.842170943040401e-14,BDF,55885266c44ecbbfe86be622c6ebd08b77151ee6ef7dfd5c8bbc8d4250b58e50
R2_0461_C8_112_SAT_fNa1_Keq100_sat10_B21,2,ae4_knockout,149.99999999999716,124.57845310153094,6.955453609908703,28.770224785911715,33.3218073995644,118.29007980645112,32.39619137532663,34.42311158014008,0.55,0.0,0.0013581225198820296,7.198441431376855,0.0,1.4511865330012268e-07,2.7582103268031233e-16,BDF,55885266c44ecbbfe86be622c6ebd08b77151ee6ef7dfd5c8bbc8d4250b58e50
R2_0461_C8_112_SAT_fNa1_Keq100_sat10_B21,2,ae4_knockout,199.99999999999432,124.57849349477075,6.955453947890111,28.76993661029377,33.32195035217142,118.28998037301702,32.396140329189436,34.42235681524503,0.55,0.0,0.0013581198854213375,7.19844203984743,0.0,4.7314069301337935e-08,1.4210854715202004e-14,BDF,55885266c44ecbbfe86be622c6ebd08b77151ee6ef7dfd5c8bbc8d4250b58e50
R2_0461_C8_112_SAT_fNa1_Keq100_sat10_B21,2,wt,0.0,118.7,5.6,28.7,25.0,120.0,50.0,10.0,0.05,0.0,0.0005314154767606833,6.910000000216041,0.03888333867647999,1.781179185555778e-12,1.4210854715202004e-14,Radau,55885266c44ecbbfe86be622c6ebd08b77151ee6ef7dfd5c8bbc8d4250b58e50
R2_0461_C8_112_SAT_fNa1_Keq100_sat10_B21,2,wt,50.0,118.70000000438021,5.600000000234814,28.70000000279878,25.000000012711624,119.99999999195722,49.99999999207621,10.000000020757245,0.05,0.0,0.0005314154768987684,6.910000439715566,0.03888333872230677,3.6304356503043557e-09,4.163336342344337e-17,Radau,55885266c44ecbbfe86be622c6ebd08b77151ee6ef7dfd5c8bbc8d4250b58e50
R2_0461_C8_112_SAT_fNa1_Keq100_sat10_B21,2,wt,100.0,118.69999999990944,5.599999999871784,28.699999976190178,24.999999988782932,120.00000001106214,49.999999993382346,9.999999935968013,0.05,0.0,0.0005314154766596809,6.909999921656989,0.038883338551672204,6.544561820604157e-10,1.4210854715202004e-14,Radau,55885266c44ecbbfe86be622c6ebd08b77151ee6ef7dfd5c8bbc8d4250b58e50
R2_0461_C8_112_SAT_fNa1_Keq100_sat10_B21,2,wt,100.0000001,118.70015663305215,5.600011333355485,28.699999976089156,24.99999998887198,119.99999415854624,49.99999414062057,9.999999936002656,0.55,0.0,0.0005316193383788569,6.909999925469561,0.038883339665062085,0.15662088086122244,2.7755575615628914e-16,Radau,55885266c44ecbbfe86be622c6ebd08b77151ee6ef7dfd5c8bbc8d4250b58e50
R2_0461_C8_112_SAT_fNa1_Keq100_sat10_B21,2,wt,149.99999999999716,124.59336530232797,6.958153112079684,21.858395745680923,36.99028493496964,114.6376107453061,33.47534278123223,6.547826414045549,0.55,0.0,0.0013601279224851857,6.827431183084951,0.03835965251067799,3.528918793527623e-08,1.27675647831893e-15,Radau,55885266c44ecbbfe86be622c6ebd08b77151ee6ef7dfd5c8bbc8d4250b58e50
R2_0461_C8_112_SAT_fNa1_Keq100_sat10_B21,2,wt,199.99999999999432,124.59336530228346,6.958153112126444,21.858395751923634,36.99028494606369,114.63761073436432,33.4753427832139,6.5478264432162865,0.55,0.0,0.0013601279232716892,6.827433734053025,0.038359652601445186,4.695729385779163e-09,1.4210854715202004e-14,Radau,55885266c44ecbbfe86be622c6ebd08b77151ee6ef7dfd5c8bbc8d4250b58e50
R2_0461_C8_112_SAT_fNa1_Keq100_sat10_B21,2,ae2_knockout,0.0,118.7,5.6,28.7,25.0,120.0,50.0,10.0,0.05,0.0,0.0005314154767606833,6.910000000216041,0.03888333867647999,0.0006807834084587881,1.4210854715202004e-14,Radau,55885266c44ecbbfe86be622c6ebd08b77151ee6ef7dfd5c8bbc8d4250b58e50
R2_0461_C8_112_SAT_fNa1_Keq100_sat10_B21,2,ae2_knockout,50.0,118.63883355832866,5.581616013791639,29.565575519258765,23.445293506506957,121.48201325191131,49.30174598303598,13.11404911135983,0.05,0.0,0.0005223243561910295,6.965424622315267,0.04274078510798596,1.8953751062254086e-10,1.4210854715202004e-14,Radau,55885266c44ecbbfe86be622c6ebd08b77151ee6ef7dfd5c8bbc8d4250b58e50
R2_0461_C8_112_SAT_fNa1_Keq100_sat10_B21,2,ae2_knockout,100.0,118.63883355774675,5.581616013695572,29.565575488205553,23.44529349693851,121.48201326079989,49.301745982658126,13.114049024312974,0.05,0.0,0.0005223243562678926,6.965424949403953,0.04274078502137712,2.2318908172514614e-09,1.4210854715202004e-14,Radau,55885266c44ecbbfe86be622c6ebd08b77151ee6ef7dfd5c8bbc8d4250b58e50
R2_0461_C8_112_SAT_fNa1_Keq100_sat10_B21,2,ae2_knockout,100.0000001,118.63899116760206,5.581627417852247,29.56557548810401,23.445293497017293,121.48200754420438,49.30174026581516,13.114049024360034,0.55,0.0,0.0005225292894341616,6.965424932419729,0.04274078575579377,0.15759753593416856,2.842170943040401e-14,Radau,55885266c44ecbbfe86be622c6ebd08b77151ee6ef7dfd5c8bbc8d4250b58e50
R2_0461_C8_112_SAT_fNa1_Keq100_sat10_B21,2,ae2_knockout,149.99999999999716,124.57994726195771,6.955717918417489,22.63217393009071,33.99580082428887,117.61763736675175,32.580400675566835,11.24397404583213,0.55,0.0,0.0013583161962593894,6.92357731908268,0.045212078544430045,4.111072427093208e-09,1.4210854715202004e-14,Radau,55885266c44ecbbfe86be622c6ebd08b77151ee6ef7dfd5c8bbc8d4250b58e50
R2_0461_C8_112_SAT_fNa1_Keq100_sat10_B21,2,ae2_knockout,199.99999999999432,124.57994726306093,6.955717918542298,22.632173930785807,33.99580081846492,117.61763737367065,32.58040067665862,11.243974049043599,0.55,0.0,0.0013583161965394855,6.923577691330099,0.04521207854594672,2.9035828014389795e-10,1.4210854715202004e-14,Radau,55885266c44ecbbfe86be622c6ebd08b77151ee6ef7dfd5c8bbc8d4250b58e50
R2_0462_C8_112_SAT_fNa1_Keq100_sat100_B21,2,ae4_knockout,0.0,118.7,5.6,28.7,25.0,120.0,50.0,10.0,0.05,0.0,0.0005314154767606833,6.910000000216041,0.0,0.0027096403272154363,1.4210854715202004e-14,BDF,55885266c44ecbbfe86be622c6ebd08b77151ee6ef7dfd5c8bbc8d4250b58e50
R2_0462_C8_112_SAT_fNa1_Keq100_sat100_B21,2,ae4_knockout,50.0,118.67821255541007,5.56384986168932,60.042501715322416,21.47447494932945,123.48506518502992,48.3796325742343,55.95033944754428,0.05,0.0,0.0005104191180756151,7.360525811568973,0.0,1.5727683958401356e-05,1.4210854715202004e-14,BDF,55885266c44ecbbfe86be622c6ebd08b77151ee6ef7dfd5c8bbc8d4250b58e50
R2_0462_C8_112_SAT_fNa1_Keq100_sat100_B21,2,ae4_knockout,100.0,118.59268696740394,5.56043248926294,64.15967747405041,21.215864828801944,123.65299038489225,48.683270544620036,58.16324858310311,0.05,0.0,0.0005111371706745183,7.374167015075932,0.0,3.821223296021636e-06,1.3877787807814457e-17,BDF,55885266c44ecbbfe86be622c6ebd08b77151ee6ef7dfd5c8bbc8d4250b58e50
R2_0462_C8_112_SAT_fNa1_Keq100_sat100_B21,2,ae4_knockout,100.0000001,118.59282139400246,5.560442218433377,64.15967747697104,21.215864828801365,123.65298813817462,48.68326829696727,58.16324858599093,0.55,0.0,0.0005113089163143738,7.37416472859298,0.0,0.15940463191159138,2.842170943040401e-14,BDF,55885266c44ecbbfe86be622c6ebd08b77151ee6ef7dfd5c8bbc8d4250b58e50
R2_0462_C8_112_SAT_fNa1_Keq100_sat100_B21,2,ae4_knockout,149.99999999999716,124.57845310153094,6.955453609908703,28.770224785911715,33.3218073995644,118.29007980645112,32.39619137532663,34.42311158014008,0.55,0.0,0.0013581225198820296,7.198441431376855,0.0,1.4511865330012268e-07,2.7582103268031233e-16,BDF,55885266c44ecbbfe86be622c6ebd08b77151ee6ef7dfd5c8bbc8d4250b58e50
R2_0462_C8_112_SAT_fNa1_Keq100_sat100_B21,2,ae4_knockout,199.99999999999432,124.57849349477075,6.955453947890111,28.76993661029377,33.32195035217142,118.28998037301702,32.396140329189436,34.42235681524503,0.55,0.0,0.0013581198854213375,7.19844203984743,0.0,4.7314069301337935e-08,1.4210854715202004e-14,BDF,55885266c44ecbbfe86be622c6ebd08b77151ee6ef7dfd5c8bbc8d4250b58e50
R2_0462_C8_112_SAT_fNa1_Keq100_sat100_B21,2,wt,0.0,118.7,5.6,28.7,25.0,120.0,50.0,10.0,0.05,0.0,0.0005314154767606833,6.910000000216041,0.03888333867647999,1.781179185555778e-12,1.4210854715202004e-14,BDF,55885266c44ecbbfe86be622c6ebd08b77151ee6ef7dfd5c8bbc8d4250b58e50
R2_0462_C8_112_SAT_fNa1_Keq100_sat100_B21,2,wt,50.0,118.69999999999997,5.600000000000002,28.699999999999985,24.99999999999998,120.00000000000001,50.000000000000036,9.999999999999988,0.05,0.0,0.0005314154767606088,6.909999999965214,0.03888333867647995,2.8681063056498684e-13,1.4210854715202004e-14,BDF,55885266c44ecbbfe86be622c6ebd08b77151ee6ef7dfd5c8bbc8d4250b58e50
R2_0462_C8_112_SAT_fNa1_Keq100_sat100_B21,2,wt,100.0,118.69999999999996,5.600000000000002,28.699999999999985,24.99999999999999,120.0,50.00000000000003,9.999999999999988,0.05,0.0,0.0005314154767605923,6.909999999965214,0.03888333867647995,2.8679463008309986e-13,1.4210854715202004e-14,BDF,55885266c44ecbbfe86be622c6ebd08b77151ee6ef7dfd5c8bbc8d4250b58e50
R2_0462_C8_112_SAT_fNa1_Keq100_sat100_B21,2,wt,100.0000001,118.7001321124389,5.60000956090555,28.6999999993596,24.99999999997552,119.99999506351855,49.999995061959886,10.000000000646907,0.55,0.0,0.0005315874253916448,6.909996437130892,0.038883339616996415,0.15662472287374102,9.992007221626409e-16,BDF,55885266c44ecbbfe86be622c6ebd08b77151ee6ef7dfd5c8bbc8d4250b58e50
R2_0462_C8_112_SAT_fNa1_Keq100_sat100_B21,2,wt,149.99999999999716,124.59336531204931,6.958153111493728,21.85839572058944,36.99028507325041,114.63761061760225,33.47534276306934,6.5478263137151504,0.55,0.0,0.0013601279220008383,6.82743397878481,0.038359652930277155,1.7055665428026592e-09,2.842170943040401e-14,BDF,55885266c44ecbbfe86be622c6ebd08b77151ee6ef7dfd5c8bbc8d4250b58e50
R2_0462_C8_112_SAT_fNa1_Keq100_sat100_B21,2,wt,199.99999999999432,124.59336530154816,6.958153112148193,21.858395732905425,36.99028498021957,114.63761069943297,33.47534279516136,6.547826333258075,0.55,0.0,0.0013601279234777464,6.827434119028629,0.038359652955031215,4.865089652112721e-11,1.4210854715202004e-14,BDF,55885266c44ecbbfe86be622c6ebd08b77151ee6ef7dfd5c8bbc8d4250b58e50
R2_0462_C8_112_SAT_fNa1_Keq100_sat100_B21,2,ae2_knockout,0.0,118.7,5.6,28.7,25.0,120.0,50.0,10.0,0.05,0.0,0.0005314154767606833,6.910000000216041,0.03888333867647999,0.0006807834084587881,1.4210854715202004e-14,BDF,55885266c44ecbbfe86be622c6ebd08b77151ee6ef7dfd5c8bbc8d4250b58e50
R2_0462_C8_112_SAT_fNa1_Keq100_sat100_B21,2,ae2_knockout,50.0,118.63883354420956,5.581616013025463,29.565575609984126,23.445293446611274,121.48201329673101,49.30174602540163,13.114049307181435,0.05,0.0,0.0005223243561248606,6.965424354215577,0.042740784803151854,2.204339302985723e-09,3.0791341698588326e-17,BDF,55885266c44ecbbfe86be622c6ebd08b77151ee6ef7dfd5c8bbc8d4250b58e50
R2_0462_C8_112_SAT_fNa1_Keq100_sat100_B21,2,ae2_knockout,100.0,118.63883355815372,5.581616013504265,29.565575578593712,23.44529347723585,121.48201328085783,49.30174597176084,13.114049287918574,0.05,0.0,0.0005223243560080383,6.965424557399107,0.04274078479970975,6.920818907946318e-10,2.842170943040401e-14,BDF,55885266c44ecbbfe86be622c6ebd08b77151ee6ef7dfd5c8bbc8d4250b58e50
R2_0462_C8_112_SAT_fNa1_Keq100_sat100_B21,2,ae2_knockout,100.0000001,118.63896650358093,5.581625634473425,29.565575578024795,23.445293477224048,121.48200845873721,49.30174114825378,13.114049288595218,0.55,0.0,0.0005224972201144042,6.965420989020001,0.04274078541995765,0.15760139459006506,1.4210854715202004e-14,BDF,55885266c44ecbbfe86be622c6ebd08b77151ee6ef7dfd5c8bbc8d4250b58e50
R2_0462_C8_112_SAT_fNa1_Keq100_sat100_B21,2,ae2_knockout,149.99999999999716,124.57994725525099,6.955717918742177,22.63217398022646,33.995800738041474,117.6176374457244,32.58040068421331,11.243974268580283,0.55,0.0,0.001358316197316473,6.923577718969171,0.04521207816351466,5.356134058811471e-11,1.2628786905111156e-15,BDF,55885266c44ecbbfe86be622c6ebd08b77151ee6ef7dfd5c8bbc8d4250b58e50
R2_0462_C8_112_SAT_fNa1_Keq100_sat100_B21,2,ae2_knockout,199.99999999999432,124.57994726301071,6.955717918541867,22.63217396976324,33.99580077920208,117.61763741287395,32.58040066645203,11.243974244817863,0.55,0.0,0.0013583161965585074,6.923577723265132,0.04521207815328745,1.8983944027153254e-12,2.3314683517128287e-15,BDF,55885266c44ecbbfe86be622c6ebd08b77151ee6ef7dfd5c8bbc8d4250b58e50
C1_PKA_COMMON_F1_onset100,3,ae4_knockout,0.0,118.69999999999787,5.599999999999802,28.700000000015038,24.99999999995821,120.00000000003949,50.000000000030866,10.000000000011443,0.05,0.0,0.0005314154767605587,6.910000000015379,0.0,0.0027096403259780346,4.163336342344337e-17,Radau,55885266c44ecbbfe86be622c6ebd08b77151ee6ef7dfd5c8bbc8d4250b58e50
C1_PKA_COMMON_F1_onset100,3,ae4_knockout,50.0,118.67820559019336,5.563849581784695,60.042805911420906,21.474454077149854,123.4850786711123,48.37965694862536,55.95051347780487,0.05,0.0,0.0005104192089573925,7.3610429629814025,0.0,1.5726678643062785e-05,1.4210854715202004e-14,Radau,55885266c44ecbbfe86be622c6ebd08b77151ee6ef7dfd5c8bbc8d4250b58e50
C1_PKA_COMMON_F1_onset100,3,ae4_knockout,100.0,118.59268477897092,5.560432402351709,64.15979343757735,21.215858168793915,123.65299472468149,48.6832784122492,58.1633071175354,0.05,0.0,0.0005111371894007521,7.374167301672294,0.0,3.820918313663909e-06,1.4210854715202004e-14,Radau,55885266c44ecbbfe86be622c6ebd08b77151ee6ef7dfd5c8bbc8d4250b58e50
C1_PKA_COMMON_F1_onset100,3,ae4_knockout,100.0000001,118.59284419202078,5.560443936980629,64.15979344129754,21.215858168607948,123.65299206041472,48.68327574798109,58.16330711955529,0.55,1.0,0.0005113408550010507,7.374167303279104,0.0,0.1594008134202504,1.4210854715202004e-14,Radau,55885266c44ecbbfe86be622c6ebd08b77151ee6ef7dfd5c8bbc8d4250b58e50
C1_PKA_COMMON_F1_onset100,3,ae4_knockout,149.99999999999716,124.57845525354624,6.955453664059412,28.770214819314173,33.32181279293814,118.29007673615098,32.39618967278038,34.42308623040328,0.55,1.0,0.0013581224179100059,7.198451236112165,0.0,3.565053131924921e-08,1.4210854715202004e-14,Radau,55885266c44ecbbfe86be622c6ebd08b77151ee6ef7dfd5c8bbc8d4250b58e50
C1_PKA_COMMON_F1_onset100,3,ae4_knockout,199.99999999999432,124.57849346480722,6.955453947982956,28.769936907981478,33.321950234930426,118.2899804583751,32.39614037261321,34.42235761666265,0.55,1.0,0.0013581198878636362,7.198446492536877,0.0,9.72967075383475e-10,2.842170943040401e-14,Radau,55885266c44ecbbfe86be622c6ebd08b77151ee6ef7dfd5c8bbc8d4250b58e50
C1_PKA_COMMON_F1_onset100,3,wt,0.0,118.69999999999787,5.599999999999802,28.700000000015038,24.99999999995821,120.00000000003949,50.000000000030866,10.000000000011443,0.05,0.0,0.0005314154767605587,6.910000000015379,0.03888333867647999,1.1751825255755232e-13,3.469446951953614e-17,Radau,55885266c44ecbbfe86be622c6ebd08b77151ee6ef7dfd5c8bbc8d4250b58e50
C1_PKA_COMMON_F1_onset100,3,wt,50.0,118.69999999989764,5.599999999982771,28.699999999840305,24.999999998862307,120.00000000102317,49.999999999259174,10.000000000153468,0.05,0.0,0.0005314154767529351,6.909999999764552,0.03888333891777225,1.831980678535582e-11,1.4210854715202004e-14,Radau,55885266c44ecbbfe86be622c6ebd08b77151ee6ef7dfd5c8bbc8d4250b58e50
C1_PKA_COMMON_F1_onset100,3,wt,100.0,118.69999999998102,5.600000000000332,28.700000000008785,25.000000000124327,119.99999999985772,50.00000000003096,9.999999999978256,0.05,0.0,0.0005314154767584056,6.909999996252972,0.038883339159064514,5.666148224883051e-11,2.3852447794681098e-17,Radau,55885266c44ecbbfe86be622c6ebd08b77151ee6ef7dfd5c8bbc8d4250b58e50
C1_PKA_COMMON_F1_onset100,3,wt,100.0000001,118.70015663311757,5.600011333483743,28.699999999907707,24.999999877738915,119.99999414734206,49.9999942697432,9.999999755065533,0.55,1.0,0.0005316194803785727,6.909999996403468,0.04455083173123738,0.15662086422973615,1.5126788710517758e-15,Radau,55885266c44ecbbfe86be622c6ebd08b77151ee6ef7dfd5c8bbc8d4250b58e50
C1_PKA_COMMON_F1_onset100,3,wt,149.99999999999716,124.59303742341272,6.958093631592133,21.89072414076,36.934197749851805,114.69334545795638,33.457588368386965,6.730045880485352,0.55,1.0,0.001360083655710254,6.831652324628339,0.03780355942247197,3.785148406085932e-09,1.4210854715202004e-14,Radau,55885266c44ecbbfe86be622c6ebd08b77151ee6ef7dfd5c8bbc8d4250b58e50
C1_PKA_COMMON_F1_onset100,3,wt,199.99999999999432,124.59303742315952,6.95809363154558,21.890724139822538,36.93419773269175,114.69334547481098,33.45758836245855,6.730045881453433,0.55,1.0,0.0013600836555835278,6.831651978240871,0.037803576269842556,1.4934617710419057e-11,1.4210854715202004e-14,Radau,55885266c44ecbbfe86be622c6ebd08b77151ee6ef7dfd5c8bbc8d4250b58e50
C1_PKA_COMMON_F1_onset100,3,ae2_knockout,0.0,118.69999999999787,5.599999999999802,28.700000000015038,24.99999999995821,120.00000000003949,50.000000000030866,10.000000000011443,0.05,0.0,0.0005314154767605587,6.910000000015379,0.03888333867647999,0.0006807834072216711,2.7755575615628914e-17,Radau,55885266c44ecbbfe86be622c6ebd08b77151ee6ef7dfd5c8bbc8d4250b58e50
C1_PKA_COMMON_F1_onset100,3,ae2_knockout,50.0,118.66019025416308,5.588048721279831,28.608095277311083,24.013635819927263,120.9390555607234,49.524905150010504,10.154718567176914,0.05,0.0,0.0005255001630535541,6.914091000658459,0.04842438338157177,1.1276307035229961e-08,1.4210854715202004e-14,Radau,55885266c44ecbbfe86be622c6ebd08b77151ee6ef7dfd5c8bbc8d4250b58e50
C1_PKA_COMMON_F1_onset100,3,ae2_knockout,100.0,118.66019025583341,5.5880487215435,28.608095278653952,24.013635839189117,120.93905554327559,49.524905159176775,10.154718564048991,0.05,0.0,0.0005255001629847211,6.9140902110769975,0.04842447440046083,1.457602235117799e-11,5.551115123125783e-17,Radau,55885266c44ecbbfe86be622c6ebd08b77151ee6ef7dfd5c8bbc8d4250b58e50
C1_PKA_COMMON_F1_onset100,3,ae2_knockout,100.0000001,118.6603474712795,5.588060097161956,28.608095278552483,24.013635714807634,120.9390496501344,49.52489939024989,10.154718315150772,0.55,1.0,0.0005257049486707058,6.914090210975718,0.05418202062370104,0.15720313114089957,6.088879400678593e-16,Radau,55885266c44ecbbfe86be622c6ebd08b77151ee6ef7dfd5c8bbc8d4250b58e50
C1_PKA_COMMON_F1_onset100,3,ae2_knockout,149.99999999999716,124.58349067293592,6.956361203276007,21.80280376508497,35.035923695522506,116.58131176063772,32.87808224972148,6.849857899669047,0.55,1.0,0.0013587946572322298,6.835827972170458,0.05583503225648442,2.2700881393915945e-09,1.6445178552260131e-15,Radau,55885266c44ecbbfe86be622c6ebd08b77151ee6ef7dfd5c8bbc8d4250b58e50
C1_PKA_COMMON_F1_onset100,3,ae2_knockout,199.99999999999432,124.58349067293723,6.956361203276202,21.802803765069466,35.03592369556051,116.58131176058917,32.87808224968912,6.849857899661351,0.55,1.0,0.001358794657191363,6.835827823226888,0.055835021346627045,3.356316842150834e-11,1.4210854715202004e-14,Radau,55885266c44ecbbfe86be622c6ebd08b77151ee6ef7dfd5c8bbc8d4250b58e50
C1_PKA_COMMON_F1.25_onset100,3,ae4_knockout,0.0,118.69999999999787,5.599999999999802,28.700000000015038,24.99999999995821,120.00000000003949,50.000000000030866,10.000000000011443,0.05,0.0,0.0005314154767605587,6.910000000015379,0.0,0.0027096403259780346,4.163336342344337e-17,Radau,55885266c44ecbbfe86be622c6ebd08b77151ee6ef7dfd5c8bbc8d4250b58e50
C1_PKA_COMMON_F1.25_onset100,3,ae4_knockout,50.0,118.67820559019336,5.563849581784695,60.042805911420906,21.474454077149854,123.4850786711123,48.37965694862536,55.95051347780487,0.05,0.0,0.0005104192089573925,7.3610429629814025,0.0,1.5726678643062785e-05,1.4210854715202004e-14,Radau,55885266c44ecbbfe86be622c6ebd08b77151ee6ef7dfd5c8bbc8d4250b58e50
C1_PKA_COMMON_F1.25_onset100,3,ae4_knockout,100.0,118.59268477897092,5.560432402351709,64.15979343757735,21.215858168793915,123.65299472468149,48.6832784122492,58.1633071175354,0.05,0.0,0.0005111371894007521,7.374167301672294,0.0,3.820918313663909e-06,1.4210854715202004e-14,Radau,55885266c44ecbbfe86be622c6ebd08b77151ee6ef7dfd5c8bbc8d4250b58e50
C1_PKA_COMMON_F1.25_onset100,3,ae4_knockout,100.0000001,118.59284419202078,5.560443936980629,64.15979344129754,21.215858168607948,123.65299206041472,48.68327574798109,58.16330711955529,0.55,1.0,0.0005113408550010507,7.374167303279104,0.0,0.1594008134202504,1.4210854715202004e-14,Radau,55885266c44ecbbfe86be622c6ebd08b77151ee6ef7dfd5c8bbc8d4250b58e50
C1_PKA_COMMON_F1.25_onset100,3,ae4_knockout,149.99999999999716,124.57845525354624,6.955453664059412,28.770214819314173,33.32181279293814,118.29007673615098,32.39618967278038,34.42308623040328,0.55,1.0,0.0013581224179100059,7.198451236112165,0.0,3.565053131924921e-08,1.4210854715202004e-14,Radau,55885266c44ecbbfe86be622c6ebd08b77151ee6ef7dfd5c8bbc8d4250b58e50
C1_PKA_COMMON_F1.25_onset100,3,ae4_knockout,199.99999999999432,124.57849346480722,6.955453947982956,28.769936907981478,33.321950234930426,118.2899804583751,32.39614037261321,34.42235761666265,0.55,1.0,0.0013581198878636362,7.198446492536877,0.0,9.72967075383475e-10,2.842170943040401e-14,Radau,55885266c44ecbbfe86be622c6ebd08b77151ee6ef7dfd5c8bbc8d4250b58e50
C1_PKA_COMMON_F1.25_onset100,3,wt,0.0,118.69999999999787,5.599999999999802,28.700000000015038,24.99999999995821,120.00000000003949,50.000000000030866,10.000000000011443,0.05,0.0,0.0005314154767605587,6.910000000015379,0.03888333867647999,1.1751825255755232e-13,3.469446951953614e-17,Radau,55885266c44ecbbfe86be622c6ebd08b77151ee6ef7dfd5c8bbc8d4250b58e50
C1_PKA_COMMON_F1.25_onset100,3,wt,50.0,118.69999999989764,5.599999999982771,28.699999999840305,24.999999998862307,120.00000000102317,49.999999999259174,10.000000000153468,0.05,0.0,0.0005314154767529351,6.909999999764552,0.03888333891777225,1.831980678535582e-11,1.4210854715202004e-14,Radau,55885266c44ecbbfe86be622c6ebd08b77151ee6ef7dfd5c8bbc8d4250b58e50
C1_PKA_COMMON_F1.25_onset100,3,wt,100.0,118.69999999998102,5.600000000000332,28.700000000008785,25.000000000124327,119.99999999985772,50.00000000003096,9.999999999978256,0.05,0.0,0.0005314154767584056,6.909999996252972,0.038883339159064514,5.666148224883051e-11,2.3852447794681098e-17,Radau,55885266c44ecbbfe86be622c6ebd08b77151ee6ef7dfd5c8bbc8d4250b58e50
C1_PKA_COMMON_F1.25_onset100,3,wt,100.0000001,118.7001566331031,5.600011333483066,28.69999999990757,24.999999707645145,119.99999414734259,49.999994439837344,9.999999414877811,0.55,1.0,0.0005316196774460771,6.9099999962028065,0.04656086286230421,0.15662084114324676,7.632783294297951e-16,Radau,55885266c44ecbbfe86be622c6ebd08b77151ee6ef7dfd5c8bbc8d4250b58e50
C1_PKA_COMMON_F1.25_onset100,3,wt,149.99999999999716,124.59303742378286,6.958093631668604,21.8907240660513,36.934197860135505,114.69334534803544,33.45758840254503,6.730045466472087,0.55,1.0,0.001360083655698334,6.831652015434579,0.03780356380451184,1.5516458805404099e-09,1.4849232954361469e-15,Radau,55885266c44ecbbfe86be622c6ebd08b77151ee6ef7dfd5c8bbc8d4250b58e50
C1_PKA_COMMON_F1.25_onset100,3,wt,199.99999999999432,124.59303742399,6.958093631686773,21.890724066011302,36.93419785856302,114.6933453498294,33.45758840244574,6.730045466605951,0.55,1.0,0.0013600836556877435,6.831651966219932,0.03780357733411379,2.348732072706742e-11,5.273559366969494e-16,Radau,55885266c44ecbbfe86be622c6ebd08b77151ee6ef7dfd5c8bbc8d4250b58e50
C1_PKA_COMMON_F1.25_onset100,3,ae2_knockout,0.0,118.69999999999787,5.599999999999802,28.700000000015038,24.99999999995821,120.00000000003949,50.000000000030866,10.000000000011443,0.05,0.0,0.0005314154767605587,6.910000000015379,0.03888333867647999,0.0006807834072216711,2.7755575615628914e-17,Radau,55885266c44ecbbfe86be622c6ebd08b77151ee6ef7dfd5c8bbc8d4250b58e50
C1_PKA_COMMON_F1.25_onset100,3,ae2_knockout,50.0,118.66019025416308,5.588048721279831,28.608095277311083,24.013635819927263,120.9390555607234,49.524905150010504,10.154718567176914,0.05,0.0,0.0005255001630535541,6.914091000658459,0.04842438338157177,1.1276307035229961e-08,1.4210854715202004e-14,Radau,55885266c44ecbbfe86be622c6ebd08b77151ee6ef7dfd5c8bbc8d4250b58e50
C1_PKA_COMMON_F1.25_onset100,3,ae2_knockout,100.0,118.66019025583341,5.5880487215435,28.608095278653952,24.013635839189117,120.93905554327559,49.524905159176775,10.154718564048991,0.05,0.0,0.0005255001629847211,6.9140902110769975,0.04842447440046083,1.457602235117799e-11,5.551115123125783e-17,Radau,55885266c44ecbbfe86be622c6ebd08b77151ee6ef7dfd5c8bbc8d4250b58e50
C1_PKA_COMMON_F1.25_onset100,3,ae2_knockout,100.0000001,118.66034747126155,5.588060097161117,28.608095278552312,24.013635504113207,120.93904965013508,49.52489960094475,10.154717893761749,0.55,1.0,0.0005257051927773025,6.914090210671877,0.05663224631229548,0.15720310255741987,3.5214886562329184e-16,Radau,55885266c44ecbbfe86be622c6ebd08b77151ee6ef7dfd5c8bbc8d4250b58e50
C1_PKA_COMMON_F1.25_onset100,3,ae2_knockout,149.99999999999716,124.58349067366395,6.9563612034086315,21.80280365157015,35.03592387974008,116.58131157718786,32.878082303632006,6.849857264046602,0.55,1.0,0.0013587946572802434,6.835827778273174,0.05583501295525768,8.355004079273437e-10,1.4210854715202004e-14,Radau,55885266c44ecbbfe86be622c6ebd08b77151ee6ef7dfd5c8bbc8d4250b58e50
C1_PKA_COMMON_F1.25_onset100,3,ae2_knockout,199.99999999999432,124.58349067374516,6.956361203418986,21.8028036516,35.035923879160194,116.58131157784372,32.878082303792986,6.8498572641202085,0.55,1.0,0.0013587946572937155,6.835827762118595,0.05583501631611421,8.738042042679946e-10,1.2091022627558345e-15,Radau,55885266c44ecbbfe86be622c6ebd08b77151ee6ef7dfd5c8bbc8d4250b58e50
C1_PKA_COMMON_F1.6_onset100,3,ae4_knockout,0.0,118.69999999999787,5.599999999999802,28.700000000015038,24.99999999995821,120.00000000003949,50.000000000030866,10.000000000011443,0.05,0.0,0.0005314154767605587,6.910000000015379,0.0,0.0027096403259780346,4.163336342344337e-17,Radau,55885266c44ecbbfe86be622c6ebd08b77151ee6ef7dfd5c8bbc8d4250b58e50
C1_PKA_COMMON_F1.6_onset100,3,ae4_knockout,50.0,118.67820559019336,5.563849581784695,60.042805911420906,21.474454077149854,123.4850786711123,48.37965694862536,55.95051347780487,0.05,0.0,0.0005104192089573925,7.3610429629814025,0.0,1.5726678643062785e-05,1.4210854715202004e-14,Radau,55885266c44ecbbfe86be622c6ebd08b77151ee6ef7dfd5c8bbc8d4250b58e50
C1_PKA_COMMON_F1.6_onset100,3,ae4_knockout,100.0,118.59268477897092,5.560432402351709,64.15979343757735,21.215858168793915,123.65299472468149,48.6832784122492,58.1633071175354,0.05,0.0,0.0005111371894007521,7.374167301672294,0.0,3.820918313663909e-06,1.4210854715202004e-14,Radau,55885266c44ecbbfe86be622c6ebd08b77151ee6ef7dfd5c8bbc8d4250b58e50
C1_PKA_COMMON_F1.6_onset100,3,ae4_knockout,100.0000001,118.59284419202078,5.560443936980629,64.15979344129754,21.215858168607948,123.65299206041472,48.68327574798109,58.16330711955529,0.55,1.0,0.0005113408550010507,7.374167303279104,0.0,0.1594008134202504,1.4210854715202004e-14,Radau,55885266c44ecbbfe86be622c6ebd08b77151ee6ef7dfd5c8bbc8d4250b58e50
C1_PKA_COMMON_F1.6_onset100,3,ae4_knockout,149.99999999999716,124.57845525354624,6.955453664059412,28.770214819314173,33.32181279293814,118.29007673615098,32.39618967278038,34.42308623040328,0.55,1.0,0.0013581224179100059,7.198451236112165,0.0,3.565053131924921e-08,1.4210854715202004e-14,Radau,55885266c44ecbbfe86be622c6ebd08b77151ee6ef7dfd5c8bbc8d4250b58e50
C1_PKA_COMMON_F1.6_onset100,3,ae4_knockout,199.99999999999432,124.57849346480722,6.955453947982956,28.769936907981478,33.321950234930426,118.2899804583751,32.39614037261321,34.42235761666265,0.55,1.0,0.0013581198878636362,7.198446492536877,0.0,9.72967075383475e-10,2.842170943040401e-14,Radau,55885266c44ecbbfe86be622c6ebd08b77151ee6ef7dfd5c8bbc8d4250b58e50
C1_PKA_COMMON_F1.6_onset100,3,wt,0.0,118.69999999999787,5.599999999999802,28.700000000015038,24.99999999995821,120.00000000003949,50.000000000030866,10.000000000011443,0.05,0.0,0.0005314154767605587,6.910000000015379,0.03888333867647999,1.1751825255755232e-13,3.469446951953614e-17,Radau,55885266c44ecbbfe86be622c6ebd08b77151ee6ef7dfd5c8bbc8d4250b58e50
C1_PKA_COMMON_F1.6_onset100,3,wt,50.0,118.69999999989764,5.599999999982771,28.699999999840305,24.999999998862307,120.00000000102317,49.999999999259174,10.000000000153468,0.05,0.0,0.0005314154767529351,6.909999999764552,0.03888333891777225,1.831980678535582e-11,1.4210854715202004e-14,Radau,55885266c44ecbbfe86be622c6ebd08b77151ee6ef7dfd5c8bbc8d4250b58e50
C1_PKA_COMMON_F1.6_onset100,3,wt,100.0,118.69999999998102,5.600000000000332,28.700000000008785,25.000000000124327,119.99999999985772,50.00000000003096,9.999999999978256,0.05,0.0,0.0005314154767584056,6.909999996252972,0.038883339159064514,5.666148224883051e-11,2.3852447794681098e-17,Radau,55885266c44ecbbfe86be622c6ebd08b77151ee6ef7dfd5c8bbc8d4250b58e50
C1_PKA_COMMON_F1.6_onset100,3,wt,100.0000001,118.70015663308695,5.60001133348231,28.69999999990742,24.99999953420457,119.99999414734319,49.999994613278425,9.999999067996274,0.55,1.0,0.0005316198783894099,6.9099999962028065,0.047684586442702404,0.15662081760270935,4.85722573273506e-16,Radau,55885266c44ecbbfe86be622c6ebd08b77151ee6ef7dfd5c8bbc8d4250b58e50
C1_PKA_COMMON_F1.6_onset100,3,wt,149.99999999999716,124.59303742447226,6.958093631791317,21.890724001457762,36.93419797016246,114.69334523874846,33.45758843746791,6.730045103484584,0.55,1.0,0.0013600836557664336,6.831651943225176,0.03780358028563524,2.6876442975209066e-10,1.4210854715202004e-14,Radau,55885266c44ecbbfe86be622c6ebd08b77151ee6ef7dfd5c8bbc8d4250b58e50
C1_PKA_COMMON_F1.6_onset100,3,wt,199.99999999999432,124.59303742453191,6.958093631795196,21.890724001445047,36.93419796985751,114.69334523911742,33.45758843743706,6.730045103509205,0.55,1.0,0.0013600836557728555,6.8316519594764795,0.03780357852075468,1.9377856494939693e-12,1.4210854715202004e-14,Radau,55885266c44ecbbfe86be622c6ebd08b77151ee6ef7dfd5c8bbc8d4250b58e50
C1_PKA_COMMON_F1.6_onset100,3,ae2_knockout,0.0,118.69999999999787,5.599999999999802,28.700000000015038,24.99999999995821,120.00000000003949,50.000000000030866,10.000000000011443,0.05,0.0,0.0005314154767605587,6.910000000015379,0.03888333867647999,0.0006807834072216711,2.7755575615628914e-17,Radau,55885266c44ecbbfe86be622c6ebd08b77151ee6ef7dfd5c8bbc8d4250b58e50
C1_PKA_COMMON_F1.6_onset100,3,ae2_knockout,50.0,118.66019025416308,5.588048721279831,28.608095277311083,24.013635819927263,120.9390555607234,49.524905150010504,10.154718567176914,0.05,0.0,0.0005255001630535541,6.914091000658459,0.04842438338157177,1.1276307035229961e-08,1.4210854715202004e-14,Radau,55885266c44ecbbfe86be622c6ebd08b77151ee6ef7dfd5c8bbc8d4250b58e50
C1_PKA_COMMON_F1.6_onset100,3,ae2_knockout,100.0,118.66019025583341,5.5880487215435,28.608095278653952,24.013635839189117,120.93905554327559,49.524905159176775,10.154718564048991,0.05,0.0,0.0005255001629847211,6.9140902110769975,0.04842447440046083,1.457602235117799e-11,5.551115123125783e-17,Radau,55885266c44ecbbfe86be622c6ebd08b77151ee6ef7dfd5c8bbc8d4250b58e50
C1_PKA_COMMON_F1.6_onset100,3,ae2_knockout,100.0000001,118.66034747124151,5.58806009716018,28.608095278552128,24.013635289221863,120.93904965013583,49.52489981583624,10.15471746397953,0.55,1.0,0.0005257054417438343,6.914090209203313,0.05800444269834535,0.15720307340487685,4.891920202254596e-16,Radau,55885266c44ecbbfe86be622c6ebd08b77151ee6ef7dfd5c8bbc8d4250b58e50
C1_PKA_COMMON_F1.6_onset100,3,ae2_knockout,149.99999999999716,124.58349067440838,6.95636120350985,21.802803551082082,35.03592401676774,116.5813114409191,32.878082343294956,6.849856709448267,0.55,1.0,0.0013587946573937618,6.835827781910069,0.05583474275574943,2.574650111016022e-08,1.4210854715202004e-14,Radau,55885266c44ecbbfe86be622c6ebd08b77151ee6ef7dfd5c8bbc8d4250b58e50
C1_PKA_COMMON_F1.6_onset100,3,ae2_knockout,199.99999999999432,124.58349067402028,6.956361203504044,21.802803552387658,35.03592404497048,116.58131141234578,32.87808235150863,6.84985670755802,0.55,1.0,0.0013587946573675896,6.835827799967675,0.05583506046182658,3.2775484560238825e-09,7.494005416219807e-16,Radau,55885266c44ecbbfe86be622c6ebd08b77151ee6ef7dfd5c8bbc8d4250b58e50
C1_PKA_COMMON_F3_onset100,3,ae4_knockout,0.0,118.69999999999787,5.599999999999802,28.700000000015038,24.99999999995821,120.00000000003949,50.000000000030866,10.000000000011443,0.05,0.0,0.0005314154767605587,6.910000000015379,0.0,0.0027096403259780346,4.163336342344337e-17,Radau,55885266c44ecbbfe86be622c6ebd08b77151ee6ef7dfd5c8bbc8d4250b58e50
C1_PKA_COMMON_F3_onset100,3,ae4_knockout,50.0,118.67820559019336,5.563849581784695,60.042805911420906,21.474454077149854,123.4850786711123,48.37965694862536,55.95051347780487,0.05,0.0,0.0005104192089573925,7.3610429629814025,0.0,1.5726678643062785e-05,1.4210854715202004e-14,Radau,55885266c44ecbbfe86be622c6ebd08b77151ee6ef7dfd5c8bbc8d4250b58e50
C1_PKA_COMMON_F3_onset100,3,ae4_knockout,100.0,118.59268477897092,5.560432402351709,64.15979343757735,21.215858168793915,123.65299472468149,48.6832784122492,58.1633071175354,0.05,0.0,0.0005111371894007521,7.374167301672294,0.0,3.820918313663909e-06,1.4210854715202004e-14,Radau,55885266c44ecbbfe86be622c6ebd08b77151ee6ef7dfd5c8bbc8d4250b58e50
C1_PKA_COMMON_F3_onset100,3,ae4_knockout,100.0000001,118.59284419202078,5.560443936980629,64.15979344129754,21.215858168607948,123.65299206041472,48.68327574798109,58.16330711955529,0.55,1.0,0.0005113408550010507,7.374167303279104,0.0,0.1594008134202504,1.4210854715202004e-14,Radau,55885266c44ecbbfe86be622c6ebd08b77151ee6ef7dfd5c8bbc8d4250b58e50
C1_PKA_COMMON_F3_onset100,3,ae4_knockout,149.99999999999716,124.57845525354624,6.955453664059412,28.770214819314173,33.32181279293814,118.29007673615098,32.39618967278038,34.42308623040328,0.55,1.0,0.0013581224179100059,7.198451236112165,0.0,3.565053131924921e-08,1.4210854715202004e-14,Radau,55885266c44ecbbfe86be622c6ebd08b77151ee6ef7dfd5c8bbc8d4250b58e50
C1_PKA_COMMON_F3_onset100,3,ae4_knockout,199.99999999999432,124.57849346480722,6.955453947982956,28.769936907981478,33.321950234930426,118.2899804583751,32.39614037261321,34.42235761666265,0.55,1.0,0.0013581198878636362,7.198446492536877,0.0,9.72967075383475e-10,2.842170943040401e-14,Radau,55885266c44ecbbfe86be622c6ebd08b77151ee6ef7dfd5c8bbc8d4250b58e50
C1_PKA_COMMON_F3_onset100,3,wt,0.0,118.69999999999787,5.599999999999802,28.700000000015038,24.99999999995821,120.00000000003949,50.000000000030866,10.000000000011443,0.05,0.0,0.0005314154767605587,6.910000000015379,0.03888333867647999,1.1751825255755232e-13,3.469446951953614e-17,Radau,55885266c44ecbbfe86be622c6ebd08b77151ee6ef7dfd5c8bbc8d4250b58e50
C1_PKA_COMMON_F3_onset100,3,wt,50.0,118.69999999989764,5.599999999982771,28.699999999840305,24.999999998862307,120.00000000102317,49.999999999259174,10.000000000153468,0.05,0.0,0.0005314154767529351,6.909999999764552,0.03888333891777225,1.831980678535582e-11,1.4210854715202004e-14,Radau,55885266c44ecbbfe86be622c6ebd08b77151ee6ef7dfd5c8bbc8d4250b58e50
C1_PKA_COMMON_F3_onset100,3,wt,100.0,118.69999999998102,5.600000000000332,28.700000000008785,25.000000000124327,119.99999999985772,50.00000000003096,9.999999999978256,0.05,0.0,0.0005314154767584056,6.909999996252972,0.038883339159064514,5.666148224883051e-11,2.3852447794681098e-17,Radau,55885266c44ecbbfe86be622c6ebd08b77151ee6ef7dfd5c8bbc8d4250b58e50
C1_PKA_COMMON_F3_onset100,3,wt,100.0000001,118.70015663304854,5.600011333480511,28.699999999907064,24.999999205049726,119.99999414734462,49.99999494243413,9.999998409686338,0.55,1.0,0.0005316202597287405,6.909999995450325,0.047016664457694785,0.1566207729287894,2.842170943040401e-14,Radau,55885266c44ecbbfe86be622c6ebd08b77151ee6ef7dfd5c8bbc8d4250b58e50
C1_PKA_COMMON_F3_onset100,3,wt,149.99999999999716,124.59303742573347,6.958093632003193,21.890723893988895,36.93419815655007,114.69334505371744,33.45758849684575,6.730044498347832,0.55,1.0,0.0013600836559430922,6.831651999476468,0.03780357139229179,1.1669872529000506e-09,3.885780586188048e-16,Radau,55885266c44ecbbfe86be622c6ebd08b77151ee6ef7dfd5c8bbc8d4250b58e50
C1_PKA_COMMON_F3_onset100,3,wt,199.99999999999432,124.59303742558562,6.958093631987121,21.890723893821825,36.93419815325253,114.69334505684716,33.45758849567782,6.7300444985306145,0.55,1.0,0.0013600836559088184,6.831651901717341,0.03780356110290024,1.4716947553657918e-09,2.42861286636753e-15,Radau,55885266c44ecbbfe86be622c6ebd08b77151ee6ef7dfd5c8bbc8d4250b58e50
C1_PKA_COMMON_F3_onset100,3,ae2_knockout,0.0,118.69999999999787,5.599999999999802,28.700000000015038,24.99999999995821,120.00000000003949,50.000000000030866,10.000000000011443,0.05,0.0,0.0005314154767605587,6.910000000015379,0.03888333867647999,0.0006807834072216711,2.7755575615628914e-17,Radau,55885266c44ecbbfe86be622c6ebd08b77151ee6ef7dfd5c8bbc8d4250b58e50
C1_PKA_COMMON_F3_onset100,3,ae2_knockout,50.0,118.66019025416308,5.588048721279831,28.608095277311083,24.013635819927263,120.9390555607234,49.524905150010504,10.154718567176914,0.05,0.0,0.0005255001630535541,6.914091000658459,0.04842438338157177,1.1276307035229961e-08,1.4210854715202004e-14,Radau,55885266c44ecbbfe86be622c6ebd08b77151ee6ef7dfd5c8bbc8d4250b58e50
C1_PKA_COMMON_F3_onset100,3,ae2_knockout,100.0,118.66019025583341,5.5880487215435,28.608095278653952,24.013635839189117,120.93905554327559,49.524905159176775,10.154718564048991,0.05,0.0,0.0005255001629847211,6.9140902110769975,0.04842447440046083,1.457602235117799e-11,5.551115123125783e-17,Radau,55885266c44ecbbfe86be622c6ebd08b77151ee6ef7dfd5c8bbc8d4250b58e50
C1_PKA_COMMON_F3_onset100,3,ae2_knockout,100.0000001,118.66034747119345,5.588060097157933,28.60809527855168,24.013634881970425,120.93904965013763,49.524900223089276,10.154716649475333,0.55,1.0,0.000525705913561112,6.914090209962915,0.0572876976124832,0.15720301815784063,1.4210854715202004e-14,Radau,55885266c44ecbbfe86be622c6ebd08b77151ee6ef7dfd5c8bbc8d4250b58e50
C1_PKA_COMMON_F3_onset100,3,ae2_knockout,149.99999999999716,124.58349067529643,6.95636120370854,21.802803386162214,35.03592429547445,116.58131116319186,32.87808242547087,6.849855781897493,0.55,1.0,0.0013587946575379824,6.835827796203912,0.055835031592930684,4.305601811056765e-10,1.4210854715202004e-14,Radau,55885266c44ecbbfe86be622c6ebd08b77151ee6ef7dfd5c8bbc8d4250b58e50
C1_PKA_COMMON_F3_onset100,3,ae2_knockout,199.99999999999432,124.5834906754781,6.95636120373378,21.802803386774965,35.035924308499936,116.58131115037808,32.87808242966742,6.849855781061291,0.55,1.0,0.0013587946575309877,6.835827784151411,0.05583502854230707,1.5357483907543233e-10,1.4210854715202004e-14,Radau,55885266c44ecbbfe86be622c6ebd08b77151ee6ef7dfd5c8bbc8d4250b58e50
C1_PKA_COMMON_F10_onset100,3,ae4_knockout,0.0,118.69999999999787,5.599999999999802,28.700000000015038,24.99999999995821,120.00000000003949,50.000000000030866,10.000000000011443,0.05,0.0,0.0005314154767605587,6.910000000015379,0.0,0.0027096403259780346,4.163336342344337e-17,Radau,55885266c44ecbbfe86be622c6ebd08b77151ee6ef7dfd5c8bbc8d4250b58e50
C1_PKA_COMMON_F10_onset100,3,ae4_knockout,50.0,118.67820559019336,5.563849581784695,60.042805911420906,21.474454077149854,123.4850786711123,48.37965694862536,55.95051347780487,0.05,0.0,0.0005104192089573925,7.3610429629814025,0.0,1.5726678643062785e-05,1.4210854715202004e-14,Radau,55885266c44ecbbfe86be622c6ebd08b77151ee6ef7dfd5c8bbc8d4250b58e50
C1_PKA_COMMON_F10_onset100,3,ae4_knockout,100.0,118.59268477897092,5.560432402351709,64.15979343757735,21.215858168793915,123.65299472468149,48.6832784122492,58.1633071175354,0.05,0.0,0.0005111371894007521,7.374167301672294,0.0,3.820918313663909e-06,1.4210854715202004e-14,Radau,55885266c44ecbbfe86be622c6ebd08b77151ee6ef7dfd5c8bbc8d4250b58e50
C1_PKA_COMMON_F10_onset100,3,ae4_knockout,100.0000001,118.59284419202078,5.560443936980629,64.15979344129754,21.215858168607948,123.65299206041472,48.68327574798109,58.16330711955529,0.55,1.0,0.0005113408550010507,7.374167303279104,0.0,0.1594008134202504,1.4210854715202004e-14,Radau,55885266c44ecbbfe86be622c6ebd08b77151ee6ef7dfd5c8bbc8d4250b58e50
C1_PKA_COMMON_F10_onset100,3,ae4_knockout,149.99999999999716,124.57845525354624,6.955453664059412,28.770214819314173,33.32181279293814,118.29007673615098,32.39618967278038,34.42308623040328,0.55,1.0,0.0013581224179100059,7.198451236112165,0.0,3.565053131924921e-08,1.4210854715202004e-14,Radau,55885266c44ecbbfe86be622c6ebd08b77151ee6ef7dfd5c8bbc8d4250b58e50
C1_PKA_COMMON_F10_onset100,3,ae4_knockout,199.99999999999432,124.57849346480722,6.955453947982956,28.769936907981478,33.321950234930426,118.2899804583751,32.39614037261321,34.42235761666265,0.55,1.0,0.0013581198878636362,7.198446492536877,0.0,9.72967075383475e-10,2.842170943040401e-14,Radau,55885266c44ecbbfe86be622c6ebd08b77151ee6ef7dfd5c8bbc8d4250b58e50
C1_PKA_COMMON_F10_onset100,3,wt,0.0,118.69999999999787,5.599999999999802,28.700000000015038,24.99999999995821,120.00000000003949,50.000000000030866,10.000000000011443,0.05,0.0,0.0005314154767605587,6.910000000015379,0.03888333867647999,1.1751825255755232e-13,3.469446951953614e-17,Radau,55885266c44ecbbfe86be622c6ebd08b77151ee6ef7dfd5c8bbc8d4250b58e50
C1_PKA_COMMON_F10_onset100,3,wt,50.0,118.69999999989764,5.599999999982771,28.699999999840305,24.999999998862307,120.00000000102317,49.999999999259174,10.000000000153468,0.05,0.0,0.0005314154767529351,6.909999999764552,0.03888333891777225,1.831980678535582e-11,1.4210854715202004e-14,Radau,55885266c44ecbbfe86be622c6ebd08b77151ee6ef7dfd5c8bbc8d4250b58e50
C1_PKA_COMMON_F10_onset100,3,wt,100.0,118.69999999998102,5.600000000000332,28.700000000008785,25.000000000124327,119.99999999985772,50.00000000003096,9.999999999978256,0.05,0.0,0.0005314154767584056,6.909999996252972,0.038883339159064514,5.666148224883051e-11,2.3852447794681098e-17,Radau,55885266c44ecbbfe86be622c6ebd08b77151ee6ef7dfd5c8bbc8d4250b58e50
C1_PKA_COMMON_F10_onset100,3,wt,100.0000001,118.70015663300536,5.600011333478488,28.69999999990666,24.999998947047892,119.99999414734621,49.999995200437056,9.999997893682135,0.55,1.0,0.0005316205586178468,6.90999999484834,0.04596174791549546,0.156620737913971,9.575673587391975e-16,Radau,55885266c44ecbbfe86be622c6ebd08b77151ee6ef7dfd5c8bbc8d4250b58e50
C1_PKA_COMMON_F10_onset100,3,wt,149.99999999999716,124.59303742646478,6.958093632151973,21.89072380778095,36.93419830258361,114.69334490851178,33.45758854278954,6.7300440143626785,0.55,1.0,0.0013600836560232112,6.831652019287981,0.03780366249735666,6.821888938493547e-09,2.842170943040401e-14,Radau,55885266c44ecbbfe86be622c6ebd08b77151ee6ef7dfd5c8bbc8d4250b58e50
C1_PKA_COMMON_F10_onset100,3,wt,199.99999999999432,124.59303742646806,6.958093632146307,21.89072380771748,36.934198301817815,114.69334490923846,33.457588542423515,6.730044014395206,0.55,1.0,0.0013600836560342332,6.831651934680677,0.03780358269855788,8.101920021942586e-11,2.842170943040401e-14,Radau,55885266c44ecbbfe86be622c6ebd08b77151ee6ef7dfd5c8bbc8d4250b58e50
C1_PKA_K_RECRUIT_F1_onset100,3,ae4_knockout,0.0,118.69999999999787,5.599999999999802,28.700000000015038,24.99999999995821,120.00000000003949,50.000000000030866,10.000000000011443,0.05,0.0,0.0005314154767605587,6.910000000015379,0.0,0.0027096403259780346,4.163336342344337e-17,Radau,55885266c44ecbbfe86be622c6ebd08b77151ee6ef7dfd5c8bbc8d4250b58e50
C1_PKA_K_RECRUIT_F1_onset100,3,ae4_knockout,50.0,118.67820559019336,5.563849581784695,60.042805911420906,21.474454077149854,123.4850786711123,48.37965694862536,55.95051347780487,0.05,0.0,0.0005104192089573925,7.3610429629814025,0.0,1.5726678643062785e-05,1.4210854715202004e-14,Radau,55885266c44ecbbfe86be622c6ebd08b77151ee6ef7dfd5c8bbc8d4250b58e50
C1_PKA_K_RECRUIT_F1_onset100,3,ae4_knockout,100.0,118.59268477897092,5.560432402351709,64.15979343757735,21.215858168793915,123.65299472468149,48.6832784122492,58.1633071175354,0.05,0.0,0.0005111371894007521,7.374167301672294,0.0,3.820918313663909e-06,1.4210854715202004e-14,Radau,55885266c44ecbbfe86be622c6ebd08b77151ee6ef7dfd5c8bbc8d4250b58e50
C1_PKA_K_RECRUIT_F1_onset100,3,ae4_knockout,100.0000001,118.59284419202078,5.560443936980629,64.15979344129754,21.215858168607948,123.65299206041472,48.68327574798109,58.16330711955529,0.55,1.0,0.0005113408550010507,7.374167303279104,0.0,0.1594008134202504,1.4210854715202004e-14,Radau,55885266c44ecbbfe86be622c6ebd08b77151ee6ef7dfd5c8bbc8d4250b58e50
C1_PKA_K_RECRUIT_F1_onset100,3,ae4_knockout,149.99999999999716,124.57845525354624,6.955453664059412,28.770214819314173,33.32181279293814,118.29007673615098,32.39618967278038,34.42308623040328,0.55,1.0,0.0013581224179100059,7.198451236112165,0.0,3.565053131924921e-08,1.4210854715202004e-14,Radau,55885266c44ecbbfe86be622c6ebd08b77151ee6ef7dfd5c8bbc8d4250b58e50
C1_PKA_K_RECRUIT_F1_onset100,3,ae4_knockout,199.99999999999432,124.57849346480722,6.955453947982956,28.769936907981478,33.321950234930426,118.2899804583751,32.39614037261321,34.42235761666265,0.55,1.0,0.0013581198878636362,7.198446492536877,0.0,9.72967075383475e-10,2.842170943040401e-14,Radau,55885266c44ecbbfe86be622c6ebd08b77151ee6ef7dfd5c8bbc8d4250b58e50
C1_PKA_K_RECRUIT_F1_onset100,3,wt,0.0,118.69999999999787,5.599999999999802,28.700000000015038,24.99999999995821,120.00000000003949,50.000000000030866,10.000000000011443,0.05,0.0,0.0005314154767605587,6.910000000015379,0.03888333867647999,1.1751825255755232e-13,3.469446951953614e-17,Radau,55885266c44ecbbfe86be622c6ebd08b77151ee6ef7dfd5c8bbc8d4250b58e50
C1_PKA_K_RECRUIT_F1_onset100,3,wt,50.0,118.69999999989764,5.599999999982771,28.699999999840305,24.999999998862307,120.00000000102317,49.999999999259174,10.000000000153468,0.05,0.0,0.0005314154767529351,6.909999999764552,0.03888333891777225,1.831980678535582e-11,1.4210854715202004e-14,Radau,55885266c44ecbbfe86be622c6ebd08b77151ee6ef7dfd5c8bbc8d4250b58e50
C1_PKA_K_RECRUIT_F1_onset100,3,wt,100.0,118.69999999998102,5.600000000000332,28.700000000008785,25.000000000124327,119.99999999985772,50.00000000003096,9.999999999978256,0.05,0.0,0.0005314154767584056,6.909999996252972,0.038883339159064514,5.666148224883051e-11,2.3852447794681098e-17,Radau,55885266c44ecbbfe86be622c6ebd08b77151ee6ef7dfd5c8bbc8d4250b58e50
C1_PKA_K_RECRUIT_F1_onset100,3,wt,100.0000001,118.70015663311757,5.600011333483743,28.699999999907707,24.999999877738915,119.99999414734206,49.9999942697432,9.999999755065533,0.55,1.0,0.0005316194803785727,6.909999996403468,0.04455083173123738,0.15662086422973615,1.5126788710517758e-15,Radau,55885266c44ecbbfe86be622c6ebd08b77151ee6ef7dfd5c8bbc8d4250b58e50
C1_PKA_K_RECRUIT_F1_onset100,3,wt,149.99999999999716,124.59303742341272,6.958093631592133,21.89072414076,36.934197749851805,114.69334545795638,33.457588368386965,6.730045880485352,0.55,1.0,0.001360083655710254,6.831652324628339,0.03780355942247197,3.785148406085932e-09,1.4210854715202004e-14,Radau,55885266c44ecbbfe86be622c6ebd08b77151ee6ef7dfd5c8bbc8d4250b58e50
C1_PKA_K_RECRUIT_F1_onset100,3,wt,199.99999999999432,124.59303742315952,6.95809363154558,21.890724139822538,36.93419773269175,114.69334547481098,33.45758836245855,6.730045881453433,0.55,1.0,0.0013600836555835278,6.831651978240871,0.037803576269842556,1.4934617710419057e-11,1.4210854715202004e-14,Radau,55885266c44ecbbfe86be622c6ebd08b77151ee6ef7dfd5c8bbc8d4250b58e50
C1_PKA_K_RECRUIT_F1_onset100,3,ae2_knockout,0.0,118.69999999999787,5.599999999999802,28.700000000015038,24.99999999995821,120.00000000003949,50.000000000030866,10.000000000011443,0.05,0.0,0.0005314154767605587,6.910000000015379,0.03888333867647999,0.0006807834072216711,2.7755575615628914e-17,Radau,55885266c44ecbbfe86be622c6ebd08b77151ee6ef7dfd5c8bbc8d4250b58e50
C1_PKA_K_RECRUIT_F1_onset100,3,ae2_knockout,50.0,118.66019025416308,5.588048721279831,28.608095277311083,24.013635819927263,120.9390555607234,49.524905150010504,10.154718567176914,0.05,0.0,0.0005255001630535541,6.914091000658459,0.04842438338157177,1.1276307035229961e-08,1.4210854715202004e-14,Radau,55885266c44ecbbfe86be622c6ebd08b77151ee6ef7dfd5c8bbc8d4250b58e50
C1_PKA_K_RECRUIT_F1_onset100,3,ae2_knockout,100.0,118.66019025583341,5.5880487215435,28.608095278653952,24.013635839189117,120.93905554327559,49.524905159176775,10.154718564048991,0.05,0.0,0.0005255001629847211,6.9140902110769975,0.04842447440046083,1.457602235117799e-11,5.551115123125783e-17,Radau,55885266c44ecbbfe86be622c6ebd08b77151ee6ef7dfd5c8bbc8d4250b58e50
C1_PKA_K_RECRUIT_F1_onset100,3,ae2_knockout,100.0000001,118.6603474712795,5.588060097161956,28.608095278552483,24.013635714807634,120.9390496501344,49.52489939024989,10.154718315150772,0.55,1.0,0.0005257049486707058,6.914090210975718,0.05418202062370104,0.15720313114089957,6.088879400678593e-16,Radau,55885266c44ecbbfe86be622c6ebd08b77151ee6ef7dfd5c8bbc8d4250b58e50
C1_PKA_K_RECRUIT_F1_onset100,3,ae2_knockout,149.99999999999716,124.58349067293592,6.956361203276007,21.80280376508497,35.035923695522506,116.58131176063772,32.87808224972148,6.849857899669047,0.55,1.0,0.0013587946572322298,6.835827972170458,0.05583503225648442,2.2700881393915945e-09,1.6445178552260131e-15,Radau,55885266c44ecbbfe86be622c6ebd08b77151ee6ef7dfd5c8bbc8d4250b58e50
C1_PKA_K_RECRUIT_F1_onset100,3,ae2_knockout,199.99999999999432,124.58349067293723,6.956361203276202,21.802803765069466,35.03592369556051,116.58131176058917,32.87808224968912,6.849857899661351,0.55,1.0,0.001358794657191363,6.835827823226888,0.055835021346627045,3.356316842150834e-11,1.4210854715202004e-14,Radau,55885266c44ecbbfe86be622c6ebd08b77151ee6ef7dfd5c8bbc8d4250b58e50
C1_PKA_K_RECRUIT_F1.25_onset100,3,ae4_knockout,0.0,118.69999999999787,5.599999999999802,28.700000000015038,24.99999999995821,120.00000000003949,50.000000000030866,10.000000000011443,0.05,0.0,0.0005314154767605587,6.910000000015379,0.0,0.0027096403259780346,4.163336342344337e-17,Radau,55885266c44ecbbfe86be622c6ebd08b77151ee6ef7dfd5c8bbc8d4250b58e50
C1_PKA_K_RECRUIT_F1.25_onset100,3,ae4_knockout,50.0,118.67820559019336,5.563849581784695,60.042805911420906,21.474454077149854,123.4850786711123,48.37965694862536,55.95051347780487,0.05,0.0,0.0005104192089573925,7.3610429629814025,0.0,1.5726678643062785e-05,1.4210854715202004e-14,Radau,55885266c44ecbbfe86be622c6ebd08b77151ee6ef7dfd5c8bbc8d4250b58e50
C1_PKA_K_RECRUIT_F1.25_onset100,3,ae4_knockout,100.0,118.59268477897092,5.560432402351709,64.15979343757735,21.215858168793915,123.65299472468149,48.6832784122492,58.1633071175354,0.05,0.0,0.0005111371894007521,7.374167301672294,0.0,3.820918313663909e-06,1.4210854715202004e-14,Radau,55885266c44ecbbfe86be622c6ebd08b77151ee6ef7dfd5c8bbc8d4250b58e50
C1_PKA_K_RECRUIT_F1.25_onset100,3,ae4_knockout,100.0000001,118.59284419202078,5.560443936980629,64.15979344129754,21.215858168607948,123.65299206041472,48.68327574798109,58.16330711955529,0.55,1.0,0.0005113408550010507,7.374167303279104,0.0,0.1594008134202504,1.4210854715202004e-14,Radau,55885266c44ecbbfe86be622c6ebd08b77151ee6ef7dfd5c8bbc8d4250b58e50
C1_PKA_K_RECRUIT_F1.25_onset100,3,ae4_knockout,149.99999999999716,124.57845525354624,6.955453664059412,28.770214819314173,33.32181279293814,118.29007673615098,32.39618967278038,34.42308623040328,0.55,1.0,0.0013581224179100059,7.198451236112165,0.0,3.565053131924921e-08,1.4210854715202004e-14,Radau,55885266c44ecbbfe86be622c6ebd08b77151ee6ef7dfd5c8bbc8d4250b58e50
C1_PKA_K_RECRUIT_F1.25_onset100,3,ae4_knockout,199.99999999999432,124.57849346480722,6.955453947982956,28.769936907981478,33.321950234930426,118.2899804583751,32.39614037261321,34.42235761666265,0.55,1.0,0.0013581198878636362,7.198446492536877,0.0,9.72967075383475e-10,2.842170943040401e-14,Radau,55885266c44ecbbfe86be622c6ebd08b77151ee6ef7dfd5c8bbc8d4250b58e50
C1_PKA_K_RECRUIT_F1.25_onset100,3,wt,0.0,118.69999999999787,5.599999999999802,28.700000000015038,24.99999999995821,120.00000000003949,50.000000000030866,10.000000000011443,0.05,0.0,0.0005314154767605587,6.910000000015379,0.03888333867647999,1.1751825255755232e-13,3.469446951953614e-17,Radau,55885266c44ecbbfe86be622c6ebd08b77151ee6ef7dfd5c8bbc8d4250b58e50
C1_PKA_K_RECRUIT_F1.25_onset100,3,wt,50.0,118.69999999989764,5.599999999982771,28.699999999840305,24.999999998862307,120.00000000102317,49.999999999259174,10.000000000153468,0.05,0.0,0.0005314154767529351,6.909999999764552,0.03888333891777225,1.831980678535582e-11,1.4210854715202004e-14,Radau,55885266c44ecbbfe86be622c6ebd08b77151ee6ef7dfd5c8bbc8d4250b58e50
C1_PKA_K_RECRUIT_F1.25_onset100,3,wt,100.0,118.69999999998102,5.600000000000332,28.700000000008785,25.000000000124327,119.99999999985772,50.00000000003096,9.999999999978256,0.05,0.0,0.0005314154767584056,6.909999996252972,0.038883339159064514,5.666148224883051e-11,2.3852447794681098e-17,Radau,55885266c44ecbbfe86be622c6ebd08b77151ee6ef7dfd5c8bbc8d4250b58e50
C1_PKA_K_RECRUIT_F1.25_onset100,3,wt,100.0000001,118.70015663310217,5.600011333483018,28.699999999907565,25.000000024376046,119.99999381471582,49.99999445573319,9.999999383086092,0.55,1.0,0.0005316196958633079,6.9099999962028065,0.04725999009174088,0.15662083874625837,1.4210854715202004e-14,Radau,55885266c44ecbbfe86be622c6ebd08b77151ee6ef7dfd5c8bbc8d4250b58e50
C1_PKA_K_RECRUIT_F1.25_onset100,3,wt,149.99999999999716,124.49456123416762,6.940172213533911,21.830195722180722,38.42155317211574,113.09960035745117,33.19928318152498,6.572973980905907,0.55,1.0,0.001346781593803576,6.826982005417277,0.038007905153004944,7.681822361782091e-10,1.0113437864944785e-15,Radau,55885266c44ecbbfe86be622c6ebd08b77151ee6ef7dfd5c8bbc8d4250b58e50
C1_PKA_K_RECRUIT_F1.25_onset100,3,wt,199.99999999999432,124.49456123647413,6.940172213917402,21.830195718174924,38.42155302535543,113.09960050661077,33.19928315368405,6.5729739907015095,0.55,1.0,0.0013467815941126734,6.826981827156074,0.03800786103099093,4.582598594843842e-09,1.1631320906424492e-15,Radau,55885266c44ecbbfe86be622c6ebd08b77151ee6ef7dfd5c8bbc8d4250b58e50
C1_PKA_K_RECRUIT_F1.25_onset100,3,ae2_knockout,0.0,118.69999999999787,5.599999999999802,28.700000000015038,24.99999999995821,120.00000000003949,50.000000000030866,10.000000000011443,0.05,0.0,0.0005314154767605587,6.910000000015379,0.03888333867647999,0.0006807834072216711,2.7755575615628914e-17,Radau,55885266c44ecbbfe86be622c6ebd08b77151ee6ef7dfd5c8bbc8d4250b58e50
C1_PKA_K_RECRUIT_F1.25_onset100,3,ae2_knockout,50.0,118.66019025416308,5.588048721279831,28.608095277311083,24.013635819927263,120.9390555607234,49.524905150010504,10.154718567176914,0.05,0.0,0.0005255001630535541,6.914091000658459,0.04842438338157177,1.1276307035229961e-08,1.4210854715202004e-14,Radau,55885266c44ecbbfe86be622c6ebd08b77151ee6ef7dfd5c8bbc8d4250b58e50
C1_PKA_K_RECRUIT_F1.25_onset100,3,ae2_knockout,100.0,118.66019025583341,5.5880487215435,28.608095278653952,24.013635839189117,120.93905554327559,49.524905159176775,10.154718564048991,0.05,0.0,0.0005255001629847211,6.9140902110769975,0.04842447440046083,1.457602235117799e-11,5.551115123125783e-17,Radau,55885266c44ecbbfe86be622c6ebd08b77151ee6ef7dfd5c8bbc8d4250b58e50
C1_PKA_K_RECRUIT_F1.25_onset100,3,ae2_knockout,100.0000001,118.66034747126034,5.588060097161057,28.608095278552305,24.01363589326103,120.93904924054704,49.524899621384996,10.154717852881236,0.55,1.0,0.0005257052164597206,6.914090210722517,0.05752671688625609,0.15720309949159794,2.842170943040401e-14,Radau,55885266c44ecbbfe86be622c6ebd08b77151ee6ef7dfd5c8bbc8d4250b58e50
C1_PKA_K_RECRUIT_F1.25_onset100,3,ae2_knockout,149.99999999999716,124.438982809011,6.930007246707776,21.707389773306918,37.1063550074175,114.35470940106256,32.465815116200716,6.614150631477493,0.55,1.0,0.0013392683581212803,6.828874636046352,0.05642121029916194,8.439269309640985e-10,1.4210854715202004e-14,Radau,55885266c44ecbbfe86be622c6ebd08b77151ee6ef7dfd5c8bbc8d4250b58e50
C1_PKA_K_RECRUIT_F1.25_onset100,3,ae2_knockout,199.99999999999432,124.4389828089826,6.930007246704359,21.707389773398656,37.10635501011366,114.3547093983327,32.465815116817716,6.614150631299649,0.55,1.0,0.0013392683581252972,6.8288746421225515,0.05642120111066635,4.726180866420428e-10,8.829742492721948e-16,Radau,55885266c44ecbbfe86be622c6ebd08b77151ee6ef7dfd5c8bbc8d4250b58e50
C1_PKA_K_RECRUIT_F1.6_onset100,3,ae4_knockout,0.0,118.69999999999787,5.599999999999802,28.700000000015038,24.99999999995821,120.00000000003949,50.000000000030866,10.000000000011443,0.05,0.0,0.0005314154767605587,6.910000000015379,0.0,0.0027096403259780346,4.163336342344337e-17,Radau,55885266c44ecbbfe86be622c6ebd08b77151ee6ef7dfd5c8bbc8d4250b58e50
C1_PKA_K_RECRUIT_F1.6_onset100,3,ae4_knockout,50.0,118.67820559019336,5.563849581784695,60.042805911420906,21.474454077149854,123.4850786711123,48.37965694862536,55.95051347780487,0.05,0.0,0.0005104192089573925,7.3610429629814025,0.0,1.5726678643062785e-05,1.4210854715202004e-14,Radau,55885266c44ecbbfe86be622c6ebd08b77151ee6ef7dfd5c8bbc8d4250b58e50
C1_PKA_K_RECRUIT_F1.6_onset100,3,ae4_knockout,100.0,118.59268477897092,5.560432402351709,64.15979343757735,21.215858168793915,123.65299472468149,48.6832784122492,58.1633071175354,0.05,0.0,0.0005111371894007521,7.374167301672294,0.0,3.820918313663909e-06,1.4210854715202004e-14,Radau,55885266c44ecbbfe86be622c6ebd08b77151ee6ef7dfd5c8bbc8d4250b58e50
C1_PKA_K_RECRUIT_F1.6_onset100,3,ae4_knockout,100.0000001,118.59284419202078,5.560443936980629,64.15979344129754,21.215858168607948,123.65299206041472,48.68327574798109,58.16330711955529,0.55,1.0,0.0005113408550010507,7.374167303279104,0.0,0.1594008134202504,1.4210854715202004e-14,Radau,55885266c44ecbbfe86be622c6ebd08b77151ee6ef7dfd5c8bbc8d4250b58e50
C1_PKA_K_RECRUIT_F1.6_onset100,3,ae4_knockout,149.99999999999716,124.57845525354624,6.955453664059412,28.770214819314173,33.32181279293814,118.29007673615098,32.39618967278038,34.42308623040328,0.55,1.0,0.0013581224179100059,7.198451236112165,0.0,3.565053131924921e-08,1.4210854715202004e-14,Radau,55885266c44ecbbfe86be622c6ebd08b77151ee6ef7dfd5c8bbc8d4250b58e50
C1_PKA_K_RECRUIT_F1.6_onset100,3,ae4_knockout,199.99999999999432,124.57849346480722,6.955453947982956,28.769936907981478,33.321950234930426,118.2899804583751,32.39614037261321,34.42235761666265,0.55,1.0,0.0013581198878636362,7.198446492536877,0.0,9.72967075383475e-10,2.842170943040401e-14,Radau,55885266c44ecbbfe86be622c6ebd08b77151ee6ef7dfd5c8bbc8d4250b58e50
C1_PKA_K_RECRUIT_F1.6_onset100,3,wt,0.0,118.69999999999787,5.599999999999802,28.700000000015038,24.99999999995821,120.00000000003949,50.000000000030866,10.000000000011443,0.05,0.0,0.0005314154767605587,6.910000000015379,0.03888333867647999,1.1751825255755232e-13,3.469446951953614e-17,Radau,55885266c44ecbbfe86be622c6ebd08b77151ee6ef7dfd5c8bbc8d4250b58e50
C1_PKA_K_RECRUIT_F1.6_onset100,3,wt,50.0,118.69999999989764,5.599999999982771,28.699999999840305,24.999999998862307,120.00000000102317,49.999999999259174,10.000000000153468,0.05,0.0,0.0005314154767529351,6.909999999764552,0.03888333891777225,1.831980678535582e-11,1.4210854715202004e-14,Radau,55885266c44ecbbfe86be622c6ebd08b77151ee6ef7dfd5c8bbc8d4250b58e50
C1_PKA_K_RECRUIT_F1.6_onset100,3,wt,100.0,118.69999999998102,5.600000000000332,28.700000000008785,25.000000000124327,119.99999999985772,50.00000000003096,9.999999999978256,0.05,0.0,0.0005314154767584056,6.909999996252972,0.038883339159064514,5.666148224883051e-11,2.3852447794681098e-17,Radau,55885266c44ecbbfe86be622c6ebd08b77151ee6ef7dfd5c8bbc8d4250b58e50
C1_PKA_K_RECRUIT_F1.6_onset100,3,wt,100.0000001,118.70015663308459,5.6000113334821915,28.699999999907398,25.00000019148556,119.99999345166971,49.99999465167068,9.999998991211708,0.55,1.0,0.0005316199228712094,6.909999995349994,0.04920266522321549,0.1566208118909509,1.4210854715202004e-14,Radau,55885266c44ecbbfe86be622c6ebd08b77151ee6ef7dfd5c8bbc8d4250b58e50
C1_PKA_K_RECRUIT_F1.6_onset100,3,wt,149.99999999999716,124.40529843156993,6.923828697406056,21.780247374073873,39.80065982221637,111.6239675144296,32.98248853929979,6.436971259191793,0.55,1.0,0.0013347127737752514,6.822889195666228,0.0381942575832435,4.996058599831377e-09,1.4210854715202004e-14,Radau,55885266c44ecbbfe86be622c6ebd08b77151ee6ef7dfd5c8bbc8d4250b58e50
C1_PKA_K_RECRUIT_F1.6_onset100,3,wt,199.99999999999432,124.40529843156509,6.923828697412692,21.780247374110193,39.80065982131519,111.62396751534011,32.98248853938084,6.436971259274632,0.55,1.0,0.0013347127738019605,6.822889288722419,0.03819432052605412,1.9067654772719674e-10,4.371503159461554e-16,Radau,55885266c44ecbbfe86be622c6ebd08b77151ee6ef7dfd5c8bbc8d4250b58e50
C1_PKA_K_RECRUIT_F1.6_onset100,3,ae2_knockout,0.0,118.69999999999787,5.599999999999802,28.700000000015038,24.99999999995821,120.00000000003949,50.000000000030866,10.000000000011443,0.05,0.0,0.0005314154767605587,6.910000000015379,0.03888333867647999,0.0006807834072216711,2.7755575615628914e-17,Radau,55885266c44ecbbfe86be622c6ebd08b77151ee6ef7dfd5c8bbc8d4250b58e50
C1_PKA_K_RECRUIT_F1.6_onset100,3,ae2_knockout,50.0,118.66019025416308,5.588048721279831,28.608095277311083,24.013635819927263,120.9390555607234,49.524905150010504,10.154718567176914,0.05,0.0,0.0005255001630535541,6.914091000658459,0.04842438338157177,1.1276307035229961e-08,1.4210854715202004e-14,Radau,55885266c44ecbbfe86be622c6ebd08b77151ee6ef7dfd5c8bbc8d4250b58e50
C1_PKA_K_RECRUIT_F1.6_onset100,3,ae2_knockout,100.0,118.66019025583341,5.5880487215435,28.608095278653952,24.013635839189117,120.93905554327559,49.524905159176775,10.154718564048991,0.05,0.0,0.0005255001629847211,6.9140902110769975,0.04842447440046083,1.457602235117799e-11,5.551115123125783e-17,Radau,55885266c44ecbbfe86be622c6ebd08b77151ee6ef7dfd5c8bbc8d4250b58e50
C1_PKA_K_RECRUIT_F1.6_onset100,3,ae2_knockout,100.0000001,118.66034747123845,5.58806009716003,28.608095278552103,24.013636096902086,120.93904879283461,49.52489986545787,10.154717364736237,0.55,1.0,0.000525705499236066,6.914090211380839,0.05993990845129365,0.15720306606012358,1.4210854715202004e-14,Radau,55885266c44ecbbfe86be622c6ebd08b77151ee6ef7dfd5c8bbc8d4250b58e50
C1_PKA_K_RECRUIT_F1.6_onset100,3,ae2_knockout,149.99999999999716,124.30647349614675,6.905623124261266,21.630186309236013,39.072881569869764,112.24477924353447,32.12391929750035,6.411528589570411,0.55,1.0,0.0013213383832923298,6.822788633075869,0.05693917260843079,2.121984787416884e-09,1.4210854715202004e-14,Radau,55885266c44ecbbfe86be622c6ebd08b77151ee6ef7dfd5c8bbc8d4250b58e50
C1_PKA_K_RECRUIT_F1.6_onset100,3,ae2_knockout,199.99999999999432,124.30647349603883,6.905623124236289,21.6301863092532,39.072881574761965,112.24477923853638,32.123919297838,6.4115285892032015,0.55,1.0,0.0013213383832737298,6.822788671447016,0.05693918694808535,3.0054332698805108e-09,3.2786273695961654e-16,Radau,55885266c44ecbbfe86be622c6ebd08b77151ee6ef7dfd5c8bbc8d4250b58e50
C1_PKA_K_RECRUIT_F3_onset100,3,ae4_knockout,0.0,118.69999999999787,5.599999999999802,28.700000000015038,24.99999999995821,120.00000000003949,50.000000000030866,10.000000000011443,0.05,0.0,0.0005314154767605587,6.910000000015379,0.0,0.0027096403259780346,4.163336342344337e-17,Radau,55885266c44ecbbfe86be622c6ebd08b77151ee6ef7dfd5c8bbc8d4250b58e50
C1_PKA_K_RECRUIT_F3_onset100,3,ae4_knockout,50.0,118.67820559019336,5.563849581784695,60.042805911420906,21.474454077149854,123.4850786711123,48.37965694862536,55.95051347780487,0.05,0.0,0.0005104192089573925,7.3610429629814025,0.0,1.5726678643062785e-05,1.4210854715202004e-14,Radau,55885266c44ecbbfe86be622c6ebd08b77151ee6ef7dfd5c8bbc8d4250b58e50
C1_PKA_K_RECRUIT_F3_onset100,3,ae4_knockout,100.0,118.59268477897092,5.560432402351709,64.15979343757735,21.215858168793915,123.65299472468149,48.6832784122492,58.1633071175354,0.05,0.0,0.0005111371894007521,7.374167301672294,0.0,3.820918313663909e-06,1.4210854715202004e-14,Radau,55885266c44ecbbfe86be622c6ebd08b77151ee6ef7dfd5c8bbc8d4250b58e50
C1_PKA_K_RECRUIT_F3_onset100,3,ae4_knockout,100.0000001,118.59284419202078,5.560443936980629,64.15979344129754,21.215858168607948,123.65299206041472,48.68327574798109,58.16330711955529,0.55,1.0,0.0005113408550010507,7.374167303279104,0.0,0.1594008134202504,1.4210854715202004e-14,Radau,55885266c44ecbbfe86be622c6ebd08b77151ee6ef7dfd5c8bbc8d4250b58e50
C1_PKA_K_RECRUIT_F3_onset100,3,ae4_knockout,149.99999999999716,124.57845525354624,6.955453664059412,28.770214819314173,33.32181279293814,118.29007673615098,32.39618967278038,34.42308623040328,0.55,1.0,0.0013581224179100059,7.198451236112165,0.0,3.565053131924921e-08,1.4210854715202004e-14,Radau,55885266c44ecbbfe86be622c6ebd08b77151ee6ef7dfd5c8bbc8d4250b58e50
C1_PKA_K_RECRUIT_F3_onset100,3,ae4_knockout,199.99999999999432,124.57849346480722,6.955453947982956,28.769936907981478,33.321950234930426,118.2899804583751,32.39614037261321,34.42235761666265,0.55,1.0,0.0013581198878636362,7.198446492536877,0.0,9.72967075383475e-10,2.842170943040401e-14,Radau,55885266c44ecbbfe86be622c6ebd08b77151ee6ef7dfd5c8bbc8d4250b58e50
C1_PKA_K_RECRUIT_F3_onset100,3,wt,0.0,118.69999999999787,5.599999999999802,28.700000000015038,24.99999999995821,120.00000000003949,50.000000000030866,10.000000000011443,0.05,0.0,0.0005314154767605587,6.910000000015379,0.03888333867647999,1.1751825255755232e-13,3.469446951953614e-17,Radau,55885266c44ecbbfe86be622c6ebd08b77151ee6ef7dfd5c8bbc8d4250b58e50
C1_PKA_K_RECRUIT_F3_onset100,3,wt,50.0,118.69999999989764,5.599999999982771,28.699999999840305,24.999999998862307,120.00000000102317,49.999999999259174,10.000000000153468,0.05,0.0,0.0005314154767529351,6.909999999764552,0.03888333891777225,1.831980678535582e-11,1.4210854715202004e-14,Radau,55885266c44ecbbfe86be622c6ebd08b77151ee6ef7dfd5c8bbc8d4250b58e50
C1_PKA_K_RECRUIT_F3_onset100,3,wt,100.0,118.69999999998102,5.600000000000332,28.700000000008785,25.000000000124327,119.99999999985772,50.00000000003096,9.999999999978256,0.05,0.0,0.0005314154767584056,6.909999996252972,0.038883339159064514,5.666148224883051e-11,2.3852447794681098e-17,Radau,55885266c44ecbbfe86be622c6ebd08b77151ee6ef7dfd5c8bbc8d4250b58e50
C1_PKA_K_RECRUIT_F3_onset100,3,wt,100.0000001,118.70015663304108,5.600011333480144,28.699999999906996,25.000000602728935,119.99999264326681,49.999995048832865,9.999998196888834,0.55,1.0,0.0005316203830025202,6.909999995299828,0.05015793679510651,0.1566207574046931,2.373101715136272e-15,Radau,55885266c44ecbbfe86be622c6ebd08b77151ee6ef7dfd5c8bbc8d4250b58e50
C1_PKA_K_RECRUIT_F3_onset100,3,wt,149.99999999999716,124.24801836549582,6.894798724548218,21.703312216768353,42.29915454052761,108.95518195112996,32.640603868509025,6.211524555349464,0.55,1.0,0.001313421033313591,6.816000332940686,0.03852615668509181,5.067358164866431e-10,1.4210854715202004e-14,Radau,55885266c44ecbbfe86be622c6ebd08b77151ee6ef7dfd5c8bbc8d4250b58e50
C1_PKA_K_RECRUIT_F3_onset100,3,wt,199.99999999999432,124.24801836600699,6.894798724633542,21.703312216688975,42.29915452711747,108.95518196497893,32.6406038678226,6.211524556266465,0.55,1.0,0.0013134210332815034,6.8159997562806955,0.03852602090648774,8.949831149099757e-09,2.842170943040401e-14,Radau,55885266c44ecbbfe86be622c6ebd08b77151ee6ef7dfd5c8bbc8d4250b58e50
C1_PKA_K_RECRUIT_F3_onset100,3,ae2_knockout,0.0,118.69999999999787,5.599999999999802,28.700000000015038,24.99999999995821,120.00000000003949,50.000000000030866,10.000000000011443,0.05,0.0,0.0005314154767605587,6.910000000015379,0.03888333867647999,0.0006807834072216711,2.7755575615628914e-17,Radau,55885266c44ecbbfe86be622c6ebd08b77151ee6ef7dfd5c8bbc8d4250b58e50
C1_PKA_K_RECRUIT_F3_onset100,3,ae2_knockout,50.0,118.66019025416308,5.588048721279831,28.608095277311083,24.013635819927263,120.9390555607234,49.524905150010504,10.154718567176914,0.05,0.0,0.0005255001630535541,6.914091000658459,0.04842438338157177,1.1276307035229961e-08,1.4210854715202004e-14,Radau,55885266c44ecbbfe86be622c6ebd08b77151ee6ef7dfd5c8bbc8d4250b58e50
C1_PKA_K_RECRUIT_F3_onset100,3,ae2_knockout,100.0,118.66019025583341,5.5880487215435,28.608095278653952,24.013635839189117,120.93905554327559,49.524905159176775,10.154718564048991,0.05,0.0,0.0005255001629847211,6.9140902110769975,0.04842447440046083,1.457602235117799e-11,5.551115123125783e-17,Radau,55885266c44ecbbfe86be622c6ebd08b77151ee6ef7dfd5c8bbc8d4250b58e50
C1_PKA_K_RECRUIT_F3_onset100,3,ae2_knockout,100.0000001,118.6603474711838,5.588060097157462,28.608095278551595,24.013636602489466,120.9390477909365,49.52490036177151,10.154716372110807,0.55,1.0,0.0005257060742387273,6.914090209709714,0.06123105604553092,0.15720299801457988,1.8735013540549517e-15,Radau,55885266c44ecbbfe86be622c6ebd08b77151ee6ef7dfd5c8bbc8d4250b58e50
C1_PKA_K_RECRUIT_F3_onset100,3,ae2_knockout,149.99999999999716,124.06692644880992,6.860997166401072,21.514654822235887,42.78526751453651,108.2726539401507,31.59378931512076,6.07629311458684,0.55,1.0,0.0012888627425905368,6.812485460455824,0.05782609493731813,1.0314549382170234e-09,1.4210854715202004e-14,Radau,55885266c44ecbbfe86be622c6ebd08b77151ee6ef7dfd5c8bbc8d4250b58e50
C1_PKA_K_RECRUIT_F3_onset100,3,ae2_knockout,199.99999999999432,124.06692644877002,6.860997166397072,21.514654822234768,42.78526751485473,108.27265393979812,31.593789315089143,6.076293114561448,0.55,1.0,0.001288862742597291,6.812485507625888,0.05782610918217929,1.44920444817728e-10,5.412337245047638e-16,Radau,55885266c44ecbbfe86be622c6ebd08b77151ee6ef7dfd5c8bbc8d4250b58e50
C1_PKA_K_RECRUIT_F10_onset100,3,ae4_knockout,0.0,118.69999999999787,5.599999999999802,28.700000000015038,24.99999999995821,120.00000000003949,50.000000000030866,10.000000000011443,0.05,0.0,0.0005314154767605587,6.910000000015379,0.0,0.0027096403259780346,4.163336342344337e-17,Radau,55885266c44ecbbfe86be622c6ebd08b77151ee6ef7dfd5c8bbc8d4250b58e50
C1_PKA_K_RECRUIT_F10_onset100,3,ae4_knockout,50.0,118.67820559019336,5.563849581784695,60.042805911420906,21.474454077149854,123.4850786711123,48.37965694862536,55.95051347780487,0.05,0.0,0.0005104192089573925,7.3610429629814025,0.0,1.5726678643062785e-05,1.4210854715202004e-14,Radau,55885266c44ecbbfe86be622c6ebd08b77151ee6ef7dfd5c8bbc8d4250b58e50
C1_PKA_K_RECRUIT_F10_onset100,3,ae4_knockout,100.0,118.59268477897092,5.560432402351709,64.15979343757735,21.215858168793915,123.65299472468149,48.6832784122492,58.1633071175354,0.05,0.0,0.0005111371894007521,7.374167301672294,0.0,3.820918313663909e-06,1.4210854715202004e-14,Radau,55885266c44ecbbfe86be622c6ebd08b77151ee6ef7dfd5c8bbc8d4250b58e50
C1_PKA_K_RECRUIT_F10_onset100,3,ae4_knockout,100.0000001,118.59284419202078,5.560443936980629,64.15979344129754,21.215858168607948,123.65299206041472,48.68327574798109,58.16330711955529,0.55,1.0,0.0005113408550010507,7.374167303279104,0.0,0.1594008134202504,1.4210854715202004e-14,Radau,55885266c44ecbbfe86be622c6ebd08b77151ee6ef7dfd5c8bbc8d4250b58e50
C1_PKA_K_RECRUIT_F10_onset100,3,ae4_knockout,149.99999999999716,124.57845525354624,6.955453664059412,28.770214819314173,33.32181279293814,118.29007673615098,32.39618967278038,34.42308623040328,0.55,1.0,0.0013581224179100059,7.198451236112165,0.0,3.565053131924921e-08,1.4210854715202004e-14,Radau,55885266c44ecbbfe86be622c6ebd08b77151ee6ef7dfd5c8bbc8d4250b58e50
C1_PKA_K_RECRUIT_F10_onset100,3,ae4_knockout,199.99999999999432,124.57849346480722,6.955453947982956,28.769936907981478,33.321950234930426,118.2899804583751,32.39614037261321,34.42235761666265,0.55,1.0,0.0013581198878636362,7.198446492536877,0.0,9.72967075383475e-10,2.842170943040401e-14,Radau,55885266c44ecbbfe86be622c6ebd08b77151ee6ef7dfd5c8bbc8d4250b58e50
C1_PKA_K_RECRUIT_F10_onset100,3,wt,0.0,118.69999999999787,5.599999999999802,28.700000000015038,24.99999999995821,120.00000000003949,50.000000000030866,10.000000000011443,0.05,0.0,0.0005314154767605587,6.910000000015379,0.03888333867647999,1.1751825255755232e-13,3.469446951953614e-17,Radau,55885266c44ecbbfe86be622c6ebd08b77151ee6ef7dfd5c8bbc8d4250b58e50
C1_PKA_K_RECRUIT_F10_onset100,3,wt,50.0,118.69999999989764,5.599999999982771,28.699999999840305,24.999999998862307,120.00000000102317,49.999999999259174,10.000000000153468,0.05,0.0,0.0005314154767529351,6.909999999764552,0.03888333891777225,1.831980678535582e-11,1.4210854715202004e-14,Radau,55885266c44ecbbfe86be622c6ebd08b77151ee6ef7dfd5c8bbc8d4250b58e50
C1_PKA_K_RECRUIT_F10_onset100,3,wt,100.0,118.69999999998102,5.600000000000332,28.700000000008785,25.000000000124327,119.99999999985772,50.00000000003096,9.999999999978256,0.05,0.0,0.0005314154767584056,6.909999996252972,0.038883339159064514,5.666148224883051e-11,2.3852447794681098e-17,Radau,55885266c44ecbbfe86be622c6ebd08b77151ee6ef7dfd5c8bbc8d4250b58e50
C1_PKA_K_RECRUIT_F10_onset100,3,wt,100.0000001,118.70015663298835,5.600011333477662,28.699999999906506,25.000001094750274,119.99999180508237,49.999995394999004,9.999997504558374,0.55,1.0,0.0005316207840332219,6.9099999944971815,0.04987406240971622,0.15662070982070198,7.719519468096792e-16,Radau,55885266c44ecbbfe86be622c6ebd08b77151ee6ef7dfd5c8bbc8d4250b58e50
C1_PKA_K_RECRUIT_F10_onset100,3,wt,149.99999999999716,124.11201575435811,6.869451547249958,21.647854462255555,44.52634472760173,106.58051514823063,32.38616087065797,6.030539103396432,0.55,1.0,0.0012949817809657798,6.810371430100575,0.03881725718779748,3.878039540165912e-09,1.4210854715202004e-14,Radau,55885266c44ecbbfe86be622c6ebd08b77151ee6ef7dfd5c8bbc8d4250b58e50
C1_PKA_K_RECRUIT_F10_onset100,3,wt,199.99999999999432,124.11201575446417,6.869451547268666,21.647854462258373,44.52634472554015,106.58051515041821,32.38616087065155,6.030539103535654,0.55,1.0,0.0012949817809748431,6.810371452155271,0.03881729941394371,1.1316020396703629e-10,4.263256414560601e-14,Radau,55885266c44ecbbfe86be622c6ebd08b77151ee6ef7dfd5c8bbc8d4250b58e50
C3_PKA_COMMON_F1_onset100,3,ae4_knockout,0.0,118.75982034409982,5.6178625137418035,27.5505963929819,30.363177879571833,114.7078243666191,46.3130595671296,10.211760505072451,0.05,0.0,0.0005402931693368819,6.90818529904734,0.0,0.0026482667449813204,3.426078865054194e-17,Radau,55885266c44ecbbfe86be622c6ebd08b77151ee6ef7dfd5c8bbc8d4250b58e50
C3_PKA_COMMON_F1_onset100,3,ae4_knockout,50.0,118.67876408271214,5.563872031696366,60.01839432555878,21.476132353908817,123.48399263740386,48.377698625639404,55.9365386480136,0.05,0.0,0.0005104146086291315,7.360958772124466,0.0,1.580434906137601e-05,7.105427357601002e-15,Radau,55885266c44ecbbfe86be622c6ebd08b77151ee6ef7dfd5c8bbc8d4250b58e50
C3_PKA_COMMON_F1_onset100,3,ae4_knockout,100.0,118.59279666936695,5.5604368458510995,64.15386498521057,21.21619864246595,123.65277287903861,48.68287617917512,58.16031434243753,0.05,0.0,0.0005111362320417467,7.37414984242692,0.0,3.836511380501321e-06,1.4210854715202004e-14,Radau,55885266c44ecbbfe86be622c6ebd08b77151ee6ef7dfd5c8bbc8d4250b58e50
C3_PKA_COMMON_F1_onset100,3,ae4_knockout,100.0000001,118.59295608138716,5.560448380405529,64.15386498894635,21.216198642279007,123.65277021454344,48.68287351467911,58.16031434446574,0.55,1.0,0.000511339896612201,7.37414984242692,0.0,0.15939978383348508,6.938893903907228e-16,Radau,55885266c44ecbbfe86be622c6ebd08b77151ee6ef7dfd5c8bbc8d4250b58e50
C3_PKA_COMMON_F1_onset100,3,ae4_knockout,149.99999999999716,124.57845533839482,6.955453665350639,28.77021466892449,33.321813054970974,118.29007656570886,32.39618958106651,34.42308597026487,0.55,1.0,0.001358122413031027,7.198452667801183,0.0,2.0081155295456523e-08,2.842170943040401e-14,Radau,55885266c44ecbbfe86be622c6ebd08b77151ee6ef7dfd5c8bbc8d4250b58e50
C3_PKA_COMMON_F1_onset100,3,ae4_knockout,199.99999999999432,124.5784934647523,6.955453947992509,28.769936907858696,33.32195023407756,118.2899804591701,32.39614037297841,34.42235761587432,0.55,1.0,0.0013581198878803028,7.198446515928602,0.0,1.2273175500845144e-09,2.842170943040401e-14,Radau,55885266c44ecbbfe86be622c6ebd08b77151ee6ef7dfd5c8bbc8d4250b58e50
C3_PKA_COMMON_F1_onset100,3,wt,0.0,118.75982034409982,5.6178625137418035,27.5505963929819,30.363177879571833,114.7078243666191,46.3130595671296,10.211760505072451,0.05,0.0,0.0005402931693368819,6.90818529904734,0.03648066411592794,8.256667712526054e-15,3.426078865054194e-17,Radau,55885266c44ecbbfe86be622c6ebd08b77151ee6ef7dfd5c8bbc8d4250b58e50
C3_PKA_COMMON_F1_onset100,3,wt,50.0,118.75982034407987,5.617862513738708,27.550596392932576,30.363177879272143,114.70782436689609,46.31305956713713,10.211760504885863,0.05,0.0,0.0005402931693338322,6.908185291354078,0.03648066411459213,6.6341847964802e-11,3.165870343657673e-17,Radau,55885266c44ecbbfe86be622c6ebd08b77151ee6ef7dfd5c8bbc8d4250b58e50
C3_PKA_COMMON_F1_onset100,3,wt,100.0,118.75982034410148,5.617862513741808,27.550596392982325,30.36317787957002,114.70782436662263,46.313059567121364,10.211760505083864,0.05,0.0,0.0005402931693367504,6.90818529864769,0.03648066411601006,3.449652768799994e-12,1.4210854715202004e-14,Radau,55885266c44ecbbfe86be622c6ebd08b77151ee6ef7dfd5c8bbc8d4250b58e50
C3_PKA_COMMON_F1_onset100,3,wt,100.0000001,118.75996483222468,5.617872968449064,27.55059639288899,30.363177879673348,114.70781874264767,46.313053942915204,10.211760505118423,0.55,1.0,0.0005404814849978014,6.90818529864769,0.036480662686993334,0.14447678960660543,1.4849232954361469e-15,Radau,55885266c44ecbbfe86be622c6ebd08b77151ee6ef7dfd5c8bbc8d4250b58e50
C3_PKA_COMMON_F1_onset100,3,wt,149.99999999999716,124.29047987136204,6.902665657533301,22.238834565721188,40.67179084099689,110.62856906739395,32.46049760319177,9.144338809136535,0.55,1.0,0.0013191726292588577,6.880060311803654,0.030399797040467053,7.736922900574315e-11,4.0592529337857286e-16,Radau,55885266c44ecbbfe86be622c6ebd08b77151ee6ef7dfd5c8bbc8d4250b58e50
C3_PKA_COMMON_F1_onset100,3,wt,199.99999999999432,124.29047987195827,6.902665657652807,22.238834563450474,40.67179082380873,110.6285690852443,32.4604976024956,9.144338799347056,0.55,1.0,0.0013191726292746948,6.880060137994477,0.030399796975666228,1.8505704886534915e-09,1.4210854715202004e-14,Radau,55885266c44ecbbfe86be622c6ebd08b77151ee6ef7dfd5c8bbc8d4250b58e50
C3_PKA_COMMON_F1_onset100,3,ae2_knockout,0.0,118.75982034409982,5.6178625137418035,27.5505963929819,30.363177879571833,114.7078243666191,46.3130595671296,10.211760505072451,0.05,0.0,0.0005402931693368819,6.90818529904734,0.03648066411592794,0.0008128062924257322,3.426078865054194e-17,Radau,55885266c44ecbbfe86be622c6ebd08b77151ee6ef7dfd5c8bbc8d4250b58e50
C3_PKA_COMMON_F1_onset100,3,ae2_knockout,50.0,118.71543130384107,5.604618843890505,27.439064920870976,30.326870602916657,114.69146145381316,44.73843750928587,11.373792736208047,0.05,0.0,0.0005337068323435818,6.92897706735211,0.04525200511822524,1.3318268132779622e-08,1.4210854715202004e-14,Radau,55885266c44ecbbfe86be622c6ebd08b77151ee6ef7dfd5c8bbc8d4250b58e50
C3_PKA_COMMON_F1_onset100,3,ae2_knockout,100.0,118.71543131128686,5.60461884507222,27.439064938053875,30.32687073389205,114.69146133144483,44.738437498194834,11.373792811154834,0.05,0.0,0.0005337068329431037,6.928978639117753,0.04525200571531295,5.764702361624503e-11,7.892991815694472e-17,Radau,55885266c44ecbbfe86be622c6ebd08b77151ee6ef7dfd5c8bbc8d4250b58e50
C3_PKA_COMMON_F1_onset100,3,ae2_knockout,100.0000001,118.7155734769268,5.604629131732828,27.43906493796203,30.326870733994124,114.69145577537678,44.73843194189307,11.37379281119293,0.55,1.0,0.000533892147704983,6.928978639537004,0.045252003962670616,0.14215449127494847,1.0547118733938987e-15,Radau,55885266c44ecbbfe86be622c6ebd08b77151ee6ef7dfd5c8bbc8d4250b58e50
C3_PKA_COMMON_F1_onset100,3,ae2_knockout,149.99999999999716,124.14020388449255,6.874723939779818,22.450012829642503,40.16002702919034,110.97745296943364,31.342045238841514,11.131763453916866,0.55,1.0,0.0012988056906601216,6.917296640977784,0.045026554961570806,1.3165785299724415e-10,1.4210854715202004e-14,Radau,55885266c44ecbbfe86be622c6ebd08b77151ee6ef7dfd5c8bbc8d4250b58e50
C3_PKA_COMMON_F1_onset100,3,ae2_knockout,199.99999999999432,124.1402038845098,6.874723939780839,22.450012829633998,40.16002702912326,110.97745296951972,31.34204523883474,11.131763453891082,0.55,1.0,0.0012988056906705235,6.917296678270031,0.04502655496136912,2.5760370482538944e-10,9.454242944073599e-16,Radau,55885266c44ecbbfe86be622c6ebd08b77151ee6ef7dfd5c8bbc8d4250b58e50
C3_PKA_COMMON_F1.25_onset100,3,ae4_knockout,0.0,118.75982034409982,5.6178625137418035,27.5505963929819,30.363177879571833,114.7078243666191,46.3130595671296,10.211760505072451,0.05,0.0,0.0005402931693368819,6.90818529904734,0.0,0.0026482667449813204,3.426078865054194e-17,Radau,55885266c44ecbbfe86be622c6ebd08b77151ee6ef7dfd5c8bbc8d4250b58e50
C3_PKA_COMMON_F1.25_onset100,3,ae4_knockout,50.0,118.67876408271214,5.563872031696366,60.01839432555878,21.476132353908817,123.48399263740386,48.377698625639404,55.9365386480136,0.05,0.0,0.0005104146086291315,7.360958772124466,0.0,1.580434906137601e-05,7.105427357601002e-15,Radau,55885266c44ecbbfe86be622c6ebd08b77151ee6ef7dfd5c8bbc8d4250b58e50
C3_PKA_COMMON_F1.25_onset100,3,ae4_knockout,100.0,118.59279666936695,5.5604368458510995,64.15386498521057,21.21619864246595,123.65277287903861,48.68287617917512,58.16031434243753,0.05,0.0,0.0005111362320417467,7.37414984242692,0.0,3.836511380501321e-06,1.4210854715202004e-14,Radau,55885266c44ecbbfe86be622c6ebd08b77151ee6ef7dfd5c8bbc8d4250b58e50
C3_PKA_COMMON_F1.25_onset100,3,ae4_knockout,100.0000001,118.59295608138716,5.560448380405529,64.15386498894635,21.216198642279007,123.65277021454344,48.68287351467911,58.16031434446574,0.55,1.0,0.000511339896612201,7.37414984242692,0.0,0.15939978383348508,6.938893903907228e-16,Radau,55885266c44ecbbfe86be622c6ebd08b77151ee6ef7dfd5c8bbc8d4250b58e50
C3_PKA_COMMON_F1.25_onset100,3,ae4_knockout,149.99999999999716,124.57845533839482,6.955453665350639,28.77021466892449,33.321813054970974,118.29007656570886,32.39618958106651,34.42308597026487,0.55,1.0,0.001358122413031027,7.198452667801183,0.0,2.0081155295456523e-08,2.842170943040401e-14,Radau,55885266c44ecbbfe86be622c6ebd08b77151ee6ef7dfd5c8bbc8d4250b58e50
C3_PKA_COMMON_F1.25_onset100,3,ae4_knockout,199.99999999999432,124.5784934647523,6.955453947992509,28.769936907858696,33.32195023407756,118.2899804591701,32.39614037297841,34.42235761587432,0.55,1.0,0.0013581198878803028,7.198446515928602,0.0,1.2273175500845144e-09,2.842170943040401e-14,Radau,55885266c44ecbbfe86be622c6ebd08b77151ee6ef7dfd5c8bbc8d4250b58e50
C3_PKA_COMMON_F1.25_onset100,3,wt,0.0,118.75982034409982,5.6178625137418035,27.5505963929819,30.363177879571833,114.7078243666191,46.3130595671296,10.211760505072451,0.05,0.0,0.0005402931693368819,6.90818529904734,0.03648066411592794,8.256667712526054e-15,3.426078865054194e-17,Radau,55885266c44ecbbfe86be622c6ebd08b77151ee6ef7dfd5c8bbc8d4250b58e50
C3_PKA_COMMON_F1.25_onset100,3,wt,50.0,118.75982034407987,5.617862513738708,27.550596392932576,30.363177879272143,114.70782436689609,46.31305956713713,10.211760504885863,0.05,0.0,0.0005402931693338322,6.908185291354078,0.03648066411459213,6.6341847964802e-11,3.165870343657673e-17,Radau,55885266c44ecbbfe86be622c6ebd08b77151ee6ef7dfd5c8bbc8d4250b58e50
C3_PKA_COMMON_F1.25_onset100,3,wt,100.0,118.75982034410148,5.617862513741808,27.550596392982325,30.36317787957002,114.70782436662263,46.313059567121364,10.211760505083864,0.05,0.0,0.0005402931693367504,6.90818529864769,0.03648066411601006,3.449652768799994e-12,1.4210854715202004e-14,Radau,55885266c44ecbbfe86be622c6ebd08b77151ee6ef7dfd5c8bbc8d4250b58e50
C3_PKA_COMMON_F1.25_onset100,3,wt,100.0000001,118.75996483220213,5.617872968448004,27.55059639288878,30.363177814170033,114.70781847711885,46.313054273948715,10.211759843052183,0.55,1.0,0.0005404818685336233,6.908185298347953,0.04560082233383111,0.14447674450040512,2.220446049250313e-16,Radau,55885266c44ecbbfe86be622c6ebd08b77151ee6ef7dfd5c8bbc8d4250b58e50
C3_PKA_COMMON_F1.25_onset100,3,wt,149.99999999999716,124.27344341241336,6.8995119250286505,22.100521177582078,41.145462076071816,110.13643887168544,32.48088940564092,8.41897588131976,0.55,1.0,0.0013168652692762395,6.865241210887454,0.03219382709953565,1.0872642666239972e-09,9.8879238130678e-16,Radau,55885266c44ecbbfe86be622c6ebd08b77151ee6ef7dfd5c8bbc8d4250b58e50
C3_PKA_COMMON_F1.25_onset100,3,wt,199.99999999999432,124.27344341245062,6.899511925029437,22.100521177651107,41.145462076134784,110.13643887165941,32.48088940571807,8.418975881590875,0.55,1.0,0.0013168652693142657,6.865241317322118,0.03219382710161872,1.1915285056689857e-10,1.4210854715202004e-14,Radau,55885266c44ecbbfe86be622c6ebd08b77151ee6ef7dfd5c8bbc8d4250b58e50
C3_PKA_COMMON_F1.25_onset100,3,ae2_knockout,0.0,118.75982034409982,5.6178625137418035,27.5505963929819,30.363177879571833,114.7078243666191,46.3130595671296,10.211760505072451,0.05,0.0,0.0005402931693368819,6.90818529904734,0.03648066411592794,0.0008128062924257322,3.426078865054194e-17,Radau,55885266c44ecbbfe86be622c6ebd08b77151ee6ef7dfd5c8bbc8d4250b58e50
C3_PKA_COMMON_F1.25_onset100,3,ae2_knockout,50.0,118.71543130384107,5.604618843890505,27.439064920870976,30.326870602916657,114.69146145381316,44.73843750928587,11.373792736208047,0.05,0.0,0.0005337068323435818,6.92897706735211,0.04525200511822524,1.3318268132779622e-08,1.4210854715202004e-14,Radau,55885266c44ecbbfe86be622c6ebd08b77151ee6ef7dfd5c8bbc8d4250b58e50
C3_PKA_COMMON_F1.25_onset100,3,ae2_knockout,100.0,118.71543131128686,5.60461884507222,27.439064938053875,30.32687073389205,114.69146133144483,44.738437498194834,11.373792811154834,0.05,0.0,0.0005337068329431037,6.928978639117753,0.04525200571531295,5.764702361624503e-11,7.892991815694472e-17,Radau,55885266c44ecbbfe86be622c6ebd08b77151ee6ef7dfd5c8bbc8d4250b58e50
C3_PKA_COMMON_F1.25_onset100,3,ae2_knockout,100.0000001,118.71557347689874,5.60462913173151,27.439064937961767,30.326870652394344,114.69145544468263,44.7384323541887,11.373791986602631,0.55,1.0,0.000533892625391287,6.928978639117753,0.05656499658202718,0.14215443514613785,2.842170943040401e-14,Radau,55885266c44ecbbfe86be622c6ebd08b77151ee6ef7dfd5c8bbc8d4250b58e50
C3_PKA_COMMON_F1.25_onset100,3,ae2_knockout,149.99999999999716,124.12110343582732,6.871152420986851,22.262566474472223,40.67498292178827,110.44176929382762,31.359251674335447,10.178906830112423,0.55,1.0,0.0012962147103220533,6.899766661222651,0.04703708840245256,2.3591929312294778e-11,5.447031714567174e-16,Radau,55885266c44ecbbfe86be622c6ebd08b77151ee6ef7dfd5c8bbc8d4250b58e50
C3_PKA_COMMON_F1.25_onset100,3,ae2_knockout,199.99999999999432,124.12110343580808,6.871152420985287,22.26256647449154,40.67498292192835,110.44176929366738,31.359251674347266,10.178906830174173,0.55,1.0,0.0012962147103224156,6.89976666577939,0.04703708840301454,2.5539924209086286e-11,1.4210854715202004e-14,Radau,55885266c44ecbbfe86be622c6ebd08b77151ee6ef7dfd5c8bbc8d4250b58e50
C3_PKA_COMMON_F1.6_onset100,3,ae4_knockout,0.0,118.75982034409982,5.6178625137418035,27.5505963929819,30.363177879571833,114.7078243666191,46.3130595671296,10.211760505072451,0.05,0.0,0.0005402931693368819,6.90818529904734,0.0,0.0026482667449813204,3.426078865054194e-17,Radau,55885266c44ecbbfe86be622c6ebd08b77151ee6ef7dfd5c8bbc8d4250b58e50
C3_PKA_COMMON_F1.6_onset100,3,ae4_knockout,50.0,118.67876408271214,5.563872031696366,60.01839432555878,21.476132353908817,123.48399263740386,48.377698625639404,55.9365386480136,0.05,0.0,0.0005104146086291315,7.360958772124466,0.0,1.580434906137601e-05,7.105427357601002e-15,Radau,55885266c44ecbbfe86be622c6ebd08b77151ee6ef7dfd5c8bbc8d4250b58e50
C3_PKA_COMMON_F1.6_onset100,3,ae4_knockout,100.0,118.59279666936695,5.5604368458510995,64.15386498521057,21.21619864246595,123.65277287903861,48.68287617917512,58.16031434243753,0.05,0.0,0.0005111362320417467,7.37414984242692,0.0,3.836511380501321e-06,1.4210854715202004e-14,Radau,55885266c44ecbbfe86be622c6ebd08b77151ee6ef7dfd5c8bbc8d4250b58e50
C3_PKA_COMMON_F1.6_onset100,3,ae4_knockout,100.0000001,118.59295608138716,5.560448380405529,64.15386498894635,21.216198642279007,123.65277021454344,48.68287351467911,58.16031434446574,0.55,1.0,0.000511339896612201,7.37414984242692,0.0,0.15939978383348508,6.938893903907228e-16,Radau,55885266c44ecbbfe86be622c6ebd08b77151ee6ef7dfd5c8bbc8d4250b58e50
C3_PKA_COMMON_F1.6_onset100,3,ae4_knockout,149.99999999999716,124.57845533839482,6.955453665350639,28.77021466892449,33.321813054970974,118.29007656570886,32.39618958106651,34.42308597026487,0.55,1.0,0.001358122413031027,7.198452667801183,0.0,2.0081155295456523e-08,2.842170943040401e-14,Radau,55885266c44ecbbfe86be622c6ebd08b77151ee6ef7dfd5c8bbc8d4250b58e50
C3_PKA_COMMON_F1.6_onset100,3,ae4_knockout,199.99999999999432,124.5784934647523,6.955453947992509,28.769936907858696,33.32195023407756,118.2899804591701,32.39614037297841,34.42235761587432,0.55,1.0,0.0013581198878803028,7.198446515928602,0.0,1.2273175500845144e-09,2.842170943040401e-14,Radau,55885266c44ecbbfe86be622c6ebd08b77151ee6ef7dfd5c8bbc8d4250b58e50
C3_PKA_COMMON_F1.6_onset100,3,wt,0.0,118.75982034409982,5.6178625137418035,27.5505963929819,30.363177879571833,114.7078243666191,46.3130595671296,10.211760505072451,0.05,0.0,0.0005402931693368819,6.90818529904734,0.03648066411592794,8.256667712526054e-15,3.426078865054194e-17,Radau,55885266c44ecbbfe86be622c6ebd08b77151ee6ef7dfd5c8bbc8d4250b58e50
C3_PKA_COMMON_F1.6_onset100,3,wt,50.0,118.75982034407987,5.617862513738708,27.550596392932576,30.363177879272143,114.70782436689609,46.31305956713713,10.211760504885863,0.05,0.0,0.0005402931693338322,6.908185291354078,0.03648066411459213,6.6341847964802e-11,3.165870343657673e-17,Radau,55885266c44ecbbfe86be622c6ebd08b77151ee6ef7dfd5c8bbc8d4250b58e50
C3_PKA_COMMON_F1.6_onset100,3,wt,100.0,118.75982034410148,5.617862513741808,27.550596392982325,30.36317787957002,114.70782436662263,46.313059567121364,10.211760505083864,0.05,0.0,0.0005402931693367504,6.90818529864769,0.03648066411601006,3.449652768799994e-12,1.4210854715202004e-14,Radau,55885266c44ecbbfe86be622c6ebd08b77151ee6ef7dfd5c8bbc8d4250b58e50
C3_PKA_COMMON_F1.6_onset100,3,wt,100.0000001,118.75996483217057,5.617872968446517,27.550596392888487,30.363177722465405,114.70781810537855,46.31305473739557,10.21175891615959,0.55,1.0,0.0005404824054837045,6.9081852978983465,0.05836904179066667,0.14447668135173286,2.842170943040401e-14,Radau,55885266c44ecbbfe86be622c6ebd08b77151ee6ef7dfd5c8bbc8d4250b58e50
C3_PKA_COMMON_F1.6_onset100,3,wt,149.99999999999716,124.25452722305987,6.8960060665243,21.960315032910835,41.67512293405554,109.58627852645803,32.50551315951801,7.6691202101808456,0.55,1.0,0.0013143028501336196,6.849212171381106,0.034173421414984695,2.3764887467253094e-09,2.5326962749261384e-16,Radau,55885266c44ecbbfe86be622c6ebd08b77151ee6ef7dfd5c8bbc8d4250b58e50
C3_PKA_COMMON_F1.6_onset100,3,wt,199.99999999999432,124.25452722317638,6.89600606651969,21.9603150331923,41.675122936596345,109.58627852414814,32.50551315973197,7.669120211554853,0.55,1.0,0.0013143028500700404,6.849212376275369,0.0341734214272642,7.905027870836688e-12,5.811323644522304e-16,Radau,55885266c44ecbbfe86be622c6ebd08b77151ee6ef7dfd5c8bbc8d4250b58e50
C3_PKA_COMMON_F1.6_onset100,3,ae2_knockout,0.0,118.75982034409982,5.6178625137418035,27.5505963929819,30.363177879571833,114.7078243666191,46.3130595671296,10.211760505072451,0.05,0.0,0.0005402931693368819,6.90818529904734,0.03648066411592794,0.0008128062924257322,3.426078865054194e-17,Radau,55885266c44ecbbfe86be622c6ebd08b77151ee6ef7dfd5c8bbc8d4250b58e50
C3_PKA_COMMON_F1.6_onset100,3,ae2_knockout,50.0,118.71543130384107,5.604618843890505,27.439064920870976,30.326870602916657,114.69146145381316,44.73843750928587,11.373792736208047,0.05,0.0,0.0005337068323435818,6.92897706735211,0.04525200511822524,1.3318268132779622e-08,1.4210854715202004e-14,Radau,55885266c44ecbbfe86be622c6ebd08b77151ee6ef7dfd5c8bbc8d4250b58e50
C3_PKA_COMMON_F1.6_onset100,3,ae2_knockout,100.0,118.71543131128686,5.60461884507222,27.439064938053875,30.32687073389205,114.69146133144483,44.738437498194834,11.373792811154834,0.05,0.0,0.0005337068329431037,6.928978639117753,0.04525200571531295,5.764702361624503e-11,7.892991815694472e-17,Radau,55885266c44ecbbfe86be622c6ebd08b77151ee6ef7dfd5c8bbc8d4250b58e50
C3_PKA_COMMON_F1.6_onset100,3,ae2_knockout,100.0000001,118.71557347685945,5.6046291317296655,27.4390649379614,30.326870538154676,114.69145498171089,44.73843293140248,11.37379083217642,0.55,1.0,0.0005338932941519746,6.9289786384888785,0.07240318062360936,0.14215435656581907,1.4210854715202004e-14,Radau,55885266c44ecbbfe86be622c6ebd08b77151ee6ef7dfd5c8bbc8d4250b58e50
C3_PKA_COMMON_F1.6_onset100,3,ae2_knockout,149.99999999999716,124.10001120076846,6.867203155923019,22.075988241898376,41.24889348832996,109.84496453826264,31.38072544430591,9.208424915895502,0.55,1.0,0.0012933529368790975,6.880960377812798,0.04924570569922339,6.32209918766851e-11,1.8474805019152996e-15,Radau,55885266c44ecbbfe86be622c6ebd08b77151ee6ef7dfd5c8bbc8d4250b58e50
C3_PKA_COMMON_F1.6_onset100,3,ae2_knockout,199.99999999999432,124.10001120077266,6.867203155923342,22.07598824189994,41.24889348829569,109.84496453830279,31.380725444313605,9.20842491589986,0.55,1.0,0.0012933529368793534,6.880960383208684,0.04924570569927269,3.1856121941751567e-12,3.5214886562329184e-16,Radau,55885266c44ecbbfe86be622c6ebd08b77151ee6ef7dfd5c8bbc8d4250b58e50
C3_PKA_COMMON_F3_onset100,3,ae4_knockout,0.0,118.75982034409982,5.6178625137418035,27.5505963929819,30.363177879571833,114.7078243666191,46.3130595671296,10.211760505072451,0.05,0.0,0.0005402931693368819,6.90818529904734,0.0,0.0026482667449813204,3.426078865054194e-17,Radau,55885266c44ecbbfe86be622c6ebd08b77151ee6ef7dfd5c8bbc8d4250b58e50
C3_PKA_COMMON_F3_onset100,3,ae4_knockout,50.0,118.67876408271214,5.563872031696366,60.01839432555878,21.476132353908817,123.48399263740386,48.377698625639404,55.9365386480136,0.05,0.0,0.0005104146086291315,7.360958772124466,0.0,1.580434906137601e-05,7.105427357601002e-15,Radau,55885266c44ecbbfe86be622c6ebd08b77151ee6ef7dfd5c8bbc8d4250b58e50
C3_PKA_COMMON_F3_onset100,3,ae4_knockout,100.0,118.59279666936695,5.5604368458510995,64.15386498521057,21.21619864246595,123.65277287903861,48.68287617917512,58.16031434243753,0.05,0.0,0.0005111362320417467,7.37414984242692,0.0,3.836511380501321e-06,1.4210854715202004e-14,Radau,55885266c44ecbbfe86be622c6ebd08b77151ee6ef7dfd5c8bbc8d4250b58e50
C3_PKA_COMMON_F3_onset100,3,ae4_knockout,100.0000001,118.59295608138716,5.560448380405529,64.15386498894635,21.216198642279007,123.65277021454344,48.68287351467911,58.16031434446574,0.55,1.0,0.000511339896612201,7.37414984242692,0.0,0.15939978383348508,6.938893903907228e-16,Radau,55885266c44ecbbfe86be622c6ebd08b77151ee6ef7dfd5c8bbc8d4250b58e50
C3_PKA_COMMON_F3_onset100,3,ae4_knockout,149.99999999999716,124.57845533839482,6.955453665350639,28.77021466892449,33.321813054970974,118.29007656570886,32.39618958106651,34.42308597026487,0.55,1.0,0.001358122413031027,7.198452667801183,0.0,2.0081155295456523e-08,2.842170943040401e-14,Radau,55885266c44ecbbfe86be622c6ebd08b77151ee6ef7dfd5c8bbc8d4250b58e50
C3_PKA_COMMON_F3_onset100,3,ae4_knockout,199.99999999999432,124.5784934647523,6.955453947992509,28.769936907858696,33.32195023407756,118.2899804591701,32.39614037297841,34.42235761587432,0.55,1.0,0.0013581198878803028,7.198446515928602,0.0,1.2273175500845144e-09,2.842170943040401e-14,Radau,55885266c44ecbbfe86be622c6ebd08b77151ee6ef7dfd5c8bbc8d4250b58e50
C3_PKA_COMMON_F3_onset100,3,wt,0.0,118.75982034409982,5.6178625137418035,27.5505963929819,30.363177879571833,114.7078243666191,46.3130595671296,10.211760505072451,0.05,0.0,0.0005402931693368819,6.90818529904734,0.03648066411592794,8.256667712526054e-15,3.426078865054194e-17,Radau,55885266c44ecbbfe86be622c6ebd08b77151ee6ef7dfd5c8bbc8d4250b58e50
C3_PKA_COMMON_F3_onset100,3,wt,50.0,118.75982034407987,5.617862513738708,27.550596392932576,30.363177879272143,114.70782436689609,46.31305956713713,10.211760504885863,0.05,0.0,0.0005402931693338322,6.908185291354078,0.03648066411459213,6.6341847964802e-11,3.165870343657673e-17,Radau,55885266c44ecbbfe86be622c6ebd08b77151ee6ef7dfd5c8bbc8d4250b58e50
C3_PKA_COMMON_F3_onset100,3,wt,100.0,118.75982034410148,5.617862513741808,27.550596392982325,30.36317787957002,114.70782436662263,46.313059567121364,10.211760505083864,0.05,0.0,0.0005402931693367504,6.90818529864769,0.03648066411601006,3.449652768799994e-12,1.4210854715202004e-14,Radau,55885266c44ecbbfe86be622c6ebd08b77151ee6ef7dfd5c8bbc8d4250b58e50
C3_PKA_COMMON_F3_onset100,3,wt,100.0000001,118.75996483204426,5.617872968440573,27.55059639288731,30.363177355647057,114.70781661841806,46.313056591182104,10.211755208590946,0.55,1.0,0.0005404845532829747,6.9081852961498775,0.10944187238277833,0.14447642875716787,1.4210854715202004e-14,Radau,55885266c44ecbbfe86be622c6ebd08b77151ee6ef7dfd5c8bbc8d4250b58e50
C3_PKA_COMMON_F3_onset100,3,wt,149.99999999999716,124.20650408341123,6.887085894785615,21.658657004463688,43.03516260299543,108.17417794314616,32.576968273825514,5.998418124544416,0.55,1.0,0.0013077952984015054,6.810466389177186,0.039125478522885865,1.7951665733588327e-11,1.4210854715202004e-14,Radau,55885266c44ecbbfe86be622c6ebd08b77151ee6ef7dfd5c8bbc8d4250b58e50
C3_PKA_COMMON_F3_onset100,3,wt,199.99999999999432,124.20650408343138,6.88708589478752,21.65865700445768,43.035162602863174,108.17417794330022,32.57696827382696,5.998418124534055,0.55,1.0,0.0013077952984015566,6.810466387781014,0.03912547852275833,6.955779068924015e-13,2.842170943040401e-14,Radau,55885266c44ecbbfe86be622c6ebd08b77151ee6ef7dfd5c8bbc8d4250b58e50
C3_PKA_COMMON_F3_onset100,3,ae2_knockout,0.0,118.75982034409982,5.6178625137418035,27.5505963929819,30.363177879571833,114.7078243666191,46.3130595671296,10.211760505072451,0.05,0.0,0.0005402931693368819,6.90818529904734,0.03648066411592794,0.0008128062924257322,3.426078865054194e-17,Radau,55885266c44ecbbfe86be622c6ebd08b77151ee6ef7dfd5c8bbc8d4250b58e50
C3_PKA_COMMON_F3_onset100,3,ae2_knockout,50.0,118.71543130384107,5.604618843890505,27.439064920870976,30.326870602916657,114.69146145381316,44.73843750928587,11.373792736208047,0.05,0.0,0.0005337068323435818,6.92897706735211,0.04525200511822524,1.3318268132779622e-08,1.4210854715202004e-14,Radau,55885266c44ecbbfe86be622c6ebd08b77151ee6ef7dfd5c8bbc8d4250b58e50
C3_PKA_COMMON_F3_onset100,3,ae2_knockout,100.0,118.71543131128686,5.60461884507222,27.439064938053875,30.32687073389205,114.69146133144483,44.738437498194834,11.373792811154834,0.05,0.0,0.0005337068329431037,6.928978639117753,0.04525200571531295,5.764702361624503e-11,7.892991815694472e-17,Radau,55885266c44ecbbfe86be622c6ebd08b77151ee6ef7dfd5c8bbc8d4250b58e50
C3_PKA_COMMON_F3_onset100,3,ae2_knockout,100.0000001,118.71557347670228,5.6046291317222865,27.439064937959937,30.326870081196244,114.69145312982492,44.7384352402564,11.373786214473961,0.55,1.0,0.0005338959691933783,6.928978636235409,0.13575585115896513,0.14215404224470224,1.1796119636642288e-15,Radau,55885266c44ecbbfe86be622c6ebd08b77151ee6ef7dfd5c8bbc8d4250b58e50
C3_PKA_COMMON_F3_onset100,3,ae2_knockout,149.99999999999716,124.04690515008339,6.857234887663534,21.685498877534133,42.715862899942536,108.32032916827521,31.44590410046763,7.095741194753346,0.55,1.0,0.0012861447261064472,6.836056929639449,0.05473438668917681,4.798586598443839e-11,4.354155924701786e-16,Radau,55885266c44ecbbfe86be622c6ebd08b77151ee6ef7dfd5c8bbc8d4250b58e50
C3_PKA_COMMON_F3_onset100,3,ae2_knockout,199.99999999999432,124.04690515006503,6.857234887655725,21.685498877618823,42.715862901534145,108.32032916665989,31.445904100529237,7.09574119511152,0.55,1.0,0.0012861447260986956,6.836056917242094,0.05473438669466606,9.978536403349566e-11,1.4210854715202004e-14,Radau,55885266c44ecbbfe86be622c6ebd08b77151ee6ef7dfd5c8bbc8d4250b58e50
C3_PKA_COMMON_F10_onset100,3,ae4_knockout,0.0,118.75982034409982,5.6178625137418035,27.5505963929819,30.363177879571833,114.7078243666191,46.3130595671296,10.211760505072451,0.05,0.0,0.0005402931693368819,6.90818529904734,0.0,0.0026482667449813204,3.426078865054194e-17,Radau,55885266c44ecbbfe86be622c6ebd08b77151ee6ef7dfd5c8bbc8d4250b58e50
C3_PKA_COMMON_F10_onset100,3,ae4_knockout,50.0,118.67876408271214,5.563872031696366,60.01839432555878,21.476132353908817,123.48399263740386,48.377698625639404,55.9365386480136,0.05,0.0,0.0005104146086291315,7.360958772124466,0.0,1.580434906137601e-05,7.105427357601002e-15,Radau,55885266c44ecbbfe86be622c6ebd08b77151ee6ef7dfd5c8bbc8d4250b58e50
C3_PKA_COMMON_F10_onset100,3,ae4_knockout,100.0,118.59279666936695,5.5604368458510995,64.15386498521057,21.21619864246595,123.65277287903861,48.68287617917512,58.16031434243753,0.05,0.0,0.0005111362320417467,7.37414984242692,0.0,3.836511380501321e-06,1.4210854715202004e-14,Radau,55885266c44ecbbfe86be622c6ebd08b77151ee6ef7dfd5c8bbc8d4250b58e50
C3_PKA_COMMON_F10_onset100,3,ae4_knockout,100.0000001,118.59295608138716,5.560448380405529,64.15386498894635,21.216198642279007,123.65277021454344,48.68287351467911,58.16031434446574,0.55,1.0,0.000511339896612201,7.37414984242692,0.0,0.15939978383348508,6.938893903907228e-16,Radau,55885266c44ecbbfe86be622c6ebd08b77151ee6ef7dfd5c8bbc8d4250b58e50
C3_PKA_COMMON_F10_onset100,3,ae4_knockout,149.99999999999716,124.57845533839482,6.955453665350639,28.77021466892449,33.321813054970974,118.29007656570886,32.39618958106651,34.42308597026487,0.55,1.0,0.001358122413031027,7.198452667801183,0.0,2.0081155295456523e-08,2.842170943040401e-14,Radau,55885266c44ecbbfe86be622c6ebd08b77151ee6ef7dfd5c8bbc8d4250b58e50
C3_PKA_COMMON_F10_onset100,3,ae4_knockout,199.99999999999432,124.5784934647523,6.955453947992509,28.769936907858696,33.32195023407756,118.2899804591701,32.39614037297841,34.42235761587432,0.55,1.0,0.0013581198878803028,7.198446515928602,0.0,1.2273175500845144e-09,2.842170943040401e-14,Radau,55885266c44ecbbfe86be622c6ebd08b77151ee6ef7dfd5c8bbc8d4250b58e50
C3_PKA_COMMON_F10_onset100,3,wt,0.0,118.75982034409982,5.6178625137418035,27.5505963929819,30.363177879571833,114.7078243666191,46.3130595671296,10.211760505072451,0.05,0.0,0.0005402931693368819,6.90818529904734,0.03648066411592794,8.256667712526054e-15,3.426078865054194e-17,Radau,55885266c44ecbbfe86be622c6ebd08b77151ee6ef7dfd5c8bbc8d4250b58e50
C3_PKA_COMMON_F10_onset100,3,wt,50.0,118.75982034407987,5.617862513738708,27.550596392932576,30.363177879272143,114.70782436689609,46.31305956713713,10.211760504885863,0.05,0.0,0.0005402931693338322,6.908185291354078,0.03648066411459213,6.6341847964802e-11,3.165870343657673e-17,Radau,55885266c44ecbbfe86be622c6ebd08b77151ee6ef7dfd5c8bbc8d4250b58e50
C3_PKA_COMMON_F10_onset100,3,wt,100.0,118.75982034410148,5.617862513741808,27.550596392982325,30.36317787957002,114.70782436662263,46.313059567121364,10.211760505083864,0.05,0.0,0.0005402931693367504,6.90818529864769,0.03648066411601006,3.449652768799994e-12,1.4210854715202004e-14,Radau,55885266c44ecbbfe86be622c6ebd08b77151ee6ef7dfd5c8bbc8d4250b58e50
C3_PKA_COMMON_F10_onset100,3,wt,100.0000001,118.75996483141274,5.617872968410857,27.550596392881438,30.36317552155941,114.70780918363208,46.3130658600942,10.211736670788865,0.55,1.0,0.0005404952922554375,6.908185287307623,0.36480489170177466,0.14447516578715036,1.4210854715202004e-14,Radau,55885266c44ecbbfe86be622c6ebd08b77151ee6ef7dfd5c8bbc8d4250b58e50
C3_PKA_COMMON_F10_onset100,3,wt,149.99999999999716,124.11831624947091,6.870630874096689,21.262215983080523,45.5694709051451,105.54419881566359,32.73688481727324,3.642755259504701,0.55,1.0,0.001295836584212444,6.746458957314005,0.04781354521676679,2.7198851713241564e-10,1.5785983631388945e-15,Radau,55885266c44ecbbfe86be622c6ebd08b77151ee6ef7dfd5c8bbc8d4250b58e50
C3_PKA_COMMON_F10_onset100,3,wt,199.99999999999432,124.11831624942322,6.870630874091754,21.26221598309687,45.569470905492665,105.54419881527119,32.73688481728221,3.6427552595309973,0.55,1.0,0.0012958365842117969,6.746458976970206,0.04781354521744001,7.56615450379348e-12,8.309325449928906e-16,Radau,55885266c44ecbbfe86be622c6ebd08b77151ee6ef7dfd5c8bbc8d4250b58e50
C6_112_PKA_COMMON_F1_onset100,3,ae4_knockout,0.0,118.76431077024058,5.619198735897623,28.70000000000636,33.409182950989766,111.66717301586695,43.476455035186426,16.59987624271119,0.05,0.0,0.000540959045873496,7.0072790743005955,0.0,0.0017747275355514593,8.196568423990414e-17,Radau,55885266c44ecbbfe86be622c6ebd08b77151ee6ef7dfd5c8bbc8d4250b58e50
C6_112_PKA_COMMON_F1_onset100,3,ae4_knockout,50.0,118.67765989332905,5.563827647862839,60.06668637443594,21.47281412371364,123.4861399511378,48.38157070332726,55.96417390558064,0.05,0.0,0.0005104237049697823,7.361125235382645,0.0,1.565078675671921e-05,1.4210854715202004e-14,Radau,55885266c44ecbbfe86be622c6ebd08b77151ee6ef7dfd5c8bbc8d4250b58e50
C6_112_PKA_COMMON_F1_onset100,3,ae4_knockout,100.0,118.59257525908838,5.560428053063489,64.1655978036617,21.21552490286726,123.65321187587118,48.68367213652337,58.16623674304726,0.05,0.0,0.0005111381265243558,7.374184464055744,0.0,3.8056555592367322e-06,2.842170943040401e-14,Radau,55885266c44ecbbfe86be622c6ebd08b77151ee6ef7dfd5c8bbc8d4250b58e50
C6_112_PKA_COMMON_F1_onset100,3,ae4_knockout,100.0000001,118.59273467314607,5.560439587765322,64.16559780736664,21.21552490268213,123.65320921182797,48.683669472478364,58.16623674505939,0.55,1.0,0.0005113417931324627,7.374184461718473,0.0,0.15940182121112562,7.105427357601002e-15,Radau,55885266c44ecbbfe86be622c6ebd08b77151ee6ef7dfd5c8bbc8d4250b58e50
C6_112_PKA_COMMON_F1_onset100,3,ae4_knockout,149.99999999999716,124.57845529715554,6.955453665021736,28.77021504041365,33.321812904875785,118.29007667132056,32.396189633623386,34.42308696804737,0.55,1.0,0.0013581224158382892,7.198452970825898,0.0,1.691231913748375e-08,1.4210854715202004e-14,Radau,55885266c44ecbbfe86be622c6ebd08b77151ee6ef7dfd5c8bbc8d4250b58e50
C6_112_PKA_COMMON_F1_onset100,3,ae4_knockout,199.99999999999432,124.57849346479085,6.955453947982887,28.769936908159398,33.321950234869696,118.28998045841732,32.396140372633944,34.422357617158966,0.55,1.0,0.0013581198878563482,7.198446415831519,0.0,1.3934813308798068e-10,1.4210854715202004e-14,Radau,55885266c44ecbbfe86be622c6ebd08b77151ee6ef7dfd5c8bbc8d4250b58e50
C6_112_PKA_COMMON_F1_onset100,3,wt,0.0,118.76431077024058,5.619198735897623,28.70000000000636,33.409182950989766,111.66717301586695,43.476455035186426,16.59987624271119,0.05,0.0,0.000540959045873496,7.0072790743005955,0.023686388277297424,1.3185767094904199e-13,8.196568423990414e-17,Radau,55885266c44ecbbfe86be622c6ebd08b77151ee6ef7dfd5c8bbc8d4250b58e50
C6_112_PKA_COMMON_F1_onset100,3,wt,50.0,118.76431077017347,5.619198735886824,28.69999999962431,33.40918294996974,111.667173016812,43.4764550350327,16.59987624165858,0.05,0.0,0.0005409590458687866,7.007279073672994,0.023686388268900144,4.800846236520819e-12,1.4210854715202004e-14,Radau,55885266c44ecbbfe86be622c6ebd08b77151ee6ef7dfd5c8bbc8d4250b58e50
C6_112_PKA_COMMON_F1_onset100,3,wt,100.0,118.76431077021964,5.619198735897304,28.699999999838756,33.40918295126914,111.66717301556955,43.47645503501837,16.59987624236367,0.05,0.0,0.0005409590458706038,7.007279079446923,0.023686388274628007,4.226021484895828e-11,7.32920668600201e-17,Radau,55885266c44ecbbfe86be622c6ebd08b77151ee6ef7dfd5c8bbc8d4250b58e50
C6_112_PKA_COMMON_F1_onset100,3,wt,100.0000001,118.76444701036775,5.619208593806506,28.699999999750887,33.40918295137175,111.66716792500165,43.47644994424223,16.59987624241436,0.55,1.0,0.0005411363656256719,7.007279079195883,0.023686390993310796,0.13622947554856446,1.915134717478395e-15,Radau,55885266c44ecbbfe86be622c6ebd08b77151ee6ef7dfd5c8bbc8d4250b58e50
C6_112_PKA_COMMON_F1_onset100,3,wt,149.99999999999716,124.09817162668001,6.866858453168179,23.19452385896878,42.41976730847151,108.67212040829743,31.692764486445647,14.223391173794314,0.55,1.0,0.0012931033150253982,6.966698813181329,0.019503956518248988,1.816863680834293e-10,2.842170943040401e-14,Radau,55885266c44ecbbfe86be622c6ebd08b77151ee6ef7dfd5c8bbc8d4250b58e50
C6_112_PKA_COMMON_F1_onset100,3,wt,199.99999999999432,124.09817162671705,6.866858453181586,23.194523858473826,42.4197673047098,108.6721204120854,31.69276448617327,14.22339117186228,0.55,1.0,0.0012931033150400419,6.966698758020523,0.019503956504659577,3.407132457327168e-10,1.4210854715202004e-14,Radau,55885266c44ecbbfe86be622c6ebd08b77151ee6ef7dfd5c8bbc8d4250b58e50
C6_112_PKA_COMMON_F1_onset100,3,ae2_knockout,0.0,118.76431077024058,5.619198735897623,28.70000000000636,33.409182950989766,111.66717301586695,43.476455035186426,16.59987624271119,0.05,0.0,0.000540959045873496,7.0072790743005955,0.023686388277297424,0.0008670038218395194,8.196568423990414e-17,Radau,55885266c44ecbbfe86be622c6ebd08b77151ee6ef7dfd5c8bbc8d4250b58e50
C6_112_PKA_COMMON_F1_onset100,3,ae2_knockout,50.0,118.72100386188951,5.606284915576039,28.59973934903711,33.405091073657026,111.61988267052563,42.00397202616333,17.722993019625584,0.05,0.0,0.0005345340717722592,7.022575380220007,0.034566596577822836,7.878157982383311e-10,1.4210854715202004e-14,Radau,55885266c44ecbbfe86be622c6ebd08b77151ee6ef7dfd5c8bbc8d4250b58e50
C6_112_PKA_COMMON_F1_onset100,3,ae2_knockout,100.0,118.72100386181535,5.606284915542157,28.599739348414786,33.40509106890396,111.6198826751868,42.00397202643121,17.722993017389154,0.05,0.0,0.000534534071772456,7.022575474354438,0.034566596558283764,8.342686816646e-12,2.842170943040401e-14,Radau,55885266c44ecbbfe86be622c6ebd08b77151ee6ef7dfd5c8bbc8d4250b58e50
C6_112_PKA_COMMON_F1_onset100,3,ae2_knockout,100.0000001,118.72113774613584,5.606294602991942,28.599739348328427,33.40509106900522,111.61987765510652,42.00396700614119,17.722993017442597,0.55,1.0,0.0005347083456831672,7.022575474289428,0.03456659890840627,0.1338738352251697,1.4210854715202004e-14,Radau,55885266c44ecbbfe86be622c6ebd08b77151ee6ef7dfd5c8bbc8d4250b58e50
C6_112_PKA_COMMON_F1_onset100,3,ae2_knockout,149.99999999999716,123.94448270083477,6.837908449593802,23.438931985470266,42.06100473356906,108.86395802542997,30.619327482701692,16.226611167777413,0.55,1.0,0.0012722311134581142,6.9963495698495475,0.03600452779165396,1.8339101876579924e-10,2.842170943040401e-14,Radau,55885266c44ecbbfe86be622c6ebd08b77151ee6ef7dfd5c8bbc8d4250b58e50
C6_112_PKA_COMMON_F1_onset100,3,ae2_knockout,199.99999999999432,123.94448270084897,6.8379084495996505,23.438931985469498,42.06100473317494,108.86395802583853,30.619327482751142,16.22661116781671,0.55,1.0,0.0012722311133863808,6.996349235083628,0.03600452779194532,3.1689004017596388e-09,1.1639994523804376e-15,Radau,55885266c44ecbbfe86be622c6ebd08b77151ee6ef7dfd5c8bbc8d4250b58e50
C6_112_PKA_COMMON_F1.25_onset100,3,ae4_knockout,0.0,118.76431077024058,5.619198735897623,28.70000000000636,33.409182950989766,111.66717301586695,43.476455035186426,16.59987624271119,0.05,0.0,0.000540959045873496,7.0072790743005955,0.0,0.0017747275355514593,8.196568423990414e-17,Radau,55885266c44ecbbfe86be622c6ebd08b77151ee6ef7dfd5c8bbc8d4250b58e50
C6_112_PKA_COMMON_F1.25_onset100,3,ae4_knockout,50.0,118.67765989332905,5.563827647862839,60.06668637443594,21.47281412371364,123.4861399511378,48.38157070332726,55.96417390558064,0.05,0.0,0.0005104237049697823,7.361125235382645,0.0,1.565078675671921e-05,1.4210854715202004e-14,Radau,55885266c44ecbbfe86be622c6ebd08b77151ee6ef7dfd5c8bbc8d4250b58e50
C6_112_PKA_COMMON_F1.25_onset100,3,ae4_knockout,100.0,118.59257525908838,5.560428053063489,64.1655978036617,21.21552490286726,123.65321187587118,48.68367213652337,58.16623674304726,0.05,0.0,0.0005111381265243558,7.374184464055744,0.0,3.8056555592367322e-06,2.842170943040401e-14,Radau,55885266c44ecbbfe86be622c6ebd08b77151ee6ef7dfd5c8bbc8d4250b58e50
C6_112_PKA_COMMON_F1.25_onset100,3,ae4_knockout,100.0000001,118.59273467314607,5.560439587765322,64.16559780736664,21.21552490268213,123.65320921182797,48.683669472478364,58.16623674505939,0.55,1.0,0.0005113417931324627,7.374184461718473,0.0,0.15940182121112562,7.105427357601002e-15,Radau,55885266c44ecbbfe86be622c6ebd08b77151ee6ef7dfd5c8bbc8d4250b58e50
C6_112_PKA_COMMON_F1.25_onset100,3,ae4_knockout,149.99999999999716,124.57845529715554,6.955453665021736,28.77021504041365,33.321812904875785,118.29007667132056,32.396189633623386,34.42308696804737,0.55,1.0,0.0013581224158382892,7.198452970825898,0.0,1.691231913748375e-08,1.4210854715202004e-14,Radau,55885266c44ecbbfe86be622c6ebd08b77151ee6ef7dfd5c8bbc8d4250b58e50
C6_112_PKA_COMMON_F1.25_onset100,3,ae4_knockout,199.99999999999432,124.57849346479085,6.955453947982887,28.769936908159398,33.321950234869696,118.28998045841732,32.396140372633944,34.422357617158966,0.55,1.0,0.0013581198878563482,7.198446415831519,0.0,1.3934813308798068e-10,1.4210854715202004e-14,Radau,55885266c44ecbbfe86be622c6ebd08b77151ee6ef7dfd5c8bbc8d4250b58e50
C6_112_PKA_COMMON_F1.25_onset100,3,wt,0.0,118.76431077024058,5.619198735897623,28.70000000000636,33.409182950989766,111.66717301586695,43.476455035186426,16.59987624271119,0.05,0.0,0.000540959045873496,7.0072790743005955,0.023686388277297424,1.3185767094904199e-13,8.196568423990414e-17,Radau,55885266c44ecbbfe86be622c6ebd08b77151ee6ef7dfd5c8bbc8d4250b58e50
C6_112_PKA_COMMON_F1.25_onset100,3,wt,50.0,118.76431077017347,5.619198735886824,28.69999999962431,33.40918294996974,111.667173016812,43.4764550350327,16.59987624165858,0.05,0.0,0.0005409590458687866,7.007279073672994,0.023686388268900144,4.800846236520819e-12,1.4210854715202004e-14,Radau,55885266c44ecbbfe86be622c6ebd08b77151ee6ef7dfd5c8bbc8d4250b58e50
C6_112_PKA_COMMON_F1.25_onset100,3,wt,100.0,118.76431077021964,5.619198735897304,28.699999999838756,33.40918295126914,111.66717301556955,43.47645503501837,16.59987624236367,0.05,0.0,0.0005409590458706038,7.007279079446923,0.023686388274628007,4.226021484895828e-11,7.32920668600201e-17,Radau,55885266c44ecbbfe86be622c6ebd08b77151ee6ef7dfd5c8bbc8d4250b58e50
C6_112_PKA_COMMON_F1.25_onset100,3,wt,100.0000001,118.76444701035358,5.619208593805837,28.699999999750755,33.4091831887263,111.66716748132036,43.476450150569725,16.599875829759792,0.55,1.0,0.0005411366046770322,7.007279079007603,0.029607984163969224,0.1362294472401258,1.4210854715202004e-14,Radau,55885266c44ecbbfe86be622c6ebd08b77151ee6ef7dfd5c8bbc8d4250b58e50
C6_112_PKA_COMMON_F1.25_onset100,3,wt,149.99999999999716,124.01924898104498,6.852029550157123,23.077079024091194,43.75240900379511,107.25378706899325,31.559774855921134,13.735425957253089,0.55,1.0,0.001282389272635492,6.958424082275801,0.020149195476528093,8.508811685275424e-10,1.4210854715202004e-14,Radau,55885266c44ecbbfe86be622c6ebd08b77151ee6ef7dfd5c8bbc8d4250b58e50
C6_112_PKA_COMMON_F1.25_onset100,3,wt,199.99999999999432,124.01924898182449,6.852029550359784,23.07707902025369,43.752408970332375,107.25378710336017,31.559774853983466,13.7354259425003,0.55,1.0,0.0012823892727565735,6.958424144751888,0.020149195351701173,1.4400201196419223e-09,1.4210854715202004e-14,Radau,55885266c44ecbbfe86be622c6ebd08b77151ee6ef7dfd5c8bbc8d4250b58e50
C6_112_PKA_COMMON_F1.25_onset100,3,ae2_knockout,0.0,118.76431077024058,5.619198735897623,28.70000000000636,33.409182950989766,111.66717301586695,43.476455035186426,16.59987624271119,0.05,0.0,0.000540959045873496,7.0072790743005955,0.023686388277297424,0.0008670038218395194,8.196568423990414e-17,Radau,55885266c44ecbbfe86be622c6ebd08b77151ee6ef7dfd5c8bbc8d4250b58e50
C6_112_PKA_COMMON_F1.25_onset100,3,ae2_knockout,50.0,118.72100386188951,5.606284915576039,28.59973934903711,33.405091073657026,111.61988267052563,42.00397202616333,17.722993019625584,0.05,0.0,0.0005345340717722592,7.022575380220007,0.034566596577822836,7.878157982383311e-10,1.4210854715202004e-14,Radau,55885266c44ecbbfe86be622c6ebd08b77151ee6ef7dfd5c8bbc8d4250b58e50
C6_112_PKA_COMMON_F1.25_onset100,3,ae2_knockout,100.0,118.72100386181535,5.606284915542157,28.599739348414786,33.40509106890396,111.6198826751868,42.00397202643121,17.722993017389154,0.05,0.0,0.000534534071772456,7.022575474354438,0.034566596558283764,8.342686816646e-12,2.842170943040401e-14,Radau,55885266c44ecbbfe86be622c6ebd08b77151ee6ef7dfd5c8bbc8d4250b58e50
C6_112_PKA_COMMON_F1.25_onset100,3,ae2_knockout,100.0000001,118.72113774611518,5.60629460299097,28.59973934832823,33.40509127672127,111.61987714523319,42.00396730829959,17.722992413126406,0.55,1.0,0.0005347086957644997,7.022575473964379,0.04320824149824306,0.13387379391500087,1.5404344466674047e-15,Radau,55885266c44ecbbfe86be622c6ebd08b77151ee6ef7dfd5c8bbc8d4250b58e50
C6_112_PKA_COMMON_F1.25_onset100,3,ae2_knockout,149.99999999999716,123.86469192362014,6.822758874311757,23.252435838394096,43.41429403176935,107.42388964266904,30.490470032716846,15.433925828595703,0.55,1.0,0.0012613812131491617,6.9842381430916936,0.03712336540303997,9.336960263002073e-10,1.4210854715202004e-14,Radau,55885266c44ecbbfe86be622c6ebd08b77151ee6ef7dfd5c8bbc8d4250b58e50
C6_112_PKA_COMMON_F1.25_onset100,3,ae2_knockout,199.99999999999432,123.86469192368074,6.822758874319182,23.25243583834189,43.41429403100084,107.42388964351346,30.49047003270847,15.433925828421886,0.55,1.0,0.0012613812131639934,6.98423823766457,0.037123365401414525,1.478982204679955e-13,1.4210854715202004e-14,Radau,55885266c44ecbbfe86be622c6ebd08b77151ee6ef7dfd5c8bbc8d4250b58e50
C6_112_PKA_COMMON_F1.6_onset100,3,ae4_knockout,0.0,118.76431077024058,5.619198735897623,28.70000000000636,33.409182950989766,111.66717301586695,43.476455035186426,16.59987624271119,0.05,0.0,0.000540959045873496,7.0072790743005955,0.0,0.0017747275355514593,8.196568423990414e-17,Radau,55885266c44ecbbfe86be622c6ebd08b77151ee6ef7dfd5c8bbc8d4250b58e50
C6_112_PKA_COMMON_F1.6_onset100,3,ae4_knockout,50.0,118.67765989332905,5.563827647862839,60.06668637443594,21.47281412371364,123.4861399511378,48.38157070332726,55.96417390558064,0.05,0.0,0.0005104237049697823,7.361125235382645,0.0,1.565078675671921e-05,1.4210854715202004e-14,Radau,55885266c44ecbbfe86be622c6ebd08b77151ee6ef7dfd5c8bbc8d4250b58e50
C6_112_PKA_COMMON_F1.6_onset100,3,ae4_knockout,100.0,118.59257525908838,5.560428053063489,64.1655978036617,21.21552490286726,123.65321187587118,48.68367213652337,58.16623674304726,0.05,0.0,0.0005111381265243558,7.374184464055744,0.0,3.8056555592367322e-06,2.842170943040401e-14,Radau,55885266c44ecbbfe86be622c6ebd08b77151ee6ef7dfd5c8bbc8d4250b58e50
C6_112_PKA_COMMON_F1.6_onset100,3,ae4_knockout,100.0000001,118.59273467314607,5.560439587765322,64.16559780736664,21.21552490268213,123.65320921182797,48.683669472478364,58.16623674505939,0.55,1.0,0.0005113417931324627,7.374184461718473,0.0,0.15940182121112562,7.105427357601002e-15,Radau,55885266c44ecbbfe86be622c6ebd08b77151ee6ef7dfd5c8bbc8d4250b58e50
C6_112_PKA_COMMON_F1.6_onset100,3,ae4_knockout,149.99999999999716,124.57845529715554,6.955453665021736,28.77021504041365,33.321812904875785,118.29007667132056,32.396189633623386,34.42308696804737,0.55,1.0,0.0013581224158382892,7.198452970825898,0.0,1.691231913748375e-08,1.4210854715202004e-14,Radau,55885266c44ecbbfe86be622c6ebd08b77151ee6ef7dfd5c8bbc8d4250b58e50
C6_112_PKA_COMMON_F1.6_onset100,3,ae4_knockout,199.99999999999432,124.57849346479085,6.955453947982887,28.769936908159398,33.321950234869696,118.28998045841732,32.396140372633944,34.422357617158966,0.55,1.0,0.0013581198878563482,7.198446415831519,0.0,1.3934813308798068e-10,1.4210854715202004e-14,Radau,55885266c44ecbbfe86be622c6ebd08b77151ee6ef7dfd5c8bbc8d4250b58e50
C6_112_PKA_COMMON_F1.6_onset100,3,wt,0.0,118.76431077024058,5.619198735897623,28.70000000000636,33.409182950989766,111.66717301586695,43.476455035186426,16.59987624271119,0.05,0.0,0.000540959045873496,7.0072790743005955,0.023686388277297424,1.3185767094904199e-13,8.196568423990414e-17,Radau,55885266c44ecbbfe86be622c6ebd08b77151ee6ef7dfd5c8bbc8d4250b58e50
C6_112_PKA_COMMON_F1.6_onset100,3,wt,50.0,118.76431077017347,5.619198735886824,28.69999999962431,33.40918294996974,111.667173016812,43.4764550350327,16.59987624165858,0.05,0.0,0.0005409590458687866,7.007279073672994,0.023686388268900144,4.800846236520819e-12,1.4210854715202004e-14,Radau,55885266c44ecbbfe86be622c6ebd08b77151ee6ef7dfd5c8bbc8d4250b58e50
C6_112_PKA_COMMON_F1.6_onset100,3,wt,100.0,118.76431077021964,5.619198735897304,28.699999999838756,33.40918295126914,111.66717301556955,43.47645503501837,16.59987624236367,0.05,0.0,0.0005409590458706038,7.007279079446923,0.023686388274628007,4.226021484895828e-11,7.32920668600201e-17,Radau,55885266c44ecbbfe86be622c6ebd08b77151ee6ef7dfd5c8bbc8d4250b58e50
C6_112_PKA_COMMON_F1.6_onset100,3,wt,100.0000001,118.76444701033375,5.619208593804901,28.69999999975057,33.40918352102269,111.66716686016663,43.47645043942817,16.59987525204351,0.55,1.0,0.0005411369393488504,7.007279078756563,0.037898211526699116,0.13622940760832186,8.760353553682876e-16,Radau,55885266c44ecbbfe86be622c6ebd08b77151ee6ef7dfd5c8bbc8d4250b58e50
C6_112_PKA_COMMON_F1.6_onset100,3,wt,149.99999999999716,123.91155295464603,6.8316662080619786,22.96234150105283,45.57110373118686,105.31804310027752,31.38981002086706,13.260129707793851,0.55,1.0,0.0012677544905398321,6.949973261832009,0.020747108276892315,8.683231335159062e-10,1.4210854715202004e-14,Radau,55885266c44ecbbfe86be622c6ebd08b77151ee6ef7dfd5c8bbc8d4250b58e50
C6_112_PKA_COMMON_F1.6_onset100,3,wt,199.99999999999432,123.91155295474104,6.831666208063236,22.962341501143634,45.57110373202055,105.318043099547,31.389810020944267,13.260129708262538,0.55,1.0,0.0012677544905097752,6.949973174268978,0.02074710828182827,1.3727174975730839e-11,1.797173521111972e-15,Radau,55885266c44ecbbfe86be622c6ebd08b77151ee6ef7dfd5c8bbc8d4250b58e50
C6_112_PKA_COMMON_F1.6_onset100,3,ae2_knockout,0.0,118.76431077024058,5.619198735897623,28.70000000000636,33.409182950989766,111.66717301586695,43.476455035186426,16.59987624271119,0.05,0.0,0.000540959045873496,7.0072790743005955,0.023686388277297424,0.0008670038218395194,8.196568423990414e-17,Radau,55885266c44ecbbfe86be622c6ebd08b77151ee6ef7dfd5c8bbc8d4250b58e50
C6_112_PKA_COMMON_F1.6_onset100,3,ae2_knockout,50.0,118.72100386188951,5.606284915576039,28.59973934903711,33.405091073657026,111.61988267052563,42.00397202616333,17.722993019625584,0.05,0.0,0.0005345340717722592,7.022575380220007,0.034566596577822836,7.878157982383311e-10,1.4210854715202004e-14,Radau,55885266c44ecbbfe86be622c6ebd08b77151ee6ef7dfd5c8bbc8d4250b58e50
C6_112_PKA_COMMON_F1.6_onset100,3,ae2_knockout,100.0,118.72100386181535,5.606284915542157,28.599739348414786,33.40509106890396,111.6198826751868,42.00397202643121,17.722993017389154,0.05,0.0,0.000534534071772456,7.022575474354438,0.034566596558283764,8.342686816646e-12,2.842170943040401e-14,Radau,55885266c44ecbbfe86be622c6ebd08b77151ee6ef7dfd5c8bbc8d4250b58e50
C6_112_PKA_COMMON_F1.6_onset100,3,ae2_knockout,100.0000001,118.72113774608626,5.606294602989609,28.599739348327965,33.405091567523755,111.61987643141062,42.00396773132128,17.72299156708391,0.55,1.0,0.0005347091858782663,7.022575473704339,0.05530653632777578,0.13387373608077613,1.4210854715202004e-14,Radau,55885266c44ecbbfe86be622c6ebd08b77151ee6ef7dfd5c8bbc8d4250b58e50
C6_112_PKA_COMMON_F1.6_onset100,3,ae2_knockout,149.99999999999716,123.75721279634016,6.802220605011653,23.072573164474523,45.230386631191955,105.49078523816085,30.3261288087246,14.663400042375432,0.55,1.0,0.00124675122755638,6.971890434436754,0.0382461139967712,1.0446040530257334e-09,1.4210854715202004e-14,Radau,55885266c44ecbbfe86be622c6ebd08b77151ee6ef7dfd5c8bbc8d4250b58e50
C6_112_PKA_COMMON_F1.6_onset100,3,ae2_knockout,199.99999999999432,123.75721279660935,6.802220605085039,23.07257316337388,45.23038661948922,105.49078525007853,30.326128808072678,14.66340003855184,0.55,1.0,0.001246751227347362,6.971888996316012,0.03824611395299343,1.293663473242243e-08,4.263256414560601e-14,Radau,55885266c44ecbbfe86be622c6ebd08b77151ee6ef7dfd5c8bbc8d4250b58e50
C6_112_PKA_COMMON_F3_onset100,3,ae4_knockout,0.0,118.76431077024058,5.619198735897623,28.70000000000636,33.409182950989766,111.66717301586695,43.476455035186426,16.59987624271119,0.05,0.0,0.000540959045873496,7.0072790743005955,0.0,0.0017747275355514593,8.196568423990414e-17,Radau,55885266c44ecbbfe86be622c6ebd08b77151ee6ef7dfd5c8bbc8d4250b58e50
C6_112_PKA_COMMON_F3_onset100,3,ae4_knockout,50.0,118.67765989332905,5.563827647862839,60.06668637443594,21.47281412371364,123.4861399511378,48.38157070332726,55.96417390558064,0.05,0.0,0.0005104237049697823,7.361125235382645,0.0,1.565078675671921e-05,1.4210854715202004e-14,Radau,55885266c44ecbbfe86be622c6ebd08b77151ee6ef7dfd5c8bbc8d4250b58e50
C6_112_PKA_COMMON_F3_onset100,3,ae4_knockout,100.0,118.59257525908838,5.560428053063489,64.1655978036617,21.21552490286726,123.65321187587118,48.68367213652337,58.16623674304726,0.05,0.0,0.0005111381265243558,7.374184464055744,0.0,3.8056555592367322e-06,2.842170943040401e-14,Radau,55885266c44ecbbfe86be622c6ebd08b77151ee6ef7dfd5c8bbc8d4250b58e50
C6_112_PKA_COMMON_F3_onset100,3,ae4_knockout,100.0000001,118.59273467314607,5.560439587765322,64.16559780736664,21.21552490268213,123.65320921182797,48.683669472478364,58.16623674505939,0.55,1.0,0.0005113417931324627,7.374184461718473,0.0,0.15940182121112562,7.105427357601002e-15,Radau,55885266c44ecbbfe86be622c6ebd08b77151ee6ef7dfd5c8bbc8d4250b58e50
C6_112_PKA_COMMON_F3_onset100,3,ae4_knockout,149.99999999999716,124.57845529715554,6.955453665021736,28.77021504041365,33.321812904875785,118.29007667132056,32.396189633623386,34.42308696804737,0.55,1.0,0.0013581224158382892,7.198452970825898,0.0,1.691231913748375e-08,1.4210854715202004e-14,Radau,55885266c44ecbbfe86be622c6ebd08b77151ee6ef7dfd5c8bbc8d4250b58e50
C6_112_PKA_COMMON_F3_onset100,3,ae4_knockout,199.99999999999432,124.57849346479085,6.955453947982887,28.769936908159398,33.321950234869696,118.28998045841732,32.396140372633944,34.422357617158966,0.55,1.0,0.0013581198878563482,7.198446415831519,0.0,1.3934813308798068e-10,1.4210854715202004e-14,Radau,55885266c44ecbbfe86be622c6ebd08b77151ee6ef7dfd5c8bbc8d4250b58e50
C6_112_PKA_COMMON_F3_onset100,3,wt,0.0,118.76431077024058,5.619198735897623,28.70000000000636,33.409182950989766,111.66717301586695,43.476455035186426,16.59987624271119,0.05,0.0,0.000540959045873496,7.0072790743005955,0.023686388277297424,1.3185767094904199e-13,8.196568423990414e-17,Radau,55885266c44ecbbfe86be622c6ebd08b77151ee6ef7dfd5c8bbc8d4250b58e50
C6_112_PKA_COMMON_F3_onset100,3,wt,50.0,118.76431077017347,5.619198735886824,28.69999999962431,33.40918294996974,111.667173016812,43.4764550350327,16.59987624165858,0.05,0.0,0.0005409590458687866,7.007279073672994,0.023686388268900144,4.800846236520819e-12,1.4210854715202004e-14,Radau,55885266c44ecbbfe86be622c6ebd08b77151ee6ef7dfd5c8bbc8d4250b58e50
C6_112_PKA_COMMON_F3_onset100,3,wt,100.0,118.76431077021964,5.619198735897304,28.699999999838756,33.40918295126914,111.66717301556955,43.47645503501837,16.59987624236367,0.05,0.0,0.0005409590458706038,7.007279079446923,0.023686388274628007,4.226021484895828e-11,7.32920668600201e-17,Radau,55885266c44ecbbfe86be622c6ebd08b77151ee6ef7dfd5c8bbc8d4250b58e50
C6_112_PKA_COMMON_F3_onset100,3,wt,100.0000001,118.7644470102545,5.619208593801156,28.69999999974984,33.40918485020837,111.66716437555212,43.47645159486131,16.599872941179623,0.55,1.0,0.0005411382780355637,7.007279077564121,0.0710590850887381,0.13622924908117134,1.4210854715202004e-14,Radau,55885266c44ecbbfe86be622c6ebd08b77151ee6ef7dfd5c8bbc8d4250b58e50
C6_112_PKA_COMMON_F3_onset100,3,wt,149.99999999999716,123.48972092085698,6.750432982714872,22.75724285627883,52.834169000469274,97.59516852498523,30.896553166006505,12.33610492925862,0.55,1.0,0.0012102635737982082,6.93163565719775,0.021708903382485358,1.779844850017192e-10,1.4210854715202004e-14,Radau,55885266c44ecbbfe86be622c6ebd08b77151ee6ef7dfd5c8bbc8d4250b58e50
C6_112_PKA_COMMON_F3_onset100,3,wt,199.99999999999432,123.4897209208161,6.750432982616094,22.75724285810428,52.83416902342624,97.59516850204578,30.89655316895688,12.336104934909438,0.55,1.0,0.0012102635736297458,6.931635712931104,0.02170890347773091,3.9202468011512583e-10,1.4210854715202004e-14,Radau,55885266c44ecbbfe86be622c6ebd08b77151ee6ef7dfd5c8bbc8d4250b58e50
C6_112_PKA_COMMON_F3_onset100,3,ae2_knockout,0.0,118.76431077024058,5.619198735897623,28.70000000000636,33.409182950989766,111.66717301586695,43.476455035186426,16.59987624271119,0.05,0.0,0.000540959045873496,7.0072790743005955,0.023686388277297424,0.0008670038218395194,8.196568423990414e-17,Radau,55885266c44ecbbfe86be622c6ebd08b77151ee6ef7dfd5c8bbc8d4250b58e50
C6_112_PKA_COMMON_F3_onset100,3,ae2_knockout,50.0,118.72100386188951,5.606284915576039,28.59973934903711,33.405091073657026,111.61988267052563,42.00397202616333,17.722993019625584,0.05,0.0,0.0005345340717722592,7.022575380220007,0.034566596577822836,7.878157982383311e-10,1.4210854715202004e-14,Radau,55885266c44ecbbfe86be622c6ebd08b77151ee6ef7dfd5c8bbc8d4250b58e50
C6_112_PKA_COMMON_F3_onset100,3,ae2_knockout,100.0,118.72100386181535,5.606284915542157,28.599739348414786,33.40509106890396,111.6198826751868,42.00397202643121,17.722993017389154,0.05,0.0,0.000534534071772456,7.022575474354438,0.034566596558283764,8.342686816646e-12,2.842170943040401e-14,Radau,55885266c44ecbbfe86be622c6ebd08b77151ee6ef7dfd5c8bbc8d4250b58e50
C6_112_PKA_COMMON_F3_onset100,3,ae2_knockout,100.0000001,118.72113774597058,5.606294602984164,28.599739348326892,33.40509273073391,111.61987357612102,42.00396942340705,17.722988182915863,0.55,1.0,0.0005347111463321755,7.022575472079089,0.10369965968983116,0.13387350474401277,1.4210854715202004e-14,Radau,55885266c44ecbbfe86be622c6ebd08b77151ee6ef7dfd5c8bbc8d4250b58e50
C6_112_PKA_COMMON_F3_onset100,3,ae2_knockout,149.99999999999716,123.34604414677433,6.722209033850797,22.740524749844415,52.26878320338642,98.0034402074119,29.843563937437732,13.153168777016978,0.55,1.0,0.0011906185475665221,6.9452414697286935,0.0404985466105658,3.211404908245705e-11,1.4210854715202004e-14,Radau,55885266c44ecbbfe86be622c6ebd08b77151ee6ef7dfd5c8bbc8d4250b58e50
C6_112_PKA_COMMON_F3_onset100,3,ae2_knockout,199.99999999999432,123.34604414674835,6.722209033845227,22.740524749967264,52.26878320467829,98.00344020607758,29.843563937653695,13.153168777338548,0.55,1.0,0.0011906185475782328,6.945241468096516,0.04049854661618603,1.6284793615531607e-11,1.4849232954361469e-15,Radau,55885266c44ecbbfe86be622c6ebd08b77151ee6ef7dfd5c8bbc8d4250b58e50
C6_112_PKA_COMMON_F10_onset100,3,ae4_knockout,0.0,118.76431077024058,5.619198735897623,28.70000000000636,33.409182950989766,111.66717301586695,43.476455035186426,16.59987624271119,0.05,0.0,0.000540959045873496,7.0072790743005955,0.0,0.0017747275355514593,8.196568423990414e-17,Radau,55885266c44ecbbfe86be622c6ebd08b77151ee6ef7dfd5c8bbc8d4250b58e50
C6_112_PKA_COMMON_F10_onset100,3,ae4_knockout,50.0,118.67765989332905,5.563827647862839,60.06668637443594,21.47281412371364,123.4861399511378,48.38157070332726,55.96417390558064,0.05,0.0,0.0005104237049697823,7.361125235382645,0.0,1.565078675671921e-05,1.4210854715202004e-14,Radau,55885266c44ecbbfe86be622c6ebd08b77151ee6ef7dfd5c8bbc8d4250b58e50
C6_112_PKA_COMMON_F10_onset100,3,ae4_knockout,100.0,118.59257525908838,5.560428053063489,64.1655978036617,21.21552490286726,123.65321187587118,48.68367213652337,58.16623674304726,0.05,0.0,0.0005111381265243558,7.374184464055744,0.0,3.8056555592367322e-06,2.842170943040401e-14,Radau,55885266c44ecbbfe86be622c6ebd08b77151ee6ef7dfd5c8bbc8d4250b58e50
C6_112_PKA_COMMON_F10_onset100,3,ae4_knockout,100.0000001,118.59273467314607,5.560439587765322,64.16559780736664,21.21552490268213,123.65320921182797,48.683669472478364,58.16623674505939,0.55,1.0,0.0005113417931324627,7.374184461718473,0.0,0.15940182121112562,7.105427357601002e-15,Radau,55885266c44ecbbfe86be622c6ebd08b77151ee6ef7dfd5c8bbc8d4250b58e50
C6_112_PKA_COMMON_F10_onset100,3,ae4_knockout,149.99999999999716,124.57845529715554,6.955453665021736,28.77021504041365,33.321812904875785,118.29007667132056,32.396189633623386,34.42308696804737,0.55,1.0,0.0013581224158382892,7.198452970825898,0.0,1.691231913748375e-08,1.4210854715202004e-14,Radau,55885266c44ecbbfe86be622c6ebd08b77151ee6ef7dfd5c8bbc8d4250b58e50
C6_112_PKA_COMMON_F10_onset100,3,ae4_knockout,199.99999999999432,124.57849346479085,6.955453947982887,28.769936908159398,33.321950234869696,118.28998045841732,32.396140372633944,34.422357617158966,0.55,1.0,0.0013581198878563482,7.198446415831519,0.0,1.3934813308798068e-10,1.4210854715202004e-14,Radau,55885266c44ecbbfe86be622c6ebd08b77151ee6ef7dfd5c8bbc8d4250b58e50
C6_112_PKA_COMMON_F10_onset100,3,wt,0.0,118.76431077024058,5.619198735897623,28.70000000000636,33.409182950989766,111.66717301586695,43.476455035186426,16.59987624271119,0.05,0.0,0.000540959045873496,7.0072790743005955,0.023686388277297424,1.3185767094904199e-13,8.196568423990414e-17,Radau,55885266c44ecbbfe86be622c6ebd08b77151ee6ef7dfd5c8bbc8d4250b58e50
C6_112_PKA_COMMON_F10_onset100,3,wt,50.0,118.76431077017347,5.619198735886824,28.69999999962431,33.40918294996974,111.667173016812,43.4764550350327,16.59987624165858,0.05,0.0,0.0005409590458687866,7.007279073672994,0.023686388268900144,4.800846236520819e-12,1.4210854715202004e-14,Radau,55885266c44ecbbfe86be622c6ebd08b77151ee6ef7dfd5c8bbc8d4250b58e50
C6_112_PKA_COMMON_F10_onset100,3,wt,100.0,118.76431077021964,5.619198735897304,28.699999999838756,33.40918295126914,111.66717301556955,43.47645503501837,16.59987624236367,0.05,0.0,0.0005409590458706038,7.007279079446923,0.023686388274628007,4.226021484895828e-11,7.32920668600201e-17,Radau,55885266c44ecbbfe86be622c6ebd08b77151ee6ef7dfd5c8bbc8d4250b58e50
C6_112_PKA_COMMON_F10_onset100,3,wt,100.0000001,118.76444700985817,5.619208593782433,28.699999999746176,33.40919149614015,111.66715195249121,43.476457372012014,16.599861386890208,0.55,1.0,0.0005411449714516164,7.007279072103993,0.23686259156851314,0.13622845644747533,2.842170943040401e-14,Radau,55885266c44ecbbfe86be622c6ebd08b77151ee6ef7dfd5c8bbc8d4250b58e50
C6_112_PKA_COMMON_F10_onset100,3,wt,149.99999999999716,121.45344605750574,6.320065086237358,23.70113065622344,89.45566843898487,58.719141877456586,33.15946397023894,12.087739067745682,0.55,1.0,0.0009283726041612296,6.918003510818965,0.022996734999659787,2.8462792285319396e-09,1.4210854715202004e-14,Radau,55885266c44ecbbfe86be622c6ebd08b77151ee6ef7dfd5c8bbc8d4250b58e50
C6_112_PKA_COMMON_F10_onset100,3,wt,199.99999999999432,121.45344605729171,6.3200650862985075,23.701130654615543,89.4556684247815,58.7191418914793,33.15946396508914,12.087739065812768,0.55,1.0,0.0009283726041066914,6.9180032209884565,0.02299673493923609,2.026040558733645e-11,1.2004286453759505e-15,Radau,55885266c44ecbbfe86be622c6ebd08b77151ee6ef7dfd5c8bbc8d4250b58e50
C1_PKA_COMMON_F3_onset120,3,ae4_knockout,0.0,118.69999999999787,5.599999999999802,28.700000000015038,24.99999999995821,120.00000000003949,50.000000000030866,10.000000000011443,0.05,0.0,0.0005314154767605587,6.910000000015379,0.0,0.0027096403259780346,4.163336342344337e-17,Radau,55885266c44ecbbfe86be622c6ebd08b77151ee6ef7dfd5c8bbc8d4250b58e50
C1_PKA_COMMON_F3_onset120,3,ae4_knockout,50.0,118.67820559019336,5.563849581784695,60.042805911420906,21.474454077149854,123.4850786711123,48.37965694862536,55.95051347780487,0.05,0.0,0.0005104192089573925,7.3610429629814025,0.0,1.5726678643062785e-05,1.4210854715202004e-14,Radau,55885266c44ecbbfe86be622c6ebd08b77151ee6ef7dfd5c8bbc8d4250b58e50
C1_PKA_COMMON_F3_onset120,3,ae4_knockout,100.0,118.59268477897092,5.560432402351709,64.15979343757735,21.215858168793915,123.65299472468149,48.6832784122492,58.1633071175354,0.05,0.0,0.0005111371894007521,7.374167301672294,0.0,3.820918313663909e-06,1.4210854715202004e-14,Radau,55885266c44ecbbfe86be622c6ebd08b77151ee6ef7dfd5c8bbc8d4250b58e50
C1_PKA_COMMON_F3_onset120,3,ae4_knockout,100.0000001,118.59284419202078,5.560443936980629,64.15979344129754,21.215858168607948,123.65299206041472,48.68327574798109,58.16330711955529,0.55,0.0,0.0005113408550010507,7.374167303279104,0.0,0.1594008134202504,1.4210854715202004e-14,Radau,55885266c44ecbbfe86be622c6ebd08b77151ee6ef7dfd5c8bbc8d4250b58e50
C1_PKA_COMMON_F3_onset120,3,ae4_knockout,119.99999999999886,124.46218489992258,6.954511200170229,29.67969313291386,32.909614446739766,118.5769805531163,32.54566721560625,36.74662330058441,0.55,0.0,0.001365774352265717,7.218026650138329,0.0,5.731998205254552e-05,1.6028844918025698e-15,Radau,55885266c44ecbbfe86be622c6ebd08b77151ee6ef7dfd5c8bbc8d4250b58e50
C1_PKA_COMMON_F3_onset120,3,ae4_knockout,120.09999999999886,124.46490036156221,6.954534892149565,29.656927521409546,32.91911331179774,118.57040877301581,32.54218628583893,36.689936341914354,0.55,1.0,0.0013655966122919562,7.217560267346228,0.0,5.6057474878029615e-05,1.4210854715202004e-14,Radau,55885266c44ecbbfe86be622c6ebd08b77151ee6ef7dfd5c8bbc8d4250b58e50
C1_PKA_COMMON_F3_onset120,3,ae4_knockout,149.99999999999716,124.57845525354624,6.955453664059412,28.770214819314173,33.32181279293814,118.29007673615098,32.39618967278038,34.42308623040328,0.55,1.0,0.0013581224179100059,7.198451236112165,0.0,3.565053131924921e-08,1.4210854715202004e-14,Radau,55885266c44ecbbfe86be622c6ebd08b77151ee6ef7dfd5c8bbc8d4250b58e50
C1_PKA_COMMON_F3_onset120,3,ae4_knockout,199.99999999999432,124.57849346480722,6.955453947982956,28.769936907981478,33.321950234930426,118.2899804583751,32.39614037261321,34.42235761666265,0.55,1.0,0.0013581198878636362,7.198446492536877,0.0,9.72967075383475e-10,2.842170943040401e-14,Radau,55885266c44ecbbfe86be622c6ebd08b77151ee6ef7dfd5c8bbc8d4250b58e50
C1_PKA_COMMON_F3_onset120,3,wt,0.0,118.69999999999787,5.599999999999802,28.700000000015038,24.99999999995821,120.00000000003949,50.000000000030866,10.000000000011443,0.05,0.0,0.0005314154767605587,6.910000000015379,0.03888333867647999,1.1751825255755232e-13,3.469446951953614e-17,Radau,55885266c44ecbbfe86be622c6ebd08b77151ee6ef7dfd5c8bbc8d4250b58e50
C1_PKA_COMMON_F3_onset120,3,wt,50.0,118.69999999989764,5.599999999982771,28.699999999840305,24.999999998862307,120.00000000102317,49.999999999259174,10.000000000153468,0.05,0.0,0.0005314154767529351,6.909999999764552,0.03888333891777225,1.831980678535582e-11,1.4210854715202004e-14,Radau,55885266c44ecbbfe86be622c6ebd08b77151ee6ef7dfd5c8bbc8d4250b58e50
C1_PKA_COMMON_F3_onset120,3,wt,100.0,118.69999999998102,5.600000000000332,28.700000000008785,25.000000000124327,119.99999999985772,50.00000000003096,9.999999999978256,0.05,0.0,0.0005314154767584056,6.909999996252972,0.038883339159064514,5.666148224883051e-11,2.3852447794681098e-17,Radau,55885266c44ecbbfe86be622c6ebd08b77151ee6ef7dfd5c8bbc8d4250b58e50
C1_PKA_COMMON_F3_onset120,3,wt,100.0000001,118.70015663311757,5.600011333483743,28.699999999907707,24.999999877738343,119.99999414734206,49.99999426974377,9.999999755064394,0.55,0.0,0.0005316194803792314,6.909999996403468,0.044550807257307735,0.15662086422965898,1.4210854715202004e-14,Radau,55885266c44ecbbfe86be622c6ebd08b77151ee6ef7dfd5c8bbc8d4250b58e50
C1_PKA_COMMON_F3_onset120,3,wt,119.99999999999886,124.59303742319344,6.9580936315451165,21.890724139791992,36.93419773249026,114.69334547504587,33.457588362330355,6.730045881458903,0.55,0.0,0.0013600836555848,6.8316519800838025,0.03780357638187111,4.190316291214002e-11,2.842170943040401e-14,Radau,55885266c44ecbbfe86be622c6ebd08b77151ee6ef7dfd5c8bbc8d4250b58e50
C1_PKA_COMMON_F3_onset120,3,wt,120.09999999999886,124.59303712162738,6.958093627576956,21.890724062199876,36.9341973465816,114.69334553608093,33.45758891020732,6.7300446137172205,0.55,1.0,0.0013600836735072042,6.831651949340357,0.03780358080269009,1.7897202104753406e-10,3.191891195797325e-16,Radau,55885266c44ecbbfe86be622c6ebd08b77151ee6ef7dfd5c8bbc8d4250b58e50
C1_PKA_COMMON_F3_onset120,3,wt,149.99999999999716,124.59303742549801,6.958093631978603,21.890723893840388,36.934198155389225,114.69334505462689,33.45758849585138,6.730044498353997,0.55,1.0,0.0013600836559081973,6.831651942848213,0.03780359432367446,1.296109762562155e-09,1.4210854715202004e-14,Radau,55885266c44ecbbfe86be622c6ebd08b77151ee6ef7dfd5c8bbc8d4250b58e50
C1_PKA_COMMON_F3_onset120,3,wt,199.99999999999432,124.5930374256042,6.958093631989763,21.890723893817682,36.93419815432305,114.69334505580456,33.4575884957588,6.730044498441573,0.55,1.0,0.0013600836559176952,6.831651945570725,0.03780358041489895,7.71811030743647e-12,1.4210854715202004e-14,Radau,55885266c44ecbbfe86be622c6ebd08b77151ee6ef7dfd5c8bbc8d4250b58e50
C1_PKA_COMMON_F3_onset130,3,ae4_knockout,0.0,118.69999999999787,5.599999999999802,28.700000000015038,24.99999999995821,120.00000000003949,50.000000000030866,10.000000000011443,0.05,0.0,0.0005314154767605587,6.910000000015379,0.0,0.0027096403259780346,4.163336342344337e-17,Radau,55885266c44ecbbfe86be622c6ebd08b77151ee6ef7dfd5c8bbc8d4250b58e50
C1_PKA_COMMON_F3_onset130,3,ae4_knockout,50.0,118.67820559019336,5.563849581784695,60.042805911420906,21.474454077149854,123.4850786711123,48.37965694862536,55.95051347780487,0.05,0.0,0.0005104192089573925,7.3610429629814025,0.0,1.5726678643062785e-05,1.4210854715202004e-14,Radau,55885266c44ecbbfe86be622c6ebd08b77151ee6ef7dfd5c8bbc8d4250b58e50
C1_PKA_COMMON_F3_onset130,3,ae4_knockout,100.0,118.59268477897092,5.560432402351709,64.15979343757735,21.215858168793915,123.65299472468149,48.6832784122492,58.1633071175354,0.05,0.0,0.0005111371894007521,7.374167301672294,0.0,3.820918313663909e-06,1.4210854715202004e-14,Radau,55885266c44ecbbfe86be622c6ebd08b77151ee6ef7dfd5c8bbc8d4250b58e50
C1_PKA_COMMON_F3_onset130,3,ae4_knockout,100.0000001,118.59284419202078,5.560443936980629,64.15979344129754,21.215858168607948,123.65299206041472,48.68327574798109,58.16330711955529,0.55,0.0,0.0005113408550010507,7.374167303279104,0.0,0.1594008134202504,1.4210854715202004e-14,Radau,55885266c44ecbbfe86be622c6ebd08b77151ee6ef7dfd5c8bbc8d4250b58e50
C1_PKA_COMMON_F3_onset130,3,ae4_knockout,129.9999999999983,124.56974318934138,6.9553885827306985,28.834029264263844,33.290504010508776,118.31199998934508,32.407429729265246,34.59012056359709,0.55,0.0,0.0013586991280062893,7.1998859011369065,0.0,4.603285103058849e-06,1.4210854715202004e-14,Radau,55885266c44ecbbfe86be622c6ebd08b77151ee6ef7dfd5c8bbc8d4250b58e50
C1_PKA_COMMON_F3_onset130,3,ae4_knockout,130.0999999999983,124.5699758672195,6.955390333565613,28.832316442857785,33.29133921832843,118.31141545188159,32.40712964033301,34.58564525618821,0.55,1.0,0.001358683734205945,7.199852873638147,0.0,4.423713849619636e-06,1.4210854715202004e-14,Radau,55885266c44ecbbfe86be622c6ebd08b77151ee6ef7dfd5c8bbc8d4250b58e50
C1_PKA_COMMON_F3_onset130,3,ae4_knockout,149.99999999999716,124.57845525354624,6.955453664059412,28.770214819314173,33.32181279293814,118.29007673615098,32.39618967278038,34.42308623040328,0.55,1.0,0.0013581224179100059,7.198451236112165,0.0,3.565053131924921e-08,1.4210854715202004e-14,Radau,55885266c44ecbbfe86be622c6ebd08b77151ee6ef7dfd5c8bbc8d4250b58e50
C1_PKA_COMMON_F3_onset130,3,ae4_knockout,199.99999999999432,124.57849346480722,6.955453947982956,28.769936907981478,33.321950234930426,118.2899804583751,32.39614037261321,34.42235761666265,0.55,1.0,0.0013581198878636362,7.198446492536877,0.0,9.72967075383475e-10,2.842170943040401e-14,Radau,55885266c44ecbbfe86be622c6ebd08b77151ee6ef7dfd5c8bbc8d4250b58e50
C1_PKA_COMMON_F3_onset130,3,wt,0.0,118.69999999999787,5.599999999999802,28.700000000015038,24.99999999995821,120.00000000003949,50.000000000030866,10.000000000011443,0.05,0.0,0.0005314154767605587,6.910000000015379,0.03888333867647999,1.1751825255755232e-13,3.469446951953614e-17,Radau,55885266c44ecbbfe86be622c6ebd08b77151ee6ef7dfd5c8bbc8d4250b58e50
C1_PKA_COMMON_F3_onset130,3,wt,50.0,118.69999999989764,5.599999999982771,28.699999999840305,24.999999998862307,120.00000000102317,49.999999999259174,10.000000000153468,0.05,0.0,0.0005314154767529351,6.909999999764552,0.03888333891777225,1.831980678535582e-11,1.4210854715202004e-14,Radau,55885266c44ecbbfe86be622c6ebd08b77151ee6ef7dfd5c8bbc8d4250b58e50
C1_PKA_COMMON_F3_onset130,3,wt,100.0,118.69999999998102,5.600000000000332,28.700000000008785,25.000000000124327,119.99999999985772,50.00000000003096,9.999999999978256,0.05,0.0,0.0005314154767584056,6.909999996252972,0.038883339159064514,5.666148224883051e-11,2.3852447794681098e-17,Radau,55885266c44ecbbfe86be622c6ebd08b77151ee6ef7dfd5c8bbc8d4250b58e50
C1_PKA_COMMON_F3_onset130,3,wt,100.0000001,118.70015663311757,5.600011333483744,28.699999999907703,24.999999877738592,119.99999414734205,49.999994269743524,9.999999755064884,0.55,0.0,0.0005316194803789392,6.909999996303137,0.04455081780522671,0.15662086422969326,2.1510571102112408e-16,Radau,55885266c44ecbbfe86be622c6ebd08b77151ee6ef7dfd5c8bbc8d4250b58e50
C1_PKA_COMMON_F3_onset130,3,wt,129.9999999999983,124.59303742323429,6.958093631547794,21.89072413977169,36.93419773191508,114.69334547566527,33.45758836222862,6.730045881501305,0.55,0.0,0.0013600836555848644,6.831651980712074,0.03780358064757364,3.895448218408552e-10,1.4210854715202004e-14,Radau,55885266c44ecbbfe86be622c6ebd08b77151ee6ef7dfd5c8bbc8d4250b58e50
C1_PKA_COMMON_F3_onset130,3,wt,130.0999999999983,124.59303712339484,6.95809362822658,21.890724061475872,36.93419734437808,114.69334554069509,33.457588908867436,6.730044613783217,0.55,1.0,0.0013600836735487556,6.831651945822034,0.03780358059586815,2.3098433173384084e-10,2.842170943040401e-14,Radau,55885266c44ecbbfe86be622c6ebd08b77151ee6ef7dfd5c8bbc8d4250b58e50
C1_PKA_COMMON_F3_onset130,3,wt,149.99999999999716,124.59303742563105,6.95809363198976,21.890723893797798,36.93419815432236,114.6933450558341,33.457588495692825,6.730044498435008,0.55,1.0,0.0013600836559159398,6.8316519460314575,0.03780358080269009,4.015745301982843e-11,1.4210854715202004e-14,Radau,55885266c44ecbbfe86be622c6ebd08b77151ee6ef7dfd5c8bbc8d4250b58e50
C1_PKA_COMMON_F3_onset130,3,wt,199.99999999999432,124.59303742560886,6.958093631990278,21.890723893817903,36.93419815428321,114.69334505584942,33.45758849576102,6.730044498445426,0.55,1.0,0.0013600836559179972,6.8316519457382645,0.03780358038904621,4.2690867484229096e-12,2.842170943040401e-14,Radau,55885266c44ecbbfe86be622c6ebd08b77151ee6ef7dfd5c8bbc8d4250b58e50
C1_PKA_K_RECRUIT_F3_onset120,3,ae4_knockout,0.0,118.69999999999787,5.599999999999802,28.700000000015038,24.99999999995821,120.00000000003949,50.000000000030866,10.000000000011443,0.05,0.0,0.0005314154767605587,6.910000000015379,0.0,0.0027096403259780346,4.163336342344337e-17,Radau,55885266c44ecbbfe86be622c6ebd08b77151ee6ef7dfd5c8bbc8d4250b58e50
C1_PKA_K_RECRUIT_F3_onset120,3,ae4_knockout,50.0,118.67820559019336,5.563849581784695,60.042805911420906,21.474454077149854,123.4850786711123,48.37965694862536,55.95051347780487,0.05,0.0,0.0005104192089573925,7.3610429629814025,0.0,1.5726678643062785e-05,1.4210854715202004e-14,Radau,55885266c44ecbbfe86be622c6ebd08b77151ee6ef7dfd5c8bbc8d4250b58e50
C1_PKA_K_RECRUIT_F3_onset120,3,ae4_knockout,100.0,118.59268477897092,5.560432402351709,64.15979343757735,21.215858168793915,123.65299472468149,48.6832784122492,58.1633071175354,0.05,0.0,0.0005111371894007521,7.374167301672294,0.0,3.820918313663909e-06,1.4210854715202004e-14,Radau,55885266c44ecbbfe86be622c6ebd08b77151ee6ef7dfd5c8bbc8d4250b58e50
C1_PKA_K_RECRUIT_F3_onset120,3,ae4_knockout,100.0000001,118.59284419202078,5.560443936980629,64.15979344129754,21.215858168607948,123.65299206041472,48.68327574798109,58.16330711955529,0.55,0.0,0.0005113408550010507,7.374167303279104,0.0,0.1594008134202504,1.4210854715202004e-14,Radau,55885266c44ecbbfe86be622c6ebd08b77151ee6ef7dfd5c8bbc8d4250b58e50
C1_PKA_K_RECRUIT_F3_onset120,3,ae4_knockout,119.99999999999886,124.46218489992258,6.954511200170229,29.67969313291386,32.909614446739766,118.5769805531163,32.54566721560625,36.74662330058441,0.55,0.0,0.001365774352265717,7.218026650138329,0.0,5.731998205254552e-05,1.6028844918025698e-15,Radau,55885266c44ecbbfe86be622c6ebd08b77151ee6ef7dfd5c8bbc8d4250b58e50
C1_PKA_K_RECRUIT_F3_onset120,3,ae4_knockout,120.09999999999886,124.46490036156221,6.954534892149565,29.656927521409546,32.91911331179774,118.57040877301581,32.54218628583893,36.689936341914354,0.55,1.0,0.0013655966122919562,7.217560267346228,0.0,5.6057474878029615e-05,1.4210854715202004e-14,Radau,55885266c44ecbbfe86be622c6ebd08b77151ee6ef7dfd5c8bbc8d4250b58e50
C1_PKA_K_RECRUIT_F3_onset120,3,ae4_knockout,149.99999999999716,124.57845525354624,6.955453664059412,28.770214819314173,33.32181279293814,118.29007673615098,32.39618967278038,34.42308623040328,0.55,1.0,0.0013581224179100059,7.198451236112165,0.0,3.565053131924921e-08,1.4210854715202004e-14,Radau,55885266c44ecbbfe86be622c6ebd08b77151ee6ef7dfd5c8bbc8d4250b58e50
C1_PKA_K_RECRUIT_F3_onset120,3,ae4_knockout,199.99999999999432,124.57849346480722,6.955453947982956,28.769936907981478,33.321950234930426,118.2899804583751,32.39614037261321,34.42235761666265,0.55,1.0,0.0013581198878636362,7.198446492536877,0.0,9.72967075383475e-10,2.842170943040401e-14,Radau,55885266c44ecbbfe86be622c6ebd08b77151ee6ef7dfd5c8bbc8d4250b58e50
C1_PKA_K_RECRUIT_F3_onset120,3,wt,0.0,118.69999999999787,5.599999999999802,28.700000000015038,24.99999999995821,120.00000000003949,50.000000000030866,10.000000000011443,0.05,0.0,0.0005314154767605587,6.910000000015379,0.03888333867647999,1.1751825255755232e-13,3.469446951953614e-17,Radau,55885266c44ecbbfe86be622c6ebd08b77151ee6ef7dfd5c8bbc8d4250b58e50
C1_PKA_K_RECRUIT_F3_onset120,3,wt,50.0,118.69999999989764,5.599999999982771,28.699999999840305,24.999999998862307,120.00000000102317,49.999999999259174,10.000000000153468,0.05,0.0,0.0005314154767529351,6.909999999764552,0.03888333891777225,1.831980678535582e-11,1.4210854715202004e-14,Radau,55885266c44ecbbfe86be622c6ebd08b77151ee6ef7dfd5c8bbc8d4250b58e50
C1_PKA_K_RECRUIT_F3_onset120,3,wt,100.0,118.69999999998102,5.600000000000332,28.700000000008785,25.000000000124327,119.99999999985772,50.00000000003096,9.999999999978256,0.05,0.0,0.0005314154767584056,6.909999996252972,0.038883339159064514,5.666148224883051e-11,2.3852447794681098e-17,Radau,55885266c44ecbbfe86be622c6ebd08b77151ee6ef7dfd5c8bbc8d4250b58e50
C1_PKA_K_RECRUIT_F3_onset120,3,wt,100.0000001,118.70015663311757,5.600011333483743,28.699999999907707,24.999999877738343,119.99999414734206,49.99999426974377,9.999999755064394,0.55,0.0,0.0005316194803792314,6.909999996403468,0.044550807257307735,0.15662086422965898,1.4210854715202004e-14,Radau,55885266c44ecbbfe86be622c6ebd08b77151ee6ef7dfd5c8bbc8d4250b58e50
C1_PKA_K_RECRUIT_F3_onset120,3,wt,119.99999999999886,124.59303742319344,6.9580936315451165,21.890724139791992,36.93419773249026,114.69334547504587,33.457588362330355,6.730045881458903,0.55,0.0,0.0013600836555848,6.8316519800838025,0.03780357638187111,4.190316291214002e-11,2.842170943040401e-14,Radau,55885266c44ecbbfe86be622c6ebd08b77151ee6ef7dfd5c8bbc8d4250b58e50
C1_PKA_K_RECRUIT_F3_onset120,3,wt,120.09999999999886,124.50117246592431,6.94971414349065,21.88714318928618,37.923175715687,113.60656886265811,33.43239472643681,6.63920915724664,0.55,1.0,0.0013557810227503042,6.828857193834479,0.03895560078033253,0.0009833707418769445,5.603156827405087e-16,Radau,55885266c44ecbbfe86be622c6ebd08b77151ee6ef7dfd5c8bbc8d4250b58e50
C1_PKA_K_RECRUIT_F3_onset120,3,wt,149.99999999999716,124.24801836579266,6.89479872458382,21.70331221670233,42.29915453572238,108.95518195622037,32.64060386813519,6.211524555675276,0.55,1.0,0.0013134210333635783,6.816000308133747,0.03852666078771949,4.7116440622131497e-08,1.4210854715202004e-14,Radau,55885266c44ecbbfe86be622c6ebd08b77151ee6ef7dfd5c8bbc8d4250b58e50
C1_PKA_K_RECRUIT_F3_onset120,3,wt,199.99999999999432,124.24801836552915,6.894798724552013,21.70331221676367,42.299154540131404,108.95518195155982,32.64060386849613,6.211524555377136,0.55,1.0,0.0013134210333122036,6.8160003176282595,0.03852614546500152,4.3118076160941686e-10,1.4210854715202004e-14,Radau,55885266c44ecbbfe86be622c6ebd08b77151ee6ef7dfd5c8bbc8d4250b58e50
C1_PKA_K_RECRUIT_F3_onset130,3,ae4_knockout,0.0,118.69999999999787,5.599999999999802,28.700000000015038,24.99999999995821,120.00000000003949,50.000000000030866,10.000000000011443,0.05,0.0,0.0005314154767605587,6.910000000015379,0.0,0.0027096403259780346,4.163336342344337e-17,Radau,55885266c44ecbbfe86be622c6ebd08b77151ee6ef7dfd5c8bbc8d4250b58e50
C1_PKA_K_RECRUIT_F3_onset130,3,ae4_knockout,50.0,118.67820559019336,5.563849581784695,60.042805911420906,21.474454077149854,123.4850786711123,48.37965694862536,55.95051347780487,0.05,0.0,0.0005104192089573925,7.3610429629814025,0.0,1.5726678643062785e-05,1.4210854715202004e-14,Radau,55885266c44ecbbfe86be622c6ebd08b77151ee6ef7dfd5c8bbc8d4250b58e50
C1_PKA_K_RECRUIT_F3_onset130,3,ae4_knockout,100.0,118.59268477897092,5.560432402351709,64.15979343757735,21.215858168793915,123.65299472468149,48.6832784122492,58.1633071175354,0.05,0.0,0.0005111371894007521,7.374167301672294,0.0,3.820918313663909e-06,1.4210854715202004e-14,Radau,55885266c44ecbbfe86be622c6ebd08b77151ee6ef7dfd5c8bbc8d4250b58e50
C1_PKA_K_RECRUIT_F3_onset130,3,ae4_knockout,100.0000001,118.59284419202078,5.560443936980629,64.15979344129754,21.215858168607948,123.65299206041472,48.68327574798109,58.16330711955529,0.55,0.0,0.0005113408550010507,7.374167303279104,0.0,0.1594008134202504,1.4210854715202004e-14,Radau,55885266c44ecbbfe86be622c6ebd08b77151ee6ef7dfd5c8bbc8d4250b58e50
C1_PKA_K_RECRUIT_F3_onset130,3,ae4_knockout,129.9999999999983,124.56974318934138,6.9553885827306985,28.834029264263844,33.290504010508776,118.31199998934508,32.407429729265246,34.59012056359709,0.55,0.0,0.0013586991280062893,7.1998859011369065,0.0,4.603285103058849e-06,1.4210854715202004e-14,Radau,55885266c44ecbbfe86be622c6ebd08b77151ee6ef7dfd5c8bbc8d4250b58e50
C1_PKA_K_RECRUIT_F3_onset130,3,ae4_knockout,130.0999999999983,124.5699758672195,6.955390333565613,28.832316442857785,33.29133921832843,118.31141545188159,32.40712964033301,34.58564525618821,0.55,1.0,0.001358683734205945,7.199852873638147,0.0,4.423713849619636e-06,1.4210854715202004e-14,Radau,55885266c44ecbbfe86be622c6ebd08b77151ee6ef7dfd5c8bbc8d4250b58e50
C1_PKA_K_RECRUIT_F3_onset130,3,ae4_knockout,149.99999999999716,124.57845525354624,6.955453664059412,28.770214819314173,33.32181279293814,118.29007673615098,32.39618967278038,34.42308623040328,0.55,1.0,0.0013581224179100059,7.198451236112165,0.0,3.565053131924921e-08,1.4210854715202004e-14,Radau,55885266c44ecbbfe86be622c6ebd08b77151ee6ef7dfd5c8bbc8d4250b58e50
C1_PKA_K_RECRUIT_F3_onset130,3,ae4_knockout,199.99999999999432,124.57849346480722,6.955453947982956,28.769936907981478,33.321950234930426,118.2899804583751,32.39614037261321,34.42235761666265,0.55,1.0,0.0013581198878636362,7.198446492536877,0.0,9.72967075383475e-10,2.842170943040401e-14,Radau,55885266c44ecbbfe86be622c6ebd08b77151ee6ef7dfd5c8bbc8d4250b58e50
C1_PKA_K_RECRUIT_F3_onset130,3,wt,0.0,118.69999999999787,5.599999999999802,28.700000000015038,24.99999999995821,120.00000000003949,50.000000000030866,10.000000000011443,0.05,0.0,0.0005314154767605587,6.910000000015379,0.03888333867647999,1.1751825255755232e-13,3.469446951953614e-17,Radau,55885266c44ecbbfe86be622c6ebd08b77151ee6ef7dfd5c8bbc8d4250b58e50
C1_PKA_K_RECRUIT_F3_onset130,3,wt,50.0,118.69999999989764,5.599999999982771,28.699999999840305,24.999999998862307,120.00000000102317,49.999999999259174,10.000000000153468,0.05,0.0,0.0005314154767529351,6.909999999764552,0.03888333891777225,1.831980678535582e-11,1.4210854715202004e-14,Radau,55885266c44ecbbfe86be622c6ebd08b77151ee6ef7dfd5c8bbc8d4250b58e50
C1_PKA_K_RECRUIT_F3_onset130,3,wt,100.0,118.69999999998102,5.600000000000332,28.700000000008785,25.000000000124327,119.99999999985772,50.00000000003096,9.999999999978256,0.05,0.0,0.0005314154767584056,6.909999996252972,0.038883339159064514,5.666148224883051e-11,2.3852447794681098e-17,Radau,55885266c44ecbbfe86be622c6ebd08b77151ee6ef7dfd5c8bbc8d4250b58e50
C1_PKA_K_RECRUIT_F3_onset130,3,wt,100.0000001,118.70015663311757,5.600011333483744,28.699999999907703,24.999999877738592,119.99999414734205,49.999994269743524,9.999999755064884,0.55,0.0,0.0005316194803789392,6.909999996303137,0.04455081780522671,0.15662086422969326,2.1510571102112408e-16,Radau,55885266c44ecbbfe86be622c6ebd08b77151ee6ef7dfd5c8bbc8d4250b58e50
C1_PKA_K_RECRUIT_F3_onset130,3,wt,129.9999999999983,124.59303742323429,6.958093631547794,21.89072413977169,36.93419773191508,114.69334547566527,33.45758836222862,6.730045881501305,0.55,0.0,0.0013600836555848644,6.831651980712074,0.03780358064757364,3.895448218408552e-10,1.4210854715202004e-14,Radau,55885266c44ecbbfe86be622c6ebd08b77151ee6ef7dfd5c8bbc8d4250b58e50
C1_PKA_K_RECRUIT_F3_onset130,3,wt,130.0999999999983,124.50117279143235,6.949714175224733,21.887143172434946,37.92317592062462,113.60656901572246,33.43239498905701,6.639209166676621,0.55,1.0,0.001355781027251647,6.828857599175787,0.0390285095733057,0.0009855917993867639,1.4210854715202004e-14,Radau,55885266c44ecbbfe86be622c6ebd08b77151ee6ef7dfd5c8bbc8d4250b58e50
C1_PKA_K_RECRUIT_F3_onset130,3,wt,149.99999999999716,124.2480183654554,6.894798724565379,21.703312216438828,42.2991545288255,108.95518196291992,32.64060386603692,6.211524555975579,0.55,1.0,0.0013134210334348512,6.816000978972092,0.038526281708954946,1.001489814060104e-08,1.4210854715202004e-14,Radau,55885266c44ecbbfe86be622c6ebd08b77151ee6ef7dfd5c8bbc8d4250b58e50
C1_PKA_K_RECRUIT_F3_onset130,3,wt,199.99999999999432,124.24801836859505,6.894798724836621,21.70331221639208,42.299154515423176,108.95518197956578,32.6406038681059,6.211524557154132,0.55,1.0,0.0013134210334075351,6.816000279165383,0.03852614287972726,6.814429656022194e-10,1.4210854715202004e-14,Radau,55885266c44ecbbfe86be622c6ebd08b77151ee6ef7dfd5c8bbc8d4250b58e50
C3_PKA_COMMON_F3_onset120,3,ae4_knockout,0.0,118.75982034409982,5.6178625137418035,27.5505963929819,30.363177879571833,114.7078243666191,46.3130595671296,10.211760505072451,0.05,0.0,0.0005402931693368819,6.90818529904734,0.0,0.0026482667449813204,3.426078865054194e-17,Radau,55885266c44ecbbfe86be622c6ebd08b77151ee6ef7dfd5c8bbc8d4250b58e50
C3_PKA_COMMON_F3_onset120,3,ae4_knockout,50.0,118.67876408271214,5.563872031696366,60.01839432555878,21.476132353908817,123.48399263740386,48.377698625639404,55.9365386480136,0.05,0.0,0.0005104146086291315,7.360958772124466,0.0,1.580434906137601e-05,7.105427357601002e-15,Radau,55885266c44ecbbfe86be622c6ebd08b77151ee6ef7dfd5c8bbc8d4250b58e50
C3_PKA_COMMON_F3_onset120,3,ae4_knockout,100.0,118.59279666936695,5.5604368458510995,64.15386498521057,21.21619864246595,123.65277287903861,48.68287617917512,58.16031434243753,0.05,0.0,0.0005111362320417467,7.37414984242692,0.0,3.836511380501321e-06,1.4210854715202004e-14,Radau,55885266c44ecbbfe86be622c6ebd08b77151ee6ef7dfd5c8bbc8d4250b58e50
C3_PKA_COMMON_F3_onset120,3,ae4_knockout,100.0000001,118.59295608138716,5.560448380405529,64.15386498894635,21.216198642279007,123.65277021454344,48.68287351467911,58.16031434446574,0.55,0.0,0.000511339896612201,7.37414984242692,0.0,0.15939978383348508,6.938893903907228e-16,Radau,55885266c44ecbbfe86be622c6ebd08b77151ee6ef7dfd5c8bbc8d4250b58e50
C3_PKA_COMMON_F3_onset120,3,ae4_knockout,119.99999999999886,124.46224454015113,6.954511721312194,29.679192283601573,32.90982301234777,118.5768362760936,32.545590766850566,36.745376973601395,0.55,0.0,0.0013657704489540572,7.218016398047883,0.0,5.729233598462679e-05,1.4210854715202004e-14,Radau,55885266c44ecbbfe86be622c6ebd08b77151ee6ef7dfd5c8bbc8d4250b58e50
C3_PKA_COMMON_F3_onset120,3,ae4_knockout,120.09999999999886,124.4649588126177,6.954535401315378,29.656438347406812,32.91931783888062,118.57026725179637,32.542111354150286,36.68871746888125,0.55,1.0,0.0013655927859512567,7.217550233215474,0.0,5.60302591293129e-05,1.4210854715202004e-14,Radau,55885266c44ecbbfe86be622c6ebd08b77151ee6ef7dfd5c8bbc8d4250b58e50
C3_PKA_COMMON_F3_onset120,3,ae4_knockout,149.99999999999716,124.57845533839482,6.955453665350639,28.77021466892449,33.321813054970974,118.29007656570886,32.39618958106651,34.42308597026487,0.55,1.0,0.001358122413031027,7.198452667801183,0.0,2.0081155295456523e-08,2.842170943040401e-14,Radau,55885266c44ecbbfe86be622c6ebd08b77151ee6ef7dfd5c8bbc8d4250b58e50
C3_PKA_COMMON_F3_onset120,3,ae4_knockout,199.99999999999432,124.5784934647523,6.955453947992509,28.769936907858696,33.32195023407756,118.2899804591701,32.39614037297841,34.42235761587432,0.55,1.0,0.0013581198878803028,7.198446515928602,0.0,1.2273175500845144e-09,2.842170943040401e-14,Radau,55885266c44ecbbfe86be622c6ebd08b77151ee6ef7dfd5c8bbc8d4250b58e50
C3_PKA_COMMON_F3_onset120,3,wt,0.0,118.75982034409982,5.6178625137418035,27.5505963929819,30.363177879571833,114.7078243666191,46.3130595671296,10.211760505072451,0.05,0.0,0.0005402931693368819,6.90818529904734,0.03648066411592794,8.256667712526054e-15,3.426078865054194e-17,Radau,55885266c44ecbbfe86be622c6ebd08b77151ee6ef7dfd5c8bbc8d4250b58e50
C3_PKA_COMMON_F3_onset120,3,wt,50.0,118.75982034407987,5.617862513738708,27.550596392932576,30.363177879272143,114.70782436689609,46.31305956713713,10.211760504885863,0.05,0.0,0.0005402931693338322,6.908185291354078,0.03648066411459213,6.6341847964802e-11,3.165870343657673e-17,Radau,55885266c44ecbbfe86be622c6ebd08b77151ee6ef7dfd5c8bbc8d4250b58e50
C3_PKA_COMMON_F3_onset120,3,wt,100.0,118.75982034410148,5.617862513741808,27.550596392982325,30.36317787957002,114.70782436662263,46.313059567121364,10.211760505083864,0.05,0.0,0.0005402931693367504,6.90818529864769,0.03648066411601006,3.449652768799994e-12,1.4210854715202004e-14,Radau,55885266c44ecbbfe86be622c6ebd08b77151ee6ef7dfd5c8bbc8d4250b58e50
C3_PKA_COMMON_F3_onset120,3,wt,100.0000001,118.7599648322247,5.617872968449064,27.55059639288899,30.36317787967335,114.70781874264767,46.313053942915204,10.211760505118423,0.55,0.0,0.0005404814849978018,6.90818529864769,0.036480662686993334,0.14447678960660537,1.5265566588595902e-15,Radau,55885266c44ecbbfe86be622c6ebd08b77151ee6ef7dfd5c8bbc8d4250b58e50
C3_PKA_COMMON_F3_onset120,3,wt,119.99999999999886,124.29047987155667,6.902665657573556,22.2388345650056,40.67179083612775,110.62856907244226,32.46049760300249,9.144338805978176,0.55,0.0,0.0013191726293237224,6.880060302204815,0.030399797019544768,3.059114820350834e-11,2.842170943040401e-14,Radau,55885266c44ecbbfe86be622c6ebd08b77151ee6ef7dfd5c8bbc8d4250b58e50
C3_PKA_COMMON_F3_onset120,3,wt,120.09999999999886,123.49121147154626,6.876793116345659,22.129392120008337,40.67990113311193,109.75367508889106,33.50523984737515,6.690322127199316,0.55,1.0,0.0013553228709638752,6.828161990437423,0.04848613323297686,0.0009250753414236228,1.4210854715202004e-14,Radau,55885266c44ecbbfe86be622c6ebd08b77151ee6ef7dfd5c8bbc8d4250b58e50
C3_PKA_COMMON_F3_onset120,3,wt,149.99999999999716,124.20650408364132,6.887085894808246,21.658657004268836,43.035162600620566,108.17417794574135,32.57696827368162,5.998418123914737,0.55,1.0,0.0013077952984212877,6.810466334686589,0.03912547851474937,6.550895073930809e-10,1.4210854715202004e-14,Radau,55885266c44ecbbfe86be622c6ebd08b77151ee6ef7dfd5c8bbc8d4250b58e50
C3_PKA_COMMON_F3_onset120,3,wt,199.99999999999432,124.20650408346157,6.8870858947896885,21.65865700444751,43.035162602743014,108.17417794345278,32.5769682738208,5.9984181245198345,0.55,1.0,0.0013077952984018079,6.810466387342217,0.03912547852258291,4.746356467110587e-12,2.842170943040401e-14,Radau,55885266c44ecbbfe86be622c6ebd08b77151ee6ef7dfd5c8bbc8d4250b58e50
C3_PKA_COMMON_F3_onset130,3,ae4_knockout,0.0,118.75982034409982,5.6178625137418035,27.5505963929819,30.363177879571833,114.7078243666191,46.3130595671296,10.211760505072451,0.05,0.0,0.0005402931693368819,6.90818529904734,0.0,0.0026482667449813204,3.426078865054194e-17,Radau,55885266c44ecbbfe86be622c6ebd08b77151ee6ef7dfd5c8bbc8d4250b58e50
C3_PKA_COMMON_F3_onset130,3,ae4_knockout,50.0,118.67876408271214,5.563872031696366,60.01839432555878,21.476132353908817,123.48399263740386,48.377698625639404,55.9365386480136,0.05,0.0,0.0005104146086291315,7.360958772124466,0.0,1.580434906137601e-05,7.105427357601002e-15,Radau,55885266c44ecbbfe86be622c6ebd08b77151ee6ef7dfd5c8bbc8d4250b58e50
C3_PKA_COMMON_F3_onset130,3,ae4_knockout,100.0,118.59279666936695,5.5604368458510995,64.15386498521057,21.21619864246595,123.65277287903861,48.68287617917512,58.16031434243753,0.05,0.0,0.0005111362320417467,7.37414984242692,0.0,3.836511380501321e-06,1.4210854715202004e-14,Radau,55885266c44ecbbfe86be622c6ebd08b77151ee6ef7dfd5c8bbc8d4250b58e50
C3_PKA_COMMON_F3_onset130,3,ae4_knockout,100.0000001,118.59295608138716,5.560448380405529,64.15386498894635,21.216198642279007,123.65277021454344,48.68287351467911,58.16031434446574,0.55,0.0,0.000511339896612201,7.37414984242692,0.0,0.15939978383348508,6.938893903907228e-16,Radau,55885266c44ecbbfe86be622c6ebd08b77151ee6ef7dfd5c8bbc8d4250b58e50
C3_PKA_COMMON_F3_onset130,3,ae4_knockout,129.9999999999983,124.56974831582887,6.955388621229716,28.833991527374483,33.290522416379346,118.3119871063669,32.40742311522718,34.59002197178412,0.55,0.0,0.0013586987894862168,7.199891029716097,0.0,4.535735000361701e-06,1.4210854715202004e-14,Radau,55885266c44ecbbfe86be622c6ebd08b77151ee6ef7dfd5c8bbc8d4250b58e50
C3_PKA_COMMON_F3_onset130,3,ae4_knockout,130.0999999999983,124.569980857474,6.9553903710493925,28.832279719161473,33.29135713543259,118.3114029109117,32.40712320256758,34.58554930219542,0.55,1.0,0.001358683404084399,7.199852993029564,0.0,4.410876545923854e-06,1.4210854715202004e-14,Radau,55885266c44ecbbfe86be622c6ebd08b77151ee6ef7dfd5c8bbc8d4250b58e50
C3_PKA_COMMON_F3_onset130,3,ae4_knockout,149.99999999999716,124.57845533839482,6.955453665350639,28.77021466892449,33.321813054970974,118.29007656570886,32.39618958106651,34.42308597026487,0.55,1.0,0.001358122413031027,7.198452667801183,0.0,2.0081155295456523e-08,2.842170943040401e-14,Radau,55885266c44ecbbfe86be622c6ebd08b77151ee6ef7dfd5c8bbc8d4250b58e50
C3_PKA_COMMON_F3_onset130,3,ae4_knockout,199.99999999999432,124.5784934647523,6.955453947992509,28.769936907858696,33.32195023407756,118.2899804591701,32.39614037297841,34.42235761587432,0.55,1.0,0.0013581198878803028,7.198446515928602,0.0,1.2273175500845144e-09,2.842170943040401e-14,Radau,55885266c44ecbbfe86be622c6ebd08b77151ee6ef7dfd5c8bbc8d4250b58e50
C3_PKA_COMMON_F3_onset130,3,wt,0.0,118.75982034409982,5.6178625137418035,27.5505963929819,30.363177879571833,114.7078243666191,46.3130595671296,10.211760505072451,0.05,0.0,0.0005402931693368819,6.90818529904734,0.03648066411592794,8.256667712526054e-15,3.426078865054194e-17,Radau,55885266c44ecbbfe86be622c6ebd08b77151ee6ef7dfd5c8bbc8d4250b58e50
C3_PKA_COMMON_F3_onset130,3,wt,50.0,118.75982034407987,5.617862513738708,27.550596392932576,30.363177879272143,114.70782436689609,46.31305956713713,10.211760504885863,0.05,0.0,0.0005402931693338322,6.908185291354078,0.03648066411459213,6.6341847964802e-11,3.165870343657673e-17,Radau,55885266c44ecbbfe86be622c6ebd08b77151ee6ef7dfd5c8bbc8d4250b58e50
C3_PKA_COMMON_F3_onset130,3,wt,100.0,118.75982034410148,5.617862513741808,27.550596392982325,30.36317787957002,114.70782436662263,46.313059567121364,10.211760505083864,0.05,0.0,0.0005402931693367504,6.90818529864769,0.03648066411601006,3.449652768799994e-12,1.4210854715202004e-14,Radau,55885266c44ecbbfe86be622c6ebd08b77151ee6ef7dfd5c8bbc8d4250b58e50
C3_PKA_COMMON_F3_onset130,3,wt,100.0000001,118.75996483222468,5.617872968449064,27.55059639288899,30.36317787967335,114.70781874264767,46.313053942915204,10.211760505118423,0.55,0.0,0.0005404814849978014,6.90818529864769,0.036480662686993334,0.14447678960660543,1.5265566588595902e-15,Radau,55885266c44ecbbfe86be622c6ebd08b77151ee6ef7dfd5c8bbc8d4250b58e50
C3_PKA_COMMON_F3_onset130,3,wt,129.9999999999983,124.29047987225286,6.902665657623119,22.23883456427124,40.671790832899596,110.62856907648406,32.46049760255245,9.144338803619208,0.55,0.0,0.001319172629256331,6.880060303328582,0.030399797004052133,1.9108258793689997e-11,1.4210854715202004e-14,Radau,55885266c44ecbbfe86be622c6ebd08b77151ee6ef7dfd5c8bbc8d4250b58e50
C3_PKA_COMMON_F3_onset130,3,wt,130.0999999999983,123.4912115772756,6.876793122906319,22.129392118316325,40.67990123207703,109.75367510450783,33.50523981040813,6.690322271133492,0.55,1.0,0.001355322869058975,6.828159610235456,0.048486135359145796,0.00092509093151497,1.4210854715202004e-14,Radau,55885266c44ecbbfe86be622c6ebd08b77151ee6ef7dfd5c8bbc8d4250b58e50
C3_PKA_COMMON_F3_onset130,3,wt,149.99999999999716,124.20650408397641,6.887085894846737,21.65865700412186,43.03516259725714,108.17417794950275,32.576968273694675,5.998418123512571,0.55,1.0,0.0013077952984236287,6.810466398551484,0.03912547850965081,1.319497849032216e-10,4.263256414560601e-14,Radau,55885266c44ecbbfe86be622c6ebd08b77151ee6ef7dfd5c8bbc8d4250b58e50
C3_PKA_COMMON_F3_onset130,3,wt,199.99999999999432,124.20650408342622,6.887085894789524,21.65865700437011,43.035162602059415,108.17417794411362,32.57696827371513,5.998418124181623,0.55,1.0,0.00130779529840708,6.810466439638836,0.03912547851816571,6.401497708344866e-10,1.4210854715202004e-14,Radau,55885266c44ecbbfe86be622c6ebd08b77151ee6ef7dfd5c8bbc8d4250b58e50
C6_112_PKA_COMMON_F3_onset120,3,ae4_knockout,0.0,118.76431077024058,5.619198735897623,28.70000000000636,33.409182950989766,111.66717301586695,43.476455035186426,16.59987624271119,0.05,0.0,0.000540959045873496,7.0072790743005955,0.0,0.0017747275355514593,8.196568423990414e-17,Radau,55885266c44ecbbfe86be622c6ebd08b77151ee6ef7dfd5c8bbc8d4250b58e50
C6_112_PKA_COMMON_F3_onset120,3,ae4_knockout,50.0,118.67765989332905,5.563827647862839,60.06668637443594,21.47281412371364,123.4861399511378,48.38157070332726,55.96417390558064,0.05,0.0,0.0005104237049697823,7.361125235382645,0.0,1.565078675671921e-05,1.4210854715202004e-14,Radau,55885266c44ecbbfe86be622c6ebd08b77151ee6ef7dfd5c8bbc8d4250b58e50
C6_112_PKA_COMMON_F3_onset120,3,ae4_knockout,100.0,118.59257525908838,5.560428053063489,64.1655978036617,21.21552490286726,123.65321187587118,48.68367213652337,58.16623674304726,0.05,0.0,0.0005111381265243558,7.374184464055744,0.0,3.8056555592367322e-06,2.842170943040401e-14,Radau,55885266c44ecbbfe86be622c6ebd08b77151ee6ef7dfd5c8bbc8d4250b58e50
C6_112_PKA_COMMON_F3_onset120,3,ae4_knockout,100.0000001,118.59273467314607,5.560439587765322,64.16559780736664,21.21552490268213,123.65320921182797,48.683669472478364,58.16623674505939,0.55,0.0,0.0005113417931324627,7.374184461718473,0.0,0.15940182121112562,7.105427357601002e-15,Radau,55885266c44ecbbfe86be622c6ebd08b77151ee6ef7dfd5c8bbc8d4250b58e50
C6_112_PKA_COMMON_F3_onset120,3,ae4_knockout,119.99999999999886,124.46212648964215,6.954510689741317,29.680183690100517,32.909410184938785,118.57712185212347,32.545742087619246,36.74784398145924,0.55,0.0,0.0013657781750601532,7.2180366784587555,0.0,5.7347191198294005e-05,1.4210854715202004e-14,Radau,55885266c44ecbbfe86be622c6ebd08b77151ee6ef7dfd5c8bbc8d4250b58e50
C6_112_PKA_COMMON_F3_onset120,3,ae4_knockout,120.09999999999886,124.46484311573603,6.954534393449335,29.65740664405943,32.91891300446499,118.57054737361405,32.54225967232386,36.69113013668738,0.55,1.0,0.0013656003597172868,7.217570092604186,0.0,5.608415119782956e-05,1.4210854715202004e-14,Radau,55885266c44ecbbfe86be622c6ebd08b77151ee6ef7dfd5c8bbc8d4250b58e50
C6_112_PKA_COMMON_F3_onset120,3,ae4_knockout,149.99999999999716,124.57845529715554,6.955453665021736,28.77021504041365,33.321812904875785,118.29007667132056,32.396189633623386,34.42308696804737,0.55,1.0,0.0013581224158382892,7.198452970825898,0.0,1.691231913748375e-08,1.4210854715202004e-14,Radau,55885266c44ecbbfe86be622c6ebd08b77151ee6ef7dfd5c8bbc8d4250b58e50
C6_112_PKA_COMMON_F3_onset120,3,ae4_knockout,199.99999999999432,124.57849346479085,6.955453947982887,28.769936908159398,33.321950234869696,118.28998045841732,32.396140372633944,34.422357617158966,0.55,1.0,0.0013581198878563482,7.198446415831519,0.0,1.3934813308798068e-10,1.4210854715202004e-14,Radau,55885266c44ecbbfe86be622c6ebd08b77151ee6ef7dfd5c8bbc8d4250b58e50
C6_112_PKA_COMMON_F3_onset120,3,wt,0.0,118.76431077024058,5.619198735897623,28.70000000000636,33.409182950989766,111.66717301586695,43.476455035186426,16.59987624271119,0.05,0.0,0.000540959045873496,7.0072790743005955,0.023686388277297424,1.3185767094904199e-13,8.196568423990414e-17,Radau,55885266c44ecbbfe86be622c6ebd08b77151ee6ef7dfd5c8bbc8d4250b58e50
C6_112_PKA_COMMON_F3_onset120,3,wt,50.0,118.76431077017347,5.619198735886824,28.69999999962431,33.40918294996974,111.667173016812,43.4764550350327,16.59987624165858,0.05,0.0,0.0005409590458687866,7.007279073672994,0.023686388268900144,4.800846236520819e-12,1.4210854715202004e-14,Radau,55885266c44ecbbfe86be622c6ebd08b77151ee6ef7dfd5c8bbc8d4250b58e50
C6_112_PKA_COMMON_F3_onset120,3,wt,100.0,118.76431077021964,5.619198735897304,28.699999999838756,33.40918295126914,111.66717301556955,43.47645503501837,16.59987624236367,0.05,0.0,0.0005409590458706038,7.007279079446923,0.023686388274628007,4.226021484895828e-11,7.32920668600201e-17,Radau,55885266c44ecbbfe86be622c6ebd08b77151ee6ef7dfd5c8bbc8d4250b58e50
C6_112_PKA_COMMON_F3_onset120,3,wt,100.0000001,118.76444701036772,5.619208593806506,28.699999999750887,33.409182951371754,111.66716792500164,43.47644994424223,16.599876242414357,0.55,0.0,0.0005411363656256262,7.007279079133123,0.023686390993310765,0.13622947554856993,2.842170943040401e-14,Radau,55885266c44ecbbfe86be622c6ebd08b77151ee6ef7dfd5c8bbc8d4250b58e50
C6_112_PKA_COMMON_F3_onset120,3,wt,119.99999999999886,124.09817162336066,6.86685845232043,23.194523880869085,42.41976745460387,108.67212025853306,31.692764495983866,14.223391259897477,0.55,0.0,0.0012931033143792207,6.966698949111306,0.019503957126103307,1.5150966111460995e-09,1.4210854715202004e-14,Radau,55885266c44ecbbfe86be622c6ebd08b77151ee6ef7dfd5c8bbc8d4250b58e50
C6_112_PKA_COMMON_F3_onset120,3,wt,120.09999999999886,123.53479701512944,6.839809420781908,23.129765421057876,44.06644563843736,106.41896433760358,32.178773560434514,12.836440127016742,0.55,1.0,0.001303054204271329,6.943917790871485,0.027860836618664946,0.0017728296116594022,4.263256414560601e-14,Radau,55885266c44ecbbfe86be622c6ebd08b77151ee6ef7dfd5c8bbc8d4250b58e50
C6_112_PKA_COMMON_F3_onset120,3,wt,149.99999999999716,123.48972091986762,6.7504329825399,22.757242857848635,52.83416902391552,97.59516850050547,30.896553168149374,12.336104933400192,0.55,1.0,0.0012102635737095847,6.931635941137384,0.021708903451211008,2.696395557696617e-09,1.4210854715202004e-14,Radau,55885266c44ecbbfe86be622c6ebd08b77151ee6ef7dfd5c8bbc8d4250b58e50
C6_112_PKA_COMMON_F3_onset120,3,wt,199.99999999999432,123.4897209200943,6.750432982536562,22.757242858360378,52.83416902960634,97.59516849507726,30.89655316910555,12.33610493522972,0.55,1.0,0.0012102635735496514,6.931635523532639,0.02170890348233077,1.5201258546226897e-09,1.4210854715202004e-14,Radau,55885266c44ecbbfe86be622c6ebd08b77151ee6ef7dfd5c8bbc8d4250b58e50
C6_112_PKA_COMMON_F3_onset130,3,ae4_knockout,0.0,118.76431077024058,5.619198735897623,28.70000000000636,33.409182950989766,111.66717301586695,43.476455035186426,16.59987624271119,0.05,0.0,0.000540959045873496,7.0072790743005955,0.0,0.0017747275355514593,8.196568423990414e-17,Radau,55885266c44ecbbfe86be622c6ebd08b77151ee6ef7dfd5c8bbc8d4250b58e50
C6_112_PKA_COMMON_F3_onset130,3,ae4_knockout,50.0,118.67765989332905,5.563827647862839,60.06668637443594,21.47281412371364,123.4861399511378,48.38157070332726,55.96417390558064,0.05,0.0,0.0005104237049697823,7.361125235382645,0.0,1.565078675671921e-05,1.4210854715202004e-14,Radau,55885266c44ecbbfe86be622c6ebd08b77151ee6ef7dfd5c8bbc8d4250b58e50
C6_112_PKA_COMMON_F3_onset130,3,ae4_knockout,100.0,118.59257525908838,5.560428053063489,64.1655978036617,21.21552490286726,123.65321187587118,48.68367213652337,58.16623674304726,0.05,0.0,0.0005111381265243558,7.374184464055744,0.0,3.8056555592367322e-06,2.842170943040401e-14,Radau,55885266c44ecbbfe86be622c6ebd08b77151ee6ef7dfd5c8bbc8d4250b58e50
C6_112_PKA_COMMON_F3_onset130,3,ae4_knockout,100.0000001,118.59273467314607,5.560439587765322,64.16559780736664,21.21552490268213,123.65320921182797,48.683669472478364,58.16623674505939,0.55,0.0,0.0005113417931324627,7.374184461718473,0.0,0.15940182121112562,7.105427357601002e-15,Radau,55885266c44ecbbfe86be622c6ebd08b77151ee6ef7dfd5c8bbc8d4250b58e50
C6_112_PKA_COMMON_F3_onset130,3,ae4_knockout,129.9999999999983,124.56973816651764,6.955388544810393,28.834066243475537,33.290485987994174,118.31201260060384,32.40743620391806,34.59021718119141,0.55,0.0,0.001358699460976445,7.199892973399384,0.0,4.5381027938784715e-06,1.4210854715202004e-14,Radau,55885266c44ecbbfe86be622c6ebd08b77151ee6ef7dfd5c8bbc8d4250b58e50
C6_112_PKA_COMMON_F3_onset130,3,ae4_knockout,130.0999999999983,124.56997097580586,6.95539029670322,28.832352448747514,33.29132166398072,118.31142773657903,32.40713594712364,34.58573934070208,0.55,1.0,0.0013586840578358583,7.199854302034915,0.0,4.4195186040601376e-06,1.4210854715202004e-14,Radau,55885266c44ecbbfe86be622c6ebd08b77151ee6ef7dfd5c8bbc8d4250b58e50
C6_112_PKA_COMMON_F3_onset130,3,ae4_knockout,149.99999999999716,124.57845529715554,6.955453665021736,28.77021504041365,33.321812904875785,118.29007667132056,32.396189633623386,34.42308696804737,0.55,1.0,0.0013581224158382892,7.198452970825898,0.0,1.691231913748375e-08,1.4210854715202004e-14,Radau,55885266c44ecbbfe86be622c6ebd08b77151ee6ef7dfd5c8bbc8d4250b58e50
C6_112_PKA_COMMON_F3_onset130,3,ae4_knockout,199.99999999999432,124.57849346479085,6.955453947982887,28.769936908159398,33.321950234869696,118.28998045841732,32.396140372633944,34.422357617158966,0.55,1.0,0.0013581198878563482,7.198446415831519,0.0,1.3934813308798068e-10,1.4210854715202004e-14,Radau,55885266c44ecbbfe86be622c6ebd08b77151ee6ef7dfd5c8bbc8d4250b58e50
C6_112_PKA_COMMON_F3_onset130,3,wt,0.0,118.76431077024058,5.619198735897623,28.70000000000636,33.409182950989766,111.66717301586695,43.476455035186426,16.59987624271119,0.05,0.0,0.000540959045873496,7.0072790743005955,0.023686388277297424,1.3185767094904199e-13,8.196568423990414e-17,Radau,55885266c44ecbbfe86be622c6ebd08b77151ee6ef7dfd5c8bbc8d4250b58e50
C6_112_PKA_COMMON_F3_onset130,3,wt,50.0,118.76431077017347,5.619198735886824,28.69999999962431,33.40918294996974,111.667173016812,43.4764550350327,16.59987624165858,0.05,0.0,0.0005409590458687866,7.007279073672994,0.023686388268900144,4.800846236520819e-12,1.4210854715202004e-14,Radau,55885266c44ecbbfe86be622c6ebd08b77151ee6ef7dfd5c8bbc8d4250b58e50
C6_112_PKA_COMMON_F3_onset130,3,wt,100.0,118.76431077021964,5.619198735897304,28.699999999838756,33.40918295126914,111.66717301556955,43.47645503501837,16.59987624236367,0.05,0.0,0.0005409590458706038,7.007279079446923,0.023686388274628007,4.226021484895828e-11,7.32920668600201e-17,Radau,55885266c44ecbbfe86be622c6ebd08b77151ee6ef7dfd5c8bbc8d4250b58e50
C6_112_PKA_COMMON_F3_onset130,3,wt,100.0000001,118.76444701036773,5.619208593806505,28.699999999750887,33.40918295137175,111.66716792500165,43.476449944242226,16.59987624241436,0.55,0.0,0.0005411363656256554,7.007279079195883,0.023686390993310807,0.13622947554856643,1.8943180357666733e-15,Radau,55885266c44ecbbfe86be622c6ebd08b77151ee6ef7dfd5c8bbc8d4250b58e50
C6_112_PKA_COMMON_F3_onset130,3,wt,129.9999999999983,124.09817162560354,6.866858453145662,23.194523858633755,42.41976730427815,108.67212041135005,31.6927644866318,14.223391170951832,0.55,0.0,0.001293103315054002,6.966698798776641,0.019503956497228685,4.736428927576883e-11,2.842170943040401e-14,Radau,55885266c44ecbbfe86be622c6ebd08b77151ee6ef7dfd5c8bbc8d4250b58e50
C6_112_PKA_COMMON_F3_onset130,3,wt,130.0999999999983,123.5347971115559,6.839809426915048,23.12976539869411,44.06644555763092,106.41896452444287,32.17877346470852,12.836440226568007,0.55,1.0,0.0013030542019880722,6.9439186694571955,0.027860838938586003,0.0017728297193121006,4.263256414560601e-14,Radau,55885266c44ecbbfe86be622c6ebd08b77151ee6ef7dfd5c8bbc8d4250b58e50
C6_112_PKA_COMMON_F3_onset130,3,wt,149.99999999999716,123.48972091996141,6.7504329825407305,22.75724285830005,52.83416902929405,97.59516849524793,30.896553169007404,12.336104934835763,0.55,1.0,0.0012102635736320898,6.931635769613568,0.02170890347519375,9.654355910211728e-10,6.626643678231403e-16,Radau,55885266c44ecbbfe86be622c6ebd08b77151ee6ef7dfd5c8bbc8d4250b58e50
C6_112_PKA_COMMON_F3_onset130,3,wt,199.99999999999432,123.48972092011337,6.750432982541014,22.757242858401195,52.834169029636875,97.59516849506939,30.896553169200896,12.336104935297122,0.55,1.0,0.0012102635736055522,6.931635717096606,0.021708903483314848,4.352443199010013e-10,1.096345236817342e-15,Radau,55885266c44ecbbfe86be622c6ebd08b77151ee6ef7dfd5c8bbc8d4250b58e50
C6_213_PKA_COMMON_capacity_near_lower_boundary_F1_onset100,3,ae4_knockout,0.0,118.69835020508377,5.599505734433953,31.19531863610779,27.266457389180065,117.73162078153547,47.37938632089282,19.41783168638045,0.05,0.0,0.0005311704508889829,7.049973542721201,0.0,0.001429777857488004,6.938893903907228e-18,Radau,55885266c44ecbbfe86be622c6ebd08b77151ee6ef7dfd5c8bbc8d4250b58e50
C6_213_PKA_COMMON_capacity_near_lower_boundary_F1_onset100,3,ae4_knockout,50.0,118.67575748892071,5.563751194661365,60.15015672798437,21.46709594151207,123.48984077194487,48.38824473380157,56.01184148335409,0.05,0.0,0.000510439387315389,7.36141222809464,0.0,1.5386205435143877e-05,1.4210854715202004e-14,Radau,55885266c44ecbbfe86be622c6ebd08b77151ee6ef7dfd5c8bbc8d4250b58e50
C6_213_PKA_COMMON_capacity_near_lower_boundary_F1_onset100,3,ae4_knockout,100.0,118.59219195419905,5.560412831692831,64.18592412066594,21.214358473203546,123.65397191978066,48.68505022012875,58.17649203542073,0.05,0.0,0.0005111414066902032,7.374244323484345,0.0,3.7522376438207873e-06,7.105427357601002e-15,Radau,55885266c44ecbbfe86be622c6ebd08b77151ee6ef7dfd5c8bbc8d4250b58e50
C6_213_PKA_COMMON_capacity_near_lower_boundary_F1_onset100,3,ae4_knockout,100.0000001,118.59235137178419,5.560424366649862,64.18592412431745,21.2143584730217,123.65396925652014,48.68504755686473,58.1764920374046,0.55,1.0,0.0005113450768260455,7.374244323192146,0.0,0.15940534847876997,7.105427357601002e-15,Radau,55885266c44ecbbfe86be622c6ebd08b77151ee6ef7dfd5c8bbc8d4250b58e50
C6_213_PKA_COMMON_capacity_near_lower_boundary_F1_onset100,3,ae4_knockout,149.99999999999716,124.57845522012826,6.95545366427713,28.77021556404476,33.32181263830387,118.29007685485027,32.396189728179124,34.42308833366575,0.55,1.0,0.001358122420848735,7.1984533086465605,0.0,1.3405235140170358e-08,1.4210854715202004e-14,Radau,55885266c44ecbbfe86be622c6ebd08b77151ee6ef7dfd5c8bbc8d4250b58e50
C6_213_PKA_COMMON_capacity_near_lower_boundary_F1_onset100,3,ae4_knockout,199.99999999999432,124.57849346040393,6.955453947953422,28.769936879572946,33.32195021968152,118.28998046886946,32.3961403784728,34.42235752251345,0.55,1.0,0.0013581198880084945,7.198445167300226,0.0,1.341411342615266e-08,2.842170943040401e-14,Radau,55885266c44ecbbfe86be622c6ebd08b77151ee6ef7dfd5c8bbc8d4250b58e50
C6_213_PKA_COMMON_capacity_near_lower_boundary_F1_onset100,3,wt,0.0,118.69835020508377,5.599505734433953,31.19531863610779,27.266457389180065,117.73162078153547,47.37938632089282,19.41783168638045,0.05,0.0,0.0005311704508889829,7.049973542721201,0.014867458616497964,2.0208467693108425e-13,7.806255641895632e-18,Radau,55885266c44ecbbfe86be622c6ebd08b77151ee6ef7dfd5c8bbc8d4250b58e50
C6_213_PKA_COMMON_capacity_near_lower_boundary_F1_onset100,3,wt,50.0,118.69835020506407,5.599505734431585,31.195318636338992,27.266457388658456,117.73162078203545,47.379386321240354,19.417831686590883,0.05,0.0,0.000531170450888166,7.049973542721201,0.014867458617074803,2.849790969459196e-13,1.4210854715202004e-14,Radau,55885266c44ecbbfe86be622c6ebd08b77151ee6ef7dfd5c8bbc8d4250b58e50
C6_213_PKA_COMMON_capacity_near_lower_boundary_F1_onset100,3,wt,100.0,118.69835020506588,5.599505734431515,31.195318636327862,27.266457388631817,117.73162078206347,47.37938632123998,19.41783168656518,0.05,0.0,0.0005311704508881704,7.049973540643901,0.014867458616995803,1.680341733081577e-11,1.4210854715202004e-14,Radau,55885266c44ecbbfe86be622c6ebd08b77151ee6ef7dfd5c8bbc8d4250b58e50
C6_213_PKA_COMMON_capacity_near_lower_boundary_F1_onset100,3,wt,100.0000001,118.69850025907446,5.599516591868933,31.195318636231367,27.266457388716535,117.73161562384652,47.37938116280585,19.417831686625146,0.55,1.0,0.0005313652300660504,7.049973540643901,0.014867459018612608,0.15004229308084327,1.9637069748057456e-15,Radau,55885266c44ecbbfe86be622c6ebd08b77151ee6ef7dfd5c8bbc8d4250b58e50
C6_213_PKA_COMMON_capacity_near_lower_boundary_F1_onset100,3,wt,149.99999999999716,124.45365572520224,6.932694395740588,23.902435170517904,37.289290048054106,114.1876968163368,32.612809824425106,16.80339691017128,0.55,1.0,0.0013412522877297715,7.0073065652215005,0.011062092350340662,7.637966019980561e-10,5.082739784612045e-16,Radau,55885266c44ecbbfe86be622c6ebd08b77151ee6ef7dfd5c8bbc8d4250b58e50
C6_213_PKA_COMMON_capacity_near_lower_boundary_F1_onset100,3,wt,199.99999999999432,124.45365572541974,6.932694395749114,23.90243517077308,37.28929004904229,114.18769681555673,32.61280982445993,16.803396911450754,0.55,1.0,0.0013412522877371184,7.007306491850312,0.011062092353433367,3.558694058227705e-11,2.842170943040401e-14,Radau,55885266c44ecbbfe86be622c6ebd08b77151ee6ef7dfd5c8bbc8d4250b58e50
C6_213_PKA_COMMON_capacity_near_lower_boundary_F1_onset100,3,ae2_knockout,0.0,118.69835020508377,5.599505734433953,31.19531863610779,27.266457389180065,117.73162078153547,47.37938632089282,19.41783168638045,0.05,0.0,0.0005311704508889829,7.049973542721201,0.014867458616497964,0.0006901220147566366,4.7704895589362195e-18,Radau,55885266c44ecbbfe86be622c6ebd08b77151ee6ef7dfd5c8bbc8d4250b58e50
C6_213_PKA_COMMON_capacity_near_lower_boundary_F1_onset100,3,ae2_knockout,50.0,118.66645361057252,5.589932450749062,31.446895671591122,27.172979824818967,117.78719929854955,46.28906433699143,21.095862735952327,0.05,0.0,0.0005264312222084309,7.070587874828991,0.0207480025998429,8.29690908075522e-12,1.4210854715202004e-14,Radau,55885266c44ecbbfe86be622c6ebd08b77151ee6ef7dfd5c8bbc8d4250b58e50
C6_213_PKA_COMMON_capacity_near_lower_boundary_F1_onset100,3,ae2_knockout,100.0,118.66645361076161,5.5899324507536585,31.44689567117523,27.172979824821923,117.78719929874526,46.28906433645305,21.09586273566413,0.05,0.0,0.0005264312222047912,7.0705878710533066,0.020748002598940957,2.2467309966213374e-11,1.4210854715202004e-14,Radau,55885266c44ecbbfe86be622c6ebd08b77151ee6ef7dfd5c8bbc8d4250b58e50
C6_213_PKA_COMMON_capacity_near_lower_boundary_F1_onset100,3,ae2_knockout,100.0000001,118.66660219100241,5.589943201554482,31.44689567107971,27.172979824904854,117.7871942320512,46.2890592695422,21.09586273572818,0.55,1.0,0.0005266240409994288,7.070587871198525,0.02074800276828067,0.14856864651835644,1.4210854715202004e-14,Radau,55885266c44ecbbfe86be622c6ebd08b77151ee6ef7dfd5c8bbc8d4250b58e50
C6_213_PKA_COMMON_capacity_near_lower_boundary_F1_onset100,3,ae2_knockout,149.99999999999716,124.35249435121557,6.914115765410641,24.528519124147003,36.73189742648341,114.6356569414226,31.7980792983571,20.11376245607243,0.55,1.0,0.0013275682527046661,7.05081139910045,0.020827433203311384,3.6456577279085495e-11,1.4210854715202004e-14,Radau,55885266c44ecbbfe86be622c6ebd08b77151ee6ef7dfd5c8bbc8d4250b58e50
C6_213_PKA_COMMON_capacity_near_lower_boundary_F1_onset100,3,ae2_knockout,199.99999999999432,124.35249435121635,6.914115765410563,24.528519124142537,36.73189742648478,114.63565694142207,31.79807929835167,20.11376245605989,0.55,1.0,0.0013275682527052327,7.050811402638681,0.020827433203269005,5.725848849947197e-13,4.77048955893622e-16,Radau,55885266c44ecbbfe86be622c6ebd08b77151ee6ef7dfd5c8bbc8d4250b58e50
C6_213_PKA_COMMON_capacity_near_lower_boundary_F1.25_onset100,3,ae4_knockout,0.0,118.69835020508377,5.599505734433953,31.19531863610779,27.266457389180065,117.73162078153547,47.37938632089282,19.41783168638045,0.05,0.0,0.0005311704508889829,7.049973542721201,0.0,0.001429777857488004,6.938893903907228e-18,Radau,55885266c44ecbbfe86be622c6ebd08b77151ee6ef7dfd5c8bbc8d4250b58e50
C6_213_PKA_COMMON_capacity_near_lower_boundary_F1.25_onset100,3,ae4_knockout,50.0,118.67575748892071,5.563751194661365,60.15015672798437,21.46709594151207,123.48984077194487,48.38824473380157,56.01184148335409,0.05,0.0,0.000510439387315389,7.36141222809464,0.0,1.5386205435143877e-05,1.4210854715202004e-14,Radau,55885266c44ecbbfe86be622c6ebd08b77151ee6ef7dfd5c8bbc8d4250b58e50
C6_213_PKA_COMMON_capacity_near_lower_boundary_F1.25_onset100,3,ae4_knockout,100.0,118.59219195419905,5.560412831692831,64.18592412066594,21.214358473203546,123.65397191978066,48.68505022012875,58.17649203542073,0.05,0.0,0.0005111414066902032,7.374244323484345,0.0,3.7522376438207873e-06,7.105427357601002e-15,Radau,55885266c44ecbbfe86be622c6ebd08b77151ee6ef7dfd5c8bbc8d4250b58e50
C6_213_PKA_COMMON_capacity_near_lower_boundary_F1.25_onset100,3,ae4_knockout,100.0000001,118.59235137178419,5.560424366649862,64.18592412431745,21.2143584730217,123.65396925652014,48.68504755686473,58.1764920374046,0.55,1.0,0.0005113450768260455,7.374244323192146,0.0,0.15940534847876997,7.105427357601002e-15,Radau,55885266c44ecbbfe86be622c6ebd08b77151ee6ef7dfd5c8bbc8d4250b58e50
C6_213_PKA_COMMON_capacity_near_lower_boundary_F1.25_onset100,3,ae4_knockout,149.99999999999716,124.57845522012826,6.95545366427713,28.77021556404476,33.32181263830387,118.29007685485027,32.396189728179124,34.42308833366575,0.55,1.0,0.001358122420848735,7.1984533086465605,0.0,1.3405235140170358e-08,1.4210854715202004e-14,Radau,55885266c44ecbbfe86be622c6ebd08b77151ee6ef7dfd5c8bbc8d4250b58e50
C6_213_PKA_COMMON_capacity_near_lower_boundary_F1.25_onset100,3,ae4_knockout,199.99999999999432,124.57849346040393,6.955453947953422,28.769936879572946,33.32195021968152,118.28998046886946,32.3961403784728,34.42235752251345,0.55,1.0,0.0013581198880084945,7.198445167300226,0.0,1.341411342615266e-08,2.842170943040401e-14,Radau,55885266c44ecbbfe86be622c6ebd08b77151ee6ef7dfd5c8bbc8d4250b58e50
C6_213_PKA_COMMON_capacity_near_lower_boundary_F1.25_onset100,3,wt,0.0,118.69835020508377,5.599505734433953,31.19531863610779,27.266457389180065,117.73162078153547,47.37938632089282,19.41783168638045,0.05,0.0,0.0005311704508889829,7.049973542721201,0.014867458616497964,2.0208467693108425e-13,7.806255641895632e-18,Radau,55885266c44ecbbfe86be622c6ebd08b77151ee6ef7dfd5c8bbc8d4250b58e50
C6_213_PKA_COMMON_capacity_near_lower_boundary_F1.25_onset100,3,wt,50.0,118.69835020506407,5.599505734431585,31.195318636338992,27.266457388658456,117.73162078203545,47.379386321240354,19.417831686590883,0.05,0.0,0.000531170450888166,7.049973542721201,0.014867458617074803,2.849790969459196e-13,1.4210854715202004e-14,Radau,55885266c44ecbbfe86be622c6ebd08b77151ee6ef7dfd5c8bbc8d4250b58e50
C6_213_PKA_COMMON_capacity_near_lower_boundary_F1.25_onset100,3,wt,100.0,118.69835020506588,5.599505734431515,31.195318636327862,27.266457388631817,117.73162078206347,47.37938632123998,19.41783168656518,0.05,0.0,0.0005311704508881704,7.049973540643901,0.014867458616995803,1.680341733081577e-11,1.4210854715202004e-14,Radau,55885266c44ecbbfe86be622c6ebd08b77151ee6ef7dfd5c8bbc8d4250b58e50
C6_213_PKA_COMMON_capacity_near_lower_boundary_F1.25_onset100,3,wt,100.0000001,118.69850025906646,5.59951659186856,31.195318636231292,27.266457399791754,117.73161549362348,47.37938140110218,19.417831329180846,0.55,1.0,0.0005313653681115559,7.049973540505414,0.01858432230550991,0.15004227705742856,1.4210854715202004e-14,Radau,55885266c44ecbbfe86be622c6ebd08b77151ee6ef7dfd5c8bbc8d4250b58e50
C6_213_PKA_COMMON_capacity_near_lower_boundary_F1.25_onset100,3,wt,149.99999999999716,124.44189651096768,6.930541056119718,23.740142409516107,37.60923993365253,113.85502817478447,32.62120118870685,16.084578849185867,0.55,1.0,0.0013396623439555315,6.9970327095153495,0.011747906439407497,6.362857393356977e-13,2.842170943040401e-14,Radau,55885266c44ecbbfe86be622c6ebd08b77151ee6ef7dfd5c8bbc8d4250b58e50
C6_213_PKA_COMMON_capacity_near_lower_boundary_F1.25_onset100,3,wt,199.99999999999432,124.44189651096896,6.9305410561199885,23.740142409518306,37.609239933635735,113.85502817480317,32.62120118871001,16.08457884919227,0.55,1.0,0.0013396623439570275,6.997032717483923,0.011747906439424872,7.733007318242755e-11,2.842170943040401e-14,Radau,55885266c44ecbbfe86be622c6ebd08b77151ee6ef7dfd5c8bbc8d4250b58e50
C6_213_PKA_COMMON_capacity_near_lower_boundary_F1.25_onset100,3,ae2_knockout,0.0,118.69835020508377,5.599505734433953,31.19531863610779,27.266457389180065,117.73162078153547,47.37938632089282,19.41783168638045,0.05,0.0,0.0005311704508889829,7.049973542721201,0.014867458616497964,0.0006901220147566366,4.7704895589362195e-18,Radau,55885266c44ecbbfe86be622c6ebd08b77151ee6ef7dfd5c8bbc8d4250b58e50
C6_213_PKA_COMMON_capacity_near_lower_boundary_F1.25_onset100,3,ae2_knockout,50.0,118.66645361057252,5.589932450749062,31.446895671591122,27.172979824818967,117.78719929854955,46.28906433699143,21.095862735952327,0.05,0.0,0.0005264312222084309,7.070587874828991,0.0207480025998429,8.29690908075522e-12,1.4210854715202004e-14,Radau,55885266c44ecbbfe86be622c6ebd08b77151ee6ef7dfd5c8bbc8d4250b58e50
C6_213_PKA_COMMON_capacity_near_lower_boundary_F1.25_onset100,3,ae2_knockout,100.0,118.66645361076161,5.5899324507536585,31.44689567117523,27.172979824821923,117.78719929874526,46.28906433645305,21.09586273566413,0.05,0.0,0.0005264312222047912,7.0705878710533066,0.020748002598940957,2.2467309966213374e-11,1.4210854715202004e-14,Radau,55885266c44ecbbfe86be622c6ebd08b77151ee6ef7dfd5c8bbc8d4250b58e50
C6_213_PKA_COMMON_capacity_near_lower_boundary_F1.25_onset100,3,ae2_knockout,100.0000001,118.66660219099134,5.589943201553967,31.446895671079602,27.17297982620933,117.78719406580245,46.28905959943173,21.095862240894157,0.55,1.0,0.0005266242321050845,7.0705878710533066,0.025935001078064356,0.14856862436763768,2.2273849431542203e-15,Radau,55885266c44ecbbfe86be622c6ebd08b77151ee6ef7dfd5c8bbc8d4250b58e50
C6_213_PKA_COMMON_capacity_near_lower_boundary_F1.25_onset100,3,ae2_knockout,149.99999999999716,124.3394175034687,6.911705185282901,24.27502664187932,37.09542170119687,114.2579739358947,31.80877659436511,19.05033992784539,0.55,1.0,0.001325798330426315,7.037244299644476,0.0216751027364967,2.9701281324447424e-10,1.4210854715202004e-14,Radau,55885266c44ecbbfe86be622c6ebd08b77151ee6ef7dfd5c8bbc8d4250b58e50
C6_213_PKA_COMMON_capacity_near_lower_boundary_F1.25_onset100,3,ae2_knockout,199.99999999999432,124.33941750857517,6.911705185601231,24.275026636875438,37.095421682097964,114.2579739605249,31.808776591676214,19.050339915333392,0.55,1.0,0.0013257983303990228,7.037244379932945,0.021675102689668223,5.406340712167203e-10,5.859028540111666e-16,Radau,55885266c44ecbbfe86be622c6ebd08b77151ee6ef7dfd5c8bbc8d4250b58e50
C6_213_PKA_COMMON_capacity_near_lower_boundary_F1.6_onset100,3,ae4_knockout,0.0,118.69835020508377,5.599505734433953,31.19531863610779,27.266457389180065,117.73162078153547,47.37938632089282,19.41783168638045,0.05,0.0,0.0005311704508889829,7.049973542721201,0.0,0.001429777857488004,6.938893903907228e-18,Radau,55885266c44ecbbfe86be622c6ebd08b77151ee6ef7dfd5c8bbc8d4250b58e50
C6_213_PKA_COMMON_capacity_near_lower_boundary_F1.6_onset100,3,ae4_knockout,50.0,118.67575748892071,5.563751194661365,60.15015672798437,21.46709594151207,123.48984077194487,48.38824473380157,56.01184148335409,0.05,0.0,0.000510439387315389,7.36141222809464,0.0,1.5386205435143877e-05,1.4210854715202004e-14,Radau,55885266c44ecbbfe86be622c6ebd08b77151ee6ef7dfd5c8bbc8d4250b58e50
C6_213_PKA_COMMON_capacity_near_lower_boundary_F1.6_onset100,3,ae4_knockout,100.0,118.59219195419905,5.560412831692831,64.18592412066594,21.214358473203546,123.65397191978066,48.68505022012875,58.17649203542073,0.05,0.0,0.0005111414066902032,7.374244323484345,0.0,3.7522376438207873e-06,7.105427357601002e-15,Radau,55885266c44ecbbfe86be622c6ebd08b77151ee6ef7dfd5c8bbc8d4250b58e50
C6_213_PKA_COMMON_capacity_near_lower_boundary_F1.6_onset100,3,ae4_knockout,100.0000001,118.59235137178419,5.560424366649862,64.18592412431745,21.2143584730217,123.65396925652014,48.68504755686473,58.1764920374046,0.55,1.0,0.0005113450768260455,7.374244323192146,0.0,0.15940534847876997,7.105427357601002e-15,Radau,55885266c44ecbbfe86be622c6ebd08b77151ee6ef7dfd5c8bbc8d4250b58e50
C6_213_PKA_COMMON_capacity_near_lower_boundary_F1.6_onset100,3,ae4_knockout,149.99999999999716,124.57845522012826,6.95545366427713,28.77021556404476,33.32181263830387,118.29007685485027,32.396189728179124,34.42308833366575,0.55,1.0,0.001358122420848735,7.1984533086465605,0.0,1.3405235140170358e-08,1.4210854715202004e-14,Radau,55885266c44ecbbfe86be622c6ebd08b77151ee6ef7dfd5c8bbc8d4250b58e50
C6_213_PKA_COMMON_capacity_near_lower_boundary_F1.6_onset100,3,ae4_knockout,199.99999999999432,124.57849346040393,6.955453947953422,28.769936879572946,33.32195021968152,118.28998046886946,32.3961403784728,34.42235752251345,0.55,1.0,0.0013581198880084945,7.198445167300226,0.0,1.341411342615266e-08,2.842170943040401e-14,Radau,55885266c44ecbbfe86be622c6ebd08b77151ee6ef7dfd5c8bbc8d4250b58e50
C6_213_PKA_COMMON_capacity_near_lower_boundary_F1.6_onset100,3,wt,0.0,118.69835020508377,5.599505734433953,31.19531863610779,27.266457389180065,117.73162078153547,47.37938632089282,19.41783168638045,0.05,0.0,0.0005311704508889829,7.049973542721201,0.014867458616497964,2.0208467693108425e-13,7.806255641895632e-18,Radau,55885266c44ecbbfe86be622c6ebd08b77151ee6ef7dfd5c8bbc8d4250b58e50
C6_213_PKA_COMMON_capacity_near_lower_boundary_F1.6_onset100,3,wt,50.0,118.69835020506407,5.599505734431585,31.195318636338992,27.266457388658456,117.73162078203545,47.379386321240354,19.417831686590883,0.05,0.0,0.000531170450888166,7.049973542721201,0.014867458617074803,2.849790969459196e-13,1.4210854715202004e-14,Radau,55885266c44ecbbfe86be622c6ebd08b77151ee6ef7dfd5c8bbc8d4250b58e50
C6_213_PKA_COMMON_capacity_near_lower_boundary_F1.6_onset100,3,wt,100.0,118.69835020506588,5.599505734431515,31.195318636327862,27.266457388631817,117.73162078206347,47.37938632123998,19.41783168656518,0.05,0.0,0.0005311704508881704,7.049973540643901,0.014867458616995803,1.680341733081577e-11,1.4210854715202004e-14,Radau,55885266c44ecbbfe86be622c6ebd08b77151ee6ef7dfd5c8bbc8d4250b58e50
C6_213_PKA_COMMON_capacity_near_lower_boundary_F1.6_onset100,3,wt,100.0000001,118.69850025905524,5.599516591868038,31.195318636231185,27.26645741529707,117.73161531131126,47.379381734717,19.41783082875888,0.55,1.0,0.0005313655613752228,7.049973540436171,0.0237879299208346,0.15004225462465282,1.4210854715202004e-14,Radau,55885266c44ecbbfe86be622c6ebd08b77151ee6ef7dfd5c8bbc8d4250b58e50
C6_213_PKA_COMMON_capacity_near_lower_boundary_F1.6_onset100,3,wt,149.99999999999716,124.42733830570896,6.927872887495734,23.572474433138648,37.986564153472315,113.46195607892555,32.62692611751151,15.332200031891594,0.55,1.0,0.0013376936927488015,6.985950983272013,0.012495379650104867,1.2282068173120038e-10,1.4210854715202004e-14,Radau,55885266c44ecbbfe86be622c6ebd08b77151ee6ef7dfd5c8bbc8d4250b58e50
C6_213_PKA_COMMON_capacity_near_lower_boundary_F1.6_onset100,3,wt,199.99999999999432,124.42733830571234,6.927872887495693,23.57247443313676,37.98656415350172,113.46195607889855,32.626926117503714,15.332200031890508,0.55,1.0,0.0013376936927530034,6.9859509959992785,0.012495379650103312,1.7815763850004724e-13,1.4210854715202004e-14,Radau,55885266c44ecbbfe86be622c6ebd08b77151ee6ef7dfd5c8bbc8d4250b58e50
C6_213_PKA_COMMON_capacity_near_lower_boundary_F1.6_onset100,3,ae2_knockout,0.0,118.69835020508377,5.599505734433953,31.19531863610779,27.266457389180065,117.73162078153547,47.37938632089282,19.41783168638045,0.05,0.0,0.0005311704508889829,7.049973542721201,0.014867458616497964,0.0006901220147566366,4.7704895589362195e-18,Radau,55885266c44ecbbfe86be622c6ebd08b77151ee6ef7dfd5c8bbc8d4250b58e50
C6_213_PKA_COMMON_capacity_near_lower_boundary_F1.6_onset100,3,ae2_knockout,50.0,118.66645361057252,5.589932450749062,31.446895671591122,27.172979824818967,117.78719929854955,46.28906433699143,21.095862735952327,0.05,0.0,0.0005264312222084309,7.070587874828991,0.0207480025998429,8.29690908075522e-12,1.4210854715202004e-14,Radau,55885266c44ecbbfe86be622c6ebd08b77151ee6ef7dfd5c8bbc8d4250b58e50
C6_213_PKA_COMMON_capacity_near_lower_boundary_F1.6_onset100,3,ae2_knockout,100.0,118.66645361076161,5.5899324507536585,31.44689567117523,27.172979824821923,117.78719929874526,46.28906433645305,21.09586273566413,0.05,0.0,0.0005264312222047912,7.0705878710533066,0.020748002598940957,2.2467309966213374e-11,1.4210854715202004e-14,Radau,55885266c44ecbbfe86be622c6ebd08b77151ee6ef7dfd5c8bbc8d4250b58e50
C6_213_PKA_COMMON_capacity_near_lower_boundary_F1.6_onset100,3,ae2_knockout,100.0000001,118.66660219097585,5.589943201553246,31.44689567107946,27.172979828035604,117.78719383305422,46.28906006127702,21.095861548126592,0.55,1.0,0.0005266244996529449,7.070587870762869,0.03319679711086564,0.14856859335663808,2.842170943040401e-14,Radau,55885266c44ecbbfe86be622c6ebd08b77151ee6ef7dfd5c8bbc8d4250b58e50
C6_213_PKA_COMMON_capacity_near_lower_boundary_F1.6_onset100,3,ae2_knockout,149.99999999999716,124.32351151884426,6.908770294967099,24.0188155053657,37.51962081968849,113.8165506852897,31.81758713995685,17.952324749354986,0.55,1.0,0.00132364517198435,7.022694346924774,0.02260195357353863,8.145916242759128e-09,4.263256414560601e-14,Radau,55885266c44ecbbfe86be622c6ebd08b77151ee6ef7dfd5c8bbc8d4250b58e50
C6_213_PKA_COMMON_capacity_near_lower_boundary_F1.6_onset100,3,ae2_knockout,199.99999999999432,124.32351151991222,6.908770295181282,24.018815496359185,37.519620772042515,113.81655073410597,31.817587135269445,17.95232471730244,0.55,1.0,0.0013236451719588049,7.022693546693779,0.022601953434387992,2.8904602594270704e-11,1.4210854715202004e-14,Radau,55885266c44ecbbfe86be622c6ebd08b77151ee6ef7dfd5c8bbc8d4250b58e50
C6_213_PKA_COMMON_capacity_near_lower_boundary_F3_onset100,3,ae4_knockout,0.0,118.69835020508377,5.599505734433953,31.19531863610779,27.266457389180065,117.73162078153547,47.37938632089282,19.41783168638045,0.05,0.0,0.0005311704508889829,7.049973542721201,0.0,0.001429777857488004,6.938893903907228e-18,Radau,55885266c44ecbbfe86be622c6ebd08b77151ee6ef7dfd5c8bbc8d4250b58e50
C6_213_PKA_COMMON_capacity_near_lower_boundary_F3_onset100,3,ae4_knockout,50.0,118.67575748892071,5.563751194661365,60.15015672798437,21.46709594151207,123.48984077194487,48.38824473380157,56.01184148335409,0.05,0.0,0.000510439387315389,7.36141222809464,0.0,1.5386205435143877e-05,1.4210854715202004e-14,Radau,55885266c44ecbbfe86be622c6ebd08b77151ee6ef7dfd5c8bbc8d4250b58e50
C6_213_PKA_COMMON_capacity_near_lower_boundary_F3_onset100,3,ae4_knockout,100.0,118.59219195419905,5.560412831692831,64.18592412066594,21.214358473203546,123.65397191978066,48.68505022012875,58.17649203542073,0.05,0.0,0.0005111414066902032,7.374244323484345,0.0,3.7522376438207873e-06,7.105427357601002e-15,Radau,55885266c44ecbbfe86be622c6ebd08b77151ee6ef7dfd5c8bbc8d4250b58e50
C6_213_PKA_COMMON_capacity_near_lower_boundary_F3_onset100,3,ae4_knockout,100.0000001,118.59235137178419,5.560424366649862,64.18592412431745,21.2143584730217,123.65396925652014,48.68504755686473,58.1764920374046,0.55,1.0,0.0005113450768260455,7.374244323192146,0.0,0.15940534847876997,7.105427357601002e-15,Radau,55885266c44ecbbfe86be622c6ebd08b77151ee6ef7dfd5c8bbc8d4250b58e50
C6_213_PKA_COMMON_capacity_near_lower_boundary_F3_onset100,3,ae4_knockout,149.99999999999716,124.57845522012826,6.95545366427713,28.77021556404476,33.32181263830387,118.29007685485027,32.396189728179124,34.42308833366575,0.55,1.0,0.001358122420848735,7.1984533086465605,0.0,1.3405235140170358e-08,1.4210854715202004e-14,Radau,55885266c44ecbbfe86be622c6ebd08b77151ee6ef7dfd5c8bbc8d4250b58e50
C6_213_PKA_COMMON_capacity_near_lower_boundary_F3_onset100,3,ae4_knockout,199.99999999999432,124.57849346040393,6.955453947953422,28.769936879572946,33.32195021968152,118.28998046886946,32.3961403784728,34.42235752251345,0.55,1.0,0.0013581198880084945,7.198445167300226,0.0,1.341411342615266e-08,2.842170943040401e-14,Radau,55885266c44ecbbfe86be622c6ebd08b77151ee6ef7dfd5c8bbc8d4250b58e50
C6_213_PKA_COMMON_capacity_near_lower_boundary_F3_onset100,3,wt,0.0,118.69835020508377,5.599505734433953,31.19531863610779,27.266457389180065,117.73162078153547,47.37938632089282,19.41783168638045,0.05,0.0,0.0005311704508889829,7.049973542721201,0.014867458616497964,2.0208467693108425e-13,7.806255641895632e-18,Radau,55885266c44ecbbfe86be622c6ebd08b77151ee6ef7dfd5c8bbc8d4250b58e50
C6_213_PKA_COMMON_capacity_near_lower_boundary_F3_onset100,3,wt,50.0,118.69835020506407,5.599505734431585,31.195318636338992,27.266457388658456,117.73162078203545,47.379386321240354,19.417831686590883,0.05,0.0,0.000531170450888166,7.049973542721201,0.014867458617074803,2.849790969459196e-13,1.4210854715202004e-14,Radau,55885266c44ecbbfe86be622c6ebd08b77151ee6ef7dfd5c8bbc8d4250b58e50
C6_213_PKA_COMMON_capacity_near_lower_boundary_F3_onset100,3,wt,100.0,118.69835020506588,5.599505734431515,31.195318636327862,27.266457388631817,117.73162078206347,47.37938632123998,19.41783168656518,0.05,0.0,0.0005311704508881704,7.049973540643901,0.014867458616995803,1.680341733081577e-11,1.4210854715202004e-14,Radau,55885266c44ecbbfe86be622c6ebd08b77151ee6ef7dfd5c8bbc8d4250b58e50
C6_213_PKA_COMMON_capacity_near_lower_boundary_F3_onset100,3,wt,100.0000001,118.69850025901037,5.599516591865946,31.19531863623076,27.266457477318355,117.73161458206249,47.379383069175965,19.417828827071563,0.55,1.0,0.0005313663344295796,7.049973539328278,0.044602348874937026,0.150042164893586,2.842170943040401e-14,Radau,55885266c44ecbbfe86be622c6ebd08b77151ee6ef7dfd5c8bbc8d4250b58e50
C6_213_PKA_COMMON_capacity_near_lower_boundary_F3_onset100,3,wt,149.99999999999716,124.37973744240026,6.919131120983365,23.20109437457985,39.09797072932175,112.29904490500876,32.615085679974214,13.63598532845191,0.55,1.0,0.0013312547876711503,6.95956454872918,0.014295362101268718,8.867185258713646e-10,1.4210854715202004e-14,Radau,55885266c44ecbbfe86be622c6ebd08b77151ee6ef7dfd5c8bbc8d4250b58e50
C6_213_PKA_COMMON_capacity_near_lower_boundary_F3_onset100,3,wt,199.99999999999432,124.37973744237945,6.919131120981843,23.201094374578375,39.09797072940714,112.29904490490622,32.61508567994752,13.6359853284309,0.55,1.0,0.0013312547876895083,6.959564643252032,0.014295362101177496,1.4585780280282275e-11,2.842170943040401e-14,Radau,55885266c44ecbbfe86be622c6ebd08b77151ee6ef7dfd5c8bbc8d4250b58e50
C6_213_PKA_COMMON_capacity_near_lower_boundary_F3_onset100,3,ae2_knockout,0.0,118.69835020508377,5.599505734433953,31.19531863610779,27.266457389180065,117.73162078153547,47.37938632089282,19.41783168638045,0.05,0.0,0.0005311704508889829,7.049973542721201,0.014867458616497964,0.0006901220147566366,4.7704895589362195e-18,Radau,55885266c44ecbbfe86be622c6ebd08b77151ee6ef7dfd5c8bbc8d4250b58e50
C6_213_PKA_COMMON_capacity_near_lower_boundary_F3_onset100,3,ae2_knockout,50.0,118.66645361057252,5.589932450749062,31.446895671591122,27.172979824818967,117.78719929854955,46.28906433699143,21.095862735952327,0.05,0.0,0.0005264312222084309,7.070587874828991,0.0207480025998429,8.29690908075522e-12,1.4210854715202004e-14,Radau,55885266c44ecbbfe86be622c6ebd08b77151ee6ef7dfd5c8bbc8d4250b58e50
C6_213_PKA_COMMON_capacity_near_lower_boundary_F3_onset100,3,ae2_knockout,100.0,118.66645361076161,5.5899324507536585,31.44689567117523,27.172979824821923,117.78719929874526,46.28906433645305,21.09586273566413,0.05,0.0,0.0005264312222047912,7.0705878710533066,0.020748002598940957,2.2467309966213374e-11,1.4210854715202004e-14,Radau,55885266c44ecbbfe86be622c6ebd08b77151ee6ef7dfd5c8bbc8d4250b58e50
C6_213_PKA_COMMON_capacity_near_lower_boundary_F3_onset100,3,ae2_knockout,100.0000001,118.66660219091384,5.589943201550361,31.44689567107887,27.17297983534076,117.7871929020615,46.2890619086576,21.09585877705724,0.55,1.0,0.0005266255698440211,7.07058786960112,0.06224396256496323,0.14856846931268242,2.842170943040401e-14,Radau,55885266c44ecbbfe86be622c6ebd08b77151ee6ef7dfd5c8bbc8d4250b58e50
C6_213_PKA_COMMON_capacity_near_lower_boundary_F3_onset100,3,ae2_knockout,149.99999999999716,124.27309301379387,6.899447023174764,23.468575056652593,38.743165341480506,112.53839316741615,31.816743371787016,15.517254909608416,0.55,1.0,0.001316817808263459,6.988160495180901,0.024869867196856618,1.2528120486334445e-09,2.2343238370581275e-15,Radau,55885266c44ecbbfe86be622c6ebd08b77151ee6ef7dfd5c8bbc8d4250b58e50
C6_213_PKA_COMMON_capacity_near_lower_boundary_F3_onset100,3,ae2_knockout,199.99999999999432,124.27309301372708,6.899447023189911,23.46857505583083,38.743165335762605,112.53839317307188,31.816743371103357,15.517254906624396,0.55,1.0,0.0013168178082400422,6.988160350262927,0.024869867178849696,1.5642100411751323e-10,2.6163966826420193e-15,Radau,55885266c44ecbbfe86be622c6ebd08b77151ee6ef7dfd5c8bbc8d4250b58e50
C6_213_PKA_COMMON_capacity_near_lower_boundary_F10_onset100,3,ae4_knockout,0.0,118.69835020508377,5.599505734433953,31.19531863610779,27.266457389180065,117.73162078153547,47.37938632089282,19.41783168638045,0.05,0.0,0.0005311704508889829,7.049973542721201,0.0,0.001429777857488004,6.938893903907228e-18,Radau,55885266c44ecbbfe86be622c6ebd08b77151ee6ef7dfd5c8bbc8d4250b58e50
C6_213_PKA_COMMON_capacity_near_lower_boundary_F10_onset100,3,ae4_knockout,50.0,118.67575748892071,5.563751194661365,60.15015672798437,21.46709594151207,123.48984077194487,48.38824473380157,56.01184148335409,0.05,0.0,0.000510439387315389,7.36141222809464,0.0,1.5386205435143877e-05,1.4210854715202004e-14,Radau,55885266c44ecbbfe86be622c6ebd08b77151ee6ef7dfd5c8bbc8d4250b58e50
C6_213_PKA_COMMON_capacity_near_lower_boundary_F10_onset100,3,ae4_knockout,100.0,118.59219195419905,5.560412831692831,64.18592412066594,21.214358473203546,123.65397191978066,48.68505022012875,58.17649203542073,0.05,0.0,0.0005111414066902032,7.374244323484345,0.0,3.7522376438207873e-06,7.105427357601002e-15,Radau,55885266c44ecbbfe86be622c6ebd08b77151ee6ef7dfd5c8bbc8d4250b58e50
C6_213_PKA_COMMON_capacity_near_lower_boundary_F10_onset100,3,ae4_knockout,100.0000001,118.59235137178419,5.560424366649862,64.18592412431745,21.2143584730217,123.65396925652014,48.68504755686473,58.1764920374046,0.55,1.0,0.0005113450768260455,7.374244323192146,0.0,0.15940534847876997,7.105427357601002e-15,Radau,55885266c44ecbbfe86be622c6ebd08b77151ee6ef7dfd5c8bbc8d4250b58e50
C6_213_PKA_COMMON_capacity_near_lower_boundary_F10_onset100,3,ae4_knockout,149.99999999999716,124.57845522012826,6.95545366427713,28.77021556404476,33.32181263830387,118.29007685485027,32.396189728179124,34.42308833366575,0.55,1.0,0.001358122420848735,7.1984533086465605,0.0,1.3405235140170358e-08,1.4210854715202004e-14,Radau,55885266c44ecbbfe86be622c6ebd08b77151ee6ef7dfd5c8bbc8d4250b58e50
C6_213_PKA_COMMON_capacity_near_lower_boundary_F10_onset100,3,ae4_knockout,199.99999999999432,124.57849346040393,6.955453947953422,28.769936879572946,33.32195021968152,118.28998046886946,32.3961403784728,34.42235752251345,0.55,1.0,0.0013581198880084945,7.198445167300226,0.0,1.341411342615266e-08,2.842170943040401e-14,Radau,55885266c44ecbbfe86be622c6ebd08b77151ee6ef7dfd5c8bbc8d4250b58e50
C6_213_PKA_COMMON_capacity_near_lower_boundary_F10_onset100,3,wt,0.0,118.69835020508377,5.599505734433953,31.19531863610779,27.266457389180065,117.73162078153547,47.37938632089282,19.41783168638045,0.05,0.0,0.0005311704508889829,7.049973542721201,0.014867458616497964,2.0208467693108425e-13,7.806255641895632e-18,Radau,55885266c44ecbbfe86be622c6ebd08b77151ee6ef7dfd5c8bbc8d4250b58e50
C6_213_PKA_COMMON_capacity_near_lower_boundary_F10_onset100,3,wt,50.0,118.69835020506407,5.599505734431585,31.195318636338992,27.266457388658456,117.73162078203545,47.379386321240354,19.417831686590883,0.05,0.0,0.000531170450888166,7.049973542721201,0.014867458617074803,2.849790969459196e-13,1.4210854715202004e-14,Radau,55885266c44ecbbfe86be622c6ebd08b77151ee6ef7dfd5c8bbc8d4250b58e50
C6_213_PKA_COMMON_capacity_near_lower_boundary_F10_onset100,3,wt,100.0,118.69835020506588,5.599505734431515,31.195318636327862,27.266457388631817,117.73162078206347,47.37938632123998,19.41783168656518,0.05,0.0,0.0005311704508881704,7.049973540643901,0.014867458616995803,1.680341733081577e-11,1.4210854715202004e-14,Radau,55885266c44ecbbfe86be622c6ebd08b77151ee6ef7dfd5c8bbc8d4250b58e50
C6_213_PKA_COMMON_capacity_near_lower_boundary_F10_onset100,3,wt,100.0000001,118.69850025878604,5.599516591855491,31.195318636228645,27.266457787425708,117.73161093582218,47.379389741461864,19.41781881864827,0.55,1.0,0.0005313701996964894,7.04997353524292,0.14867416747329518,0.15004171623881485,1.4210854715202004e-14,Radau,55885266c44ecbbfe86be622c6ebd08b77151ee6ef7dfd5c8bbc8d4250b58e50
C6_213_PKA_COMMON_capacity_near_lower_boundary_F10_onset100,3,wt,149.99999999999716,124.19967927018753,6.885815896479921,22.6910072156736,42.51145754021765,108.69052197250943,32.38116831569159,11.311224968685163,0.55,1.0,0.0013068702134055037,6.919053708598995,0.016953316572615933,9.355248849440684e-10,1.4210854715202004e-14,Radau,55885266c44ecbbfe86be622c6ebd08b77151ee6ef7dfd5c8bbc8d4250b58e50
C6_213_PKA_COMMON_capacity_near_lower_boundary_F10_onset100,3,wt,199.99999999999432,124.1996792701941,6.885815896483166,22.691007215707852,42.51145753979846,108.69052197294045,32.381168315804175,11.31122496877173,0.55,1.0,0.0013068702133769228,6.91905361834549,0.01695331657340095,5.517415004611124e-12,2.842170943040401e-14,Radau,55885266c44ecbbfe86be622c6ebd08b77151ee6ef7dfd5c8bbc8d4250b58e50
C6_213_PKA_COMMON_capacity_lower_quartile_F1_onset100,3,ae4_knockout,0.0,118.70337631183168,5.601011242398877,30.972922517719887,27.491614347396062,117.51243225583156,47.32010161186052,18.92157676108109,0.05,0.0,0.0005319168918565975,7.0434578579503055,0.0,0.0014762063404970107,4.163336342344337e-17,Radau,55885266c44ecbbfe86be622c6ebd08b77151ee6ef7dfd5c8bbc8d4250b58e50
C6_213_PKA_COMMON_capacity_lower_quartile_F1_onset100,3,ae4_knockout,50.0,118.6759815276551,5.563760197232086,60.140309070339434,21.46776942935958,123.48940486041367,48.38745857244919,56.006224247442944,0.05,0.0,0.0005104375397902938,7.3613784220042335,0.0,1.5417364755783078e-05,1.4210854715202004e-14,Radau,55885266c44ecbbfe86be622c6ebd08b77151ee6ef7dfd5c8bbc8d4250b58e50
C6_213_PKA_COMMON_capacity_lower_quartile_F1_onset100,3,ae4_knockout,100.0,118.59223721577317,5.560414629024487,64.18352298236054,21.214496211578297,123.65388216840228,48.68488748445852,58.17528090388123,0.05,0.0,0.000511141019333155,7.374237246626619,0.0,3.7585453852972267e-06,3.552713678800501e-14,Radau,55885266c44ecbbfe86be622c6ebd08b77151ee6ef7dfd5c8bbc8d4250b58e50
C6_213_PKA_COMMON_capacity_lower_quartile_F1_onset100,3,ae4_knockout,100.0000001,118.59239663294176,5.560426163951383,64.18352298601836,21.214496211396078,123.6538795050493,48.684884821102266,58.1752809058684,0.55,1.0,0.0005113446890524377,7.374237246626619,0.0,0.15940493195929673,1.4210854715202004e-14,Radau,55885266c44ecbbfe86be622c6ebd08b77151ee6ef7dfd5c8bbc8d4250b58e50
C6_213_PKA_COMMON_capacity_lower_quartile_F1_onset100,3,ae4_knockout,149.99999999999716,124.57845523500347,6.955453664575075,28.77021551232446,33.3218126802963,118.29007682895573,32.39618971415941,34.42308821141567,0.55,1.0,0.00135812241994508,7.198452867315985,0.0,1.8188533156739948e-08,1.4210854715202004e-14,Radau,55885266c44ecbbfe86be622c6ebd08b77151ee6ef7dfd5c8bbc8d4250b58e50
C6_213_PKA_COMMON_capacity_lower_quartile_F1_onset100,3,ae4_knockout,199.99999999999432,124.57849346347261,6.955453947946204,28.769936904486652,33.32195023253574,118.2899804593784,32.39614037356508,34.42235760399508,0.55,1.0,0.0013581198878870142,7.198446657448567,0.0,2.7670594699741255e-09,1.4210854715202004e-14,Radau,55885266c44ecbbfe86be622c6ebd08b77151ee6ef7dfd5c8bbc8d4250b58e50
C6_213_PKA_COMMON_capacity_lower_quartile_F1_onset100,3,wt,0.0,118.70337631183168,5.601011242398877,30.972922517719887,27.491614347396062,117.51243225583156,47.32010161186052,18.92157676108109,0.05,0.0,0.0005319168918565975,7.0434578579503055,0.015240808201148974,4.363348627096567e-14,4.2500725161431774e-17,Radau,55885266c44ecbbfe86be622c6ebd08b77151ee6ef7dfd5c8bbc8d4250b58e50
C6_213_PKA_COMMON_capacity_lower_quartile_F1_onset100,3,wt,50.0,118.70337631187438,5.601011242403619,30.97292251780163,27.491614347754595,117.51243225551893,47.32010161184359,18.921576761351876,0.05,0.0,0.0005319168918589879,7.043457857541032,0.015240808202062276,3.3547807248476473e-12,7.090682208055199e-17,Radau,55885266c44ecbbfe86be622c6ebd08b77151ee6ef7dfd5c8bbc8d4250b58e50
C6_213_PKA_COMMON_capacity_lower_quartile_F1_onset100,3,wt,100.0,118.70337631181921,5.601011242393105,30.97292251747891,27.491614346790687,117.51243225642226,47.3201016118305,18.92157676048383,0.05,0.0,0.0005319168918520163,7.0434578570635455,0.015240808199162254,6.701432940847929e-12,2.3418766925686896e-17,Radau,55885266c44ecbbfe86be622c6ebd08b77151ee6ef7dfd5c8bbc8d4250b58e50
C6_213_PKA_COMMON_capacity_lower_quartile_F1_onset100,3,wt,100.0000001,118.70352598985811,5.60102207262649,30.97292251738263,27.491614346876514,117.51242707418388,47.3200964293744,18.921576760542546,0.55,1.0,0.0005321112258055555,7.043457856995333,0.015240808718646663,0.14966634959245556,2.842170943040401e-14,Radau,55885266c44ecbbfe86be622c6ebd08b77151ee6ef7dfd5c8bbc8d4250b58e50
C6_213_PKA_COMMON_capacity_lower_quartile_F1_onset100,3,wt,149.99999999999716,124.44695159254098,6.931466940781384,23.80666578147416,37.4734033022717,113.99633253036052,32.61801534924545,16.38037150524548,0.55,1.0,0.0013403458561297914,7.001296172709691,0.011462407860822855,8.459346778527748e-10,1.4210854715202004e-14,Radau,55885266c44ecbbfe86be622c6ebd08b77151ee6ef7dfd5c8bbc8d4250b58e50
C6_213_PKA_COMMON_capacity_lower_quartile_F1_onset100,3,wt,199.99999999999432,124.44695159264819,6.931466940785828,23.806665781712983,37.47340330298387,113.99633252973804,32.61801534928474,16.38037150634449,0.55,1.0,0.0013403458561360693,7.001296082828824,0.011462407863687445,3.9106480183300786e-11,2.6281060661048627e-15,Radau,55885266c44ecbbfe86be622c6ebd08b77151ee6ef7dfd5c8bbc8d4250b58e50
C6_213_PKA_COMMON_capacity_lower_quartile_F1_onset100,3,ae2_knockout,0.0,118.70337631183168,5.601011242398877,30.972922517719887,27.491614347396062,117.51243225583156,47.32010161186052,18.92157676108109,0.05,0.0,0.0005319168918565975,7.0434578579503055,0.015240808201148974,0.0006966014279823469,3.599551212651875e-17,Radau,55885266c44ecbbfe86be622c6ebd08b77151ee6ef7dfd5c8bbc8d4250b58e50
C6_213_PKA_COMMON_capacity_lower_quartile_F1_onset100,3,ae2_knockout,50.0,118.67175694031162,5.591526451399616,31.176109758423372,27.409453250421542,117.5570284104127,46.22924348466701,20.488192563480748,0.05,0.0,0.0005272194576167024,7.063044306820013,0.021186914838301422,2.5102513768313308e-11,1.4210854715202004e-14,Radau,55885266c44ecbbfe86be622c6ebd08b77151ee6ef7dfd5c8bbc8d4250b58e50
C6_213_PKA_COMMON_capacity_lower_quartile_F1_onset100,3,ae2_knockout,100.0,118.67175694051335,5.591526451405483,31.17610975801107,27.409453250493495,117.55702841055553,46.2292434840931,20.488192563234044,0.05,0.0,0.0005272194576119902,7.063044309888451,0.021186914837512272,1.0741044592666675e-14,1.4210854715202004e-14,Radau,55885266c44ecbbfe86be622c6ebd08b77151ee6ef7dfd5c8bbc8d4250b58e50
C6_213_PKA_COMMON_capacity_lower_quartile_F1_onset100,3,ae2_knockout,100.0000001,118.67190512748057,5.591537173750223,31.17610975791577,27.409453250577656,117.55702331338043,46.22923838670037,20.488192563296657,0.55,1.0,0.0005274118168945481,7.063044309674373,0.021186915117203723,0.14817539995841228,1.4210854715202004e-14,Radau,55885266c44ecbbfe86be622c6ebd08b77151ee6ef7dfd5c8bbc8d4250b58e50
C6_213_PKA_COMMON_capacity_lower_quartile_F1_onset100,3,ae2_knockout,149.99999999999716,124.3450115704019,6.912736645935491,24.378242611267712,36.94153271831239,114.41791999781663,31.804576151922586,19.486083211897462,0.55,1.0,0.0013265555038568517,7.042863310363734,0.02132206373875526,8.647707199401502e-10,4.263256414560601e-14,Radau,55885266c44ecbbfe86be622c6ebd08b77151ee6ef7dfd5c8bbc8d4250b58e50
C6_213_PKA_COMMON_capacity_lower_quartile_F1_onset100,3,ae2_knockout,199.99999999999432,124.34501157084486,6.912736645934612,24.378242613295022,36.94153272717851,114.41791998940758,31.80457615265694,19.486083219925302,0.55,1.0,0.0013265555038623322,7.042863390335366,0.021322063768238506,3.9599482251914065e-11,1.4210854715202004e-14,Radau,55885266c44ecbbfe86be622c6ebd08b77151ee6ef7dfd5c8bbc8d4250b58e50
C6_213_PKA_COMMON_capacity_lower_quartile_F1.25_onset100,3,ae4_knockout,0.0,118.70337631183168,5.601011242398877,30.972922517719887,27.491614347396062,117.51243225583156,47.32010161186052,18.92157676108109,0.05,0.0,0.0005319168918565975,7.0434578579503055,0.0,0.0014762063404970107,4.163336342344337e-17,Radau,55885266c44ecbbfe86be622c6ebd08b77151ee6ef7dfd5c8bbc8d4250b58e50
C6_213_PKA_COMMON_capacity_lower_quartile_F1.25_onset100,3,ae4_knockout,50.0,118.6759815276551,5.563760197232086,60.140309070339434,21.46776942935958,123.48940486041367,48.38745857244919,56.006224247442944,0.05,0.0,0.0005104375397902938,7.3613784220042335,0.0,1.5417364755783078e-05,1.4210854715202004e-14,Radau,55885266c44ecbbfe86be622c6ebd08b77151ee6ef7dfd5c8bbc8d4250b58e50
C6_213_PKA_COMMON_capacity_lower_quartile_F1.25_onset100,3,ae4_knockout,100.0,118.59223721577317,5.560414629024487,64.18352298236054,21.214496211578297,123.65388216840228,48.68488748445852,58.17528090388123,0.05,0.0,0.000511141019333155,7.374237246626619,0.0,3.7585453852972267e-06,3.552713678800501e-14,Radau,55885266c44ecbbfe86be622c6ebd08b77151ee6ef7dfd5c8bbc8d4250b58e50
C6_213_PKA_COMMON_capacity_lower_quartile_F1.25_onset100,3,ae4_knockout,100.0000001,118.59239663294176,5.560426163951383,64.18352298601836,21.214496211396078,123.6538795050493,48.684884821102266,58.1752809058684,0.55,1.0,0.0005113446890524377,7.374237246626619,0.0,0.15940493195929673,1.4210854715202004e-14,Radau,55885266c44ecbbfe86be622c6ebd08b77151ee6ef7dfd5c8bbc8d4250b58e50
C6_213_PKA_COMMON_capacity_lower_quartile_F1.25_onset100,3,ae4_knockout,149.99999999999716,124.57845523500347,6.955453664575075,28.77021551232446,33.3218126802963,118.29007682895573,32.39618971415941,34.42308821141567,0.55,1.0,0.00135812241994508,7.198452867315985,0.0,1.8188533156739948e-08,1.4210854715202004e-14,Radau,55885266c44ecbbfe86be622c6ebd08b77151ee6ef7dfd5c8bbc8d4250b58e50
C6_213_PKA_COMMON_capacity_lower_quartile_F1.25_onset100,3,ae4_knockout,199.99999999999432,124.57849346347261,6.955453947946204,28.769936904486652,33.32195023253574,118.2899804593784,32.39614037356508,34.42235760399508,0.55,1.0,0.0013581198878870142,7.198446657448567,0.0,2.7670594699741255e-09,1.4210854715202004e-14,Radau,55885266c44ecbbfe86be622c6ebd08b77151ee6ef7dfd5c8bbc8d4250b58e50
C6_213_PKA_COMMON_capacity_lower_quartile_F1.25_onset100,3,wt,0.0,118.70337631183168,5.601011242398877,30.972922517719887,27.491614347396062,117.51243225583156,47.32010161186052,18.92157676108109,0.05,0.0,0.0005319168918565975,7.0434578579503055,0.015240808201148974,4.363348627096567e-14,4.2500725161431774e-17,Radau,55885266c44ecbbfe86be622c6ebd08b77151ee6ef7dfd5c8bbc8d4250b58e50
C6_213_PKA_COMMON_capacity_lower_quartile_F1.25_onset100,3,wt,50.0,118.70337631187438,5.601011242403619,30.97292251780163,27.491614347754595,117.51243225551893,47.32010161184359,18.921576761351876,0.05,0.0,0.0005319168918589879,7.043457857541032,0.015240808202062276,3.3547807248476473e-12,7.090682208055199e-17,Radau,55885266c44ecbbfe86be622c6ebd08b77151ee6ef7dfd5c8bbc8d4250b58e50
C6_213_PKA_COMMON_capacity_lower_quartile_F1.25_onset100,3,wt,100.0,118.70337631181921,5.601011242393105,30.97292251747891,27.491614346790687,117.51243225642226,47.3201016118305,18.92157676048383,0.05,0.0,0.0005319168918520163,7.0434578570635455,0.015240808199162254,6.701432940847929e-12,2.3418766925686896e-17,Radau,55885266c44ecbbfe86be622c6ebd08b77151ee6ef7dfd5c8bbc8d4250b58e50
C6_213_PKA_COMMON_capacity_lower_quartile_F1.25_onset100,3,wt,100.0000001,118.70352598984982,5.601022072626103,30.972922517382553,27.491614361668045,117.51242693637552,47.320096675408806,18.921576391491143,0.55,1.0,0.0005321113683336967,7.043457856858909,0.01905100925652869,0.14966633304594718,6.314393452555578e-16,Radau,55885266c44ecbbfe86be622c6ebd08b77151ee6ef7dfd5c8bbc8d4250b58e50
C6_213_PKA_COMMON_capacity_lower_quartile_F1.25_onset100,3,wt,149.99999999999716,124.43445691072998,6.9291778722902615,23.65030794758936,37.80458037157994,113.65164042705615,32.62475438850193,15.682656568206262,0.55,1.0,0.001338656351535046,6.9911566693148,0.012143364361127614,3.221985526437182e-09,1.4210854715202004e-14,Radau,55885266c44ecbbfe86be622c6ebd08b77151ee6ef7dfd5c8bbc8d4250b58e50
C6_213_PKA_COMMON_capacity_lower_quartile_F1.25_onset100,3,wt,199.99999999999432,124.43445691185015,6.9291778719559565,23.65030797164095,37.80458047164829,113.65164032825484,32.62475439715924,15.682656665787869,0.55,1.0,0.0013386563509151573,6.991156359391024,0.012143364650363147,1.5075397985949693e-10,9.818534874028728e-16,Radau,55885266c44ecbbfe86be622c6ebd08b77151ee6ef7dfd5c8bbc8d4250b58e50
C6_213_PKA_COMMON_capacity_lower_quartile_F1.25_onset100,3,ae2_knockout,0.0,118.70337631183168,5.601011242398877,30.972922517719887,27.491614347396062,117.51243225583156,47.32010161186052,18.92157676108109,0.05,0.0,0.0005319168918565975,7.0434578579503055,0.015240808201148974,0.0006966014279823469,3.599551212651875e-17,Radau,55885266c44ecbbfe86be622c6ebd08b77151ee6ef7dfd5c8bbc8d4250b58e50
C6_213_PKA_COMMON_capacity_lower_quartile_F1.25_onset100,3,ae2_knockout,50.0,118.67175694031162,5.591526451399616,31.176109758423372,27.409453250421542,117.5570284104127,46.22924348466701,20.488192563480748,0.05,0.0,0.0005272194576167024,7.063044306820013,0.021186914838301422,2.5102513768313308e-11,1.4210854715202004e-14,Radau,55885266c44ecbbfe86be622c6ebd08b77151ee6ef7dfd5c8bbc8d4250b58e50
C6_213_PKA_COMMON_capacity_lower_quartile_F1.25_onset100,3,ae2_knockout,100.0,118.67175694051335,5.591526451405483,31.17610975801107,27.409453250493495,117.55702841055553,46.2292434840931,20.488192563234044,0.05,0.0,0.0005272194576119902,7.063044309888451,0.021186914837512272,1.0741044592666675e-14,1.4210854715202004e-14,Radau,55885266c44ecbbfe86be622c6ebd08b77151ee6ef7dfd5c8bbc8d4250b58e50
C6_213_PKA_COMMON_capacity_lower_quartile_F1.25_onset100,3,ae2_knockout,100.0000001,118.67190512746916,5.591537173749692,31.176109757915665,27.409453255131247,117.55702313893032,46.22923872649445,20.48819205360581,0.55,1.0,0.0005274120137378648,7.063044309460296,0.026483641256344573,0.14817537713986345,8.881784197001252e-16,Radau,55885266c44ecbbfe86be622c6ebd08b77151ee6ef7dfd5c8bbc8d4250b58e50
C6_213_PKA_COMMON_capacity_lower_quartile_F1.25_onset100,3,ae2_knockout,149.99999999999716,124.33125339874833,6.910199169532414,24.137076699246283,37.315616115694645,114.02893915034362,31.813879177365894,18.46204602322444,0.55,1.0,0.001324693217104181,7.029520039265745,0.022164872239300942,3.8243911107974593e-10,1.4210854715202004e-14,Radau,55885266c44ecbbfe86be622c6ebd08b77151ee6ef7dfd5c8bbc8d4250b58e50
C6_213_PKA_COMMON_capacity_lower_quartile_F1.25_onset100,3,ae2_knockout,199.99999999999432,124.33125339873396,6.910199169526902,24.13707669949777,37.3156161170166,114.02893914900665,31.813879177478857,18.462046024141436,0.55,1.0,0.0013246932171062404,7.029520076918731,0.022164872243056345,2.8191439759013558e-12,1.4210854715202004e-14,Radau,55885266c44ecbbfe86be622c6ebd08b77151ee6ef7dfd5c8bbc8d4250b58e50
C6_213_PKA_COMMON_capacity_lower_quartile_F1.6_onset100,3,ae4_knockout,0.0,118.70337631183168,5.601011242398877,30.972922517719887,27.491614347396062,117.51243225583156,47.32010161186052,18.92157676108109,0.05,0.0,0.0005319168918565975,7.0434578579503055,0.0,0.0014762063404970107,4.163336342344337e-17,Radau,55885266c44ecbbfe86be622c6ebd08b77151ee6ef7dfd5c8bbc8d4250b58e50
C6_213_PKA_COMMON_capacity_lower_quartile_F1.6_onset100,3,ae4_knockout,50.0,118.6759815276551,5.563760197232086,60.140309070339434,21.46776942935958,123.48940486041367,48.38745857244919,56.006224247442944,0.05,0.0,0.0005104375397902938,7.3613784220042335,0.0,1.5417364755783078e-05,1.4210854715202004e-14,Radau,55885266c44ecbbfe86be622c6ebd08b77151ee6ef7dfd5c8bbc8d4250b58e50
C6_213_PKA_COMMON_capacity_lower_quartile_F1.6_onset100,3,ae4_knockout,100.0,118.59223721577317,5.560414629024487,64.18352298236054,21.214496211578297,123.65388216840228,48.68488748445852,58.17528090388123,0.05,0.0,0.000511141019333155,7.374237246626619,0.0,3.7585453852972267e-06,3.552713678800501e-14,Radau,55885266c44ecbbfe86be622c6ebd08b77151ee6ef7dfd5c8bbc8d4250b58e50
C6_213_PKA_COMMON_capacity_lower_quartile_F1.6_onset100,3,ae4_knockout,100.0000001,118.59239663294176,5.560426163951383,64.18352298601836,21.214496211396078,123.6538795050493,48.684884821102266,58.1752809058684,0.55,1.0,0.0005113446890524377,7.374237246626619,0.0,0.15940493195929673,1.4210854715202004e-14,Radau,55885266c44ecbbfe86be622c6ebd08b77151ee6ef7dfd5c8bbc8d4250b58e50
C6_213_PKA_COMMON_capacity_lower_quartile_F1.6_onset100,3,ae4_knockout,149.99999999999716,124.57845523500347,6.955453664575075,28.77021551232446,33.3218126802963,118.29007682895573,32.39618971415941,34.42308821141567,0.55,1.0,0.00135812241994508,7.198452867315985,0.0,1.8188533156739948e-08,1.4210854715202004e-14,Radau,55885266c44ecbbfe86be622c6ebd08b77151ee6ef7dfd5c8bbc8d4250b58e50
C6_213_PKA_COMMON_capacity_lower_quartile_F1.6_onset100,3,ae4_knockout,199.99999999999432,124.57849346347261,6.955453947946204,28.769936904486652,33.32195023253574,118.2899804593784,32.39614037356508,34.42235760399508,0.55,1.0,0.0013581198878870142,7.198446657448567,0.0,2.7670594699741255e-09,1.4210854715202004e-14,Radau,55885266c44ecbbfe86be622c6ebd08b77151ee6ef7dfd5c8bbc8d4250b58e50
C6_213_PKA_COMMON_capacity_lower_quartile_F1.6_onset100,3,wt,0.0,118.70337631183168,5.601011242398877,30.972922517719887,27.491614347396062,117.51243225583156,47.32010161186052,18.92157676108109,0.05,0.0,0.0005319168918565975,7.0434578579503055,0.015240808201148974,4.363348627096567e-14,4.2500725161431774e-17,Radau,55885266c44ecbbfe86be622c6ebd08b77151ee6ef7dfd5c8bbc8d4250b58e50
C6_213_PKA_COMMON_capacity_lower_quartile_F1.6_onset100,3,wt,50.0,118.70337631187438,5.601011242403619,30.97292251780163,27.491614347754595,117.51243225551893,47.32010161184359,18.921576761351876,0.05,0.0,0.0005319168918589879,7.043457857541032,0.015240808202062276,3.3547807248476473e-12,7.090682208055199e-17,Radau,55885266c44ecbbfe86be622c6ebd08b77151ee6ef7dfd5c8bbc8d4250b58e50
C6_213_PKA_COMMON_capacity_lower_quartile_F1.6_onset100,3,wt,100.0,118.70337631181921,5.601011242393105,30.97292251747891,27.491614346790687,117.51243225642226,47.3201016118305,18.92157676048383,0.05,0.0,0.0005319168918520163,7.0434578570635455,0.015240808199162254,6.701432940847929e-12,2.3418766925686896e-17,Radau,55885266c44ecbbfe86be622c6ebd08b77151ee6ef7dfd5c8bbc8d4250b58e50
C6_213_PKA_COMMON_capacity_lower_quartile_F1.6_onset100,3,wt,100.0000001,118.70352598983825,5.601022072625564,30.972922517382447,27.491614382376195,117.51242674344383,47.320097019856945,18.921575874819226,0.55,1.0,0.0005321115678731138,7.043457856722485,0.024385288906287994,0.14966630988083302,1.0269562977782698e-15,Radau,55885266c44ecbbfe86be622c6ebd08b77151ee6ef7dfd5c8bbc8d4250b58e50
C6_213_PKA_COMMON_capacity_lower_quartile_F1.6_onset100,3,wt,149.99999999999716,124.41888593518664,6.926322612061425,23.489194349388733,38.196694273680386,113.24268198199128,32.62801807997283,14.955047208210148,0.55,1.0,0.0013365505780752985,6.980260539989483,0.012881803223918409,4.3017783283557887e-10,1.4210854715202004e-14,Radau,55885266c44ecbbfe86be622c6ebd08b77151ee6ef7dfd5c8bbc8d4250b58e50
C6_213_PKA_COMMON_capacity_lower_quartile_F1.6_onset100,3,wt,199.99999999999432,124.41888593526751,6.926322612074116,23.489194349058007,38.196694271981464,113.24268198377469,32.62801807982924,14.955047206975731,0.55,1.0,0.0013365505780873754,6.980260540815127,0.012881803219687245,4.3894285949407556e-10,1.4210854715202004e-14,Radau,55885266c44ecbbfe86be622c6ebd08b77151ee6ef7dfd5c8bbc8d4250b58e50
C6_213_PKA_COMMON_capacity_lower_quartile_F1.6_onset100,3,ae2_knockout,0.0,118.70337631183168,5.601011242398877,30.972922517719887,27.491614347396062,117.51243225583156,47.32010161186052,18.92157676108109,0.05,0.0,0.0005319168918565975,7.0434578579503055,0.015240808201148974,0.0006966014279823469,3.599551212651875e-17,Radau,55885266c44ecbbfe86be622c6ebd08b77151ee6ef7dfd5c8bbc8d4250b58e50
C6_213_PKA_COMMON_capacity_lower_quartile_F1.6_onset100,3,ae2_knockout,50.0,118.67175694031162,5.591526451399616,31.176109758423372,27.409453250421542,117.5570284104127,46.22924348466701,20.488192563480748,0.05,0.0,0.0005272194576167024,7.063044306820013,0.021186914838301422,2.5102513768313308e-11,1.4210854715202004e-14,Radau,55885266c44ecbbfe86be622c6ebd08b77151ee6ef7dfd5c8bbc8d4250b58e50
C6_213_PKA_COMMON_capacity_lower_quartile_F1.6_onset100,3,ae2_knockout,100.0,118.67175694051335,5.591526451405483,31.17610975801107,27.409453250493495,117.55702841055553,46.2292434840931,20.488192563234044,0.05,0.0,0.0005272194576119902,7.063044309888451,0.021186914837512272,1.0741044592666675e-14,1.4210854715202004e-14,Radau,55885266c44ecbbfe86be622c6ebd08b77151ee6ef7dfd5c8bbc8d4250b58e50
C6_213_PKA_COMMON_capacity_lower_quartile_F1.6_onset100,3,ae2_knockout,100.0000001,118.6719051274532,5.591537173748948,31.176109757915512,27.40945326150628,117.55702289470015,46.22923920220611,20.48819134003871,0.55,1.0,0.0005274122893185776,7.063044309317578,0.033899056076955,0.1481753451938867,2.842170943040401e-14,Radau,55885266c44ecbbfe86be622c6ebd08b77151ee6ef7dfd5c8bbc8d4250b58e50
C6_213_PKA_COMMON_capacity_lower_quartile_F1.6_onset100,3,ae2_knockout,149.99999999999716,124.31439913691828,6.907087544005916,23.89349530403871,37.75385932037209,113.57244355421412,31.82055848049704,17.406775913981726,0.55,1.0,0.0013224114909777744,7.015242496739974,0.023083451098657583,8.366655845610801e-12,1.4210854715202004e-14,Radau,55885266c44ecbbfe86be622c6ebd08b77151ee6ef7dfd5c8bbc8d4250b58e50
C6_213_PKA_COMMON_capacity_lower_quartile_F1.6_onset100,3,ae2_knockout,199.99999999999432,124.31439913715177,6.907087544020193,23.893495303875284,37.75385931951079,113.57244355532809,31.820558480401054,17.40677591363225,0.55,1.0,0.00132241149097554,7.015242495845073,0.023083451097093907,4.019729083596277e-13,2.842170943040401e-14,Radau,55885266c44ecbbfe86be622c6ebd08b77151ee6ef7dfd5c8bbc8d4250b58e50
C6_213_PKA_COMMON_capacity_lower_quartile_F3_onset100,3,ae4_knockout,0.0,118.70337631183168,5.601011242398877,30.972922517719887,27.491614347396062,117.51243225583156,47.32010161186052,18.92157676108109,0.05,0.0,0.0005319168918565975,7.0434578579503055,0.0,0.0014762063404970107,4.163336342344337e-17,Radau,55885266c44ecbbfe86be622c6ebd08b77151ee6ef7dfd5c8bbc8d4250b58e50
C6_213_PKA_COMMON_capacity_lower_quartile_F3_onset100,3,ae4_knockout,50.0,118.6759815276551,5.563760197232086,60.140309070339434,21.46776942935958,123.48940486041367,48.38745857244919,56.006224247442944,0.05,0.0,0.0005104375397902938,7.3613784220042335,0.0,1.5417364755783078e-05,1.4210854715202004e-14,Radau,55885266c44ecbbfe86be622c6ebd08b77151ee6ef7dfd5c8bbc8d4250b58e50
C6_213_PKA_COMMON_capacity_lower_quartile_F3_onset100,3,ae4_knockout,100.0,118.59223721577317,5.560414629024487,64.18352298236054,21.214496211578297,123.65388216840228,48.68488748445852,58.17528090388123,0.05,0.0,0.000511141019333155,7.374237246626619,0.0,3.7585453852972267e-06,3.552713678800501e-14,Radau,55885266c44ecbbfe86be622c6ebd08b77151ee6ef7dfd5c8bbc8d4250b58e50
C6_213_PKA_COMMON_capacity_lower_quartile_F3_onset100,3,ae4_knockout,100.0000001,118.59239663294176,5.560426163951383,64.18352298601836,21.214496211396078,123.6538795050493,48.684884821102266,58.1752809058684,0.55,1.0,0.0005113446890524377,7.374237246626619,0.0,0.15940493195929673,1.4210854715202004e-14,Radau,55885266c44ecbbfe86be622c6ebd08b77151ee6ef7dfd5c8bbc8d4250b58e50
C6_213_PKA_COMMON_capacity_lower_quartile_F3_onset100,3,ae4_knockout,149.99999999999716,124.57845523500347,6.955453664575075,28.77021551232446,33.3218126802963,118.29007682895573,32.39618971415941,34.42308821141567,0.55,1.0,0.00135812241994508,7.198452867315985,0.0,1.8188533156739948e-08,1.4210854715202004e-14,Radau,55885266c44ecbbfe86be622c6ebd08b77151ee6ef7dfd5c8bbc8d4250b58e50
C6_213_PKA_COMMON_capacity_lower_quartile_F3_onset100,3,ae4_knockout,199.99999999999432,124.57849346347261,6.955453947946204,28.769936904486652,33.32195023253574,118.2899804593784,32.39614037356508,34.42235760399508,0.55,1.0,0.0013581198878870142,7.198446657448567,0.0,2.7670594699741255e-09,1.4210854715202004e-14,Radau,55885266c44ecbbfe86be622c6ebd08b77151ee6ef7dfd5c8bbc8d4250b58e50
C6_213_PKA_COMMON_capacity_lower_quartile_F3_onset100,3,wt,0.0,118.70337631183168,5.601011242398877,30.972922517719887,27.491614347396062,117.51243225583156,47.32010161186052,18.92157676108109,0.05,0.0,0.0005319168918565975,7.0434578579503055,0.015240808201148974,4.363348627096567e-14,4.2500725161431774e-17,Radau,55885266c44ecbbfe86be622c6ebd08b77151ee6ef7dfd5c8bbc8d4250b58e50
C6_213_PKA_COMMON_capacity_lower_quartile_F3_onset100,3,wt,50.0,118.70337631187438,5.601011242403619,30.97292251780163,27.491614347754595,117.51243225551893,47.32010161184359,18.921576761351876,0.05,0.0,0.0005319168918589879,7.043457857541032,0.015240808202062276,3.3547807248476473e-12,7.090682208055199e-17,Radau,55885266c44ecbbfe86be622c6ebd08b77151ee6ef7dfd5c8bbc8d4250b58e50
C6_213_PKA_COMMON_capacity_lower_quartile_F3_onset100,3,wt,100.0,118.70337631181921,5.601011242393105,30.97292251747891,27.491614346790687,117.51243225642226,47.3201016118305,18.92157676048383,0.05,0.0,0.0005319168918520163,7.0434578570635455,0.015240808199162254,6.701432940847929e-12,2.3418766925686896e-17,Radau,55885266c44ecbbfe86be622c6ebd08b77151ee6ef7dfd5c8bbc8d4250b58e50
C6_213_PKA_COMMON_capacity_lower_quartile_F3_onset100,3,wt,100.0000001,118.70352598979191,5.601022072623405,30.97292251738201,27.491614465208837,117.5124259717172,47.32009839764907,18.92157380813219,0.55,1.0,0.0005321123660304314,7.043457855903938,0.04572239463378425,0.14966621722041729,1.4210854715202004e-14,Radau,55885266c44ecbbfe86be622c6ebd08b77151ee6ef7dfd5c8bbc8d4250b58e50
C6_213_PKA_COMMON_capacity_lower_quartile_F3_onset100,3,wt,149.99999999999716,124.3672843181779,6.9168396544020005,23.13394715490767,39.36451146322094,112.01902612422063,32.605961125746546,13.326442434559333,0.55,1.0,0.0013295697577882799,6.9545088755982905,0.014640554317849946,9.911202369399743e-11,1.4944642745540193e-15,Radau,55885266c44ecbbfe86be622c6ebd08b77151ee6ef7dfd5c8bbc8d4250b58e50
C6_213_PKA_COMMON_capacity_lower_quartile_F3_onset100,3,wt,199.99999999999432,124.36728431876101,6.916839654437763,23.133947154532102,39.364511461246266,112.01902612683072,32.60596112544002,13.326442433799794,0.55,1.0,0.001329569757767326,6.954508834691898,0.014640554314194828,4.936032182067958e-10,1.4103301859691442e-15,Radau,55885266c44ecbbfe86be622c6ebd08b77151ee6ef7dfd5c8bbc8d4250b58e50
C6_213_PKA_COMMON_capacity_lower_quartile_F3_onset100,3,ae2_knockout,0.0,118.70337631183168,5.601011242398877,30.972922517719887,27.491614347396062,117.51243225583156,47.32010161186052,18.92157676108109,0.05,0.0,0.0005319168918565975,7.0434578579503055,0.015240808201148974,0.0006966014279823469,3.599551212651875e-17,Radau,55885266c44ecbbfe86be622c6ebd08b77151ee6ef7dfd5c8bbc8d4250b58e50
C6_213_PKA_COMMON_capacity_lower_quartile_F3_onset100,3,ae2_knockout,50.0,118.67175694031162,5.591526451399616,31.176109758423372,27.409453250421542,117.5570284104127,46.22924348466701,20.488192563480748,0.05,0.0,0.0005272194576167024,7.063044306820013,0.021186914838301422,2.5102513768313308e-11,1.4210854715202004e-14,Radau,55885266c44ecbbfe86be622c6ebd08b77151ee6ef7dfd5c8bbc8d4250b58e50
C6_213_PKA_COMMON_capacity_lower_quartile_F3_onset100,3,ae2_knockout,100.0,118.67175694051335,5.591526451405483,31.17610975801107,27.409453250493495,117.55702841055553,46.2292434840931,20.488192563234044,0.05,0.0,0.0005272194576119902,7.063044309888451,0.021186914837512272,1.0741044592666675e-14,1.4210854715202004e-14,Radau,55885266c44ecbbfe86be622c6ebd08b77151ee6ef7dfd5c8bbc8d4250b58e50
C6_213_PKA_COMMON_capacity_lower_quartile_F3_onset100,3,ae2_knockout,100.0000001,118.6719051273893,5.5915371737459765,31.17610975791491,27.409453287006485,117.5570219177798,46.2292411050521,20.488188485771307,0.55,1.0,0.0005274133916407447,7.063044308104475,0.06356069466056377,0.14817521741005957,1.4210854715202004e-14,Radau,55885266c44ecbbfe86be622c6ebd08b77151ee6ef7dfd5c8bbc8d4250b58e50
C6_213_PKA_COMMON_capacity_lower_quartile_F3_onset100,3,ae2_knockout,149.99999999999716,124.26019494216072,6.897056960871315,23.371238416352465,39.031118067792015,112.23646526048137,31.8105527741962,15.076550207447271,0.55,1.0,0.0013150706614983927,6.981527463205586,0.025315136850754795,2.276294452517814e-11,1.0873463587857124e-15,Radau,55885266c44ecbbfe86be622c6ebd08b77151ee6ef7dfd5c8bbc8d4250b58e50
C6_213_PKA_COMMON_capacity_lower_quartile_F3_onset100,3,ae2_knockout,199.99999999999432,124.26019494215457,6.89705696087109,23.371238416353858,39.03111806778138,112.23646526048545,31.810552774198676,15.07655020744389,0.55,1.0,0.0013150706614991105,6.981527465571462,0.02531513685072987,8.414743965793295e-14,3.8510861166685117e-16,Radau,55885266c44ecbbfe86be622c6ebd08b77151ee6ef7dfd5c8bbc8d4250b58e50
C6_213_PKA_COMMON_capacity_lower_quartile_F10_onset100,3,ae4_knockout,0.0,118.70337631183168,5.601011242398877,30.972922517719887,27.491614347396062,117.51243225583156,47.32010161186052,18.92157676108109,0.05,0.0,0.0005319168918565975,7.0434578579503055,0.0,0.0014762063404970107,4.163336342344337e-17,Radau,55885266c44ecbbfe86be622c6ebd08b77151ee6ef7dfd5c8bbc8d4250b58e50
C6_213_PKA_COMMON_capacity_lower_quartile_F10_onset100,3,ae4_knockout,50.0,118.6759815276551,5.563760197232086,60.140309070339434,21.46776942935958,123.48940486041367,48.38745857244919,56.006224247442944,0.05,0.0,0.0005104375397902938,7.3613784220042335,0.0,1.5417364755783078e-05,1.4210854715202004e-14,Radau,55885266c44ecbbfe86be622c6ebd08b77151ee6ef7dfd5c8bbc8d4250b58e50
C6_213_PKA_COMMON_capacity_lower_quartile_F10_onset100,3,ae4_knockout,100.0,118.59223721577317,5.560414629024487,64.18352298236054,21.214496211578297,123.65388216840228,48.68488748445852,58.17528090388123,0.05,0.0,0.000511141019333155,7.374237246626619,0.0,3.7585453852972267e-06,3.552713678800501e-14,Radau,55885266c44ecbbfe86be622c6ebd08b77151ee6ef7dfd5c8bbc8d4250b58e50
C6_213_PKA_COMMON_capacity_lower_quartile_F10_onset100,3,ae4_knockout,100.0000001,118.59239663294176,5.560426163951383,64.18352298601836,21.214496211396078,123.6538795050493,48.684884821102266,58.1752809058684,0.55,1.0,0.0005113446890524377,7.374237246626619,0.0,0.15940493195929673,1.4210854715202004e-14,Radau,55885266c44ecbbfe86be622c6ebd08b77151ee6ef7dfd5c8bbc8d4250b58e50
C6_213_PKA_COMMON_capacity_lower_quartile_F10_onset100,3,ae4_knockout,149.99999999999716,124.57845523500347,6.955453664575075,28.77021551232446,33.3218126802963,118.29007682895573,32.39618971415941,34.42308821141567,0.55,1.0,0.00135812241994508,7.198452867315985,0.0,1.8188533156739948e-08,1.4210854715202004e-14,Radau,55885266c44ecbbfe86be622c6ebd08b77151ee6ef7dfd5c8bbc8d4250b58e50
C6_213_PKA_COMMON_capacity_lower_quartile_F10_onset100,3,ae4_knockout,199.99999999999432,124.57849346347261,6.955453947946204,28.769936904486652,33.32195023253574,118.2899804593784,32.39614037356508,34.42235760399508,0.55,1.0,0.0013581198878870142,7.198446657448567,0.0,2.7670594699741255e-09,1.4210854715202004e-14,Radau,55885266c44ecbbfe86be622c6ebd08b77151ee6ef7dfd5c8bbc8d4250b58e50
C6_213_PKA_COMMON_capacity_lower_quartile_F10_onset100,3,wt,0.0,118.70337631183168,5.601011242398877,30.972922517719887,27.491614347396062,117.51243225583156,47.32010161186052,18.92157676108109,0.05,0.0,0.0005319168918565975,7.0434578579503055,0.015240808201148974,4.363348627096567e-14,4.2500725161431774e-17,Radau,55885266c44ecbbfe86be622c6ebd08b77151ee6ef7dfd5c8bbc8d4250b58e50
C6_213_PKA_COMMON_capacity_lower_quartile_F10_onset100,3,wt,50.0,118.70337631187438,5.601011242403619,30.97292251780163,27.491614347754595,117.51243225551893,47.32010161184359,18.921576761351876,0.05,0.0,0.0005319168918589879,7.043457857541032,0.015240808202062276,3.3547807248476473e-12,7.090682208055199e-17,Radau,55885266c44ecbbfe86be622c6ebd08b77151ee6ef7dfd5c8bbc8d4250b58e50
C6_213_PKA_COMMON_capacity_lower_quartile_F10_onset100,3,wt,100.0,118.70337631181921,5.601011242393105,30.97292251747891,27.491614346790687,117.51243225642226,47.3201016118305,18.92157676048383,0.05,0.0,0.0005319168918520163,7.0434578570635455,0.015240808199162254,6.701432940847929e-12,2.3418766925686896e-17,Radau,55885266c44ecbbfe86be622c6ebd08b77151ee6ef7dfd5c8bbc8d4250b58e50
C6_213_PKA_COMMON_capacity_lower_quartile_F10_onset100,3,wt,100.0000001,118.70352598956026,5.601022072612604,30.972922517379825,27.491614879373106,117.51242211308798,47.32010528659971,18.921563474711967,0.55,1.0,0.0005321163568113071,7.0434578514019295,0.15240761435495218,0.14966575391899917,1.9845236565174673e-15,Radau,55885266c44ecbbfe86be622c6ebd08b77151ee6ef7dfd5c8bbc8d4250b58e50
C6_213_PKA_COMMON_capacity_lower_quartile_F10_onset100,3,wt,149.99999999999716,124.16719982740378,6.879764040159106,22.6492804322991,43.07877735933432,108.08798329118613,32.32970358239836,11.12940661887617,0.55,1.0,0.0013024668091085466,6.9155413462131134,0.01715550486517056,8.361046825320877e-11,9.454242944073599e-16,Radau,55885266c44ecbbfe86be622c6ebd08b77151ee6ef7dfd5c8bbc8d4250b58e50
C6_213_PKA_COMMON_capacity_lower_quartile_F10_onset100,3,wt,199.99999999999432,124.16719982740301,6.8797640401589515,22.649280432299015,43.07877735935513,108.0879832911629,32.329703582397734,11.129406618877526,0.55,1.0,0.0013024668091065246,6.915541333510711,0.017155504865186764,4.812290644616227e-11,3.157196726277789e-16,Radau,55885266c44ecbbfe86be622c6ebd08b77151ee6ef7dfd5c8bbc8d4250b58e50
C6_213_PKA_COMMON_capacity_midpoint_F1_onset100,3,ae4_knockout,0.0,118.70854623581761,5.602558978219373,30.758203143784556,27.72766603585896,117.28251905374786,47.254241887154514,18.443744916050992,0.05,0.0,0.000532684594284789,7.037065801824293,0.0,0.0015222495944459593,5.117434254131581e-17,Radau,55885266c44ecbbfe86be622c6ebd08b77151ee6ef7dfd5c8bbc8d4250b58e50
C6_213_PKA_COMMON_capacity_midpoint_F1_onset100,3,ae4_knockout,50.0,118.6761922620651,5.563768665443457,60.13105052117177,21.46840290331059,123.48899485464891,48.38671914207987,56.00094146613433,0.05,0.0,0.0005104358021431368,7.361346620109092,0.0,1.5446673561488825e-05,1.8648277366750676e-17,Radau,55885266c44ecbbfe86be622c6ebd08b77151ee6ef7dfd5c8bbc8d4250b58e50
C6_213_PKA_COMMON_capacity_midpoint_F1_onset100,3,ae4_knockout,100.0,118.59227975993406,5.560416318458901,64.18126623751496,21.214625679561223,123.65379780638126,48.68473452111585,58.17414252579478,0.05,0.0,0.0005111406552364267,7.3742305982342975,0.0,3.7644744195258133e-06,2.842170943040401e-14,Radau,55885266c44ecbbfe86be622c6ebd08b77151ee6ef7dfd5c8bbc8d4250b58e50
C6_213_PKA_COMMON_capacity_midpoint_F1_onset100,3,ae4_knockout,100.0000001,118.59243917671112,5.560427853357471,64.1812662411787,21.214625679378646,123.6537951429414,48.6847318576729,58.17414252778505,0.55,1.0,0.0005113443245642135,7.374230598526488,0.0,0.15940454044981536,1.4210854715202004e-14,Radau,55885266c44ecbbfe86be622c6ebd08b77151ee6ef7dfd5c8bbc8d4250b58e50
C6_213_PKA_COMMON_capacity_midpoint_F1_onset100,3,ae4_knockout,149.99999999999716,124.57845524804026,6.9554536643562015,28.770215347750458,33.321812744389824,118.29007677872735,32.39618968902892,34.42308776552124,0.55,1.0,0.0013581224187936077,7.198451847423013,0.0,2.9215170029717984e-08,3.434752482434078e-16,Radau,55885266c44ecbbfe86be622c6ebd08b77151ee6ef7dfd5c8bbc8d4250b58e50
C6_213_PKA_COMMON_capacity_midpoint_F1_onset100,3,ae4_knockout,199.99999999999432,124.57849346262391,6.955453947986572,28.76993689684615,33.32195022586159,118.28998046508404,32.396140375955234,34.42235757819846,0.55,1.0,0.0013581198879926,7.198446103064834,0.0,3.2534169326317656e-09,1.4210854715202004e-14,Radau,55885266c44ecbbfe86be622c6ebd08b77151ee6ef7dfd5c8bbc8d4250b58e50
C6_213_PKA_COMMON_capacity_midpoint_F1_onset100,3,wt,0.0,118.70854623581761,5.602558978219373,30.758203143784556,27.72766603585896,117.28251905374786,47.254241887154514,18.443744916050992,0.05,0.0,0.000532684594284789,7.037065801824293,0.015607220754504294,6.503641959750926e-14,5.117434254131581e-17,Radau,55885266c44ecbbfe86be622c6ebd08b77151ee6ef7dfd5c8bbc8d4250b58e50
C6_213_PKA_COMMON_capacity_midpoint_F1_onset100,3,wt,50.0,118.7085462357929,5.602558978212832,30.758203143572437,27.7276660351841,117.28251905438766,47.254241887137006,18.44374491549298,0.05,0.0,0.000532684594282273,7.037065770972318,0.015607220752490056,2.434072774780713e-10,1.4210854715202004e-14,Radau,55885266c44ecbbfe86be622c6ebd08b77151ee6ef7dfd5c8bbc8d4250b58e50
C6_213_PKA_COMMON_capacity_midpoint_F1_onset100,3,wt,100.0,118.70854623582491,5.60255897821959,30.758203143779568,27.72766603585213,117.28251905376243,47.254241887147174,18.44374491605314,0.05,0.0,0.0005326845942847263,7.037065802160372,0.015607220754515417,2.586742962762669e-12,4.597017211338539e-17,Radau,55885266c44ecbbfe86be622c6ebd08b77151ee6ef7dfd5c8bbc8d4250b58e50
C6_213_PKA_COMMON_capacity_midpoint_F1_onset100,3,wt,100.0000001,118.70869551386379,5.602569779510178,30.758203143683524,27.727666035939073,117.28251384929244,47.25423668245898,18.44374491611063,0.55,1.0,0.0005328784507043881,7.037065802227588,0.015607221411376047,0.14926637772058063,1.4210854715202004e-14,Radau,55885266c44ecbbfe86be622c6ebd08b77151ee6ef7dfd5c8bbc8d4250b58e50
C6_213_PKA_COMMON_capacity_midpoint_F1_onset100,3,wt,149.99999999999716,124.43980786772731,6.930158413178858,23.713987145381843,37.664624989093745,113.7973839143157,32.62233401150958,15.96784996794329,0.55,1.0,0.0013393799223737229,6.995336058333315,0.011861858414208953,3.472071131600209e-10,1.4210854715202004e-14,Radau,55885266c44ecbbfe86be622c6ebd08b77151ee6ef7dfd5c8bbc8d4250b58e50
C6_213_PKA_COMMON_capacity_midpoint_F1_onset100,3,wt,199.99999999999432,124.43980786787097,6.930158413173696,23.713987146123955,37.664624992071694,113.79738391152287,32.62233401170874,15.967849971139973,0.55,1.0,0.001339379922330407,6.99533609515112,0.011861858423198025,1.0204061341191452e-11,2.842170943040401e-14,Radau,55885266c44ecbbfe86be622c6ebd08b77151ee6ef7dfd5c8bbc8d4250b58e50
C6_213_PKA_COMMON_capacity_midpoint_F1_onset100,3,ae2_knockout,0.0,118.70854623581761,5.602558978219373,30.758203143784556,27.72766603585896,117.28251905374786,47.254241887154514,18.443744916050992,0.05,0.0,0.000532684594284789,7.037065801824293,0.015607220754504294,0.0007031734765000254,5.117434254131581e-17,Radau,55885266c44ecbbfe86be622c6ebd08b77151ee6ef7dfd5c8bbc8d4250b58e50
C6_213_PKA_COMMON_capacity_midpoint_F1_onset100,3,ae2_knockout,50.0,118.67720464379818,5.593162894979136,30.916789165379807,27.656378404474424,117.31657654950955,46.16346454416846,19.90411644225398,0.05,0.0,0.0005280290424190206,7.055641316164301,0.02162129683654447,1.6653174068967671e-10,1.4210854715202004e-14,Radau,55885266c44ecbbfe86be622c6ebd08b77151ee6ef7dfd5c8bbc8d4250b58e50
C6_213_PKA_COMMON_capacity_midpoint_F1_onset100,3,ae2_knockout,100.0,118.67720464244285,5.593162894923492,30.916789165999475,27.656378404065855,117.31657654848011,46.16346454495515,19.904116441603467,0.05,0.0,0.0005280290424368583,7.055641352363215,0.021621296833310058,1.2809361330918484e-10,2.842170943040401e-14,Radau,55885266c44ecbbfe86be622c6ebd08b77151ee6ef7dfd5c8bbc8d4250b58e50
C6_213_PKA_COMMON_capacity_midpoint_F1_onset100,3,ae2_knockout,100.0000001,118.67735241331245,5.593173587160669,30.91678916590442,27.656378404151173,117.31657142298324,46.163459419239906,19.90411644166477,0.55,1.0,0.0005282209109874182,7.055641351170615,0.02162129724243917,0.14775933125020996,1.4210854715202004e-14,Radau,55885266c44ecbbfe86be622c6ebd08b77151ee6ef7dfd5c8bbc8d4250b58e50
C6_213_PKA_COMMON_capacity_midpoint_F1_onset100,3,ae2_knockout,149.99999999999716,124.3371174703765,6.911280984476316,24.234696139775238,37.157984213938526,114.1929209332998,31.810337996262135,18.87904942288505,0.55,1.0,0.001325487001622287,7.035011914615029,0.0218161232697611,2.3465974142389886e-10,1.1492543028346347e-15,Radau,55885266c44ecbbfe86be622c6ebd08b77151ee6ef7dfd5c8bbc8d4250b58e50
C6_213_PKA_COMMON_capacity_midpoint_F1_onset100,3,ae2_knockout,199.99999999999432,124.33711747076451,6.911280984506688,24.23469613767526,37.15798420580322,114.19292094179853,31.810337994899506,18.8790494158859,0.55,1.0,0.0013254870016947613,7.035011927258847,0.021816123242548176,9.927659686627832e-11,1.4210854715202004e-14,Radau,55885266c44ecbbfe86be622c6ebd08b77151ee6ef7dfd5c8bbc8d4250b58e50
C6_213_PKA_COMMON_capacity_midpoint_F1.25_onset100,3,ae4_knockout,0.0,118.70854623581761,5.602558978219373,30.758203143784556,27.72766603585896,117.28251905374786,47.254241887154514,18.443744916050992,0.05,0.0,0.000532684594284789,7.037065801824293,0.0,0.0015222495944459593,5.117434254131581e-17,Radau,55885266c44ecbbfe86be622c6ebd08b77151ee6ef7dfd5c8bbc8d4250b58e50
C6_213_PKA_COMMON_capacity_midpoint_F1.25_onset100,3,ae4_knockout,50.0,118.6761922620651,5.563768665443457,60.13105052117177,21.46840290331059,123.48899485464891,48.38671914207987,56.00094146613433,0.05,0.0,0.0005104358021431368,7.361346620109092,0.0,1.5446673561488825e-05,1.8648277366750676e-17,Radau,55885266c44ecbbfe86be622c6ebd08b77151ee6ef7dfd5c8bbc8d4250b58e50
C6_213_PKA_COMMON_capacity_midpoint_F1.25_onset100,3,ae4_knockout,100.0,118.59227975993406,5.560416318458901,64.18126623751496,21.214625679561223,123.65379780638126,48.68473452111585,58.17414252579478,0.05,0.0,0.0005111406552364267,7.3742305982342975,0.0,3.7644744195258133e-06,2.842170943040401e-14,Radau,55885266c44ecbbfe86be622c6ebd08b77151ee6ef7dfd5c8bbc8d4250b58e50
C6_213_PKA_COMMON_capacity_midpoint_F1.25_onset100,3,ae4_knockout,100.0000001,118.59243917671112,5.560427853357471,64.1812662411787,21.214625679378646,123.6537951429414,48.6847318576729,58.17414252778505,0.55,1.0,0.0005113443245642135,7.374230598526488,0.0,0.15940454044981536,1.4210854715202004e-14,Radau,55885266c44ecbbfe86be622c6ebd08b77151ee6ef7dfd5c8bbc8d4250b58e50
C6_213_PKA_COMMON_capacity_midpoint_F1.25_onset100,3,ae4_knockout,149.99999999999716,124.57845524804026,6.9554536643562015,28.770215347750458,33.321812744389824,118.29007677872735,32.39618968902892,34.42308776552124,0.55,1.0,0.0013581224187936077,7.198451847423013,0.0,2.9215170029717984e-08,3.434752482434078e-16,Radau,55885266c44ecbbfe86be622c6ebd08b77151ee6ef7dfd5c8bbc8d4250b58e50
C6_213_PKA_COMMON_capacity_midpoint_F1.25_onset100,3,ae4_knockout,199.99999999999432,124.57849346262391,6.955453947986572,28.76993689684615,33.32195022586159,118.28998046508404,32.396140375955234,34.42235757819846,0.55,1.0,0.0013581198879926,7.198446103064834,0.0,3.2534169326317656e-09,1.4210854715202004e-14,Radau,55885266c44ecbbfe86be622c6ebd08b77151ee6ef7dfd5c8bbc8d4250b58e50
C6_213_PKA_COMMON_capacity_midpoint_F1.25_onset100,3,wt,0.0,118.70854623581761,5.602558978219373,30.758203143784556,27.72766603585896,117.28251905374786,47.254241887154514,18.443744916050992,0.05,0.0,0.000532684594284789,7.037065801824293,0.015607220754504294,6.503641959750926e-14,5.117434254131581e-17,Radau,55885266c44ecbbfe86be622c6ebd08b77151ee6ef7dfd5c8bbc8d4250b58e50
C6_213_PKA_COMMON_capacity_midpoint_F1.25_onset100,3,wt,50.0,118.7085462357929,5.602558978212832,30.758203143572437,27.7276660351841,117.28251905438766,47.254241887137006,18.44374491549298,0.05,0.0,0.000532684594282273,7.037065770972318,0.015607220752490056,2.434072774780713e-10,1.4210854715202004e-14,Radau,55885266c44ecbbfe86be622c6ebd08b77151ee6ef7dfd5c8bbc8d4250b58e50
C6_213_PKA_COMMON_capacity_midpoint_F1.25_onset100,3,wt,100.0,118.70854623582491,5.60255897821959,30.758203143779568,27.72766603585213,117.28251905376243,47.254241887147174,18.44374491605314,0.05,0.0,0.0005326845942847263,7.037065802160372,0.015607220754515417,2.586742962762669e-12,4.597017211338539e-17,Radau,55885266c44ecbbfe86be622c6ebd08b77151ee6ef7dfd5c8bbc8d4250b58e50
C6_213_PKA_COMMON_capacity_midpoint_F1.25_onset100,3,wt,100.0000001,118.70869551385525,5.60256977950978,30.758203143683446,27.72766605508123,117.28251370329653,47.25423693616726,18.44374453554843,0.55,1.0,0.000532878597677997,7.037065801958724,0.019509024927799965,0.14926636065483212,2.3592239273284576e-16,Radau,55885266c44ecbbfe86be622c6ebd08b77151ee6ef7dfd5c8bbc8d4250b58e50
C6_213_PKA_COMMON_capacity_midpoint_F1.25_onset100,3,wt,149.99999999999716,124.42648061406534,6.927715614461177,23.563590701873572,38.00817558344844,113.43941680778367,32.62710911903654,15.292072660352494,0.55,1.0,0.0013375777014305896,6.985350587003915,0.012536117707321937,5.7442649279433176e-09,1.0909784360635388e-15,Radau,55885266c44ecbbfe86be622c6ebd08b77151ee6ef7dfd5c8bbc8d4250b58e50
C6_213_PKA_COMMON_capacity_midpoint_F1.25_onset100,3,wt,199.99999999999432,124.42648061391466,6.927715614447216,23.56359070122969,38.008175582090786,113.43941680894892,32.62710911851284,15.2920726579333,0.55,1.0,0.0013375777013803864,6.985350257447344,0.012536117699606551,2.57298076845196e-09,1.4210854715202004e-14,Radau,55885266c44ecbbfe86be622c6ebd08b77151ee6ef7dfd5c8bbc8d4250b58e50
C6_213_PKA_COMMON_capacity_midpoint_F1.25_onset100,3,ae2_knockout,0.0,118.70854623581761,5.602558978219373,30.758203143784556,27.72766603585896,117.28251905374786,47.254241887154514,18.443744916050992,0.05,0.0,0.000532684594284789,7.037065801824293,0.015607220754504294,0.0007031734765000254,5.117434254131581e-17,Radau,55885266c44ecbbfe86be622c6ebd08b77151ee6ef7dfd5c8bbc8d4250b58e50
C6_213_PKA_COMMON_capacity_midpoint_F1.25_onset100,3,ae2_knockout,50.0,118.67720464379818,5.593162894979136,30.916789165379807,27.656378404474424,117.31657654950955,46.16346454416846,19.90411644225398,0.05,0.0,0.0005280290424190206,7.055641316164301,0.02162129683654447,1.6653174068967671e-10,1.4210854715202004e-14,Radau,55885266c44ecbbfe86be622c6ebd08b77151ee6ef7dfd5c8bbc8d4250b58e50
C6_213_PKA_COMMON_capacity_midpoint_F1.25_onset100,3,ae2_knockout,100.0,118.67720464244285,5.593162894923492,30.916789165999475,27.656378404065855,117.31657654848011,46.16346454495515,19.904116441603467,0.05,0.0,0.0005280290424368583,7.055641352363215,0.021621296833310058,1.2809361330918484e-10,2.842170943040401e-14,Radau,55885266c44ecbbfe86be622c6ebd08b77151ee6ef7dfd5c8bbc8d4250b58e50
C6_213_PKA_COMMON_capacity_midpoint_F1.25_onset100,3,ae2_knockout,100.0000001,118.67735241330071,5.5931735871601225,30.91678916590431,27.656378412554268,117.31657123974607,46.1634597689091,19.904115917161278,0.55,1.0,0.0005282211135514286,7.055641350960156,0.027026618626198335,0.1477593077653702,1.4210854715202004e-14,Radau,55885266c44ecbbfe86be622c6ebd08b77151ee6ef7dfd5c8bbc8d4250b58e50
C6_213_PKA_COMMON_capacity_midpoint_F1.25_onset100,3,ae2_knockout,149.99999999999716,124.32258303317853,6.908598881121791,24.005388631459933,37.54377629823642,113.7913897014775,31.817958322741063,17.894139379002265,0.55,1.0,0.0013235194741437212,7.02190610059902,0.02265262229817976,5.31738748145861e-11,6.435824095873954e-16,Radau,55885266c44ecbbfe86be622c6ebd08b77151ee6ef7dfd5c8bbc8d4250b58e50
C6_213_PKA_COMMON_capacity_midpoint_F1.25_onset100,3,ae2_knockout,199.99999999999432,124.32258303315419,6.908598881121846,24.005388631504754,37.543776298260575,113.79138970142628,31.81795832280442,17.894139379100505,0.55,1.0,0.0013235194741476636,7.021906105661988,0.022652622298594858,1.775090340113686e-12,1.4210854715202004e-14,Radau,55885266c44ecbbfe86be622c6ebd08b77151ee6ef7dfd5c8bbc8d4250b58e50
C6_213_PKA_COMMON_capacity_midpoint_F1.6_onset100,3,ae4_knockout,0.0,118.70854623581761,5.602558978219373,30.758203143784556,27.72766603585896,117.28251905374786,47.254241887154514,18.443744916050992,0.05,0.0,0.000532684594284789,7.037065801824293,0.0,0.0015222495944459593,5.117434254131581e-17,Radau,55885266c44ecbbfe86be622c6ebd08b77151ee6ef7dfd5c8bbc8d4250b58e50
C6_213_PKA_COMMON_capacity_midpoint_F1.6_onset100,3,ae4_knockout,50.0,118.6761922620651,5.563768665443457,60.13105052117177,21.46840290331059,123.48899485464891,48.38671914207987,56.00094146613433,0.05,0.0,0.0005104358021431368,7.361346620109092,0.0,1.5446673561488825e-05,1.8648277366750676e-17,Radau,55885266c44ecbbfe86be622c6ebd08b77151ee6ef7dfd5c8bbc8d4250b58e50
C6_213_PKA_COMMON_capacity_midpoint_F1.6_onset100,3,ae4_knockout,100.0,118.59227975993406,5.560416318458901,64.18126623751496,21.214625679561223,123.65379780638126,48.68473452111585,58.17414252579478,0.05,0.0,0.0005111406552364267,7.3742305982342975,0.0,3.7644744195258133e-06,2.842170943040401e-14,Radau,55885266c44ecbbfe86be622c6ebd08b77151ee6ef7dfd5c8bbc8d4250b58e50
C6_213_PKA_COMMON_capacity_midpoint_F1.6_onset100,3,ae4_knockout,100.0000001,118.59243917671112,5.560427853357471,64.1812662411787,21.214625679378646,123.6537951429414,48.6847318576729,58.17414252778505,0.55,1.0,0.0005113443245642135,7.374230598526488,0.0,0.15940454044981536,1.4210854715202004e-14,Radau,55885266c44ecbbfe86be622c6ebd08b77151ee6ef7dfd5c8bbc8d4250b58e50
C6_213_PKA_COMMON_capacity_midpoint_F1.6_onset100,3,ae4_knockout,149.99999999999716,124.57845524804026,6.9554536643562015,28.770215347750458,33.321812744389824,118.29007677872735,32.39618968902892,34.42308776552124,0.55,1.0,0.0013581224187936077,7.198451847423013,0.0,2.9215170029717984e-08,3.434752482434078e-16,Radau,55885266c44ecbbfe86be622c6ebd08b77151ee6ef7dfd5c8bbc8d4250b58e50
C6_213_PKA_COMMON_capacity_midpoint_F1.6_onset100,3,ae4_knockout,199.99999999999432,124.57849346262391,6.955453947986572,28.76993689684615,33.32195022586159,118.28998046508404,32.396140375955234,34.42235757819846,0.55,1.0,0.0013581198879926,7.198446103064834,0.0,3.2534169326317656e-09,1.4210854715202004e-14,Radau,55885266c44ecbbfe86be622c6ebd08b77151ee6ef7dfd5c8bbc8d4250b58e50
C6_213_PKA_COMMON_capacity_midpoint_F1.6_onset100,3,wt,0.0,118.70854623581761,5.602558978219373,30.758203143784556,27.72766603585896,117.28251905374786,47.254241887154514,18.443744916050992,0.05,0.0,0.000532684594284789,7.037065801824293,0.015607220754504294,6.503641959750926e-14,5.117434254131581e-17,Radau,55885266c44ecbbfe86be622c6ebd08b77151ee6ef7dfd5c8bbc8d4250b58e50
C6_213_PKA_COMMON_capacity_midpoint_F1.6_onset100,3,wt,50.0,118.7085462357929,5.602558978212832,30.758203143572437,27.7276660351841,117.28251905438766,47.254241887137006,18.44374491549298,0.05,0.0,0.000532684594282273,7.037065770972318,0.015607220752490056,2.434072774780713e-10,1.4210854715202004e-14,Radau,55885266c44ecbbfe86be622c6ebd08b77151ee6ef7dfd5c8bbc8d4250b58e50
C6_213_PKA_COMMON_capacity_midpoint_F1.6_onset100,3,wt,100.0,118.70854623582491,5.60255897821959,30.758203143779568,27.72766603585213,117.28251905376243,47.254241887147174,18.44374491605314,0.05,0.0,0.0005326845942847263,7.037065802160372,0.015607220754515417,2.586742962762669e-12,4.597017211338539e-17,Radau,55885266c44ecbbfe86be622c6ebd08b77151ee6ef7dfd5c8bbc8d4250b58e50
C6_213_PKA_COMMON_capacity_midpoint_F1.6_onset100,3,wt,100.0000001,118.70869551384331,5.602569779509223,30.758203143683335,27.727666081880244,117.28251349890228,47.25423729135882,18.443744002761395,0.55,1.0,0.0005328788034410898,7.037065801824293,0.024971548616719602,0.14926633676277937,1.4210854715202004e-14,Radau,55885266c44ecbbfe86be622c6ebd08b77151ee6ef7dfd5c8bbc8d4250b58e50
C6_213_PKA_COMMON_capacity_midpoint_F1.6_onset100,3,wt,149.99999999999716,124.40975809408603,6.9246474883031155,23.409021527307985,38.416822072992616,113.01267871631212,32.627497502097306,14.589999104133385,0.55,1.0,0.001335316001948987,6.974660952007637,0.01326337985389679,3.245604104894925e-12,1.7716405599499385e-15,Radau,55885266c44ecbbfe86be622c6ebd08b77151ee6ef7dfd5c8bbc8d4250b58e50
C6_213_PKA_COMMON_capacity_midpoint_F1.6_onset100,3,wt,199.99999999999432,124.40975809399747,6.9246474882954905,23.40902152726018,38.4168220733378,113.01267871589366,32.627497502004545,14.589999103924491,0.55,1.0,0.0013353160019370037,6.974661015757553,0.013263379853126348,6.075380824320046e-10,2.842170943040401e-14,Radau,55885266c44ecbbfe86be622c6ebd08b77151ee6ef7dfd5c8bbc8d4250b58e50
C6_213_PKA_COMMON_capacity_midpoint_F1.6_onset100,3,ae2_knockout,0.0,118.70854623581761,5.602558978219373,30.758203143784556,27.72766603585896,117.28251905374786,47.254241887154514,18.443744916050992,0.05,0.0,0.000532684594284789,7.037065801824293,0.015607220754504294,0.0007031734765000254,5.117434254131581e-17,Radau,55885266c44ecbbfe86be622c6ebd08b77151ee6ef7dfd5c8bbc8d4250b58e50
C6_213_PKA_COMMON_capacity_midpoint_F1.6_onset100,3,ae2_knockout,50.0,118.67720464379818,5.593162894979136,30.916789165379807,27.656378404474424,117.31657654950955,46.16346454416846,19.90411644225398,0.05,0.0,0.0005280290424190206,7.055641316164301,0.02162129683654447,1.6653174068967671e-10,1.4210854715202004e-14,Radau,55885266c44ecbbfe86be622c6ebd08b77151ee6ef7dfd5c8bbc8d4250b58e50
C6_213_PKA_COMMON_capacity_midpoint_F1.6_onset100,3,ae2_knockout,100.0,118.67720464244285,5.593162894923492,30.916789165999475,27.656378404065855,117.31657654848011,46.16346454495515,19.904116441603467,0.05,0.0,0.0005280290424368583,7.055641352363215,0.021621296833310058,1.2809361330918484e-10,2.842170943040401e-14,Radau,55885266c44ecbbfe86be622c6ebd08b77151ee6ef7dfd5c8bbc8d4250b58e50
C6_213_PKA_COMMON_capacity_midpoint_F1.6_onset100,3,ae2_knockout,100.0000001,118.67735241328428,5.593173587159357,30.916789165904152,27.656378424318603,117.31657098321409,46.163460258445895,19.904115182856486,0.55,1.0,0.0005282213971409983,7.055641350749697,0.034594066596618595,0.14775927488659957,1.4210854715202004e-14,Radau,55885266c44ecbbfe86be622c6ebd08b77151ee6ef7dfd5c8bbc8d4250b58e50
C6_213_PKA_COMMON_capacity_midpoint_F1.6_onset100,3,ae2_knockout,149.99999999999716,124.30464599481343,6.905285348733524,23.773966254086204,37.99776267823073,113.31797673701934,31.82211910681517,16.881327081870324,0.55,1.0,0.0013210909327841492,7.007917321113909,0.02356119113053747,1.4393728275533977e-11,2.842170943040401e-14,Radau,55885266c44ecbbfe86be622c6ebd08b77151ee6ef7dfd5c8bbc8d4250b58e50
C6_213_PKA_COMMON_capacity_midpoint_F1.6_onset100,3,ae2_knockout,199.99999999999432,124.30464599480413,6.9052853487301125,23.773966254132407,37.99776267855923,113.31797673668095,31.82211910683822,16.881327082040325,0.55,1.0,0.0013210909327771624,7.007917305589367,0.02356119113138229,1.698065506928348e-10,1.7937040741600185e-15,Radau,55885266c44ecbbfe86be622c6ebd08b77151ee6ef7dfd5c8bbc8d4250b58e50
C6_213_PKA_COMMON_capacity_midpoint_F3_onset100,3,ae4_knockout,0.0,118.70854623581761,5.602558978219373,30.758203143784556,27.72766603585896,117.28251905374786,47.254241887154514,18.443744916050992,0.05,0.0,0.000532684594284789,7.037065801824293,0.0,0.0015222495944459593,5.117434254131581e-17,Radau,55885266c44ecbbfe86be622c6ebd08b77151ee6ef7dfd5c8bbc8d4250b58e50
C6_213_PKA_COMMON_capacity_midpoint_F3_onset100,3,ae4_knockout,50.0,118.6761922620651,5.563768665443457,60.13105052117177,21.46840290331059,123.48899485464891,48.38671914207987,56.00094146613433,0.05,0.0,0.0005104358021431368,7.361346620109092,0.0,1.5446673561488825e-05,1.8648277366750676e-17,Radau,55885266c44ecbbfe86be622c6ebd08b77151ee6ef7dfd5c8bbc8d4250b58e50
C6_213_PKA_COMMON_capacity_midpoint_F3_onset100,3,ae4_knockout,100.0,118.59227975993406,5.560416318458901,64.18126623751496,21.214625679561223,123.65379780638126,48.68473452111585,58.17414252579478,0.05,0.0,0.0005111406552364267,7.3742305982342975,0.0,3.7644744195258133e-06,2.842170943040401e-14,Radau,55885266c44ecbbfe86be622c6ebd08b77151ee6ef7dfd5c8bbc8d4250b58e50
C6_213_PKA_COMMON_capacity_midpoint_F3_onset100,3,ae4_knockout,100.0000001,118.59243917671112,5.560427853357471,64.1812662411787,21.214625679378646,123.6537951429414,48.6847318576729,58.17414252778505,0.55,1.0,0.0005113443245642135,7.374230598526488,0.0,0.15940454044981536,1.4210854715202004e-14,Radau,55885266c44ecbbfe86be622c6ebd08b77151ee6ef7dfd5c8bbc8d4250b58e50
C6_213_PKA_COMMON_capacity_midpoint_F3_onset100,3,ae4_knockout,149.99999999999716,124.57845524804026,6.9554536643562015,28.770215347750458,33.321812744389824,118.29007677872735,32.39618968902892,34.42308776552124,0.55,1.0,0.0013581224187936077,7.198451847423013,0.0,2.9215170029717984e-08,3.434752482434078e-16,Radau,55885266c44ecbbfe86be622c6ebd08b77151ee6ef7dfd5c8bbc8d4250b58e50
C6_213_PKA_COMMON_capacity_midpoint_F3_onset100,3,ae4_knockout,199.99999999999432,124.57849346262391,6.955453947986572,28.76993689684615,33.32195022586159,118.28998046508404,32.396140375955234,34.42235757819846,0.55,1.0,0.0013581198879926,7.198446103064834,0.0,3.2534169326317656e-09,1.4210854715202004e-14,Radau,55885266c44ecbbfe86be622c6ebd08b77151ee6ef7dfd5c8bbc8d4250b58e50
C6_213_PKA_COMMON_capacity_midpoint_F3_onset100,3,wt,0.0,118.70854623581761,5.602558978219373,30.758203143784556,27.72766603585896,117.28251905374786,47.254241887154514,18.443744916050992,0.05,0.0,0.000532684594284789,7.037065801824293,0.015607220754504294,6.503641959750926e-14,5.117434254131581e-17,Radau,55885266c44ecbbfe86be622c6ebd08b77151ee6ef7dfd5c8bbc8d4250b58e50
C6_213_PKA_COMMON_capacity_midpoint_F3_onset100,3,wt,50.0,118.7085462357929,5.602558978212832,30.758203143572437,27.7276660351841,117.28251905438766,47.254241887137006,18.44374491549298,0.05,0.0,0.000532684594282273,7.037065770972318,0.015607220752490056,2.434072774780713e-10,1.4210854715202004e-14,Radau,55885266c44ecbbfe86be622c6ebd08b77151ee6ef7dfd5c8bbc8d4250b58e50
C6_213_PKA_COMMON_capacity_midpoint_F3_onset100,3,wt,100.0,118.70854623582491,5.60255897821959,30.758203143779568,27.72766603585213,117.28251905376243,47.254241887147174,18.44374491605314,0.05,0.0,0.0005326845942847263,7.037065802160372,0.015607220754515417,2.586742962762669e-12,4.597017211338539e-17,Radau,55885266c44ecbbfe86be622c6ebd08b77151ee6ef7dfd5c8bbc8d4250b58e50
C6_213_PKA_COMMON_capacity_midpoint_F3_onset100,3,wt,100.0000001,118.70869551379552,5.602569779506995,30.758203143682884,27.727666189076363,117.28251268132544,47.254238712124554,18.44374187161397,0.55,1.0,0.0005328796264930204,7.037065800816059,0.04682162897487833,0.14926624119461973,9.159339953157541e-16,Radau,55885266c44ecbbfe86be622c6ebd08b77151ee6ef7dfd5c8bbc8d4250b58e50
C6_213_PKA_COMMON_capacity_midpoint_F3_onset100,3,wt,149.99999999999716,124.3535859847177,6.914316903192892,23.069706238700185,39.64900850448465,111.71970153712131,32.59379171295639,13.030141402715937,0.55,1.0,0.0013277159921612448,6.9495892008418565,0.014975276346383522,1.2857739243665275e-10,6.626643678231403e-16,Radau,55885266c44ecbbfe86be622c6ebd08b77151ee6ef7dfd5c8bbc8d4250b58e50
C6_213_PKA_COMMON_capacity_midpoint_F3_onset100,3,wt,199.99999999999432,124.35358598409574,6.914316903125096,23.069706239111103,39.6490085088812,111.71970153205939,32.59379171310132,13.030141403790012,0.55,1.0,0.0013277159921220067,6.949589197599612,0.014975276352195404,1.5880217311680932e-10,1.4210854715202004e-14,Radau,55885266c44ecbbfe86be622c6ebd08b77151ee6ef7dfd5c8bbc8d4250b58e50
C6_213_PKA_COMMON_capacity_midpoint_F3_onset100,3,ae2_knockout,0.0,118.70854623581761,5.602558978219373,30.758203143784556,27.72766603585896,117.28251905374786,47.254241887154514,18.443744916050992,0.05,0.0,0.000532684594284789,7.037065801824293,0.015607220754504294,0.0007031734765000254,5.117434254131581e-17,Radau,55885266c44ecbbfe86be622c6ebd08b77151ee6ef7dfd5c8bbc8d4250b58e50
C6_213_PKA_COMMON_capacity_midpoint_F3_onset100,3,ae2_knockout,50.0,118.67720464379818,5.593162894979136,30.916789165379807,27.656378404474424,117.31657654950955,46.16346454416846,19.90411644225398,0.05,0.0,0.0005280290424190206,7.055641316164301,0.02162129683654447,1.6653174068967671e-10,1.4210854715202004e-14,Radau,55885266c44ecbbfe86be622c6ebd08b77151ee6ef7dfd5c8bbc8d4250b58e50
C6_213_PKA_COMMON_capacity_midpoint_F3_onset100,3,ae2_knockout,100.0,118.67720464244285,5.593162894923492,30.916789165999475,27.656378404065855,117.31657654848011,46.16346454495515,19.904116441603467,0.05,0.0,0.0005280290424368583,7.055641352363215,0.021621296833310058,1.2809361330918484e-10,2.842170943040401e-14,Radau,55885266c44ecbbfe86be622c6ebd08b77151ee6ef7dfd5c8bbc8d4250b58e50
C6_213_PKA_COMMON_capacity_midpoint_F3_onset100,3,ae2_knockout,100.0000001,118.67735241321853,5.593173587156297,30.91678916590353,27.65637847137603,117.31656995708639,46.16346221659233,19.90411224563844,0.55,1.0,0.0005282225314987832,7.055641349486944,0.06486383553181727,0.14775914337157478,1.4210854715202004e-14,Radau,55885266c44ecbbfe86be622c6ebd08b77151ee6ef7dfd5c8bbc8d4250b58e50
C6_213_PKA_COMMON_capacity_midpoint_F3_onset100,3,ae2_knockout,149.99999999999716,124.24611021579523,6.894444679230927,23.278651388773184,39.33623125262787,111.9160891962185,31.801583643686612,14.655101325070712,0.55,1.0,0.0013131625069099778,6.975058899775566,0.025751787374960596,2.793203837491207e-10,1.4210854715202004e-14,Radau,55885266c44ecbbfe86be622c6ebd08b77151ee6ef7dfd5c8bbc8d4250b58e50
C6_213_PKA_COMMON_capacity_midpoint_F3_onset100,3,ae2_knockout,199.99999999999432,124.24611021583557,6.894444679235431,23.278651388756217,39.33623125239667,111.91608919650967,31.80158364370292,14.65510132504511,0.55,1.0,0.0013131625068858036,6.97505887058106,0.0257517873747864,1.2611679555063513e-13,1.4210854715202004e-14,Radau,55885266c44ecbbfe86be622c6ebd08b77151ee6ef7dfd5c8bbc8d4250b58e50
C6_213_PKA_COMMON_capacity_midpoint_F10_onset100,3,ae4_knockout,0.0,118.70854623581761,5.602558978219373,30.758203143784556,27.72766603585896,117.28251905374786,47.254241887154514,18.443744916050992,0.05,0.0,0.000532684594284789,7.037065801824293,0.0,0.0015222495944459593,5.117434254131581e-17,Radau,55885266c44ecbbfe86be622c6ebd08b77151ee6ef7dfd5c8bbc8d4250b58e50
C6_213_PKA_COMMON_capacity_midpoint_F10_onset100,3,ae4_knockout,50.0,118.6761922620651,5.563768665443457,60.13105052117177,21.46840290331059,123.48899485464891,48.38671914207987,56.00094146613433,0.05,0.0,0.0005104358021431368,7.361346620109092,0.0,1.5446673561488825e-05,1.8648277366750676e-17,Radau,55885266c44ecbbfe86be622c6ebd08b77151ee6ef7dfd5c8bbc8d4250b58e50
C6_213_PKA_COMMON_capacity_midpoint_F10_onset100,3,ae4_knockout,100.0,118.59227975993406,5.560416318458901,64.18126623751496,21.214625679561223,123.65379780638126,48.68473452111585,58.17414252579478,0.05,0.0,0.0005111406552364267,7.3742305982342975,0.0,3.7644744195258133e-06,2.842170943040401e-14,Radau,55885266c44ecbbfe86be622c6ebd08b77151ee6ef7dfd5c8bbc8d4250b58e50
C6_213_PKA_COMMON_capacity_midpoint_F10_onset100,3,ae4_knockout,100.0000001,118.59243917671112,5.560427853357471,64.1812662411787,21.214625679378646,123.6537951429414,48.6847318576729,58.17414252778505,0.55,1.0,0.0005113443245642135,7.374230598526488,0.0,0.15940454044981536,1.4210854715202004e-14,Radau,55885266c44ecbbfe86be622c6ebd08b77151ee6ef7dfd5c8bbc8d4250b58e50
C6_213_PKA_COMMON_capacity_midpoint_F10_onset100,3,ae4_knockout,149.99999999999716,124.57845524804026,6.9554536643562015,28.770215347750458,33.321812744389824,118.29007677872735,32.39618968902892,34.42308776552124,0.55,1.0,0.0013581224187936077,7.198451847423013,0.0,2.9215170029717984e-08,3.434752482434078e-16,Radau,55885266c44ecbbfe86be622c6ebd08b77151ee6ef7dfd5c8bbc8d4250b58e50
C6_213_PKA_COMMON_capacity_midpoint_F10_onset100,3,ae4_knockout,199.99999999999432,124.57849346262391,6.955453947986572,28.76993689684615,33.32195022586159,118.28998046508404,32.396140375955234,34.42235757819846,0.55,1.0,0.0013581198879926,7.198446103064834,0.0,3.2534169326317656e-09,1.4210854715202004e-14,Radau,55885266c44ecbbfe86be622c6ebd08b77151ee6ef7dfd5c8bbc8d4250b58e50
C6_213_PKA_COMMON_capacity_midpoint_F10_onset100,3,wt,0.0,118.70854623581761,5.602558978219373,30.758203143784556,27.72766603585896,117.28251905374786,47.254241887154514,18.443744916050992,0.05,0.0,0.000532684594284789,7.037065801824293,0.015607220754504294,6.503641959750926e-14,5.117434254131581e-17,Radau,55885266c44ecbbfe86be622c6ebd08b77151ee6ef7dfd5c8bbc8d4250b58e50
C6_213_PKA_COMMON_capacity_midpoint_F10_onset100,3,wt,50.0,118.7085462357929,5.602558978212832,30.758203143572437,27.7276660351841,117.28251905438766,47.254241887137006,18.44374491549298,0.05,0.0,0.000532684594282273,7.037065770972318,0.015607220752490056,2.434072774780713e-10,1.4210854715202004e-14,Radau,55885266c44ecbbfe86be622c6ebd08b77151ee6ef7dfd5c8bbc8d4250b58e50
C6_213_PKA_COMMON_capacity_midpoint_F10_onset100,3,wt,100.0,118.70854623582491,5.60255897821959,30.758203143779568,27.72766603585213,117.28251905376243,47.254241887147174,18.44374491605314,0.05,0.0,0.0005326845942847263,7.037065802160372,0.015607220754515417,2.586742962762669e-12,4.597017211338539e-17,Radau,55885266c44ecbbfe86be622c6ebd08b77151ee6ef7dfd5c8bbc8d4250b58e50
C6_213_PKA_COMMON_capacity_midpoint_F10_onset100,3,wt,100.0000001,118.70869551355659,5.6025697794958536,30.758203143680632,27.727666725058167,117.28250859344568,47.25424581594202,18.44373121589371,0.55,1.0,0.0005328837417462937,7.037065796245396,0.15607168522600715,0.14926576335455927,8.743006318923108e-16,Radau,55885266c44ecbbfe86be622c6ebd08b77151ee6ef7dfd5c8bbc8d4250b58e50
C6_213_PKA_COMMON_capacity_midpoint_F10_onset100,3,wt,149.99999999999716,124.1305828403251,6.8729255083582235,22.60963460430634,43.712649418078904,107.4143916467218,32.27156403388433,10.958962742003466,0.55,1.0,0.0012975006589412662,6.9121712770217805,0.017339938329081383,1.1003681999706213e-10,1.4210854715202004e-14,Radau,55885266c44ecbbfe86be622c6ebd08b77151ee6ef7dfd5c8bbc8d4250b58e50
C6_213_PKA_COMMON_capacity_midpoint_F10_onset100,3,wt,199.99999999999432,124.13058284037174,6.872925508365133,22.609634604315705,43.71264941742553,107.4143916474222,32.27156403394403,10.958962742032337,0.55,1.0,0.0012975006589529341,6.912171288163906,0.01733993832937747,6.083519311027304e-12,1.4210854715202004e-14,Radau,55885266c44ecbbfe86be622c6ebd08b77151ee6ef7dfd5c8bbc8d4250b58e50
C6_213_PKA_COMMON_capacity_upper_quartile_F1_onset100,3,ae4_knockout,0.0,118.71385167584978,5.604146387645467,30.551419393070418,27.975018891033155,117.04146482591051,47.18118122051111,17.98628946985274,0.05,0.0,0.0005334723176019372,7.0308310478881415,0.0,0.0015675909165220477,4.5102810375396984e-17,Radau,55885266c44ecbbfe86be622c6ebd08b77151ee6ef7dfd5c8bbc8d4250b58e50
C6_213_PKA_COMMON_capacity_upper_quartile_F1_onset100,3,ae4_knockout,50.0,118.67638997021216,5.563776610423772,60.12236807709906,21.468997202766268,123.48861021009272,48.38602545874147,55.99598600866478,0.05,0.0,0.0005104341720523609,7.3613167977188345,0.0,1.5474170550645676e-05,7.105427357601002e-15,Radau,55885266c44ecbbfe86be622c6ebd08b77151ee6ef7dfd5c8bbc8d4250b58e50
C6_213_PKA_COMMON_capacity_upper_quartile_F1_onset100,3,ae4_knockout,100.0,118.59231964821497,5.5604179024375755,64.17915057888031,21.214747064565746,123.65371871153675,48.6845911084817,58.17307524728864,0.05,0.0,0.0005111403138773568,7.374224358711267,0.0,3.7700333173450304e-06,1.4210854715202004e-14,Radau,55885266c44ecbbfe86be622c6ebd08b77151ee6ef7dfd5c8bbc8d4250b58e50
C6_213_PKA_COMMON_capacity_upper_quartile_F1_onset100,3,ae4_knockout,100.0000001,118.59247906462494,5.560429437309588,64.17915058254961,21.214747064382845,123.65371604801545,48.68458844495746,58.1730752492818,0.55,1.0,0.0005113439828380256,7.3742243594417305,0.0,0.15940417338294305,1.4210854715202004e-14,Radau,55885266c44ecbbfe86be622c6ebd08b77151ee6ef7dfd5c8bbc8d4250b58e50
C6_213_PKA_COMMON_capacity_upper_quartile_F1_onset100,3,ae4_knockout,149.99999999999716,124.5784552484678,6.955453664651955,28.770215398399735,33.321812730298404,118.2900767934432,32.39618969622496,34.423087908079545,0.55,1.0,0.0013581224190416037,7.1984528456783226,0.0,1.8386251427579367e-08,2.842170943040401e-14,Radau,55885266c44ecbbfe86be622c6ebd08b77151ee6ef7dfd5c8bbc8d4250b58e50
C6_213_PKA_COMMON_capacity_upper_quartile_F1_onset100,3,ae4_knockout,199.99999999999432,124.57849346478115,6.955453947982729,28.76993690806469,33.321950234848586,118.2899804584281,32.39614037264792,34.42235761685397,0.55,1.0,0.0013581198878580723,7.198446426747656,0.0,2.580183627255728e-10,1.4210854715202004e-14,Radau,55885266c44ecbbfe86be622c6ebd08b77151ee6ef7dfd5c8bbc8d4250b58e50
C6_213_PKA_COMMON_capacity_upper_quartile_F1_onset100,3,wt,0.0,118.71385167584978,5.604146387645467,30.551419393070418,27.975018891033155,117.04146482591051,47.18118122051111,17.98628946985274,0.05,0.0,0.0005334723176019372,7.0308310478881415,0.015964042509019755,3.3797520899577934e-14,4.5102810375396984e-17,Radau,55885266c44ecbbfe86be622c6ebd08b77151ee6ef7dfd5c8bbc8d4250b58e50
C6_213_PKA_COMMON_capacity_upper_quartile_F1_onset100,3,wt,50.0,118.71385167586247,5.604146387645919,30.55141939303837,27.97501889104224,117.0414648259148,47.18118122048296,17.98628946980533,0.05,0.0,0.0005334723176069786,7.030831071939644,0.0159640425088449,1.892173955457207e-10,4.263256414560601e-14,Radau,55885266c44ecbbfe86be622c6ebd08b77151ee6ef7dfd5c8bbc8d4250b58e50
C6_213_PKA_COMMON_capacity_upper_quartile_F1_onset100,3,wt,100.0,118.71385167584938,5.6041463876454385,30.551419393052324,27.97501889103202,117.04146482591123,47.18118122051107,17.986289469805055,0.05,0.0,0.0005334723176019313,7.0308310479544,0.01596404250883265,5.608312187686895e-13,2.842170943040401e-14,Radau,55885266c44ecbbfe86be622c6ebd08b77151ee6ef7dfd5c8bbc8d4250b58e50
C6_213_PKA_COMMON_capacity_upper_quartile_F1_onset100,3,wt,100.0000001,118.71400052838463,5.604157158147865,30.551419392956532,27.975018891120097,117.04145960114988,47.18117599553117,17.98628946986134,0.55,1.0,0.0005336656621501248,7.0308310478881415,0.015964043324686865,0.1488409042977279,1.4210854715202004e-14,Radau,55885266c44ecbbfe86be622c6ebd08b77151ee6ef7dfd5c8bbc8d4250b58e50
C6_213_PKA_COMMON_capacity_upper_quartile_F1_onset100,3,wt,149.99999999999716,124.43219838645723,6.92876390445566,23.62479655461262,37.86283045110417,113.5909472342518,32.625571171971394,15.568011035181401,0.55,1.0,0.0013383509356362424,6.989461323467058,0.012257776614661018,6.739199411615843e-09,2.842170943040401e-14,Radau,55885266c44ecbbfe86be622c6ebd08b77151ee6ef7dfd5c8bbc8d4250b58e50
C6_213_PKA_COMMON_capacity_upper_quartile_F1_onset100,3,wt,199.99999999999432,124.4321983885101,6.928763904342098,23.624796569098258,37.86283051274283,113.59094717488247,32.625571177322406,15.568011095432128,0.55,1.0,0.0013383509352640972,6.989461247447533,0.012257776797569564,7.514952900040985e-09,2.842170943040401e-14,Radau,55885266c44ecbbfe86be622c6ebd08b77151ee6ef7dfd5c8bbc8d4250b58e50
C6_213_PKA_COMMON_capacity_upper_quartile_F1_onset100,3,ae2_knockout,0.0,118.71385167584978,5.604146387645467,30.551419393070418,27.975018891033155,117.04146482591051,47.18118122051111,17.98628946985274,0.05,0.0,0.0005334723176019372,7.0308310478881415,0.015964042509019755,0.0007098468918673853,4.5102810375396984e-17,Radau,55885266c44ecbbfe86be622c6ebd08b77151ee6ef7dfd5c8bbc8d4250b58e50
C6_213_PKA_COMMON_capacity_upper_quartile_F1_onset100,3,ae2_knockout,50.0,118.6827854196843,5.594838315444485,30.66906811731692,27.914049168548846,117.0655363459238,46.091136313892356,19.34573932200895,0.05,0.0,0.0005288582896849313,7.048416276076439,0.02204845667118654,4.02814951151335e-10,3.0574501264091225e-17,Radau,55885266c44ecbbfe86be622c6ebd08b77151ee6ef7dfd5c8bbc8d4250b58e50
C6_213_PKA_COMMON_capacity_upper_quartile_F1_onset100,3,ae2_knockout,100.0,118.682785419513,5.594838315408998,30.669068116371996,27.914049164806187,117.0655363494717,46.091136313760195,19.34573931945897,0.05,0.0,0.0005288582897039272,7.048416454015878,0.02204845665966617,1.844521376305462e-09,1.4210854715202004e-14,Radau,55885266c44ecbbfe86be622c6ebd08b77151ee6ef7dfd5c8bbc8d4250b58e50
C6_213_PKA_COMMON_capacity_upper_quartile_F1_onset100,3,ae2_knockout,100.0000001,118.68293275017021,5.594848975793736,30.6690681162772,27.914049164891463,117.06553119796652,46.09113116203604,19.345739319520522,0.55,1.0,0.0005290496344986816,7.048416438491883,0.02204845721941593,0.1473191497375254,1.4210854715202004e-14,Radau,55885266c44ecbbfe86be622c6ebd08b77151ee6ef7dfd5c8bbc8d4250b58e50
C6_213_PKA_COMMON_capacity_upper_quartile_F1_onset100,3,ae2_knockout,149.99999999999716,124.32879004375633,6.909744601010447,24.09818913350012,37.38103192562845,113.96085581040352,31.81517813721808,18.294984080338132,0.55,1.0,0.001324359753224363,7.02729667463149,0.0223067976030568,1.9938745005307915e-11,2.842170943040401e-14,Radau,55885266c44ecbbfe86be622c6ebd08b77151ee6ef7dfd5c8bbc8d4250b58e50
C6_213_PKA_COMMON_capacity_upper_quartile_F1_onset100,3,ae2_knockout,199.99999999999432,124.32879004389676,6.909744601013939,24.098189133254355,37.38103192486328,113.96085581133065,31.815178137096314,18.29498407958034,0.55,1.0,0.0013243597532145398,7.027296716626923,0.02230679759992056,4.4992989262016515e-10,2.842170943040401e-14,Radau,55885266c44ecbbfe86be622c6ebd08b77151ee6ef7dfd5c8bbc8d4250b58e50
C6_213_PKA_COMMON_capacity_upper_quartile_F1.25_onset100,3,ae4_knockout,0.0,118.71385167584978,5.604146387645467,30.551419393070418,27.975018891033155,117.04146482591051,47.18118122051111,17.98628946985274,0.05,0.0,0.0005334723176019372,7.0308310478881415,0.0,0.0015675909165220477,4.5102810375396984e-17,Radau,55885266c44ecbbfe86be622c6ebd08b77151ee6ef7dfd5c8bbc8d4250b58e50
C6_213_PKA_COMMON_capacity_upper_quartile_F1.25_onset100,3,ae4_knockout,50.0,118.67638997021216,5.563776610423772,60.12236807709906,21.468997202766268,123.48861021009272,48.38602545874147,55.99598600866478,0.05,0.0,0.0005104341720523609,7.3613167977188345,0.0,1.5474170550645676e-05,7.105427357601002e-15,Radau,55885266c44ecbbfe86be622c6ebd08b77151ee6ef7dfd5c8bbc8d4250b58e50
C6_213_PKA_COMMON_capacity_upper_quartile_F1.25_onset100,3,ae4_knockout,100.0,118.59231964821497,5.5604179024375755,64.17915057888031,21.214747064565746,123.65371871153675,48.6845911084817,58.17307524728864,0.05,0.0,0.0005111403138773568,7.374224358711267,0.0,3.7700333173450304e-06,1.4210854715202004e-14,Radau,55885266c44ecbbfe86be622c6ebd08b77151ee6ef7dfd5c8bbc8d4250b58e50
C6_213_PKA_COMMON_capacity_upper_quartile_F1.25_onset100,3,ae4_knockout,100.0000001,118.59247906462494,5.560429437309588,64.17915058254961,21.214747064382845,123.65371604801545,48.68458844495746,58.1730752492818,0.55,1.0,0.0005113439828380256,7.3742243594417305,0.0,0.15940417338294305,1.4210854715202004e-14,Radau,55885266c44ecbbfe86be622c6ebd08b77151ee6ef7dfd5c8bbc8d4250b58e50
C6_213_PKA_COMMON_capacity_upper_quartile_F1.25_onset100,3,ae4_knockout,149.99999999999716,124.5784552484678,6.955453664651955,28.770215398399735,33.321812730298404,118.2900767934432,32.39618969622496,34.423087908079545,0.55,1.0,0.0013581224190416037,7.1984528456783226,0.0,1.8386251427579367e-08,2.842170943040401e-14,Radau,55885266c44ecbbfe86be622c6ebd08b77151ee6ef7dfd5c8bbc8d4250b58e50
C6_213_PKA_COMMON_capacity_upper_quartile_F1.25_onset100,3,ae4_knockout,199.99999999999432,124.57849346478115,6.955453947982729,28.76993690806469,33.321950234848586,118.2899804584281,32.39614037264792,34.42235761685397,0.55,1.0,0.0013581198878580723,7.198446426747656,0.0,2.580183627255728e-10,1.4210854715202004e-14,Radau,55885266c44ecbbfe86be622c6ebd08b77151ee6ef7dfd5c8bbc8d4250b58e50
C6_213_PKA_COMMON_capacity_upper_quartile_F1.25_onset100,3,wt,0.0,118.71385167584978,5.604146387645467,30.551419393070418,27.975018891033155,117.04146482591051,47.18118122051111,17.98628946985274,0.05,0.0,0.0005334723176019372,7.0308310478881415,0.015964042509019755,3.3797520899577934e-14,4.5102810375396984e-17,Radau,55885266c44ecbbfe86be622c6ebd08b77151ee6ef7dfd5c8bbc8d4250b58e50
C6_213_PKA_COMMON_capacity_upper_quartile_F1.25_onset100,3,wt,50.0,118.71385167586247,5.604146387645919,30.55141939303837,27.97501889104224,117.0414648259148,47.18118122048296,17.98628946980533,0.05,0.0,0.0005334723176069786,7.030831071939644,0.0159640425088449,1.892173955457207e-10,4.263256414560601e-14,Radau,55885266c44ecbbfe86be622c6ebd08b77151ee6ef7dfd5c8bbc8d4250b58e50
C6_213_PKA_COMMON_capacity_upper_quartile_F1.25_onset100,3,wt,100.0,118.71385167584938,5.6041463876454385,30.551419393052324,27.97501889103202,117.04146482591123,47.18118122051107,17.986289469805055,0.05,0.0,0.0005334723176019313,7.0308310479544,0.01596404250883265,5.608312187686895e-13,2.842170943040401e-14,Radau,55885266c44ecbbfe86be622c6ebd08b77151ee6ef7dfd5c8bbc8d4250b58e50
C6_213_PKA_COMMON_capacity_upper_quartile_F1.25_onset100,3,wt,100.0000001,118.71400052837583,5.604157158147456,30.55141939295645,27.97501891531519,117.04145944632262,47.181176256796334,17.986289077963818,0.55,1.0,0.000533665813501444,7.030831047755626,0.019955052102470998,0.14884088672009943,1.4363510381087963e-15,Radau,55885266c44ecbbfe86be622c6ebd08b77151ee6ef7dfd5c8bbc8d4250b58e50
C6_213_PKA_COMMON_capacity_upper_quartile_F1.25_onset100,3,wt,149.99999999999716,124.41792971334401,6.926147174905165,23.480344136427142,38.22007652425452,113.21826522574086,32.62804410274868,14.914841260014008,0.55,1.0,0.0013364212509464335,6.979647908377731,0.012923464767624473,3.4372645755257394e-09,1.4210854715202004e-14,Radau,55885266c44ecbbfe86be622c6ebd08b77151ee6ef7dfd5c8bbc8d4250b58e50
C6_213_PKA_COMMON_capacity_upper_quartile_F1.25_onset100,3,wt,199.99999999999432,124.41792971981243,6.926147175173886,23.480344136623273,38.220076532196096,113.21826522490264,32.62804410177023,14.914841268908395,0.55,1.0,0.0013364212506772762,6.9796481374067305,0.012923464799868849,1.2578650686656508e-09,1.1726730697603216e-15,Radau,55885266c44ecbbfe86be622c6ebd08b77151ee6ef7dfd5c8bbc8d4250b58e50
C6_213_PKA_COMMON_capacity_upper_quartile_F1.25_onset100,3,ae2_knockout,0.0,118.71385167584978,5.604146387645467,30.551419393070418,27.975018891033155,117.04146482591051,47.18118122051111,17.98628946985274,0.05,0.0,0.0005334723176019372,7.0308310478881415,0.015964042509019755,0.0007098468918673853,4.5102810375396984e-17,Radau,55885266c44ecbbfe86be622c6ebd08b77151ee6ef7dfd5c8bbc8d4250b58e50
C6_213_PKA_COMMON_capacity_upper_quartile_F1.25_onset100,3,ae2_knockout,50.0,118.6827854196843,5.594838315444485,30.66906811731692,27.914049168548846,117.0655363459238,46.091136313892356,19.34573932200895,0.05,0.0,0.0005288582896849313,7.048416276076439,0.02204845667118654,4.02814951151335e-10,3.0574501264091225e-17,Radau,55885266c44ecbbfe86be622c6ebd08b77151ee6ef7dfd5c8bbc8d4250b58e50
C6_213_PKA_COMMON_capacity_upper_quartile_F1.25_onset100,3,ae2_knockout,100.0,118.682785419513,5.594838315408998,30.669068116371996,27.914049164806187,117.0655363494717,46.091136313760195,19.34573931945897,0.05,0.0,0.0005288582897039272,7.048416454015878,0.02204845665966617,1.844521376305462e-09,1.4210854715202004e-14,Radau,55885266c44ecbbfe86be622c6ebd08b77151ee6ef7dfd5c8bbc8d4250b58e50
C6_213_PKA_COMMON_capacity_upper_quartile_F1.25_onset100,3,ae2_knockout,100.0000001,118.68293275015814,5.594848975793175,30.66906811627708,27.914049177810767,117.06553100531899,46.09113152149359,19.345738780334493,0.55,1.0,0.0005290498427330937,7.048416438353892,0.0275605682796182,0.1473191255917603,2.842170943040401e-14,Radau,55885266c44ecbbfe86be622c6ebd08b77151ee6ef7dfd5c8bbc8d4250b58e50
C6_213_PKA_COMMON_capacity_upper_quartile_F1.25_onset100,3,ae2_knockout,149.99999999999716,124.31337332856064,6.906898048351804,23.880248195198703,37.779838384369256,113.54535349844541,31.82080029450064,17.34878579190593,0.55,1.0,0.001322272604390545,7.014441471194117,0.023135491159213387,1.0422904676383453e-09,1.108921982018174e-15,Radau,55885266c44ecbbfe86be622c6ebd08b77151ee6ef7dfd5c8bbc8d4250b58e50
C6_213_PKA_COMMON_capacity_upper_quartile_F1.25_onset100,3,ae2_knockout,199.99999999999432,124.3133733296125,6.906898048384376,23.880248195885958,37.77983838933293,113.54535349460897,31.820800294786142,17.348785795716672,0.55,1.0,0.0013222726043277584,7.014441340651731,0.023135491177362896,2.7689522224661836e-10,2.842170943040401e-14,Radau,55885266c44ecbbfe86be622c6ebd08b77151ee6ef7dfd5c8bbc8d4250b58e50
C6_213_PKA_COMMON_capacity_upper_quartile_F1.6_onset100,3,ae4_knockout,0.0,118.71385167584978,5.604146387645467,30.551419393070418,27.975018891033155,117.04146482591051,47.18118122051111,17.98628946985274,0.05,0.0,0.0005334723176019372,7.0308310478881415,0.0,0.0015675909165220477,4.5102810375396984e-17,Radau,55885266c44ecbbfe86be622c6ebd08b77151ee6ef7dfd5c8bbc8d4250b58e50
C6_213_PKA_COMMON_capacity_upper_quartile_F1.6_onset100,3,ae4_knockout,50.0,118.67638997021216,5.563776610423772,60.12236807709906,21.468997202766268,123.48861021009272,48.38602545874147,55.99598600866478,0.05,0.0,0.0005104341720523609,7.3613167977188345,0.0,1.5474170550645676e-05,7.105427357601002e-15,Radau,55885266c44ecbbfe86be622c6ebd08b77151ee6ef7dfd5c8bbc8d4250b58e50
C6_213_PKA_COMMON_capacity_upper_quartile_F1.6_onset100,3,ae4_knockout,100.0,118.59231964821497,5.5604179024375755,64.17915057888031,21.214747064565746,123.65371871153675,48.6845911084817,58.17307524728864,0.05,0.0,0.0005111403138773568,7.374224358711267,0.0,3.7700333173450304e-06,1.4210854715202004e-14,Radau,55885266c44ecbbfe86be622c6ebd08b77151ee6ef7dfd5c8bbc8d4250b58e50
C6_213_PKA_COMMON_capacity_upper_quartile_F1.6_onset100,3,ae4_knockout,100.0000001,118.59247906462494,5.560429437309588,64.17915058254961,21.214747064382845,123.65371604801545,48.68458844495746,58.1730752492818,0.55,1.0,0.0005113439828380256,7.3742243594417305,0.0,0.15940417338294305,1.4210854715202004e-14,Radau,55885266c44ecbbfe86be622c6ebd08b77151ee6ef7dfd5c8bbc8d4250b58e50
C6_213_PKA_COMMON_capacity_upper_quartile_F1.6_onset100,3,ae4_knockout,149.99999999999716,124.5784552484678,6.955453664651955,28.770215398399735,33.321812730298404,118.2900767934432,32.39618969622496,34.423087908079545,0.55,1.0,0.0013581224190416037,7.1984528456783226,0.0,1.8386251427579367e-08,2.842170943040401e-14,Radau,55885266c44ecbbfe86be622c6ebd08b77151ee6ef7dfd5c8bbc8d4250b58e50
C6_213_PKA_COMMON_capacity_upper_quartile_F1.6_onset100,3,ae4_knockout,199.99999999999432,124.57849346478115,6.955453947982729,28.76993690806469,33.321950234848586,118.2899804584281,32.39614037264792,34.42235761685397,0.55,1.0,0.0013581198878580723,7.198446426747656,0.0,2.580183627255728e-10,1.4210854715202004e-14,Radau,55885266c44ecbbfe86be622c6ebd08b77151ee6ef7dfd5c8bbc8d4250b58e50
C6_213_PKA_COMMON_capacity_upper_quartile_F1.6_onset100,3,wt,0.0,118.71385167584978,5.604146387645467,30.551419393070418,27.975018891033155,117.04146482591051,47.18118122051111,17.98628946985274,0.05,0.0,0.0005334723176019372,7.0308310478881415,0.015964042509019755,3.3797520899577934e-14,4.5102810375396984e-17,Radau,55885266c44ecbbfe86be622c6ebd08b77151ee6ef7dfd5c8bbc8d4250b58e50
C6_213_PKA_COMMON_capacity_upper_quartile_F1.6_onset100,3,wt,50.0,118.71385167586247,5.604146387645919,30.55141939303837,27.97501889104224,117.0414648259148,47.18118122048296,17.98628946980533,0.05,0.0,0.0005334723176069786,7.030831071939644,0.0159640425088449,1.892173955457207e-10,4.263256414560601e-14,Radau,55885266c44ecbbfe86be622c6ebd08b77151ee6ef7dfd5c8bbc8d4250b58e50
C6_213_PKA_COMMON_capacity_upper_quartile_F1.6_onset100,3,wt,100.0,118.71385167584938,5.6041463876454385,30.551419393052324,27.97501889103202,117.04146482591123,47.18118122051107,17.986289469805055,0.05,0.0,0.0005334723176019313,7.0308310479544,0.01596404250883265,5.608312187686895e-13,2.842170943040401e-14,Radau,55885266c44ecbbfe86be622c6ebd08b77151ee6ef7dfd5c8bbc8d4250b58e50
C6_213_PKA_COMMON_capacity_upper_quartile_F1.6_onset100,3,wt,100.0000001,118.71400052836356,5.604157158146881,30.551419392956337,27.975018949188325,117.04145922956445,47.18117662256751,17.986288529307345,0.55,1.0,0.0005336660253932986,7.030831047490596,0.025542463011492905,0.14884086211141867,2.842170943040401e-14,Radau,55885266c44ecbbfe86be622c6ebd08b77151ee6ef7dfd5c8bbc8d4250b58e50
C6_213_PKA_COMMON_capacity_upper_quartile_F1.6_onset100,3,wt,149.99999999999716,124.39990037886304,6.922837300324483,23.332262330405214,38.647262419381555,112.77157236124071,32.62511196396532,14.238879761415738,0.55,1.0,0.0013339825795174816,6.969185159561719,0.013637405583059007,3.767969190557184e-09,1.4210854715202004e-14,Radau,55885266c44ecbbfe86be622c6ebd08b77151ee6ef7dfd5c8bbc8d4250b58e50
C6_213_PKA_COMMON_capacity_upper_quartile_F1.6_onset100,3,wt,199.99999999999432,124.39990037866419,6.922837300267725,23.332262333030222,38.64726243269302,112.77157234771236,32.62511196547424,14.23887977135849,0.55,1.0,0.0013339825795659738,6.9691855416955955,0.013637405623063937,1.8496216127862178e-10,1.4210854715202004e-14,Radau,55885266c44ecbbfe86be622c6ebd08b77151ee6ef7dfd5c8bbc8d4250b58e50
C6_213_PKA_COMMON_capacity_upper_quartile_F1.6_onset100,3,ae2_knockout,0.0,118.71385167584978,5.604146387645467,30.551419393070418,27.975018891033155,117.04146482591051,47.18118122051111,17.98628946985274,0.05,0.0,0.0005334723176019372,7.0308310478881415,0.015964042509019755,0.0007098468918673853,4.5102810375396984e-17,Radau,55885266c44ecbbfe86be622c6ebd08b77151ee6ef7dfd5c8bbc8d4250b58e50
C6_213_PKA_COMMON_capacity_upper_quartile_F1.6_onset100,3,ae2_knockout,50.0,118.6827854196843,5.594838315444485,30.66906811731692,27.914049168548846,117.0655363459238,46.091136313892356,19.34573932200895,0.05,0.0,0.0005288582896849313,7.048416276076439,0.02204845667118654,4.02814951151335e-10,3.0574501264091225e-17,Radau,55885266c44ecbbfe86be622c6ebd08b77151ee6ef7dfd5c8bbc8d4250b58e50
C6_213_PKA_COMMON_capacity_upper_quartile_F1.6_onset100,3,ae2_knockout,100.0,118.682785419513,5.594838315408998,30.669068116371996,27.914049164806187,117.0655363494717,46.091136313760195,19.34573931945897,0.05,0.0,0.0005288582897039272,7.048416454015878,0.02204845665966617,1.844521376305462e-09,1.4210854715202004e-14,Radau,55885266c44ecbbfe86be622c6ebd08b77151ee6ef7dfd5c8bbc8d4250b58e50
C6_213_PKA_COMMON_capacity_upper_quartile_F1.6_onset100,3,ae2_knockout,100.0000001,118.68293275014125,5.594848975792388,30.66906811627692,27.914049195897796,117.06553073561246,46.0911320247341,19.34573802547415,0.55,1.0,0.0005290501342611819,7.0484164378019285,0.035277521583496584,0.14731909178769953,2.842170943040401e-14,Radau,55885266c44ecbbfe86be622c6ebd08b77151ee6ef7dfd5c8bbc8d4250b58e50
C6_213_PKA_COMMON_capacity_upper_quartile_F1.6_onset100,3,ae2_knockout,149.99999999999716,124.29420349865916,6.90335449152183,23.66048668666304,38.25150069455299,113.05292760297591,31.822022939049766,16.37796793737389,0.55,1.0,0.001319676890740119,7.000756021182723,0.024032281411160587,8.57829453554803e-10,1.4210854715202004e-14,Radau,55885266c44ecbbfe86be622c6ebd08b77151ee6ef7dfd5c8bbc8d4250b58e50
C6_213_PKA_COMMON_capacity_upper_quartile_F1.6_onset100,3,ae2_knockout,199.99999999999432,124.29420349863388,6.903354491518626,23.66048668665503,38.25150069472188,113.05292760276855,31.822022939022517,16.37796793734751,0.55,1.0,0.0013196768907313367,7.000755935246693,0.024032281411017594,6.116845160038945e-12,3.41740524767431e-16,Radau,55885266c44ecbbfe86be622c6ebd08b77151ee6ef7dfd5c8bbc8d4250b58e50
C6_213_PKA_COMMON_capacity_upper_quartile_F3_onset100,3,ae4_knockout,0.0,118.71385167584978,5.604146387645467,30.551419393070418,27.975018891033155,117.04146482591051,47.18118122051111,17.98628946985274,0.05,0.0,0.0005334723176019372,7.0308310478881415,0.0,0.0015675909165220477,4.5102810375396984e-17,Radau,55885266c44ecbbfe86be622c6ebd08b77151ee6ef7dfd5c8bbc8d4250b58e50
C6_213_PKA_COMMON_capacity_upper_quartile_F3_onset100,3,ae4_knockout,50.0,118.67638997021216,5.563776610423772,60.12236807709906,21.468997202766268,123.48861021009272,48.38602545874147,55.99598600866478,0.05,0.0,0.0005104341720523609,7.3613167977188345,0.0,1.5474170550645676e-05,7.105427357601002e-15,Radau,55885266c44ecbbfe86be622c6ebd08b77151ee6ef7dfd5c8bbc8d4250b58e50
C6_213_PKA_COMMON_capacity_upper_quartile_F3_onset100,3,ae4_knockout,100.0,118.59231964821497,5.5604179024375755,64.17915057888031,21.214747064565746,123.65371871153675,48.6845911084817,58.17307524728864,0.05,0.0,0.0005111403138773568,7.374224358711267,0.0,3.7700333173450304e-06,1.4210854715202004e-14,Radau,55885266c44ecbbfe86be622c6ebd08b77151ee6ef7dfd5c8bbc8d4250b58e50
C6_213_PKA_COMMON_capacity_upper_quartile_F3_onset100,3,ae4_knockout,100.0000001,118.59247906462494,5.560429437309588,64.17915058254961,21.214747064382845,123.65371604801545,48.68458844495746,58.1730752492818,0.55,1.0,0.0005113439828380256,7.3742243594417305,0.0,0.15940417338294305,1.4210854715202004e-14,Radau,55885266c44ecbbfe86be622c6ebd08b77151ee6ef7dfd5c8bbc8d4250b58e50
C6_213_PKA_COMMON_capacity_upper_quartile_F3_onset100,3,ae4_knockout,149.99999999999716,124.5784552484678,6.955453664651955,28.770215398399735,33.321812730298404,118.2900767934432,32.39618969622496,34.423087908079545,0.55,1.0,0.0013581224190416037,7.1984528456783226,0.0,1.8386251427579367e-08,2.842170943040401e-14,Radau,55885266c44ecbbfe86be622c6ebd08b77151ee6ef7dfd5c8bbc8d4250b58e50
C6_213_PKA_COMMON_capacity_upper_quartile_F3_onset100,3,ae4_knockout,199.99999999999432,124.57849346478115,6.955453947982729,28.76993690806469,33.321950234848586,118.2899804584281,32.39614037264792,34.42235761685397,0.55,1.0,0.0013581198878580723,7.198446426747656,0.0,2.580183627255728e-10,1.4210854715202004e-14,Radau,55885266c44ecbbfe86be622c6ebd08b77151ee6ef7dfd5c8bbc8d4250b58e50
C6_213_PKA_COMMON_capacity_upper_quartile_F3_onset100,3,wt,0.0,118.71385167584978,5.604146387645467,30.551419393070418,27.975018891033155,117.04146482591051,47.18118122051111,17.98628946985274,0.05,0.0,0.0005334723176019372,7.0308310478881415,0.015964042509019755,3.3797520899577934e-14,4.5102810375396984e-17,Radau,55885266c44ecbbfe86be622c6ebd08b77151ee6ef7dfd5c8bbc8d4250b58e50
C6_213_PKA_COMMON_capacity_upper_quartile_F3_onset100,3,wt,50.0,118.71385167586247,5.604146387645919,30.55141939303837,27.97501889104224,117.0414648259148,47.18118122048296,17.98628946980533,0.05,0.0,0.0005334723176069786,7.030831071939644,0.0159640425088449,1.892173955457207e-10,4.263256414560601e-14,Radau,55885266c44ecbbfe86be622c6ebd08b77151ee6ef7dfd5c8bbc8d4250b58e50
C6_213_PKA_COMMON_capacity_upper_quartile_F3_onset100,3,wt,100.0,118.71385167584938,5.6041463876454385,30.551419393052324,27.97501889103202,117.04146482591123,47.18118122051107,17.986289469805055,0.05,0.0,0.0005334723176019313,7.0308310479544,0.01596404250883265,5.608312187686895e-13,2.842170943040401e-14,Radau,55885266c44ecbbfe86be622c6ebd08b77151ee6ef7dfd5c8bbc8d4250b58e50
C6_213_PKA_COMMON_capacity_upper_quartile_F3_onset100,3,wt,100.0000001,118.71400052831433,5.604157158144585,30.55141939295587,27.975019084680923,117.04145836253197,47.18117808565172,17.98628633468226,0.55,1.0,0.0005336668729603589,7.030831046496733,0.04789209054903856,0.1488407636767372,8.066464163292153e-16,Radau,55885266c44ecbbfe86be622c6ebd08b77151ee6ef7dfd5c8bbc8d4250b58e50
C6_213_PKA_COMMON_capacity_upper_quartile_F3_onset100,3,wt,149.99999999999716,124.33852267791823,6.911540157966634,23.008562494248164,39.95293579176134,111.39946699223607,32.5782516986831,12.748365294605598,0.55,1.0,0.0013256772091065358,6.944832508827183,0.015297047864836566,3.500541954756187e-10,2.842170943040401e-14,Radau,55885266c44ecbbfe86be622c6ebd08b77151ee6ef7dfd5c8bbc8d4250b58e50
C6_213_PKA_COMMON_capacity_upper_quartile_F3_onset100,3,wt,199.99999999999432,124.33852267792516,6.911540157967515,23.008562494245055,39.95293579172552,111.39946699227482,32.57825169868942,12.74836529459761,0.55,1.0,0.0013256772091021544,6.944832471648577,0.01529704786478421,1.4810685605127922e-11,1.4210854715202004e-14,Radau,55885266c44ecbbfe86be622c6ebd08b77151ee6ef7dfd5c8bbc8d4250b58e50
C6_213_PKA_COMMON_capacity_upper_quartile_F3_onset100,3,ae2_knockout,0.0,118.71385167584978,5.604146387645467,30.551419393070418,27.975018891033155,117.04146482591051,47.18118122051111,17.98628946985274,0.05,0.0,0.0005334723176019372,7.0308310478881415,0.015964042509019755,0.0007098468918673853,4.5102810375396984e-17,Radau,55885266c44ecbbfe86be622c6ebd08b77151ee6ef7dfd5c8bbc8d4250b58e50
C6_213_PKA_COMMON_capacity_upper_quartile_F3_onset100,3,ae2_knockout,50.0,118.6827854196843,5.594838315444485,30.66906811731692,27.914049168548846,117.0655363459238,46.091136313892356,19.34573932200895,0.05,0.0,0.0005288582896849313,7.048416276076439,0.02204845667118654,4.02814951151335e-10,3.0574501264091225e-17,Radau,55885266c44ecbbfe86be622c6ebd08b77151ee6ef7dfd5c8bbc8d4250b58e50
C6_213_PKA_COMMON_capacity_upper_quartile_F3_onset100,3,ae2_knockout,100.0,118.682785419513,5.594838315408998,30.669068116371996,27.914049164806187,117.0655363494717,46.091136313760195,19.34573931945897,0.05,0.0,0.0005288582897039272,7.048416454015878,0.02204845665966617,1.844521376305462e-09,1.4210854715202004e-14,Radau,55885266c44ecbbfe86be622c6ebd08b77151ee6ef7dfd5c8bbc8d4250b58e50
C6_213_PKA_COMMON_capacity_upper_quartile_F3_onset100,3,ae2_knockout,100.0000001,118.68293275007363,5.594848975789241,30.669068116276286,27.914049268246004,117.06552965678671,46.09113403769528,19.345735006034037,0.55,1.0,0.0005290513003731762,7.0484164366290045,0.06614530936097214,0.14731895657149735,1.4210854715202004e-14,Radau,55885266c44ecbbfe86be622c6ebd08b77151ee6ef7dfd5c8bbc8d4250b58e50
C6_213_PKA_COMMON_capacity_upper_quartile_F3_onset100,3,ae2_knockout,149.99999999999716,124.2307288919955,6.891589136683579,23.190996690447466,39.65970985173171,111.5759403093572,31.789508463708003,14.254412703248434,0.55,1.0,0.0013110783753548768,6.96878775859308,0.026177023477967035,1.6546474031323518e-11,1.4210854715202004e-14,Radau,55885266c44ecbbfe86be622c6ebd08b77151ee6ef7dfd5c8bbc8d4250b58e50
C6_213_PKA_COMMON_capacity_upper_quartile_F3_onset100,3,ae2_knockout,199.99999999999432,124.23072889199595,6.891589136683646,23.190996690448316,39.659709851723846,111.57594030936534,31.789508463709875,14.25441270325026,0.55,1.0,0.0013110783753556173,6.968787760373629,0.026177023477980028,3.1902044253658773e-13,1.5223282703868968e-15,Radau,55885266c44ecbbfe86be622c6ebd08b77151ee6ef7dfd5c8bbc8d4250b58e50
C6_213_PKA_COMMON_capacity_upper_quartile_F10_onset100,3,ae4_knockout,0.0,118.71385167584978,5.604146387645467,30.551419393070418,27.975018891033155,117.04146482591051,47.18118122051111,17.98628946985274,0.05,0.0,0.0005334723176019372,7.0308310478881415,0.0,0.0015675909165220477,4.5102810375396984e-17,Radau,55885266c44ecbbfe86be622c6ebd08b77151ee6ef7dfd5c8bbc8d4250b58e50
C6_213_PKA_COMMON_capacity_upper_quartile_F10_onset100,3,ae4_knockout,50.0,118.67638997021216,5.563776610423772,60.12236807709906,21.468997202766268,123.48861021009272,48.38602545874147,55.99598600866478,0.05,0.0,0.0005104341720523609,7.3613167977188345,0.0,1.5474170550645676e-05,7.105427357601002e-15,Radau,55885266c44ecbbfe86be622c6ebd08b77151ee6ef7dfd5c8bbc8d4250b58e50
C6_213_PKA_COMMON_capacity_upper_quartile_F10_onset100,3,ae4_knockout,100.0,118.59231964821497,5.5604179024375755,64.17915057888031,21.214747064565746,123.65371871153675,48.6845911084817,58.17307524728864,0.05,0.0,0.0005111403138773568,7.374224358711267,0.0,3.7700333173450304e-06,1.4210854715202004e-14,Radau,55885266c44ecbbfe86be622c6ebd08b77151ee6ef7dfd5c8bbc8d4250b58e50
C6_213_PKA_COMMON_capacity_upper_quartile_F10_onset100,3,ae4_knockout,100.0000001,118.59247906462494,5.560429437309588,64.17915058254961,21.214747064382845,123.65371604801545,48.68458844495746,58.1730752492818,0.55,1.0,0.0005113439828380256,7.3742243594417305,0.0,0.15940417338294305,1.4210854715202004e-14,Radau,55885266c44ecbbfe86be622c6ebd08b77151ee6ef7dfd5c8bbc8d4250b58e50
C6_213_PKA_COMMON_capacity_upper_quartile_F10_onset100,3,ae4_knockout,149.99999999999716,124.5784552484678,6.955453664651955,28.770215398399735,33.321812730298404,118.2900767934432,32.39618969622496,34.423087908079545,0.55,1.0,0.0013581224190416037,7.1984528456783226,0.0,1.8386251427579367e-08,2.842170943040401e-14,Radau,55885266c44ecbbfe86be622c6ebd08b77151ee6ef7dfd5c8bbc8d4250b58e50
C6_213_PKA_COMMON_capacity_upper_quartile_F10_onset100,3,ae4_knockout,199.99999999999432,124.57849346478115,6.955453947982729,28.76993690806469,33.321950234848586,118.2899804584281,32.39614037264792,34.42235761685397,0.55,1.0,0.0013581198878580723,7.198446426747656,0.0,2.580183627255728e-10,1.4210854715202004e-14,Radau,55885266c44ecbbfe86be622c6ebd08b77151ee6ef7dfd5c8bbc8d4250b58e50
C6_213_PKA_COMMON_capacity_upper_quartile_F10_onset100,3,wt,0.0,118.71385167584978,5.604146387645467,30.551419393070418,27.975018891033155,117.04146482591051,47.18118122051111,17.98628946985274,0.05,0.0,0.0005334723176019372,7.0308310478881415,0.015964042509019755,3.3797520899577934e-14,4.5102810375396984e-17,Radau,55885266c44ecbbfe86be622c6ebd08b77151ee6ef7dfd5c8bbc8d4250b58e50
C6_213_PKA_COMMON_capacity_upper_quartile_F10_onset100,3,wt,50.0,118.71385167586247,5.604146387645919,30.55141939303837,27.97501889104224,117.0414648259148,47.18118122048296,17.98628946980533,0.05,0.0,0.0005334723176069786,7.030831071939644,0.0159640425088449,1.892173955457207e-10,4.263256414560601e-14,Radau,55885266c44ecbbfe86be622c6ebd08b77151ee6ef7dfd5c8bbc8d4250b58e50
C6_213_PKA_COMMON_capacity_upper_quartile_F10_onset100,3,wt,100.0,118.71385167584938,5.6041463876454385,30.551419393052324,27.97501889103202,117.04146482591123,47.18118122051107,17.986289469805055,0.05,0.0,0.0005334723176019313,7.0308310479544,0.01596404250883265,5.608312187686895e-13,2.842170943040401e-14,Radau,55885266c44ecbbfe86be622c6ebd08b77151ee6ef7dfd5c8bbc8d4250b58e50
C6_213_PKA_COMMON_capacity_upper_quartile_F10_onset100,3,wt,100.0000001,118.71400052806823,5.6041571581331056,30.55141939295355,27.97501976214531,117.04145402737457,47.181185401060105,17.986275361575807,0.55,1.0,0.0005336711107883025,7.030831041858702,0.15963984187273988,0.14884027150418155,2.842170943040401e-14,Radau,55885266c44ecbbfe86be622c6ebd08b77151ee6ef7dfd5c8bbc8d4250b58e50
C6_213_PKA_COMMON_capacity_upper_quartile_F10_onset100,3,wt,149.99999999999716,124.08938373640824,6.865211175019164,22.5722008200441,44.4213562254307,106.66097673001318,32.20677105310762,10.80011252069734,0.55,1.0,0.00129191077110322,6.908949524974587,0.017505621687532977,2.9271691751053262e-09,2.842170943040401e-14,Radau,55885266c44ecbbfe86be622c6ebd08b77151ee6ef7dfd5c8bbc8d4250b58e50
C6_213_PKA_COMMON_capacity_upper_quartile_F10_onset100,3,wt,199.99999999999432,124.08938373590132,6.865211174879058,22.572200822975592,44.42135626413275,106.6609766907706,32.20677105857451,10.80011252863093,0.55,1.0,0.0012919107710709923,6.90894985937028,0.01750562179068859,5.956727810815939e-10,1.4210854715202004e-14,Radau,55885266c44ecbbfe86be622c6ebd08b77151ee6ef7dfd5c8bbc8d4250b58e50
C6_213_PKA_COMMON_capacity_near_upper_boundary_F1_onset100,3,ae4_knockout,0.0,118.71928486367847,5.605771079695614,30.352688330008146,28.234087755245802,116.78884545304514,47.1003421851453,17.55077560293814,0.05,0.0,0.0005342789007985894,7.024783880290988,0.0,0.001611927600983624,3.469446951953614e-17,Radau,55885266c44ecbbfe86be622c6ebd08b77151ee6ef7dfd5c8bbc8d4250b58e50
C6_213_PKA_COMMON_capacity_near_upper_boundary_F1_onset100,3,ae4_knockout,50.0,118.67657507128966,5.563784048977002,60.114242610880694,21.469553591034355,123.48825010794248,48.38537604407226,55.99134722183052,0.05,0.0,0.0005104326460325797,7.361288860266926,0.0,1.5499914050839665e-05,2.842170943040401e-14,Radau,55885266c44ecbbfe86be622c6ebd08b77151ee6ef7dfd5c8bbc8d4250b58e50
C6_213_PKA_COMMON_capacity_near_upper_boundary_F1_onset100,3,ae4_knockout,100.0,118.59235697012448,5.560419384513197,64.17717122007339,21.214860639109222,123.65364470625464,48.6844569244432,58.17207666693121,0.05,0.0,0.0005111399944834831,7.374218534613994,0.0,3.7752345596657683e-06,2.1316282072803006e-14,Radau,55885266c44ecbbfe86be622c6ebd08b77151ee6ef7dfd5c8bbc8d4250b58e50
C6_213_PKA_COMMON_capacity_near_upper_boundary_F1_onset100,3,ae4_knockout,100.0000001,118.592516386191,5.5604309193603605,64.17717122374789,21.214860638925995,123.65364204265713,48.68445426084293,58.172076668927154,0.55,1.0,0.0005113436631006428,7.374218534760085,0.0,0.15940382993524596,2.903927098785175e-15,Radau,55885266c44ecbbfe86be622c6ebd08b77151ee6ef7dfd5c8bbc8d4250b58e50
C6_213_PKA_COMMON_capacity_near_upper_boundary_F1_onset100,3,ae4_knockout,149.99999999999716,124.57845521365721,6.955453663408528,28.770215292368754,33.32181267559863,118.29007681025135,32.39618971321198,34.42308754108087,0.55,1.0,0.0013581224203235522,7.198450249751452,0.0,4.6537469148024145e-08,1.1934897514720433e-15,Radau,55885266c44ecbbfe86be622c6ebd08b77151ee6ef7dfd5c8bbc8d4250b58e50
C6_213_PKA_COMMON_capacity_near_upper_boundary_F1_onset100,3,ae4_knockout,199.99999999999432,124.57849346134992,6.955453947928187,28.769936888155044,33.32195022440032,118.28998046516105,32.39614037636792,34.42235755081368,0.55,1.0,0.0013581198880100525,7.198445914859125,0.0,5.294621623127743e-09,2.9906632725840154e-15,Radau,55885266c44ecbbfe86be622c6ebd08b77151ee6ef7dfd5c8bbc8d4250b58e50
C6_213_PKA_COMMON_capacity_near_upper_boundary_F1_onset100,3,wt,0.0,118.71928486367847,5.605771079695614,30.352688330008146,28.234087755245802,116.78884545304514,47.1003421851453,17.55077560293814,0.05,0.0,0.0005342789007985894,7.024783880290988,0.016308778693567477,1.5390232090551427e-13,3.469446951953614e-17,Radau,55885266c44ecbbfe86be622c6ebd08b77151ee6ef7dfd5c8bbc8d4250b58e50
C6_213_PKA_COMMON_capacity_near_upper_boundary_F1_onset100,3,wt,50.0,118.71928486367707,5.605771079696606,30.35268832999142,28.23408775537288,116.78884545291591,47.100342185162546,17.55077560287459,0.05,0.0,0.0005342789008004566,7.0247838795068915,0.016308778693289158,6.018755424208181e-12,1.4210854715202004e-14,Radau,55885266c44ecbbfe86be622c6ebd08b77151ee6ef7dfd5c8bbc8d4250b58e50
C6_213_PKA_COMMON_capacity_near_upper_boundary_F1_onset100,3,wt,100.0,118.7192848636734,5.605771079695552,30.352688329957708,28.234087755260045,116.78884545302557,47.10034218515244,17.550775602792083,0.05,0.0,0.000534278900798757,7.024783880356329,0.016308778692942578,6.846812838565099e-13,1.4210854715202004e-14,Radau,55885266c44ecbbfe86be622c6ebd08b77151ee6ef7dfd5c8bbc8d4250b58e50
C6_213_PKA_COMMON_capacity_near_upper_boundary_F1_onset100,3,wt,100.0000001,118.71943326378627,5.6057818174620575,30.352688329862186,28.23408775534926,116.78884021003896,47.100336941947,17.5507756028472,0.55,1.0,0.000534471697211546,7.024783880356329,0.01630877969147308,0.1483885142903732,1.1796119636642288e-15,Radau,55885266c44ecbbfe86be622c6ebd08b77151ee6ef7dfd5c8bbc8d4250b58e50
C6_213_PKA_COMMON_capacity_near_upper_boundary_F1_onset100,3,wt,149.99999999999716,124.42409640805161,6.927278381797351,23.539423890911657,38.06790359175563,113.37710955647381,32.62753102907218,15.182784080244723,0.55,1.0,0.001337255263782143,6.983707639856419,0.012647522269554312,1.7156242546965944e-09,1.4210854715202004e-14,Radau,55885266c44ecbbfe86be622c6ebd08b77151ee6ef7dfd5c8bbc8d4250b58e50
C6_213_PKA_COMMON_capacity_near_upper_boundary_F1_onset100,3,wt,199.99999999999432,124.42409640802396,6.927278381800558,23.539423890880304,38.067903591741384,113.37710955647471,32.62753102906479,15.18278408009563,0.55,1.0,0.0013372552637741285,6.983707661197018,0.012647522269060973,1.5105487696242127e-09,4.263256414560601e-14,Radau,55885266c44ecbbfe86be622c6ebd08b77151ee6ef7dfd5c8bbc8d4250b58e50
C6_213_PKA_COMMON_capacity_near_upper_boundary_F1_onset100,3,ae2_knockout,0.0,118.71928486367847,5.605771079695614,30.352688330008146,28.234087755245802,116.78884545304514,47.1003421851453,17.55077560293814,0.05,0.0,0.0005342789007985894,7.024783880290988,0.016308778693567477,0.000716632667013685,3.469446951953614e-17,Radau,55885266c44ecbbfe86be622c6ebd08b77151ee6ef7dfd5c8bbc8d4250b58e50
C6_213_PKA_COMMON_capacity_near_upper_boundary_F1_onset100,3,ae2_knockout,50.0,118.68848813489771,5.596549300987027,30.432920390230905,28.182763316211123,116.80359674202707,46.01170597453664,18.814724210851114,0.05,0.0,0.0005297055365178488,7.041402842546938,0.022465824758565376,3.3631568408204596e-11,2.842170943040401e-14,Radau,55885266c44ecbbfe86be622c6ebd08b77151ee6ef7dfd5c8bbc8d4250b58e50
C6_213_PKA_COMMON_capacity_near_upper_boundary_F1_onset100,3,ae2_knockout,100.0,118.68848813480851,5.59654930096674,30.43292038980998,28.182763314251694,116.80359674392004,46.011705974428644,18.814724209608833,0.05,0.0,0.0005297055366391032,7.041403679091299,0.02246582475254494,6.77808781121244e-09,1.4210854715202004e-14,Radau,55885266c44ecbbfe86be622c6ebd08b77151ee6ef7dfd5c8bbc8d4250b58e50
C6_213_PKA_COMMON_capacity_near_upper_boundary_F1_onset100,3,ae2_knockout,100.0000001,118.68863499990012,5.596559927664558,30.432920389715456,28.182763314334377,116.80359156884543,46.01170079913458,18.814724209673784,0.55,1.0,0.0005298963229492759,7.0414036226744035,0.022465825486157547,0.14685361709356137,1.4210854715202004e-14,Radau,55885266c44ecbbfe86be622c6ebd08b77151ee6ef7dfd5c8bbc8d4250b58e50
C6_213_PKA_COMMON_capacity_near_upper_boundary_F1_onset100,3,ae2_knockout,149.99999999999716,124.3200066743539,6.908123187228682,23.968934667654327,37.61045805011284,113.72191783354478,31.81890650682973,17.735844530739094,0.55,1.0,0.001323170681804144,7.019755138172925,0.02279128875688331,4.84045315528146e-10,1.7529380724745636e-15,Radau,55885266c44ecbbfe86be622c6ebd08b77151ee6ef7dfd5c8bbc8d4250b58e50
C6_213_PKA_COMMON_capacity_near_upper_boundary_F1_onset100,3,ae2_knockout,199.99999999999432,124.32000667434819,6.908123187230205,23.968934667580335,37.6104580496307,113.72191783402486,31.818906506803593,17.735844530440882,0.55,1.0,0.0013231706818096808,7.019755175053338,0.022791288755547746,1.0978180969716671e-10,1.4210854715202004e-14,Radau,55885266c44ecbbfe86be622c6ebd08b77151ee6ef7dfd5c8bbc8d4250b58e50
C6_213_PKA_COMMON_capacity_near_upper_boundary_F1.25_onset100,3,ae4_knockout,0.0,118.71928486367847,5.605771079695614,30.352688330008146,28.234087755245802,116.78884545304514,47.1003421851453,17.55077560293814,0.05,0.0,0.0005342789007985894,7.024783880290988,0.0,0.001611927600983624,3.469446951953614e-17,Radau,55885266c44ecbbfe86be622c6ebd08b77151ee6ef7dfd5c8bbc8d4250b58e50
C6_213_PKA_COMMON_capacity_near_upper_boundary_F1.25_onset100,3,ae4_knockout,50.0,118.67657507128966,5.563784048977002,60.114242610880694,21.469553591034355,123.48825010794248,48.38537604407226,55.99134722183052,0.05,0.0,0.0005104326460325797,7.361288860266926,0.0,1.5499914050839665e-05,2.842170943040401e-14,Radau,55885266c44ecbbfe86be622c6ebd08b77151ee6ef7dfd5c8bbc8d4250b58e50
C6_213_PKA_COMMON_capacity_near_upper_boundary_F1.25_onset100,3,ae4_knockout,100.0,118.59235697012448,5.560419384513197,64.17717122007339,21.214860639109222,123.65364470625464,48.6844569244432,58.17207666693121,0.05,0.0,0.0005111399944834831,7.374218534613994,0.0,3.7752345596657683e-06,2.1316282072803006e-14,Radau,55885266c44ecbbfe86be622c6ebd08b77151ee6ef7dfd5c8bbc8d4250b58e50
C6_213_PKA_COMMON_capacity_near_upper_boundary_F1.25_onset100,3,ae4_knockout,100.0000001,118.592516386191,5.5604309193603605,64.17717122374789,21.214860638925995,123.65364204265713,48.68445426084293,58.172076668927154,0.55,1.0,0.0005113436631006428,7.374218534760085,0.0,0.15940382993524596,2.903927098785175e-15,Radau,55885266c44ecbbfe86be622c6ebd08b77151ee6ef7dfd5c8bbc8d4250b58e50
C6_213_PKA_COMMON_capacity_near_upper_boundary_F1.25_onset100,3,ae4_knockout,149.99999999999716,124.57845521365721,6.955453663408528,28.770215292368754,33.32181267559863,118.29007681025135,32.39618971321198,34.42308754108087,0.55,1.0,0.0013581224203235522,7.198450249751452,0.0,4.6537469148024145e-08,1.1934897514720433e-15,Radau,55885266c44ecbbfe86be622c6ebd08b77151ee6ef7dfd5c8bbc8d4250b58e50
C6_213_PKA_COMMON_capacity_near_upper_boundary_F1.25_onset100,3,ae4_knockout,199.99999999999432,124.57849346134992,6.955453947928187,28.769936888155044,33.32195022440032,118.28998046516105,32.39614037636792,34.42235755081368,0.55,1.0,0.0013581198880100525,7.198445914859125,0.0,5.294621623127743e-09,2.9906632725840154e-15,Radau,55885266c44ecbbfe86be622c6ebd08b77151ee6ef7dfd5c8bbc8d4250b58e50
C6_213_PKA_COMMON_capacity_near_upper_boundary_F1.25_onset100,3,wt,0.0,118.71928486367847,5.605771079695614,30.352688330008146,28.234087755245802,116.78884545304514,47.1003421851453,17.55077560293814,0.05,0.0,0.0005342789007985894,7.024783880290988,0.016308778693567477,1.5390232090551427e-13,3.469446951953614e-17,Radau,55885266c44ecbbfe86be622c6ebd08b77151ee6ef7dfd5c8bbc8d4250b58e50
C6_213_PKA_COMMON_capacity_near_upper_boundary_F1.25_onset100,3,wt,50.0,118.71928486367707,5.605771079696606,30.35268832999142,28.23408775537288,116.78884545291591,47.100342185162546,17.55077560287459,0.05,0.0,0.0005342789008004566,7.0247838795068915,0.016308778693289158,6.018755424208181e-12,1.4210854715202004e-14,Radau,55885266c44ecbbfe86be622c6ebd08b77151ee6ef7dfd5c8bbc8d4250b58e50
C6_213_PKA_COMMON_capacity_near_upper_boundary_F1.25_onset100,3,wt,100.0,118.7192848636734,5.605771079695552,30.352688329957708,28.234087755260045,116.78884545302557,47.10034218515244,17.550775602792083,0.05,0.0,0.000534278900798757,7.024783880356329,0.016308778692942578,6.846812838565099e-13,1.4210854715202004e-14,Radau,55885266c44ecbbfe86be622c6ebd08b77151ee6ef7dfd5c8bbc8d4250b58e50
C6_213_PKA_COMMON_capacity_near_upper_boundary_F1.25_onset100,3,wt,100.0000001,118.71943326377723,5.605781817461636,30.3526883298621,28.23408778536539,116.78884004569592,47.1003372106016,17.550775199865516,0.55,1.0,0.0005344718528435874,7.024783880094963,0.02038597231999851,0.1483884962115753,1.4210854715202004e-14,Radau,55885266c44ecbbfe86be622c6ebd08b77151ee6ef7dfd5c8bbc8d4250b58e50
C6_213_PKA_COMMON_capacity_near_upper_boundary_F1.25_onset100,3,wt,149.99999999999716,124.4087654615607,6.9244652621761755,23.400855348750547,38.44035805032343,112.98806875652151,32.62734019307949,14.552715751353348,0.55,1.0,0.0013351817376009794,6.974084133237379,0.013302770142152805,3.1756681997872213e-09,1.4210854715202004e-14,Radau,55885266c44ecbbfe86be622c6ebd08b77151ee6ef7dfd5c8bbc8d4250b58e50
C6_213_PKA_COMMON_capacity_near_upper_boundary_F1.25_onset100,3,wt,199.99999999999432,124.40876546162504,6.924465262171453,23.40085534704556,38.4403580453907,112.98806876146601,32.627340191557835,14.55271574541543,0.55,1.0,0.0013351817375299453,6.974083625078144,0.01330277012009294,1.6314321169930195e-09,1.4210854715202004e-14,Radau,55885266c44ecbbfe86be622c6ebd08b77151ee6ef7dfd5c8bbc8d4250b58e50
C6_213_PKA_COMMON_capacity_near_upper_boundary_F1.25_onset100,3,ae2_knockout,0.0,118.71928486367847,5.605771079695614,30.352688330008146,28.234087755245802,116.78884545304514,47.1003421851453,17.55077560293814,0.05,0.0,0.0005342789007985894,7.024783880290988,0.016308778693567477,0.000716632667013685,3.469446951953614e-17,Radau,55885266c44ecbbfe86be622c6ebd08b77151ee6ef7dfd5c8bbc8d4250b58e50
C6_213_PKA_COMMON_capacity_near_upper_boundary_F1.25_onset100,3,ae2_knockout,50.0,118.68848813489771,5.596549300987027,30.432920390230905,28.182763316211123,116.80359674202707,46.01170597453664,18.814724210851114,0.05,0.0,0.0005297055365178488,7.041402842546938,0.022465824758565376,3.3631568408204596e-11,2.842170943040401e-14,Radau,55885266c44ecbbfe86be622c6ebd08b77151ee6ef7dfd5c8bbc8d4250b58e50
C6_213_PKA_COMMON_capacity_near_upper_boundary_F1.25_onset100,3,ae2_knockout,100.0,118.68848813480851,5.59654930096674,30.43292038980998,28.182763314251694,116.80359674392004,46.011705974428644,18.814724209608833,0.05,0.0,0.0005297055366391032,7.041403679091299,0.02246582475254494,6.77808781121244e-09,1.4210854715202004e-14,Radau,55885266c44ecbbfe86be622c6ebd08b77151ee6ef7dfd5c8bbc8d4250b58e50
C6_213_PKA_COMMON_capacity_near_upper_boundary_F1.25_onset100,3,ae2_knockout,100.0000001,118.68863499988774,5.59655992766398,30.43292038971534,28.182763332500894,116.80359136612748,46.01170116823855,18.81472365601812,0.55,1.0,0.0005298965367719168,7.041403622606513,0.0280822782618943,0.14685359229589634,4.787836793695988e-16,Radau,55885266c44ecbbfe86be622c6ebd08b77151ee6ef7dfd5c8bbc8d4250b58e50
C6_213_PKA_COMMON_capacity_near_upper_boundary_F1.25_onset100,3,ae2_knockout,149.99999999999716,124.30359040526756,6.9050902264954575,23.761849953371733,38.02375235414105,113.29084371474919,31.82219066390331,16.8277897146921,0.55,1.0,0.0013209479998846625,7.007162443550021,0.023610661761790726,3.066845756658513e-10,1.4210854715202004e-14,Radau,55885266c44ecbbfe86be622c6ebd08b77151ee6ef7dfd5c8bbc8d4250b58e50
C6_213_PKA_COMMON_capacity_near_upper_boundary_F1.25_onset100,3,ae2_knockout,199.99999999999432,124.30359040523768,6.905090226497268,23.76184995331093,38.02375235354424,113.29084371531528,31.822190663885046,16.827789714409953,0.55,1.0,0.001320947999894341,7.00716247429421,0.023610661760363905,7.601032347093188e-13,1.1041514924592377e-15,Radau,55885266c44ecbbfe86be622c6ebd08b77151ee6ef7dfd5c8bbc8d4250b58e50
C6_213_PKA_COMMON_capacity_near_upper_boundary_F1.6_onset100,3,ae4_knockout,0.0,118.71928486367847,5.605771079695614,30.352688330008146,28.234087755245802,116.78884545304514,47.1003421851453,17.55077560293814,0.05,0.0,0.0005342789007985894,7.024783880290988,0.0,0.001611927600983624,3.469446951953614e-17,Radau,55885266c44ecbbfe86be622c6ebd08b77151ee6ef7dfd5c8bbc8d4250b58e50
C6_213_PKA_COMMON_capacity_near_upper_boundary_F1.6_onset100,3,ae4_knockout,50.0,118.67657507128966,5.563784048977002,60.114242610880694,21.469553591034355,123.48825010794248,48.38537604407226,55.99134722183052,0.05,0.0,0.0005104326460325797,7.361288860266926,0.0,1.5499914050839665e-05,2.842170943040401e-14,Radau,55885266c44ecbbfe86be622c6ebd08b77151ee6ef7dfd5c8bbc8d4250b58e50
C6_213_PKA_COMMON_capacity_near_upper_boundary_F1.6_onset100,3,ae4_knockout,100.0,118.59235697012448,5.560419384513197,64.17717122007339,21.214860639109222,123.65364470625464,48.6844569244432,58.17207666693121,0.05,0.0,0.0005111399944834831,7.374218534613994,0.0,3.7752345596657683e-06,2.1316282072803006e-14,Radau,55885266c44ecbbfe86be622c6ebd08b77151ee6ef7dfd5c8bbc8d4250b58e50
C6_213_PKA_COMMON_capacity_near_upper_boundary_F1.6_onset100,3,ae4_knockout,100.0000001,118.592516386191,5.5604309193603605,64.17717122374789,21.214860638925995,123.65364204265713,48.68445426084293,58.172076668927154,0.55,1.0,0.0005113436631006428,7.374218534760085,0.0,0.15940382993524596,2.903927098785175e-15,Radau,55885266c44ecbbfe86be622c6ebd08b77151ee6ef7dfd5c8bbc8d4250b58e50
C6_213_PKA_COMMON_capacity_near_upper_boundary_F1.6_onset100,3,ae4_knockout,149.99999999999716,124.57845521365721,6.955453663408528,28.770215292368754,33.32181267559863,118.29007681025135,32.39618971321198,34.42308754108087,0.55,1.0,0.0013581224203235522,7.198450249751452,0.0,4.6537469148024145e-08,1.1934897514720433e-15,Radau,55885266c44ecbbfe86be622c6ebd08b77151ee6ef7dfd5c8bbc8d4250b58e50
C6_213_PKA_COMMON_capacity_near_upper_boundary_F1.6_onset100,3,ae4_knockout,199.99999999999432,124.57849346134992,6.955453947928187,28.769936888155044,33.32195022440032,118.28998046516105,32.39614037636792,34.42235755081368,0.55,1.0,0.0013581198880100525,7.198445914859125,0.0,5.294621623127743e-09,2.9906632725840154e-15,Radau,55885266c44ecbbfe86be622c6ebd08b77151ee6ef7dfd5c8bbc8d4250b58e50
C6_213_PKA_COMMON_capacity_near_upper_boundary_F1.6_onset100,3,wt,0.0,118.71928486367847,5.605771079695614,30.352688330008146,28.234087755245802,116.78884545304514,47.1003421851453,17.55077560293814,0.05,0.0,0.0005342789007985894,7.024783880290988,0.016308778693567477,1.5390232090551427e-13,3.469446951953614e-17,Radau,55885266c44ecbbfe86be622c6ebd08b77151ee6ef7dfd5c8bbc8d4250b58e50
C6_213_PKA_COMMON_capacity_near_upper_boundary_F1.6_onset100,3,wt,50.0,118.71928486367707,5.605771079696606,30.35268832999142,28.23408775537288,116.78884545291591,47.100342185162546,17.55077560287459,0.05,0.0,0.0005342789008004566,7.0247838795068915,0.016308778693289158,6.018755424208181e-12,1.4210854715202004e-14,Radau,55885266c44ecbbfe86be622c6ebd08b77151ee6ef7dfd5c8bbc8d4250b58e50
C6_213_PKA_COMMON_capacity_near_upper_boundary_F1.6_onset100,3,wt,100.0,118.7192848636734,5.605771079695552,30.352688329957708,28.234087755260045,116.78884545302557,47.10034218515244,17.550775602792083,0.05,0.0,0.000534278900798757,7.024783880356329,0.016308778692942578,6.846812838565099e-13,1.4210854715202004e-14,Radau,55885266c44ecbbfe86be622c6ebd08b77151ee6ef7dfd5c8bbc8d4250b58e50
C6_213_PKA_COMMON_capacity_near_upper_boundary_F1.6_onset100,3,wt,100.0000001,118.71943326376459,5.605781817461046,30.35268832986198,28.234087827387977,116.78883981561573,47.10033758671799,17.550774635691234,0.55,1.0,0.0005344720707284417,7.024783880029622,0.026094040458136503,0.14838847090125856,1.4210854715202004e-14,Radau,55885266c44ecbbfe86be622c6ebd08b77151ee6ef7dfd5c8bbc8d4250b58e50
C6_213_PKA_COMMON_capacity_near_upper_boundary_F1.6_onset100,3,wt,149.99999999999716,124.38925725586127,6.920881579840124,23.25915795156253,38.88837362061309,112.51894429248858,32.62061632301835,13.903239848622984,0.55,1.0,0.0013325427682701423,6.963865009778537,0.014001290270126886,7.539581498315258e-11,1.8578888427711604e-15,Radau,55885266c44ecbbfe86be622c6ebd08b77151ee6ef7dfd5c8bbc8d4250b58e50
C6_213_PKA_COMMON_capacity_near_upper_boundary_F1.6_onset100,3,wt,199.99999999999432,124.38925725578758,6.920881579835778,23.259157951602152,38.8883736208108,112.51894429221073,32.62061632304462,13.9032398486995,0.55,1.0,0.0013325427682670404,6.963864992741629,0.014001290270443313,8.562304389191339e-11,2.237793284010081e-16,Radau,55885266c44ecbbfe86be622c6ebd08b77151ee6ef7dfd5c8bbc8d4250b58e50
C6_213_PKA_COMMON_capacity_near_upper_boundary_F1.6_onset100,3,ae2_knockout,0.0,118.71928486367847,5.605771079695614,30.352688330008146,28.234087755245802,116.78884545304514,47.1003421851453,17.55077560293814,0.05,0.0,0.0005342789007985894,7.024783880290988,0.016308778693567477,0.000716632667013685,3.469446951953614e-17,Radau,55885266c44ecbbfe86be622c6ebd08b77151ee6ef7dfd5c8bbc8d4250b58e50
C6_213_PKA_COMMON_capacity_near_upper_boundary_F1.6_onset100,3,ae2_knockout,50.0,118.68848813489771,5.596549300987027,30.432920390230905,28.182763316211123,116.80359674202707,46.01170597453664,18.814724210851114,0.05,0.0,0.0005297055365178488,7.041402842546938,0.022465824758565376,3.3631568408204596e-11,2.842170943040401e-14,Radau,55885266c44ecbbfe86be622c6ebd08b77151ee6ef7dfd5c8bbc8d4250b58e50
C6_213_PKA_COMMON_capacity_near_upper_boundary_F1.6_onset100,3,ae2_knockout,100.0,118.68848813480851,5.59654930096674,30.43292038980998,28.182763314251694,116.80359674392004,46.011705974428644,18.814724209608833,0.05,0.0,0.0005297055366391032,7.041403679091299,0.02246582475254494,6.77808781121244e-09,1.4210854715202004e-14,Radau,55885266c44ecbbfe86be622c6ebd08b77151ee6ef7dfd5c8bbc8d4250b58e50
C6_213_PKA_COMMON_capacity_near_upper_boundary_F1.6_onset100,3,ae2_knockout,100.0000001,118.68863499987039,5.596559927663173,30.43292038971517,28.182763357934032,116.80359108232238,46.01170168498404,18.814722880900312,0.55,1.0,0.0005298968361234759,7.04140362219917,0.03594530973154784,0.14685355757918156,1.4210854715202004e-14,Radau,55885266c44ecbbfe86be622c6ebd08b77151ee6ef7dfd5c8bbc8d4250b58e50
C6_213_PKA_COMMON_capacity_near_upper_boundary_F1.6_onset100,3,ae2_knockout,149.99999999999716,124.28302205601628,6.901285527534007,23.553228833837665,38.51527305159217,112.77704252014088,31.820027598010583,15.898329649058944,0.55,1.0,0.001318162617962909,6.9937935457620855,0.02449391186511128,1.5801655655621834e-10,1.5959455978986625e-15,Radau,55885266c44ecbbfe86be622c6ebd08b77151ee6ef7dfd5c8bbc8d4250b58e50
C6_213_PKA_COMMON_capacity_near_upper_boundary_F1.6_onset100,3,ae2_knockout,199.99999999999432,124.28302205601457,6.901285527533998,23.55322883383713,38.515273051602826,112.77704252012872,31.820027598010395,15.8983296490589,0.55,1.0,0.001318162617958965,6.993793530308411,0.024493911865110643,6.243392087905259e-12,1.4210854715202004e-14,Radau,55885266c44ecbbfe86be622c6ebd08b77151ee6ef7dfd5c8bbc8d4250b58e50
C6_213_PKA_COMMON_capacity_near_upper_boundary_F3_onset100,3,ae4_knockout,0.0,118.71928486367847,5.605771079695614,30.352688330008146,28.234087755245802,116.78884545304514,47.1003421851453,17.55077560293814,0.05,0.0,0.0005342789007985894,7.024783880290988,0.0,0.001611927600983624,3.469446951953614e-17,Radau,55885266c44ecbbfe86be622c6ebd08b77151ee6ef7dfd5c8bbc8d4250b58e50
C6_213_PKA_COMMON_capacity_near_upper_boundary_F3_onset100,3,ae4_knockout,50.0,118.67657507128966,5.563784048977002,60.114242610880694,21.469553591034355,123.48825010794248,48.38537604407226,55.99134722183052,0.05,0.0,0.0005104326460325797,7.361288860266926,0.0,1.5499914050839665e-05,2.842170943040401e-14,Radau,55885266c44ecbbfe86be622c6ebd08b77151ee6ef7dfd5c8bbc8d4250b58e50
C6_213_PKA_COMMON_capacity_near_upper_boundary_F3_onset100,3,ae4_knockout,100.0,118.59235697012448,5.560419384513197,64.17717122007339,21.214860639109222,123.65364470625464,48.6844569244432,58.17207666693121,0.05,0.0,0.0005111399944834831,7.374218534613994,0.0,3.7752345596657683e-06,2.1316282072803006e-14,Radau,55885266c44ecbbfe86be622c6ebd08b77151ee6ef7dfd5c8bbc8d4250b58e50
C6_213_PKA_COMMON_capacity_near_upper_boundary_F3_onset100,3,ae4_knockout,100.0000001,118.592516386191,5.5604309193603605,64.17717122374789,21.214860638925995,123.65364204265713,48.68445426084293,58.172076668927154,0.55,1.0,0.0005113436631006428,7.374218534760085,0.0,0.15940382993524596,2.903927098785175e-15,Radau,55885266c44ecbbfe86be622c6ebd08b77151ee6ef7dfd5c8bbc8d4250b58e50
C6_213_PKA_COMMON_capacity_near_upper_boundary_F3_onset100,3,ae4_knockout,149.99999999999716,124.57845521365721,6.955453663408528,28.770215292368754,33.32181267559863,118.29007681025135,32.39618971321198,34.42308754108087,0.55,1.0,0.0013581224203235522,7.198450249751452,0.0,4.6537469148024145e-08,1.1934897514720433e-15,Radau,55885266c44ecbbfe86be622c6ebd08b77151ee6ef7dfd5c8bbc8d4250b58e50
C6_213_PKA_COMMON_capacity_near_upper_boundary_F3_onset100,3,ae4_knockout,199.99999999999432,124.57849346134992,6.955453947928187,28.769936888155044,33.32195022440032,118.28998046516105,32.39614037636792,34.42235755081368,0.55,1.0,0.0013581198880100525,7.198445914859125,0.0,5.294621623127743e-09,2.9906632725840154e-15,Radau,55885266c44ecbbfe86be622c6ebd08b77151ee6ef7dfd5c8bbc8d4250b58e50
C6_213_PKA_COMMON_capacity_near_upper_boundary_F3_onset100,3,wt,0.0,118.71928486367847,5.605771079695614,30.352688330008146,28.234087755245802,116.78884545304514,47.1003421851453,17.55077560293814,0.05,0.0,0.0005342789007985894,7.024783880290988,0.016308778693567477,1.5390232090551427e-13,3.469446951953614e-17,Radau,55885266c44ecbbfe86be622c6ebd08b77151ee6ef7dfd5c8bbc8d4250b58e50
C6_213_PKA_COMMON_capacity_near_upper_boundary_F3_onset100,3,wt,50.0,118.71928486367707,5.605771079696606,30.35268832999142,28.23408775537288,116.78884545291591,47.100342185162546,17.55077560287459,0.05,0.0,0.0005342789008004566,7.0247838795068915,0.016308778693289158,6.018755424208181e-12,1.4210854715202004e-14,Radau,55885266c44ecbbfe86be622c6ebd08b77151ee6ef7dfd5c8bbc8d4250b58e50
C6_213_PKA_COMMON_capacity_near_upper_boundary_F3_onset100,3,wt,100.0,118.7192848636734,5.605771079695552,30.352688329957708,28.234087755260045,116.78884545302557,47.10034218515244,17.550775602792083,0.05,0.0,0.000534278900798757,7.024783880356329,0.016308778692942578,6.846812838565099e-13,1.4210854715202004e-14,Radau,55885266c44ecbbfe86be622c6ebd08b77151ee6ef7dfd5c8bbc8d4250b58e50
C6_213_PKA_COMMON_capacity_near_upper_boundary_F3_onset100,3,wt,100.0000001,118.71943326371395,5.605781817458682,30.352688329861508,28.234087995478387,116.78883889529511,47.100339091182995,17.550772378994996,0.55,1.0,0.0005344729422673599,7.024783878918819,0.04892629502306085,0.1483883696600499,1.4210854715202004e-14,Radau,55885266c44ecbbfe86be622c6ebd08b77151ee6ef7dfd5c8bbc8d4250b58e50
C6_213_PKA_COMMON_capacity_near_upper_boundary_F3_onset100,3,wt,149.99999999999716,124.32197296907769,6.908486247401213,22.950647973420455,40.277880250896935,111.05660340686762,32.55904855622933,12.482100804299856,0.55,1.0,0.0013234368835620958,6.9402625488499,0.015603647165662869,8.757157910472644e-09,1.4210854715202004e-14,Radau,55885266c44ecbbfe86be622c6ebd08b77151ee6ef7dfd5c8bbc8d4250b58e50
C6_213_PKA_COMMON_capacity_near_upper_boundary_F3_onset100,3,wt,199.99999999999432,124.32197296934305,6.908486247390319,22.95064797402848,40.277880256193086,111.05660340181355,32.55904855693424,12.482100806814735,0.55,1.0,0.0013234368834113249,6.940261936768735,0.015603647181974873,2.699563470390458e-09,1.4210854715202004e-14,Radau,55885266c44ecbbfe86be622c6ebd08b77151ee6ef7dfd5c8bbc8d4250b58e50
C6_213_PKA_COMMON_capacity_near_upper_boundary_F3_onset100,3,ae2_knockout,0.0,118.71928486367847,5.605771079695614,30.352688330008146,28.234087755245802,116.78884545304514,47.1003421851453,17.55077560293814,0.05,0.0,0.0005342789007985894,7.024783880290988,0.016308778693567477,0.000716632667013685,3.469446951953614e-17,Radau,55885266c44ecbbfe86be622c6ebd08b77151ee6ef7dfd5c8bbc8d4250b58e50
C6_213_PKA_COMMON_capacity_near_upper_boundary_F3_onset100,3,ae2_knockout,50.0,118.68848813489771,5.596549300987027,30.432920390230905,28.182763316211123,116.80359674202707,46.01170597453664,18.814724210851114,0.05,0.0,0.0005297055365178488,7.041402842546938,0.022465824758565376,3.3631568408204596e-11,2.842170943040401e-14,Radau,55885266c44ecbbfe86be622c6ebd08b77151ee6ef7dfd5c8bbc8d4250b58e50
C6_213_PKA_COMMON_capacity_near_upper_boundary_F3_onset100,3,ae2_knockout,100.0,118.68848813480851,5.59654930096674,30.43292038980998,28.182763314251694,116.80359674392004,46.011705974428644,18.814724209608833,0.05,0.0,0.0005297055366391032,7.041403679091299,0.02246582475254494,6.77808781121244e-09,1.4210854715202004e-14,Radau,55885266c44ecbbfe86be622c6ebd08b77151ee6ef7dfd5c8bbc8d4250b58e50
C6_213_PKA_COMMON_capacity_near_upper_boundary_F3_onset100,3,ae2_knockout,100.0000001,118.68863499980094,5.59655992765994,30.432920389714518,28.182763459666678,116.80358994710237,46.01170375196507,18.81471978043047,0.55,1.0,0.000529898033529121,7.041403620773473,0.06739740741910706,0.14685341871239102,1.4210854715202004e-14,Radau,55885266c44ecbbfe86be622c6ebd08b77151ee6ef7dfd5c8bbc8d4250b58e50
C6_213_PKA_COMMON_capacity_near_upper_boundary_F3_onset100,3,ae2_knockout,149.99999999999716,124.21393965767192,6.888468891842595,23.10838314430545,40.002850307063184,111.21460082975044,31.77402677403944,13.875631159460589,0.55,1.0,0.001308803095492365,6.9627430876931085,0.02658825594291397,3.3449448988085916e-09,2.6020852139652106e-16,Radau,55885266c44ecbbfe86be622c6ebd08b77151ee6ef7dfd5c8bbc8d4250b58e50
C6_213_PKA_COMMON_capacity_near_upper_boundary_F3_onset100,3,ae2_knockout,199.99999999999432,124.2139396574129,6.888468891800952,23.108383145141545,40.00285031466257,111.2146008218868,31.77402677487407,13.875631162059973,0.55,1.0,0.0013088030955709434,6.96274357136946,0.02658825596363016,1.2676246951987501e-09,1.4210854715202004e-14,Radau,55885266c44ecbbfe86be622c6ebd08b77151ee6ef7dfd5c8bbc8d4250b58e50
C6_213_PKA_COMMON_capacity_near_upper_boundary_F10_onset100,3,ae4_knockout,0.0,118.71928486367847,5.605771079695614,30.352688330008146,28.234087755245802,116.78884545304514,47.1003421851453,17.55077560293814,0.05,0.0,0.0005342789007985894,7.024783880290988,0.0,0.001611927600983624,3.469446951953614e-17,Radau,55885266c44ecbbfe86be622c6ebd08b77151ee6ef7dfd5c8bbc8d4250b58e50
C6_213_PKA_COMMON_capacity_near_upper_boundary_F10_onset100,3,ae4_knockout,50.0,118.67657507128966,5.563784048977002,60.114242610880694,21.469553591034355,123.48825010794248,48.38537604407226,55.99134722183052,0.05,0.0,0.0005104326460325797,7.361288860266926,0.0,1.5499914050839665e-05,2.842170943040401e-14,Radau,55885266c44ecbbfe86be622c6ebd08b77151ee6ef7dfd5c8bbc8d4250b58e50
C6_213_PKA_COMMON_capacity_near_upper_boundary_F10_onset100,3,ae4_knockout,100.0,118.59235697012448,5.560419384513197,64.17717122007339,21.214860639109222,123.65364470625464,48.6844569244432,58.17207666693121,0.05,0.0,0.0005111399944834831,7.374218534613994,0.0,3.7752345596657683e-06,2.1316282072803006e-14,Radau,55885266c44ecbbfe86be622c6ebd08b77151ee6ef7dfd5c8bbc8d4250b58e50
C6_213_PKA_COMMON_capacity_near_upper_boundary_F10_onset100,3,ae4_knockout,100.0000001,118.592516386191,5.5604309193603605,64.17717122374789,21.214860638925995,123.65364204265713,48.68445426084293,58.172076668927154,0.55,1.0,0.0005113436631006428,7.374218534760085,0.0,0.15940382993524596,2.903927098785175e-15,Radau,55885266c44ecbbfe86be622c6ebd08b77151ee6ef7dfd5c8bbc8d4250b58e50
C6_213_PKA_COMMON_capacity_near_upper_boundary_F10_onset100,3,ae4_knockout,149.99999999999716,124.57845521365721,6.955453663408528,28.770215292368754,33.32181267559863,118.29007681025135,32.39618971321198,34.42308754108087,0.55,1.0,0.0013581224203235522,7.198450249751452,0.0,4.6537469148024145e-08,1.1934897514720433e-15,Radau,55885266c44ecbbfe86be622c6ebd08b77151ee6ef7dfd5c8bbc8d4250b58e50
C6_213_PKA_COMMON_capacity_near_upper_boundary_F10_onset100,3,ae4_knockout,199.99999999999432,124.57849346134992,6.955453947928187,28.769936888155044,33.32195022440032,118.28998046516105,32.39614037636792,34.42235755081368,0.55,1.0,0.0013581198880100525,7.198445914859125,0.0,5.294621623127743e-09,2.9906632725840154e-15,Radau,55885266c44ecbbfe86be622c6ebd08b77151ee6ef7dfd5c8bbc8d4250b58e50
C6_213_PKA_COMMON_capacity_near_upper_boundary_F10_onset100,3,wt,0.0,118.71928486367847,5.605771079695614,30.352688330008146,28.234087755245802,116.78884545304514,47.1003421851453,17.55077560293814,0.05,0.0,0.0005342789007985894,7.024783880290988,0.016308778693567477,1.5390232090551427e-13,3.469446951953614e-17,Radau,55885266c44ecbbfe86be622c6ebd08b77151ee6ef7dfd5c8bbc8d4250b58e50
C6_213_PKA_COMMON_capacity_near_upper_boundary_F10_onset100,3,wt,50.0,118.71928486367707,5.605771079696606,30.35268832999142,28.23408775537288,116.78884545291591,47.100342185162546,17.55077560287459,0.05,0.0,0.0005342789008004566,7.0247838795068915,0.016308778693289158,6.018755424208181e-12,1.4210854715202004e-14,Radau,55885266c44ecbbfe86be622c6ebd08b77151ee6ef7dfd5c8bbc8d4250b58e50
C6_213_PKA_COMMON_capacity_near_upper_boundary_F10_onset100,3,wt,100.0,118.7192848636734,5.605771079695552,30.352688329957708,28.234087755260045,116.78884545302557,47.10034218515244,17.550775602792083,0.05,0.0,0.000534278900798757,7.024783880356329,0.016308778692942578,6.846812838565099e-13,1.4210854715202004e-14,Radau,55885266c44ecbbfe86be622c6ebd08b77151ee6ef7dfd5c8bbc8d4250b58e50
C6_213_PKA_COMMON_capacity_near_upper_boundary_F10_onset100,3,wt,100.0000001,118.71943326346084,5.605781817446872,30.35268832985912,28.234088835932024,116.78883429369763,47.100346613493755,17.55076109553515,0.55,1.0,0.0005344772999538968,7.0247838740182145,0.1630871361458067,0.14838786345493749,2.842170943040401e-14,Radau,55885266c44ecbbfe86be622c6ebd08b77151ee6ef7dfd5c8bbc8d4250b58e50
C6_213_PKA_COMMON_capacity_near_upper_boundary_F10_onset100,3,wt,149.99999999999716,124.04314585801464,6.856527898546258,22.537125273789112,45.21378957414741,105.81834423123388,32.13560691309048,10.652875488913523,0.55,1.0,0.0012856343139582846,6.9058799342589845,0.017651994277421784,1.3436141515891316e-09,2.842170943040401e-14,Radau,55885266c44ecbbfe86be622c6ebd08b77151ee6ef7dfd5c8bbc8d4250b58e50
C6_213_PKA_COMMON_capacity_near_upper_boundary_F10_onset100,3,wt,199.99999999999432,124.0431458576445,6.856527898513139,22.537125273834445,45.213789575679364,105.81834422927332,32.13560691294953,10.652875488878824,0.55,1.0,0.0012856343139443912,6.9058798110731106,0.01765199427700572,4.346250829386391e-11,1.4210854715202004e-14,Radau,55885266c44ecbbfe86be622c6ebd08b77151ee6ef7dfd5c8bbc8d4250b58e50
C7_213_PKA_COMMON_capacity_near_lower_boundary_F1_onset100,3,ae4_knockout,0.0,118.69691705747657,5.599076303327371,31.230096455772106,27.127382023621344,117.8689937237751,47.479296518380465,19.40330361152157,0.05,0.0,0.0005309575931034512,7.0499333481257995,0.0,0.0014329917149996797,2.1250362580715887e-17,Radau,55885266c44ecbbfe86be622c6ebd08b77151ee6ef7dfd5c8bbc8d4250b58e50
C7_213_PKA_COMMON_capacity_near_lower_boundary_F1_onset100,3,ae4_knockout,50.0,118.67573468492581,5.563750278341507,60.15115934634775,21.467027388717668,123.48988514281558,48.388324756777294,56.01241329312183,0.05,0.0,0.0005104395753774575,7.361415667303565,0.0,1.5383033845165926e-05,2.1316282072803006e-14,Radau,55885266c44ecbbfe86be622c6ebd08b77151ee6ef7dfd5c8bbc8d4250b58e50
C7_213_PKA_COMMON_capacity_near_lower_boundary_F1_onset100,3,ae4_knockout,100.0,118.5921873453827,5.560412648678071,64.18616863371992,21.214344447768028,123.6539810588784,48.68506679100886,58.17661536269331,0.05,0.0,0.0005111414461359245,7.374245035720163,0.0,3.7515953474086586e-06,1.4210854715202004e-14,Radau,55885266c44ecbbfe86be622c6ebd08b77151ee6ef7dfd5c8bbc8d4250b58e50
C7_213_PKA_COMMON_capacity_near_lower_boundary_F1_onset100,3,ae4_knockout,100.0000001,118.59234676301026,5.560424183638169,64.18616863737078,21.21434444758624,123.65397839562729,48.68506412775423,58.176615364676806,0.55,1.0,0.0005113451163141899,7.374245036012362,0.0,0.1594053908912786,2.842170943040401e-14,Radau,55885266c44ecbbfe86be622c6ebd08b77151ee6ef7dfd5c8bbc8d4250b58e50
C7_213_PKA_COMMON_capacity_near_lower_boundary_F1_onset100,3,ae4_knockout,149.99999999999716,124.57845522469772,6.955453664447446,28.77021556759092,33.32181264641922,118.2900768517106,32.396189726078845,34.42308835121137,0.55,1.0,0.001358122420629362,7.198453183109019,0.0,1.4772940826947731e-08,1.4210854715202004e-14,Radau,55885266c44ecbbfe86be622c6ebd08b77151ee6ef7dfd5c8bbc8d4250b58e50
C7_213_PKA_COMMON_capacity_near_lower_boundary_F1_onset100,3,ae4_knockout,199.99999999999432,124.57849346475074,6.955453947978949,28.769936908075156,33.321950235043474,118.28998045820991,32.39614037259214,34.42235761691905,0.55,1.0,0.0013581198878434733,7.198446414661933,0.0,1.2665880715265538e-10,1.4210854715202004e-14,Radau,55885266c44ecbbfe86be622c6ebd08b77151ee6ef7dfd5c8bbc8d4250b58e50
C7_213_PKA_COMMON_capacity_near_lower_boundary_F1_onset100,3,wt,0.0,118.69691705747657,5.599076303327371,31.230096455772106,27.127382023621344,117.8689937237751,47.479296518380465,19.40330361152157,0.05,0.0,0.0005309575931034512,7.0499333481257995,0.01491748982616842,8.501558627920891e-14,2.1250362580715887e-17,Radau,55885266c44ecbbfe86be622c6ebd08b77151ee6ef7dfd5c8bbc8d4250b58e50
C7_213_PKA_COMMON_capacity_near_lower_boundary_F1_onset100,3,wt,50.0,118.69691705792386,5.599076303354236,31.23009645600232,27.12738202535488,117.86899372250323,47.47929651762195,19.403303613260146,0.05,0.0,0.0005309575931811842,7.049933627843123,0.014917489829066734,2.2214097718496247e-09,4.5644911461639737e-17,Radau,55885266c44ecbbfe86be622c6ebd08b77151ee6ef7dfd5c8bbc8d4250b58e50
C7_213_PKA_COMMON_capacity_near_lower_boundary_F1_onset100,3,wt,100.0,118.69691705751507,5.599076303327202,31.230096455530422,27.127382023229714,117.86899372420699,47.47929651857428,19.403303610763412,0.05,0.0,0.0005309575931018555,7.049933348541221,0.014917489824973583,3.5906331962928106e-12,3.469446951953614e-17,Radau,55885266c44ecbbfe86be622c6ebd08b77151ee6ef7dfd5c8bbc8d4250b58e50
C7_213_PKA_COMMON_capacity_near_lower_boundary_F1_onset100,3,wt,100.0000001,118.6970674348537,5.599087184159789,31.230096455433724,27.12738202331408,117.86898856063227,47.47929135478215,19.403303610823347,0.55,1.0,0.0005311527853117797,7.049933348471984,0.01491749155979783,0.15036559845166447,2.842170943040401e-14,Radau,55885266c44ecbbfe86be622c6ebd08b77151ee6ef7dfd5c8bbc8d4250b58e50
C7_213_PKA_COMMON_capacity_near_lower_boundary_F1_onset100,3,wt,149.99999999999716,124.40792317440112,6.924310627200254,23.343771294265686,38.51988708539167,112.90762739084968,32.64357261692548,14.280646387217734,0.55,1.0,0.0013350678083458572,6.969905648257511,0.013606402057773618,5.6675155461263125e-09,7.112366251504909e-16,Radau,55885266c44ecbbfe86be622c6ebd08b77151ee6ef7dfd5c8bbc8d4250b58e50
C7_213_PKA_COMMON_capacity_near_lower_boundary_F1_onset100,3,wt,199.99999999999432,124.40792317496745,6.924310627201669,23.343771296975863,38.51988709225096,112.9076273845752,32.64357261773433,14.28064639928852,0.55,1.0,0.0013350678081677529,6.9699049912695505,0.013606402079474698,5.172492892984347e-10,1.4210854715202004e-14,Radau,55885266c44ecbbfe86be622c6ebd08b77151ee6ef7dfd5c8bbc8d4250b58e50
C7_213_PKA_COMMON_capacity_near_lower_boundary_F1_onset100,3,ae2_knockout,0.0,118.69691705747657,5.599076303327371,31.230096455772106,27.127382023621344,117.8689937237751,47.479296518380465,19.40330361152157,0.05,0.0,0.0005309575931034512,7.0499333481257995,0.01491748982616842,0.0006868109796933439,2.1250362580715887e-17,Radau,55885266c44ecbbfe86be622c6ebd08b77151ee6ef7dfd5c8bbc8d4250b58e50
C7_213_PKA_COMMON_capacity_near_lower_boundary_F1_onset100,3,ae2_knockout,50.0,118.65700594677791,5.587090545875216,31.99341541362991,26.78615600727028,118.16279359032154,46.35804392368399,22.34081258895436,0.05,0.0,0.0005250267573275976,7.085521764114633,0.0198839490775247,3.5010813547966066e-08,2.842170943040401e-14,Radau,55885266c44ecbbfe86be622c6ebd08b77151ee6ef7dfd5c8bbc8d4250b58e50
C7_213_PKA_COMMON_capacity_near_lower_boundary_F1_onset100,3,ae2_knockout,100.0,118.65700597227944,5.587090547693727,31.99341546001778,26.78615613754042,118.16279348756008,46.35804388188641,22.340812768010753,0.05,0.0,0.0005250267582784864,7.085526028646009,0.019883949377109945,8.725853209037532e-12,1.4210854715202004e-14,Radau,55885266c44ecbbfe86be622c6ebd08b77151ee6ef7dfd5c8bbc8d4250b58e50
C7_213_PKA_COMMON_capacity_near_lower_boundary_F1_onset100,3,ae2_knockout,100.0000001,118.65715515201205,5.587101341871953,31.993415459921927,26.78615613762104,118.16278848732382,46.358038881435505,22.3408127680776,0.55,1.0,0.0005252202543704394,7.085526028646009,0.01988395146124973,0.14916809863334257,1.3530843112619095e-15,Radau,55885266c44ecbbfe86be622c6ebd08b77151ee6ef7dfd5c8bbc8d4250b58e50
C7_213_PKA_COMMON_capacity_near_lower_boundary_F1_onset100,3,ae2_knockout,149.99999999999716,124.3081023066109,6.90592414168612,24.11820431540123,37.64799272663431,113.67149475987092,31.751556615392055,18.420215158893,0.55,1.0,0.00132155892638544,7.028758011588224,0.022183261873695927,1.8169387832563996e-10,7.108029442814967e-16,Radau,55885266c44ecbbfe86be622c6ebd08b77151ee6ef7dfd5c8bbc8d4250b58e50
C7_213_PKA_COMMON_capacity_near_lower_boundary_F1_onset100,3,ae2_knockout,199.99999999999432,124.30810230660904,6.905924141687182,24.118204315266638,37.6479927262377,113.67149476026691,31.75155661535567,18.42021515836386,0.55,1.0,0.0013215589263856793,7.028758013764313,0.02218326187267411,2.0426002096709528e-10,1.4210854715202004e-14,Radau,55885266c44ecbbfe86be622c6ebd08b77151ee6ef7dfd5c8bbc8d4250b58e50
C7_213_PKA_COMMON_capacity_near_lower_boundary_F1.25_onset100,3,ae4_knockout,0.0,118.69691705747657,5.599076303327371,31.230096455772106,27.127382023621344,117.8689937237751,47.479296518380465,19.40330361152157,0.05,0.0,0.0005309575931034512,7.0499333481257995,0.0,0.0014329917149996797,2.1250362580715887e-17,Radau,55885266c44ecbbfe86be622c6ebd08b77151ee6ef7dfd5c8bbc8d4250b58e50
C7_213_PKA_COMMON_capacity_near_lower_boundary_F1.25_onset100,3,ae4_knockout,50.0,118.67573468492581,5.563750278341507,60.15115934634775,21.467027388717668,123.48988514281558,48.388324756777294,56.01241329312183,0.05,0.0,0.0005104395753774575,7.361415667303565,0.0,1.5383033845165926e-05,2.1316282072803006e-14,Radau,55885266c44ecbbfe86be622c6ebd08b77151ee6ef7dfd5c8bbc8d4250b58e50
C7_213_PKA_COMMON_capacity_near_lower_boundary_F1.25_onset100,3,ae4_knockout,100.0,118.5921873453827,5.560412648678071,64.18616863371992,21.214344447768028,123.6539810588784,48.68506679100886,58.17661536269331,0.05,0.0,0.0005111414461359245,7.374245035720163,0.0,3.7515953474086586e-06,1.4210854715202004e-14,Radau,55885266c44ecbbfe86be622c6ebd08b77151ee6ef7dfd5c8bbc8d4250b58e50
C7_213_PKA_COMMON_capacity_near_lower_boundary_F1.25_onset100,3,ae4_knockout,100.0000001,118.59234676301026,5.560424183638169,64.18616863737078,21.21434444758624,123.65397839562729,48.68506412775423,58.176615364676806,0.55,1.0,0.0005113451163141899,7.374245036012362,0.0,0.1594053908912786,2.842170943040401e-14,Radau,55885266c44ecbbfe86be622c6ebd08b77151ee6ef7dfd5c8bbc8d4250b58e50
C7_213_PKA_COMMON_capacity_near_lower_boundary_F1.25_onset100,3,ae4_knockout,149.99999999999716,124.57845522469772,6.955453664447446,28.77021556759092,33.32181264641922,118.2900768517106,32.396189726078845,34.42308835121137,0.55,1.0,0.001358122420629362,7.198453183109019,0.0,1.4772940826947731e-08,1.4210854715202004e-14,Radau,55885266c44ecbbfe86be622c6ebd08b77151ee6ef7dfd5c8bbc8d4250b58e50
C7_213_PKA_COMMON_capacity_near_lower_boundary_F1.25_onset100,3,ae4_knockout,199.99999999999432,124.57849346475074,6.955453947978949,28.769936908075156,33.321950235043474,118.28998045820991,32.39614037259214,34.42235761691905,0.55,1.0,0.0013581198878434733,7.198446414661933,0.0,1.2665880715265538e-10,1.4210854715202004e-14,Radau,55885266c44ecbbfe86be622c6ebd08b77151ee6ef7dfd5c8bbc8d4250b58e50
C7_213_PKA_COMMON_capacity_near_lower_boundary_F1.25_onset100,3,wt,0.0,118.69691705747657,5.599076303327371,31.230096455772106,27.127382023621344,117.8689937237751,47.479296518380465,19.40330361152157,0.05,0.0,0.0005309575931034512,7.0499333481257995,0.01491748982616842,8.501558627920891e-14,2.1250362580715887e-17,Radau,55885266c44ecbbfe86be622c6ebd08b77151ee6ef7dfd5c8bbc8d4250b58e50
C7_213_PKA_COMMON_capacity_near_lower_boundary_F1.25_onset100,3,wt,50.0,118.69691705792386,5.599076303354236,31.23009645600232,27.12738202535488,117.86899372250323,47.47929651762195,19.403303613260146,0.05,0.0,0.0005309575931811842,7.049933627843123,0.014917489829066734,2.2214097718496247e-09,4.5644911461639737e-17,Radau,55885266c44ecbbfe86be622c6ebd08b77151ee6ef7dfd5c8bbc8d4250b58e50
C7_213_PKA_COMMON_capacity_near_lower_boundary_F1.25_onset100,3,wt,100.0,118.69691705751507,5.599076303327202,31.230096455530422,27.127382023229714,117.86899372420699,47.47929651857428,19.403303610763412,0.05,0.0,0.0005309575931018555,7.049933348541221,0.014917489824973583,3.5906331962928106e-12,3.469446951953614e-17,Radau,55885266c44ecbbfe86be622c6ebd08b77151ee6ef7dfd5c8bbc8d4250b58e50
C7_213_PKA_COMMON_capacity_near_lower_boundary_F1.25_onset100,3,wt,100.0000001,118.69706743484566,5.599087184159415,31.230096455433646,27.127382027733052,117.86898843679766,47.47929159361415,19.403303252575537,0.55,1.0,0.0005311529236675697,7.049933348264273,0.018646863656611463,0.15036558239646716,1.5126788710517758e-15,Radau,55885266c44ecbbfe86be622c6ebd08b77151ee6ef7dfd5c8bbc8d4250b58e50
C7_213_PKA_COMMON_capacity_near_lower_boundary_F1.25_onset100,3,wt,149.99999999999716,124.3874534182285,6.920549982147032,23.13371070054945,39.07643063062831,112.32893275976103,32.66056487703474,13.292586738923502,0.55,1.0,0.0013322987281401122,6.954151905076385,0.014721226166081606,2.1607645586560742e-09,1.4210854715202004e-14,Radau,55885266c44ecbbfe86be622c6ebd08b77151ee6ef7dfd5c8bbc8d4250b58e50
C7_213_PKA_COMMON_capacity_near_lower_boundary_F1.25_onset100,3,wt,199.99999999999432,124.38745341819877,6.920549982147256,23.13371070066747,39.07643063067324,112.32893275967247,32.66056487710543,13.292586739402697,0.55,1.0,0.0013322987280984617,6.954151687995303,0.014721226167124688,6.912625095207981e-11,1.2269915986018454e-15,Radau,55885266c44ecbbfe86be622c6ebd08b77151ee6ef7dfd5c8bbc8d4250b58e50
C7_213_PKA_COMMON_capacity_near_lower_boundary_F1.25_onset100,3,ae2_knockout,0.0,118.69691705747657,5.599076303327371,31.230096455772106,27.127382023621344,117.8689937237751,47.479296518380465,19.40330361152157,0.05,0.0,0.0005309575931034512,7.0499333481257995,0.01491748982616842,0.0006868109796933439,2.1250362580715887e-17,Radau,55885266c44ecbbfe86be622c6ebd08b77151ee6ef7dfd5c8bbc8d4250b58e50
C7_213_PKA_COMMON_capacity_near_lower_boundary_F1.25_onset100,3,ae2_knockout,50.0,118.65700594677791,5.587090545875216,31.99341541362991,26.78615600727028,118.16279359032154,46.35804392368399,22.34081258895436,0.05,0.0,0.0005250267573275976,7.085521764114633,0.0198839490775247,3.5010813547966066e-08,2.842170943040401e-14,Radau,55885266c44ecbbfe86be622c6ebd08b77151ee6ef7dfd5c8bbc8d4250b58e50
C7_213_PKA_COMMON_capacity_near_lower_boundary_F1.25_onset100,3,ae2_knockout,100.0,118.65700597227944,5.587090547693727,31.99341546001778,26.78615613754042,118.16279348756008,46.35804388188641,22.340812768010753,0.05,0.0,0.0005250267582784864,7.085526028646009,0.019883949377109945,8.725853209037532e-12,1.4210854715202004e-14,Radau,55885266c44ecbbfe86be622c6ebd08b77151ee6ef7dfd5c8bbc8d4250b58e50
C7_213_PKA_COMMON_capacity_near_lower_boundary_F1.25_onset100,3,ae2_knockout,100.0000001,118.6571551520016,5.587101341871468,31.99341545992183,26.78615613610699,118.16278833346297,46.35803919218622,22.340812301951782,0.55,1.0,0.0005252204343889322,7.085526028570858,0.024854938206186575,0.14916807777089056,2.842170943040401e-14,Radau,55885266c44ecbbfe86be622c6ebd08b77151ee6ef7dfd5c8bbc8d4250b58e50
C7_213_PKA_COMMON_capacity_near_lower_boundary_F1.25_onset100,3,ae2_knockout,149.99999999999716,124.28546766012313,6.901738181411893,23.747871417771442,38.288037855756954,113.00693000101079,31.77505911364057,16.794862415713347,0.55,1.0,0.0013184938344460691,7.006538149418554,0.02362856572045266,8.207244163452681e-11,5.731092683758376e-16,Radau,55885266c44ecbbfe86be622c6ebd08b77151ee6ef7dfd5c8bbc8d4250b58e50
C7_213_PKA_COMMON_capacity_near_lower_boundary_F1.25_onset100,3,ae2_knockout,199.99999999999432,124.28546766010652,6.9017381814114565,23.74787141778991,38.288037855747724,113.00693000100162,31.775059113658564,16.79486241575872,0.55,1.0,0.0013184938344454574,7.006538140960383,0.023628565720546682,2.465965202228303e-12,2.842170943040401e-14,Radau,55885266c44ecbbfe86be622c6ebd08b77151ee6ef7dfd5c8bbc8d4250b58e50
C7_213_PKA_COMMON_capacity_near_lower_boundary_F1.6_onset100,3,ae4_knockout,0.0,118.69691705747657,5.599076303327371,31.230096455772106,27.127382023621344,117.8689937237751,47.479296518380465,19.40330361152157,0.05,0.0,0.0005309575931034512,7.0499333481257995,0.0,0.0014329917149996797,2.1250362580715887e-17,Radau,55885266c44ecbbfe86be622c6ebd08b77151ee6ef7dfd5c8bbc8d4250b58e50
C7_213_PKA_COMMON_capacity_near_lower_boundary_F1.6_onset100,3,ae4_knockout,50.0,118.67573468492581,5.563750278341507,60.15115934634775,21.467027388717668,123.48988514281558,48.388324756777294,56.01241329312183,0.05,0.0,0.0005104395753774575,7.361415667303565,0.0,1.5383033845165926e-05,2.1316282072803006e-14,Radau,55885266c44ecbbfe86be622c6ebd08b77151ee6ef7dfd5c8bbc8d4250b58e50
C7_213_PKA_COMMON_capacity_near_lower_boundary_F1.6_onset100,3,ae4_knockout,100.0,118.5921873453827,5.560412648678071,64.18616863371992,21.214344447768028,123.6539810588784,48.68506679100886,58.17661536269331,0.05,0.0,0.0005111414461359245,7.374245035720163,0.0,3.7515953474086586e-06,1.4210854715202004e-14,Radau,55885266c44ecbbfe86be622c6ebd08b77151ee6ef7dfd5c8bbc8d4250b58e50
C7_213_PKA_COMMON_capacity_near_lower_boundary_F1.6_onset100,3,ae4_knockout,100.0000001,118.59234676301026,5.560424183638169,64.18616863737078,21.21434444758624,123.65397839562729,48.68506412775423,58.176615364676806,0.55,1.0,0.0005113451163141899,7.374245036012362,0.0,0.1594053908912786,2.842170943040401e-14,Radau,55885266c44ecbbfe86be622c6ebd08b77151ee6ef7dfd5c8bbc8d4250b58e50
C7_213_PKA_COMMON_capacity_near_lower_boundary_F1.6_onset100,3,ae4_knockout,149.99999999999716,124.57845522469772,6.955453664447446,28.77021556759092,33.32181264641922,118.2900768517106,32.396189726078845,34.42308835121137,0.55,1.0,0.001358122420629362,7.198453183109019,0.0,1.4772940826947731e-08,1.4210854715202004e-14,Radau,55885266c44ecbbfe86be622c6ebd08b77151ee6ef7dfd5c8bbc8d4250b58e50
C7_213_PKA_COMMON_capacity_near_lower_boundary_F1.6_onset100,3,ae4_knockout,199.99999999999432,124.57849346475074,6.955453947978949,28.769936908075156,33.321950235043474,118.28998045820991,32.39614037259214,34.42235761691905,0.55,1.0,0.0013581198878434733,7.198446414661933,0.0,1.2665880715265538e-10,1.4210854715202004e-14,Radau,55885266c44ecbbfe86be622c6ebd08b77151ee6ef7dfd5c8bbc8d4250b58e50
C7_213_PKA_COMMON_capacity_near_lower_boundary_F1.6_onset100,3,wt,0.0,118.69691705747657,5.599076303327371,31.230096455772106,27.127382023621344,117.8689937237751,47.479296518380465,19.40330361152157,0.05,0.0,0.0005309575931034512,7.0499333481257995,0.01491748982616842,8.501558627920891e-14,2.1250362580715887e-17,Radau,55885266c44ecbbfe86be622c6ebd08b77151ee6ef7dfd5c8bbc8d4250b58e50
C7_213_PKA_COMMON_capacity_near_lower_boundary_F1.6_onset100,3,wt,50.0,118.69691705792386,5.599076303354236,31.23009645600232,27.12738202535488,117.86899372250323,47.47929651762195,19.403303613260146,0.05,0.0,0.0005309575931811842,7.049933627843123,0.014917489829066734,2.2214097718496247e-09,4.5644911461639737e-17,Radau,55885266c44ecbbfe86be622c6ebd08b77151ee6ef7dfd5c8bbc8d4250b58e50
C7_213_PKA_COMMON_capacity_near_lower_boundary_F1.6_onset100,3,wt,100.0,118.69691705751507,5.599076303327202,31.230096455530422,27.127382023229714,117.86899372420699,47.47929651857428,19.403303610763412,0.05,0.0,0.0005309575931018555,7.049933348541221,0.014917489824973583,3.5906331962928106e-12,3.469446951953614e-17,Radau,55885266c44ecbbfe86be622c6ebd08b77151ee6ef7dfd5c8bbc8d4250b58e50
C7_213_PKA_COMMON_capacity_near_lower_boundary_F1.6_onset100,3,wt,100.0000001,118.69706743483442,5.599087184158891,31.23009645543354,27.127382033919616,117.8689882634292,47.47929192797894,19.40330275102863,0.55,1.0,0.0005311531173656635,7.049933347987325,0.023867984059163377,0.15036555991919226,5.134781488891349e-16,Radau,55885266c44ecbbfe86be622c6ebd08b77151ee6ef7dfd5c8bbc8d4250b58e50
C7_213_PKA_COMMON_capacity_near_lower_boundary_F1.6_onset100,3,wt,149.99999999999716,124.36142630015934,6.915761090285721,22.92530731383244,39.74409742943458,111.63309516934567,32.67252717931182,12.293839605844973,0.55,1.0,0.0013287770365648594,6.937466835748788,0.015920988787078684,1.6024962946300572e-10,1.4210854715202004e-14,Radau,55885266c44ecbbfe86be622c6ebd08b77151ee6ef7dfd5c8bbc8d4250b58e50
C7_213_PKA_COMMON_capacity_near_lower_boundary_F1.6_onset100,3,wt,199.99999999999432,124.36142630014683,6.915761090290683,22.925307313891892,39.744097429069654,111.63309516969613,32.67252717941361,12.293839606008904,0.55,1.0,0.0013287770365683557,6.937466819823489,0.015920988787482982,1.7267730242016086e-12,1.4210854715202004e-14,Radau,55885266c44ecbbfe86be622c6ebd08b77151ee6ef7dfd5c8bbc8d4250b58e50
C7_213_PKA_COMMON_capacity_near_lower_boundary_F1.6_onset100,3,ae2_knockout,0.0,118.69691705747657,5.599076303327371,31.230096455772106,27.127382023621344,117.8689937237751,47.479296518380465,19.40330361152157,0.05,0.0,0.0005309575931034512,7.0499333481257995,0.01491748982616842,0.0006868109796933439,2.1250362580715887e-17,Radau,55885266c44ecbbfe86be622c6ebd08b77151ee6ef7dfd5c8bbc8d4250b58e50
C7_213_PKA_COMMON_capacity_near_lower_boundary_F1.6_onset100,3,ae2_knockout,50.0,118.65700594677791,5.587090545875216,31.99341541362991,26.78615600727028,118.16279359032154,46.35804392368399,22.34081258895436,0.05,0.0,0.0005250267573275976,7.085521764114633,0.0198839490775247,3.5010813547966066e-08,2.842170943040401e-14,Radau,55885266c44ecbbfe86be622c6ebd08b77151ee6ef7dfd5c8bbc8d4250b58e50
C7_213_PKA_COMMON_capacity_near_lower_boundary_F1.6_onset100,3,ae2_knockout,100.0,118.65700597227944,5.587090547693727,31.99341546001778,26.78615613754042,118.16279348756008,46.35804388188641,22.340812768010753,0.05,0.0,0.0005250267582784864,7.085526028646009,0.019883949377109945,8.725853209037532e-12,1.4210854715202004e-14,Radau,55885266c44ecbbfe86be622c6ebd08b77151ee6ef7dfd5c8bbc8d4250b58e50
C7_213_PKA_COMMON_capacity_near_lower_boundary_F1.6_onset100,3,ae2_knockout,100.0000001,118.657155151987,5.587101341870789,31.99341545992169,26.78615613398732,118.16278811805779,46.35803962723718,22.340811649375677,0.55,1.0,0.0005252206864148002,7.085526028195107,0.031814318896205916,0.1491680485634602,1.4210854715202004e-14,Radau,55885266c44ecbbfe86be622c6ebd08b77151ee6ef7dfd5c8bbc8d4250b58e50
C7_213_PKA_COMMON_capacity_near_lower_boundary_F1.6_onset100,3,ae2_knockout,149.99999999999716,124.25754218239491,6.896565141895135,23.392577623996075,39.0445029578687,112.22020662507268,31.796941843493958,15.182505213228726,0.55,1.0,0.0013147112953661002,6.983080939607669,0.02520300336399557,3.0060356562300613e-09,1.4210854715202004e-14,Radau,55885266c44ecbbfe86be622c6ebd08b77151ee6ef7dfd5c8bbc8d4250b58e50
C7_213_PKA_COMMON_capacity_near_lower_boundary_F1.6_onset100,3,ae2_knockout,199.99999999999432,124.2575421833551,6.896565141889412,23.392577626494294,39.04450297025014,112.22020661371792,31.79694184421761,15.182505224779858,0.55,1.0,0.0013147112951833583,6.98308047637148,0.025203003397939447,1.4854089658733282e-09,1.4210854715202004e-14,Radau,55885266c44ecbbfe86be622c6ebd08b77151ee6ef7dfd5c8bbc8d4250b58e50
C7_213_PKA_COMMON_capacity_near_lower_boundary_F3_onset100,3,ae4_knockout,0.0,118.69691705747657,5.599076303327371,31.230096455772106,27.127382023621344,117.8689937237751,47.479296518380465,19.40330361152157,0.05,0.0,0.0005309575931034512,7.0499333481257995,0.0,0.0014329917149996797,2.1250362580715887e-17,Radau,55885266c44ecbbfe86be622c6ebd08b77151ee6ef7dfd5c8bbc8d4250b58e50
C7_213_PKA_COMMON_capacity_near_lower_boundary_F3_onset100,3,ae4_knockout,50.0,118.67573468492581,5.563750278341507,60.15115934634775,21.467027388717668,123.48988514281558,48.388324756777294,56.01241329312183,0.05,0.0,0.0005104395753774575,7.361415667303565,0.0,1.5383033845165926e-05,2.1316282072803006e-14,Radau,55885266c44ecbbfe86be622c6ebd08b77151ee6ef7dfd5c8bbc8d4250b58e50
C7_213_PKA_COMMON_capacity_near_lower_boundary_F3_onset100,3,ae4_knockout,100.0,118.5921873453827,5.560412648678071,64.18616863371992,21.214344447768028,123.6539810588784,48.68506679100886,58.17661536269331,0.05,0.0,0.0005111414461359245,7.374245035720163,0.0,3.7515953474086586e-06,1.4210854715202004e-14,Radau,55885266c44ecbbfe86be622c6ebd08b77151ee6ef7dfd5c8bbc8d4250b58e50
C7_213_PKA_COMMON_capacity_near_lower_boundary_F3_onset100,3,ae4_knockout,100.0000001,118.59234676301026,5.560424183638169,64.18616863737078,21.21434444758624,123.65397839562729,48.68506412775423,58.176615364676806,0.55,1.0,0.0005113451163141899,7.374245036012362,0.0,0.1594053908912786,2.842170943040401e-14,Radau,55885266c44ecbbfe86be622c6ebd08b77151ee6ef7dfd5c8bbc8d4250b58e50
C7_213_PKA_COMMON_capacity_near_lower_boundary_F3_onset100,3,ae4_knockout,149.99999999999716,124.57845522469772,6.955453664447446,28.77021556759092,33.32181264641922,118.2900768517106,32.396189726078845,34.42308835121137,0.55,1.0,0.001358122420629362,7.198453183109019,0.0,1.4772940826947731e-08,1.4210854715202004e-14,Radau,55885266c44ecbbfe86be622c6ebd08b77151ee6ef7dfd5c8bbc8d4250b58e50
C7_213_PKA_COMMON_capacity_near_lower_boundary_F3_onset100,3,ae4_knockout,199.99999999999432,124.57849346475074,6.955453947978949,28.769936908075156,33.321950235043474,118.28998045820991,32.39614037259214,34.42235761691905,0.55,1.0,0.0013581198878434733,7.198446414661933,0.0,1.2665880715265538e-10,1.4210854715202004e-14,Radau,55885266c44ecbbfe86be622c6ebd08b77151ee6ef7dfd5c8bbc8d4250b58e50
C7_213_PKA_COMMON_capacity_near_lower_boundary_F3_onset100,3,wt,0.0,118.69691705747657,5.599076303327371,31.230096455772106,27.127382023621344,117.8689937237751,47.479296518380465,19.40330361152157,0.05,0.0,0.0005309575931034512,7.0499333481257995,0.01491748982616842,8.501558627920891e-14,2.1250362580715887e-17,Radau,55885266c44ecbbfe86be622c6ebd08b77151ee6ef7dfd5c8bbc8d4250b58e50
C7_213_PKA_COMMON_capacity_near_lower_boundary_F3_onset100,3,wt,50.0,118.69691705792386,5.599076303354236,31.23009645600232,27.12738202535488,117.86899372250323,47.47929651762195,19.403303613260146,0.05,0.0,0.0005309575931811842,7.049933627843123,0.014917489829066734,2.2214097718496247e-09,4.5644911461639737e-17,Radau,55885266c44ecbbfe86be622c6ebd08b77151ee6ef7dfd5c8bbc8d4250b58e50
C7_213_PKA_COMMON_capacity_near_lower_boundary_F3_onset100,3,wt,100.0,118.69691705751507,5.599076303327202,31.230096455530422,27.127382023229714,117.86899372420699,47.47929651857428,19.403303610763412,0.05,0.0,0.0005309575931018555,7.049933348541221,0.014917489824973583,3.5906331962928106e-12,3.469446951953614e-17,Radau,55885266c44ecbbfe86be622c6ebd08b77151ee6ef7dfd5c8bbc8d4250b58e50
C7_213_PKA_COMMON_capacity_near_lower_boundary_F3_onset100,3,wt,100.0000001,118.69706743478947,5.599087184156796,31.23009645543312,27.127382058665887,117.86898756995546,47.47929326543791,19.403300744841307,0.55,1.0,0.000531153892158023,7.049933347294956,0.04475245945118894,0.15036547001009398,2.040034807748725e-15,Radau,55885266c44ecbbfe86be622c6ebd08b77151ee6ef7dfd5c8bbc8d4250b58e50
C7_213_PKA_COMMON_capacity_near_lower_boundary_F3_onset100,3,wt,149.99999999999716,124.2698468568615,6.898845689470677,22.50402839729766,41.80523981431788,109.47277652933427,32.64433335709278,10.230838170057673,0.55,1.0,0.0013163781123031102,6.900048498204051,0.01864637588295115,2.0875232972536608e-10,2.842170943040401e-14,Radau,55885266c44ecbbfe86be622c6ebd08b77151ee6ef7dfd5c8bbc8d4250b58e50
C7_213_PKA_COMMON_capacity_near_lower_boundary_F3_onset100,3,wt,199.99999999999432,124.26984685685453,6.898845689470698,22.504028397289982,41.80523981424834,109.47277652939931,32.64433335708479,10.23083817002326,0.55,1.0,0.0013163781123011432,6.900048501439965,0.01864637588276983,2.432006817670667e-10,1.5803330866148713e-15,Radau,55885266c44ecbbfe86be622c6ebd08b77151ee6ef7dfd5c8bbc8d4250b58e50
C7_213_PKA_COMMON_capacity_near_lower_boundary_F3_onset100,3,ae2_knockout,0.0,118.69691705747657,5.599076303327371,31.230096455772106,27.127382023621344,117.8689937237751,47.479296518380465,19.40330361152157,0.05,0.0,0.0005309575931034512,7.0499333481257995,0.01491748982616842,0.0006868109796933439,2.1250362580715887e-17,Radau,55885266c44ecbbfe86be622c6ebd08b77151ee6ef7dfd5c8bbc8d4250b58e50
C7_213_PKA_COMMON_capacity_near_lower_boundary_F3_onset100,3,ae2_knockout,50.0,118.65700594677791,5.587090545875216,31.99341541362991,26.78615600727028,118.16279359032154,46.35804392368399,22.34081258895436,0.05,0.0,0.0005250267573275976,7.085521764114633,0.0198839490775247,3.5010813547966066e-08,2.842170943040401e-14,Radau,55885266c44ecbbfe86be622c6ebd08b77151ee6ef7dfd5c8bbc8d4250b58e50
C7_213_PKA_COMMON_capacity_near_lower_boundary_F3_onset100,3,ae2_knockout,100.0,118.65700597227944,5.587090547693727,31.99341546001778,26.78615613754042,118.16279348756008,46.35804388188641,22.340812768010753,0.05,0.0,0.0005250267582784864,7.085526028646009,0.019883949377109945,8.725853209037532e-12,1.4210854715202004e-14,Radau,55885266c44ecbbfe86be622c6ebd08b77151ee6ef7dfd5c8bbc8d4250b58e50
C7_213_PKA_COMMON_capacity_near_lower_boundary_F3_onset100,3,ae2_knockout,100.0000001,118.65715515192859,5.587101341868074,31.99341545992114,26.786156125508654,118.16278725643717,46.358041367440805,22.34080903907166,0.55,1.0,0.0005252216945182209,7.085526027143004,0.05965183287254262,0.14916793173374418,2.842170943040401e-14,Radau,55885266c44ecbbfe86be622c6ebd08b77151ee6ef7dfd5c8bbc8d4250b58e50
C7_213_PKA_COMMON_capacity_near_lower_boundary_F3_onset100,3,ae2_knockout,149.99999999999716,124.1637331933334,6.879117332890762,22.706300372968897,41.30434549579017,109.85865995774037,31.806286269589222,11.919539879148331,0.55,1.0,0.0013019967315529444,6.930228859846338,0.028917233549540473,6.002598992322587e-09,1.4210854715202004e-14,Radau,55885266c44ecbbfe86be622c6ebd08b77151ee6ef7dfd5c8bbc8d4250b58e50
C7_213_PKA_COMMON_capacity_near_lower_boundary_F3_onset100,3,ae2_knockout,199.99999999999432,124.16373319315886,6.879117332880837,22.70630037200118,41.30434549115676,109.85865996217221,31.806286268519425,11.919539875394927,0.55,1.0,0.0013019967316149886,6.930229018149072,0.028917233530531362,7.606418102210685e-09,1.4210854715202004e-14,Radau,55885266c44ecbbfe86be622c6ebd08b77151ee6ef7dfd5c8bbc8d4250b58e50
C7_213_PKA_COMMON_capacity_near_lower_boundary_F10_onset100,3,ae4_knockout,0.0,118.69691705747657,5.599076303327371,31.230096455772106,27.127382023621344,117.8689937237751,47.479296518380465,19.40330361152157,0.05,0.0,0.0005309575931034512,7.0499333481257995,0.0,0.0014329917149996797,2.1250362580715887e-17,Radau,55885266c44ecbbfe86be622c6ebd08b77151ee6ef7dfd5c8bbc8d4250b58e50
C7_213_PKA_COMMON_capacity_near_lower_boundary_F10_onset100,3,ae4_knockout,50.0,118.67573468492581,5.563750278341507,60.15115934634775,21.467027388717668,123.48988514281558,48.388324756777294,56.01241329312183,0.05,0.0,0.0005104395753774575,7.361415667303565,0.0,1.5383033845165926e-05,2.1316282072803006e-14,Radau,55885266c44ecbbfe86be622c6ebd08b77151ee6ef7dfd5c8bbc8d4250b58e50
C7_213_PKA_COMMON_capacity_near_lower_boundary_F10_onset100,3,ae4_knockout,100.0,118.5921873453827,5.560412648678071,64.18616863371992,21.214344447768028,123.6539810588784,48.68506679100886,58.17661536269331,0.05,0.0,0.0005111414461359245,7.374245035720163,0.0,3.7515953474086586e-06,1.4210854715202004e-14,Radau,55885266c44ecbbfe86be622c6ebd08b77151ee6ef7dfd5c8bbc8d4250b58e50
C7_213_PKA_COMMON_capacity_near_lower_boundary_F10_onset100,3,ae4_knockout,100.0000001,118.59234676301026,5.560424183638169,64.18616863737078,21.21434444758624,123.65397839562729,48.68506412775423,58.176615364676806,0.55,1.0,0.0005113451163141899,7.374245036012362,0.0,0.1594053908912786,2.842170943040401e-14,Radau,55885266c44ecbbfe86be622c6ebd08b77151ee6ef7dfd5c8bbc8d4250b58e50
C7_213_PKA_COMMON_capacity_near_lower_boundary_F10_onset100,3,ae4_knockout,149.99999999999716,124.57845522469772,6.955453664447446,28.77021556759092,33.32181264641922,118.2900768517106,32.396189726078845,34.42308835121137,0.55,1.0,0.001358122420629362,7.198453183109019,0.0,1.4772940826947731e-08,1.4210854715202004e-14,Radau,55885266c44ecbbfe86be622c6ebd08b77151ee6ef7dfd5c8bbc8d4250b58e50
C7_213_PKA_COMMON_capacity_near_lower_boundary_F10_onset100,3,ae4_knockout,199.99999999999432,124.57849346475074,6.955453947978949,28.769936908075156,33.321950235043474,118.28998045820991,32.39614037259214,34.42235761691905,0.55,1.0,0.0013581198878434733,7.198446414661933,0.0,1.2665880715265538e-10,1.4210854715202004e-14,Radau,55885266c44ecbbfe86be622c6ebd08b77151ee6ef7dfd5c8bbc8d4250b58e50
C7_213_PKA_COMMON_capacity_near_lower_boundary_F10_onset100,3,wt,0.0,118.69691705747657,5.599076303327371,31.230096455772106,27.127382023621344,117.8689937237751,47.479296518380465,19.40330361152157,0.05,0.0,0.0005309575931034512,7.0499333481257995,0.01491748982616842,8.501558627920891e-14,2.1250362580715887e-17,Radau,55885266c44ecbbfe86be622c6ebd08b77151ee6ef7dfd5c8bbc8d4250b58e50
C7_213_PKA_COMMON_capacity_near_lower_boundary_F10_onset100,3,wt,50.0,118.69691705792386,5.599076303354236,31.23009645600232,27.12738202535488,117.86899372250323,47.47929651762195,19.403303613260146,0.05,0.0,0.0005309575931811842,7.049933627843123,0.014917489829066734,2.2214097718496247e-09,4.5644911461639737e-17,Radau,55885266c44ecbbfe86be622c6ebd08b77151ee6ef7dfd5c8bbc8d4250b58e50
C7_213_PKA_COMMON_capacity_near_lower_boundary_F10_onset100,3,wt,100.0,118.69691705751507,5.599076303327202,31.230096455530422,27.127382023229714,117.86899372420699,47.47929651857428,19.403303610763412,0.05,0.0,0.0005309575931018555,7.049933348541221,0.014917489824973583,3.5906331962928106e-12,3.469446951953614e-17,Radau,55885266c44ecbbfe86be622c6ebd08b77151ee6ef7dfd5c8bbc8d4250b58e50
C7_213_PKA_COMMON_capacity_near_lower_boundary_F10_onset100,3,wt,100.0000001,118.69706743456469,5.599087184146323,31.230096455431,27.127382182397636,117.86898410258873,47.479299952727956,19.403290713911833,0.55,1.0,0.0005311577661168698,7.049933343071503,0.14917468717508253,0.15036502046494427,8.743006318923108e-16,Radau,55885266c44ecbbfe86be622c6ebd08b77151ee6ef7dfd5c8bbc8d4250b58e50
C7_213_PKA_COMMON_capacity_near_lower_boundary_F10_onset100,3,wt,149.99999999999716,123.84281443225828,6.818590600978085,22.043512588202624,49.671300595299414,101.14303627426513,32.17050641302064,7.976330525021832,0.55,1.0,0.0012584046711192546,6.851495392035824,0.021829019925513025,2.2901082404704074e-11,1.4210854715202004e-14,Radau,55885266c44ecbbfe86be622c6ebd08b77151ee6ef7dfd5c8bbc8d4250b58e50
C7_213_PKA_COMMON_capacity_near_lower_boundary_F10_onset100,3,wt,199.99999999999432,123.84281443223483,6.81859060097369,22.04351258832357,49.671300596910314,101.14303627262791,32.17050641334544,7.976330525275567,0.55,1.0,0.0012584046711196291,6.851495399313756,0.02182901992968923,6.171113253524243e-11,2.842170943040401e-14,Radau,55885266c44ecbbfe86be622c6ebd08b77151ee6ef7dfd5c8bbc8d4250b58e50
C7_213_PKA_COMMON_capacity_lower_quartile_F1_onset100,3,ae4_knockout,0.0,118.70843920696637,5.602526945408781,30.71068897643683,27.584412627744904,117.42564452584861,47.40874726161581,18.166404010970098,0.05,0.0,0.0005326687021469527,7.03359104009902,0.0,0.0015530928170475332,3.122502256758253e-17,Radau,55885266c44ecbbfe86be622c6ebd08b77151ee6ef7dfd5c8bbc8d4250b58e50
C7_213_PKA_COMMON_capacity_lower_quartile_F1_onset100,3,ae4_knockout,50.0,118.67626001241294,5.563771387994077,60.128074819301766,21.46860655887661,123.48886304331633,48.38648142728037,55.999243252408654,0.05,0.0,0.0005104352435304085,7.3613364054644945,0.0,1.5456096204782865e-05,2.1316282072803006e-14,Radau,55885266c44ecbbfe86be622c6ebd08b77151ee6ef7dfd5c8bbc8d4250b58e50
C7_213_PKA_COMMON_capacity_lower_quartile_F1_onset100,3,ae4_knockout,100.0,118.5922934316417,5.56041686136661,64.18054107346312,21.214667284337697,123.65377069655389,48.684685366270884,58.17377671249385,0.05,0.0,0.0005111405382357278,7.374228431213785,0.0,3.7663797314205607e-06,2.1316282072803006e-14,Radau,55885266c44ecbbfe86be622c6ebd08b77151ee6ef7dfd5c8bbc8d4250b58e50
C7_213_PKA_COMMON_capacity_lower_quartile_F1_onset100,3,ae4_knockout,100.0000001,118.59245284829295,5.560428396256078,64.18054107712875,21.214667284155055,123.65376803308612,48.68468270280008,58.173776714484966,0.55,1.0,0.0005113442074377066,7.374228432966915,0.0,0.1594044146373549,2.1316282072803006e-14,Radau,55885266c44ecbbfe86be622c6ebd08b77151ee6ef7dfd5c8bbc8d4250b58e50
C7_213_PKA_COMMON_capacity_lower_quartile_F1_onset100,3,ae4_knockout,149.99999999999716,124.57845524669067,6.95545366480433,28.77021542476577,33.321812714382546,118.29007680749065,32.39618970307798,34.423087977191926,0.55,1.0,0.0013581224191931928,7.19845197588417,0.0,2.784681076184916e-08,6.175615574477433e-16,Radau,55885266c44ecbbfe86be622c6ebd08b77151ee6ef7dfd5c8bbc8d4250b58e50
C7_213_PKA_COMMON_capacity_lower_quartile_F1_onset100,3,ae4_knockout,199.99999999999432,124.57849346359788,6.955453947962527,28.76993690445873,33.321950231400365,118.28998046062124,32.39614037384544,34.42235760360874,0.55,1.0,0.0013581198880392613,7.198447557056588,0.0,1.2543188363012984e-08,1.4502288259166107e-15,Radau,55885266c44ecbbfe86be622c6ebd08b77151ee6ef7dfd5c8bbc8d4250b58e50
C7_213_PKA_COMMON_capacity_lower_quartile_F1_onset100,3,wt,0.0,118.70843920696637,5.602526945408781,30.71068897643683,27.584412627744904,117.42564452584861,47.40874726161581,18.166404010970098,0.05,0.0,0.0005326687021469527,7.03359104009902,0.01589885015205195,1.540090938917816e-13,3.122502256758253e-17,Radau,55885266c44ecbbfe86be622c6ebd08b77151ee6ef7dfd5c8bbc8d4250b58e50
C7_213_PKA_COMMON_capacity_lower_quartile_F1_onset100,3,wt,50.0,118.70843920696463,5.602526945408886,30.710688976250843,27.584412627754734,117.42564452583713,47.408747261630914,18.16640401047176,0.05,0.0,0.000532668702147439,7.033591042432819,0.01589885015116032,1.8500028711072563e-11,2.842170943040401e-14,Radau,55885266c44ecbbfe86be622c6ebd08b77151ee6ef7dfd5c8bbc8d4250b58e50
C7_213_PKA_COMMON_capacity_lower_quartile_F1_onset100,3,wt,100.0,118.70843920696583,5.602526945408817,30.710688976238263,27.58441262774482,117.42564452584816,47.408747261624896,18.166404010446872,0.05,0.0,0.0005326687021469782,7.03359104009902,0.01589885015111896,1.8083653365471545e-13,5.160802341031001e-17,Radau,55885266c44ecbbfe86be622c6ebd08b77151ee6ef7dfd5c8bbc8d4250b58e50
C7_213_PKA_COMMON_capacity_lower_quartile_F1_onset100,3,wt,100.0000001,118.70858889344555,5.60253777625292,30.710688976141952,27.584412627831707,117.42563929906444,47.40874203462214,18.16640401050368,0.55,1.0,0.0005328630983340908,7.03359104009902,0.01589885213353849,0.14967478612558757,1.4210854715202004e-14,Radau,55885266c44ecbbfe86be622c6ebd08b77151ee6ef7dfd5c8bbc8d4250b58e50
C7_213_PKA_COMMON_capacity_lower_quartile_F1_onset100,3,wt,149.99999999999716,124.39047935338526,6.921106214660411,23.161917125196666,38.99592073483239,112.41271738814075,32.658474161213846,13.42637075158787,0.55,1.0,0.0013327081026579426,6.956326596653503,0.014566199358514819,6.744431259246577e-10,1.4210854715202004e-14,Radau,55885266c44ecbbfe86be622c6ebd08b77151ee6ef7dfd5c8bbc8d4250b58e50
C7_213_PKA_COMMON_capacity_lower_quartile_F1_onset100,3,wt,199.99999999999432,124.39047935347928,6.921106214661569,23.161917125356247,38.99592073553763,112.4127173875342,32.658474161232675,13.426370752407339,0.55,1.0,0.0013327081026408617,6.956326541957303,0.014566199360307118,1.49922294662349e-10,1.4210854715202004e-14,Radau,55885266c44ecbbfe86be622c6ebd08b77151ee6ef7dfd5c8bbc8d4250b58e50
C7_213_PKA_COMMON_capacity_lower_quartile_F1_onset100,3,ae2_knockout,0.0,118.70843920696637,5.602526945408781,30.71068897643683,27.584412627744904,117.42564452584861,47.40874726161581,18.166404010970098,0.05,0.0,0.0005326687021469527,7.03359104009902,0.01589885015205195,0.0007002472937620545,3.122502256758253e-17,Radau,55885266c44ecbbfe86be622c6ebd08b77151ee6ef7dfd5c8bbc8d4250b58e50
C7_213_PKA_COMMON_capacity_lower_quartile_F1_onset100,3,ae2_knockout,50.0,118.66947578776308,5.590840926354154,31.27982456473027,27.283939440750256,117.67983123592794,46.28071947387614,20.693456449657408,0.05,0.0,0.0005268804221021881,7.065654352467559,0.021040942955290715,1.9159345508993705e-09,1.4210854715202004e-14,Radau,55885266c44ecbbfe86be622c6ebd08b77151ee6ef7dfd5c8bbc8d4250b58e50
C7_213_PKA_COMMON_capacity_lower_quartile_F1_onset100,3,ae2_knockout,100.0,118.66947578778722,5.590840926338343,31.279824562876165,27.28393943879087,117.67983123793195,46.280719473305446,20.693456445702125,0.05,0.0,0.0005268804220096522,7.06565408871427,0.02104094294832062,2.3438213586869574e-10,1.4210854715202004e-14,Radau,55885266c44ecbbfe86be622c6ebd08b77151ee6ef7dfd5c8bbc8d4250b58e50
C7_213_PKA_COMMON_capacity_lower_quartile_F1_onset100,3,ae2_knockout,100.0000001,118.66962421274695,5.590851665903495,31.27982456278073,27.283939438874675,117.67982614949888,46.28071438465503,20.693456445764923,0.55,1.0,0.0005270730706130953,7.065654090652576,0.021040945291260944,0.14841337532923787,1.4210854715202004e-14,Radau,55885266c44ecbbfe86be622c6ebd08b77151ee6ef7dfd5c8bbc8d4250b58e50
C7_213_PKA_COMMON_capacity_lower_quartile_F1_onset100,3,ae2_knockout,149.99999999999716,124.28877250146235,6.902349754549643,23.796850525099053,38.195988664217246,113.10255958330131,31.771919077924604,17.013012897797793,0.55,1.0,0.0013189414071217204,7.00959917902861,0.02342676886661216,2.0766443279406372e-10,3.675662205160357e-15,Radau,55885266c44ecbbfe86be622c6ebd08b77151ee6ef7dfd5c8bbc8d4250b58e50
C7_213_PKA_COMMON_capacity_lower_quartile_F1_onset100,3,ae2_knockout,199.99999999999432,124.28877250143115,6.9023497545401264,23.79685052630746,38.1959886679064,113.10255957958721,31.771919078328654,17.013012902566306,0.55,1.0,0.0013189414071110392,7.009599215056582,0.023426768877440787,5.664422557081947e-10,1.4210854715202004e-14,Radau,55885266c44ecbbfe86be622c6ebd08b77151ee6ef7dfd5c8bbc8d4250b58e50
C7_213_PKA_COMMON_capacity_lower_quartile_F1.25_onset100,3,ae4_knockout,0.0,118.70843920696637,5.602526945408781,30.71068897643683,27.584412627744904,117.42564452584861,47.40874726161581,18.166404010970098,0.05,0.0,0.0005326687021469527,7.03359104009902,0.0,0.0015530928170475332,3.122502256758253e-17,Radau,55885266c44ecbbfe86be622c6ebd08b77151ee6ef7dfd5c8bbc8d4250b58e50
C7_213_PKA_COMMON_capacity_lower_quartile_F1.25_onset100,3,ae4_knockout,50.0,118.67626001241294,5.563771387994077,60.128074819301766,21.46860655887661,123.48886304331633,48.38648142728037,55.999243252408654,0.05,0.0,0.0005104352435304085,7.3613364054644945,0.0,1.5456096204782865e-05,2.1316282072803006e-14,Radau,55885266c44ecbbfe86be622c6ebd08b77151ee6ef7dfd5c8bbc8d4250b58e50
C7_213_PKA_COMMON_capacity_lower_quartile_F1.25_onset100,3,ae4_knockout,100.0,118.5922934316417,5.56041686136661,64.18054107346312,21.214667284337697,123.65377069655389,48.684685366270884,58.17377671249385,0.05,0.0,0.0005111405382357278,7.374228431213785,0.0,3.7663797314205607e-06,2.1316282072803006e-14,Radau,55885266c44ecbbfe86be622c6ebd08b77151ee6ef7dfd5c8bbc8d4250b58e50
C7_213_PKA_COMMON_capacity_lower_quartile_F1.25_onset100,3,ae4_knockout,100.0000001,118.59245284829295,5.560428396256078,64.18054107712875,21.214667284155055,123.65376803308612,48.68468270280008,58.173776714484966,0.55,1.0,0.0005113442074377066,7.374228432966915,0.0,0.1594044146373549,2.1316282072803006e-14,Radau,55885266c44ecbbfe86be622c6ebd08b77151ee6ef7dfd5c8bbc8d4250b58e50
C7_213_PKA_COMMON_capacity_lower_quartile_F1.25_onset100,3,ae4_knockout,149.99999999999716,124.57845524669067,6.95545366480433,28.77021542476577,33.321812714382546,118.29007680749065,32.39618970307798,34.423087977191926,0.55,1.0,0.0013581224191931928,7.19845197588417,0.0,2.784681076184916e-08,6.175615574477433e-16,Radau,55885266c44ecbbfe86be622c6ebd08b77151ee6ef7dfd5c8bbc8d4250b58e50
C7_213_PKA_COMMON_capacity_lower_quartile_F1.25_onset100,3,ae4_knockout,199.99999999999432,124.57849346359788,6.955453947962527,28.76993690445873,33.321950231400365,118.28998046062124,32.39614037384544,34.42235760360874,0.55,1.0,0.0013581198880392613,7.198447557056588,0.0,1.2543188363012984e-08,1.4502288259166107e-15,Radau,55885266c44ecbbfe86be622c6ebd08b77151ee6ef7dfd5c8bbc8d4250b58e50
C7_213_PKA_COMMON_capacity_lower_quartile_F1.25_onset100,3,wt,0.0,118.70843920696637,5.602526945408781,30.71068897643683,27.584412627744904,117.42564452584861,47.40874726161581,18.166404010970098,0.05,0.0,0.0005326687021469527,7.03359104009902,0.01589885015205195,1.540090938917816e-13,3.122502256758253e-17,Radau,55885266c44ecbbfe86be622c6ebd08b77151ee6ef7dfd5c8bbc8d4250b58e50
C7_213_PKA_COMMON_capacity_lower_quartile_F1.25_onset100,3,wt,50.0,118.70843920696463,5.602526945408886,30.710688976250843,27.584412627754734,117.42564452583713,47.408747261630914,18.16640401047176,0.05,0.0,0.000532668702147439,7.033591042432819,0.01589885015116032,1.8500028711072563e-11,2.842170943040401e-14,Radau,55885266c44ecbbfe86be622c6ebd08b77151ee6ef7dfd5c8bbc8d4250b58e50
C7_213_PKA_COMMON_capacity_lower_quartile_F1.25_onset100,3,wt,100.0,118.70843920696583,5.602526945408817,30.710688976238263,27.58441262774482,117.42564452584816,47.408747261624896,18.166404010446872,0.05,0.0,0.0005326687021469782,7.03359104009902,0.01589885015111896,1.8083653365471545e-13,5.160802341031001e-17,Radau,55885266c44ecbbfe86be622c6ebd08b77151ee6ef7dfd5c8bbc8d4250b58e50
C7_213_PKA_COMMON_capacity_lower_quartile_F1.25_onset100,3,wt,100.0000001,118.70858889343685,5.602537776252514,30.71068897614187,27.58441263618862,117.42563916128348,47.408742293471,18.166403622230607,0.55,1.0,0.0005328632482856817,7.0335910398323,0.01987356414659695,0.14967476872078134,1.4210854715202004e-14,Radau,55885266c44ecbbfe86be622c6ebd08b77151ee6ef7dfd5c8bbc8d4250b58e50
C7_213_PKA_COMMON_capacity_lower_quartile_F1.25_onset100,3,wt,149.99999999999716,124.36758454476633,6.916894920182015,22.9695608103783,39.59005456077378,111.79380409270816,32.67065506927306,12.507389705389011,0.55,1.0,0.0013296103837922625,6.941103472693132,0.015658038066698358,1.0992175323199627e-09,1.4210854715202004e-14,Radau,55885266c44ecbbfe86be622c6ebd08b77151ee6ef7dfd5c8bbc8d4250b58e50
C7_213_PKA_COMMON_capacity_lower_quartile_F1.25_onset100,3,wt,199.99999999999432,124.36758454486291,6.916894920189427,22.969560810407643,39.59005456086709,111.79380409272811,32.67065506927273,12.50738970560997,0.55,1.0,0.0013296103838125763,6.941103579934195,0.01565803806731179,3.955240551616449e-11,2.842170943040401e-14,Radau,55885266c44ecbbfe86be622c6ebd08b77151ee6ef7dfd5c8bbc8d4250b58e50
C7_213_PKA_COMMON_capacity_lower_quartile_F1.25_onset100,3,ae2_knockout,0.0,118.70843920696637,5.602526945408781,30.71068897643683,27.584412627744904,117.42564452584861,47.40874726161581,18.166404010970098,0.05,0.0,0.0005326687021469527,7.03359104009902,0.01589885015205195,0.0007002472937620545,3.122502256758253e-17,Radau,55885266c44ecbbfe86be622c6ebd08b77151ee6ef7dfd5c8bbc8d4250b58e50
C7_213_PKA_COMMON_capacity_lower_quartile_F1.25_onset100,3,ae2_knockout,50.0,118.66947578776308,5.590840926354154,31.27982456473027,27.283939440750256,117.67983123592794,46.28071947387614,20.693456449657408,0.05,0.0,0.0005268804221021881,7.065654352467559,0.021040942955290715,1.9159345508993705e-09,1.4210854715202004e-14,Radau,55885266c44ecbbfe86be622c6ebd08b77151ee6ef7dfd5c8bbc8d4250b58e50
C7_213_PKA_COMMON_capacity_lower_quartile_F1.25_onset100,3,ae2_knockout,100.0,118.66947578778722,5.590840926338343,31.279824562876165,27.28393943879087,117.67983123793195,46.280719473305446,20.693456445702125,0.05,0.0,0.0005268804220096522,7.06565408871427,0.02104094294832062,2.3438213586869574e-10,1.4210854715202004e-14,Radau,55885266c44ecbbfe86be622c6ebd08b77151ee6ef7dfd5c8bbc8d4250b58e50
C7_213_PKA_COMMON_capacity_lower_quartile_F1.25_onset100,3,ae2_knockout,100.0000001,118.66962421273567,5.59085166590297,31.279824562780618,27.283939440267815,117.67982597993917,46.28071472098919,20.693455941263966,0.55,1.0,0.00052707326545211,7.065654090437209,0.026301180194144923,0.1484133527451566,1.4210854715202004e-14,Radau,55885266c44ecbbfe86be622c6ebd08b77151ee6ef7dfd5c8bbc8d4250b58e50
C7_213_PKA_COMMON_capacity_lower_quartile_F1.25_onset100,3,ae2_knockout,149.99999999999716,124.26407537571005,6.897776234256348,23.467089389211885,38.87106014272899,112.40072910438485,31.792604997999526,15.525043237984814,0.55,1.0,0.0013155963216817165,6.988192770453271,0.024855716820729484,4.2958608389158356e-10,1.541464438731266e-15,Radau,55885266c44ecbbfe86be622c6ebd08b77151ee6ef7dfd5c8bbc8d4250b58e50
C7_213_PKA_COMMON_capacity_lower_quartile_F1.25_onset100,3,ae2_knockout,199.99999999999432,124.26407537569581,6.897776234254578,23.46708938924637,38.871060142992185,112.40072910411234,31.792604998005736,15.525043238131946,0.55,1.0,0.0013155963216636862,6.988192728650362,0.0248557168211359,2.1881112249449176e-11,1.4210854715202004e-14,Radau,55885266c44ecbbfe86be622c6ebd08b77151ee6ef7dfd5c8bbc8d4250b58e50
C7_213_PKA_COMMON_capacity_lower_quartile_F1.6_onset100,3,ae4_knockout,0.0,118.70843920696637,5.602526945408781,30.71068897643683,27.584412627744904,117.42564452584861,47.40874726161581,18.166404010970098,0.05,0.0,0.0005326687021469527,7.03359104009902,0.0,0.0015530928170475332,3.122502256758253e-17,Radau,55885266c44ecbbfe86be622c6ebd08b77151ee6ef7dfd5c8bbc8d4250b58e50
C7_213_PKA_COMMON_capacity_lower_quartile_F1.6_onset100,3,ae4_knockout,50.0,118.67626001241294,5.563771387994077,60.128074819301766,21.46860655887661,123.48886304331633,48.38648142728037,55.999243252408654,0.05,0.0,0.0005104352435304085,7.3613364054644945,0.0,1.5456096204782865e-05,2.1316282072803006e-14,Radau,55885266c44ecbbfe86be622c6ebd08b77151ee6ef7dfd5c8bbc8d4250b58e50
C7_213_PKA_COMMON_capacity_lower_quartile_F1.6_onset100,3,ae4_knockout,100.0,118.5922934316417,5.56041686136661,64.18054107346312,21.214667284337697,123.65377069655389,48.684685366270884,58.17377671249385,0.05,0.0,0.0005111405382357278,7.374228431213785,0.0,3.7663797314205607e-06,2.1316282072803006e-14,Radau,55885266c44ecbbfe86be622c6ebd08b77151ee6ef7dfd5c8bbc8d4250b58e50
C7_213_PKA_COMMON_capacity_lower_quartile_F1.6_onset100,3,ae4_knockout,100.0000001,118.59245284829295,5.560428396256078,64.18054107712875,21.214667284155055,123.65376803308612,48.68468270280008,58.173776714484966,0.55,1.0,0.0005113442074377066,7.374228432966915,0.0,0.1594044146373549,2.1316282072803006e-14,Radau,55885266c44ecbbfe86be622c6ebd08b77151ee6ef7dfd5c8bbc8d4250b58e50
C7_213_PKA_COMMON_capacity_lower_quartile_F1.6_onset100,3,ae4_knockout,149.99999999999716,124.57845524669067,6.95545366480433,28.77021542476577,33.321812714382546,118.29007680749065,32.39618970307798,34.423087977191926,0.55,1.0,0.0013581224191931928,7.19845197588417,0.0,2.784681076184916e-08,6.175615574477433e-16,Radau,55885266c44ecbbfe86be622c6ebd08b77151ee6ef7dfd5c8bbc8d4250b58e50
C7_213_PKA_COMMON_capacity_lower_quartile_F1.6_onset100,3,ae4_knockout,199.99999999999432,124.57849346359788,6.955453947962527,28.76993690445873,33.321950231400365,118.28998046062124,32.39614037384544,34.42235760360874,0.55,1.0,0.0013581198880392613,7.198447557056588,0.0,1.2543188363012984e-08,1.4502288259166107e-15,Radau,55885266c44ecbbfe86be622c6ebd08b77151ee6ef7dfd5c8bbc8d4250b58e50
C7_213_PKA_COMMON_capacity_lower_quartile_F1.6_onset100,3,wt,0.0,118.70843920696637,5.602526945408781,30.71068897643683,27.584412627744904,117.42564452584861,47.40874726161581,18.166404010970098,0.05,0.0,0.0005326687021469527,7.03359104009902,0.01589885015205195,1.540090938917816e-13,3.122502256758253e-17,Radau,55885266c44ecbbfe86be622c6ebd08b77151ee6ef7dfd5c8bbc8d4250b58e50
C7_213_PKA_COMMON_capacity_lower_quartile_F1.6_onset100,3,wt,50.0,118.70843920696463,5.602526945408886,30.710688976250843,27.584412627754734,117.42564452583713,47.408747261630914,18.16640401047176,0.05,0.0,0.000532668702147439,7.033591042432819,0.01589885015116032,1.8500028711072563e-11,2.842170943040401e-14,Radau,55885266c44ecbbfe86be622c6ebd08b77151ee6ef7dfd5c8bbc8d4250b58e50
C7_213_PKA_COMMON_capacity_lower_quartile_F1.6_onset100,3,wt,100.0,118.70843920696583,5.602526945408817,30.710688976238263,27.58441262774482,117.42564452584816,47.408747261624896,18.166404010446872,0.05,0.0,0.0005326687021469782,7.03359104009902,0.01589885015111896,1.8083653365471545e-13,5.160802341031001e-17,Radau,55885266c44ecbbfe86be622c6ebd08b77151ee6ef7dfd5c8bbc8d4250b58e50
C7_213_PKA_COMMON_capacity_lower_quartile_F1.6_onset100,3,wt,100.0000001,118.70858889342468,5.602537776251945,30.710688976141753,27.584412647888307,117.42563896839015,47.40874265585937,18.16640307864835,0.55,1.0,0.0005328634582179061,7.03359103963226,0.02543816027921983,0.14967474435405298,7.025630077706069e-16,Radau,55885266c44ecbbfe86be622c6ebd08b77151ee6ef7dfd5c8bbc8d4250b58e50
C7_213_PKA_COMMON_capacity_lower_quartile_F1.6_onset100,3,wt,149.99999999999716,124.33801684124667,6.911446865270529,22.780538412111998,40.30902353222344,111.0428258342051,32.67458799180148,11.590203971406876,0.55,1.0,0.001325608739860723,6.925194904010098,0.01681284686804237,1.3376221067305177e-11,1.4210854715202004e-14,Radau,55885266c44ecbbfe86be622c6ebd08b77151ee6ef7dfd5c8bbc8d4250b58e50
C7_213_PKA_COMMON_capacity_lower_quartile_F1.6_onset100,3,wt,199.99999999999432,124.3380168412032,6.911446865265283,22.780538412106278,40.30902353256057,111.0428258338221,32.67458799176155,11.590203971359896,0.55,1.0,0.0013256087398715855,6.92519495565005,0.01681284686790396,5.39116662980041e-10,1.4210854715202004e-14,Radau,55885266c44ecbbfe86be622c6ebd08b77151ee6ef7dfd5c8bbc8d4250b58e50
C7_213_PKA_COMMON_capacity_lower_quartile_F1.6_onset100,3,ae2_knockout,0.0,118.70843920696637,5.602526945408781,30.71068897643683,27.584412627744904,117.42564452584861,47.40874726161581,18.166404010970098,0.05,0.0,0.0005326687021469527,7.03359104009902,0.01589885015205195,0.0007002472937620545,3.122502256758253e-17,Radau,55885266c44ecbbfe86be622c6ebd08b77151ee6ef7dfd5c8bbc8d4250b58e50
C7_213_PKA_COMMON_capacity_lower_quartile_F1.6_onset100,3,ae2_knockout,50.0,118.66947578776308,5.590840926354154,31.27982456473027,27.283939440750256,117.67983123592794,46.28071947387614,20.693456449657408,0.05,0.0,0.0005268804221021881,7.065654352467559,0.021040942955290715,1.9159345508993705e-09,1.4210854715202004e-14,Radau,55885266c44ecbbfe86be622c6ebd08b77151ee6ef7dfd5c8bbc8d4250b58e50
C7_213_PKA_COMMON_capacity_lower_quartile_F1.6_onset100,3,ae2_knockout,100.0,118.66947578778722,5.590840926338343,31.279824562876165,27.28393943879087,117.67983123793195,46.280719473305446,20.693456445702125,0.05,0.0,0.0005268804220096522,7.06565408871427,0.02104094294832062,2.3438213586869574e-10,1.4210854715202004e-14,Radau,55885266c44ecbbfe86be622c6ebd08b77151ee6ef7dfd5c8bbc8d4250b58e50
C7_213_PKA_COMMON_capacity_lower_quartile_F1.6_onset100,3,ae2_knockout,100.0000001,118.66962421271985,5.5908516659022345,31.27982456278047,27.28393944221821,117.67982574255556,46.28071519185698,20.69345523496267,0.55,1.0,0.0005270735382266879,7.065654090078263,0.03366550810398875,0.14841332112744823,2.842170943040401e-14,Radau,55885266c44ecbbfe86be622c6ebd08b77151ee6ef7dfd5c8bbc8d4250b58e50
C7_213_PKA_COMMON_capacity_lower_quartile_F1.6_onset100,3,ae2_knockout,149.99999999999716,124.23305003559544,6.892020243308019,23.152118605940167,39.67502405219308,111.56314085824374,31.808731690481892,14.061062076034268,0.55,1.0,0.0013113929058885035,6.9658120325219866,0.026392718585166303,9.584490513369244e-11,5.811323644522304e-16,Radau,55885266c44ecbbfe86be622c6ebd08b77151ee6ef7dfd5c8bbc8d4250b58e50
C7_213_PKA_COMMON_capacity_lower_quartile_F1.6_onset100,3,ae2_knockout,199.99999999999432,124.23305003559842,6.89202024331045,23.152118605926997,39.67502405208308,111.56314085836087,31.80873169048712,14.061062075967792,0.55,1.0,0.0013113929058953058,6.965812066349592,0.026392718584925968,2.245340944534497e-10,1.4210854715202004e-14,Radau,55885266c44ecbbfe86be622c6ebd08b77151ee6ef7dfd5c8bbc8d4250b58e50
C7_213_PKA_COMMON_capacity_lower_quartile_F3_onset100,3,ae4_knockout,0.0,118.70843920696637,5.602526945408781,30.71068897643683,27.584412627744904,117.42564452584861,47.40874726161581,18.166404010970098,0.05,0.0,0.0005326687021469527,7.03359104009902,0.0,0.0015530928170475332,3.122502256758253e-17,Radau,55885266c44ecbbfe86be622c6ebd08b77151ee6ef7dfd5c8bbc8d4250b58e50
C7_213_PKA_COMMON_capacity_lower_quartile_F3_onset100,3,ae4_knockout,50.0,118.67626001241294,5.563771387994077,60.128074819301766,21.46860655887661,123.48886304331633,48.38648142728037,55.999243252408654,0.05,0.0,0.0005104352435304085,7.3613364054644945,0.0,1.5456096204782865e-05,2.1316282072803006e-14,Radau,55885266c44ecbbfe86be622c6ebd08b77151ee6ef7dfd5c8bbc8d4250b58e50
C7_213_PKA_COMMON_capacity_lower_quartile_F3_onset100,3,ae4_knockout,100.0,118.5922934316417,5.56041686136661,64.18054107346312,21.214667284337697,123.65377069655389,48.684685366270884,58.17377671249385,0.05,0.0,0.0005111405382357278,7.374228431213785,0.0,3.7663797314205607e-06,2.1316282072803006e-14,Radau,55885266c44ecbbfe86be622c6ebd08b77151ee6ef7dfd5c8bbc8d4250b58e50
C7_213_PKA_COMMON_capacity_lower_quartile_F3_onset100,3,ae4_knockout,100.0000001,118.59245284829295,5.560428396256078,64.18054107712875,21.214667284155055,123.65376803308612,48.68468270280008,58.173776714484966,0.55,1.0,0.0005113442074377066,7.374228432966915,0.0,0.1594044146373549,2.1316282072803006e-14,Radau,55885266c44ecbbfe86be622c6ebd08b77151ee6ef7dfd5c8bbc8d4250b58e50
C7_213_PKA_COMMON_capacity_lower_quartile_F3_onset100,3,ae4_knockout,149.99999999999716,124.57845524669067,6.95545366480433,28.77021542476577,33.321812714382546,118.29007680749065,32.39618970307798,34.423087977191926,0.55,1.0,0.0013581224191931928,7.19845197588417,0.0,2.784681076184916e-08,6.175615574477433e-16,Radau,55885266c44ecbbfe86be622c6ebd08b77151ee6ef7dfd5c8bbc8d4250b58e50
C7_213_PKA_COMMON_capacity_lower_quartile_F3_onset100,3,ae4_knockout,199.99999999999432,124.57849346359788,6.955453947962527,28.76993690445873,33.321950231400365,118.28998046062124,32.39614037384544,34.42235760360874,0.55,1.0,0.0013581198880392613,7.198447557056588,0.0,1.2543188363012984e-08,1.4502288259166107e-15,Radau,55885266c44ecbbfe86be622c6ebd08b77151ee6ef7dfd5c8bbc8d4250b58e50
C7_213_PKA_COMMON_capacity_lower_quartile_F3_onset100,3,wt,0.0,118.70843920696637,5.602526945408781,30.71068897643683,27.584412627744904,117.42564452584861,47.40874726161581,18.166404010970098,0.05,0.0,0.0005326687021469527,7.03359104009902,0.01589885015205195,1.540090938917816e-13,3.122502256758253e-17,Radau,55885266c44ecbbfe86be622c6ebd08b77151ee6ef7dfd5c8bbc8d4250b58e50
C7_213_PKA_COMMON_capacity_lower_quartile_F3_onset100,3,wt,50.0,118.70843920696463,5.602526945408886,30.710688976250843,27.584412627754734,117.42564452583713,47.408747261630914,18.16640401047176,0.05,0.0,0.000532668702147439,7.033591042432819,0.01589885015116032,1.8500028711072563e-11,2.842170943040401e-14,Radau,55885266c44ecbbfe86be622c6ebd08b77151ee6ef7dfd5c8bbc8d4250b58e50
C7_213_PKA_COMMON_capacity_lower_quartile_F3_onset100,3,wt,100.0,118.70843920696583,5.602526945408817,30.710688976238263,27.58441262774482,117.42564452584816,47.408747261624896,18.166404010446872,0.05,0.0,0.0005326687021469782,7.03359104009902,0.01589885015111896,1.8083653365471545e-13,5.160802341031001e-17,Radau,55885266c44ecbbfe86be622c6ebd08b77151ee6ef7dfd5c8bbc8d4250b58e50
C7_213_PKA_COMMON_capacity_lower_quartile_F3_onset100,3,wt,100.0000001,118.70858889337593,5.602537776249673,30.7106889761413,27.584412694687074,117.42563819681698,47.40874410541263,18.166400904319694,0.55,1.0,0.0005328642979464871,7.03359103876542,0.04769653681035787,0.14967464688717685,1.4210854715202004e-14,Radau,55885266c44ecbbfe86be622c6ebd08b77151ee6ef7dfd5c8bbc8d4250b58e50
C7_213_PKA_COMMON_capacity_lower_quartile_F3_onset100,3,wt,149.99999999999716,124.23080874283593,6.891603968506545,22.40380128322702,42.59336874406544,108.64234448664006,32.610816121215294,9.737096501036183,0.55,1.0,0.0013110891957966578,6.890345743521703,0.019344873454799967,1.5574255057606645e-10,2.842170943040401e-14,Radau,55885266c44ecbbfe86be622c6ebd08b77151ee6ef7dfd5c8bbc8d4250b58e50
C7_213_PKA_COMMON_capacity_lower_quartile_F3_onset100,3,wt,199.99999999999432,124.23080874923349,6.891603968956996,22.40380127678374,42.593368697565005,108.6423445401232,32.61081611323898,9.737096484675126,0.55,1.0,0.0013110891957452274,6.890345757617758,0.01934487335506272,1.74646135732171e-11,1.4210854715202004e-14,Radau,55885266c44ecbbfe86be622c6ebd08b77151ee6ef7dfd5c8bbc8d4250b58e50
C7_213_PKA_COMMON_capacity_lower_quartile_F3_onset100,3,ae2_knockout,0.0,118.70843920696637,5.602526945408781,30.71068897643683,27.584412627744904,117.42564452584861,47.40874726161581,18.166404010970098,0.05,0.0,0.0005326687021469527,7.03359104009902,0.01589885015205195,0.0007002472937620545,3.122502256758253e-17,Radau,55885266c44ecbbfe86be622c6ebd08b77151ee6ef7dfd5c8bbc8d4250b58e50
C7_213_PKA_COMMON_capacity_lower_quartile_F3_onset100,3,ae2_knockout,50.0,118.66947578776308,5.590840926354154,31.27982456473027,27.283939440750256,117.67983123592794,46.28071947387614,20.693456449657408,0.05,0.0,0.0005268804221021881,7.065654352467559,0.021040942955290715,1.9159345508993705e-09,1.4210854715202004e-14,Radau,55885266c44ecbbfe86be622c6ebd08b77151ee6ef7dfd5c8bbc8d4250b58e50
C7_213_PKA_COMMON_capacity_lower_quartile_F3_onset100,3,ae2_knockout,100.0,118.66947578778722,5.590840926338343,31.279824562876165,27.28393943879087,117.67983123793195,46.280719473305446,20.693456445702125,0.05,0.0,0.0005268804220096522,7.06565408871427,0.02104094294832062,2.3438213586869574e-10,1.4210854715202004e-14,Radau,55885266c44ecbbfe86be622c6ebd08b77151ee6ef7dfd5c8bbc8d4250b58e50
C7_213_PKA_COMMON_capacity_lower_quartile_F3_onset100,3,ae2_knockout,100.0000001,118.66962421265661,5.590851665899293,31.279824562779872,27.283939450019812,117.67982479302137,46.28071707532778,20.693452409758017,0.55,1.0,0.0005270746293248446,7.065654088929637,0.06312280861110865,0.14841319465663172,1.4210854715202004e-14,Radau,55885266c44ecbbfe86be622c6ebd08b77151ee6ef7dfd5c8bbc8d4250b58e50
C7_213_PKA_COMMON_capacity_lower_quartile_F3_onset100,3,ae2_knockout,149.99999999999716,124.1247182562448,6.8718286923824845,22.549275507026113,42.141530139192824,108.97914944056785,31.786559920257293,11.148790307659056,0.55,1.0,0.0012967051015781677,6.916413788895161,0.02991794249705743,8.543685205476909e-11,1.4210854715202004e-14,Radau,55885266c44ecbbfe86be622c6ebd08b77151ee6ef7dfd5c8bbc8d4250b58e50
C7_213_PKA_COMMON_capacity_lower_quartile_F3_onset100,3,ae2_knockout,199.99999999999432,124.1247182562723,6.87182869238415,22.54927550699999,42.14153013905344,108.97914944073347,31.786559920224967,11.148790307606955,0.55,1.0,0.0012967051015665208,6.916413736405117,0.02991794249676864,4.6076683759490613e-10,1.4210854715202004e-14,Radau,55885266c44ecbbfe86be622c6ebd08b77151ee6ef7dfd5c8bbc8d4250b58e50
C7_213_PKA_COMMON_capacity_lower_quartile_F10_onset100,3,ae4_knockout,0.0,118.70843920696637,5.602526945408781,30.71068897643683,27.584412627744904,117.42564452584861,47.40874726161581,18.166404010970098,0.05,0.0,0.0005326687021469527,7.03359104009902,0.0,0.0015530928170475332,3.122502256758253e-17,Radau,55885266c44ecbbfe86be622c6ebd08b77151ee6ef7dfd5c8bbc8d4250b58e50
C7_213_PKA_COMMON_capacity_lower_quartile_F10_onset100,3,ae4_knockout,50.0,118.67626001241294,5.563771387994077,60.128074819301766,21.46860655887661,123.48886304331633,48.38648142728037,55.999243252408654,0.05,0.0,0.0005104352435304085,7.3613364054644945,0.0,1.5456096204782865e-05,2.1316282072803006e-14,Radau,55885266c44ecbbfe86be622c6ebd08b77151ee6ef7dfd5c8bbc8d4250b58e50
C7_213_PKA_COMMON_capacity_lower_quartile_F10_onset100,3,ae4_knockout,100.0,118.5922934316417,5.56041686136661,64.18054107346312,21.214667284337697,123.65377069655389,48.684685366270884,58.17377671249385,0.05,0.0,0.0005111405382357278,7.374228431213785,0.0,3.7663797314205607e-06,2.1316282072803006e-14,Radau,55885266c44ecbbfe86be622c6ebd08b77151ee6ef7dfd5c8bbc8d4250b58e50
C7_213_PKA_COMMON_capacity_lower_quartile_F10_onset100,3,ae4_knockout,100.0000001,118.59245284829295,5.560428396256078,64.18054107712875,21.214667284155055,123.65376803308612,48.68468270280008,58.173776714484966,0.55,1.0,0.0005113442074377066,7.374228432966915,0.0,0.1594044146373549,2.1316282072803006e-14,Radau,55885266c44ecbbfe86be622c6ebd08b77151ee6ef7dfd5c8bbc8d4250b58e50
C7_213_PKA_COMMON_capacity_lower_quartile_F10_onset100,3,ae4_knockout,149.99999999999716,124.57845524669067,6.95545366480433,28.77021542476577,33.321812714382546,118.29007680749065,32.39618970307798,34.423087977191926,0.55,1.0,0.0013581224191931928,7.19845197588417,0.0,2.784681076184916e-08,6.175615574477433e-16,Radau,55885266c44ecbbfe86be622c6ebd08b77151ee6ef7dfd5c8bbc8d4250b58e50
C7_213_PKA_COMMON_capacity_lower_quartile_F10_onset100,3,ae4_knockout,199.99999999999432,124.57849346359788,6.955453947962527,28.76993690445873,33.321950231400365,118.28998046062124,32.39614037384544,34.42235760360874,0.55,1.0,0.0013581198880392613,7.198447557056588,0.0,1.2543188363012984e-08,1.4502288259166107e-15,Radau,55885266c44ecbbfe86be622c6ebd08b77151ee6ef7dfd5c8bbc8d4250b58e50
C7_213_PKA_COMMON_capacity_lower_quartile_F10_onset100,3,wt,0.0,118.70843920696637,5.602526945408781,30.71068897643683,27.584412627744904,117.42564452584861,47.40874726161581,18.166404010970098,0.05,0.0,0.0005326687021469527,7.03359104009902,0.01589885015205195,1.540090938917816e-13,3.122502256758253e-17,Radau,55885266c44ecbbfe86be622c6ebd08b77151ee6ef7dfd5c8bbc8d4250b58e50
C7_213_PKA_COMMON_capacity_lower_quartile_F10_onset100,3,wt,50.0,118.70843920696463,5.602526945408886,30.710688976250843,27.584412627754734,117.42564452583713,47.408747261630914,18.16640401047176,0.05,0.0,0.000532668702147439,7.033591042432819,0.01589885015116032,1.8500028711072563e-11,2.842170943040401e-14,Radau,55885266c44ecbbfe86be622c6ebd08b77151ee6ef7dfd5c8bbc8d4250b58e50
C7_213_PKA_COMMON_capacity_lower_quartile_F10_onset100,3,wt,100.0,118.70843920696583,5.602526945408817,30.710688976238263,27.58441262774482,117.42564452584816,47.408747261624896,18.166404010446872,0.05,0.0,0.0005326687021469782,7.03359104009902,0.01589885015111896,1.8083653365471545e-13,5.160802341031001e-17,Radau,55885266c44ecbbfe86be622c6ebd08b77151ee6ef7dfd5c8bbc8d4250b58e50
C7_213_PKA_COMMON_capacity_lower_quartile_F10_onset100,3,wt,100.0000001,118.70858889313224,5.602537776238313,30.710688976139,27.58441292868149,117.42563433895363,47.40875135317263,18.1663900326858,0.55,1.0,0.0005328684965858443,7.03359103409782,0.15898822748177788,0.14967415955320573,7.216449660063518e-16,Radau,55885266c44ecbbfe86be622c6ebd08b77151ee6ef7dfd5c8bbc8d4250b58e50
C7_213_PKA_COMMON_capacity_lower_quartile_F10_onset100,3,wt,149.99999999999716,123.70935790384343,6.793026743898069,22.006267082376635,52.05900275708163,98.60998674802667,32.051063130533855,7.763123795599924,0.55,1.0,0.0012402316258107414,6.845899762012932,0.022095426372428527,2.568480714223421e-10,2.3592239273284576e-16,Radau,55885266c44ecbbfe86be622c6ebd08b77151ee6ef7dfd5c8bbc8d4250b58e50
C7_213_PKA_COMMON_capacity_lower_quartile_F10_onset100,3,wt,199.99999999999432,123.70935790381778,6.793026743890667,22.00626708244811,52.05900275838399,98.6099867466893,32.05106313073265,7.763123795733289,0.55,1.0,0.0012402316258047987,6.845899740415366,0.022095426375060644,5.524868100140264e-12,2.842170943040401e-14,Radau,55885266c44ecbbfe86be622c6ebd08b77151ee6ef7dfd5c8bbc8d4250b58e50
C7_213_PKA_COMMON_capacity_midpoint_F1_onset100,3,ae4_knockout,0.0,118.72043175389094,5.606113914012589,30.23742354990151,28.069130555598562,116.95516254223912,47.32544999822702,17.020652236103324,0.05,0.0,0.0005344491483507951,7.017773796190708,0.0,0.0016732997759412928,6.245004513516506e-17,Radau,55885266c44ecbbfe86be622c6ebd08b77151ee6ef7dfd5c8bbc8d4250b58e50
C7_213_PKA_COMMON_capacity_midpoint_F1_onset100,3,ae4_knockout,50.0,118.67671303590672,5.5637895934051,60.108188410395655,21.4699682841475,123.48798171624146,48.38489202664819,55.987890141902824,0.05,0.0,0.0005104315086989233,7.361268055473559,0.0,1.5519101829426047e-05,7.105427357601002e-15,Radau,55885266c44ecbbfe86be622c6ebd08b77151ee6ef7dfd5c8bbc8d4250b58e50
C7_213_PKA_COMMON_capacity_midpoint_F1_onset100,3,ae4_knockout,100.0,118.59238477354238,5.560420488608992,64.17569678535186,21.21494524745931,123.65358957551558,48.68435696333353,58.171332781186145,0.05,0.0,0.0005111397565517459,7.374214183173441,0.0,3.7791092849712962e-06,3.729655473350135e-17,Radau,55885266c44ecbbfe86be622c6ebd08b77151ee6ef7dfd5c8bbc8d4250b58e50
C7_213_PKA_COMMON_capacity_midpoint_F1_onset100,3,ae4_knockout,100.0000001,118.59254418935302,5.560432023437645,64.17569678903024,21.214945247275857,123.6535869118613,48.684354299676606,58.17133278318409,0.55,1.0,0.0005113434249130372,7.374214183757799,0.0,0.15940357408072794,2.1316282072803006e-14,Radau,55885266c44ecbbfe86be622c6ebd08b77151ee6ef7dfd5c8bbc8d4250b58e50
C7_213_PKA_COMMON_capacity_midpoint_F1_onset100,3,ae4_knockout,149.99999999999716,124.57845527834914,6.955453664941388,28.7702151902145,33.32181283414392,118.29007672178659,32.396189659560974,34.42308736344392,0.55,1.0,0.0013581224170746166,7.1984522768616,0.0,2.4501868186555732e-08,1.4210854715202004e-14,Radau,55885266c44ecbbfe86be622c6ebd08b77151ee6ef7dfd5c8bbc8d4250b58e50
C7_213_PKA_COMMON_capacity_midpoint_F1_onset100,3,ae4_knockout,199.99999999999432,124.57849346476273,6.955453947981909,28.769936908021524,33.32195023477839,118.28998045846919,32.396140372658735,34.422357616589046,0.55,1.0,0.001358119887951713,7.198447097310848,0.0,7.545079221787634e-09,4.77048955893622e-16,Radau,55885266c44ecbbfe86be622c6ebd08b77151ee6ef7dfd5c8bbc8d4250b58e50
C7_213_PKA_COMMON_capacity_midpoint_F1_onset100,3,wt,0.0,118.72043175389094,5.606113914012589,30.23742354990151,28.069130555598562,116.95516254223912,47.32544999822702,17.020652236103324,0.05,0.0,0.0005344491483507951,7.017773796190708,0.016865424681996352,1.9978277556785474e-13,6.158268339717665e-17,Radau,55885266c44ecbbfe86be622c6ebd08b77151ee6ef7dfd5c8bbc8d4250b58e50
C7_213_PKA_COMMON_capacity_midpoint_F1_onset100,3,wt,50.0,118.72043175386158,5.606113914012332,30.23742354994776,28.069130555682925,116.95516254212401,47.325449998286516,17.020652236136335,0.05,0.0,0.0005344491483518183,7.017773796897955,0.016865424682034603,5.643943719300088e-12,8.847089727481716e-17,Radau,55885266c44ecbbfe86be622c6ebd08b77151ee6ef7dfd5c8bbc8d4250b58e50
C7_213_PKA_COMMON_capacity_midpoint_F1_onset100,3,wt,100.0,118.72043175387657,5.606113914013092,30.237423549939884,28.06913055571933,116.9551625421036,47.325449998261234,17.02065223615652,0.05,0.0,0.0005344491483518434,7.017773797155136,0.01686542468209237,7.625629592043183e-12,5.074066167232161e-17,Radau,55885266c44ecbbfe86be622c6ebd08b77151ee6ef7dfd5c8bbc8d4250b58e50
C7_213_PKA_COMMON_capacity_midpoint_F1_onset100,3,wt,100.0000001,118.72058069383252,5.606124690840957,30.237423549844003,28.069130555808716,116.95515725998584,47.325444715923254,17.020652236210317,0.55,1.0,0.0005346426693522538,7.0177737970908405,0.01686542695827765,0.1489283136611804,1.4210854715202004e-14,Radau,55885266c44ecbbfe86be622c6ebd08b77151ee6ef7dfd5c8bbc8d4250b58e50
C7_213_PKA_COMMON_capacity_midpoint_F1_onset100,3,wt,149.99999999999716,124.3709061621958,6.917506292771763,22.99464632505298,39.505974834278106,111.8814791834837,32.66940280111838,12.628099874034012,0.55,1.0,0.0013300598507403343,6.943142151769969,0.015510969890689029,3.0097868870139006e-10,2.842170943040401e-14,Radau,55885266c44ecbbfe86be622c6ebd08b77151ee6ef7dfd5c8bbc8d4250b58e50
C7_213_PKA_COMMON_capacity_midpoint_F1_onset100,3,wt,199.99999999999432,124.3709061623429,6.917506292706865,22.994646329921522,39.505974854109354,111.88147916373713,32.669402802863395,12.628099894842729,0.55,1.0,0.0013300598507312875,6.9431421245899125,0.015510969944542274,4.04237803298038e-11,1.4210854715202004e-14,Radau,55885266c44ecbbfe86be622c6ebd08b77151ee6ef7dfd5c8bbc8d4250b58e50
C7_213_PKA_COMMON_capacity_midpoint_F1_onset100,3,ae2_knockout,0.0,118.72043175389094,5.606113914012589,30.23742354990151,28.069130555598562,116.95516254223912,47.32544999822702,17.020652236103324,0.05,0.0,0.0005344491483507951,7.017773796190708,0.016865424681996352,0.0007133971255891707,6.245004513516506e-17,Radau,55885266c44ecbbfe86be622c6ebd08b77151ee6ef7dfd5c8bbc8d4250b58e50
C7_213_PKA_COMMON_capacity_midpoint_F1_onset100,3,ae2_knockout,50.0,118.68247084824571,5.594743903943875,30.6459937498631,27.807517937627896,117.17169330542393,46.19444622208997,19.18216518117198,0.05,0.0,0.0005288115506044725,7.046455772395678,0.022191079222212976,4.914738297176324e-12,2.842170943040401e-14,Radau,55885266c44ecbbfe86be622c6ebd08b77151ee6ef7dfd5c8bbc8d4250b58e50
C7_213_PKA_COMMON_capacity_midpoint_F1_onset100,3,ae2_knockout,100.0,118.6824708484057,5.5947439039637255,30.645993750711753,27.807517939521535,117.17169330370125,46.19444622200992,19.182165183626513,0.05,0.0,0.0005288115506182607,7.046455776654132,0.02219107922767919,2.8940391177735835e-11,1.4210854715202004e-14,Radau,55885266c44ecbbfe86be622c6ebd08b77151ee6ef7dfd5c8bbc8d4250b58e50
C7_213_PKA_COMMON_capacity_midpoint_F1_onset100,3,ae2_knockout,100.0000001,118.68261847002927,5.5947545854018905,30.645993750616764,27.807517939608104,117.17168813813613,46.194441056225344,19.182165183685864,0.55,1.0,0.0005290032778083704,7.0464557762420235,0.022191081871943394,0.14761009312047377,1.4210854715202004e-14,Radau,55885266c44ecbbfe86be622c6ebd08b77151ee6ef7dfd5c8bbc8d4250b58e50
C7_213_PKA_COMMON_capacity_midpoint_F1_onset100,3,ae2_knockout,149.99999999999716,124.26761709787084,6.898432563534478,23.50954443349189,38.77611697597929,112.49951006018614,31.790048580733977,15.719164014198379,0.55,1.0,0.0013160760802031534,6.991058113273134,0.024662076079106324,1.7208280281761776e-09,2.842170943040401e-14,Radau,55885266c44ecbbfe86be622c6ebd08b77151ee6ef7dfd5c8bbc8d4250b58e50
C7_213_PKA_COMMON_capacity_midpoint_F1_onset100,3,ae2_knockout,199.99999999999432,124.26761709783514,6.8984325635296395,23.509544433832065,38.7761169766561,112.49951005946777,31.790048580895,15.719164015472403,0.55,1.0,0.001316076080228984,6.991058219016343,0.024662076082509057,2.7552795061866884e-09,1.4210854715202004e-14,Radau,55885266c44ecbbfe86be622c6ebd08b77151ee6ef7dfd5c8bbc8d4250b58e50
C7_213_PKA_COMMON_capacity_midpoint_F1.25_onset100,3,ae4_knockout,0.0,118.72043175389094,5.606113914012589,30.23742354990151,28.069130555598562,116.95516254223912,47.32544999822702,17.020652236103324,0.05,0.0,0.0005344491483507951,7.017773796190708,0.0,0.0016732997759412928,6.245004513516506e-17,Radau,55885266c44ecbbfe86be622c6ebd08b77151ee6ef7dfd5c8bbc8d4250b58e50
C7_213_PKA_COMMON_capacity_midpoint_F1.25_onset100,3,ae4_knockout,50.0,118.67671303590672,5.5637895934051,60.108188410395655,21.4699682841475,123.48798171624146,48.38489202664819,55.987890141902824,0.05,0.0,0.0005104315086989233,7.361268055473559,0.0,1.5519101829426047e-05,7.105427357601002e-15,Radau,55885266c44ecbbfe86be622c6ebd08b77151ee6ef7dfd5c8bbc8d4250b58e50
C7_213_PKA_COMMON_capacity_midpoint_F1.25_onset100,3,ae4_knockout,100.0,118.59238477354238,5.560420488608992,64.17569678535186,21.21494524745931,123.65358957551558,48.68435696333353,58.171332781186145,0.05,0.0,0.0005111397565517459,7.374214183173441,0.0,3.7791092849712962e-06,3.729655473350135e-17,Radau,55885266c44ecbbfe86be622c6ebd08b77151ee6ef7dfd5c8bbc8d4250b58e50
C7_213_PKA_COMMON_capacity_midpoint_F1.25_onset100,3,ae4_knockout,100.0000001,118.59254418935302,5.560432023437645,64.17569678903024,21.214945247275857,123.6535869118613,48.684354299676606,58.17133278318409,0.55,1.0,0.0005113434249130372,7.374214183757799,0.0,0.15940357408072794,2.1316282072803006e-14,Radau,55885266c44ecbbfe86be622c6ebd08b77151ee6ef7dfd5c8bbc8d4250b58e50
C7_213_PKA_COMMON_capacity_midpoint_F1.25_onset100,3,ae4_knockout,149.99999999999716,124.57845527834914,6.955453664941388,28.7702151902145,33.32181283414392,118.29007672178659,32.396189659560974,34.42308736344392,0.55,1.0,0.0013581224170746166,7.1984522768616,0.0,2.4501868186555732e-08,1.4210854715202004e-14,Radau,55885266c44ecbbfe86be622c6ebd08b77151ee6ef7dfd5c8bbc8d4250b58e50
C7_213_PKA_COMMON_capacity_midpoint_F1.25_onset100,3,ae4_knockout,199.99999999999432,124.57849346476273,6.955453947981909,28.769936908021524,33.32195023477839,118.28998045846919,32.396140372658735,34.422357616589046,0.55,1.0,0.001358119887951713,7.198447097310848,0.0,7.545079221787634e-09,4.77048955893622e-16,Radau,55885266c44ecbbfe86be622c6ebd08b77151ee6ef7dfd5c8bbc8d4250b58e50
C7_213_PKA_COMMON_capacity_midpoint_F1.25_onset100,3,wt,0.0,118.72043175389094,5.606113914012589,30.23742354990151,28.069130555598562,116.95516254223912,47.32544999822702,17.020652236103324,0.05,0.0,0.0005344491483507951,7.017773796190708,0.016865424681996352,1.9978277556785474e-13,6.158268339717665e-17,Radau,55885266c44ecbbfe86be622c6ebd08b77151ee6ef7dfd5c8bbc8d4250b58e50
C7_213_PKA_COMMON_capacity_midpoint_F1.25_onset100,3,wt,50.0,118.72043175386158,5.606113914012332,30.23742354994776,28.069130555682925,116.95516254212401,47.325449998286516,17.020652236136335,0.05,0.0,0.0005344491483518183,7.017773796897955,0.016865424682034603,5.643943719300088e-12,8.847089727481716e-17,Radau,55885266c44ecbbfe86be622c6ebd08b77151ee6ef7dfd5c8bbc8d4250b58e50
C7_213_PKA_COMMON_capacity_midpoint_F1.25_onset100,3,wt,100.0,118.72043175387657,5.606113914013092,30.237423549939884,28.06913055571933,116.9551625421036,47.325449998261234,17.02065223615652,0.05,0.0,0.0005344491483518434,7.017773797155136,0.01686542468209237,7.625629592043183e-12,5.074066167232161e-17,Radau,55885266c44ecbbfe86be622c6ebd08b77151ee6ef7dfd5c8bbc8d4250b58e50
C7_213_PKA_COMMON_capacity_midpoint_F1.25_onset100,3,wt,100.0000001,118.72058069382312,5.606124690840519,30.23742354984391,28.069130569696338,116.95515710665698,47.32544499480661,17.02065181788553,0.55,1.0,0.0005346428309097592,7.0177737968336595,0.021081782385807636,0.1489282949042235,1.4210854715202004e-14,Radau,55885266c44ecbbfe86be622c6ebd08b77151ee6ef7dfd5c8bbc8d4250b58e50
C7_213_PKA_COMMON_capacity_midpoint_F1.25_onset100,3,wt,149.99999999999716,124.34496067191168,6.9127272626587875,22.819953641669784,40.144714776450314,111.21465259537123,32.674776472347006,11.782496382776277,0.55,1.0,0.001326548614777479,6.928594298074319,0.016565205511928048,2.507696591511389e-10,1.4216058885629934e-15,Radau,55885266c44ecbbfe86be622c6ebd08b77151ee6ef7dfd5c8bbc8d4250b58e50
C7_213_PKA_COMMON_capacity_midpoint_F1.25_onset100,3,wt,199.99999999999432,124.34496067187398,6.912727262664145,22.8199536414539,40.14471477519367,111.21465259662152,32.67477647225222,11.782496381846673,0.55,1.0,0.0013265486147539243,6.928594322735833,0.016565205508932507,1.6810006145646662e-12,1.4210854715202004e-14,Radau,55885266c44ecbbfe86be622c6ebd08b77151ee6ef7dfd5c8bbc8d4250b58e50
C7_213_PKA_COMMON_capacity_midpoint_F1.25_onset100,3,ae2_knockout,0.0,118.72043175389094,5.606113914012589,30.23742354990151,28.069130555598562,116.95516254223912,47.32544999822702,17.020652236103324,0.05,0.0,0.0005344491483507951,7.017773796190708,0.016865424681996352,0.0007133971255891707,6.245004513516506e-17,Radau,55885266c44ecbbfe86be622c6ebd08b77151ee6ef7dfd5c8bbc8d4250b58e50
C7_213_PKA_COMMON_capacity_midpoint_F1.25_onset100,3,ae2_knockout,50.0,118.68247084824571,5.594743903943875,30.6459937498631,27.807517937627896,117.17169330542393,46.19444622208997,19.18216518117198,0.05,0.0,0.0005288115506044725,7.046455772395678,0.022191079222212976,4.914738297176324e-12,2.842170943040401e-14,Radau,55885266c44ecbbfe86be622c6ebd08b77151ee6ef7dfd5c8bbc8d4250b58e50
C7_213_PKA_COMMON_capacity_midpoint_F1.25_onset100,3,ae2_knockout,100.0,118.6824708484057,5.5947439039637255,30.645993750711753,27.807517939521535,117.17169330370125,46.19444622200992,19.182165183626513,0.05,0.0,0.0005288115506182607,7.046455776654132,0.02219107922767919,2.8940391177735835e-11,1.4210854715202004e-14,Radau,55885266c44ecbbfe86be622c6ebd08b77151ee6ef7dfd5c8bbc8d4250b58e50
C7_213_PKA_COMMON_capacity_midpoint_F1.25_onset100,3,ae2_knockout,100.0000001,118.6826184700171,5.594754585401325,30.645993750616647,27.80751794533229,117.17168795138488,46.19444141828054,19.18216464060336,0.55,1.0,0.0005290034875475929,7.04645577603597,0.027738850539698538,0.14761006880417538,5.828670879282072e-16,Radau,55885266c44ecbbfe86be622c6ebd08b77151ee6ef7dfd5c8bbc8d4250b58e50
C7_213_PKA_COMMON_capacity_midpoint_F1.25_onset100,3,ae2_knockout,149.99999999999716,124.24026386088758,6.893359646076496,23.217098082492676,39.49253372946502,111.75345018612957,31.805995591390253,14.366518854429216,0.55,1.0,0.001312370379320593,6.970599735952392,0.02606035797883492,1.6566955443522462e-10,1.4210854715202004e-14,Radau,55885266c44ecbbfe86be622c6ebd08b77151ee6ef7dfd5c8bbc8d4250b58e50
C7_213_PKA_COMMON_capacity_midpoint_F1.25_onset100,3,ae2_knockout,199.99999999999432,124.24026386091057,6.893359646081117,23.217098082334363,39.49253372862413,111.75345018699683,31.805995591325498,14.366518853752503,0.55,1.0,0.0013123703793751665,6.970599944340203,0.02606035797661406,1.8139301564739793e-09,2.842170943040401e-14,Radau,55885266c44ecbbfe86be622c6ebd08b77151ee6ef7dfd5c8bbc8d4250b58e50
C7_213_PKA_COMMON_capacity_midpoint_F1.6_onset100,3,ae4_knockout,0.0,118.72043175389094,5.606113914012589,30.23742354990151,28.069130555598562,116.95516254223912,47.32544999822702,17.020652236103324,0.05,0.0,0.0005344491483507951,7.017773796190708,0.0,0.0016732997759412928,6.245004513516506e-17,Radau,55885266c44ecbbfe86be622c6ebd08b77151ee6ef7dfd5c8bbc8d4250b58e50
C7_213_PKA_COMMON_capacity_midpoint_F1.6_onset100,3,ae4_knockout,50.0,118.67671303590672,5.5637895934051,60.108188410395655,21.4699682841475,123.48798171624146,48.38489202664819,55.987890141902824,0.05,0.0,0.0005104315086989233,7.361268055473559,0.0,1.5519101829426047e-05,7.105427357601002e-15,Radau,55885266c44ecbbfe86be622c6ebd08b77151ee6ef7dfd5c8bbc8d4250b58e50
C7_213_PKA_COMMON_capacity_midpoint_F1.6_onset100,3,ae4_knockout,100.0,118.59238477354238,5.560420488608992,64.17569678535186,21.21494524745931,123.65358957551558,48.68435696333353,58.171332781186145,0.05,0.0,0.0005111397565517459,7.374214183173441,0.0,3.7791092849712962e-06,3.729655473350135e-17,Radau,55885266c44ecbbfe86be622c6ebd08b77151ee6ef7dfd5c8bbc8d4250b58e50
C7_213_PKA_COMMON_capacity_midpoint_F1.6_onset100,3,ae4_knockout,100.0000001,118.59254418935302,5.560432023437645,64.17569678903024,21.214945247275857,123.6535869118613,48.684354299676606,58.17133278318409,0.55,1.0,0.0005113434249130372,7.374214183757799,0.0,0.15940357408072794,2.1316282072803006e-14,Radau,55885266c44ecbbfe86be622c6ebd08b77151ee6ef7dfd5c8bbc8d4250b58e50
C7_213_PKA_COMMON_capacity_midpoint_F1.6_onset100,3,ae4_knockout,149.99999999999716,124.57845527834914,6.955453664941388,28.7702151902145,33.32181283414392,118.29007672178659,32.396189659560974,34.42308736344392,0.55,1.0,0.0013581224170746166,7.1984522768616,0.0,2.4501868186555732e-08,1.4210854715202004e-14,Radau,55885266c44ecbbfe86be622c6ebd08b77151ee6ef7dfd5c8bbc8d4250b58e50
C7_213_PKA_COMMON_capacity_midpoint_F1.6_onset100,3,ae4_knockout,199.99999999999432,124.57849346476273,6.955453947981909,28.769936908021524,33.32195023477839,118.28998045846919,32.396140372658735,34.422357616589046,0.55,1.0,0.001358119887951713,7.198447097310848,0.0,7.545079221787634e-09,4.77048955893622e-16,Radau,55885266c44ecbbfe86be622c6ebd08b77151ee6ef7dfd5c8bbc8d4250b58e50
C7_213_PKA_COMMON_capacity_midpoint_F1.6_onset100,3,wt,0.0,118.72043175389094,5.606113914012589,30.23742354990151,28.069130555598562,116.95516254223912,47.32544999822702,17.020652236103324,0.05,0.0,0.0005344491483507951,7.017773796190708,0.016865424681996352,1.9978277556785474e-13,6.158268339717665e-17,Radau,55885266c44ecbbfe86be622c6ebd08b77151ee6ef7dfd5c8bbc8d4250b58e50
C7_213_PKA_COMMON_capacity_midpoint_F1.6_onset100,3,wt,50.0,118.72043175386158,5.606113914012332,30.23742354994776,28.069130555682925,116.95516254212401,47.325449998286516,17.020652236136335,0.05,0.0,0.0005344491483518183,7.017773796897955,0.016865424682034603,5.643943719300088e-12,8.847089727481716e-17,Radau,55885266c44ecbbfe86be622c6ebd08b77151ee6ef7dfd5c8bbc8d4250b58e50
C7_213_PKA_COMMON_capacity_midpoint_F1.6_onset100,3,wt,100.0,118.72043175387657,5.606113914013092,30.237423549939884,28.06913055571933,116.9551625421036,47.325449998261234,17.02065223615652,0.05,0.0,0.0005344491483518434,7.017773797155136,0.01686542468209237,7.625629592043183e-12,5.074066167232161e-17,Radau,55885266c44ecbbfe86be622c6ebd08b77151ee6ef7dfd5c8bbc8d4250b58e50
C7_213_PKA_COMMON_capacity_midpoint_F1.6_onset100,3,wt,100.0000001,118.72058069380999,5.6061246908399065,30.237423549843793,28.069130589139007,116.95515689199658,47.32544538524327,17.02065123223087,0.55,1.0,0.0005346430570903531,7.017773796640774,0.0269846791026593,0.14892826864447364,1.4210854715202004e-14,Radau,55885266c44ecbbfe86be622c6ebd08b77151ee6ef7dfd5c8bbc8d4250b58e50
C7_213_PKA_COMMON_capacity_midpoint_F1.6_onset100,3,wt,149.99999999999716,124.31090665963137,6.906442334038314,22.649819059415336,40.92709585672743,110.3953969648067,32.66812355178588,10.949280725104316,0.55,1.0,0.0013219386315832635,6.913596329615871,0.01765955116168006,1.2685549848706712e-09,1.5768636396629176e-15,Radau,55885266c44ecbbfe86be622c6ebd08b77151ee6ef7dfd5c8bbc8d4250b58e50
C7_213_PKA_COMMON_capacity_midpoint_F1.6_onset100,3,wt,199.99999999999432,124.3109066643349,6.906442334154093,22.649819065719335,40.927095897107684,110.39539692945395,32.6681235562968,10.949280755631545,0.55,1.0,0.001321938631377039,6.913596209886958,0.01765955128796637,3.976826360250203e-11,1.4210854715202004e-14,Radau,55885266c44ecbbfe86be622c6ebd08b77151ee6ef7dfd5c8bbc8d4250b58e50
C7_213_PKA_COMMON_capacity_midpoint_F1.6_onset100,3,ae2_knockout,0.0,118.72043175389094,5.606113914012589,30.23742354990151,28.069130555598562,116.95516254223912,47.32544999822702,17.020652236103324,0.05,0.0,0.0005344491483507951,7.017773796190708,0.016865424681996352,0.0007133971255891707,6.245004513516506e-17,Radau,55885266c44ecbbfe86be622c6ebd08b77151ee6ef7dfd5c8bbc8d4250b58e50
C7_213_PKA_COMMON_capacity_midpoint_F1.6_onset100,3,ae2_knockout,50.0,118.68247084824571,5.594743903943875,30.6459937498631,27.807517937627896,117.17169330542393,46.19444622208997,19.18216518117198,0.05,0.0,0.0005288115506044725,7.046455772395678,0.022191079222212976,4.914738297176324e-12,2.842170943040401e-14,Radau,55885266c44ecbbfe86be622c6ebd08b77151ee6ef7dfd5c8bbc8d4250b58e50
C7_213_PKA_COMMON_capacity_midpoint_F1.6_onset100,3,ae2_knockout,100.0,118.6824708484057,5.5947439039637255,30.645993750711753,27.807517939521535,117.17169330370125,46.19444622200992,19.182165183626513,0.05,0.0,0.0005288115506182607,7.046455776654132,0.02219107922767919,2.8940391177735835e-11,1.4210854715202004e-14,Radau,55885266c44ecbbfe86be622c6ebd08b77151ee6ef7dfd5c8bbc8d4250b58e50
C7_213_PKA_COMMON_capacity_midpoint_F1.6_onset100,3,ae2_knockout,100.0000001,118.68261847000007,5.594754585400532,30.645993750616487,27.807517953346153,117.17168768993318,46.19444192515779,19.182163880287916,0.55,1.0,0.0005290037811824837,7.046455775829915,0.03550572546480087,0.14761003476135995,1.4210854715202004e-14,Radau,55885266c44ecbbfe86be622c6ebd08b77151ee6ef7dfd5c8bbc8d4250b58e50
C7_213_PKA_COMMON_capacity_midpoint_F1.6_onset100,3,ae2_knockout,149.99999999999716,124.20521211228112,6.886845521972957,22.939162642149796,40.35500374784661,110.85298284866967,31.81369003252036,13.047740162356575,0.55,1.0,0.00130762018020006,6.949439277873443,0.027543040077520904,7.134824156043304e-09,9.367506770274758e-17,Radau,55885266c44ecbbfe86be622c6ebd08b77151ee6ef7dfd5c8bbc8d4250b58e50
C7_213_PKA_COMMON_capacity_midpoint_F1.6_onset100,3,ae2_knockout,199.99999999999432,124.20521211244522,6.88684552197217,22.93916264406782,40.355003756608006,110.85298284020496,31.813690033935725,13.047740169931277,0.55,1.0,0.0013076201802543308,6.949440045691175,0.027543040108341833,3.7863861494427075e-10,1.0200174038743626e-15,Radau,55885266c44ecbbfe86be622c6ebd08b77151ee6ef7dfd5c8bbc8d4250b58e50
C7_213_PKA_COMMON_capacity_midpoint_F3_onset100,3,ae4_knockout,0.0,118.72043175389094,5.606113914012589,30.23742354990151,28.069130555598562,116.95516254223912,47.32544999822702,17.020652236103324,0.05,0.0,0.0005344491483507951,7.017773796190708,0.0,0.0016732997759412928,6.245004513516506e-17,Radau,55885266c44ecbbfe86be622c6ebd08b77151ee6ef7dfd5c8bbc8d4250b58e50
C7_213_PKA_COMMON_capacity_midpoint_F3_onset100,3,ae4_knockout,50.0,118.67671303590672,5.5637895934051,60.108188410395655,21.4699682841475,123.48798171624146,48.38489202664819,55.987890141902824,0.05,0.0,0.0005104315086989233,7.361268055473559,0.0,1.5519101829426047e-05,7.105427357601002e-15,Radau,55885266c44ecbbfe86be622c6ebd08b77151ee6ef7dfd5c8bbc8d4250b58e50
C7_213_PKA_COMMON_capacity_midpoint_F3_onset100,3,ae4_knockout,100.0,118.59238477354238,5.560420488608992,64.17569678535186,21.21494524745931,123.65358957551558,48.68435696333353,58.171332781186145,0.05,0.0,0.0005111397565517459,7.374214183173441,0.0,3.7791092849712962e-06,3.729655473350135e-17,Radau,55885266c44ecbbfe86be622c6ebd08b77151ee6ef7dfd5c8bbc8d4250b58e50
C7_213_PKA_COMMON_capacity_midpoint_F3_onset100,3,ae4_knockout,100.0000001,118.59254418935302,5.560432023437645,64.17569678903024,21.214945247275857,123.6535869118613,48.684354299676606,58.17133278318409,0.55,1.0,0.0005113434249130372,7.374214183757799,0.0,0.15940357408072794,2.1316282072803006e-14,Radau,55885266c44ecbbfe86be622c6ebd08b77151ee6ef7dfd5c8bbc8d4250b58e50
C7_213_PKA_COMMON_capacity_midpoint_F3_onset100,3,ae4_knockout,149.99999999999716,124.57845527834914,6.955453664941388,28.7702151902145,33.32181283414392,118.29007672178659,32.396189659560974,34.42308736344392,0.55,1.0,0.0013581224170746166,7.1984522768616,0.0,2.4501868186555732e-08,1.4210854715202004e-14,Radau,55885266c44ecbbfe86be622c6ebd08b77151ee6ef7dfd5c8bbc8d4250b58e50
C7_213_PKA_COMMON_capacity_midpoint_F3_onset100,3,ae4_knockout,199.99999999999432,124.57849346476273,6.955453947981909,28.769936908021524,33.32195023477839,118.28998045846919,32.396140372658735,34.422357616589046,0.55,1.0,0.001358119887951713,7.198447097310848,0.0,7.545079221787634e-09,4.77048955893622e-16,Radau,55885266c44ecbbfe86be622c6ebd08b77151ee6ef7dfd5c8bbc8d4250b58e50
C7_213_PKA_COMMON_capacity_midpoint_F3_onset100,3,wt,0.0,118.72043175389094,5.606113914012589,30.23742354990151,28.069130555598562,116.95516254223912,47.32544999822702,17.020652236103324,0.05,0.0,0.0005344491483507951,7.017773796190708,0.016865424681996352,1.9978277556785474e-13,6.158268339717665e-17,Radau,55885266c44ecbbfe86be622c6ebd08b77151ee6ef7dfd5c8bbc8d4250b58e50
C7_213_PKA_COMMON_capacity_midpoint_F3_onset100,3,wt,50.0,118.72043175386158,5.606113914012332,30.23742354994776,28.069130555682925,116.95516254212401,47.325449998286516,17.020652236136335,0.05,0.0,0.0005344491483518183,7.017773796897955,0.016865424682034603,5.643943719300088e-12,8.847089727481716e-17,Radau,55885266c44ecbbfe86be622c6ebd08b77151ee6ef7dfd5c8bbc8d4250b58e50
C7_213_PKA_COMMON_capacity_midpoint_F3_onset100,3,wt,100.0,118.72043175387657,5.606113914013092,30.237423549939884,28.06913055571933,116.9551625421036,47.325449998261234,17.02065223615652,0.05,0.0,0.0005344491483518434,7.017773797155136,0.01686542468209237,7.625629592043183e-12,5.074066167232161e-17,Radau,55885266c44ecbbfe86be622c6ebd08b77151ee6ef7dfd5c8bbc8d4250b58e50
C7_213_PKA_COMMON_capacity_midpoint_F3_onset100,3,wt,100.0000001,118.72058069375748,5.606124690837457,30.237423549843296,28.06913066690973,116.95515603335512,47.325446946989565,17.020648889612744,0.55,1.0,0.0005346439618124669,7.017773795676347,0.050596255683681944,0.14892816360550426,2.842170943040401e-14,Radau,55885266c44ecbbfe86be622c6ebd08b77151ee6ef7dfd5c8bbc8d4250b58e50
C7_213_PKA_COMMON_capacity_midpoint_F3_onset100,3,wt,149.99999999999716,124.18394505711024,6.882885792648495,22.314657750351472,43.499440794959845,107.68546742489322,32.56197541439434,9.300144787050781,0.55,1.0,0.0013047372322828824,6.881437170316823,0.019972701978565335,6.150437845331289e-10,7.927686285214008e-16,Radau,55885266c44ecbbfe86be622c6ebd08b77151ee6ef7dfd5c8bbc8d4250b58e50
C7_213_PKA_COMMON_capacity_midpoint_F3_onset100,3,wt,199.99999999999432,124.1839450573514,6.882885792661099,22.314657750243093,43.49944079421602,107.68546742587108,32.56197541426566,9.3001447868987,0.55,1.0,0.0013047372322920886,6.881437116909339,0.019972701977514128,2.727687003004739e-11,7.216449660063518e-16,Radau,55885266c44ecbbfe86be622c6ebd08b77151ee6ef7dfd5c8bbc8d4250b58e50
C7_213_PKA_COMMON_capacity_midpoint_F3_onset100,3,ae2_knockout,0.0,118.72043175389094,5.606113914012589,30.23742354990151,28.069130555598562,116.95516254223912,47.32544999822702,17.020652236103324,0.05,0.0,0.0005344491483507951,7.017773796190708,0.016865424681996352,0.0007133971255891707,6.245004513516506e-17,Radau,55885266c44ecbbfe86be622c6ebd08b77151ee6ef7dfd5c8bbc8d4250b58e50
C7_213_PKA_COMMON_capacity_midpoint_F3_onset100,3,ae2_knockout,50.0,118.68247084824571,5.594743903943875,30.6459937498631,27.807517937627896,117.17169330542393,46.19444622208997,19.18216518117198,0.05,0.0,0.0005288115506044725,7.046455772395678,0.022191079222212976,4.914738297176324e-12,2.842170943040401e-14,Radau,55885266c44ecbbfe86be622c6ebd08b77151ee6ef7dfd5c8bbc8d4250b58e50
C7_213_PKA_COMMON_capacity_midpoint_F3_onset100,3,ae2_knockout,100.0,118.6824708484057,5.5947439039637255,30.645993750711753,27.807517939521535,117.17169330370125,46.19444622200992,19.182165183626513,0.05,0.0,0.0005288115506182607,7.046455776654132,0.02219107922767919,2.8940391177735835e-11,1.4210854715202004e-14,Radau,55885266c44ecbbfe86be622c6ebd08b77151ee6ef7dfd5c8bbc8d4250b58e50
C7_213_PKA_COMMON_capacity_midpoint_F3_onset100,3,ae2_knockout,100.0000001,118.68261846993201,5.5947545853973635,30.645993750615848,27.807517985401653,117.1716866441265,46.194443952666305,19.182160839026825,0.55,1.0,0.0005290049557217652,7.046455774524905,0.06657321105140937,0.147609898590131,2.842170943040401e-14,Radau,55885266c44ecbbfe86be622c6ebd08b77151ee6ef7dfd5c8bbc8d4250b58e50
C7_213_PKA_COMMON_capacity_midpoint_F3_onset100,3,ae2_knockout,149.99999999999716,124.07812610935719,6.863099527213245,22.412026951952555,43.08983769868684,107.9802739803773,31.75170248282584,10.4705687660415,0.55,1.0,0.0012903829139185102,6.903712908640243,0.030842952812220013,1.356877836088086e-09,2.842170943040401e-14,Radau,55885266c44ecbbfe86be622c6ebd08b77151ee6ef7dfd5c8bbc8d4250b58e50
C7_213_PKA_COMMON_capacity_midpoint_F3_onset100,3,ae2_knockout,199.99999999999432,124.07812610928943,6.8630995272268756,22.412026950783286,43.08983768843869,107.98027399057122,31.75170248121932,10.4705687618758,0.55,1.0,0.0012903829139595284,6.9037130452057935,0.030842952781406002,9.313122746938965e-11,2.842170943040401e-14,Radau,55885266c44ecbbfe86be622c6ebd08b77151ee6ef7dfd5c8bbc8d4250b58e50
C7_213_PKA_COMMON_capacity_midpoint_F10_onset100,3,ae4_knockout,0.0,118.72043175389094,5.606113914012589,30.23742354990151,28.069130555598562,116.95516254223912,47.32544999822702,17.020652236103324,0.05,0.0,0.0005344491483507951,7.017773796190708,0.0,0.0016732997759412928,6.245004513516506e-17,Radau,55885266c44ecbbfe86be622c6ebd08b77151ee6ef7dfd5c8bbc8d4250b58e50
C7_213_PKA_COMMON_capacity_midpoint_F10_onset100,3,ae4_knockout,50.0,118.67671303590672,5.5637895934051,60.108188410395655,21.4699682841475,123.48798171624146,48.38489202664819,55.987890141902824,0.05,0.0,0.0005104315086989233,7.361268055473559,0.0,1.5519101829426047e-05,7.105427357601002e-15,Radau,55885266c44ecbbfe86be622c6ebd08b77151ee6ef7dfd5c8bbc8d4250b58e50
C7_213_PKA_COMMON_capacity_midpoint_F10_onset100,3,ae4_knockout,100.0,118.59238477354238,5.560420488608992,64.17569678535186,21.21494524745931,123.65358957551558,48.68435696333353,58.171332781186145,0.05,0.0,0.0005111397565517459,7.374214183173441,0.0,3.7791092849712962e-06,3.729655473350135e-17,Radau,55885266c44ecbbfe86be622c6ebd08b77151ee6ef7dfd5c8bbc8d4250b58e50
C7_213_PKA_COMMON_capacity_midpoint_F10_onset100,3,ae4_knockout,100.0000001,118.59254418935302,5.560432023437645,64.17569678903024,21.214945247275857,123.6535869118613,48.684354299676606,58.17133278318409,0.55,1.0,0.0005113434249130372,7.374214183757799,0.0,0.15940357408072794,2.1316282072803006e-14,Radau,55885266c44ecbbfe86be622c6ebd08b77151ee6ef7dfd5c8bbc8d4250b58e50
C7_213_PKA_COMMON_capacity_midpoint_F10_onset100,3,ae4_knockout,149.99999999999716,124.57845527834914,6.955453664941388,28.7702151902145,33.32181283414392,118.29007672178659,32.396189659560974,34.42308736344392,0.55,1.0,0.0013581224170746166,7.1984522768616,0.0,2.4501868186555732e-08,1.4210854715202004e-14,Radau,55885266c44ecbbfe86be622c6ebd08b77151ee6ef7dfd5c8bbc8d4250b58e50
C7_213_PKA_COMMON_capacity_midpoint_F10_onset100,3,ae4_knockout,199.99999999999432,124.57849346476273,6.955453947981909,28.769936908021524,33.32195023477839,118.28998045846919,32.396140372658735,34.422357616589046,0.55,1.0,0.001358119887951713,7.198447097310848,0.0,7.545079221787634e-09,4.77048955893622e-16,Radau,55885266c44ecbbfe86be622c6ebd08b77151ee6ef7dfd5c8bbc8d4250b58e50
C7_213_PKA_COMMON_capacity_midpoint_F10_onset100,3,wt,0.0,118.72043175389094,5.606113914012589,30.23742354990151,28.069130555598562,116.95516254223912,47.32544999822702,17.020652236103324,0.05,0.0,0.0005344491483507951,7.017773796190708,0.016865424681996352,1.9978277556785474e-13,6.158268339717665e-17,Radau,55885266c44ecbbfe86be622c6ebd08b77151ee6ef7dfd5c8bbc8d4250b58e50
C7_213_PKA_COMMON_capacity_midpoint_F10_onset100,3,wt,50.0,118.72043175386158,5.606113914012332,30.23742354994776,28.069130555682925,116.95516254212401,47.325449998286516,17.020652236136335,0.05,0.0,0.0005344491483518183,7.017773796897955,0.016865424682034603,5.643943719300088e-12,8.847089727481716e-17,Radau,55885266c44ecbbfe86be622c6ebd08b77151ee6ef7dfd5c8bbc8d4250b58e50
C7_213_PKA_COMMON_capacity_midpoint_F10_onset100,3,wt,100.0,118.72043175387657,5.606113914013092,30.237423549939884,28.06913055571933,116.9551625421036,47.325449998261234,17.02065223615652,0.05,0.0,0.0005344491483518434,7.017773797155136,0.01686542468209237,7.625629592043183e-12,5.074066167232161e-17,Radau,55885266c44ecbbfe86be622c6ebd08b77151ee6ef7dfd5c8bbc8d4250b58e50
C7_213_PKA_COMMON_capacity_midpoint_F10_onset100,3,wt,100.0000001,118.72058069349487,5.606124690825205,30.23742354984082,28.06913105576417,116.9551517401511,47.32545475571291,17.020637176534354,0.55,1.0,0.0005346484854180852,7.017773790468438,0.16865389171589532,0.1489276384112308,2.4980018054066022e-15,Radau,55885266c44ecbbfe86be622c6ebd08b77151ee6ef7dfd5c8bbc8d4250b58e50
C7_213_PKA_COMMON_capacity_midpoint_F10_onset100,3,wt,149.99999999999716,123.5425323470507,6.760734866690161,21.98463771634206,55.06817230145887,95.41882106911187,31.94376958623909,7.579359392917052,0.55,1.0,0.0012174762404525063,6.84070114463909,0.02231277230348671,7.001112381995187e-10,1.4085954624931674e-15,Radau,55885266c44ecbbfe86be622c6ebd08b77151ee6ef7dfd5c8bbc8d4250b58e50
C7_213_PKA_COMMON_capacity_midpoint_F10_onset100,3,wt,199.99999999999432,123.54253234690627,6.760734866686887,21.984637716074648,55.068172297999766,95.4188210724184,31.943769585284254,7.579359392389599,0.55,1.0,0.001217476240434178,6.840701084380826,0.022312772291818665,8.289811910640518e-12,8.222589276130066e-16,Radau,55885266c44ecbbfe86be622c6ebd08b77151ee6ef7dfd5c8bbc8d4250b58e50
C7_213_PKA_COMMON_capacity_upper_quartile_F1_onset100,3,ae4_knockout,0.0,118.73284170124717,5.609820853376699,29.807391590704352,28.585088822360465,116.4539314239584,47.22454000274421,15.972345183755218,0.05,0.0,0.0005362910059956628,7.0026620930830905,0.0,0.001791579898947422,2.842170943040401e-14,Radau,55885266c44ecbbfe86be622c6ebd08b77151ee6ef7dfd5c8bbc8d4250b58e50
C7_213_PKA_COMMON_capacity_upper_quartile_F1_onset100,3,ae4_knockout,50.0,118.67710325438529,5.563805275800823,60.09107441867434,21.4711411564487,123.4872226424196,48.38352313641647,55.97811413203269,0.05,0.0,0.000510428292238463,7.361209188712267,0.0,1.5573372119488335e-05,3.552713678800501e-14,Radau,55885266c44ecbbfe86be622c6ebd08b77151ee6ef7dfd5c8bbc8d4250b58e50
C7_213_PKA_COMMON_capacity_upper_quartile_F1_onset100,3,ae4_knockout,100.0,118.59246334622021,5.560423608817094,64.17153054385949,21.215184349398267,123.65343377754799,48.68407447694003,58.169230642382175,0.05,0.0,0.0005111390841752889,7.374201947774512,0.0,3.7900592698414653e-06,2.3418766925686896e-17,Radau,55885266c44ecbbfe86be622c6ebd08b77151ee6ef7dfd5c8bbc8d4250b58e50
C7_213_PKA_COMMON_capacity_upper_quartile_F1_onset100,3,ae4_knockout,100.0000001,118.59262276130778,5.560435143593435,64.17153054754881,21.215184349214084,123.65343111373328,48.684071813123026,58.16923064438609,0.55,1.0,0.000511342751813367,7.3742019452910625,0.0,0.1594028510392749,7.105427357601002e-15,Radau,55885266c44ecbbfe86be622c6ebd08b77151ee6ef7dfd5c8bbc8d4250b58e50
C7_213_PKA_COMMON_capacity_upper_quartile_F1_onset100,3,ae4_knockout,149.99999999999716,124.5784552822065,6.955453664960868,28.77021515896844,33.32181284799582,118.29007671210407,32.396189654290225,34.42308728074789,0.55,1.0,0.0013581224168316363,7.198452596455414,0.0,2.101874479587295e-08,1.4210854715202004e-14,Radau,55885266c44ecbbfe86be622c6ebd08b77151ee6ef7dfd5c8bbc8d4250b58e50
C7_213_PKA_COMMON_capacity_upper_quartile_F1_onset100,3,ae4_knockout,199.99999999999432,124.57849346477825,6.9554539479850135,28.769936908035184,33.32195023468613,118.28998045858836,32.39614037271353,34.42235761670353,0.55,1.0,0.0013581198878562446,7.198446396825746,0.0,6.71164474079314e-11,1.4210854715202004e-14,Radau,55885266c44ecbbfe86be622c6ebd08b77151ee6ef7dfd5c8bbc8d4250b58e50
C7_213_PKA_COMMON_capacity_upper_quartile_F1_onset100,3,wt,0.0,118.73284170124717,5.609820853376699,29.807391590704352,28.585088822360465,116.4539314239584,47.22454000274421,15.972345183755218,0.05,0.0,0.0005362910059956628,7.0026620930830905,0.017800774539148405,1.169130281773096e-13,2.842170943040401e-14,Radau,55885266c44ecbbfe86be622c6ebd08b77151ee6ef7dfd5c8bbc8d4250b58e50
C7_213_PKA_COMMON_capacity_upper_quartile_F1_onset100,3,wt,50.0,118.73284170124263,5.609820853376104,29.807391590691708,28.58508882230733,116.45393142400653,47.22454000274438,15.972345183715351,0.05,0.0,0.0005362910059954064,7.002662092958898,0.017800774539043534,1.0465770945946123e-12,2.842170943040401e-14,Radau,55885266c44ecbbfe86be622c6ebd08b77151ee6ef7dfd5c8bbc8d4250b58e50
C7_213_PKA_COMMON_capacity_upper_quartile_F1_onset100,3,wt,100.0,118.73284170124732,5.609820853376687,29.80739159071028,28.585088822358323,116.45393142396067,47.224540002743595,15.972345183772259,0.05,0.0,0.0005362910059956316,7.002662092958898,0.017800774539192897,1.0736699261033375e-12,1.4210854715202004e-14,Radau,55885266c44ecbbfe86be622c6ebd08b77151ee6ef7dfd5c8bbc8d4250b58e50
C7_213_PKA_COMMON_capacity_upper_quartile_F1_onset100,3,wt,100.0000001,118.73298982745725,5.609831571324309,29.807391590614873,28.585088822450206,116.45392609491168,47.22453467347361,15.972345183823178,0.55,1.0,0.0005364835574920179,7.002662092958898,0.017800777166371795,0.14811462460261243,1.8457457784393227e-15,Radau,55885266c44ecbbfe86be622c6ebd08b77151ee6ef7dfd5c8bbc8d4250b58e50
C7_213_PKA_COMMON_capacity_upper_quartile_F1_onset100,3,wt,149.99999999999716,124.34874908277621,6.913425575413047,22.84264640831978,40.05394198483463,111.3095268526294,32.67460243547832,11.892972144803785,0.55,1.0,0.0013270613630973708,6.930531536583529,0.01642426570036037,6.103501304516731e-10,2.8275992658421956e-16,Radau,55885266c44ecbbfe86be622c6ebd08b77151ee6ef7dfd5c8bbc8d4250b58e50
C7_213_PKA_COMMON_capacity_upper_quartile_F1_onset100,3,wt,199.99999999999432,124.34874908273677,6.9134255754105896,22.8426464083746,40.05394198441367,111.30952685303286,32.67460243553208,11.892972145005073,0.55,1.0,0.001327061363051406,6.930531476310831,0.016424265700969047,2.8033489417025593e-12,1.4210854715202004e-14,Radau,55885266c44ecbbfe86be622c6ebd08b77151ee6ef7dfd5c8bbc8d4250b58e50
C7_213_PKA_COMMON_capacity_upper_quartile_F1_onset100,3,ae2_knockout,0.0,118.73284170124717,5.609820853376699,29.807391590704352,28.585088822360465,116.4539314239584,47.22454000274421,15.972345183755218,0.05,0.0,0.0005362910059956628,7.0026620930830905,0.017800774539148405,0.0007263906353578658,2.842170943040401e-14,Radau,55885266c44ecbbfe86be622c6ebd08b77151ee6ef7dfd5c8bbc8d4250b58e50
C7_213_PKA_COMMON_capacity_upper_quartile_F1_onset100,3,ae2_knockout,50.0,118.69591953030219,5.598777364029456,30.08367780034637,28.360015173450915,116.63517052980379,46.094389448620646,17.810288394208218,0.05,0.0,0.0005308094317749662,7.028123116607558,0.023317908457832708,2.571721645423808e-09,2.842170943040401e-14,Radau,55885266c44ecbbfe86be622c6ebd08b77151ee6ef7dfd5c8bbc8d4250b58e50
C7_213_PKA_COMMON_capacity_upper_quartile_F1_onset100,3,ae2_knockout,100.0,118.69591953408127,5.598777364257352,30.08367780177005,28.360015184680964,116.63517052259637,46.0943894457626,17.810288404996836,0.05,0.0,0.0005308094317454047,7.02812279034208,0.023317908488762387,3.0558922914677775e-11,5.681219383824043e-17,Radau,55885266c44ecbbfe86be622c6ebd08b77151ee6ef7dfd5c8bbc8d4250b58e50
C7_213_PKA_COMMON_capacity_upper_quartile_F1_onset100,3,ae2_knockout,100.0000001,118.69606629277439,5.598787983256454,30.083677801675556,28.360015184770475,116.63516529123619,46.0943842141814,17.8102884050526,0.55,1.0,0.0005310001494031771,7.028122790671309,0.023317911487805692,0.14674722191844236,1.4210854715202004e-14,Radau,55885266c44ecbbfe86be622c6ebd08b77151ee6ef7dfd5c8bbc8d4250b58e50
C7_213_PKA_COMMON_capacity_upper_quartile_F1_onset100,3,ae2_knockout,149.99999999999716,124.24421672366607,6.894093309346018,23.254673074031857,39.39140179646297,111.85886636840205,31.804235831050928,14.542340489407376,0.55,1.0,0.0013129059612930517,6.973326390458831,0.02587192948632691,4.0587784277836965e-10,5.152128723651117e-16,Radau,55885266c44ecbbfe86be622c6ebd08b77151ee6ef7dfd5c8bbc8d4250b58e50
C7_213_PKA_COMMON_capacity_upper_quartile_F1_onset100,3,ae2_knockout,199.99999999999432,124.24421672364396,6.894093309342323,23.25467307401409,39.39140179667629,111.85886636815964,31.804235830992116,14.542340489366559,0.55,1.0,0.001312905961286643,6.973326351281517,0.02587192948623702,3.223542065562798e-11,2.842170943040401e-14,Radau,55885266c44ecbbfe86be622c6ebd08b77151ee6ef7dfd5c8bbc8d4250b58e50
C7_213_PKA_COMMON_capacity_upper_quartile_F1.25_onset100,3,ae4_knockout,0.0,118.73284170124717,5.609820853376699,29.807391590704352,28.585088822360465,116.4539314239584,47.22454000274421,15.972345183755218,0.05,0.0,0.0005362910059956628,7.0026620930830905,0.0,0.001791579898947422,2.842170943040401e-14,Radau,55885266c44ecbbfe86be622c6ebd08b77151ee6ef7dfd5c8bbc8d4250b58e50
C7_213_PKA_COMMON_capacity_upper_quartile_F1.25_onset100,3,ae4_knockout,50.0,118.67710325438529,5.563805275800823,60.09107441867434,21.4711411564487,123.4872226424196,48.38352313641647,55.97811413203269,0.05,0.0,0.000510428292238463,7.361209188712267,0.0,1.5573372119488335e-05,3.552713678800501e-14,Radau,55885266c44ecbbfe86be622c6ebd08b77151ee6ef7dfd5c8bbc8d4250b58e50
C7_213_PKA_COMMON_capacity_upper_quartile_F1.25_onset100,3,ae4_knockout,100.0,118.59246334622021,5.560423608817094,64.17153054385949,21.215184349398267,123.65343377754799,48.68407447694003,58.169230642382175,0.05,0.0,0.0005111390841752889,7.374201947774512,0.0,3.7900592698414653e-06,2.3418766925686896e-17,Radau,55885266c44ecbbfe86be622c6ebd08b77151ee6ef7dfd5c8bbc8d4250b58e50
C7_213_PKA_COMMON_capacity_upper_quartile_F1.25_onset100,3,ae4_knockout,100.0000001,118.59262276130778,5.560435143593435,64.17153054754881,21.215184349214084,123.65343111373328,48.684071813123026,58.16923064438609,0.55,1.0,0.000511342751813367,7.3742019452910625,0.0,0.1594028510392749,7.105427357601002e-15,Radau,55885266c44ecbbfe86be622c6ebd08b77151ee6ef7dfd5c8bbc8d4250b58e50
C7_213_PKA_COMMON_capacity_upper_quartile_F1.25_onset100,3,ae4_knockout,149.99999999999716,124.5784552822065,6.955453664960868,28.77021515896844,33.32181284799582,118.29007671210407,32.396189654290225,34.42308728074789,0.55,1.0,0.0013581224168316363,7.198452596455414,0.0,2.101874479587295e-08,1.4210854715202004e-14,Radau,55885266c44ecbbfe86be622c6ebd08b77151ee6ef7dfd5c8bbc8d4250b58e50
C7_213_PKA_COMMON_capacity_upper_quartile_F1.25_onset100,3,ae4_knockout,199.99999999999432,124.57849346477825,6.9554539479850135,28.769936908035184,33.32195023468613,118.28998045858836,32.39614037271353,34.42235761670353,0.55,1.0,0.0013581198878562446,7.198446396825746,0.0,6.71164474079314e-11,1.4210854715202004e-14,Radau,55885266c44ecbbfe86be622c6ebd08b77151ee6ef7dfd5c8bbc8d4250b58e50
C7_213_PKA_COMMON_capacity_upper_quartile_F1.25_onset100,3,wt,0.0,118.73284170124717,5.609820853376699,29.807391590704352,28.585088822360465,116.4539314239584,47.22454000274421,15.972345183755218,0.05,0.0,0.0005362910059956628,7.0026620930830905,0.017800774539148405,1.169130281773096e-13,2.842170943040401e-14,Radau,55885266c44ecbbfe86be622c6ebd08b77151ee6ef7dfd5c8bbc8d4250b58e50
C7_213_PKA_COMMON_capacity_upper_quartile_F1.25_onset100,3,wt,50.0,118.73284170124263,5.609820853376104,29.807391590691708,28.58508882230733,116.45393142400653,47.22454000274438,15.972345183715351,0.05,0.0,0.0005362910059954064,7.002662092958898,0.017800774539043534,1.0465770945946123e-12,2.842170943040401e-14,Radau,55885266c44ecbbfe86be622c6ebd08b77151ee6ef7dfd5c8bbc8d4250b58e50
C7_213_PKA_COMMON_capacity_upper_quartile_F1.25_onset100,3,wt,100.0,118.73284170124732,5.609820853376687,29.80739159071028,28.585088822358323,116.45393142396067,47.224540002743595,15.972345183772259,0.05,0.0,0.0005362910059956316,7.002662092958898,0.017800774539192897,1.0736699261033375e-12,1.4210854715202004e-14,Radau,55885266c44ecbbfe86be622c6ebd08b77151ee6ef7dfd5c8bbc8d4250b58e50
C7_213_PKA_COMMON_capacity_upper_quartile_F1.25_onset100,3,wt,100.0000001,118.73298982744721,5.60983157132384,29.80739159061478,28.585088843918378,116.45392592414562,47.224534972070316,15.972344735928381,0.55,1.0,0.0005364837304695659,7.002662092834705,0.022250969772598446,0.1481146045134219,4.263256414560601e-14,Radau,55885266c44ecbbfe86be622c6ebd08b77151ee6ef7dfd5c8bbc8d4250b58e50
C7_213_PKA_COMMON_capacity_upper_quartile_F1.25_onset100,3,wt,149.99999999999716,124.31895456965702,6.907928905509893,22.68517240504084,40.74725183476026,110.5839565314627,32.67092935015578,11.123041049327277,0.55,1.0,0.0013230282432428705,6.916783206831986,0.01742678097889596,3.17310598221136e-11,2.842170943040401e-14,Radau,55885266c44ecbbfe86be622c6ebd08b77151ee6ef7dfd5c8bbc8d4250b58e50
C7_213_PKA_COMMON_capacity_upper_quartile_F1.25_onset100,3,wt,199.99999999999432,124.31895456967592,6.907928905510487,22.6851724050253,40.74725183473859,110.58395653150495,32.67092935013439,11.123041049296383,0.55,1.0,0.0013230282432410646,6.9167832039785,0.017426780978793154,2.225982588155339e-12,1.4210854715202004e-14,Radau,55885266c44ecbbfe86be622c6ebd08b77151ee6ef7dfd5c8bbc8d4250b58e50
C7_213_PKA_COMMON_capacity_upper_quartile_F1.25_onset100,3,ae2_knockout,0.0,118.73284170124717,5.609820853376699,29.807391590704352,28.585088822360465,116.4539314239584,47.22454000274421,15.972345183755218,0.05,0.0,0.0005362910059956628,7.0026620930830905,0.017800774539148405,0.0007263906353578658,2.842170943040401e-14,Radau,55885266c44ecbbfe86be622c6ebd08b77151ee6ef7dfd5c8bbc8d4250b58e50
C7_213_PKA_COMMON_capacity_upper_quartile_F1.25_onset100,3,ae2_knockout,50.0,118.69591953030219,5.598777364029456,30.08367780034637,28.360015173450915,116.63517052980379,46.094389448620646,17.810288394208218,0.05,0.0,0.0005308094317749662,7.028123116607558,0.023317908457832708,2.571721645423808e-09,2.842170943040401e-14,Radau,55885266c44ecbbfe86be622c6ebd08b77151ee6ef7dfd5c8bbc8d4250b58e50
C7_213_PKA_COMMON_capacity_upper_quartile_F1.25_onset100,3,ae2_knockout,100.0,118.69591953408127,5.598777364257352,30.08367780177005,28.360015184680964,116.63517052259637,46.0943894457626,17.810288404996836,0.05,0.0,0.0005308094317454047,7.02812279034208,0.023317908488762387,3.0558922914677775e-11,5.681219383824043e-17,Radau,55885266c44ecbbfe86be622c6ebd08b77151ee6ef7dfd5c8bbc8d4250b58e50
C7_213_PKA_COMMON_capacity_upper_quartile_F1.25_onset100,3,ae2_knockout,100.0000001,118.69606629276137,5.598787983255847,30.083677801675435,28.360015196702612,116.63516508552921,46.09438460173229,17.810287823726597,0.55,1.0,0.0005310003739120326,7.0281227904079255,0.02914738707700415,0.1467471958834506,7.251144129583054e-16,Radau,55885266c44ecbbfe86be622c6ebd08b77151ee6ef7dfd5c8bbc8d4250b58e50
C7_213_PKA_COMMON_capacity_upper_quartile_F1.25_onset100,3,ae2_knockout,149.99999999999716,124.21342848458005,6.88837383684832,22.996373248752178,40.15818999172589,111.05870457753,31.81312616245082,13.32178114822111,0.55,1.0,0.0013087338150882884,6.953944994249428,0.02722446143259179,3.257549425617284e-11,1.1535911115245767e-15,Radau,55885266c44ecbbfe86be622c6ebd08b77151ee6ef7dfd5c8bbc8d4250b58e50
C7_213_PKA_COMMON_capacity_upper_quartile_F1.25_onset100,3,ae2_knockout,199.99999999999432,124.21342848457797,6.88837383684802,22.996373248752217,40.1581899917439,111.05870457750916,31.813126162449336,13.321781148220808,0.55,1.0,0.0013087338150878664,6.953944990918995,0.02722446143259112,2.8796470665266486e-13,1.9008232488015864e-15,Radau,55885266c44ecbbfe86be622c6ebd08b77151ee6ef7dfd5c8bbc8d4250b58e50
C7_213_PKA_COMMON_capacity_upper_quartile_F1.6_onset100,3,ae4_knockout,0.0,118.73284170124717,5.609820853376699,29.807391590704352,28.585088822360465,116.4539314239584,47.22454000274421,15.972345183755218,0.05,0.0,0.0005362910059956628,7.0026620930830905,0.0,0.001791579898947422,2.842170943040401e-14,Radau,55885266c44ecbbfe86be622c6ebd08b77151ee6ef7dfd5c8bbc8d4250b58e50
C7_213_PKA_COMMON_capacity_upper_quartile_F1.6_onset100,3,ae4_knockout,50.0,118.67710325438529,5.563805275800823,60.09107441867434,21.4711411564487,123.4872226424196,48.38352313641647,55.97811413203269,0.05,0.0,0.000510428292238463,7.361209188712267,0.0,1.5573372119488335e-05,3.552713678800501e-14,Radau,55885266c44ecbbfe86be622c6ebd08b77151ee6ef7dfd5c8bbc8d4250b58e50
C7_213_PKA_COMMON_capacity_upper_quartile_F1.6_onset100,3,ae4_knockout,100.0,118.59246334622021,5.560423608817094,64.17153054385949,21.215184349398267,123.65343377754799,48.68407447694003,58.169230642382175,0.05,0.0,0.0005111390841752889,7.374201947774512,0.0,3.7900592698414653e-06,2.3418766925686896e-17,Radau,55885266c44ecbbfe86be622c6ebd08b77151ee6ef7dfd5c8bbc8d4250b58e50
C7_213_PKA_COMMON_capacity_upper_quartile_F1.6_onset100,3,ae4_knockout,100.0000001,118.59262276130778,5.560435143593435,64.17153054754881,21.215184349214084,123.65343111373328,48.684071813123026,58.16923064438609,0.55,1.0,0.000511342751813367,7.3742019452910625,0.0,0.1594028510392749,7.105427357601002e-15,Radau,55885266c44ecbbfe86be622c6ebd08b77151ee6ef7dfd5c8bbc8d4250b58e50
C7_213_PKA_COMMON_capacity_upper_quartile_F1.6_onset100,3,ae4_knockout,149.99999999999716,124.5784552822065,6.955453664960868,28.77021515896844,33.32181284799582,118.29007671210407,32.396189654290225,34.42308728074789,0.55,1.0,0.0013581224168316363,7.198452596455414,0.0,2.101874479587295e-08,1.4210854715202004e-14,Radau,55885266c44ecbbfe86be622c6ebd08b77151ee6ef7dfd5c8bbc8d4250b58e50
C7_213_PKA_COMMON_capacity_upper_quartile_F1.6_onset100,3,ae4_knockout,199.99999999999432,124.57849346477825,6.9554539479850135,28.769936908035184,33.32195023468613,118.28998045858836,32.39614037271353,34.42235761670353,0.55,1.0,0.0013581198878562446,7.198446396825746,0.0,6.71164474079314e-11,1.4210854715202004e-14,Radau,55885266c44ecbbfe86be622c6ebd08b77151ee6ef7dfd5c8bbc8d4250b58e50
C7_213_PKA_COMMON_capacity_upper_quartile_F1.6_onset100,3,wt,0.0,118.73284170124717,5.609820853376699,29.807391590704352,28.585088822360465,116.4539314239584,47.22454000274421,15.972345183755218,0.05,0.0,0.0005362910059956628,7.0026620930830905,0.017800774539148405,1.169130281773096e-13,2.842170943040401e-14,Radau,55885266c44ecbbfe86be622c6ebd08b77151ee6ef7dfd5c8bbc8d4250b58e50
C7_213_PKA_COMMON_capacity_upper_quartile_F1.6_onset100,3,wt,50.0,118.73284170124263,5.609820853376104,29.807391590691708,28.58508882230733,116.45393142400653,47.22454000274438,15.972345183715351,0.05,0.0,0.0005362910059954064,7.002662092958898,0.017800774539043534,1.0465770945946123e-12,2.842170943040401e-14,Radau,55885266c44ecbbfe86be622c6ebd08b77151ee6ef7dfd5c8bbc8d4250b58e50
C7_213_PKA_COMMON_capacity_upper_quartile_F1.6_onset100,3,wt,100.0,118.73284170124732,5.609820853376687,29.80739159071028,28.585088822358323,116.45393142396067,47.224540002743595,15.972345183772259,0.05,0.0,0.0005362910059956316,7.002662092958898,0.017800774539192897,1.0736699261033375e-12,1.4210854715202004e-14,Radau,55885266c44ecbbfe86be622c6ebd08b77151ee6ef7dfd5c8bbc8d4250b58e50
C7_213_PKA_COMMON_capacity_upper_quartile_F1.6_onset100,3,wt,100.0000001,118.73298982743316,5.609831571323183,29.80739159061465,28.585088873973813,116.45392568507316,47.22453539010565,15.972344108875726,0.55,1.0,0.0005364839726380788,7.00266209258632,0.028481238288749877,0.14811457638856157,1.4210854715202004e-14,Radau,55885266c44ecbbfe86be622c6ebd08b77151ee6ef7dfd5c8bbc8d4250b58e50
C7_213_PKA_COMMON_capacity_upper_quartile_F1.6_onset100,3,wt,149.99999999999716,124.27923069355818,6.900583644481704,22.533008500176685,41.60968884380788,109.6784937427303,32.65099129280711,10.373764671894195,0.55,1.0,0.0013176491242834565,6.902794474790997,0.01844706022857498,2.7821079626508777e-09,1.4210854715202004e-14,Radau,55885266c44ecbbfe86be622c6ebd08b77151ee6ef7dfd5c8bbc8d4250b58e50
C7_213_PKA_COMMON_capacity_upper_quartile_F1.6_onset100,3,wt,199.99999999999432,124.27923069286845,6.900583644449294,22.533008501360197,41.60968884776071,109.67849373801036,32.65099129378352,10.373764675913728,0.55,1.0,0.001317649124243456,6.9027942086512155,0.018447060248367075,3.765309922524981e-11,1.4210854715202004e-14,Radau,55885266c44ecbbfe86be622c6ebd08b77151ee6ef7dfd5c8bbc8d4250b58e50
C7_213_PKA_COMMON_capacity_upper_quartile_F1.6_onset100,3,ae2_knockout,0.0,118.73284170124717,5.609820853376699,29.807391590704352,28.585088822360465,116.4539314239584,47.22454000274421,15.972345183755218,0.05,0.0,0.0005362910059956628,7.0026620930830905,0.017800774539148405,0.0007263906353578658,2.842170943040401e-14,Radau,55885266c44ecbbfe86be622c6ebd08b77151ee6ef7dfd5c8bbc8d4250b58e50
C7_213_PKA_COMMON_capacity_upper_quartile_F1.6_onset100,3,ae2_knockout,50.0,118.69591953030219,5.598777364029456,30.08367780034637,28.360015173450915,116.63517052980379,46.094389448620646,17.810288394208218,0.05,0.0,0.0005308094317749662,7.028123116607558,0.023317908457832708,2.571721645423808e-09,2.842170943040401e-14,Radau,55885266c44ecbbfe86be622c6ebd08b77151ee6ef7dfd5c8bbc8d4250b58e50
C7_213_PKA_COMMON_capacity_upper_quartile_F1.6_onset100,3,ae2_knockout,100.0,118.69591953408127,5.598777364257352,30.08367780177005,28.360015184680964,116.63517052259637,46.0943894457626,17.810288404996836,0.05,0.0,0.0005308094317454047,7.02812279034208,0.023317908488762387,3.0558922914677775e-11,5.681219383824043e-17,Radau,55885266c44ecbbfe86be622c6ebd08b77151ee6ef7dfd5c8bbc8d4250b58e50
C7_213_PKA_COMMON_capacity_upper_quartile_F1.6_onset100,3,ae2_knockout,100.0000001,118.69606629274315,5.598787983254998,30.08367780167526,28.360015213407603,116.63516479753947,46.09438514430347,17.810287009870272,0.55,1.0,0.0005310006882244195,7.028122790078697,0.037308651367872384,0.1467471594344632,1.942890293094024e-15,Radau,55885266c44ecbbfe86be622c6ebd08b77151ee6ef7dfd5c8bbc8d4250b58e50
C7_213_PKA_COMMON_capacity_upper_quartile_F1.6_onset100,3,ae2_knockout,149.99999999999716,124.17316098501468,6.880875756304227,22.752185218710384,41.09454606806528,110.07868479823279,31.809349373291205,12.143372360666735,0.55,1.0,0.0013032751058495089,6.934130073747266,0.028636282555330395,1.0650701693896564e-09,7.37257477290143e-16,Radau,55885266c44ecbbfe86be622c6ebd08b77151ee6ef7dfd5c8bbc8d4250b58e50
C7_213_PKA_COMMON_capacity_upper_quartile_F1.6_onset100,3,ae2_knockout,199.99999999999432,124.17316098501594,6.880875756297082,22.752185219010105,41.09454607013732,110.07868479615682,31.809349373563006,12.143372361830487,0.55,1.0,0.001303275105818841,6.934129972828177,0.028636282560969853,4.955644726497156e-11,2.842170943040401e-14,Radau,55885266c44ecbbfe86be622c6ebd08b77151ee6ef7dfd5c8bbc8d4250b58e50
C7_213_PKA_COMMON_capacity_upper_quartile_F3_onset100,3,ae4_knockout,0.0,118.73284170124717,5.609820853376699,29.807391590704352,28.585088822360465,116.4539314239584,47.22454000274421,15.972345183755218,0.05,0.0,0.0005362910059956628,7.0026620930830905,0.0,0.001791579898947422,2.842170943040401e-14,Radau,55885266c44ecbbfe86be622c6ebd08b77151ee6ef7dfd5c8bbc8d4250b58e50
C7_213_PKA_COMMON_capacity_upper_quartile_F3_onset100,3,ae4_knockout,50.0,118.67710325438529,5.563805275800823,60.09107441867434,21.4711411564487,123.4872226424196,48.38352313641647,55.97811413203269,0.05,0.0,0.000510428292238463,7.361209188712267,0.0,1.5573372119488335e-05,3.552713678800501e-14,Radau,55885266c44ecbbfe86be622c6ebd08b77151ee6ef7dfd5c8bbc8d4250b58e50
C7_213_PKA_COMMON_capacity_upper_quartile_F3_onset100,3,ae4_knockout,100.0,118.59246334622021,5.560423608817094,64.17153054385949,21.215184349398267,123.65343377754799,48.68407447694003,58.169230642382175,0.05,0.0,0.0005111390841752889,7.374201947774512,0.0,3.7900592698414653e-06,2.3418766925686896e-17,Radau,55885266c44ecbbfe86be622c6ebd08b77151ee6ef7dfd5c8bbc8d4250b58e50
C7_213_PKA_COMMON_capacity_upper_quartile_F3_onset100,3,ae4_knockout,100.0000001,118.59262276130778,5.560435143593435,64.17153054754881,21.215184349214084,123.65343111373328,48.684071813123026,58.16923064438609,0.55,1.0,0.000511342751813367,7.3742019452910625,0.0,0.1594028510392749,7.105427357601002e-15,Radau,55885266c44ecbbfe86be622c6ebd08b77151ee6ef7dfd5c8bbc8d4250b58e50
C7_213_PKA_COMMON_capacity_upper_quartile_F3_onset100,3,ae4_knockout,149.99999999999716,124.5784552822065,6.955453664960868,28.77021515896844,33.32181284799582,118.29007671210407,32.396189654290225,34.42308728074789,0.55,1.0,0.0013581224168316363,7.198452596455414,0.0,2.101874479587295e-08,1.4210854715202004e-14,Radau,55885266c44ecbbfe86be622c6ebd08b77151ee6ef7dfd5c8bbc8d4250b58e50
C7_213_PKA_COMMON_capacity_upper_quartile_F3_onset100,3,ae4_knockout,199.99999999999432,124.57849346477825,6.9554539479850135,28.769936908035184,33.32195023468613,118.28998045858836,32.39614037271353,34.42235761670353,0.55,1.0,0.0013581198878562446,7.198446396825746,0.0,6.71164474079314e-11,1.4210854715202004e-14,Radau,55885266c44ecbbfe86be622c6ebd08b77151ee6ef7dfd5c8bbc8d4250b58e50
C7_213_PKA_COMMON_capacity_upper_quartile_F3_onset100,3,wt,0.0,118.73284170124717,5.609820853376699,29.807391590704352,28.585088822360465,116.4539314239584,47.22454000274421,15.972345183755218,0.05,0.0,0.0005362910059956628,7.0026620930830905,0.017800774539148405,1.169130281773096e-13,2.842170943040401e-14,Radau,55885266c44ecbbfe86be622c6ebd08b77151ee6ef7dfd5c8bbc8d4250b58e50
C7_213_PKA_COMMON_capacity_upper_quartile_F3_onset100,3,wt,50.0,118.73284170124263,5.609820853376104,29.807391590691708,28.58508882230733,116.45393142400653,47.22454000274438,15.972345183715351,0.05,0.0,0.0005362910059954064,7.002662092958898,0.017800774539043534,1.0465770945946123e-12,2.842170943040401e-14,Radau,55885266c44ecbbfe86be622c6ebd08b77151ee6ef7dfd5c8bbc8d4250b58e50
C7_213_PKA_COMMON_capacity_upper_quartile_F3_onset100,3,wt,100.0,118.73284170124732,5.609820853376687,29.80739159071028,28.585088822358323,116.45393142396067,47.224540002743595,15.972345183772259,0.05,0.0,0.0005362910059956316,7.002662092958898,0.017800774539192897,1.0736699261033375e-12,1.4210854715202004e-14,Radau,55885266c44ecbbfe86be622c6ebd08b77151ee6ef7dfd5c8bbc8d4250b58e50
C7_213_PKA_COMMON_capacity_upper_quartile_F3_onset100,3,wt,100.0000001,118.73298982737688,5.609831571320557,29.807391590614117,28.58508899419563,116.45392472878352,47.224537062246576,15.97234160066576,0.55,1.0,0.0005364849413117148,7.002662091406488,0.05340229914009205,0.14811446388916893,1.6653345369377348e-15,Radau,55885266c44ecbbfe86be622c6ebd08b77151ee6ef7dfd5c8bbc8d4250b58e50
C7_213_PKA_COMMON_capacity_upper_quartile_F3_onset100,3,wt,149.99999999999716,124.12745658839862,6.872340878840392,22.235896700471603,44.55489651733132,106.56874016046125,32.49646520831866,8.91715675515002,0.55,1.0,0.0012970765748537842,6.873323017064739,0.02052525770710859,2.527473218351564e-10,1.5491080640472887e-15,Radau,55885266c44ecbbfe86be622c6ebd08b77151ee6ef7dfd5c8bbc8d4250b58e50
C7_213_PKA_COMMON_capacity_upper_quartile_F3_onset100,3,wt,199.99999999999432,124.12745658839893,6.872340878839487,22.23589670046406,44.554896517439886,106.56874016035486,32.4964652082883,8.917156755152169,0.55,1.0,0.0012970765748432048,6.873322994935384,0.020525257707194322,5.968575046607227e-12,2.842170943040401e-14,Radau,55885266c44ecbbfe86be622c6ebd08b77151ee6ef7dfd5c8bbc8d4250b58e50
C7_213_PKA_COMMON_capacity_upper_quartile_F3_onset100,3,ae2_knockout,0.0,118.73284170124717,5.609820853376699,29.807391590704352,28.585088822360465,116.4539314239584,47.22454000274421,15.972345183755218,0.05,0.0,0.0005362910059956628,7.0026620930830905,0.017800774539148405,0.0007263906353578658,2.842170943040401e-14,Radau,55885266c44ecbbfe86be622c6ebd08b77151ee6ef7dfd5c8bbc8d4250b58e50
C7_213_PKA_COMMON_capacity_upper_quartile_F3_onset100,3,ae2_knockout,50.0,118.69591953030219,5.598777364029456,30.08367780034637,28.360015173450915,116.63517052980379,46.094389448620646,17.810288394208218,0.05,0.0,0.0005308094317749662,7.028123116607558,0.023317908457832708,2.571721645423808e-09,2.842170943040401e-14,Radau,55885266c44ecbbfe86be622c6ebd08b77151ee6ef7dfd5c8bbc8d4250b58e50
C7_213_PKA_COMMON_capacity_upper_quartile_F3_onset100,3,ae2_knockout,100.0,118.69591953408127,5.598777364257352,30.08367780177005,28.360015184680964,116.63517052259637,46.0943894457626,17.810288404996836,0.05,0.0,0.0005308094317454047,7.02812279034208,0.023317908488762387,3.0558922914677775e-11,5.681219383824043e-17,Radau,55885266c44ecbbfe86be622c6ebd08b77151ee6ef7dfd5c8bbc8d4250b58e50
C7_213_PKA_COMMON_capacity_upper_quartile_F3_onset100,3,ae2_knockout,100.0000001,118.69606629267025,5.598787983251603,30.083677801674572,28.360015280227625,116.63516364558072,46.09438731458762,17.810283754445855,0.55,1.0,0.0005310019454735947,7.028122788498401,0.06995369063457425,0.14674701363855713,1.4210854715202004e-14,Radau,55885266c44ecbbfe86be622c6ebd08b77151ee6ef7dfd5c8bbc8d4250b58e50
C7_213_PKA_COMMON_capacity_upper_quartile_F3_onset100,3,ae2_knockout,149.99999999999716,124.02208222400085,6.852563259428481,22.292948717848564,44.17991752533291,106.82933588438377,31.69962933904986,9.880373406391994,0.55,1.0,0.001282774052273782,6.892169104868101,0.03168279952294169,1.03473374304199e-09,1.4210854715202004e-14,Radau,55885266c44ecbbfe86be622c6ebd08b77151ee6ef7dfd5c8bbc8d4250b58e50
C7_213_PKA_COMMON_capacity_upper_quartile_F3_onset100,3,ae2_knockout,199.99999999999432,124.02208222507312,6.852563259513179,22.29294871710098,44.179917516974214,106.82933589390286,31.69962933811865,9.880373404841949,0.55,1.0,0.0012827740522568275,6.892169010017564,0.031682799509657154,2.0980499136621454e-12,1.4210854715202004e-14,Radau,55885266c44ecbbfe86be622c6ebd08b77151ee6ef7dfd5c8bbc8d4250b58e50
C7_213_PKA_COMMON_capacity_upper_quartile_F10_onset100,3,ae4_knockout,0.0,118.73284170124717,5.609820853376699,29.807391590704352,28.585088822360465,116.4539314239584,47.22454000274421,15.972345183755218,0.05,0.0,0.0005362910059956628,7.0026620930830905,0.0,0.001791579898947422,2.842170943040401e-14,Radau,55885266c44ecbbfe86be622c6ebd08b77151ee6ef7dfd5c8bbc8d4250b58e50
C7_213_PKA_COMMON_capacity_upper_quartile_F10_onset100,3,ae4_knockout,50.0,118.67710325438529,5.563805275800823,60.09107441867434,21.4711411564487,123.4872226424196,48.38352313641647,55.97811413203269,0.05,0.0,0.000510428292238463,7.361209188712267,0.0,1.5573372119488335e-05,3.552713678800501e-14,Radau,55885266c44ecbbfe86be622c6ebd08b77151ee6ef7dfd5c8bbc8d4250b58e50
C7_213_PKA_COMMON_capacity_upper_quartile_F10_onset100,3,ae4_knockout,100.0,118.59246334622021,5.560423608817094,64.17153054385949,21.215184349398267,123.65343377754799,48.68407447694003,58.169230642382175,0.05,0.0,0.0005111390841752889,7.374201947774512,0.0,3.7900592698414653e-06,2.3418766925686896e-17,Radau,55885266c44ecbbfe86be622c6ebd08b77151ee6ef7dfd5c8bbc8d4250b58e50
C7_213_PKA_COMMON_capacity_upper_quartile_F10_onset100,3,ae4_knockout,100.0000001,118.59262276130778,5.560435143593435,64.17153054754881,21.215184349214084,123.65343111373328,48.684071813123026,58.16923064438609,0.55,1.0,0.000511342751813367,7.3742019452910625,0.0,0.1594028510392749,7.105427357601002e-15,Radau,55885266c44ecbbfe86be622c6ebd08b77151ee6ef7dfd5c8bbc8d4250b58e50
C7_213_PKA_COMMON_capacity_upper_quartile_F10_onset100,3,ae4_knockout,149.99999999999716,124.5784552822065,6.955453664960868,28.77021515896844,33.32181284799582,118.29007671210407,32.396189654290225,34.42308728074789,0.55,1.0,0.0013581224168316363,7.198452596455414,0.0,2.101874479587295e-08,1.4210854715202004e-14,Radau,55885266c44ecbbfe86be622c6ebd08b77151ee6ef7dfd5c8bbc8d4250b58e50
C7_213_PKA_COMMON_capacity_upper_quartile_F10_onset100,3,ae4_knockout,199.99999999999432,124.57849346477825,6.9554539479850135,28.769936908035184,33.32195023468613,118.28998045858836,32.39614037271353,34.42235761670353,0.55,1.0,0.0013581198878562446,7.198446396825746,0.0,6.71164474079314e-11,1.4210854715202004e-14,Radau,55885266c44ecbbfe86be622c6ebd08b77151ee6ef7dfd5c8bbc8d4250b58e50
C7_213_PKA_COMMON_capacity_upper_quartile_F10_onset100,3,wt,0.0,118.73284170124717,5.609820853376699,29.807391590704352,28.585088822360465,116.4539314239584,47.22454000274421,15.972345183755218,0.05,0.0,0.0005362910059956628,7.0026620930830905,0.017800774539148405,1.169130281773096e-13,2.842170943040401e-14,Radau,55885266c44ecbbfe86be622c6ebd08b77151ee6ef7dfd5c8bbc8d4250b58e50
C7_213_PKA_COMMON_capacity_upper_quartile_F10_onset100,3,wt,50.0,118.73284170124263,5.609820853376104,29.807391590691708,28.58508882230733,116.45393142400653,47.22454000274438,15.972345183715351,0.05,0.0,0.0005362910059954064,7.002662092958898,0.017800774539043534,1.0465770945946123e-12,2.842170943040401e-14,Radau,55885266c44ecbbfe86be622c6ebd08b77151ee6ef7dfd5c8bbc8d4250b58e50
C7_213_PKA_COMMON_capacity_upper_quartile_F10_onset100,3,wt,100.0,118.73284170124732,5.609820853376687,29.80739159071028,28.585088822358323,116.45393142396067,47.224540002743595,15.972345183772259,0.05,0.0,0.0005362910059956316,7.002662092958898,0.017800774539192897,1.0736699261033375e-12,1.4210854715202004e-14,Radau,55885266c44ecbbfe86be622c6ebd08b77151ee6ef7dfd5c8bbc8d4250b58e50
C7_213_PKA_COMMON_capacity_upper_quartile_F10_onset100,3,wt,100.0000001,118.73298982709564,5.609831571307427,29.807391590611473,28.58508959530589,116.45391994733939,47.224545422940565,15.972329059631907,0.55,1.0,0.00053648978467405,7.002662085879906,0.1780072862789429,0.1481139013928801,1.4016565685892601e-15,Radau,55885266c44ecbbfe86be622c6ebd08b77151ee6ef7dfd5c8bbc8d4250b58e50
C7_213_PKA_COMMON_capacity_upper_quartile_F10_onset100,3,wt,149.99999999999716,123.33355709869352,6.719742302643077,21.987378476456893,58.881734093184235,91.37678580825641,31.88061213556464,7.427876786873405,0.55,1.0,0.001188909611284278,6.835971391951459,0.02248956356685878,1.4488131716527038e-10,1.4210854715202004e-14,Radau,55885266c44ecbbfe86be622c6ebd08b77151ee6ef7dfd5c8bbc8d4250b58e50
C7_213_PKA_COMMON_capacity_upper_quartile_F10_onset100,3,wt,199.99999999999432,123.33355709872268,6.719742302645095,21.987378476447642,58.88173409290774,91.37678580855513,31.880612135542172,7.427876786875573,0.55,1.0,0.001188909611290584,6.835971379598848,0.022489563567035173,9.49969666725316e-13,4.49293380277993e-16,Radau,55885266c44ecbbfe86be622c6ebd08b77151ee6ef7dfd5c8bbc8d4250b58e50
C7_213_PKA_COMMON_capacity_near_upper_boundary_F1_onset100,3,ae4_knockout,0.0,118.74563571920491,5.613637338841873,29.416674855864063,29.137457161755474,115.9167414990093,47.10055399524109,15.024471957403287,0.05,0.0,0.000538189274764746,6.988406802373868,0.0,0.0019059749391243813,6.938893903907228e-17,Radau,55885266c44ecbbfe86be622c6ebd08b77151ee6ef7dfd5c8bbc8d4250b58e50
C7_213_PKA_COMMON_capacity_near_upper_boundary_F1_onset100,3,ae4_knockout,50.0,118.67743976963362,5.563818800596169,60.07632719023212,21.472152562048688,123.48656808720109,48.382342759106834,55.969685878069455,0.05,0.0,0.0005104255188789604,7.361158436713262,0.0,1.5620173144001242e-05,7.105427357601002e-15,Radau,55885266c44ecbbfe86be622c6ebd08b77151ee6ef7dfd5c8bbc8d4250b58e50
C7_213_PKA_COMMON_capacity_near_upper_boundary_F1_onset100,3,ae4_knockout,100.0,118.59253102678397,5.5604262965162015,64.16794246569268,21.215390303610583,123.65329957933571,48.68383115547033,58.167420016661985,0.05,0.0,0.0005111385050171107,7.374191341674408,0.0,3.7994913086707984e-06,2.1316282072803006e-14,Radau,55885266c44ecbbfe86be622c6ebd08b77151ee6ef7dfd5c8bbc8d4250b58e50
C7_213_PKA_COMMON_capacity_near_upper_boundary_F1_onset100,3,ae4_knockout,100.0000001,118.59269044124872,5.560437831247484,64.16794246939143,21.215390303425885,123.65329691538281,48.683828491515435,58.1674200186707,0.55,1.0,0.0005113421720323984,7.374191341674408,0.0,0.15940222823731937,1.4210854715202004e-14,Radau,55885266c44ecbbfe86be622c6ebd08b77151ee6ef7dfd5c8bbc8d4250b58e50
C7_213_PKA_COMMON_capacity_near_upper_boundary_F1_onset100,3,ae4_knockout,149.99999999999716,124.57845528527898,6.955453664674346,28.770215073049986,33.32181287816817,118.29007668513101,32.39618964175451,34.423087043298935,0.55,1.0,0.001358122416361139,7.198452334464493,0.0,2.3834904739596185e-08,4.263256414560601e-14,Radau,55885266c44ecbbfe86be622c6ebd08b77151ee6ef7dfd5c8bbc8d4250b58e50
C7_213_PKA_COMMON_capacity_near_upper_boundary_F1_onset100,3,ae4_knockout,199.99999999999432,124.57849346400194,6.9554539479731385,28.76993690551222,33.321950232567865,118.289980459863,32.396140373423535,34.42235760785293,0.55,1.0,0.0013581198877917512,7.19844544400408,0.0,1.0420005686551754e-08,1.4210854715202004e-14,Radau,55885266c44ecbbfe86be622c6ebd08b77151ee6ef7dfd5c8bbc8d4250b58e50
C7_213_PKA_COMMON_capacity_near_upper_boundary_F1_onset100,3,wt,0.0,118.74563571920491,5.613637338841873,29.416674855864063,29.137457161755474,115.9167414990093,47.10055399524109,15.024471957403287,0.05,0.0,0.000538189274764746,6.988406802373868,0.018689148355879145,6.257555983327029e-15,6.938893903907228e-17,Radau,55885266c44ecbbfe86be622c6ebd08b77151ee6ef7dfd5c8bbc8d4250b58e50
C7_213_PKA_COMMON_capacity_near_upper_boundary_F1_onset100,3,wt,50.0,118.74563571924463,5.613637338845853,29.41667485593159,29.137457162061427,115.91674149874872,47.10055399522364,15.02447195765071,0.05,0.0,0.0005381892747693213,6.9884068266507375,0.01868914835668522,1.8252197451282178e-10,1.4210854715202004e-14,Radau,55885266c44ecbbfe86be622c6ebd08b77151ee6ef7dfd5c8bbc8d4250b58e50
C7_213_PKA_COMMON_capacity_near_upper_boundary_F1_onset100,3,wt,100.0,118.74563571921004,5.613637338842376,29.41667485586607,29.137457161794586,115.9167414989757,47.10055399523759,15.024471957417962,0.05,0.0,0.0005381892747649807,6.988406802313777,0.0186891483559296,4.604525307187964e-13,8.283304597789254e-17,Radau,55885266c44ecbbfe86be622c6ebd08b77151ee6ef7dfd5c8bbc8d4250b58e50
C7_213_PKA_COMMON_capacity_near_upper_boundary_F1_onset100,3,wt,100.0000001,118.74578294994669,5.613647991996213,29.416674855771195,29.137457161888953,115.91673613178749,47.10054862782806,15.024471957466188,0.55,1.0,0.0005383807437383687,6.988406802253685,0.018689151404370226,0.14721921505372237,1.4210854715202004e-14,Radau,55885266c44ecbbfe86be622c6ebd08b77151ee6ef7dfd5c8bbc8d4250b58e50
C7_213_PKA_COMMON_capacity_near_upper_boundary_F1_onset100,3,wt,149.99999999999716,124.32344209656013,6.908757479025479,22.70607506418881,40.645689556960306,110.69037832279358,32.672182172728675,11.225643491896884,0.55,1.0,0.0013236357737435186,6.918649914472183,0.017290453485863114,4.022446811653954e-10,2.842170943040401e-14,Radau,55885266c44ecbbfe86be622c6ebd08b77151ee6ef7dfd5c8bbc8d4250b58e50
C7_213_PKA_COMMON_capacity_near_upper_boundary_F1_onset100,3,wt,199.99999999999432,124.32344209671565,6.90875747904909,22.706075062961123,40.645689551676,110.6903783282348,32.67218217183746,11.225643487016335,0.55,1.0,0.0013236357738982013,6.918650345260148,0.017290453467644244,4.838373579706822e-09,4.263256414560601e-14,Radau,55885266c44ecbbfe86be622c6ebd08b77151ee6ef7dfd5c8bbc8d4250b58e50
C7_213_PKA_COMMON_capacity_near_upper_boundary_F1_onset100,3,ae2_knockout,0.0,118.74563571920491,5.613637338841873,29.416674855864063,29.137457161755474,115.9167414990093,47.10055399524109,15.024471957403287,0.05,0.0,0.000538189274764746,6.988406802373868,0.018689148355879145,0.0007394171877749617,6.938893903907228e-17,Radau,55885266c44ecbbfe86be622c6ebd08b77151ee6ef7dfd5c8bbc8d4250b58e50
C7_213_PKA_COMMON_capacity_near_upper_boundary_F1_onset100,3,ae2_knockout,50.0,118.7097626954456,5.602923028109582,29.584484080996244,28.9461559484759,116.0654674104672,45.974875569791536,16.57796167142547,0.05,0.0,0.0005328652168551621,7.010822869876398,0.02440509922346713,1.2784008497173608e-10,2.842170943040401e-14,Radau,55885266c44ecbbfe86be622c6ebd08b77151ee6ef7dfd5c8bbc8d4250b58e50
C7_213_PKA_COMMON_capacity_near_upper_boundary_F1_onset100,3,ae2_knockout,100.0,118.70976269289974,5.602923027612928,29.58448406396533,28.94615589971411,116.06546745631653,45.974875566700376,16.57796162438853,0.05,0.0,0.0005328652164046562,7.010821741127545,0.02440509907500625,8.696427081086688e-09,1.4210854715202004e-14,Radau,55885266c44ecbbfe86be622c6ebd08b77151ee6ef7dfd5c8bbc8d4250b58e50
C7_213_PKA_COMMON_capacity_near_upper_boundary_F1_onset100,3,ae2_knockout,100.0000001,118.70990851474275,5.602933578824347,29.584484063871386,28.946155899813935,116.0654621706416,45.974870280803444,16.577961624432582,0.55,1.0,0.0005330548182272066,7.010821811931313,0.02440510249556274,0.14581043739949062,1.4210854715202004e-14,Radau,55885266c44ecbbfe86be622c6ebd08b77151ee6ef7dfd5c8bbc8d4250b58e50
C7_213_PKA_COMMON_capacity_near_upper_boundary_F1_onset100,3,ae2_knockout,149.99999999999716,124.21802610247595,6.889228669157247,23.03033278523317,40.04666918459679,111.17520969453001,31.81248815083063,13.483826888732537,0.55,1.0,0.0013093569278057615,6.956581240986771,0.027038740391583212,6.7839049055223e-12,1.4210854715202004e-14,Radau,55885266c44ecbbfe86be622c6ebd08b77151ee6ef7dfd5c8bbc8d4250b58e50
C7_213_PKA_COMMON_capacity_near_upper_boundary_F1_onset100,3,ae2_knockout,199.99999999999432,124.21802610244912,6.889228669154858,23.030332785221887,40.04666918472568,111.17520969437483,31.812488150804345,13.483826888682332,0.55,1.0,0.001309356927800176,6.956581234285348,0.027038740391403495,7.139866738778113e-11,2.842170943040401e-14,Radau,55885266c44ecbbfe86be622c6ebd08b77151ee6ef7dfd5c8bbc8d4250b58e50
C7_213_PKA_COMMON_capacity_near_upper_boundary_F1.25_onset100,3,ae4_knockout,0.0,118.74563571920491,5.613637338841873,29.416674855864063,29.137457161755474,115.9167414990093,47.10055399524109,15.024471957403287,0.05,0.0,0.000538189274764746,6.988406802373868,0.0,0.0019059749391243813,6.938893903907228e-17,Radau,55885266c44ecbbfe86be622c6ebd08b77151ee6ef7dfd5c8bbc8d4250b58e50
C7_213_PKA_COMMON_capacity_near_upper_boundary_F1.25_onset100,3,ae4_knockout,50.0,118.67743976963362,5.563818800596169,60.07632719023212,21.472152562048688,123.48656808720109,48.382342759106834,55.969685878069455,0.05,0.0,0.0005104255188789604,7.361158436713262,0.0,1.5620173144001242e-05,7.105427357601002e-15,Radau,55885266c44ecbbfe86be622c6ebd08b77151ee6ef7dfd5c8bbc8d4250b58e50
C7_213_PKA_COMMON_capacity_near_upper_boundary_F1.25_onset100,3,ae4_knockout,100.0,118.59253102678397,5.5604262965162015,64.16794246569268,21.215390303610583,123.65329957933571,48.68383115547033,58.167420016661985,0.05,0.0,0.0005111385050171107,7.374191341674408,0.0,3.7994913086707984e-06,2.1316282072803006e-14,Radau,55885266c44ecbbfe86be622c6ebd08b77151ee6ef7dfd5c8bbc8d4250b58e50
C7_213_PKA_COMMON_capacity_near_upper_boundary_F1.25_onset100,3,ae4_knockout,100.0000001,118.59269044124872,5.560437831247484,64.16794246939143,21.215390303425885,123.65329691538281,48.683828491515435,58.1674200186707,0.55,1.0,0.0005113421720323984,7.374191341674408,0.0,0.15940222823731937,1.4210854715202004e-14,Radau,55885266c44ecbbfe86be622c6ebd08b77151ee6ef7dfd5c8bbc8d4250b58e50
C7_213_PKA_COMMON_capacity_near_upper_boundary_F1.25_onset100,3,ae4_knockout,149.99999999999716,124.57845528527898,6.955453664674346,28.770215073049986,33.32181287816817,118.29007668513101,32.39618964175451,34.423087043298935,0.55,1.0,0.001358122416361139,7.198452334464493,0.0,2.3834904739596185e-08,4.263256414560601e-14,Radau,55885266c44ecbbfe86be622c6ebd08b77151ee6ef7dfd5c8bbc8d4250b58e50
C7_213_PKA_COMMON_capacity_near_upper_boundary_F1.25_onset100,3,ae4_knockout,199.99999999999432,124.57849346400194,6.9554539479731385,28.76993690551222,33.321950232567865,118.289980459863,32.396140373423535,34.42235760785293,0.55,1.0,0.0013581198877917512,7.19844544400408,0.0,1.0420005686551754e-08,1.4210854715202004e-14,Radau,55885266c44ecbbfe86be622c6ebd08b77151ee6ef7dfd5c8bbc8d4250b58e50
C7_213_PKA_COMMON_capacity_near_upper_boundary_F1.25_onset100,3,wt,0.0,118.74563571920491,5.613637338841873,29.416674855864063,29.137457161755474,115.9167414990093,47.10055399524109,15.024471957403287,0.05,0.0,0.000538189274764746,6.988406802373868,0.018689148355879145,6.257555983327029e-15,6.938893903907228e-17,Radau,55885266c44ecbbfe86be622c6ebd08b77151ee6ef7dfd5c8bbc8d4250b58e50
C7_213_PKA_COMMON_capacity_near_upper_boundary_F1.25_onset100,3,wt,50.0,118.74563571924463,5.613637338845853,29.41667485593159,29.137457162061427,115.91674149874872,47.10055399522364,15.02447195765071,0.05,0.0,0.0005381892747693213,6.9884068266507375,0.01868914835668522,1.8252197451282178e-10,1.4210854715202004e-14,Radau,55885266c44ecbbfe86be622c6ebd08b77151ee6ef7dfd5c8bbc8d4250b58e50
C7_213_PKA_COMMON_capacity_near_upper_boundary_F1.25_onset100,3,wt,100.0,118.74563571921004,5.613637338842376,29.41667485586607,29.137457161794586,115.9167414989757,47.10055399523759,15.024471957417962,0.05,0.0,0.0005381892747649807,6.988406802313777,0.0186891483559296,4.604525307187964e-13,8.283304597789254e-17,Radau,55885266c44ecbbfe86be622c6ebd08b77151ee6ef7dfd5c8bbc8d4250b58e50
C7_213_PKA_COMMON_capacity_near_upper_boundary_F1.25_onset100,3,wt,100.0000001,118.745782949936,5.6136479919957125,29.416674855771095,29.137457193509345,115.91673594133633,47.100548945490594,15.024471480972661,0.55,1.0,0.0005383809277607363,6.988406802133503,0.02336143709461147,0.14721919367387393,2.842170943040401e-14,Radau,55885266c44ecbbfe86be622c6ebd08b77151ee6ef7dfd5c8bbc8d4250b58e50
C7_213_PKA_COMMON_capacity_near_upper_boundary_F1.25_onset100,3,wt,149.99999999999716,124.28880429389062,6.902355637213862,22.56499216552767,41.40726073001297,109.89129272948902,32.657095583766136,10.531483369256929,0.55,1.0,0.0013189457126781485,6.905793918973519,0.01822878957660839,1.9149369922084076e-10,1.4210854715202004e-14,Radau,55885266c44ecbbfe86be622c6ebd08b77151ee6ef7dfd5c8bbc8d4250b58e50
C7_213_PKA_COMMON_capacity_near_upper_boundary_F1.25_onset100,3,wt,199.99999999999432,124.28880429374766,6.902355637197368,22.564992165493436,41.40726073008017,109.89129272927845,32.65709558361416,10.531483369144068,0.55,1.0,0.0013189457126119499,6.905793770126492,0.01822878957619877,1.3779761518000538e-09,2.842170943040401e-14,Radau,55885266c44ecbbfe86be622c6ebd08b77151ee6ef7dfd5c8bbc8d4250b58e50
C7_213_PKA_COMMON_capacity_near_upper_boundary_F1.25_onset100,3,ae2_knockout,0.0,118.74563571920491,5.613637338841873,29.416674855864063,29.137457161755474,115.9167414990093,47.10055399524109,15.024471957403287,0.05,0.0,0.000538189274764746,6.988406802373868,0.018689148355879145,0.0007394171877749617,6.938893903907228e-17,Radau,55885266c44ecbbfe86be622c6ebd08b77151ee6ef7dfd5c8bbc8d4250b58e50
C7_213_PKA_COMMON_capacity_near_upper_boundary_F1.25_onset100,3,ae2_knockout,50.0,118.7097626954456,5.602923028109582,29.584484080996244,28.9461559484759,116.0654674104672,45.974875569791536,16.57796167142547,0.05,0.0,0.0005328652168551621,7.010822869876398,0.02440509922346713,1.2784008497173608e-10,2.842170943040401e-14,Radau,55885266c44ecbbfe86be622c6ebd08b77151ee6ef7dfd5c8bbc8d4250b58e50
C7_213_PKA_COMMON_capacity_near_upper_boundary_F1.25_onset100,3,ae2_knockout,100.0,118.70976269289974,5.602923027612928,29.58448406396533,28.94615589971411,116.06546745631653,45.974875566700376,16.57796162438853,0.05,0.0,0.0005328652164046562,7.010821741127545,0.02440509907500625,8.696427081086688e-09,1.4210854715202004e-14,Radau,55885266c44ecbbfe86be622c6ebd08b77151ee6ef7dfd5c8bbc8d4250b58e50
C7_213_PKA_COMMON_capacity_near_upper_boundary_F1.25_onset100,3,ae2_knockout,100.0000001,118.7099085147289,5.602933578823702,29.58448406387125,28.946155920362127,116.06546194386176,45.974870693268,16.577961005736107,0.55,1.0,0.0005330550571685666,7.010821811614942,0.03050637522544754,0.14581040968298664,1.4210854715202004e-14,Radau,55885266c44ecbbfe86be622c6ebd08b77151ee6ef7dfd5c8bbc8d4250b58e50
C7_213_PKA_COMMON_capacity_near_upper_boundary_F1.25_onset100,3,ae2_knockout,149.99999999999716,124.1828070784199,6.882673753604735,22.803062511420602,40.876424604751605,110.30726746846639,31.81168588908802,12.390722342476694,0.55,1.0,0.001304582950587576,6.938387958922133,0.028330696005199486,5.935105122349793e-11,1.4210854715202004e-14,Radau,55885266c44ecbbfe86be622c6ebd08b77151ee6ef7dfd5c8bbc8d4250b58e50
C7_213_PKA_COMMON_capacity_near_upper_boundary_F1.25_onset100,3,ae2_knockout,199.99999999999432,124.18280707846398,6.882673753607839,22.80306251140858,40.87642460454392,110.30726746871183,31.811685889120067,12.390722342418021,0.55,1.0,0.0013045829506075442,6.938387989073075,0.02833069600488102,2.417815148251814e-10,2.842170943040401e-14,Radau,55885266c44ecbbfe86be622c6ebd08b77151ee6ef7dfd5c8bbc8d4250b58e50
C7_213_PKA_COMMON_capacity_near_upper_boundary_F1.6_onset100,3,ae4_knockout,0.0,118.74563571920491,5.613637338841873,29.416674855864063,29.137457161755474,115.9167414990093,47.10055399524109,15.024471957403287,0.05,0.0,0.000538189274764746,6.988406802373868,0.0,0.0019059749391243813,6.938893903907228e-17,Radau,55885266c44ecbbfe86be622c6ebd08b77151ee6ef7dfd5c8bbc8d4250b58e50
C7_213_PKA_COMMON_capacity_near_upper_boundary_F1.6_onset100,3,ae4_knockout,50.0,118.67743976963362,5.563818800596169,60.07632719023212,21.472152562048688,123.48656808720109,48.382342759106834,55.969685878069455,0.05,0.0,0.0005104255188789604,7.361158436713262,0.0,1.5620173144001242e-05,7.105427357601002e-15,Radau,55885266c44ecbbfe86be622c6ebd08b77151ee6ef7dfd5c8bbc8d4250b58e50
C7_213_PKA_COMMON_capacity_near_upper_boundary_F1.6_onset100,3,ae4_knockout,100.0,118.59253102678397,5.5604262965162015,64.16794246569268,21.215390303610583,123.65329957933571,48.68383115547033,58.167420016661985,0.05,0.0,0.0005111385050171107,7.374191341674408,0.0,3.7994913086707984e-06,2.1316282072803006e-14,Radau,55885266c44ecbbfe86be622c6ebd08b77151ee6ef7dfd5c8bbc8d4250b58e50
C7_213_PKA_COMMON_capacity_near_upper_boundary_F1.6_onset100,3,ae4_knockout,100.0000001,118.59269044124872,5.560437831247484,64.16794246939143,21.215390303425885,123.65329691538281,48.683828491515435,58.1674200186707,0.55,1.0,0.0005113421720323984,7.374191341674408,0.0,0.15940222823731937,1.4210854715202004e-14,Radau,55885266c44ecbbfe86be622c6ebd08b77151ee6ef7dfd5c8bbc8d4250b58e50
C7_213_PKA_COMMON_capacity_near_upper_boundary_F1.6_onset100,3,ae4_knockout,149.99999999999716,124.57845528527898,6.955453664674346,28.770215073049986,33.32181287816817,118.29007668513101,32.39618964175451,34.423087043298935,0.55,1.0,0.001358122416361139,7.198452334464493,0.0,2.3834904739596185e-08,4.263256414560601e-14,Radau,55885266c44ecbbfe86be622c6ebd08b77151ee6ef7dfd5c8bbc8d4250b58e50
C7_213_PKA_COMMON_capacity_near_upper_boundary_F1.6_onset100,3,ae4_knockout,199.99999999999432,124.57849346400194,6.9554539479731385,28.76993690551222,33.321950232567865,118.289980459863,32.396140373423535,34.42235760785293,0.55,1.0,0.0013581198877917512,7.19844544400408,0.0,1.0420005686551754e-08,1.4210854715202004e-14,Radau,55885266c44ecbbfe86be622c6ebd08b77151ee6ef7dfd5c8bbc8d4250b58e50
C7_213_PKA_COMMON_capacity_near_upper_boundary_F1.6_onset100,3,wt,0.0,118.74563571920491,5.613637338841873,29.416674855864063,29.137457161755474,115.9167414990093,47.10055399524109,15.024471957403287,0.05,0.0,0.000538189274764746,6.988406802373868,0.018689148355879145,6.257555983327029e-15,6.938893903907228e-17,Radau,55885266c44ecbbfe86be622c6ebd08b77151ee6ef7dfd5c8bbc8d4250b58e50
C7_213_PKA_COMMON_capacity_near_upper_boundary_F1.6_onset100,3,wt,50.0,118.74563571924463,5.613637338845853,29.41667485593159,29.137457162061427,115.91674149874872,47.10055399522364,15.02447195765071,0.05,0.0,0.0005381892747693213,6.9884068266507375,0.01868914835668522,1.8252197451282178e-10,1.4210854715202004e-14,Radau,55885266c44ecbbfe86be622c6ebd08b77151ee6ef7dfd5c8bbc8d4250b58e50
C7_213_PKA_COMMON_capacity_near_upper_boundary_F1.6_onset100,3,wt,100.0,118.74563571921004,5.613637338842376,29.41667485586607,29.137457161794586,115.9167414989757,47.10055399523759,15.024471957417962,0.05,0.0,0.0005381892747649807,6.988406802313777,0.0186891483559296,4.604525307187964e-13,8.283304597789254e-17,Radau,55885266c44ecbbfe86be622c6ebd08b77151ee6ef7dfd5c8bbc8d4250b58e50
C7_213_PKA_COMMON_capacity_near_upper_boundary_F1.6_onset100,3,wt,100.0000001,118.74578294992102,5.613647991995013,29.416674855770953,29.1374572377779,115.91673567470474,47.10054939021809,15.024470813881795,0.55,1.0,0.0005383811853919438,6.9884068018330465,0.02990263560885764,0.14721916374209876,9.71445146547012e-16,Radau,55885266c44ecbbfe86be622c6ebd08b77151ee6ef7dfd5c8bbc8d4250b58e50
C7_213_PKA_COMMON_capacity_near_upper_boundary_F1.6_onset100,3,wt,149.99999999999716,124.24196035684724,6.893674544378671,22.429523392128917,42.371927825207884,108.87587136753686,32.621218595553145,9.863651588505244,0.55,1.0,0.001312600244051859,6.8928663395987835,0.019164501549321578,4.9207478015090815e-09,6.609296443471635e-16,Radau,55885266c44ecbbfe86be622c6ebd08b77151ee6ef7dfd5c8bbc8d4250b58e50
C7_213_PKA_COMMON_capacity_near_upper_boundary_F1.6_onset100,3,wt,199.99999999999432,124.24196035670316,6.893674544317635,22.429523393236057,42.37192783774526,108.87587135507856,32.62121859618688,9.86365159317215,0.55,1.0,0.0013126002438767087,6.892866838774452,0.019164501578544532,4.683009913490444e-10,1.4210854715202004e-14,Radau,55885266c44ecbbfe86be622c6ebd08b77151ee6ef7dfd5c8bbc8d4250b58e50
C7_213_PKA_COMMON_capacity_near_upper_boundary_F1.6_onset100,3,ae2_knockout,0.0,118.74563571920491,5.613637338841873,29.416674855864063,29.137457161755474,115.9167414990093,47.10055399524109,15.024471957403287,0.05,0.0,0.000538189274764746,6.988406802373868,0.018689148355879145,0.0007394171877749617,6.938893903907228e-17,Radau,55885266c44ecbbfe86be622c6ebd08b77151ee6ef7dfd5c8bbc8d4250b58e50
C7_213_PKA_COMMON_capacity_near_upper_boundary_F1.6_onset100,3,ae2_knockout,50.0,118.7097626954456,5.602923028109582,29.584484080996244,28.9461559484759,116.0654674104672,45.974875569791536,16.57796167142547,0.05,0.0,0.0005328652168551621,7.010822869876398,0.02440509922346713,1.2784008497173608e-10,2.842170943040401e-14,Radau,55885266c44ecbbfe86be622c6ebd08b77151ee6ef7dfd5c8bbc8d4250b58e50
C7_213_PKA_COMMON_capacity_near_upper_boundary_F1.6_onset100,3,ae2_knockout,100.0,118.70976269289974,5.602923027612928,29.58448406396533,28.94615589971411,116.06546745631653,45.974875566700376,16.57796162438853,0.05,0.0,0.0005328652164046562,7.010821741127545,0.02440509907500625,8.696427081086688e-09,1.4210854715202004e-14,Radau,55885266c44ecbbfe86be622c6ebd08b77151ee6ef7dfd5c8bbc8d4250b58e50
C7_213_PKA_COMMON_capacity_near_upper_boundary_F1.6_onset100,3,ae2_knockout,100.0000001,118.70990851470948,5.602933578822798,29.58448406387107,28.9461559491296,116.06546162637005,45.974871270718296,16.57796013956113,0.55,1.0,0.0005330553916863965,7.010821811235298,0.03904815510251494,0.14581037087988968,1.4210854715202004e-14,Radau,55885266c44ecbbfe86be622c6ebd08b77151ee6ef7dfd5c8bbc8d4250b58e50
C7_213_PKA_COMMON_capacity_near_upper_boundary_F1.6_onset100,3,ae2_knockout,149.99999999999716,124.13583659172618,6.873907718917964,22.58931635162976,41.9075824827722,109.22516064874536,31.793221624547563,11.345956004365997,0.55,1.0,0.0012982133123824965,6.920006487237753,0.02965693600155102,3.1622287123752867e-10,5.048045315092509e-16,Radau,55885266c44ecbbfe86be622c6ebd08b77151ee6ef7dfd5c8bbc8d4250b58e50
C7_213_PKA_COMMON_capacity_near_upper_boundary_F1.6_onset100,3,ae2_knockout,199.99999999999432,124.13583659298888,6.873907719003805,22.589316350977878,41.907582477490685,109.22516065538589,31.79322162401748,11.345956003152617,0.55,1.0,0.0012982133123753084,6.920006436621746,0.02965693599503201,2.0834585109436683e-10,2.842170943040401e-14,Radau,55885266c44ecbbfe86be622c6ebd08b77151ee6ef7dfd5c8bbc8d4250b58e50
C7_213_PKA_COMMON_capacity_near_upper_boundary_F3_onset100,3,ae4_knockout,0.0,118.74563571920491,5.613637338841873,29.416674855864063,29.137457161755474,115.9167414990093,47.10055399524109,15.024471957403287,0.05,0.0,0.000538189274764746,6.988406802373868,0.0,0.0019059749391243813,6.938893903907228e-17,Radau,55885266c44ecbbfe86be622c6ebd08b77151ee6ef7dfd5c8bbc8d4250b58e50
C7_213_PKA_COMMON_capacity_near_upper_boundary_F3_onset100,3,ae4_knockout,50.0,118.67743976963362,5.563818800596169,60.07632719023212,21.472152562048688,123.48656808720109,48.382342759106834,55.969685878069455,0.05,0.0,0.0005104255188789604,7.361158436713262,0.0,1.5620173144001242e-05,7.105427357601002e-15,Radau,55885266c44ecbbfe86be622c6ebd08b77151ee6ef7dfd5c8bbc8d4250b58e50
C7_213_PKA_COMMON_capacity_near_upper_boundary_F3_onset100,3,ae4_knockout,100.0,118.59253102678397,5.5604262965162015,64.16794246569268,21.215390303610583,123.65329957933571,48.68383115547033,58.167420016661985,0.05,0.0,0.0005111385050171107,7.374191341674408,0.0,3.7994913086707984e-06,2.1316282072803006e-14,Radau,55885266c44ecbbfe86be622c6ebd08b77151ee6ef7dfd5c8bbc8d4250b58e50
C7_213_PKA_COMMON_capacity_near_upper_boundary_F3_onset100,3,ae4_knockout,100.0000001,118.59269044124872,5.560437831247484,64.16794246939143,21.215390303425885,123.65329691538281,48.683828491515435,58.1674200186707,0.55,1.0,0.0005113421720323984,7.374191341674408,0.0,0.15940222823731937,1.4210854715202004e-14,Radau,55885266c44ecbbfe86be622c6ebd08b77151ee6ef7dfd5c8bbc8d4250b58e50
C7_213_PKA_COMMON_capacity_near_upper_boundary_F3_onset100,3,ae4_knockout,149.99999999999716,124.57845528527898,6.955453664674346,28.770215073049986,33.32181287816817,118.29007668513101,32.39618964175451,34.423087043298935,0.55,1.0,0.001358122416361139,7.198452334464493,0.0,2.3834904739596185e-08,4.263256414560601e-14,Radau,55885266c44ecbbfe86be622c6ebd08b77151ee6ef7dfd5c8bbc8d4250b58e50
C7_213_PKA_COMMON_capacity_near_upper_boundary_F3_onset100,3,ae4_knockout,199.99999999999432,124.57849346400194,6.9554539479731385,28.76993690551222,33.321950232567865,118.289980459863,32.396140373423535,34.42235760785293,0.55,1.0,0.0013581198877917512,7.19844544400408,0.0,1.0420005686551754e-08,1.4210854715202004e-14,Radau,55885266c44ecbbfe86be622c6ebd08b77151ee6ef7dfd5c8bbc8d4250b58e50
C7_213_PKA_COMMON_capacity_near_upper_boundary_F3_onset100,3,wt,0.0,118.74563571920491,5.613637338841873,29.416674855864063,29.137457161755474,115.9167414990093,47.10055399524109,15.024471957403287,0.05,0.0,0.000538189274764746,6.988406802373868,0.018689148355879145,6.257555983327029e-15,6.938893903907228e-17,Radau,55885266c44ecbbfe86be622c6ebd08b77151ee6ef7dfd5c8bbc8d4250b58e50
C7_213_PKA_COMMON_capacity_near_upper_boundary_F3_onset100,3,wt,50.0,118.74563571924463,5.613637338845853,29.41667485593159,29.137457162061427,115.91674149874872,47.10055399522364,15.02447195765071,0.05,0.0,0.0005381892747693213,6.9884068266507375,0.01868914835668522,1.8252197451282178e-10,1.4210854715202004e-14,Radau,55885266c44ecbbfe86be622c6ebd08b77151ee6ef7dfd5c8bbc8d4250b58e50
C7_213_PKA_COMMON_capacity_near_upper_boundary_F3_onset100,3,wt,100.0,118.74563571921004,5.613637338842376,29.41667485586607,29.137457161794586,115.9167414989757,47.10055399523759,15.024471957417962,0.05,0.0,0.0005381892747649807,6.988406802313777,0.0186891483559296,4.604525307187964e-13,8.283304597789254e-17,Radau,55885266c44ecbbfe86be622c6ebd08b77151ee6ef7dfd5c8bbc8d4250b58e50
C7_213_PKA_COMMON_capacity_near_upper_boundary_F3_onset100,3,wt,100.0000001,118.74578294986118,5.613647991992216,29.41667485577039,29.137457414852193,115.91673460817857,47.1005511691275,15.024468145519197,0.55,1.0,0.0005383822159166433,6.988406800631221,0.05606741272478,0.1472190440150124,1.304512053934559e-15,Radau,55885266c44ecbbfe86be622c6ebd08b77151ee6ef7dfd5c8bbc8d4250b58e50
C7_213_PKA_COMMON_capacity_near_upper_boundary_F3_onset100,3,wt,149.99999999999716,124.05921764902251,6.859549176956685,22.16683462277653,45.79918909143835,105.25038269674246,32.41397494807619,8.583775989626604,0.55,1.0,0.001287816293473275,6.865963811654264,0.021001800538658157,8.444456009015378e-10,1.4210854715202004e-14,Radau,55885266c44ecbbfe86be622c6ebd08b77151ee6ef7dfd5c8bbc8d4250b58e50
C7_213_PKA_COMMON_capacity_near_upper_boundary_F3_onset100,3,wt,199.99999999999432,124.05921764939168,6.859549177003956,22.166834622039705,45.799189082297296,105.25038270626413,32.41397494672774,8.583775987707515,0.55,1.0,0.0012878162935101513,6.865963779879207,0.021001800516948842,4.827200670084857e-10,5.620504062164855e-16,Radau,55885266c44ecbbfe86be622c6ebd08b77151ee6ef7dfd5c8bbc8d4250b58e50
C7_213_PKA_COMMON_capacity_near_upper_boundary_F3_onset100,3,ae2_knockout,0.0,118.74563571920491,5.613637338841873,29.416674855864063,29.137457161755474,115.9167414990093,47.10055399524109,15.024471957403287,0.05,0.0,0.000538189274764746,6.988406802373868,0.018689148355879145,0.0007394171877749617,6.938893903907228e-17,Radau,55885266c44ecbbfe86be622c6ebd08b77151ee6ef7dfd5c8bbc8d4250b58e50
C7_213_PKA_COMMON_capacity_near_upper_boundary_F3_onset100,3,ae2_knockout,50.0,118.7097626954456,5.602923028109582,29.584484080996244,28.9461559484759,116.0654674104672,45.974875569791536,16.57796167142547,0.05,0.0,0.0005328652168551621,7.010822869876398,0.02440509922346713,1.2784008497173608e-10,2.842170943040401e-14,Radau,55885266c44ecbbfe86be622c6ebd08b77151ee6ef7dfd5c8bbc8d4250b58e50
C7_213_PKA_COMMON_capacity_near_upper_boundary_F3_onset100,3,ae2_knockout,100.0,118.70976269289974,5.602923027612928,29.58448406396533,28.94615589971411,116.06546745631653,45.974875566700376,16.57796162438853,0.05,0.0,0.0005328652164046562,7.010821741127545,0.02440509907500625,8.696427081086688e-09,1.4210854715202004e-14,Radau,55885266c44ecbbfe86be622c6ebd08b77151ee6ef7dfd5c8bbc8d4250b58e50
C7_213_PKA_COMMON_capacity_near_upper_boundary_F3_onset100,3,ae2_knockout,100.0000001,118.70990851463188,5.60293357881918,29.584484063870338,28.94615606419957,116.06546035640346,45.974873580518754,16.57795667486239,0.55,1.0,0.0005330567297573933,7.010821809653444,0.07321525192179615,0.14581021566753855,1.4210854715202004e-14,Radau,55885266c44ecbbfe86be622c6ebd08b77151ee6ef7dfd5c8bbc8d4250b58e50
C7_213_PKA_COMMON_capacity_near_upper_boundary_F3_onset100,3,ae2_knockout,149.99999999999716,123.95437901069825,6.839781683059301,22.190397356594847,45.45079304927233,105.48489347424889,31.629308732896753,9.371410053126603,0.55,1.0,0.001273576151349531,6.881766176992891,0.032432773999517286,9.649476227806221e-11,2.842170943040401e-14,Radau,55885266c44ecbbfe86be622c6ebd08b77151ee6ef7dfd5c8bbc8d4250b58e50
C7_213_PKA_COMMON_capacity_near_upper_boundary_F3_onset100,3,ae2_knockout,199.99999999999432,123.95437901069171,6.839781683055932,22.190397356687754,45.45079305039148,105.48489347312213,31.62930873307162,9.37141005340182,0.55,1.0,0.0012735761513494933,6.881766185548326,0.03243277400247001,1.5068823911211894e-12,1.4210854715202004e-14,Radau,55885266c44ecbbfe86be622c6ebd08b77151ee6ef7dfd5c8bbc8d4250b58e50
C7_213_PKA_COMMON_capacity_near_upper_boundary_F10_onset100,3,ae4_knockout,0.0,118.74563571920491,5.613637338841873,29.416674855864063,29.137457161755474,115.9167414990093,47.10055399524109,15.024471957403287,0.05,0.0,0.000538189274764746,6.988406802373868,0.0,0.0019059749391243813,6.938893903907228e-17,Radau,55885266c44ecbbfe86be622c6ebd08b77151ee6ef7dfd5c8bbc8d4250b58e50
C7_213_PKA_COMMON_capacity_near_upper_boundary_F10_onset100,3,ae4_knockout,50.0,118.67743976963362,5.563818800596169,60.07632719023212,21.472152562048688,123.48656808720109,48.382342759106834,55.969685878069455,0.05,0.0,0.0005104255188789604,7.361158436713262,0.0,1.5620173144001242e-05,7.105427357601002e-15,Radau,55885266c44ecbbfe86be622c6ebd08b77151ee6ef7dfd5c8bbc8d4250b58e50
C7_213_PKA_COMMON_capacity_near_upper_boundary_F10_onset100,3,ae4_knockout,100.0,118.59253102678397,5.5604262965162015,64.16794246569268,21.215390303610583,123.65329957933571,48.68383115547033,58.167420016661985,0.05,0.0,0.0005111385050171107,7.374191341674408,0.0,3.7994913086707984e-06,2.1316282072803006e-14,Radau,55885266c44ecbbfe86be622c6ebd08b77151ee6ef7dfd5c8bbc8d4250b58e50
C7_213_PKA_COMMON_capacity_near_upper_boundary_F10_onset100,3,ae4_knockout,100.0000001,118.59269044124872,5.560437831247484,64.16794246939143,21.215390303425885,123.65329691538281,48.683828491515435,58.1674200186707,0.55,1.0,0.0005113421720323984,7.374191341674408,0.0,0.15940222823731937,1.4210854715202004e-14,Radau,55885266c44ecbbfe86be622c6ebd08b77151ee6ef7dfd5c8bbc8d4250b58e50
C7_213_PKA_COMMON_capacity_near_upper_boundary_F10_onset100,3,ae4_knockout,149.99999999999716,124.57845528527898,6.955453664674346,28.770215073049986,33.32181287816817,118.29007668513101,32.39618964175451,34.423087043298935,0.55,1.0,0.001358122416361139,7.198452334464493,0.0,2.3834904739596185e-08,4.263256414560601e-14,Radau,55885266c44ecbbfe86be622c6ebd08b77151ee6ef7dfd5c8bbc8d4250b58e50
C7_213_PKA_COMMON_capacity_near_upper_boundary_F10_onset100,3,ae4_knockout,199.99999999999432,124.57849346400194,6.9554539479731385,28.76993690551222,33.321950232567865,118.289980459863,32.396140373423535,34.42235760785293,0.55,1.0,0.0013581198877917512,7.19844544400408,0.0,1.0420005686551754e-08,1.4210854715202004e-14,Radau,55885266c44ecbbfe86be622c6ebd08b77151ee6ef7dfd5c8bbc8d4250b58e50
C7_213_PKA_COMMON_capacity_near_upper_boundary_F10_onset100,3,wt,0.0,118.74563571920491,5.613637338841873,29.416674855864063,29.137457161755474,115.9167414990093,47.10055399524109,15.024471957403287,0.05,0.0,0.000538189274764746,6.988406802373868,0.018689148355879145,6.257555983327029e-15,6.938893903907228e-17,Radau,55885266c44ecbbfe86be622c6ebd08b77151ee6ef7dfd5c8bbc8d4250b58e50
C7_213_PKA_COMMON_capacity_near_upper_boundary_F10_onset100,3,wt,50.0,118.74563571924463,5.613637338845853,29.41667485593159,29.137457162061427,115.91674149874872,47.10055399522364,15.02447195765071,0.05,0.0,0.0005381892747693213,6.9884068266507375,0.01868914835668522,1.8252197451282178e-10,1.4210854715202004e-14,Radau,55885266c44ecbbfe86be622c6ebd08b77151ee6ef7dfd5c8bbc8d4250b58e50
C7_213_PKA_COMMON_capacity_near_upper_boundary_F10_onset100,3,wt,100.0,118.74563571921004,5.613637338842376,29.41667485586607,29.137457161794586,115.9167414989757,47.10055399523759,15.024471957417962,0.05,0.0,0.0005381892747649807,6.988406802313777,0.0186891483559296,4.604525307187964e-13,8.283304597789254e-17,Radau,55885266c44ecbbfe86be622c6ebd08b77151ee6ef7dfd5c8bbc8d4250b58e50
C7_213_PKA_COMMON_capacity_near_upper_boundary_F10_onset100,3,wt,100.0000001,118.74578294956186,5.613647991978231,29.41667485576757,29.13745830022537,115.9167292755529,47.10056006366074,15.024454803726943,0.55,1.0,0.0005383873685320304,6.988406794682186,0.186890891719606,0.14721844538051868,1.4210854715202004e-14,Radau,55885266c44ecbbfe86be622c6ebd08b77151ee6ef7dfd5c8bbc8d4250b58e50
C7_213_PKA_COMMON_capacity_near_upper_boundary_F10_onset100,3,wt,149.99999999999716,123.07243298439327,6.667642686758616,22.029632988582595,63.70475193799056,86.26747851905422,31.918095259112224,7.316916466352954,0.55,1.0,0.0011531140180244832,6.831921291886462,0.022637912699014884,1.4773511573448469e-09,4.263256414560601e-14,Radau,55885266c44ecbbfe86be622c6ebd08b77151ee6ef7dfd5c8bbc8d4250b58e50
C7_213_PKA_COMMON_capacity_near_upper_boundary_F10_onset100,3,wt,199.99999999999432,123.0724329844752,6.667642686773922,22.029632988613674,63.70475193772754,86.26747851946338,31.918095259276367,7.316916466449415,0.55,1.0,0.0011531140180148368,6.83192141510419,0.022637912702128896,1.891829510911876e-11,2.842170943040401e-14,Radau,55885266c44ecbbfe86be622c6ebd08b77151ee6ef7dfd5c8bbc8d4250b58e50
C8_213_SAT_PKA_COMMON_capacity_near_lower_boundary_F1_onset100,3,ae4_knockout,0.0,118.70046651918568,5.600139749527659,31.144699101798302,27.467201179072962,117.53339082124728,47.23726856390763,19.43536312896538,0.05,0.0,0.0005314847618951484,7.049989971708506,0.0,0.001425464306277264,4.2934406030425976e-17,Radau,55885266c44ecbbfe86be622c6ebd08b77151ee6ef7dfd5c8bbc8d4250b58e50
C8_213_SAT_PKA_COMMON_capacity_near_lower_boundary_F1_onset100,3,ae4_knockout,50.0,118.67579117862483,5.563752548400618,60.148675589625135,21.46719721824769,123.48977522061227,48.38812651202281,56.01099673288761,0.05,0.0,0.0005104391094837245,7.36140715231118,0.0,1.5390891011146917e-05,7.105427357601002e-15,Radau,55885266c44ecbbfe86be622c6ebd08b77151ee6ef7dfd5c8bbc8d4250b58e50
C8_213_SAT_PKA_COMMON_capacity_near_lower_boundary_F1_onset100,3,ae4_knockout,100.0,118.59219876245143,5.560413102047002,64.18556292444038,21.214379191895613,123.65395841929697,48.6850257412488,58.17630985392983,0.05,0.0,0.0005111413484255794,7.3742432544753616,0.0,3.7531864532609825e-06,2.1316282072803006e-14,Radau,55885266c44ecbbfe86be622c6ebd08b77151ee6ef7dfd5c8bbc8d4250b58e50
C8_213_SAT_PKA_COMMON_capacity_near_lower_boundary_F1_onset100,3,ae4_knockout,100.0000001,118.59235817997391,5.5604246369995,64.18556292809282,21.21437919171372,123.65395575602254,48.685023077970904,58.17630985591418,0.55,1.0,0.0005113450184987643,7.374243254329262,0.0,0.1594052858253695,1.033895191682177e-15,Radau,55885266c44ecbbfe86be622c6ebd08b77151ee6ef7dfd5c8bbc8d4250b58e50
C8_213_SAT_PKA_COMMON_capacity_near_lower_boundary_F1_onset100,3,ae4_knockout,149.99999999999716,124.57845522338194,6.955453664479064,28.77021558221682,33.32181263923559,118.29007685748653,32.39618972895141,34.42308839008885,0.55,1.0,0.001358122420710137,7.1984528285241405,0.0,1.8631022420254484e-08,1.4210854715202004e-14,Radau,55885266c44ecbbfe86be622c6ebd08b77151ee6ef7dfd5c8bbc8d4250b58e50
C8_213_SAT_PKA_COMMON_capacity_near_lower_boundary_F1_onset100,3,ae4_knockout,199.99999999999432,124.57849345928815,6.9554539479236706,28.769936870828488,33.32195021701758,118.28998047041443,32.39614037885838,34.42235749528625,0.55,1.0,0.001358119887918871,7.19844482539236,0.0,1.7125776574471974e-08,1.7832957333041577e-15,Radau,55885266c44ecbbfe86be622c6ebd08b77151ee6ef7dfd5c8bbc8d4250b58e50
C8_213_SAT_PKA_COMMON_capacity_near_lower_boundary_F1_onset100,3,wt,0.0,118.70046651918568,5.600139749527659,31.144699101798302,27.467201179072962,117.53339082124728,47.23726856390763,19.43536312896538,0.05,0.0,0.0005314847618951484,7.049989971708506,0.014798552299770357,1.5402555641185104e-15,4.2934406030425976e-17,Radau,55885266c44ecbbfe86be622c6ebd08b77151ee6ef7dfd5c8bbc8d4250b58e50
C8_213_SAT_PKA_COMMON_capacity_near_lower_boundary_F1_onset100,3,wt,50.0,118.70046651918248,5.600139749527671,31.14469910182444,27.46720117909122,117.53339082122591,47.23726856391018,19.435363129025426,0.05,0.0,0.0005314847618950605,7.0499899719162435,0.014798552299854138,1.6402470570113116e-12,2.3852447794681098e-17,Radau,55885266c44ecbbfe86be622c6ebd08b77151ee6ef7dfd5c8bbc8d4250b58e50
C8_213_SAT_PKA_COMMON_capacity_near_lower_boundary_F1_onset100,3,wt,100.0,118.7004665191819,5.600139749527538,31.1446991017974,27.467201179067647,117.53339082124943,47.23726856390964,19.435363128958937,0.05,0.0,0.0005314847618932883,7.049989966930534,0.014798552299759547,3.811343530429808e-11,1.4210854715202004e-14,Radau,55885266c44ecbbfe86be622c6ebd08b77151ee6ef7dfd5c8bbc8d4250b58e50
C8_213_SAT_PKA_COMMON_capacity_near_lower_boundary_F1_onset100,3,wt,100.0000001,118.70061610873701,5.600150573358528,31.144699101701196,27.467201179152873,117.53338567064006,47.23726341308364,19.435363129018775,0.55,1.0,0.0005316789478663402,7.049989967276764,0.014798554148877097,0.14957787503282755,1.4210854715202004e-14,Radau,55885266c44ecbbfe86be622c6ebd08b77151ee6ef7dfd5c8bbc8d4250b58e50
C8_213_SAT_PKA_COMMON_capacity_near_lower_boundary_F1_onset100,3,wt,149.99999999999716,124.3645905131201,6.916343728833115,23.152676333599253,39.37814631968504,112.0024762706152,32.591808770117794,13.422983374481085,0.55,1.0,0.0013292052313765793,6.956032051458853,0.014519083314216868,8.741056355972266e-11,1.4210854715202004e-14,Radau,55885266c44ecbbfe86be622c6ebd08b77151ee6ef7dfd5c8bbc8d4250b58e50
C8_213_SAT_PKA_COMMON_capacity_near_lower_boundary_F1_onset100,3,wt,199.99999999999432,124.36459051312809,6.916343728833059,23.15267633360693,39.37814631979081,112.00247627051938,32.591808770109814,13.422983374533512,0.55,1.0,0.0013292052313748014,6.956032053076317,0.014519083314345127,1.0298151025815681e-10,1.4210854715202004e-14,Radau,55885266c44ecbbfe86be622c6ebd08b77151ee6ef7dfd5c8bbc8d4250b58e50
C8_213_SAT_PKA_COMMON_capacity_near_lower_boundary_F1_onset100,3,ae2_knockout,0.0,118.70046651918568,5.600139749527659,31.144699101798302,27.467201179072962,117.53339082124728,47.23726856390763,19.43536312896538,0.05,0.0,0.0005314847618951484,7.049989971708506,0.014798552299770357,0.0006948868029941892,4.2934406030425976e-17,Radau,55885266c44ecbbfe86be622c6ebd08b77151ee6ef7dfd5c8bbc8d4250b58e50
C8_213_SAT_PKA_COMMON_capacity_near_lower_boundary_F1_onset100,3,ae2_knockout,50.0,118.64840995211337,5.584502293153715,32.47805022254286,26.288600954128192,118.65012842320758,46.577537823798046,23.248895330346404,0.05,0.0,0.000523748605637146,7.096315364231656,0.01930823289897427,1.2773301262140146e-10,1.4210854715202004e-14,Radau,55885266c44ecbbfe86be622c6ebd08b77151ee6ef7dfd5c8bbc8d4250b58e50
C8_213_SAT_PKA_COMMON_capacity_near_lower_boundary_F1_onset100,3,ae2_knockout,100.0,118.64840995248866,5.584502293159806,32.4780502200421,26.28860095406457,118.65012842367398,46.57753782247397,23.248895326360362,0.05,0.0,0.0005237486055511574,7.096314981493931,0.019308232895071744,3.2749472171732167e-09,1.4210854715202004e-14,Radau,55885266c44ecbbfe86be622c6ebd08b77151ee6ef7dfd5c8bbc8d4250b58e50
C8_213_SAT_PKA_COMMON_capacity_near_lower_boundary_F1_onset100,3,ae2_knockout,100.0000001,118.64856009355326,5.584513156897062,32.47805021994568,26.288600954145092,118.65012346631102,46.57753286489747,23.248895326426144,0.55,1.0,0.00052394326154831,7.096315010153025,0.019308234692210324,0.15012936186777745,2.842170943040401e-14,Radau,55885266c44ecbbfe86be622c6ebd08b77151ee6ef7dfd5c8bbc8d4250b58e50
C8_213_SAT_PKA_COMMON_capacity_near_lower_boundary_F1_onset100,3,ae2_knockout,149.99999999999716,124.35486827070883,6.914553151082549,24.105959313406423,37.019583211777515,114.35053519250901,31.889330287705207,18.28169308167485,0.55,1.0,0.0013278895320124676,7.0273618865362595,0.02233805787667808,1.0497335289612548e-09,1.4210854715202004e-14,Radau,55885266c44ecbbfe86be622c6ebd08b77151ee6ef7dfd5c8bbc8d4250b58e50
C8_213_SAT_PKA_COMMON_capacity_near_lower_boundary_F1_onset100,3,ae2_knockout,199.99999999999432,124.35486827006969,6.9145531510658715,24.10595931175318,37.01958320814549,114.35053519543396,31.88933028765391,18.281693074100836,0.55,1.0,0.0013278895320401492,7.027361783470976,0.02233805786614515,3.0111702214632744e-13,1.4210854715202004e-14,Radau,55885266c44ecbbfe86be622c6ebd08b77151ee6ef7dfd5c8bbc8d4250b58e50
C8_213_SAT_PKA_COMMON_capacity_near_lower_boundary_F1.25_onset100,3,ae4_knockout,0.0,118.70046651918568,5.600139749527659,31.144699101798302,27.467201179072962,117.53339082124728,47.23726856390763,19.43536312896538,0.05,0.0,0.0005314847618951484,7.049989971708506,0.0,0.001425464306277264,4.2934406030425976e-17,Radau,55885266c44ecbbfe86be622c6ebd08b77151ee6ef7dfd5c8bbc8d4250b58e50
C8_213_SAT_PKA_COMMON_capacity_near_lower_boundary_F1.25_onset100,3,ae4_knockout,50.0,118.67579117862483,5.563752548400618,60.148675589625135,21.46719721824769,123.48977522061227,48.38812651202281,56.01099673288761,0.05,0.0,0.0005104391094837245,7.36140715231118,0.0,1.5390891011146917e-05,7.105427357601002e-15,Radau,55885266c44ecbbfe86be622c6ebd08b77151ee6ef7dfd5c8bbc8d4250b58e50
C8_213_SAT_PKA_COMMON_capacity_near_lower_boundary_F1.25_onset100,3,ae4_knockout,100.0,118.59219876245143,5.560413102047002,64.18556292444038,21.214379191895613,123.65395841929697,48.6850257412488,58.17630985392983,0.05,0.0,0.0005111413484255794,7.3742432544753616,0.0,3.7531864532609825e-06,2.1316282072803006e-14,Radau,55885266c44ecbbfe86be622c6ebd08b77151ee6ef7dfd5c8bbc8d4250b58e50
C8_213_SAT_PKA_COMMON_capacity_near_lower_boundary_F1.25_onset100,3,ae4_knockout,100.0000001,118.59235817997391,5.5604246369995,64.18556292809282,21.21437919171372,123.65395575602254,48.685023077970904,58.17630985591418,0.55,1.0,0.0005113450184987643,7.374243254329262,0.0,0.1594052858253695,1.033895191682177e-15,Radau,55885266c44ecbbfe86be622c6ebd08b77151ee6ef7dfd5c8bbc8d4250b58e50
C8_213_SAT_PKA_COMMON_capacity_near_lower_boundary_F1.25_onset100,3,ae4_knockout,149.99999999999716,124.57845522338194,6.955453664479064,28.77021558221682,33.32181263923559,118.29007685748653,32.39618972895141,34.42308839008885,0.55,1.0,0.001358122420710137,7.1984528285241405,0.0,1.8631022420254484e-08,1.4210854715202004e-14,Radau,55885266c44ecbbfe86be622c6ebd08b77151ee6ef7dfd5c8bbc8d4250b58e50
C8_213_SAT_PKA_COMMON_capacity_near_lower_boundary_F1.25_onset100,3,ae4_knockout,199.99999999999432,124.57849345928815,6.9554539479236706,28.769936870828488,33.32195021701758,118.28998047041443,32.39614037885838,34.42235749528625,0.55,1.0,0.001358119887918871,7.19844482539236,0.0,1.7125776574471974e-08,1.7832957333041577e-15,Radau,55885266c44ecbbfe86be622c6ebd08b77151ee6ef7dfd5c8bbc8d4250b58e50
C8_213_SAT_PKA_COMMON_capacity_near_lower_boundary_F1.25_onset100,3,wt,0.0,118.70046651918568,5.600139749527659,31.144699101798302,27.467201179072962,117.53339082124728,47.23726856390763,19.43536312896538,0.05,0.0,0.0005314847618951484,7.049989971708506,0.014798552299770357,1.5402555641185104e-15,4.2934406030425976e-17,Radau,55885266c44ecbbfe86be622c6ebd08b77151ee6ef7dfd5c8bbc8d4250b58e50
C8_213_SAT_PKA_COMMON_capacity_near_lower_boundary_F1.25_onset100,3,wt,50.0,118.70046651918248,5.600139749527671,31.14469910182444,27.46720117909122,117.53339082122591,47.23726856391018,19.435363129025426,0.05,0.0,0.0005314847618950605,7.0499899719162435,0.014798552299854138,1.6402470570113116e-12,2.3852447794681098e-17,Radau,55885266c44ecbbfe86be622c6ebd08b77151ee6ef7dfd5c8bbc8d4250b58e50
C8_213_SAT_PKA_COMMON_capacity_near_lower_boundary_F1.25_onset100,3,wt,100.0,118.7004665191819,5.600139749527538,31.1446991017974,27.467201179067647,117.53339082124943,47.23726856390964,19.435363128958937,0.05,0.0,0.0005314847618932883,7.049989966930534,0.014798552299759547,3.811343530429808e-11,1.4210854715202004e-14,Radau,55885266c44ecbbfe86be622c6ebd08b77151ee6ef7dfd5c8bbc8d4250b58e50
C8_213_SAT_PKA_COMMON_capacity_near_lower_boundary_F1.25_onset100,3,wt,100.0000001,118.70061610872902,5.600150573358155,31.144699101701125,27.467201199815758,117.53338553118881,47.23726365066108,19.435362772652812,0.55,1.0,0.0005316790854953545,7.049989967138272,0.018498191996700667,0.14957785905161675,6.314393452555578e-16,Radau,55885266c44ecbbfe86be622c6ebd08b77151ee6ef7dfd5c8bbc8d4250b58e50
C8_213_SAT_PKA_COMMON_capacity_near_lower_boundary_F1.25_onset100,3,wt,149.99999999999716,124.31000628539489,6.906275971637555,22.921541372276035,40.49608047560046,110.82544470898685,32.54070133314231,12.352514897540571,0.55,1.0,0.0013218167230282624,6.937981862939971,0.015748114600751272,4.072216335251249e-12,9.992007221626409e-16,Radau,55885266c44ecbbfe86be622c6ebd08b77151ee6ef7dfd5c8bbc8d4250b58e50
C8_213_SAT_PKA_COMMON_capacity_near_lower_boundary_F1.25_onset100,3,wt,199.99999999999432,124.31000628567715,6.9062759716490465,22.921541371998675,40.49608047534841,110.82544470954375,32.540701332893065,12.352514896809312,0.55,1.0,0.0013218167230170965,6.937981853630272,0.015748114598957228,8.862694644654027e-11,2.8796409701215e-16,Radau,55885266c44ecbbfe86be622c6ebd08b77151ee6ef7dfd5c8bbc8d4250b58e50
C8_213_SAT_PKA_COMMON_capacity_near_lower_boundary_F1.25_onset100,3,ae2_knockout,0.0,118.70046651918568,5.600139749527659,31.144699101798302,27.467201179072962,117.53339082124728,47.23726856390763,19.43536312896538,0.05,0.0,0.0005314847618951484,7.049989971708506,0.014798552299770357,0.0006948868029941892,4.2934406030425976e-17,Radau,55885266c44ecbbfe86be622c6ebd08b77151ee6ef7dfd5c8bbc8d4250b58e50
C8_213_SAT_PKA_COMMON_capacity_near_lower_boundary_F1.25_onset100,3,ae2_knockout,50.0,118.64840995211337,5.584502293153715,32.47805022254286,26.288600954128192,118.65012842320758,46.577537823798046,23.248895330346404,0.05,0.0,0.000523748605637146,7.096315364231656,0.01930823289897427,1.2773301262140146e-10,1.4210854715202004e-14,Radau,55885266c44ecbbfe86be622c6ebd08b77151ee6ef7dfd5c8bbc8d4250b58e50
C8_213_SAT_PKA_COMMON_capacity_near_lower_boundary_F1.25_onset100,3,ae2_knockout,100.0,118.64840995248866,5.584502293159806,32.4780502200421,26.28860095406457,118.65012842367398,46.57753782247397,23.248895326360362,0.05,0.0,0.0005237486055511574,7.096314981493931,0.019308232895071744,3.2749472171732167e-09,1.4210854715202004e-14,Radau,55885266c44ecbbfe86be622c6ebd08b77151ee6ef7dfd5c8bbc8d4250b58e50
C8_213_SAT_PKA_COMMON_capacity_near_lower_boundary_F1.25_onset100,3,ae2_knockout,100.0000001,118.64856009354327,5.584513156896597,32.47805021994559,26.288600940664377,118.65012333116688,46.577533162148036,23.248894880550544,0.55,1.0,0.0005239434337461153,7.096315009844862,0.024135292613716115,0.15012934191959074,1.4210854715202004e-14,Radau,55885266c44ecbbfe86be622c6ebd08b77151ee6ef7dfd5c8bbc8d4250b58e50
C8_213_SAT_PKA_COMMON_capacity_near_lower_boundary_F1.25_onset100,3,ae2_knockout,149.99999999999716,124.29958014535136,6.904348820419924,23.60108581366195,38.23621654349827,113.07403382444109,31.852894658811355,16.093418460268616,0.55,1.0,0.001320404974995635,6.996752447534764,0.02431300112374323,2.044892815736328e-08,1.1449174941446927e-15,Radau,55885266c44ecbbfe86be622c6ebd08b77151ee6ef7dfd5c8bbc8d4250b58e50
C8_213_SAT_PKA_COMMON_capacity_near_lower_boundary_F1.25_onset100,3,ae2_knockout,199.99999999999432,124.299580153852,6.904348820671316,23.60108580981594,38.23621655509964,113.07403382193735,31.85289465304772,16.093418458084344,0.55,1.0,0.0013204049749270324,6.996753315856075,0.024313001126366487,2.9004795667315854e-08,1.4210854715202004e-14,Radau,55885266c44ecbbfe86be622c6ebd08b77151ee6ef7dfd5c8bbc8d4250b58e50
C8_213_SAT_PKA_COMMON_capacity_near_lower_boundary_F1.6_onset100,3,ae4_knockout,0.0,118.70046651918568,5.600139749527659,31.144699101798302,27.467201179072962,117.53339082124728,47.23726856390763,19.43536312896538,0.05,0.0,0.0005314847618951484,7.049989971708506,0.0,0.001425464306277264,4.2934406030425976e-17,Radau,55885266c44ecbbfe86be622c6ebd08b77151ee6ef7dfd5c8bbc8d4250b58e50
C8_213_SAT_PKA_COMMON_capacity_near_lower_boundary_F1.6_onset100,3,ae4_knockout,50.0,118.67579117862483,5.563752548400618,60.148675589625135,21.46719721824769,123.48977522061227,48.38812651202281,56.01099673288761,0.05,0.0,0.0005104391094837245,7.36140715231118,0.0,1.5390891011146917e-05,7.105427357601002e-15,Radau,55885266c44ecbbfe86be622c6ebd08b77151ee6ef7dfd5c8bbc8d4250b58e50
C8_213_SAT_PKA_COMMON_capacity_near_lower_boundary_F1.6_onset100,3,ae4_knockout,100.0,118.59219876245143,5.560413102047002,64.18556292444038,21.214379191895613,123.65395841929697,48.6850257412488,58.17630985392983,0.05,0.0,0.0005111413484255794,7.3742432544753616,0.0,3.7531864532609825e-06,2.1316282072803006e-14,Radau,55885266c44ecbbfe86be622c6ebd08b77151ee6ef7dfd5c8bbc8d4250b58e50
C8_213_SAT_PKA_COMMON_capacity_near_lower_boundary_F1.6_onset100,3,ae4_knockout,100.0000001,118.59235817997391,5.5604246369995,64.18556292809282,21.21437919171372,123.65395575602254,48.685023077970904,58.17630985591418,0.55,1.0,0.0005113450184987643,7.374243254329262,0.0,0.1594052858253695,1.033895191682177e-15,Radau,55885266c44ecbbfe86be622c6ebd08b77151ee6ef7dfd5c8bbc8d4250b58e50
C8_213_SAT_PKA_COMMON_capacity_near_lower_boundary_F1.6_onset100,3,ae4_knockout,149.99999999999716,124.57845522338194,6.955453664479064,28.77021558221682,33.32181263923559,118.29007685748653,32.39618972895141,34.42308839008885,0.55,1.0,0.001358122420710137,7.1984528285241405,0.0,1.8631022420254484e-08,1.4210854715202004e-14,Radau,55885266c44ecbbfe86be622c6ebd08b77151ee6ef7dfd5c8bbc8d4250b58e50
C8_213_SAT_PKA_COMMON_capacity_near_lower_boundary_F1.6_onset100,3,ae4_knockout,199.99999999999432,124.57849345928815,6.9554539479236706,28.769936870828488,33.32195021701758,118.28998047041443,32.39614037885838,34.42235749528625,0.55,1.0,0.001358119887918871,7.19844482539236,0.0,1.7125776574471974e-08,1.7832957333041577e-15,Radau,55885266c44ecbbfe86be622c6ebd08b77151ee6ef7dfd5c8bbc8d4250b58e50
C8_213_SAT_PKA_COMMON_capacity_near_lower_boundary_F1.6_onset100,3,wt,0.0,118.70046651918568,5.600139749527659,31.144699101798302,27.467201179072962,117.53339082124728,47.23726856390763,19.43536312896538,0.05,0.0,0.0005314847618951484,7.049989971708506,0.014798552299770357,1.5402555641185104e-15,4.2934406030425976e-17,Radau,55885266c44ecbbfe86be622c6ebd08b77151ee6ef7dfd5c8bbc8d4250b58e50
C8_213_SAT_PKA_COMMON_capacity_near_lower_boundary_F1.6_onset100,3,wt,50.0,118.70046651918248,5.600139749527671,31.14469910182444,27.46720117909122,117.53339082122591,47.23726856391018,19.435363129025426,0.05,0.0,0.0005314847618950605,7.0499899719162435,0.014798552299854138,1.6402470570113116e-12,2.3852447794681098e-17,Radau,55885266c44ecbbfe86be622c6ebd08b77151ee6ef7dfd5c8bbc8d4250b58e50
C8_213_SAT_PKA_COMMON_capacity_near_lower_boundary_F1.6_onset100,3,wt,100.0,118.7004665191819,5.600139749527538,31.1446991017974,27.467201179067647,117.53339082124943,47.23726856390964,19.435363128958937,0.05,0.0,0.0005314847618932883,7.049989966930534,0.014798552299759547,3.811343530429808e-11,1.4210854715202004e-14,Radau,55885266c44ecbbfe86be622c6ebd08b77151ee6ef7dfd5c8bbc8d4250b58e50
C8_213_SAT_PKA_COMMON_capacity_near_lower_boundary_F1.6_onset100,3,wt,100.0000001,118.70061610871784,5.600150573357634,31.144699101701015,27.46720122874381,117.53338533595705,47.237263983269486,19.435362273740488,0.55,1.0,0.0005316792781759733,7.049989966792042,0.02367768452037979,0.14957783667792174,1.4210854715202004e-14,Radau,55885266c44ecbbfe86be622c6ebd08b77151ee6ef7dfd5c8bbc8d4250b58e50
C8_213_SAT_PKA_COMMON_capacity_near_lower_boundary_F1.6_onset100,3,wt,149.99999999999716,124.23297126983495,6.892005615212888,22.696102850964355,42.00194021539668,109.23612577858256,32.45573495710214,11.296882432612737,0.55,1.0,0.0013113822327662048,6.919094495831651,0.017030290416186762,2.609626387209077e-10,6.054184931159057e-16,Radau,55885266c44ecbbfe86be622c6ebd08b77151ee6ef7dfd5c8bbc8d4250b58e50
C8_213_SAT_PKA_COMMON_capacity_near_lower_boundary_F1.6_onset100,3,wt,199.99999999999432,124.23297126985145,6.892005615214445,22.696102850927094,42.001940215431134,109.23612577858009,32.45573495707075,11.296882432534467,0.55,1.0,0.0013113822327135928,6.9190943702742675,0.01703029041594649,1.0323535810193163e-09,2.842170943040401e-14,Radau,55885266c44ecbbfe86be622c6ebd08b77151ee6ef7dfd5c8bbc8d4250b58e50
C8_213_SAT_PKA_COMMON_capacity_near_lower_boundary_F1.6_onset100,3,ae2_knockout,0.0,118.70046651918568,5.600139749527659,31.144699101798302,27.467201179072962,117.53339082124728,47.23726856390763,19.43536312896538,0.05,0.0,0.0005314847618951484,7.049989971708506,0.014798552299770357,0.0006948868029941892,4.2934406030425976e-17,Radau,55885266c44ecbbfe86be622c6ebd08b77151ee6ef7dfd5c8bbc8d4250b58e50
C8_213_SAT_PKA_COMMON_capacity_near_lower_boundary_F1.6_onset100,3,ae2_knockout,50.0,118.64840995211337,5.584502293153715,32.47805022254286,26.288600954128192,118.65012842320758,46.577537823798046,23.248895330346404,0.05,0.0,0.000523748605637146,7.096315364231656,0.01930823289897427,1.2773301262140146e-10,1.4210854715202004e-14,Radau,55885266c44ecbbfe86be622c6ebd08b77151ee6ef7dfd5c8bbc8d4250b58e50
C8_213_SAT_PKA_COMMON_capacity_near_lower_boundary_F1.6_onset100,3,ae2_knockout,100.0,118.64840995248866,5.584502293159806,32.4780502200421,26.28860095406457,118.65012842367398,46.57753782247397,23.248895326360362,0.05,0.0,0.0005237486055511574,7.096314981493931,0.019308232895071744,3.2749472171732167e-09,1.4210854715202004e-14,Radau,55885266c44ecbbfe86be622c6ebd08b77151ee6ef7dfd5c8bbc8d4250b58e50
C8_213_SAT_PKA_COMMON_capacity_near_lower_boundary_F1.6_onset100,3,ae2_knockout,100.0000001,118.64856009352931,5.584513156895949,32.47805021994545,26.28860092179138,118.65012314196508,46.577533578298805,23.248894256324732,0.55,1.0,0.0005239436748231605,7.096315009690781,0.030893173198784842,0.15012931399211527,2.842170943040401e-14,Radau,55885266c44ecbbfe86be622c6ebd08b77151ee6ef7dfd5c8bbc8d4250b58e50
C8_213_SAT_PKA_COMMON_capacity_near_lower_boundary_F1.6_onset100,3,ae2_knockout,149.99999999999716,124.22143206679253,6.8898617699547735,23.164865075388615,39.82438453106562,111.40118896406244,31.773990430919206,14.141190653424086,0.55,1.0,0.001309818517145134,6.966952428882058,0.026296032848503993,1.6682005195486523e-09,2.842170943040401e-14,Radau,55885266c44ecbbfe86be622c6ebd08b77151ee6ef7dfd5c8bbc8d4250b58e50
C8_213_SAT_PKA_COMMON_capacity_near_lower_boundary_F1.6_onset100,3,ae2_knockout,199.99999999999432,124.22143206705142,6.889861769980457,23.16486507626136,39.82438453227836,111.40118896317023,31.773990431627375,14.141190656957209,0.55,1.0,0.00130981851715585,6.966952617339136,0.026296032858871034,1.1420679402536862e-10,1.4210854715202004e-14,Radau,55885266c44ecbbfe86be622c6ebd08b77151ee6ef7dfd5c8bbc8d4250b58e50
C8_213_SAT_PKA_COMMON_capacity_near_lower_boundary_F3_onset100,3,ae4_knockout,0.0,118.70046651918568,5.600139749527659,31.144699101798302,27.467201179072962,117.53339082124728,47.23726856390763,19.43536312896538,0.05,0.0,0.0005314847618951484,7.049989971708506,0.0,0.001425464306277264,4.2934406030425976e-17,Radau,55885266c44ecbbfe86be622c6ebd08b77151ee6ef7dfd5c8bbc8d4250b58e50
C8_213_SAT_PKA_COMMON_capacity_near_lower_boundary_F3_onset100,3,ae4_knockout,50.0,118.67579117862483,5.563752548400618,60.148675589625135,21.46719721824769,123.48977522061227,48.38812651202281,56.01099673288761,0.05,0.0,0.0005104391094837245,7.36140715231118,0.0,1.5390891011146917e-05,7.105427357601002e-15,Radau,55885266c44ecbbfe86be622c6ebd08b77151ee6ef7dfd5c8bbc8d4250b58e50
C8_213_SAT_PKA_COMMON_capacity_near_lower_boundary_F3_onset100,3,ae4_knockout,100.0,118.59219876245143,5.560413102047002,64.18556292444038,21.214379191895613,123.65395841929697,48.6850257412488,58.17630985392983,0.05,0.0,0.0005111413484255794,7.3742432544753616,0.0,3.7531864532609825e-06,2.1316282072803006e-14,Radau,55885266c44ecbbfe86be622c6ebd08b77151ee6ef7dfd5c8bbc8d4250b58e50
C8_213_SAT_PKA_COMMON_capacity_near_lower_boundary_F3_onset100,3,ae4_knockout,100.0000001,118.59235817997391,5.5604246369995,64.18556292809282,21.21437919171372,123.65395575602254,48.685023077970904,58.17630985591418,0.55,1.0,0.0005113450184987643,7.374243254329262,0.0,0.1594052858253695,1.033895191682177e-15,Radau,55885266c44ecbbfe86be622c6ebd08b77151ee6ef7dfd5c8bbc8d4250b58e50
C8_213_SAT_PKA_COMMON_capacity_near_lower_boundary_F3_onset100,3,ae4_knockout,149.99999999999716,124.57845522338194,6.955453664479064,28.77021558221682,33.32181263923559,118.29007685748653,32.39618972895141,34.42308839008885,0.55,1.0,0.001358122420710137,7.1984528285241405,0.0,1.8631022420254484e-08,1.4210854715202004e-14,Radau,55885266c44ecbbfe86be622c6ebd08b77151ee6ef7dfd5c8bbc8d4250b58e50
C8_213_SAT_PKA_COMMON_capacity_near_lower_boundary_F3_onset100,3,ae4_knockout,199.99999999999432,124.57849345928815,6.9554539479236706,28.769936870828488,33.32195021701758,118.28998047041443,32.39614037885838,34.42235749528625,0.55,1.0,0.001358119887918871,7.19844482539236,0.0,1.7125776574471974e-08,1.7832957333041577e-15,Radau,55885266c44ecbbfe86be622c6ebd08b77151ee6ef7dfd5c8bbc8d4250b58e50
C8_213_SAT_PKA_COMMON_capacity_near_lower_boundary_F3_onset100,3,wt,0.0,118.70046651918568,5.600139749527659,31.144699101798302,27.467201179072962,117.53339082124728,47.23726856390763,19.43536312896538,0.05,0.0,0.0005314847618951484,7.049989971708506,0.014798552299770357,1.5402555641185104e-15,4.2934406030425976e-17,Radau,55885266c44ecbbfe86be622c6ebd08b77151ee6ef7dfd5c8bbc8d4250b58e50
C8_213_SAT_PKA_COMMON_capacity_near_lower_boundary_F3_onset100,3,wt,50.0,118.70046651918248,5.600139749527671,31.14469910182444,27.46720117909122,117.53339082122591,47.23726856391018,19.435363129025426,0.05,0.0,0.0005314847618950605,7.0499899719162435,0.014798552299854138,1.6402470570113116e-12,2.3852447794681098e-17,Radau,55885266c44ecbbfe86be622c6ebd08b77151ee6ef7dfd5c8bbc8d4250b58e50
C8_213_SAT_PKA_COMMON_capacity_near_lower_boundary_F3_onset100,3,wt,100.0,118.7004665191819,5.600139749527538,31.1446991017974,27.467201179067647,117.53339082124943,47.23726856390964,19.435363128958937,0.05,0.0,0.0005314847618932883,7.049989966930534,0.014798552299759547,3.811343530429808e-11,1.4210854715202004e-14,Radau,55885266c44ecbbfe86be622c6ebd08b77151ee6ef7dfd5c8bbc8d4250b58e50
C8_213_SAT_PKA_COMMON_capacity_near_lower_boundary_F3_onset100,3,wt,100.0000001,118.70061610867309,5.600150573355548,31.144699101700596,27.467201344456104,117.53338455503003,47.23726531370292,19.435360278091444,0.55,1.0,0.00053168004889835,7.049989965822599,0.0443956492102351,0.1495777471831533,1.4210854715202004e-14,Radau,55885266c44ecbbfe86be622c6ebd08b77151ee6ef7dfd5c8bbc8d4250b58e50
C8_213_SAT_PKA_COMMON_capacity_near_lower_boundary_F3_onset100,3,wt,149.99999999999716,123.91446321068328,6.832218448117199,22.253808868935803,47.91058556373908,102.98170323446986,32.09886544846609,9.17171369961835,0.55,1.0,0.0012681501887723892,6.87663652926343,0.019805176196084323,4.797030742294843e-10,1.4210854715202004e-14,Radau,55885266c44ecbbfe86be622c6ebd08b77151ee6ef7dfd5c8bbc8d4250b58e50
C8_213_SAT_PKA_COMMON_capacity_near_lower_boundary_F3_onset100,3,wt,199.99999999999432,123.91446321088098,6.832218448135853,22.25380886904916,47.910585563879124,102.98170323447908,32.098865448824235,9.171713699980875,0.55,1.0,0.0012681501888393498,6.876636486756268,0.019805176198370737,8.071861753018538e-12,1.3287981825982342e-15,Radau,55885266c44ecbbfe86be622c6ebd08b77151ee6ef7dfd5c8bbc8d4250b58e50
C8_213_SAT_PKA_COMMON_capacity_near_lower_boundary_F3_onset100,3,ae2_knockout,0.0,118.70046651918568,5.600139749527659,31.144699101798302,27.467201179072962,117.53339082124728,47.23726856390763,19.43536312896538,0.05,0.0,0.0005314847618951484,7.049989971708506,0.014798552299770357,0.0006948868029941892,4.2934406030425976e-17,Radau,55885266c44ecbbfe86be622c6ebd08b77151ee6ef7dfd5c8bbc8d4250b58e50
C8_213_SAT_PKA_COMMON_capacity_near_lower_boundary_F3_onset100,3,ae2_knockout,50.0,118.64840995211337,5.584502293153715,32.47805022254286,26.288600954128192,118.65012842320758,46.577537823798046,23.248895330346404,0.05,0.0,0.000523748605637146,7.096315364231656,0.01930823289897427,1.2773301262140146e-10,1.4210854715202004e-14,Radau,55885266c44ecbbfe86be622c6ebd08b77151ee6ef7dfd5c8bbc8d4250b58e50
C8_213_SAT_PKA_COMMON_capacity_near_lower_boundary_F3_onset100,3,ae2_knockout,100.0,118.64840995248866,5.584502293159806,32.4780502200421,26.28860095406457,118.65012842367398,46.57753782247397,23.248895326360362,0.05,0.0,0.0005237486055511574,7.096314981493931,0.019308232895071744,3.2749472171732167e-09,1.4210854715202004e-14,Radau,55885266c44ecbbfe86be622c6ebd08b77151ee6ef7dfd5c8bbc8d4250b58e50
C8_213_SAT_PKA_COMMON_capacity_near_lower_boundary_F3_onset100,3,ae2_knockout,100.0000001,118.64856009347345,5.584513156893355,32.47805021994492,26.28860084629949,118.65012238515793,46.577535242901696,23.24889175942175,0.55,1.0,0.0005239446391309845,7.096315008535172,0.05792468964693343,0.15012920228225546,1.4432899320127035e-15,Radau,55885266c44ecbbfe86be622c6ebd08b77151ee6ef7dfd5c8bbc8d4250b58e50
C8_213_SAT_PKA_COMMON_capacity_near_lower_boundary_F3_onset100,3,ae2_knockout,149.99999999999716,123.89700450121036,6.828903897453172,22.40320350962185,45.88659386610265,104.986717123025,31.388028383597625,10.594572473026586,0.55,1.0,0.0012657761950830603,6.904477835416574,0.030569876494390254,2.048577506152657e-10,2.0261570199409107e-15,Radau,55885266c44ecbbfe86be622c6ebd08b77151ee6ef7dfd5c8bbc8d4250b58e50
C8_213_SAT_PKA_COMMON_capacity_near_lower_boundary_F3_onset100,3,ae2_knockout,199.99999999999432,123.89700450119061,6.828903897453682,22.403203509267613,45.88659386374608,104.98671712540703,31.388028382984167,10.59457247189169,0.55,1.0,0.0012657761950862565,6.904478016801327,0.03056987648629885,1.7238011838275964e-09,2.842170943040401e-14,Radau,55885266c44ecbbfe86be622c6ebd08b77151ee6ef7dfd5c8bbc8d4250b58e50
C8_213_SAT_PKA_COMMON_capacity_near_lower_boundary_F10_onset100,3,ae4_knockout,0.0,118.70046651918568,5.600139749527659,31.144699101798302,27.467201179072962,117.53339082124728,47.23726856390763,19.43536312896538,0.05,0.0,0.0005314847618951484,7.049989971708506,0.0,0.001425464306277264,4.2934406030425976e-17,Radau,55885266c44ecbbfe86be622c6ebd08b77151ee6ef7dfd5c8bbc8d4250b58e50
C8_213_SAT_PKA_COMMON_capacity_near_lower_boundary_F10_onset100,3,ae4_knockout,50.0,118.67579117862483,5.563752548400618,60.148675589625135,21.46719721824769,123.48977522061227,48.38812651202281,56.01099673288761,0.05,0.0,0.0005104391094837245,7.36140715231118,0.0,1.5390891011146917e-05,7.105427357601002e-15,Radau,55885266c44ecbbfe86be622c6ebd08b77151ee6ef7dfd5c8bbc8d4250b58e50
C8_213_SAT_PKA_COMMON_capacity_near_lower_boundary_F10_onset100,3,ae4_knockout,100.0,118.59219876245143,5.560413102047002,64.18556292444038,21.214379191895613,123.65395841929697,48.6850257412488,58.17630985392983,0.05,0.0,0.0005111413484255794,7.3742432544753616,0.0,3.7531864532609825e-06,2.1316282072803006e-14,Radau,55885266c44ecbbfe86be622c6ebd08b77151ee6ef7dfd5c8bbc8d4250b58e50
C8_213_SAT_PKA_COMMON_capacity_near_lower_boundary_F10_onset100,3,ae4_knockout,100.0000001,118.59235817997391,5.5604246369995,64.18556292809282,21.21437919171372,123.65395575602254,48.685023077970904,58.17630985591418,0.55,1.0,0.0005113450184987643,7.374243254329262,0.0,0.1594052858253695,1.033895191682177e-15,Radau,55885266c44ecbbfe86be622c6ebd08b77151ee6ef7dfd5c8bbc8d4250b58e50
C8_213_SAT_PKA_COMMON_capacity_near_lower_boundary_F10_onset100,3,ae4_knockout,149.99999999999716,124.57845522338194,6.955453664479064,28.77021558221682,33.32181263923559,118.29007685748653,32.39618972895141,34.42308839008885,0.55,1.0,0.001358122420710137,7.1984528285241405,0.0,1.8631022420254484e-08,1.4210854715202004e-14,Radau,55885266c44ecbbfe86be622c6ebd08b77151ee6ef7dfd5c8bbc8d4250b58e50
C8_213_SAT_PKA_COMMON_capacity_near_lower_boundary_F10_onset100,3,ae4_knockout,199.99999999999432,124.57849345928815,6.9554539479236706,28.769936870828488,33.32195021701758,118.28998047041443,32.39614037885838,34.42235749528625,0.55,1.0,0.001358119887918871,7.19844482539236,0.0,1.7125776574471974e-08,1.7832957333041577e-15,Radau,55885266c44ecbbfe86be622c6ebd08b77151ee6ef7dfd5c8bbc8d4250b58e50
C8_213_SAT_PKA_COMMON_capacity_near_lower_boundary_F10_onset100,3,wt,0.0,118.70046651918568,5.600139749527659,31.144699101798302,27.467201179072962,117.53339082124728,47.23726856390763,19.43536312896538,0.05,0.0,0.0005314847618951484,7.049989971708506,0.014798552299770357,1.5402555641185104e-15,4.2934406030425976e-17,Radau,55885266c44ecbbfe86be622c6ebd08b77151ee6ef7dfd5c8bbc8d4250b58e50
C8_213_SAT_PKA_COMMON_capacity_near_lower_boundary_F10_onset100,3,wt,50.0,118.70046651918248,5.600139749527671,31.14469910182444,27.46720117909122,117.53339082122591,47.23726856391018,19.435363129025426,0.05,0.0,0.0005314847618950605,7.0499899719162435,0.014798552299854138,1.6402470570113116e-12,2.3852447794681098e-17,Radau,55885266c44ecbbfe86be622c6ebd08b77151ee6ef7dfd5c8bbc8d4250b58e50
C8_213_SAT_PKA_COMMON_capacity_near_lower_boundary_F10_onset100,3,wt,100.0,118.7004665191819,5.600139749527538,31.1446991017974,27.467201179067647,117.53339082124943,47.23726856390964,19.435363128958937,0.05,0.0,0.0005314847618932883,7.049989966930534,0.014798552299759547,3.811343530429808e-11,1.4210854715202004e-14,Radau,55885266c44ecbbfe86be622c6ebd08b77151ee6ef7dfd5c8bbc8d4250b58e50
C8_213_SAT_PKA_COMMON_capacity_near_lower_boundary_F10_onset100,3,wt,100.0000001,118.70061610844934,5.600150573345117,31.14469910169849,27.46720192301953,117.53338065039505,47.2372719658659,19.435350299852473,0.55,1.0,0.0005316839025079327,7.049989961806332,0.14798534294291468,0.14957729970957445,1.4210854715202004e-14,Radau,55885266c44ecbbfe86be622c6ebd08b77151ee6ef7dfd5c8bbc8d4250b58e50
C8_213_SAT_PKA_COMMON_capacity_near_lower_boundary_F10_onset100,3,wt,149.99999999999716,121.78850569516362,6.3957893906184795,22.82287696055259,87.12559667825442,61.42464333584285,34.0446986535677,7.617168710848136,0.55,1.0,0.0009753174986614919,6.832888396760957,0.022836685234951075,2.187467615985647e-09,1.4210854715202004e-14,Radau,55885266c44ecbbfe86be622c6ebd08b77151ee6ef7dfd5c8bbc8d4250b58e50
C8_213_SAT_PKA_COMMON_capacity_near_lower_boundary_F10_onset100,3,wt,199.99999999999432,121.78850569489887,6.3957893902006395,22.822876968619273,87.12559675863398,61.42464325512936,34.04469868265097,7.617168719135592,0.55,1.0,0.0009753174983289592,6.832888617829215,0.022836685385079526,3.5003987568185384e-10,1.4016565685892601e-15,Radau,55885266c44ecbbfe86be622c6ebd08b77151ee6ef7dfd5c8bbc8d4250b58e50
C8_213_SAT_PKA_COMMON_capacity_lower_quartile_F1_onset100,3,ae4_knockout,0.0,118.70255851198935,5.600766336162829,31.05537637378728,27.568596248021596,117.4344799787553,47.20416773720073,19.245658395156095,0.05,0.0,0.0005317954444984261,7.047497999984859,0.0,0.0014428264735925767,4.8138576458356397e-17,Radau,55885266c44ecbbfe86be622c6ebd08b77151ee6ef7dfd5c8bbc8d4250b58e50
C8_213_SAT_PKA_COMMON_capacity_lower_quartile_F1_onset100,3,ae4_knockout,50.0,118.67588028808308,5.563756129078422,60.1447584858701,21.467465093462526,123.48960183930397,48.387813820186786,56.00876246829014,0.05,0.0,0.000510438374635427,7.361393700722292,0.0,1.5403284370218333e-05,1.4210854715202004e-14,Radau,55885266c44ecbbfe86be622c6ebd08b77151ee6ef7dfd5c8bbc8d4250b58e50
C8_213_SAT_PKA_COMMON_capacity_lower_quartile_F1_onset100,3,ae4_knockout,100.0,118.59221676679478,5.5604138169965385,64.18460777396402,21.21443398211955,123.65392271754725,48.68496100741801,58.175828082237715,0.05,0.0,0.0005111411943393983,7.3742404409065525,0.0,3.7556955754407045e-06,1.4210854715202004e-14,Radau,55885266c44ecbbfe86be622c6ebd08b77151ee6ef7dfd5c8bbc8d4250b58e50
C8_213_SAT_PKA_COMMON_capacity_lower_quartile_F1_onset100,3,ae4_knockout,100.0000001,118.59237618415158,5.560425351937049,64.18460777761898,21.214433981937507,123.65392005423604,48.68495834410343,58.17582808422337,0.55,1.0,0.0005113448642469025,7.374240440760454,0.0,0.15940512014041253,1.4210854715202004e-14,Radau,55885266c44ecbbfe86be622c6ebd08b77151ee6ef7dfd5c8bbc8d4250b58e50
C8_213_SAT_PKA_COMMON_capacity_lower_quartile_F1_onset100,3,ae4_knockout,149.99999999999716,124.57845523017306,6.9554536645277985,28.77021553323179,33.32181266379982,118.2900768402388,32.39618972014235,34.42308826186346,0.55,1.0,0.0013581224202413803,7.198452694117249,0.0,2.0076127519527964e-08,1.4210854715202004e-14,Radau,55885266c44ecbbfe86be622c6ebd08b77151ee6ef7dfd5c8bbc8d4250b58e50
C8_213_SAT_PKA_COMMON_capacity_lower_quartile_F1_onset100,3,ae4_knockout,199.99999999999432,124.57849346475652,6.9554539479820825,28.769936907850358,33.32195023476612,118.28998045848292,32.3961403726759,34.4223576161833,0.55,1.0,0.001358119887846399,7.198446312323168,0.0,9.85332653025299e-10,6.591949208711867e-16,Radau,55885266c44ecbbfe86be622c6ebd08b77151ee6ef7dfd5c8bbc8d4250b58e50
C8_213_SAT_PKA_COMMON_capacity_lower_quartile_F1_onset100,3,wt,0.0,118.70255851198935,5.600766336162829,31.05537637378728,27.568596248021596,117.4344799787553,47.20416773720073,19.245658395156095,0.05,0.0,0.0005317954444984261,7.047497999984859,0.014935839731481913,4.818494532784229e-13,4.8138576458356397e-17,Radau,55885266c44ecbbfe86be622c6ebd08b77151ee6ef7dfd5c8bbc8d4250b58e50
C8_213_SAT_PKA_COMMON_capacity_lower_quartile_F1_onset100,3,wt,50.0,118.70255851200679,5.600766336163368,31.055376373832576,27.568596248036865,117.43447997875846,47.20416773714668,19.24565839534313,0.05,0.0,0.000531795444498179,7.047498000053709,0.014935839731761553,3.142864522741566e-15,2.842170943040401e-14,Radau,55885266c44ecbbfe86be622c6ebd08b77151ee6ef7dfd5c8bbc8d4250b58e50
C8_213_SAT_PKA_COMMON_capacity_lower_quartile_F1_onset100,3,wt,100.0,118.70255851200739,5.600766336163806,31.055376373902046,27.56859624805584,117.43447997874006,47.204167737184065,19.24565839548359,0.05,0.0,0.0005317954444971854,7.047497992480234,0.014935839731944844,6.038460178436403e-11,1.4210854715202004e-14,Radau,55885266c44ecbbfe86be622c6ebd08b77151ee6ef7dfd5c8bbc8d4250b58e50
C8_213_SAT_PKA_COMMON_capacity_lower_quartile_F1_onset100,3,wt,100.0000001,118.7027079227653,5.600777147057572,31.05537637380595,27.568596248141542,117.43447481948996,47.20416257771717,19.24565839554293,0.55,1.0,0.0005319894155136056,7.047497992962183,0.014935841624644145,0.1493990905331689,1.2698175844150228e-15,Radau,55885266c44ecbbfe86be622c6ebd08b77151ee6ef7dfd5c8bbc8d4250b58e50
C8_213_SAT_PKA_COMMON_capacity_lower_quartile_F1_onset100,3,wt,149.99999999999716,124.35940709859433,6.915389223996719,23.126992636749115,39.48691437956672,111.88809757414518,32.58748788997084,13.304679899900318,0.55,1.0,0.0013285037824102713,6.954086201269457,0.01465143058166865,4.304946586855896e-11,1.4210854715202004e-14,Radau,55885266c44ecbbfe86be622c6ebd08b77151ee6ef7dfd5c8bbc8d4250b58e50
C8_213_SAT_PKA_COMMON_capacity_lower_quartile_F1_onset100,3,wt,199.99999999999432,124.3594070985555,6.915389223991473,23.12699263696917,39.486914380232875,111.88809757344382,32.587487890062825,13.304679900775692,0.55,1.0,0.0013285037824004706,6.954086205544904,0.01465143058352146,1.5302762104493147e-12,1.4210854715202004e-14,Radau,55885266c44ecbbfe86be622c6ebd08b77151ee6ef7dfd5c8bbc8d4250b58e50
C8_213_SAT_PKA_COMMON_capacity_lower_quartile_F1_onset100,3,ae2_knockout,0.0,118.70255851198935,5.600766336162829,31.05537637378728,27.568596248021596,117.4344799787553,47.20416773720073,19.245658395156095,0.05,0.0,0.0005317954444984261,7.047497999984859,0.014935839731481913,0.000697738624004217,4.8138576458356397e-17,Radau,55885266c44ecbbfe86be622c6ebd08b77151ee6ef7dfd5c8bbc8d4250b58e50
C8_213_SAT_PKA_COMMON_capacity_lower_quartile_F1_onset100,3,ae2_knockout,50.0,118.65062693202152,5.585170054331166,32.33766203514938,26.398156451891918,118.54320890563602,46.54135492017979,22.961627857496158,0.05,0.0,0.0005240782774070952,7.092980625457553,0.019491682873822996,1.4963444619713127e-09,2.842170943040401e-14,Radau,55885266c44ecbbfe86be622c6ebd08b77151ee6ef7dfd5c8bbc8d4250b58e50
C8_213_SAT_PKA_COMMON_capacity_lower_quartile_F1_onset100,3,ae2_knockout,100.0,118.65062693270173,5.58517005436291,32.33766203455031,26.39815645315667,118.54320890509146,46.54135491916405,22.961627857781846,0.05,0.0,0.0005240782774579374,7.0929809090156875,0.019491682874934326,8.34812779419752e-10,1.4210854715202004e-14,Radau,55885266c44ecbbfe86be622c6ebd08b77151ee6ef7dfd5c8bbc8d4250b58e50
C8_213_SAT_PKA_COMMON_capacity_lower_quartile_F1_onset100,3,ae2_knockout,100.0000001,118.65077688031427,5.58518090410257,32.337662034454,26.398156453235092,118.54320393262182,46.541349946480395,22.96162785785095,0.55,1.0,0.0005242727075480175,7.0929809018292564,0.019491684729000466,0.14993592314619786,1.4210854715202004e-14,Radau,55885266c44ecbbfe86be622c6ebd08b77151ee6ef7dfd5c8bbc8d4250b58e50
C8_213_SAT_PKA_COMMON_capacity_lower_quartile_F1_onset100,3,ae2_knockout,149.99999999999716,124.34961882281742,6.913585869610314,24.046406372760778,37.140081020719826,114.2243544365783,31.88698018868161,18.02773270366133,0.55,1.0,0.0013271790771829794,7.023940779866819,0.022555275455747096,5.619125355891914e-09,9.115971866258121e-16,Radau,55885266c44ecbbfe86be622c6ebd08b77151ee6ef7dfd5c8bbc8d4250b58e50
C8_213_SAT_PKA_COMMON_capacity_lower_quartile_F1_onset100,3,ae2_knockout,199.99999999999432,124.34961882828597,6.913585869763272,24.04640639259583,37.14008105750005,114.2243544057118,31.88698019142604,18.027732790353895,0.55,1.0,0.0013271790770849098,7.023941510336934,0.022555275580104367,1.7771185922153486e-09,1.4210854715202004e-14,Radau,55885266c44ecbbfe86be622c6ebd08b77151ee6ef7dfd5c8bbc8d4250b58e50
C8_213_SAT_PKA_COMMON_capacity_lower_quartile_F1.25_onset100,3,ae4_knockout,0.0,118.70255851198935,5.600766336162829,31.05537637378728,27.568596248021596,117.4344799787553,47.20416773720073,19.245658395156095,0.05,0.0,0.0005317954444984261,7.047497999984859,0.0,0.0014428264735925767,4.8138576458356397e-17,Radau,55885266c44ecbbfe86be622c6ebd08b77151ee6ef7dfd5c8bbc8d4250b58e50
C8_213_SAT_PKA_COMMON_capacity_lower_quartile_F1.25_onset100,3,ae4_knockout,50.0,118.67588028808308,5.563756129078422,60.1447584858701,21.467465093462526,123.48960183930397,48.387813820186786,56.00876246829014,0.05,0.0,0.000510438374635427,7.361393700722292,0.0,1.5403284370218333e-05,1.4210854715202004e-14,Radau,55885266c44ecbbfe86be622c6ebd08b77151ee6ef7dfd5c8bbc8d4250b58e50
C8_213_SAT_PKA_COMMON_capacity_lower_quartile_F1.25_onset100,3,ae4_knockout,100.0,118.59221676679478,5.5604138169965385,64.18460777396402,21.21443398211955,123.65392271754725,48.68496100741801,58.175828082237715,0.05,0.0,0.0005111411943393983,7.3742404409065525,0.0,3.7556955754407045e-06,1.4210854715202004e-14,Radau,55885266c44ecbbfe86be622c6ebd08b77151ee6ef7dfd5c8bbc8d4250b58e50
C8_213_SAT_PKA_COMMON_capacity_lower_quartile_F1.25_onset100,3,ae4_knockout,100.0000001,118.59237618415158,5.560425351937049,64.18460777761898,21.214433981937507,123.65392005423604,48.68495834410343,58.17582808422337,0.55,1.0,0.0005113448642469025,7.374240440760454,0.0,0.15940512014041253,1.4210854715202004e-14,Radau,55885266c44ecbbfe86be622c6ebd08b77151ee6ef7dfd5c8bbc8d4250b58e50
C8_213_SAT_PKA_COMMON_capacity_lower_quartile_F1.25_onset100,3,ae4_knockout,149.99999999999716,124.57845523017306,6.9554536645277985,28.77021553323179,33.32181266379982,118.2900768402388,32.39618972014235,34.42308826186346,0.55,1.0,0.0013581224202413803,7.198452694117249,0.0,2.0076127519527964e-08,1.4210854715202004e-14,Radau,55885266c44ecbbfe86be622c6ebd08b77151ee6ef7dfd5c8bbc8d4250b58e50
C8_213_SAT_PKA_COMMON_capacity_lower_quartile_F1.25_onset100,3,ae4_knockout,199.99999999999432,124.57849346475652,6.9554539479820825,28.769936907850358,33.32195023476612,118.28998045848292,32.3961403726759,34.4223576161833,0.55,1.0,0.001358119887846399,7.198446312323168,0.0,9.85332653025299e-10,6.591949208711867e-16,Radau,55885266c44ecbbfe86be622c6ebd08b77151ee6ef7dfd5c8bbc8d4250b58e50
C8_213_SAT_PKA_COMMON_capacity_lower_quartile_F1.25_onset100,3,wt,0.0,118.70255851198935,5.600766336162829,31.05537637378728,27.568596248021596,117.4344799787553,47.20416773720073,19.245658395156095,0.05,0.0,0.0005317954444984261,7.047497999984859,0.014935839731481913,4.818494532784229e-13,4.8138576458356397e-17,Radau,55885266c44ecbbfe86be622c6ebd08b77151ee6ef7dfd5c8bbc8d4250b58e50
C8_213_SAT_PKA_COMMON_capacity_lower_quartile_F1.25_onset100,3,wt,50.0,118.70255851200679,5.600766336163368,31.055376373832576,27.568596248036865,117.43447997875846,47.20416773714668,19.24565839534313,0.05,0.0,0.000531795444498179,7.047498000053709,0.014935839731761553,3.142864522741566e-15,2.842170943040401e-14,Radau,55885266c44ecbbfe86be622c6ebd08b77151ee6ef7dfd5c8bbc8d4250b58e50
C8_213_SAT_PKA_COMMON_capacity_lower_quartile_F1.25_onset100,3,wt,100.0,118.70255851200739,5.600766336163806,31.055376373902046,27.56859624805584,117.43447997874006,47.204167737184065,19.24565839548359,0.05,0.0,0.0005317954444971854,7.047497992480234,0.014935839731944844,6.038460178436403e-11,1.4210854715202004e-14,Radau,55885266c44ecbbfe86be622c6ebd08b77151ee6ef7dfd5c8bbc8d4250b58e50
C8_213_SAT_PKA_COMMON_capacity_lower_quartile_F1.25_onset100,3,wt,100.0000001,118.70270792275721,5.600777147057195,31.05537637380587,27.568596270987815,117.43447467640848,47.2041628181883,19.245658034836424,0.55,1.0,0.0005319895548189568,7.047497992755633,0.01866980131262009,0.1493990743558294,9.905271047827569e-16,Radau,55885266c44ecbbfe86be622c6ebd08b77151ee6ef7dfd5c8bbc8d4250b58e50
C8_213_SAT_PKA_COMMON_capacity_lower_quartile_F1.25_onset100,3,wt,149.99999999999716,124.3034833592786,6.905070438658853,22.89872653328346,40.6262680252827,110.6881927679753,32.53393579336746,12.246178005728417,0.55,1.0,0.0013209335051068286,6.936131359099913,0.01587410641359828,3.7910163061413103e-10,1.4210854715202004e-14,Radau,55885266c44ecbbfe86be622c6ebd08b77151ee6ef7dfd5c8bbc8d4250b58e50
C8_213_SAT_PKA_COMMON_capacity_lower_quartile_F1.25_onset100,3,wt,199.99999999999432,124.30348335962071,6.905070438679361,22.89872653332615,40.62626802508978,110.68819276847621,32.53393579334601,12.246178006244593,0.55,1.0,0.0013209335051878681,6.936131403639089,0.015874106414953463,6.52832400873541e-11,2.842170943040401e-14,Radau,55885266c44ecbbfe86be622c6ebd08b77151ee6ef7dfd5c8bbc8d4250b58e50
C8_213_SAT_PKA_COMMON_capacity_lower_quartile_F1.25_onset100,3,ae2_knockout,0.0,118.70255851198935,5.600766336162829,31.05537637378728,27.568596248021596,117.4344799787553,47.20416773720073,19.245658395156095,0.05,0.0,0.0005317954444984261,7.047497999984859,0.014935839731481913,0.000697738624004217,4.8138576458356397e-17,Radau,55885266c44ecbbfe86be622c6ebd08b77151ee6ef7dfd5c8bbc8d4250b58e50
C8_213_SAT_PKA_COMMON_capacity_lower_quartile_F1.25_onset100,3,ae2_knockout,50.0,118.65062693202152,5.585170054331166,32.33766203514938,26.398156451891918,118.54320890563602,46.54135492017979,22.961627857496158,0.05,0.0,0.0005240782774070952,7.092980625457553,0.019491682873822996,1.4963444619713127e-09,2.842170943040401e-14,Radau,55885266c44ecbbfe86be622c6ebd08b77151ee6ef7dfd5c8bbc8d4250b58e50
C8_213_SAT_PKA_COMMON_capacity_lower_quartile_F1.25_onset100,3,ae2_knockout,100.0,118.65062693270173,5.58517005436291,32.33766203455031,26.39815645315667,118.54320890509146,46.54135491916405,22.961627857781846,0.05,0.0,0.0005240782774579374,7.0929809090156875,0.019491682874934326,8.34812779419752e-10,1.4210854715202004e-14,Radau,55885266c44ecbbfe86be622c6ebd08b77151ee6ef7dfd5c8bbc8d4250b58e50
C8_213_SAT_PKA_COMMON_capacity_lower_quartile_F1.25_onset100,3,ae2_knockout,100.0000001,118.65077688030415,5.5851809041021,32.337662034453906,26.398156441439344,118.54320379372926,46.541350247857885,22.961627405784952,0.55,1.0,0.0005242728821366236,7.092980901752806,0.02436460512068139,0.1499359029196662,2.842170943040401e-14,Radau,55885266c44ecbbfe86be622c6ebd08b77151ee6ef7dfd5c8bbc8d4250b58e50
C8_213_SAT_PKA_COMMON_capacity_lower_quartile_F1.25_onset100,3,ae2_knockout,149.99999999999716,124.29296962769116,6.903126256378073,23.55470737430474,38.37531398265943,112.92777613522892,31.847158269101055,15.88847493041733,0.55,1.0,0.0013195097994497661,6.993741916825356,0.02451069107017139,3.367089391690124e-11,7.745540320236444e-16,Radau,55885266c44ecbbfe86be622c6ebd08b77151ee6ef7dfd5c8bbc8d4250b58e50
C8_213_SAT_PKA_COMMON_capacity_lower_quartile_F1.25_onset100,3,ae2_knockout,199.99999999999432,124.29296962764566,6.903126256377574,23.554707374276948,38.37531398269958,112.9277761351461,31.84715826908536,15.88847493028147,0.55,1.0,0.0013195097994317378,6.993741859702227,0.024510691069910086,5.269586221827173e-10,1.4210854715202004e-14,Radau,55885266c44ecbbfe86be622c6ebd08b77151ee6ef7dfd5c8bbc8d4250b58e50
C8_213_SAT_PKA_COMMON_capacity_lower_quartile_F1.6_onset100,3,ae4_knockout,0.0,118.70255851198935,5.600766336162829,31.05537637378728,27.568596248021596,117.4344799787553,47.20416773720073,19.245658395156095,0.05,0.0,0.0005317954444984261,7.047497999984859,0.0,0.0014428264735925767,4.8138576458356397e-17,Radau,55885266c44ecbbfe86be622c6ebd08b77151ee6ef7dfd5c8bbc8d4250b58e50
C8_213_SAT_PKA_COMMON_capacity_lower_quartile_F1.6_onset100,3,ae4_knockout,50.0,118.67588028808308,5.563756129078422,60.1447584858701,21.467465093462526,123.48960183930397,48.387813820186786,56.00876246829014,0.05,0.0,0.000510438374635427,7.361393700722292,0.0,1.5403284370218333e-05,1.4210854715202004e-14,Radau,55885266c44ecbbfe86be622c6ebd08b77151ee6ef7dfd5c8bbc8d4250b58e50
C8_213_SAT_PKA_COMMON_capacity_lower_quartile_F1.6_onset100,3,ae4_knockout,100.0,118.59221676679478,5.5604138169965385,64.18460777396402,21.21443398211955,123.65392271754725,48.68496100741801,58.175828082237715,0.05,0.0,0.0005111411943393983,7.3742404409065525,0.0,3.7556955754407045e-06,1.4210854715202004e-14,Radau,55885266c44ecbbfe86be622c6ebd08b77151ee6ef7dfd5c8bbc8d4250b58e50
C8_213_SAT_PKA_COMMON_capacity_lower_quartile_F1.6_onset100,3,ae4_knockout,100.0000001,118.59237618415158,5.560425351937049,64.18460777761898,21.214433981937507,123.65392005423604,48.68495834410343,58.17582808422337,0.55,1.0,0.0005113448642469025,7.374240440760454,0.0,0.15940512014041253,1.4210854715202004e-14,Radau,55885266c44ecbbfe86be622c6ebd08b77151ee6ef7dfd5c8bbc8d4250b58e50
C8_213_SAT_PKA_COMMON_capacity_lower_quartile_F1.6_onset100,3,ae4_knockout,149.99999999999716,124.57845523017306,6.9554536645277985,28.77021553323179,33.32181266379982,118.2900768402388,32.39618972014235,34.42308826186346,0.55,1.0,0.0013581224202413803,7.198452694117249,0.0,2.0076127519527964e-08,1.4210854715202004e-14,Radau,55885266c44ecbbfe86be622c6ebd08b77151ee6ef7dfd5c8bbc8d4250b58e50
C8_213_SAT_PKA_COMMON_capacity_lower_quartile_F1.6_onset100,3,ae4_knockout,199.99999999999432,124.57849346475652,6.9554539479820825,28.769936907850358,33.32195023476612,118.28998045848292,32.3961403726759,34.4223576161833,0.55,1.0,0.001358119887846399,7.198446312323168,0.0,9.85332653025299e-10,6.591949208711867e-16,Radau,55885266c44ecbbfe86be622c6ebd08b77151ee6ef7dfd5c8bbc8d4250b58e50
C8_213_SAT_PKA_COMMON_capacity_lower_quartile_F1.6_onset100,3,wt,0.0,118.70255851198935,5.600766336162829,31.05537637378728,27.568596248021596,117.4344799787553,47.20416773720073,19.245658395156095,0.05,0.0,0.0005317954444984261,7.047497999984859,0.014935839731481913,4.818494532784229e-13,4.8138576458356397e-17,Radau,55885266c44ecbbfe86be622c6ebd08b77151ee6ef7dfd5c8bbc8d4250b58e50
C8_213_SAT_PKA_COMMON_capacity_lower_quartile_F1.6_onset100,3,wt,50.0,118.70255851200679,5.600766336163368,31.055376373832576,27.568596248036865,117.43447997875846,47.20416773714668,19.24565839534313,0.05,0.0,0.000531795444498179,7.047498000053709,0.014935839731761553,3.142864522741566e-15,2.842170943040401e-14,Radau,55885266c44ecbbfe86be622c6ebd08b77151ee6ef7dfd5c8bbc8d4250b58e50
C8_213_SAT_PKA_COMMON_capacity_lower_quartile_F1.6_onset100,3,wt,100.0,118.70255851200739,5.600766336163806,31.055376373902046,27.56859624805584,117.43447997874006,47.204167737184065,19.24565839548359,0.05,0.0,0.0005317954444971854,7.047497992480234,0.014935839731944844,6.038460178436403e-11,1.4210854715202004e-14,Radau,55885266c44ecbbfe86be622c6ebd08b77151ee6ef7dfd5c8bbc8d4250b58e50
C8_213_SAT_PKA_COMMON_capacity_lower_quartile_F1.6_onset100,3,wt,100.0000001,118.70270792274589,5.600777147056667,31.055376373805768,27.5685963029726,117.43447447609442,47.204163154847876,19.245657529847346,0.55,1.0,0.0005319897498464242,7.0474979926179335,0.023897344393166087,0.1493990517075571,2.842170943040401e-14,Radau,55885266c44ecbbfe86be622c6ebd08b77151ee6ef7dfd5c8bbc8d4250b58e50
C8_213_SAT_PKA_COMMON_capacity_lower_quartile_F1.6_onset100,3,wt,149.99999999999716,124.22453892819726,6.890439148768682,22.676169383987162,42.1633843639027,109.06554214042895,32.44597701603294,11.203016271427156,0.55,1.0,0.0013102395565829552,6.9173553536021455,0.01714765526526787,2.0515150853005936e-09,1.1431827706687159e-15,Radau,55885266c44ecbbfe86be622c6ebd08b77151ee6ef7dfd5c8bbc8d4250b58e50
C8_213_SAT_PKA_COMMON_capacity_lower_quartile_F1.6_onset100,3,wt,199.99999999999432,124.22453892807167,6.890439148760259,22.67616938332945,42.16338436165975,109.065542142534,32.445977015398434,11.203016268824362,0.55,1.0,0.0013102395565634405,6.9173552785994,0.017147655255784332,2.8277867193129373e-09,1.4210854715202004e-14,Radau,55885266c44ecbbfe86be622c6ebd08b77151ee6ef7dfd5c8bbc8d4250b58e50
C8_213_SAT_PKA_COMMON_capacity_lower_quartile_F1.6_onset100,3,ae2_knockout,0.0,118.70255851198935,5.600766336162829,31.05537637378728,27.568596248021596,117.4344799787553,47.20416773720073,19.245658395156095,0.05,0.0,0.0005317954444984261,7.047497999984859,0.014935839731481913,0.000697738624004217,4.8138576458356397e-17,Radau,55885266c44ecbbfe86be622c6ebd08b77151ee6ef7dfd5c8bbc8d4250b58e50
C8_213_SAT_PKA_COMMON_capacity_lower_quartile_F1.6_onset100,3,ae2_knockout,50.0,118.65062693202152,5.585170054331166,32.33766203514938,26.398156451891918,118.54320890563602,46.54135492017979,22.961627857496158,0.05,0.0,0.0005240782774070952,7.092980625457553,0.019491682873822996,1.4963444619713127e-09,2.842170943040401e-14,Radau,55885266c44ecbbfe86be622c6ebd08b77151ee6ef7dfd5c8bbc8d4250b58e50
C8_213_SAT_PKA_COMMON_capacity_lower_quartile_F1.6_onset100,3,ae2_knockout,100.0,118.65062693270173,5.58517005436291,32.33766203455031,26.39815645315667,118.54320890509146,46.54135491916405,22.961627857781846,0.05,0.0,0.0005240782774579374,7.0929809090156875,0.019491682874934326,8.34812779419752e-10,1.4210854715202004e-14,Radau,55885266c44ecbbfe86be622c6ebd08b77151ee6ef7dfd5c8bbc8d4250b58e50
C8_213_SAT_PKA_COMMON_capacity_lower_quartile_F1.6_onset100,3,ae2_knockout,100.0000001,118.65077688029,5.585180904101443,32.337662034453764,26.398156424925297,118.54320359927966,46.54135066978637,22.96162677289258,0.55,1.0,0.0005242731265606526,7.0929809014469996,0.031186693137772184,0.1499358746025242,1.4210854715202004e-14,Radau,55885266c44ecbbfe86be622c6ebd08b77151ee6ef7dfd5c8bbc8d4250b58e50
C8_213_SAT_PKA_COMMON_capacity_lower_quartile_F1.6_onset100,3,ae2_knockout,149.99999999999716,124.2128669536085,6.888269413853541,23.12838857832368,39.99258829297442,111.22370049547574,31.76427724017777,13.97553135149733,0.55,1.0,0.0013086577090133085,6.964297539356448,0.026475189001781193,6.13900316800128e-10,1.4210854715202004e-14,Radau,55885266c44ecbbfe86be622c6ebd08b77151ee6ef7dfd5c8bbc8d4250b58e50
C8_213_SAT_PKA_COMMON_capacity_lower_quartile_F1.6_onset100,3,ae2_knockout,199.99999999999432,124.2128669535578,6.888269413851047,23.12838857836862,39.992588292877684,111.22370049550962,31.764277240214597,13.975531351586806,0.55,1.0,0.0013086577090400163,6.964297602512669,0.026475189001993145,1.3848971559751151e-11,1.4210854715202004e-14,Radau,55885266c44ecbbfe86be622c6ebd08b77151ee6ef7dfd5c8bbc8d4250b58e50
C8_213_SAT_PKA_COMMON_capacity_lower_quartile_F3_onset100,3,ae4_knockout,0.0,118.70255851198935,5.600766336162829,31.05537637378728,27.568596248021596,117.4344799787553,47.20416773720073,19.245658395156095,0.05,0.0,0.0005317954444984261,7.047497999984859,0.0,0.0014428264735925767,4.8138576458356397e-17,Radau,55885266c44ecbbfe86be622c6ebd08b77151ee6ef7dfd5c8bbc8d4250b58e50
C8_213_SAT_PKA_COMMON_capacity_lower_quartile_F3_onset100,3,ae4_knockout,50.0,118.67588028808308,5.563756129078422,60.1447584858701,21.467465093462526,123.48960183930397,48.387813820186786,56.00876246829014,0.05,0.0,0.000510438374635427,7.361393700722292,0.0,1.5403284370218333e-05,1.4210854715202004e-14,Radau,55885266c44ecbbfe86be622c6ebd08b77151ee6ef7dfd5c8bbc8d4250b58e50
C8_213_SAT_PKA_COMMON_capacity_lower_quartile_F3_onset100,3,ae4_knockout,100.0,118.59221676679478,5.5604138169965385,64.18460777396402,21.21443398211955,123.65392271754725,48.68496100741801,58.175828082237715,0.05,0.0,0.0005111411943393983,7.3742404409065525,0.0,3.7556955754407045e-06,1.4210854715202004e-14,Radau,55885266c44ecbbfe86be622c6ebd08b77151ee6ef7dfd5c8bbc8d4250b58e50
C8_213_SAT_PKA_COMMON_capacity_lower_quartile_F3_onset100,3,ae4_knockout,100.0000001,118.59237618415158,5.560425351937049,64.18460777761898,21.214433981937507,123.65392005423604,48.68495834410343,58.17582808422337,0.55,1.0,0.0005113448642469025,7.374240440760454,0.0,0.15940512014041253,1.4210854715202004e-14,Radau,55885266c44ecbbfe86be622c6ebd08b77151ee6ef7dfd5c8bbc8d4250b58e50
C8_213_SAT_PKA_COMMON_capacity_lower_quartile_F3_onset100,3,ae4_knockout,149.99999999999716,124.57845523017306,6.9554536645277985,28.77021553323179,33.32181266379982,118.2900768402388,32.39618972014235,34.42308826186346,0.55,1.0,0.0013581224202413803,7.198452694117249,0.0,2.0076127519527964e-08,1.4210854715202004e-14,Radau,55885266c44ecbbfe86be622c6ebd08b77151ee6ef7dfd5c8bbc8d4250b58e50
C8_213_SAT_PKA_COMMON_capacity_lower_quartile_F3_onset100,3,ae4_knockout,199.99999999999432,124.57849346475652,6.9554539479820825,28.769936907850358,33.32195023476612,118.28998045848292,32.3961403726759,34.4223576161833,0.55,1.0,0.001358119887846399,7.198446312323168,0.0,9.85332653025299e-10,6.591949208711867e-16,Radau,55885266c44ecbbfe86be622c6ebd08b77151ee6ef7dfd5c8bbc8d4250b58e50
C8_213_SAT_PKA_COMMON_capacity_lower_quartile_F3_onset100,3,wt,0.0,118.70255851198935,5.600766336162829,31.05537637378728,27.568596248021596,117.4344799787553,47.20416773720073,19.245658395156095,0.05,0.0,0.0005317954444984261,7.047497999984859,0.014935839731481913,4.818494532784229e-13,4.8138576458356397e-17,Radau,55885266c44ecbbfe86be622c6ebd08b77151ee6ef7dfd5c8bbc8d4250b58e50
C8_213_SAT_PKA_COMMON_capacity_lower_quartile_F3_onset100,3,wt,50.0,118.70255851200679,5.600766336163368,31.055376373832576,27.568596248036865,117.43447997875846,47.20416773714668,19.24565839534313,0.05,0.0,0.000531795444498179,7.047498000053709,0.014935839731761553,3.142864522741566e-15,2.842170943040401e-14,Radau,55885266c44ecbbfe86be622c6ebd08b77151ee6ef7dfd5c8bbc8d4250b58e50
C8_213_SAT_PKA_COMMON_capacity_lower_quartile_F3_onset100,3,wt,100.0,118.70255851200739,5.600766336163806,31.055376373902046,27.56859624805584,117.43447997874006,47.204167737184065,19.24565839548359,0.05,0.0,0.0005317954444971854,7.047497992480234,0.014935839731944844,6.038460178436403e-11,1.4210854715202004e-14,Radau,55885266c44ecbbfe86be622c6ebd08b77151ee6ef7dfd5c8bbc8d4250b58e50
C8_213_SAT_PKA_COMMON_capacity_lower_quartile_F3_onset100,3,wt,100.0000001,118.7027079227006,5.600777147054554,31.05537637380534,27.56859643091182,117.43447367483817,47.20416450148599,19.245655509891293,0.55,1.0,0.0005319905299562115,7.0474979918605865,0.04480751108478031,0.1493989611144768,1.1934897514720433e-15,Radau,55885266c44ecbbfe86be622c6ebd08b77151ee6ef7dfd5c8bbc8d4250b58e50
C8_213_SAT_PKA_COMMON_capacity_lower_quartile_F3_onset100,3,wt,149.99999999999716,123.8975858717314,6.829014334744889,22.241080637802604,48.21912397397868,102.65480980675751,32.08240169460978,9.1070879627652,0.55,1.0,0.001265855255685439,6.875217448167836,0.01989262540889087,4.128956931665349e-09,1.4210854715202004e-14,Radau,55885266c44ecbbfe86be622c6ebd08b77151ee6ef7dfd5c8bbc8d4250b58e50
C8_213_SAT_PKA_COMMON_capacity_lower_quartile_F3_onset100,3,wt,199.99999999999432,123.89758587155305,6.82901433476615,22.241080638034635,48.219123971897496,102.6548098087585,32.08240169494891,9.107087963377495,0.55,1.0,0.0012658552557151693,6.875217815176411,0.019892625412530736,4.645529662335753e-11,1.4210854715202004e-14,Radau,55885266c44ecbbfe86be622c6ebd08b77151ee6ef7dfd5c8bbc8d4250b58e50
C8_213_SAT_PKA_COMMON_capacity_lower_quartile_F3_onset100,3,ae2_knockout,0.0,118.70255851198935,5.600766336162829,31.05537637378728,27.568596248021596,117.4344799787553,47.20416773720073,19.245658395156095,0.05,0.0,0.0005317954444984261,7.047497999984859,0.014935839731481913,0.000697738624004217,4.8138576458356397e-17,Radau,55885266c44ecbbfe86be622c6ebd08b77151ee6ef7dfd5c8bbc8d4250b58e50
C8_213_SAT_PKA_COMMON_capacity_lower_quartile_F3_onset100,3,ae2_knockout,50.0,118.65062693202152,5.585170054331166,32.33766203514938,26.398156451891918,118.54320890563602,46.54135492017979,22.961627857496158,0.05,0.0,0.0005240782774070952,7.092980625457553,0.019491682873822996,1.4963444619713127e-09,2.842170943040401e-14,Radau,55885266c44ecbbfe86be622c6ebd08b77151ee6ef7dfd5c8bbc8d4250b58e50
C8_213_SAT_PKA_COMMON_capacity_lower_quartile_F3_onset100,3,ae2_knockout,100.0,118.65062693270173,5.58517005436291,32.33766203455031,26.39815645315667,118.54320890509146,46.54135491916405,22.961627857781846,0.05,0.0,0.0005240782774579374,7.0929809090156875,0.019491682874934326,8.34812779419752e-10,1.4210854715202004e-14,Radau,55885266c44ecbbfe86be622c6ebd08b77151ee6ef7dfd5c8bbc8d4250b58e50
C8_213_SAT_PKA_COMMON_capacity_lower_quartile_F3_onset100,3,ae2_knockout,100.0000001,118.65077688023335,5.585180904098811,32.33766203445324,26.398156358869215,118.54320282148132,46.54135235750009,22.961624241323374,0.55,1.0,0.0005242741042566049,7.092980900300229,0.058475039008073354,0.14993576133397546,3.8163916471489756e-16,Radau,55885266c44ecbbfe86be622c6ebd08b77151ee6ef7dfd5c8bbc8d4250b58e50
C8_213_SAT_PKA_COMMON_capacity_lower_quartile_F3_onset100,3,ae2_knockout,149.99999999999716,123.87979937402827,6.8256336163270825,22.381891986250405,46.20054174596935,104.65405397829875,31.369229348125764,10.49097348011316,0.55,1.0,0.0012634362402111203,6.902434010930869,0.030709865371794078,1.3452276112452507e-09,2.732189474663471e-15,Radau,55885266c44ecbbfe86be622c6ebd08b77151ee6ef7dfd5c8bbc8d4250b58e50
C8_213_SAT_PKA_COMMON_capacity_lower_quartile_F3_onset100,3,ae2_knockout,199.99999999999432,123.8797993734521,6.82563361630148,22.381891981200635,46.200541712907906,104.65405401070453,31.36922933931014,10.490973463721566,0.55,1.0,0.0012634362402226293,6.902433873435849,0.0307098652518599,1.3830870471569126e-10,1.4210854715202004e-14,Radau,55885266c44ecbbfe86be622c6ebd08b77151ee6ef7dfd5c8bbc8d4250b58e50
C8_213_SAT_PKA_COMMON_capacity_lower_quartile_F10_onset100,3,ae4_knockout,0.0,118.70255851198935,5.600766336162829,31.05537637378728,27.568596248021596,117.4344799787553,47.20416773720073,19.245658395156095,0.05,0.0,0.0005317954444984261,7.047497999984859,0.0,0.0014428264735925767,4.8138576458356397e-17,Radau,55885266c44ecbbfe86be622c6ebd08b77151ee6ef7dfd5c8bbc8d4250b58e50
C8_213_SAT_PKA_COMMON_capacity_lower_quartile_F10_onset100,3,ae4_knockout,50.0,118.67588028808308,5.563756129078422,60.1447584858701,21.467465093462526,123.48960183930397,48.387813820186786,56.00876246829014,0.05,0.0,0.000510438374635427,7.361393700722292,0.0,1.5403284370218333e-05,1.4210854715202004e-14,Radau,55885266c44ecbbfe86be622c6ebd08b77151ee6ef7dfd5c8bbc8d4250b58e50
C8_213_SAT_PKA_COMMON_capacity_lower_quartile_F10_onset100,3,ae4_knockout,100.0,118.59221676679478,5.5604138169965385,64.18460777396402,21.21443398211955,123.65392271754725,48.68496100741801,58.175828082237715,0.05,0.0,0.0005111411943393983,7.3742404409065525,0.0,3.7556955754407045e-06,1.4210854715202004e-14,Radau,55885266c44ecbbfe86be622c6ebd08b77151ee6ef7dfd5c8bbc8d4250b58e50
C8_213_SAT_PKA_COMMON_capacity_lower_quartile_F10_onset100,3,ae4_knockout,100.0000001,118.59237618415158,5.560425351937049,64.18460777761898,21.214433981937507,123.65392005423604,48.68495834410343,58.17582808422337,0.55,1.0,0.0005113448642469025,7.374240440760454,0.0,0.15940512014041253,1.4210854715202004e-14,Radau,55885266c44ecbbfe86be622c6ebd08b77151ee6ef7dfd5c8bbc8d4250b58e50
C8_213_SAT_PKA_COMMON_capacity_lower_quartile_F10_onset100,3,ae4_knockout,149.99999999999716,124.57845523017306,6.9554536645277985,28.77021553323179,33.32181266379982,118.2900768402388,32.39618972014235,34.42308826186346,0.55,1.0,0.0013581224202413803,7.198452694117249,0.0,2.0076127519527964e-08,1.4210854715202004e-14,Radau,55885266c44ecbbfe86be622c6ebd08b77151ee6ef7dfd5c8bbc8d4250b58e50
C8_213_SAT_PKA_COMMON_capacity_lower_quartile_F10_onset100,3,ae4_knockout,199.99999999999432,124.57849346475652,6.9554539479820825,28.769936907850358,33.32195023476612,118.28998045848292,32.3961403726759,34.4223576161833,0.55,1.0,0.001358119887846399,7.198446312323168,0.0,9.85332653025299e-10,6.591949208711867e-16,Radau,55885266c44ecbbfe86be622c6ebd08b77151ee6ef7dfd5c8bbc8d4250b58e50
C8_213_SAT_PKA_COMMON_capacity_lower_quartile_F10_onset100,3,wt,0.0,118.70255851198935,5.600766336162829,31.05537637378728,27.568596248021596,117.4344799787553,47.20416773720073,19.245658395156095,0.05,0.0,0.0005317954444984261,7.047497999984859,0.014935839731481913,4.818494532784229e-13,4.8138576458356397e-17,Radau,55885266c44ecbbfe86be622c6ebd08b77151ee6ef7dfd5c8bbc8d4250b58e50
C8_213_SAT_PKA_COMMON_capacity_lower_quartile_F10_onset100,3,wt,50.0,118.70255851200679,5.600766336163368,31.055376373832576,27.568596248036865,117.43447997875846,47.20416773714668,19.24565839534313,0.05,0.0,0.000531795444498179,7.047498000053709,0.014935839731761553,3.142864522741566e-15,2.842170943040401e-14,Radau,55885266c44ecbbfe86be622c6ebd08b77151ee6ef7dfd5c8bbc8d4250b58e50
C8_213_SAT_PKA_COMMON_capacity_lower_quartile_F10_onset100,3,wt,100.0,118.70255851200739,5.600766336163806,31.055376373902046,27.56859624805584,117.43447997874006,47.204167737184065,19.24565839548359,0.05,0.0,0.0005317954444971854,7.047497992480234,0.014935839731944844,6.038460178436403e-11,1.4210854715202004e-14,Radau,55885266c44ecbbfe86be622c6ebd08b77151ee6ef7dfd5c8bbc8d4250b58e50
C8_213_SAT_PKA_COMMON_capacity_lower_quartile_F10_onset100,3,wt,100.0000001,118.7027079224741,5.600777147043994,31.055376373803206,27.56859707060998,117.43446966855699,47.20417123467219,19.245645410117564,0.55,1.0,0.0005319944305025295,7.047497987454201,0.14935820940925482,0.1493985081493771,1.4210854715202004e-14,Radau,55885266c44ecbbfe86be622c6ebd08b77151ee6ef7dfd5c8bbc8d4250b58e50
C8_213_SAT_PKA_COMMON_capacity_lower_quartile_F10_onset100,3,wt,149.99999999999716,121.70962631633459,6.378154954517515,22.90202088939425,88.5005357884713,59.9614903110062,34.29296118759959,7.650073366977661,0.55,1.0,0.0009642877809195281,6.83335453386538,0.022878257689743775,2.0069815382153115e-10,1.5612511283791264e-16,Radau,55885266c44ecbbfe86be622c6ebd08b77151ee6ef7dfd5c8bbc8d4250b58e50
C8_213_SAT_PKA_COMMON_capacity_lower_quartile_F10_onset100,3,wt,199.99999999999432,121.70962631629871,6.378154954509178,22.90202088947161,88.5005357893312,59.96149031010322,34.292961187856015,7.650073367038168,0.55,1.0,0.0009642877809173451,6.8333545332977135,0.02287825769048556,2.07053053800003e-10,1.4210854715202004e-14,Radau,55885266c44ecbbfe86be622c6ebd08b77151ee6ef7dfd5c8bbc8d4250b58e50
C8_213_SAT_PKA_COMMON_capacity_midpoint_F1_onset100,3,ae4_knockout,0.0,118.70468549062885,5.601403256776718,30.966731472998585,27.671993727156917,117.33360814554156,47.17019819056062,19.057288492065663,0.05,0.0,0.0005321113063058192,7.045006172280587,0.0,0.0014602706303719027,2.2551405187698492e-17,Radau,55885266c44ecbbfe86be622c6ebd08b77151ee6ef7dfd5c8bbc8d4250b58e50
C8_213_SAT_PKA_COMMON_capacity_midpoint_F1_onset100,3,ae4_knockout,50.0,118.67596785519828,5.5637596478225495,60.14090990981217,21.46772832889401,123.48943146225825,48.38750654824358,56.00656702397237,0.05,0.0,0.0005104376525341162,7.361380481309204,0.0,1.541546319466157e-05,5.551115123125783e-17,Radau,55885266c44ecbbfe86be622c6ebd08b77151ee6ef7dfd5c8bbc8d4250b58e50
C8_213_SAT_PKA_COMMON_capacity_midpoint_F1_onset100,3,ae4_knockout,100.0,118.59223445452142,5.5604145193752865,64.18366946043334,21.21448780865423,123.65388764380391,48.68489741235131,58.17535478973611,0.05,0.0,0.0005111410429650263,7.374237651754218,0.0,3.7581605712073453e-06,3.8163916471489756e-17,Radau,55885266c44ecbbfe86be622c6ebd08b77151ee6ef7dfd5c8bbc8d4250b58e50
C8_213_SAT_PKA_COMMON_capacity_midpoint_F1_onset100,3,ae4_knockout,100.0000001,118.59239387171542,5.56042605430402,64.18366946409076,21.21448780847208,123.6538849804566,48.684894749000684,58.17535479172294,0.55,1.0,0.0005113447127097855,7.374237653653482,0.0,0.15940495736955904,2.1316282072803006e-14,Radau,55885266c44ecbbfe86be622c6ebd08b77151ee6ef7dfd5c8bbc8d4250b58e50
C8_213_SAT_PKA_COMMON_capacity_midpoint_F1_onset100,3,ae4_knockout,149.99999999999716,124.5784552447262,6.9554536650251295,28.770215468349978,33.32181268877795,118.29007683095877,32.396189712139524,34.423088094362846,0.55,1.0,0.0013581224196937884,7.198452552595316,0.0,2.1594454371175526e-08,2.842170943040401e-14,Radau,55885266c44ecbbfe86be622c6ebd08b77151ee6ef7dfd5c8bbc8d4250b58e50
C8_213_SAT_PKA_COMMON_capacity_midpoint_F1_onset100,3,ae4_knockout,199.99999999999432,124.57849346330052,6.955453947979057,28.769936900312615,33.32195022999801,118.28998046169814,32.39614037477203,34.42235759030965,0.55,1.0,0.001358119887941104,7.19844637187458,0.0,3.3419434704758813e-10,2.842170943040401e-14,Radau,55885266c44ecbbfe86be622c6ebd08b77151ee6ef7dfd5c8bbc8d4250b58e50
C8_213_SAT_PKA_COMMON_capacity_midpoint_F1_onset100,3,wt,0.0,118.70468549062885,5.601403256776718,30.966731472998585,27.671993727156917,117.33360814554156,47.17019819056062,19.057288492065663,0.05,0.0,0.0005321113063058192,7.045006172280587,0.015073269495083133,1.0926857856547767e-13,2.2551405187698492e-17,Radau,55885266c44ecbbfe86be622c6ebd08b77151ee6ef7dfd5c8bbc8d4250b58e50
C8_213_SAT_PKA_COMMON_capacity_midpoint_F1_onset100,3,wt,50.0,118.70468550183728,5.601403257445448,30.96673148341806,27.671993761450274,117.33360812325438,47.17019817871612,19.057288541987994,0.05,0.0,0.00053211130675843,7.045008268198963,0.015073269580177224,1.666131590780093e-08,5.681219383824043e-17,Radau,55885266c44ecbbfe86be622c6ebd08b77151ee6ef7dfd5c8bbc8d4250b58e50
C8_213_SAT_PKA_COMMON_capacity_midpoint_F1_onset100,3,wt,100.0,118.70468549077142,5.601403256782014,30.966731472685797,27.671993727252023,117.33360814559778,47.17019819033591,19.05728849165092,0.05,0.0,0.0005321113062991331,7.045006148457945,0.015073269494614351,1.893740042428924e-10,6.591949208711867e-17,Radau,55885266c44ecbbfe86be622c6ebd08b77151ee6ef7dfd5c8bbc8d4250b58e50
C8_213_SAT_PKA_COMMON_capacity_midpoint_F1_onset100,3,wt,100.0000001,118.7048347187885,5.601414054453204,30.96673147258981,27.671993727338297,117.33360297790679,47.170193022427966,19.05728849170965,0.55,1.0,0.0005323050571654341,7.045006150032431,0.015073271431613217,0.14921636269263117,2.8449465006019636e-16,Radau,55885266c44ecbbfe86be622c6ebd08b77151ee6ef7dfd5c8bbc8d4250b58e50
C8_213_SAT_PKA_COMMON_capacity_midpoint_F1_onset100,3,wt,149.99999999999716,124.35407516406671,6.91440703181057,23.101524573539365,39.59814436223725,111.77109589877792,32.582904707240274,13.187203175015554,0.55,1.0,0.00132778219622442,6.9521423154216775,0.014783700398003401,8.749144330852241e-10,1.4210854715202004e-14,Radau,55885266c44ecbbfe86be622c6ebd08b77151ee6ef7dfd5c8bbc8d4250b58e50
C8_213_SAT_PKA_COMMON_capacity_midpoint_F1_onset100,3,wt,199.99999999999432,124.35407516410952,6.914407031819689,23.101524573549504,39.59814436197359,111.77109589911855,32.58290470723267,13.187203175123068,0.55,1.0,0.0013277821962204752,6.952142406573955,0.014783700398177311,7.044053418891637e-12,3.469446951953614e-16,Radau,55885266c44ecbbfe86be622c6ebd08b77151ee6ef7dfd5c8bbc8d4250b58e50
C8_213_SAT_PKA_COMMON_capacity_midpoint_F1_onset100,3,ae2_knockout,0.0,118.70468549062885,5.601403256776718,30.966731472998585,27.671993727156917,117.33360814554156,47.17019819056062,19.057288492065663,0.05,0.0,0.0005321113063058192,7.045006172280587,0.015073269495083133,0.0007006151421397077,2.2551405187698492e-17,Radau,55885266c44ecbbfe86be622c6ebd08b77151ee6ef7dfd5c8bbc8d4250b58e50
C8_213_SAT_PKA_COMMON_capacity_midpoint_F1_onset100,3,ae2_knockout,50.0,118.65287692488211,5.585847595149517,32.199777440366624,26.509591533885605,118.43444891499206,46.50427590173165,22.67834302613074,0.05,0.0,0.0005244128394968838,7.089662839227003,0.019674997308435457,1.6352151509783352e-10,1.1319070680748666e-16,Radau,55885266c44ecbbfe86be622c6ebd08b77151ee6ef7dfd5c8bbc8d4250b58e50
C8_213_SAT_PKA_COMMON_capacity_midpoint_F1_onset100,3,ae2_knockout,100.0,118.65287692474357,5.5858475951426225,32.19977744054585,26.509591533301982,118.43444891543048,46.50427590232997,22.67834302580613,0.05,0.0,0.0005244128394971505,7.089662854249169,0.019674997307629248,3.9936531132547325e-11,1.4210854715202004e-14,Radau,55885266c44ecbbfe86be622c6ebd08b77151ee6ef7dfd5c8bbc8d4250b58e50
C8_213_SAT_PKA_COMMON_capacity_midpoint_F1_onset100,3,ae2_knockout,100.0000001,118.65302667500636,5.58585843060266,32.19977744044965,26.50959153338156,118.43444392824,46.50427091492504,22.67834302587375,0.55,1.0,0.0005246070383326443,7.089662854400908,0.019674999219573955,0.14973858704896026,1.4210854715202004e-14,Radau,55885266c44ecbbfe86be622c6ebd08b77151ee6ef7dfd5c8bbc8d4250b58e50
C8_213_SAT_PKA_COMMON_capacity_midpoint_F1_onset100,3,ae2_knockout,149.99999999999716,124.3442191307545,6.912590555108085,23.98826468206757,37.26275685810593,114.0958327094076,31.88427501565648,17.77870316562906,0.55,1.0,0.0013264482474392107,7.02055536859539,0.022771186950869233,2.6651059568249636e-11,4.952635523913784e-16,Radau,55885266c44ecbbfe86be622c6ebd08b77151ee6ef7dfd5c8bbc8d4250b58e50
C8_213_SAT_PKA_COMMON_capacity_midpoint_F1_onset100,3,ae2_knockout,199.99999999999432,124.34421913089524,6.9125905551130264,23.988264681970314,37.26275685828717,114.09583270937725,31.884275015549946,17.778703165471736,0.55,1.0,0.0013264482474377828,7.020555379789923,0.022771186950740836,8.689036521367623e-11,1.4210854715202004e-14,Radau,55885266c44ecbbfe86be622c6ebd08b77151ee6ef7dfd5c8bbc8d4250b58e50
C8_213_SAT_PKA_COMMON_capacity_midpoint_F1.25_onset100,3,ae4_knockout,0.0,118.70468549062885,5.601403256776718,30.966731472998585,27.671993727156917,117.33360814554156,47.17019819056062,19.057288492065663,0.05,0.0,0.0005321113063058192,7.045006172280587,0.0,0.0014602706303719027,2.2551405187698492e-17,Radau,55885266c44ecbbfe86be622c6ebd08b77151ee6ef7dfd5c8bbc8d4250b58e50
C8_213_SAT_PKA_COMMON_capacity_midpoint_F1.25_onset100,3,ae4_knockout,50.0,118.67596785519828,5.5637596478225495,60.14090990981217,21.46772832889401,123.48943146225825,48.38750654824358,56.00656702397237,0.05,0.0,0.0005104376525341162,7.361380481309204,0.0,1.541546319466157e-05,5.551115123125783e-17,Radau,55885266c44ecbbfe86be622c6ebd08b77151ee6ef7dfd5c8bbc8d4250b58e50
C8_213_SAT_PKA_COMMON_capacity_midpoint_F1.25_onset100,3,ae4_knockout,100.0,118.59223445452142,5.5604145193752865,64.18366946043334,21.21448780865423,123.65388764380391,48.68489741235131,58.17535478973611,0.05,0.0,0.0005111410429650263,7.374237651754218,0.0,3.7581605712073453e-06,3.8163916471489756e-17,Radau,55885266c44ecbbfe86be622c6ebd08b77151ee6ef7dfd5c8bbc8d4250b58e50
C8_213_SAT_PKA_COMMON_capacity_midpoint_F1.25_onset100,3,ae4_knockout,100.0000001,118.59239387171542,5.56042605430402,64.18366946409076,21.21448780847208,123.6538849804566,48.684894749000684,58.17535479172294,0.55,1.0,0.0005113447127097855,7.374237653653482,0.0,0.15940495736955904,2.1316282072803006e-14,Radau,55885266c44ecbbfe86be622c6ebd08b77151ee6ef7dfd5c8bbc8d4250b58e50
C8_213_SAT_PKA_COMMON_capacity_midpoint_F1.25_onset100,3,ae4_knockout,149.99999999999716,124.5784552447262,6.9554536650251295,28.770215468349978,33.32181268877795,118.29007683095877,32.396189712139524,34.423088094362846,0.55,1.0,0.0013581224196937884,7.198452552595316,0.0,2.1594454371175526e-08,2.842170943040401e-14,Radau,55885266c44ecbbfe86be622c6ebd08b77151ee6ef7dfd5c8bbc8d4250b58e50
C8_213_SAT_PKA_COMMON_capacity_midpoint_F1.25_onset100,3,ae4_knockout,199.99999999999432,124.57849346330052,6.955453947979057,28.769936900312615,33.32195022999801,118.28998046169814,32.39614037477203,34.42235759030965,0.55,1.0,0.001358119887941104,7.19844637187458,0.0,3.3419434704758813e-10,2.842170943040401e-14,Radau,55885266c44ecbbfe86be622c6ebd08b77151ee6ef7dfd5c8bbc8d4250b58e50
C8_213_SAT_PKA_COMMON_capacity_midpoint_F1.25_onset100,3,wt,0.0,118.70468549062885,5.601403256776718,30.966731472998585,27.671993727156917,117.33360814554156,47.17019819056062,19.057288492065663,0.05,0.0,0.0005321113063058192,7.045006172280587,0.015073269495083133,1.0926857856547767e-13,2.2551405187698492e-17,Radau,55885266c44ecbbfe86be622c6ebd08b77151ee6ef7dfd5c8bbc8d4250b58e50
C8_213_SAT_PKA_COMMON_capacity_midpoint_F1.25_onset100,3,wt,50.0,118.70468550183728,5.601403257445448,30.96673148341806,27.671993761450274,117.33360812325438,47.17019817871612,19.057288541987994,0.05,0.0,0.00053211130675843,7.045008268198963,0.015073269580177224,1.666131590780093e-08,5.681219383824043e-17,Radau,55885266c44ecbbfe86be622c6ebd08b77151ee6ef7dfd5c8bbc8d4250b58e50
C8_213_SAT_PKA_COMMON_capacity_midpoint_F1.25_onset100,3,wt,100.0,118.70468549077142,5.601403256782014,30.966731472685797,27.671993727252023,117.33360814559778,47.17019819033591,19.05728849165092,0.05,0.0,0.0005321113062991331,7.045006148457945,0.015073269494614351,1.893740042428924e-10,6.591949208711867e-17,Radau,55885266c44ecbbfe86be622c6ebd08b77151ee6ef7dfd5c8bbc8d4250b58e50
C8_213_SAT_PKA_COMMON_capacity_midpoint_F1.25_onset100,3,wt,100.0000001,118.70483471878032,5.601414054452823,30.966731472589736,27.67199375246422,117.333602831092,47.170193265806454,19.05728812664211,0.55,1.0,0.0005323051981550006,7.045006149895519,0.01884158854146915,0.1492163463181766,1.4210854715202004e-14,Radau,55885266c44ecbbfe86be622c6ebd08b77151ee6ef7dfd5c8bbc8d4250b58e50
C8_213_SAT_PKA_COMMON_capacity_midpoint_F1.25_onset100,3,wt,149.99999999999716,124.29677262393966,6.903829655687006,22.876107929616172,40.75959068199466,110.54760184131923,32.52686723935861,12.140643522965819,0.55,1.0,0.0013200247958641475,6.9342838880629944,0.01599985029242215,3.3652935402666484e-10,1.4210854715202004e-14,Radau,55885266c44ecbbfe86be622c6ebd08b77151ee6ef7dfd5c8bbc8d4250b58e50
C8_213_SAT_PKA_COMMON_capacity_midpoint_F1.25_onset100,3,wt,199.99999999999432,124.2967726242104,6.903829655711549,22.876107929856524,40.759590681397356,110.54760184218723,32.52686723975475,12.140643523951832,0.55,1.0,0.0013200247959063629,6.934283921590828,0.015999850294731513,7.30519072565275e-13,1.4210854715202004e-14,Radau,55885266c44ecbbfe86be622c6ebd08b77151ee6ef7dfd5c8bbc8d4250b58e50
C8_213_SAT_PKA_COMMON_capacity_midpoint_F1.25_onset100,3,ae2_knockout,0.0,118.70468549062885,5.601403256776718,30.966731472998585,27.671993727156917,117.33360814554156,47.17019819056062,19.057288492065663,0.05,0.0,0.0005321113063058192,7.045006172280587,0.015073269495083133,0.0007006151421397077,2.2551405187698492e-17,Radau,55885266c44ecbbfe86be622c6ebd08b77151ee6ef7dfd5c8bbc8d4250b58e50
C8_213_SAT_PKA_COMMON_capacity_midpoint_F1.25_onset100,3,ae2_knockout,50.0,118.65287692488211,5.585847595149517,32.199777440366624,26.509591533885605,118.43444891499206,46.50427590173165,22.67834302613074,0.05,0.0,0.0005244128394968838,7.089662839227003,0.019674997308435457,1.6352151509783352e-10,1.1319070680748666e-16,Radau,55885266c44ecbbfe86be622c6ebd08b77151ee6ef7dfd5c8bbc8d4250b58e50
C8_213_SAT_PKA_COMMON_capacity_midpoint_F1.25_onset100,3,ae2_knockout,100.0,118.65287692474357,5.5858475951426225,32.19977744054585,26.509591533301982,118.43444891543048,46.50427590232997,22.67834302580613,0.05,0.0,0.0005244128394971505,7.089662854249169,0.019674997307629248,3.9936531132547325e-11,1.4210854715202004e-14,Radau,55885266c44ecbbfe86be622c6ebd08b77151ee6ef7dfd5c8bbc8d4250b58e50
C8_213_SAT_PKA_COMMON_capacity_midpoint_F1.25_onset100,3,ae2_knockout,100.0000001,118.6530266749961,5.585858430602184,32.19977744044956,26.509591523372226,118.43444378549249,46.5042712204396,22.67834256760216,0.55,1.0,0.0005246072153178838,7.089662854325039,0.024593748193273528,0.14973856654333553,5.516420653606247e-16,Radau,55885266c44ecbbfe86be622c6ebd08b77151ee6ef7dfd5c8bbc8d4250b58e50
C8_213_SAT_PKA_COMMON_capacity_midpoint_F1.25_onset100,3,ae2_knockout,149.99999999999716,124.28616761233525,6.901867721290749,23.509269647409926,38.517328762737264,112.7783931985313,31.841025438485946,15.687069285725983,0.55,1.0,0.001318588629813439,6.990759532699034,0.02470725543313476,7.228155996894779e-10,1.4210854715202004e-14,Radau,55885266c44ecbbfe86be622c6ebd08b77151ee6ef7dfd5c8bbc8d4250b58e50
C8_213_SAT_PKA_COMMON_capacity_midpoint_F1.25_onset100,3,ae2_knockout,199.99999999999432,124.28616761237981,6.901867721293021,23.509269647387484,38.51732876267971,112.77839319863763,31.841025438485378,15.687069285660042,0.55,1.0,0.0013185886298283265,6.990759601575195,0.02470725543297636,4.939073913517785e-11,6.774095173689432e-16,Radau,55885266c44ecbbfe86be622c6ebd08b77151ee6ef7dfd5c8bbc8d4250b58e50
C8_213_SAT_PKA_COMMON_capacity_midpoint_F1.6_onset100,3,ae4_knockout,0.0,118.70468549062885,5.601403256776718,30.966731472998585,27.671993727156917,117.33360814554156,47.17019819056062,19.057288492065663,0.05,0.0,0.0005321113063058192,7.045006172280587,0.0,0.0014602706303719027,2.2551405187698492e-17,Radau,55885266c44ecbbfe86be622c6ebd08b77151ee6ef7dfd5c8bbc8d4250b58e50
C8_213_SAT_PKA_COMMON_capacity_midpoint_F1.6_onset100,3,ae4_knockout,50.0,118.67596785519828,5.5637596478225495,60.14090990981217,21.46772832889401,123.48943146225825,48.38750654824358,56.00656702397237,0.05,0.0,0.0005104376525341162,7.361380481309204,0.0,1.541546319466157e-05,5.551115123125783e-17,Radau,55885266c44ecbbfe86be622c6ebd08b77151ee6ef7dfd5c8bbc8d4250b58e50
C8_213_SAT_PKA_COMMON_capacity_midpoint_F1.6_onset100,3,ae4_knockout,100.0,118.59223445452142,5.5604145193752865,64.18366946043334,21.21448780865423,123.65388764380391,48.68489741235131,58.17535478973611,0.05,0.0,0.0005111410429650263,7.374237651754218,0.0,3.7581605712073453e-06,3.8163916471489756e-17,Radau,55885266c44ecbbfe86be622c6ebd08b77151ee6ef7dfd5c8bbc8d4250b58e50
C8_213_SAT_PKA_COMMON_capacity_midpoint_F1.6_onset100,3,ae4_knockout,100.0000001,118.59239387171542,5.56042605430402,64.18366946409076,21.21448780847208,123.6538849804566,48.684894749000684,58.17535479172294,0.55,1.0,0.0005113447127097855,7.374237653653482,0.0,0.15940495736955904,2.1316282072803006e-14,Radau,55885266c44ecbbfe86be622c6ebd08b77151ee6ef7dfd5c8bbc8d4250b58e50
C8_213_SAT_PKA_COMMON_capacity_midpoint_F1.6_onset100,3,ae4_knockout,149.99999999999716,124.5784552447262,6.9554536650251295,28.770215468349978,33.32181268877795,118.29007683095877,32.396189712139524,34.423088094362846,0.55,1.0,0.0013581224196937884,7.198452552595316,0.0,2.1594454371175526e-08,2.842170943040401e-14,Radau,55885266c44ecbbfe86be622c6ebd08b77151ee6ef7dfd5c8bbc8d4250b58e50
C8_213_SAT_PKA_COMMON_capacity_midpoint_F1.6_onset100,3,ae4_knockout,199.99999999999432,124.57849346330052,6.955453947979057,28.769936900312615,33.32195022999801,118.28998046169814,32.39614037477203,34.42235759030965,0.55,1.0,0.001358119887941104,7.19844637187458,0.0,3.3419434704758813e-10,2.842170943040401e-14,Radau,55885266c44ecbbfe86be622c6ebd08b77151ee6ef7dfd5c8bbc8d4250b58e50
C8_213_SAT_PKA_COMMON_capacity_midpoint_F1.6_onset100,3,wt,0.0,118.70468549062885,5.601403256776718,30.966731472998585,27.671993727156917,117.33360814554156,47.17019819056062,19.057288492065663,0.05,0.0,0.0005321113063058192,7.045006172280587,0.015073269495083133,1.0926857856547767e-13,2.2551405187698492e-17,Radau,55885266c44ecbbfe86be622c6ebd08b77151ee6ef7dfd5c8bbc8d4250b58e50
C8_213_SAT_PKA_COMMON_capacity_midpoint_F1.6_onset100,3,wt,50.0,118.70468550183728,5.601403257445448,30.96673148341806,27.671993761450274,117.33360812325438,47.17019817871612,19.057288541987994,0.05,0.0,0.00053211130675843,7.045008268198963,0.015073269580177224,1.666131590780093e-08,5.681219383824043e-17,Radau,55885266c44ecbbfe86be622c6ebd08b77151ee6ef7dfd5c8bbc8d4250b58e50
C8_213_SAT_PKA_COMMON_capacity_midpoint_F1.6_onset100,3,wt,100.0,118.70468549077142,5.601403256782014,30.966731472685797,27.671993727252023,117.33360814559778,47.17019819033591,19.05728849165092,0.05,0.0,0.0005321113062991331,7.045006148457945,0.015073269494614351,1.893740042428924e-10,6.591949208711867e-17,Radau,55885266c44ecbbfe86be622c6ebd08b77151ee6ef7dfd5c8bbc8d4250b58e50
C8_213_SAT_PKA_COMMON_capacity_midpoint_F1.6_onset100,3,wt,100.0000001,118.70483471876885,5.601414054452288,30.966731472589622,27.671993787640528,117.33360262555126,47.17019360653634,19.057287615547576,0.55,1.0,0.0005323053955404023,7.045006149758607,0.02411723199257968,0.1492163233939392,2.842170943040401e-14,Radau,55885266c44ecbbfe86be622c6ebd08b77151ee6ef7dfd5c8bbc8d4250b58e50
C8_213_SAT_PKA_COMMON_capacity_midpoint_F1.6_onset100,3,wt,149.99999999999716,124.21586044465316,6.888826042202487,22.656420997596022,42.32900384232557,108.89051556750879,32.43588292981021,11.109931986771453,0.55,1.0,0.0013090634212146466,6.915621553691617,0.017264572620349805,8.742058468513835e-09,2.842170943040401e-14,Radau,55885266c44ecbbfe86be622c6ebd08b77151ee6ef7dfd5c8bbc8d4250b58e50
C8_213_SAT_PKA_COMMON_capacity_midpoint_F1.6_onset100,3,wt,199.99999999999432,124.21586044491518,6.888826042237053,22.656420998722588,42.32900384289175,108.89051556713639,32.435882931044475,11.109931991309843,0.55,1.0,0.001309063421100375,6.915620749380142,0.017264572636353726,4.051505239058479e-10,1.3513495877859327e-15,Radau,55885266c44ecbbfe86be622c6ebd08b77151ee6ef7dfd5c8bbc8d4250b58e50
C8_213_SAT_PKA_COMMON_capacity_midpoint_F1.6_onset100,3,ae2_knockout,0.0,118.70468549062885,5.601403256776718,30.966731472998585,27.671993727156917,117.33360814554156,47.17019819056062,19.057288492065663,0.05,0.0,0.0005321113063058192,7.045006172280587,0.015073269495083133,0.0007006151421397077,2.2551405187698492e-17,Radau,55885266c44ecbbfe86be622c6ebd08b77151ee6ef7dfd5c8bbc8d4250b58e50
C8_213_SAT_PKA_COMMON_capacity_midpoint_F1.6_onset100,3,ae2_knockout,50.0,118.65287692488211,5.585847595149517,32.199777440366624,26.509591533885605,118.43444891499206,46.50427590173165,22.67834302613074,0.05,0.0,0.0005244128394968838,7.089662839227003,0.019674997308435457,1.6352151509783352e-10,1.1319070680748666e-16,Radau,55885266c44ecbbfe86be622c6ebd08b77151ee6ef7dfd5c8bbc8d4250b58e50
C8_213_SAT_PKA_COMMON_capacity_midpoint_F1.6_onset100,3,ae2_knockout,100.0,118.65287692474357,5.5858475951426225,32.19977744054585,26.509591533301982,118.43444891543048,46.50427590232997,22.67834302580613,0.05,0.0,0.0005244128394971505,7.089662854249169,0.019674997307629248,3.9936531132547325e-11,1.4210854715202004e-14,Radau,55885266c44ecbbfe86be622c6ebd08b77151ee6ef7dfd5c8bbc8d4250b58e50
C8_213_SAT_PKA_COMMON_capacity_midpoint_F1.6_onset100,3,ae2_knockout,100.0000001,118.65302667498176,5.585858430601517,32.199777440449424,26.509591509359172,118.43444358564598,46.50427164815997,22.67834192602196,0.55,1.0,0.0005246074630971516,7.089662853945691,0.031479996197890624,0.14973853783546898,5.48172618408671e-16,Radau,55885266c44ecbbfe86be622c6ebd08b77151ee6ef7dfd5c8bbc8d4250b58e50
C8_213_SAT_PKA_COMMON_capacity_midpoint_F1.6_onset100,3,ae2_knockout,149.99999999999716,124.20404960387484,6.886629218270919,23.09253558119582,40.164846046697484,111.04188376497983,31.75413731066942,13.812352176826815,0.55,1.0,0.001307462607928792,6.961661255069072,0.02665344412846868,1.2989523419698494e-09,5.2562121322097255e-16,Radau,55885266c44ecbbfe86be622c6ebd08b77151ee6ef7dfd5c8bbc8d4250b58e50
C8_213_SAT_PKA_COMMON_capacity_midpoint_F1.6_onset100,3,ae2_knockout,199.99999999999432,124.20404960431611,6.886629218280592,23.092535582085354,40.164846049772926,111.04188376232922,31.754137311240857,13.812352180763682,0.55,1.0,0.0013074626079510536,6.961661198792831,0.026653444141658475,7.630830965559272e-10,1.4210854715202004e-14,Radau,55885266c44ecbbfe86be622c6ebd08b77151ee6ef7dfd5c8bbc8d4250b58e50
C8_213_SAT_PKA_COMMON_capacity_midpoint_F3_onset100,3,ae4_knockout,0.0,118.70468549062885,5.601403256776718,30.966731472998585,27.671993727156917,117.33360814554156,47.17019819056062,19.057288492065663,0.05,0.0,0.0005321113063058192,7.045006172280587,0.0,0.0014602706303719027,2.2551405187698492e-17,Radau,55885266c44ecbbfe86be622c6ebd08b77151ee6ef7dfd5c8bbc8d4250b58e50
C8_213_SAT_PKA_COMMON_capacity_midpoint_F3_onset100,3,ae4_knockout,50.0,118.67596785519828,5.5637596478225495,60.14090990981217,21.46772832889401,123.48943146225825,48.38750654824358,56.00656702397237,0.05,0.0,0.0005104376525341162,7.361380481309204,0.0,1.541546319466157e-05,5.551115123125783e-17,Radau,55885266c44ecbbfe86be622c6ebd08b77151ee6ef7dfd5c8bbc8d4250b58e50
C8_213_SAT_PKA_COMMON_capacity_midpoint_F3_onset100,3,ae4_knockout,100.0,118.59223445452142,5.5604145193752865,64.18366946043334,21.21448780865423,123.65388764380391,48.68489741235131,58.17535478973611,0.05,0.0,0.0005111410429650263,7.374237651754218,0.0,3.7581605712073453e-06,3.8163916471489756e-17,Radau,55885266c44ecbbfe86be622c6ebd08b77151ee6ef7dfd5c8bbc8d4250b58e50
C8_213_SAT_PKA_COMMON_capacity_midpoint_F3_onset100,3,ae4_knockout,100.0000001,118.59239387171542,5.56042605430402,64.18366946409076,21.21448780847208,123.6538849804566,48.684894749000684,58.17535479172294,0.55,1.0,0.0005113447127097855,7.374237653653482,0.0,0.15940495736955904,2.1316282072803006e-14,Radau,55885266c44ecbbfe86be622c6ebd08b77151ee6ef7dfd5c8bbc8d4250b58e50
C8_213_SAT_PKA_COMMON_capacity_midpoint_F3_onset100,3,ae4_knockout,149.99999999999716,124.5784552447262,6.9554536650251295,28.770215468349978,33.32181268877795,118.29007683095877,32.396189712139524,34.423088094362846,0.55,1.0,0.0013581224196937884,7.198452552595316,0.0,2.1594454371175526e-08,2.842170943040401e-14,Radau,55885266c44ecbbfe86be622c6ebd08b77151ee6ef7dfd5c8bbc8d4250b58e50
C8_213_SAT_PKA_COMMON_capacity_midpoint_F3_onset100,3,ae4_knockout,199.99999999999432,124.57849346330052,6.955453947979057,28.769936900312615,33.32195022999801,118.28998046169814,32.39614037477203,34.42235759030965,0.55,1.0,0.001358119887941104,7.19844637187458,0.0,3.3419434704758813e-10,2.842170943040401e-14,Radau,55885266c44ecbbfe86be622c6ebd08b77151ee6ef7dfd5c8bbc8d4250b58e50
C8_213_SAT_PKA_COMMON_capacity_midpoint_F3_onset100,3,wt,0.0,118.70468549062885,5.601403256776718,30.966731472998585,27.671993727156917,117.33360814554156,47.17019819056062,19.057288492065663,0.05,0.0,0.0005321113063058192,7.045006172280587,0.015073269495083133,1.0926857856547767e-13,2.2551405187698492e-17,Radau,55885266c44ecbbfe86be622c6ebd08b77151ee6ef7dfd5c8bbc8d4250b58e50
C8_213_SAT_PKA_COMMON_capacity_midpoint_F3_onset100,3,wt,50.0,118.70468550183728,5.601403257445448,30.96673148341806,27.671993761450274,117.33360812325438,47.17019817871612,19.057288541987994,0.05,0.0,0.00053211130675843,7.045008268198963,0.015073269580177224,1.666131590780093e-08,5.681219383824043e-17,Radau,55885266c44ecbbfe86be622c6ebd08b77151ee6ef7dfd5c8bbc8d4250b58e50
C8_213_SAT_PKA_COMMON_capacity_midpoint_F3_onset100,3,wt,100.0,118.70468549077142,5.601403256782014,30.966731472685797,27.671993727252023,117.33360814559778,47.17019819033591,19.05728849165092,0.05,0.0,0.0005321113062991331,7.045006148457945,0.015073269494614351,1.893740042428924e-10,6.591949208711867e-17,Radau,55885266c44ecbbfe86be622c6ebd08b77151ee6ef7dfd5c8bbc8d4250b58e50
C8_213_SAT_PKA_COMMON_capacity_midpoint_F3_onset100,3,wt,100.0000001,118.704834718723,5.601414054450149,30.966731472589192,27.671993928345845,117.33360180338833,47.17019496945564,19.057285571169736,0.55,1.0,0.0005323061850818854,7.045006148868681,0.04521979993233187,0.14921623169700363,1.3461454173580023e-15,Radau,55885266c44ecbbfe86be622c6ebd08b77151ee6ef7dfd5c8bbc8d4250b58e50
C8_213_SAT_PKA_COMMON_capacity_midpoint_F3_onset100,3,wt,149.99999999999716,123.88015616743557,6.825701473340046,22.228618785961043,48.537696396096926,102.31727810768,32.06578179737133,9.043257433912014,0.55,1.0,0.0012634847698066065,6.87380663451172,0.019979109326224147,1.3327158956340085e-11,2.842170943040401e-14,Radau,55885266c44ecbbfe86be622c6ebd08b77151ee6ef7dfd5c8bbc8d4250b58e50
C8_213_SAT_PKA_COMMON_capacity_midpoint_F3_onset100,3,wt,199.99999999999432,123.88015616744528,6.825701473342425,22.22861878596554,48.53769639591361,102.31727810787272,32.06578179739263,9.043257433922411,0.55,1.0,0.0012634847698098177,6.873806634280949,0.019979109326219383,1.5934905692067963e-11,1.4210854715202004e-14,Radau,55885266c44ecbbfe86be622c6ebd08b77151ee6ef7dfd5c8bbc8d4250b58e50
C8_213_SAT_PKA_COMMON_capacity_midpoint_F3_onset100,3,ae2_knockout,0.0,118.70468549062885,5.601403256776718,30.966731472998585,27.671993727156917,117.33360814554156,47.17019819056062,19.057288492065663,0.05,0.0,0.0005321113063058192,7.045006172280587,0.015073269495083133,0.0007006151421397077,2.2551405187698492e-17,Radau,55885266c44ecbbfe86be622c6ebd08b77151ee6ef7dfd5c8bbc8d4250b58e50
C8_213_SAT_PKA_COMMON_capacity_midpoint_F3_onset100,3,ae2_knockout,50.0,118.65287692488211,5.585847595149517,32.199777440366624,26.509591533885605,118.43444891499206,46.50427590173165,22.67834302613074,0.05,0.0,0.0005244128394968838,7.089662839227003,0.019674997308435457,1.6352151509783352e-10,1.1319070680748666e-16,Radau,55885266c44ecbbfe86be622c6ebd08b77151ee6ef7dfd5c8bbc8d4250b58e50
C8_213_SAT_PKA_COMMON_capacity_midpoint_F3_onset100,3,ae2_knockout,100.0,118.65287692474357,5.5858475951426225,32.19977744054585,26.509591533301982,118.43444891543048,46.50427590232997,22.67834302580613,0.05,0.0,0.0005244128394971505,7.089662854249169,0.019674997307629248,3.9936531132547325e-11,1.4210854715202004e-14,Radau,55885266c44ecbbfe86be622c6ebd08b77151ee6ef7dfd5c8bbc8d4250b58e50
C8_213_SAT_PKA_COMMON_capacity_midpoint_F3_onset100,3,ae2_knockout,100.0000001,118.65302667492435,5.585858430598849,32.19977744044887,26.50959145330705,118.43444278625995,46.504273359041235,22.678339359701457,0.55,1.0,0.0005246084542140943,7.089662852883517,0.05902498169979929,0.14973842300401746,1.960237527853792e-16,Radau,55885266c44ecbbfe86be622c6ebd08b77151ee6ef7dfd5c8bbc8d4250b58e50
C8_213_SAT_PKA_COMMON_capacity_midpoint_F3_onset100,3,ae2_knockout,149.99999999999716,123.86203330066296,6.822252666401111,22.36097295503797,46.5245485346675,104.31071806606393,31.350165832423933,10.388742425780098,0.55,1.0,0.0012610195323946307,6.900401101546576,0.030848910821394328,5.867894904069153e-12,2.842170943040401e-14,Radau,55885266c44ecbbfe86be622c6ebd08b77151ee6ef7dfd5c8bbc8d4250b58e50
C8_213_SAT_PKA_COMMON_capacity_midpoint_F3_onset100,3,ae2_knockout,199.99999999999432,123.8620333006748,6.822252666401877,22.36097295503339,46.52454853461815,104.31071806612613,31.35016583241731,10.38874242577662,0.55,1.0,0.0012610195323952147,6.9004011037056046,0.030848910821358135,1.7255357835115648e-11,7.4593109467002705e-16,Radau,55885266c44ecbbfe86be622c6ebd08b77151ee6ef7dfd5c8bbc8d4250b58e50
C8_213_SAT_PKA_COMMON_capacity_midpoint_F10_onset100,3,ae4_knockout,0.0,118.70468549062885,5.601403256776718,30.966731472998585,27.671993727156917,117.33360814554156,47.17019819056062,19.057288492065663,0.05,0.0,0.0005321113063058192,7.045006172280587,0.0,0.0014602706303719027,2.2551405187698492e-17,Radau,55885266c44ecbbfe86be622c6ebd08b77151ee6ef7dfd5c8bbc8d4250b58e50
C8_213_SAT_PKA_COMMON_capacity_midpoint_F10_onset100,3,ae4_knockout,50.0,118.67596785519828,5.5637596478225495,60.14090990981217,21.46772832889401,123.48943146225825,48.38750654824358,56.00656702397237,0.05,0.0,0.0005104376525341162,7.361380481309204,0.0,1.541546319466157e-05,5.551115123125783e-17,Radau,55885266c44ecbbfe86be622c6ebd08b77151ee6ef7dfd5c8bbc8d4250b58e50
C8_213_SAT_PKA_COMMON_capacity_midpoint_F10_onset100,3,ae4_knockout,100.0,118.59223445452142,5.5604145193752865,64.18366946043334,21.21448780865423,123.65388764380391,48.68489741235131,58.17535478973611,0.05,0.0,0.0005111410429650263,7.374237651754218,0.0,3.7581605712073453e-06,3.8163916471489756e-17,Radau,55885266c44ecbbfe86be622c6ebd08b77151ee6ef7dfd5c8bbc8d4250b58e50
C8_213_SAT_PKA_COMMON_capacity_midpoint_F10_onset100,3,ae4_knockout,100.0000001,118.59239387171542,5.56042605430402,64.18366946409076,21.21448780847208,123.6538849804566,48.684894749000684,58.17535479172294,0.55,1.0,0.0005113447127097855,7.374237653653482,0.0,0.15940495736955904,2.1316282072803006e-14,Radau,55885266c44ecbbfe86be622c6ebd08b77151ee6ef7dfd5c8bbc8d4250b58e50
C8_213_SAT_PKA_COMMON_capacity_midpoint_F10_onset100,3,ae4_knockout,149.99999999999716,124.5784552447262,6.9554536650251295,28.770215468349978,33.32181268877795,118.29007683095877,32.396189712139524,34.423088094362846,0.55,1.0,0.0013581224196937884,7.198452552595316,0.0,2.1594454371175526e-08,2.842170943040401e-14,Radau,55885266c44ecbbfe86be622c6ebd08b77151ee6ef7dfd5c8bbc8d4250b58e50
C8_213_SAT_PKA_COMMON_capacity_midpoint_F10_onset100,3,ae4_knockout,199.99999999999432,124.57849346330052,6.955453947979057,28.769936900312615,33.32195022999801,118.28998046169814,32.39614037477203,34.42235759030965,0.55,1.0,0.001358119887941104,7.19844637187458,0.0,3.3419434704758813e-10,2.842170943040401e-14,Radau,55885266c44ecbbfe86be622c6ebd08b77151ee6ef7dfd5c8bbc8d4250b58e50
C8_213_SAT_PKA_COMMON_capacity_midpoint_F10_onset100,3,wt,0.0,118.70468549062885,5.601403256776718,30.966731472998585,27.671993727156917,117.33360814554156,47.17019819056062,19.057288492065663,0.05,0.0,0.0005321113063058192,7.045006172280587,0.015073269495083133,1.0926857856547767e-13,2.2551405187698492e-17,Radau,55885266c44ecbbfe86be622c6ebd08b77151ee6ef7dfd5c8bbc8d4250b58e50
C8_213_SAT_PKA_COMMON_capacity_midpoint_F10_onset100,3,wt,50.0,118.70468550183728,5.601403257445448,30.96673148341806,27.671993761450274,117.33360812325438,47.17019817871612,19.057288541987994,0.05,0.0,0.00053211130675843,7.045008268198963,0.015073269580177224,1.666131590780093e-08,5.681219383824043e-17,Radau,55885266c44ecbbfe86be622c6ebd08b77151ee6ef7dfd5c8bbc8d4250b58e50
C8_213_SAT_PKA_COMMON_capacity_midpoint_F10_onset100,3,wt,100.0,118.70468549077142,5.601403256782014,30.966731472685797,27.671993727252023,117.33360814559778,47.17019819033591,19.05728849165092,0.05,0.0,0.0005321113062991331,7.045006148457945,0.015073269494614351,1.893740042428924e-10,6.591949208711867e-17,Radau,55885266c44ecbbfe86be622c6ebd08b77151ee6ef7dfd5c8bbc8d4250b58e50
C8_213_SAT_PKA_COMMON_capacity_midpoint_F10_onset100,3,wt,100.0000001,118.70483471849376,5.601414054439459,30.966731472587032,27.671994631874576,117.33359769257382,47.17020178404767,19.057275349287348,0.55,1.0,0.0005323101327866284,7.04500614441905,0.15073249887861936,0.1492157732126336,1.4210854715202004e-14,Radau,55885266c44ecbbfe86be622c6ebd08b77151ee6ef7dfd5c8bbc8d4250b58e50
C8_213_SAT_PKA_COMMON_capacity_midpoint_F10_onset100,3,wt,149.99999999999716,121.62953285321981,6.360129065696258,22.986822155779333,89.88139547987183,58.49094927099314,34.559139316843535,7.687176143997486,0.55,1.0,0.0009530745804795725,6.833915722748504,0.022919199581346947,2.3532067862677242e-11,1.4210854715202004e-14,Radau,55885266c44ecbbfe86be622c6ebd08b77151ee6ef7dfd5c8bbc8d4250b58e50
C8_213_SAT_PKA_COMMON_capacity_midpoint_F10_onset100,3,wt,199.99999999999432,121.6295328510365,6.360129065484306,22.986822156612114,89.88139548871904,58.49094925977189,34.5591393183495,7.687176143961008,0.55,1.0,0.0009530745804213025,6.833915726516785,0.022919199565497646,1.834326619983392e-11,1.0061396160665481e-15,Radau,55885266c44ecbbfe86be622c6ebd08b77151ee6ef7dfd5c8bbc8d4250b58e50
C8_213_SAT_PKA_COMMON_capacity_upper_quartile_F1_onset100,3,ae4_knockout,0.0,118.70683959545597,5.6020481514732205,30.87909809003924,27.777026604539298,117.23113299513228,47.13547956606359,18.87099663360465,0.05,0.0,0.0005324311794152882,7.042524499721159,0.0,0.001477725545417681,2.42861286636753e-17,Radau,55885266c44ecbbfe86be622c6ebd08b77151ee6ef7dfd5c8bbc8d4250b58e50
C8_213_SAT_PKA_COMMON_capacity_upper_quartile_F1_onset100,3,ae4_knockout,50.0,118.67605357778521,5.5637630924877515,60.137143100414676,21.46798601633262,123.48926467723902,48.38720575611541,56.004417967621265,0.05,0.0,0.0005104369456706954,7.36136755404536,0.0,1.5427385457377483e-05,1.9949319973733282e-17,Radau,55885266c44ecbbfe86be622c6ebd08b77151ee6ef7dfd5c8bbc8d4250b58e50
C8_213_SAT_PKA_COMMON_capacity_upper_quartile_F1_onset100,3,ae4_knockout,100.0,118.59225176485772,5.560415206769431,64.1827512042695,21.214540486626014,123.6538533185135,48.684835174434774,58.174891601594986,0.05,0.0,0.000511140894819666,7.374234973068652,0.0,3.7605729741450227e-06,1.4210854715202004e-14,Radau,55885266c44ecbbfe86be622c6ebd08b77151ee6ef7dfd5c8bbc8d4250b58e50
C8_213_SAT_PKA_COMMON_capacity_upper_quartile_F1_onset100,3,ae4_knockout,100.0000001,118.59241118189242,5.56042674168664,64.18275120792933,21.214540486443674,123.65385065513082,48.684832511048874,58.17489160358321,0.55,1.0,0.0005113445644050738,7.374234973068652,0.0,0.15940479807216784,1.4210854715202004e-14,Radau,55885266c44ecbbfe86be622c6ebd08b77151ee6ef7dfd5c8bbc8d4250b58e50
C8_213_SAT_PKA_COMMON_capacity_upper_quartile_F1_onset100,3,ae4_knockout,149.99999999999716,124.57845523340322,6.955453664428466,28.770215506562625,33.321812682892634,118.29007682460067,32.39618971254652,34.42308819428838,0.55,1.0,0.0013581224199331696,7.198452867121051,0.0,1.8188144349725233e-08,5.030698080332741e-16,Radau,55885266c44ecbbfe86be622c6ebd08b77151ee6ef7dfd5c8bbc8d4250b58e50
C8_213_SAT_PKA_COMMON_capacity_upper_quartile_F1_onset100,3,ae4_knockout,199.99999999999432,124.57849346479654,6.955453947991104,28.769936907710047,33.32195023433505,118.28998045895624,32.39614037285299,34.4223576156206,0.55,1.0,0.0013581198878670985,7.198446410665848,0.0,8.34482857671707e-11,5.0133508455729725e-16,Radau,55885266c44ecbbfe86be622c6ebd08b77151ee6ef7dfd5c8bbc8d4250b58e50
C8_213_SAT_PKA_COMMON_capacity_upper_quartile_F1_onset100,3,wt,0.0,118.70683959545597,5.6020481514732205,30.87909809003924,27.777026604539298,117.23113299513228,47.13547956606359,18.87099663360465,0.05,0.0,0.0005324311794152882,7.042524499721159,0.01521027735428348,1.3792042613695894e-13,2.42861286636753e-17,Radau,55885266c44ecbbfe86be622c6ebd08b77151ee6ef7dfd5c8bbc8d4250b58e50
C8_213_SAT_PKA_COMMON_capacity_upper_quartile_F1_onset100,3,wt,50.0,118.70683960774961,5.602048152782472,30.87909818410658,27.777026691125528,117.23113292198663,47.13547958365542,18.870996870115235,0.05,0.0,0.0005324311798047974,7.04252450993103,0.015210277717040102,1.03745006331547e-10,2.842170943040401e-14,Radau,55885266c44ecbbfe86be622c6ebd08b77151ee6ef7dfd5c8bbc8d4250b58e50
C8_213_SAT_PKA_COMMON_capacity_upper_quartile_F1_onset100,3,wt,100.0,118.70683959359268,5.602048151400037,30.87909809453027,27.77702660071689,117.23113299698115,47.135479571684925,18.870996637493317,0.05,0.0,0.0005324311794361932,7.042524530350774,0.015210277356566588,2.4295494623375325e-10,1.4210854715202004e-14,Radau,55885266c44ecbbfe86be622c6ebd08b77151ee6ef7dfd5c8bbc8d4250b58e50
C8_213_SAT_PKA_COMMON_capacity_upper_quartile_F1_onset100,3,wt,100.0000001,118.70698863557055,5.602058935609994,30.879098094434394,27.777026600803303,117.23112782108491,47.13547439557157,18.870996637551983,0.55,1.0,0.0005326247057287876,7.042524528376865,0.015210279338414828,0.149030336764058,3.694961003830599e-16,Radau,55885266c44ecbbfe86be622c6ebd08b77151ee6ef7dfd5c8bbc8d4250b58e50
C8_213_SAT_PKA_COMMON_capacity_upper_quartile_F1_onset100,3,wt,149.99999999999716,124.34861208505441,6.9134003258325265,23.076372367711095,39.71145745216166,111.6518688442732,32.57807248668338,13.071023512608226,0.55,1.0,0.001327042821236433,6.950208547824633,0.014915344196244674,5.554425540727459e-12,1.4210854715202004e-14,Radau,55885266c44ecbbfe86be622c6ebd08b77151ee6ef7dfd5c8bbc8d4250b58e50
C8_213_SAT_PKA_COMMON_capacity_upper_quartile_F1_onset100,3,wt,199.99999999999432,124.34861208505572,6.9134003258322565,23.07637236770074,39.71145745221183,111.65186884422708,32.578072486667615,13.071023512575026,0.55,1.0,0.001327042821238745,6.950208569507129,0.014915344196193052,2.1615412799903815e-10,1.4210854715202004e-14,Radau,55885266c44ecbbfe86be622c6ebd08b77151ee6ef7dfd5c8bbc8d4250b58e50
C8_213_SAT_PKA_COMMON_capacity_upper_quartile_F1_onset100,3,ae2_knockout,0.0,118.70683959545597,5.6020481514732205,30.87909809003924,27.777026604539298,117.23113299513228,47.13547956606359,18.87099663360465,0.05,0.0,0.0005324311794152882,7.042524499721159,0.01521027735428348,0.0007035057562533676,2.42861286636753e-17,Radau,55885266c44ecbbfe86be622c6ebd08b77151ee6ef7dfd5c8bbc8d4250b58e50
C8_213_SAT_PKA_COMMON_capacity_upper_quartile_F1_onset100,3,ae2_knockout,50.0,118.6551516722264,5.5865324229713345,32.06484049097223,26.62251021147278,118.32423461588053,46.46643126473697,22.400069116040765,0.05,0.0,0.0005247510634063749,7.086374349738364,0.019857445091990358,2.1961592041199929e-10,1.4210854715202004e-14,Radau,55885266c44ecbbfe86be622c6ebd08b77151ee6ef7dfd5c8bbc8d4250b58e50
C8_213_SAT_PKA_COMMON_capacity_upper_quartile_F1_onset100,3,ae2_knockout,100.0,118.65515167203381,5.586532422950714,32.06484048944841,26.622510210256376,118.32423461688099,46.466431264595094,22.400069112083514,0.05,0.0,0.0005247510636615892,7.086375767737659,0.019857445086760753,1.1427516415834199e-08,1.4210854715202004e-14,Radau,55885266c44ecbbfe86be622c6ebd08b77151ee6ef7dfd5c8bbc8d4250b58e50
C8_213_SAT_PKA_COMMON_capacity_upper_quartile_F1_onset100,3,ae2_knockout,100.0000001,118.65530122174502,5.586543243899455,32.06484048935233,26.62251021032885,118.32422961540996,46.466426262909195,22.40006911216156,0.55,1.0,0.0005249450266941886,7.086375668872115,0.01985744705731096,0.149538049384548,2.842170943040401e-14,Radau,55885266c44ecbbfe86be622c6ebd08b77151ee6ef7dfd5c8bbc8d4250b58e50
C8_213_SAT_PKA_COMMON_capacity_upper_quartile_F1_onset100,3,ae2_knockout,149.99999999999716,124.33868662924395,6.911570395247924,23.931710147892908,37.38719035101032,113.96540923439468,31.881219802292943,17.53544559199312,0.55,1.0,0.0013256994012187406,7.017216664479665,0.022984935713824612,4.437201168392607e-11,1.4210854715202004e-14,Radau,55885266c44ecbbfe86be622c6ebd08b77151ee6ef7dfd5c8bbc8d4250b58e50
C8_213_SAT_PKA_COMMON_capacity_upper_quartile_F1_onset100,3,ae2_knockout,199.99999999999432,124.33868662931869,6.911570395255351,23.93171014741829,37.387190350550384,113.9654092349366,31.88121980208917,17.53544559025822,0.55,1.0,0.0013256994012192061,7.017216660177413,0.022984935711234413,1.6655125348578992e-12,2.056514680770505e-15,Radau,55885266c44ecbbfe86be622c6ebd08b77151ee6ef7dfd5c8bbc8d4250b58e50
C8_213_SAT_PKA_COMMON_capacity_upper_quartile_F1.25_onset100,3,ae4_knockout,0.0,118.70683959545597,5.6020481514732205,30.87909809003924,27.777026604539298,117.23113299513228,47.13547956606359,18.87099663360465,0.05,0.0,0.0005324311794152882,7.042524499721159,0.0,0.001477725545417681,2.42861286636753e-17,Radau,55885266c44ecbbfe86be622c6ebd08b77151ee6ef7dfd5c8bbc8d4250b58e50
C8_213_SAT_PKA_COMMON_capacity_upper_quartile_F1.25_onset100,3,ae4_knockout,50.0,118.67605357778521,5.5637630924877515,60.137143100414676,21.46798601633262,123.48926467723902,48.38720575611541,56.004417967621265,0.05,0.0,0.0005104369456706954,7.36136755404536,0.0,1.5427385457377483e-05,1.9949319973733282e-17,Radau,55885266c44ecbbfe86be622c6ebd08b77151ee6ef7dfd5c8bbc8d4250b58e50
C8_213_SAT_PKA_COMMON_capacity_upper_quartile_F1.25_onset100,3,ae4_knockout,100.0,118.59225176485772,5.560415206769431,64.1827512042695,21.214540486626014,123.6538533185135,48.684835174434774,58.174891601594986,0.05,0.0,0.000511140894819666,7.374234973068652,0.0,3.7605729741450227e-06,1.4210854715202004e-14,Radau,55885266c44ecbbfe86be622c6ebd08b77151ee6ef7dfd5c8bbc8d4250b58e50
C8_213_SAT_PKA_COMMON_capacity_upper_quartile_F1.25_onset100,3,ae4_knockout,100.0000001,118.59241118189242,5.56042674168664,64.18275120792933,21.214540486443674,123.65385065513082,48.684832511048874,58.17489160358321,0.55,1.0,0.0005113445644050738,7.374234973068652,0.0,0.15940479807216784,1.4210854715202004e-14,Radau,55885266c44ecbbfe86be622c6ebd08b77151ee6ef7dfd5c8bbc8d4250b58e50
C8_213_SAT_PKA_COMMON_capacity_upper_quartile_F1.25_onset100,3,ae4_knockout,149.99999999999716,124.57845523340322,6.955453664428466,28.770215506562625,33.321812682892634,118.29007682460067,32.39618971254652,34.42308819428838,0.55,1.0,0.0013581224199331696,7.198452867121051,0.0,1.8188144349725233e-08,5.030698080332741e-16,Radau,55885266c44ecbbfe86be622c6ebd08b77151ee6ef7dfd5c8bbc8d4250b58e50
C8_213_SAT_PKA_COMMON_capacity_upper_quartile_F1.25_onset100,3,ae4_knockout,199.99999999999432,124.57849346479654,6.955453947991104,28.769936907710047,33.32195023433505,118.28998045895624,32.39614037285299,34.4223576156206,0.55,1.0,0.0013581198878670985,7.198446410665848,0.0,8.34482857671707e-11,5.0133508455729725e-16,Radau,55885266c44ecbbfe86be622c6ebd08b77151ee6ef7dfd5c8bbc8d4250b58e50
C8_213_SAT_PKA_COMMON_capacity_upper_quartile_F1.25_onset100,3,wt,0.0,118.70683959545597,5.6020481514732205,30.87909809003924,27.777026604539298,117.23113299513228,47.13547956606359,18.87099663360465,0.05,0.0,0.0005324311794152882,7.042524499721159,0.01521027735428348,1.3792042613695894e-13,2.42861286636753e-17,Radau,55885266c44ecbbfe86be622c6ebd08b77151ee6ef7dfd5c8bbc8d4250b58e50
C8_213_SAT_PKA_COMMON_capacity_upper_quartile_F1.25_onset100,3,wt,50.0,118.70683960774961,5.602048152782472,30.87909818410658,27.777026691125528,117.23113292198663,47.13547958365542,18.870996870115235,0.05,0.0,0.0005324311798047974,7.04252450993103,0.015210277717040102,1.03745006331547e-10,2.842170943040401e-14,Radau,55885266c44ecbbfe86be622c6ebd08b77151ee6ef7dfd5c8bbc8d4250b58e50
C8_213_SAT_PKA_COMMON_capacity_upper_quartile_F1.25_onset100,3,wt,100.0,118.70683959359268,5.602048151400037,30.87909809453027,27.77702660071689,117.23113299698115,47.135479571684925,18.870996637493317,0.05,0.0,0.0005324311794361932,7.042524530350774,0.015210277356566588,2.4295494623375325e-10,1.4210854715202004e-14,Radau,55885266c44ecbbfe86be622c6ebd08b77151ee6ef7dfd5c8bbc8d4250b58e50
C8_213_SAT_PKA_COMMON_capacity_upper_quartile_F1.25_onset100,3,wt,100.0000001,118.70698863556227,5.602058935609607,30.879098094434312,27.777026628298703,117.23112767044606,47.13547464185921,18.870996268120717,0.55,1.0,0.0005326248484036441,7.0425245281726685,0.01901284839412274,0.14903032019229578,1.4210854715202004e-14,Radau,55885266c44ecbbfe86be622c6ebd08b77151ee6ef7dfd5c8bbc8d4250b58e50
C8_213_SAT_PKA_COMMON_capacity_upper_quartile_F1.25_onset100,3,wt,149.99999999999716,124.28989578825842,6.902557592618146,22.853774967504208,40.89560458298141,110.404139264689,32.51951951679288,12.036333470763896,0.55,1.0,0.001319093529705565,6.932446928713585,0.01612482346330098,1.5949769351141168e-10,2.842170943040401e-14,Radau,55885266c44ecbbfe86be622c6ebd08b77151ee6ef7dfd5c8bbc8d4250b58e50
C8_213_SAT_PKA_COMMON_capacity_upper_quartile_F1.25_onset100,3,wt,199.99999999999432,124.28989578826217,6.902557592617919,22.85377496742748,40.89560458272214,110.40413926495589,32.51951951672837,12.036333470474249,0.55,1.0,0.0013190935297044183,6.932446941339107,0.016124823462461548,3.2750996988254104e-11,1.4210854715202004e-14,Radau,55885266c44ecbbfe86be622c6ebd08b77151ee6ef7dfd5c8bbc8d4250b58e50
C8_213_SAT_PKA_COMMON_capacity_upper_quartile_F1.25_onset100,3,ae2_knockout,0.0,118.70683959545597,5.6020481514732205,30.87909809003924,27.777026604539298,117.23113299513228,47.13547956606359,18.87099663360465,0.05,0.0,0.0005324311794152882,7.042524499721159,0.01521027735428348,0.0007035057562533676,2.42861286636753e-17,Radau,55885266c44ecbbfe86be622c6ebd08b77151ee6ef7dfd5c8bbc8d4250b58e50
C8_213_SAT_PKA_COMMON_capacity_upper_quartile_F1.25_onset100,3,ae2_knockout,50.0,118.6551516722264,5.5865324229713345,32.06484049097223,26.62251021147278,118.32423461588053,46.46643126473697,22.400069116040765,0.05,0.0,0.0005247510634063749,7.086374349738364,0.019857445091990358,2.1961592041199929e-10,1.4210854715202004e-14,Radau,55885266c44ecbbfe86be622c6ebd08b77151ee6ef7dfd5c8bbc8d4250b58e50
C8_213_SAT_PKA_COMMON_capacity_upper_quartile_F1.25_onset100,3,ae2_knockout,100.0,118.65515167203381,5.586532422950714,32.06484048944841,26.622510210256376,118.32423461688099,46.466431264595094,22.400069112083514,0.05,0.0,0.0005247510636615892,7.086375767737659,0.019857445086760753,1.1427516415834199e-08,1.4210854715202004e-14,Radau,55885266c44ecbbfe86be622c6ebd08b77151ee6ef7dfd5c8bbc8d4250b58e50
C8_213_SAT_PKA_COMMON_capacity_upper_quartile_F1.25_onset100,3,ae2_knockout,100.0000001,118.65530122173463,5.586543243898972,32.06484048935223,26.622510202202967,118.32422946871368,46.466426572554425,22.400068647693978,0.55,1.0,0.0005249452060722658,7.086375668570926,0.02482180794833881,0.14953802860020152,1.1206313654810174e-15,Radau,55885266c44ecbbfe86be622c6ebd08b77151ee6ef7dfd5c8bbc8d4250b58e50
C8_213_SAT_PKA_COMMON_capacity_upper_quartile_F1.25_onset100,3,ae2_knockout,149.99999999999716,124.27919594978428,6.9005772118116635,23.46491816366313,38.66179056387861,112.62637896236069,31.834516345343367,15.489893299274488,0.55,1.0,0.0013176444186554638,6.987814497694982,0.02490192799247326,1.2695581948207579e-09,1.4210854715202004e-14,Radau,55885266c44ecbbfe86be622c6ebd08b77151ee6ef7dfd5c8bbc8d4250b58e50
C8_213_SAT_PKA_COMMON_capacity_upper_quartile_F1.25_onset100,3,ae2_knockout,199.99999999999432,124.27919595009516,6.900577211821888,23.464918163373067,38.66179056365115,112.62637896292614,31.834516345102493,15.489893298537408,0.55,1.0,0.0013176444186719296,6.987814627795299,0.024901927990921596,2.276386117316308e-12,9.8879238130678e-17,Radau,55885266c44ecbbfe86be622c6ebd08b77151ee6ef7dfd5c8bbc8d4250b58e50
C8_213_SAT_PKA_COMMON_capacity_upper_quartile_F1.6_onset100,3,ae4_knockout,0.0,118.70683959545597,5.6020481514732205,30.87909809003924,27.777026604539298,117.23113299513228,47.13547956606359,18.87099663360465,0.05,0.0,0.0005324311794152882,7.042524499721159,0.0,0.001477725545417681,2.42861286636753e-17,Radau,55885266c44ecbbfe86be622c6ebd08b77151ee6ef7dfd5c8bbc8d4250b58e50
C8_213_SAT_PKA_COMMON_capacity_upper_quartile_F1.6_onset100,3,ae4_knockout,50.0,118.67605357778521,5.5637630924877515,60.137143100414676,21.46798601633262,123.48926467723902,48.38720575611541,56.004417967621265,0.05,0.0,0.0005104369456706954,7.36136755404536,0.0,1.5427385457377483e-05,1.9949319973733282e-17,Radau,55885266c44ecbbfe86be622c6ebd08b77151ee6ef7dfd5c8bbc8d4250b58e50
C8_213_SAT_PKA_COMMON_capacity_upper_quartile_F1.6_onset100,3,ae4_knockout,100.0,118.59225176485772,5.560415206769431,64.1827512042695,21.214540486626014,123.6538533185135,48.684835174434774,58.174891601594986,0.05,0.0,0.000511140894819666,7.374234973068652,0.0,3.7605729741450227e-06,1.4210854715202004e-14,Radau,55885266c44ecbbfe86be622c6ebd08b77151ee6ef7dfd5c8bbc8d4250b58e50
C8_213_SAT_PKA_COMMON_capacity_upper_quartile_F1.6_onset100,3,ae4_knockout,100.0000001,118.59241118189242,5.56042674168664,64.18275120792933,21.214540486443674,123.65385065513082,48.684832511048874,58.17489160358321,0.55,1.0,0.0005113445644050738,7.374234973068652,0.0,0.15940479807216784,1.4210854715202004e-14,Radau,55885266c44ecbbfe86be622c6ebd08b77151ee6ef7dfd5c8bbc8d4250b58e50
C8_213_SAT_PKA_COMMON_capacity_upper_quartile_F1.6_onset100,3,ae4_knockout,149.99999999999716,124.57845523340322,6.955453664428466,28.770215506562625,33.321812682892634,118.29007682460067,32.39618971254652,34.42308819428838,0.55,1.0,0.0013581224199331696,7.198452867121051,0.0,1.8188144349725233e-08,5.030698080332741e-16,Radau,55885266c44ecbbfe86be622c6ebd08b77151ee6ef7dfd5c8bbc8d4250b58e50
C8_213_SAT_PKA_COMMON_capacity_upper_quartile_F1.6_onset100,3,ae4_knockout,199.99999999999432,124.57849346479654,6.955453947991104,28.769936907710047,33.32195023433505,118.28998045895624,32.39614037285299,34.4223576156206,0.55,1.0,0.0013581198878670985,7.198446410665848,0.0,8.34482857671707e-11,5.0133508455729725e-16,Radau,55885266c44ecbbfe86be622c6ebd08b77151ee6ef7dfd5c8bbc8d4250b58e50
C8_213_SAT_PKA_COMMON_capacity_upper_quartile_F1.6_onset100,3,wt,0.0,118.70683959545597,5.6020481514732205,30.87909809003924,27.777026604539298,117.23113299513228,47.13547956606359,18.87099663360465,0.05,0.0,0.0005324311794152882,7.042524499721159,0.01521027735428348,1.3792042613695894e-13,2.42861286636753e-17,Radau,55885266c44ecbbfe86be622c6ebd08b77151ee6ef7dfd5c8bbc8d4250b58e50
C8_213_SAT_PKA_COMMON_capacity_upper_quartile_F1.6_onset100,3,wt,50.0,118.70683960774961,5.602048152782472,30.87909818410658,27.777026691125528,117.23113292198663,47.13547958365542,18.870996870115235,0.05,0.0,0.0005324311798047974,7.04252450993103,0.015210277717040102,1.03745006331547e-10,2.842170943040401e-14,Radau,55885266c44ecbbfe86be622c6ebd08b77151ee6ef7dfd5c8bbc8d4250b58e50
C8_213_SAT_PKA_COMMON_capacity_upper_quartile_F1.6_onset100,3,wt,100.0,118.70683959359268,5.602048151400037,30.87909809453027,27.77702660071689,117.23113299698115,47.135479571684925,18.870996637493317,0.05,0.0,0.0005324311794361932,7.042524530350774,0.015210277356566588,2.4295494623375325e-10,1.4210854715202004e-14,Radau,55885266c44ecbbfe86be622c6ebd08b77151ee6ef7dfd5c8bbc8d4250b58e50
C8_213_SAT_PKA_COMMON_capacity_upper_quartile_F1.6_onset100,3,wt,100.0000001,118.70698863555067,5.602058935609067,30.8790980944342,27.77702666679227,117.23112745955166,47.135474986661904,18.87099575091697,0.55,1.0,0.0005326250481484254,7.0425245279004045,0.02433644454869589,0.1490302969918309,1.0720591081536668e-15,Radau,55885266c44ecbbfe86be622c6ebd08b77151ee6ef7dfd5c8bbc8d4250b58e50
C8_213_SAT_PKA_COMMON_capacity_upper_quartile_F1.6_onset100,3,wt,149.99999999999716,124.20696342505798,6.8871713509019505,22.636936953326675,42.49826479952018,108.71160976546092,32.42549047835917,11.018003156738779,0.55,1.0,0.0013078575585649494,6.91389702659656,0.017380552827811802,6.17780701100055e-11,1.4210854715202004e-14,Radau,55885266c44ecbbfe86be622c6ebd08b77151ee6ef7dfd5c8bbc8d4250b58e50
C8_213_SAT_PKA_COMMON_capacity_upper_quartile_F1.6_onset100,3,wt,199.99999999999432,124.20696342510877,6.887171350905428,22.636936953296576,42.49826479934052,108.71160976569477,32.425490478337316,11.018003156673235,0.55,1.0,0.001307857558564036,6.913897020623684,0.01738055282753248,3.859650216500369e-13,1.4210854715202004e-14,Radau,55885266c44ecbbfe86be622c6ebd08b77151ee6ef7dfd5c8bbc8d4250b58e50
C8_213_SAT_PKA_COMMON_capacity_upper_quartile_F1.6_onset100,3,ae2_knockout,0.0,118.70683959545597,5.6020481514732205,30.87909809003924,27.777026604539298,117.23113299513228,47.13547956606359,18.87099663360465,0.05,0.0,0.0005324311794152882,7.042524499721159,0.01521027735428348,0.0007035057562533676,2.42861286636753e-17,Radau,55885266c44ecbbfe86be622c6ebd08b77151ee6ef7dfd5c8bbc8d4250b58e50
C8_213_SAT_PKA_COMMON_capacity_upper_quartile_F1.6_onset100,3,ae2_knockout,50.0,118.6551516722264,5.5865324229713345,32.06484049097223,26.62251021147278,118.32423461588053,46.46643126473697,22.400069116040765,0.05,0.0,0.0005247510634063749,7.086374349738364,0.019857445091990358,2.1961592041199929e-10,1.4210854715202004e-14,Radau,55885266c44ecbbfe86be622c6ebd08b77151ee6ef7dfd5c8bbc8d4250b58e50
C8_213_SAT_PKA_COMMON_capacity_upper_quartile_F1.6_onset100,3,ae2_knockout,100.0,118.65515167203381,5.586532422950714,32.06484048944841,26.622510210256376,118.32423461688099,46.466431264595094,22.400069112083514,0.05,0.0,0.0005247510636615892,7.086375767737659,0.019857445086760753,1.1427516415834199e-08,1.4210854715202004e-14,Radau,55885266c44ecbbfe86be622c6ebd08b77151ee6ef7dfd5c8bbc8d4250b58e50
C8_213_SAT_PKA_COMMON_capacity_upper_quartile_F1.6_onset100,3,ae2_knockout,100.0000001,118.65530122172008,5.586543243898296,32.064840489352086,26.622510190826745,118.32422926333889,46.46642700605772,22.40006799743939,0.55,1.0,0.0005249454572015765,7.086375668269737,0.03177191260892029,0.149537999502116,1.4085954624931674e-15,Radau,55885266c44ecbbfe86be622c6ebd08b77151ee6ef7dfd5c8bbc8d4250b58e50
C8_213_SAT_PKA_COMMON_capacity_upper_quartile_F1.6_onset100,3,ae2_knockout,149.99999999999716,124.19500793355638,6.88494629673415,23.057429232349246,40.34060639454266,110.8563203623157,31.74360860111507,13.652234584193913,0.55,1.0,0.0013062369883613761,6.959053207232848,0.02683009871742699,4.10179325126593e-10,2.842170943040401e-14,Radau,55885266c44ecbbfe86be622c6ebd08b77151ee6ef7dfd5c8bbc8d4250b58e50
C8_213_SAT_PKA_COMMON_capacity_upper_quartile_F1.6_onset100,3,ae2_knockout,199.99999999999432,124.19500793349556,6.8849462967312105,23.057429232386013,40.34060639476021,110.85632036203907,31.743608601140746,13.652234584287749,0.55,1.0,0.0013062369883448163,6.959053168198897,0.02683009871778957,3.5482389535279896e-11,4.354155924701786e-16,Radau,55885266c44ecbbfe86be622c6ebd08b77151ee6ef7dfd5c8bbc8d4250b58e50
C8_213_SAT_PKA_COMMON_capacity_upper_quartile_F3_onset100,3,ae4_knockout,0.0,118.70683959545597,5.6020481514732205,30.87909809003924,27.777026604539298,117.23113299513228,47.13547956606359,18.87099663360465,0.05,0.0,0.0005324311794152882,7.042524499721159,0.0,0.001477725545417681,2.42861286636753e-17,Radau,55885266c44ecbbfe86be622c6ebd08b77151ee6ef7dfd5c8bbc8d4250b58e50
C8_213_SAT_PKA_COMMON_capacity_upper_quartile_F3_onset100,3,ae4_knockout,50.0,118.67605357778521,5.5637630924877515,60.137143100414676,21.46798601633262,123.48926467723902,48.38720575611541,56.004417967621265,0.05,0.0,0.0005104369456706954,7.36136755404536,0.0,1.5427385457377483e-05,1.9949319973733282e-17,Radau,55885266c44ecbbfe86be622c6ebd08b77151ee6ef7dfd5c8bbc8d4250b58e50
C8_213_SAT_PKA_COMMON_capacity_upper_quartile_F3_onset100,3,ae4_knockout,100.0,118.59225176485772,5.560415206769431,64.1827512042695,21.214540486626014,123.6538533185135,48.684835174434774,58.174891601594986,0.05,0.0,0.000511140894819666,7.374234973068652,0.0,3.7605729741450227e-06,1.4210854715202004e-14,Radau,55885266c44ecbbfe86be622c6ebd08b77151ee6ef7dfd5c8bbc8d4250b58e50
C8_213_SAT_PKA_COMMON_capacity_upper_quartile_F3_onset100,3,ae4_knockout,100.0000001,118.59241118189242,5.56042674168664,64.18275120792933,21.214540486443674,123.65385065513082,48.684832511048874,58.17489160358321,0.55,1.0,0.0005113445644050738,7.374234973068652,0.0,0.15940479807216784,1.4210854715202004e-14,Radau,55885266c44ecbbfe86be622c6ebd08b77151ee6ef7dfd5c8bbc8d4250b58e50
C8_213_SAT_PKA_COMMON_capacity_upper_quartile_F3_onset100,3,ae4_knockout,149.99999999999716,124.57845523340322,6.955453664428466,28.770215506562625,33.321812682892634,118.29007682460067,32.39618971254652,34.42308819428838,0.55,1.0,0.0013581224199331696,7.198452867121051,0.0,1.8188144349725233e-08,5.030698080332741e-16,Radau,55885266c44ecbbfe86be622c6ebd08b77151ee6ef7dfd5c8bbc8d4250b58e50
C8_213_SAT_PKA_COMMON_capacity_upper_quartile_F3_onset100,3,ae4_knockout,199.99999999999432,124.57849346479654,6.955453947991104,28.769936907710047,33.32195023433505,118.28998045895624,32.39614037285299,34.4223576156206,0.55,1.0,0.0013581198878670985,7.198446410665848,0.0,8.34482857671707e-11,5.0133508455729725e-16,Radau,55885266c44ecbbfe86be622c6ebd08b77151ee6ef7dfd5c8bbc8d4250b58e50
C8_213_SAT_PKA_COMMON_capacity_upper_quartile_F3_onset100,3,wt,0.0,118.70683959545597,5.6020481514732205,30.87909809003924,27.777026604539298,117.23113299513228,47.13547956606359,18.87099663360465,0.05,0.0,0.0005324311794152882,7.042524499721159,0.01521027735428348,1.3792042613695894e-13,2.42861286636753e-17,Radau,55885266c44ecbbfe86be622c6ebd08b77151ee6ef7dfd5c8bbc8d4250b58e50
C8_213_SAT_PKA_COMMON_capacity_upper_quartile_F3_onset100,3,wt,50.0,118.70683960774961,5.602048152782472,30.87909818410658,27.777026691125528,117.23113292198663,47.13547958365542,18.870996870115235,0.05,0.0,0.0005324311798047974,7.04252450993103,0.015210277717040102,1.03745006331547e-10,2.842170943040401e-14,Radau,55885266c44ecbbfe86be622c6ebd08b77151ee6ef7dfd5c8bbc8d4250b58e50
C8_213_SAT_PKA_COMMON_capacity_upper_quartile_F3_onset100,3,wt,100.0,118.70683959359268,5.602048151400037,30.87909809453027,27.77702660071689,117.23113299698115,47.135479571684925,18.870996637493317,0.05,0.0,0.0005324311794361932,7.042524530350774,0.015210277356566588,2.4295494623375325e-10,1.4210854715202004e-14,Radau,55885266c44ecbbfe86be622c6ebd08b77151ee6ef7dfd5c8bbc8d4250b58e50
C8_213_SAT_PKA_COMMON_capacity_upper_quartile_F3_onset100,3,wt,100.0000001,118.70698863550426,5.6020589356069035,30.87909809443377,27.777026820766633,117.2311266159741,47.135476365872464,18.870993682102274,0.55,1.0,0.0005326258471274077,7.042524527083615,0.04563082306044699,0.14903020418998764,1.0685896612017132e-15,Radau,55885266c44ecbbfe86be622c6ebd08b77151ee6ef7dfd5c8bbc8d4250b58e50
C8_213_SAT_PKA_COMMON_capacity_upper_quartile_F3_onset100,3,wt,149.99999999999716,123.86222286757153,6.822288763431889,22.216483305188362,48.86544133212577,101.97002234694703,32.0490994419003,8.980481955342382,0.55,1.0,0.0012610453215505368,6.872408685140212,0.02006426622237097,6.948224808089056e-10,1.2073675392798577e-15,Radau,55885266c44ecbbfe86be622c6ebd08b77151ee6ef7dfd5c8bbc8d4250b58e50
C8_213_SAT_PKA_COMMON_capacity_upper_quartile_F3_onset100,3,wt,199.99999999999432,123.86222286761097,6.822288763435247,22.216483305091714,48.86544133149229,101.97002234764942,32.04909944170082,8.980481955111271,0.55,1.0,0.0012610453215443622,6.87240875575922,0.020064266220566347,9.419098215927032e-11,2.842170943040401e-14,Radau,55885266c44ecbbfe86be622c6ebd08b77151ee6ef7dfd5c8bbc8d4250b58e50
C8_213_SAT_PKA_COMMON_capacity_upper_quartile_F3_onset100,3,ae2_knockout,0.0,118.70683959545597,5.6020481514732205,30.87909809003924,27.777026604539298,117.23113299513228,47.13547956606359,18.87099663360465,0.05,0.0,0.0005324311794152882,7.042524499721159,0.01521027735428348,0.0007035057562533676,2.42861286636753e-17,Radau,55885266c44ecbbfe86be622c6ebd08b77151ee6ef7dfd5c8bbc8d4250b58e50
C8_213_SAT_PKA_COMMON_capacity_upper_quartile_F3_onset100,3,ae2_knockout,50.0,118.6551516722264,5.5865324229713345,32.06484049097223,26.62251021147278,118.32423461588053,46.46643126473697,22.400069116040765,0.05,0.0,0.0005247510634063749,7.086374349738364,0.019857445091990358,2.1961592041199929e-10,1.4210854715202004e-14,Radau,55885266c44ecbbfe86be622c6ebd08b77151ee6ef7dfd5c8bbc8d4250b58e50
C8_213_SAT_PKA_COMMON_capacity_upper_quartile_F3_onset100,3,ae2_knockout,100.0,118.65515167203381,5.586532422950714,32.06484048944841,26.622510210256376,118.32423461688099,46.466431264595094,22.400069112083514,0.05,0.0,0.0005247510636615892,7.086375767737659,0.019857445086760753,1.1427516415834199e-08,1.4210854715202004e-14,Radau,55885266c44ecbbfe86be622c6ebd08b77151ee6ef7dfd5c8bbc8d4250b58e50
C8_213_SAT_PKA_COMMON_capacity_upper_quartile_F3_onset100,3,ae2_knockout,100.0000001,118.65530122166187,5.586543243895591,32.06484048935154,26.622510145321954,118.32422844183972,46.46642874007069,22.400065396421347,0.55,1.0,0.0005249464617187618,7.086375667366167,0.05957232440457577,0.14953788310978047,1.4210854715202004e-14,Radau,55885266c44ecbbfe86be622c6ebd08b77151ee6ef7dfd5c8bbc8d4250b58e50
C8_213_SAT_PKA_COMMON_capacity_upper_quartile_F3_onset100,3,ae2_knockout,149.99999999999716,123.84375656991793,6.8187702336148455,22.34053539180475,46.857730397749044,103.95764758376599,31.33093874329793,10.288277860688815,0.55,1.0,0.0012585328684276208,6.898387702184845,0.0309864307926597,7.568309524243396e-11,2.842170943040401e-14,Radau,55885266c44ecbbfe86be622c6ebd08b77151ee6ef7dfd5c8bbc8d4250b58e50
C8_213_SAT_PKA_COMMON_capacity_upper_quartile_F3_onset100,3,ae2_knockout,199.99999999999432,123.84375656998978,6.818770233615922,22.340535391731176,46.85773039776564,103.95764758382813,31.33093874314753,10.288277860557436,0.55,1.0,0.0012585328684229045,6.898387705261882,0.030986430791903868,1.0872780425715215e-10,1.4210854715202004e-14,Radau,55885266c44ecbbfe86be622c6ebd08b77151ee6ef7dfd5c8bbc8d4250b58e50
C8_213_SAT_PKA_COMMON_capacity_upper_quartile_F10_onset100,3,ae4_knockout,0.0,118.70683959545597,5.6020481514732205,30.87909809003924,27.777026604539298,117.23113299513228,47.13547956606359,18.87099663360465,0.05,0.0,0.0005324311794152882,7.042524499721159,0.0,0.001477725545417681,2.42861286636753e-17,Radau,55885266c44ecbbfe86be622c6ebd08b77151ee6ef7dfd5c8bbc8d4250b58e50
C8_213_SAT_PKA_COMMON_capacity_upper_quartile_F10_onset100,3,ae4_knockout,50.0,118.67605357778521,5.5637630924877515,60.137143100414676,21.46798601633262,123.48926467723902,48.38720575611541,56.004417967621265,0.05,0.0,0.0005104369456706954,7.36136755404536,0.0,1.5427385457377483e-05,1.9949319973733282e-17,Radau,55885266c44ecbbfe86be622c6ebd08b77151ee6ef7dfd5c8bbc8d4250b58e50
C8_213_SAT_PKA_COMMON_capacity_upper_quartile_F10_onset100,3,ae4_knockout,100.0,118.59225176485772,5.560415206769431,64.1827512042695,21.214540486626014,123.6538533185135,48.684835174434774,58.174891601594986,0.05,0.0,0.000511140894819666,7.374234973068652,0.0,3.7605729741450227e-06,1.4210854715202004e-14,Radau,55885266c44ecbbfe86be622c6ebd08b77151ee6ef7dfd5c8bbc8d4250b58e50
C8_213_SAT_PKA_COMMON_capacity_upper_quartile_F10_onset100,3,ae4_knockout,100.0000001,118.59241118189242,5.56042674168664,64.18275120792933,21.214540486443674,123.65385065513082,48.684832511048874,58.17489160358321,0.55,1.0,0.0005113445644050738,7.374234973068652,0.0,0.15940479807216784,1.4210854715202004e-14,Radau,55885266c44ecbbfe86be622c6ebd08b77151ee6ef7dfd5c8bbc8d4250b58e50
C8_213_SAT_PKA_COMMON_capacity_upper_quartile_F10_onset100,3,ae4_knockout,149.99999999999716,124.57845523340322,6.955453664428466,28.770215506562625,33.321812682892634,118.29007682460067,32.39618971254652,34.42308819428838,0.55,1.0,0.0013581224199331696,7.198452867121051,0.0,1.8188144349725233e-08,5.030698080332741e-16,Radau,55885266c44ecbbfe86be622c6ebd08b77151ee6ef7dfd5c8bbc8d4250b58e50
C8_213_SAT_PKA_COMMON_capacity_upper_quartile_F10_onset100,3,ae4_knockout,199.99999999999432,124.57849346479654,6.955453947991104,28.769936907710047,33.32195023433505,118.28998045895624,32.39614037285299,34.4223576156206,0.55,1.0,0.0013581198878670985,7.198446410665848,0.0,8.34482857671707e-11,5.0133508455729725e-16,Radau,55885266c44ecbbfe86be622c6ebd08b77151ee6ef7dfd5c8bbc8d4250b58e50
C8_213_SAT_PKA_COMMON_capacity_upper_quartile_F10_onset100,3,wt,0.0,118.70683959545597,5.6020481514732205,30.87909809003924,27.777026604539298,117.23113299513228,47.13547956606359,18.87099663360465,0.05,0.0,0.0005324311794152882,7.042524499721159,0.01521027735428348,1.3792042613695894e-13,2.42861286636753e-17,Radau,55885266c44ecbbfe86be622c6ebd08b77151ee6ef7dfd5c8bbc8d4250b58e50
C8_213_SAT_PKA_COMMON_capacity_upper_quartile_F10_onset100,3,wt,50.0,118.70683960774961,5.602048152782472,30.87909818410658,27.777026691125528,117.23113292198663,47.13547958365542,18.870996870115235,0.05,0.0,0.0005324311798047974,7.04252450993103,0.015210277717040102,1.03745006331547e-10,2.842170943040401e-14,Radau,55885266c44ecbbfe86be622c6ebd08b77151ee6ef7dfd5c8bbc8d4250b58e50
C8_213_SAT_PKA_COMMON_capacity_upper_quartile_F10_onset100,3,wt,100.0,118.70683959359268,5.602048151400037,30.87909809453027,27.77702660071689,117.23113299698115,47.135479571684925,18.870996637493317,0.05,0.0,0.0005324311794361932,7.042524530350774,0.015210277356566588,2.4295494623375325e-10,1.4210854715202004e-14,Radau,55885266c44ecbbfe86be622c6ebd08b77151ee6ef7dfd5c8bbc8d4250b58e50
C8_213_SAT_PKA_COMMON_capacity_upper_quartile_F10_onset100,3,wt,100.0000001,118.70698863527225,5.602058935596082,30.879098094431583,27.77702759064069,117.2311223980864,47.135483261920506,18.870983338035927,0.55,1.0,0.0005326298420196341,7.042524522523205,0.15210256906229982,0.1490297401810798,1.4210854715202004e-14,Radau,55885266c44ecbbfe86be622c6ebd08b77151ee6ef7dfd5c8bbc8d4250b58e50
C8_213_SAT_PKA_COMMON_capacity_upper_quartile_F10_onset100,3,wt,149.99999999999716,121.54867529546192,6.341806776228557,23.077088912322765,91.25897518560939,57.02271895256344,34.842419130426,7.728361360020424,0.55,1.0,0.0009417401854416846,6.834570246885851,0.022959202109151082,1.3872678015775036e-09,2.842170943040401e-14,Radau,55885266c44ecbbfe86be622c6ebd08b77151ee6ef7dfd5c8bbc8d4250b58e50
C8_213_SAT_PKA_COMMON_capacity_upper_quartile_F10_onset100,3,wt,199.99999999999432,121.54867529443895,6.341806776172946,23.077088912951915,91.25897518745509,57.02271894950221,34.8424191317118,7.728361360324869,0.55,1.0,0.0009417401856674883,6.834570473049684,0.022959202112597474,1.1588508631467672e-09,1.4210854715202004e-14,Radau,55885266c44ecbbfe86be622c6ebd08b77151ee6ef7dfd5c8bbc8d4250b58e50
C8_213_SAT_PKA_COMMON_capacity_near_upper_boundary_F1_onset100,3,ae4_knockout,0.0,118.70901253899407,5.602698534420708,30.792794362421812,27.883302738830594,117.12743682432118,47.10014344983037,18.68749299935189,0.05,0.0,0.0005327538326400618,7.040062829846678,0.0,0.0014951198327328953,2.842170943040401e-14,Radau,55885266c44ecbbfe86be622c6ebd08b77151ee6ef7dfd5c8bbc8d4250b58e50
C8_213_SAT_PKA_COMMON_capacity_near_upper_boundary_F1_onset100,3,ae4_knockout,50.0,118.67613718109826,5.56376645203089,60.13347008231957,21.46823733009493,123.48910201858094,48.38691240734582,56.002322177256445,0.05,0.0,0.0005104362563077386,7.361354938760489,0.0,1.5439012949742365e-05,7.105427357601002e-15,Radau,55885266c44ecbbfe86be622c6ebd08b77151ee6ef7dfd5c8bbc8d4250b58e50
C8_213_SAT_PKA_COMMON_capacity_near_upper_boundary_F1_onset100,3,ae4_knockout,100.0,118.59226864267089,5.5604158769898575,64.18185592829117,21.21459184821568,123.65381985103595,48.68477449195435,58.17443999302198,0.05,0.0,0.0005111407503783783,7.374232335306346,0.0,3.7629250973398058e-06,2.842170943040401e-14,Radau,55885266c44ecbbfe86be622c6ebd08b77151ee6ef7dfd5c8bbc8d4250b58e50
C8_213_SAT_PKA_COMMON_capacity_near_upper_boundary_F1_onset100,3,ae4_knockout,100.0000001,118.59242805955026,5.560427411895829,64.18185593195336,21.214591848033198,123.65381718761881,48.68477182853406,58.17443999501144,0.55,1.0,0.0005113444198084231,7.374232335014155,0.0,0.1594046427553515,2.1316282072803006e-14,Radau,55885266c44ecbbfe86be622c6ebd08b77151ee6ef7dfd5c8bbc8d4250b58e50
C8_213_SAT_PKA_COMMON_capacity_near_upper_boundary_F1_onset100,3,ae4_knockout,149.99999999999716,124.57845524384255,6.95545366462303,28.77021543381094,33.32181271292278,118.2900768058313,32.39618970236646,34.42308800133894,0.55,1.0,0.0013581224193402119,7.19845268680723,0.0,2.012404144472091e-08,1.4210854715202004e-14,Radau,55885266c44ecbbfe86be622c6ebd08b77151ee6ef7dfd5c8bbc8d4250b58e50
C8_213_SAT_PKA_COMMON_capacity_near_upper_boundary_F1_onset100,3,ae4_knockout,199.99999999999432,124.57849346412756,6.95545394797962,28.769936901961106,33.32195023166729,118.28998046091188,32.39614037384904,34.42235759715478,0.55,1.0,0.0013581198877367746,7.19844513377219,0.0,1.3789857453596985e-08,1.4210854715202004e-14,Radau,55885266c44ecbbfe86be622c6ebd08b77151ee6ef7dfd5c8bbc8d4250b58e50
C8_213_SAT_PKA_COMMON_capacity_near_upper_boundary_F1_onset100,3,wt,0.0,118.70901253899407,5.602698534420708,30.792794362421812,27.883302738830594,117.12743682432118,47.10014344983037,18.68749299935189,0.05,0.0,0.0005327538326400618,7.040062829846678,0.015346305853421924,1.9772415409324933e-13,2.842170943040401e-14,Radau,55885266c44ecbbfe86be622c6ebd08b77151ee6ef7dfd5c8bbc8d4250b58e50
C8_213_SAT_PKA_COMMON_capacity_near_upper_boundary_F1_onset100,3,wt,50.0,118.70901253905929,5.60269853442472,30.79279436263283,27.883302739046055,117.12743682417496,47.10014344975509,18.687493000035186,0.05,0.0,0.000532753832645126,7.040062849541876,0.015346305854540446,1.5597142778329166e-10,3.599551212651875e-17,Radau,55885266c44ecbbfe86be622c6ebd08b77151ee6ef7dfd5c8bbc8d4250b58e50
C8_213_SAT_PKA_COMMON_capacity_near_upper_boundary_F1_onset100,3,wt,100.0,118.7090125389958,5.602698534420438,30.792794362521118,27.88330273879604,117.12743682435747,47.100143449817864,18.68749299962158,0.05,0.0,0.0005327538326398118,7.040062830117403,0.015346305853819278,1.9382664944434057e-12,1.4210854715202004e-14,Radau,55885266c44ecbbfe86be622c6ebd08b77151ee6ef7dfd5c8bbc8d4250b58e50
C8_213_SAT_PKA_COMMON_capacity_near_upper_boundary_F1_onset100,3,wt,100.0000001,118.70916139233286,5.602709304980915,30.79279436242535,27.883302738883113,117.12743164052374,47.10013826576686,18.687492999679534,0.55,1.0,0.0005329471307755752,7.040062830117403,0.015346307880888645,0.14884170942237535,2.842170943040401e-14,Radau,55885266c44ecbbfe86be622c6ebd08b77151ee6ef7dfd5c8bbc8d4250b58e50
C8_213_SAT_PKA_COMMON_capacity_near_upper_boundary_F1_onset100,3,wt,149.99999999999716,124.3430372467312,6.912372653899171,23.051631240218786,39.82644331311969,111.53084770991943,32.57300853740848,12.95659034426893,0.55,1.0,0.0013262882782549294,6.948292379121886,0.015045823612029404,6.995684683425492e-11,1.4210854715202004e-14,Radau,55885266c44ecbbfe86be622c6ebd08b77151ee6ef7dfd5c8bbc8d4250b58e50
C8_213_SAT_PKA_COMMON_capacity_near_upper_boundary_F1_onset100,3,wt,199.99999999999432,124.34303724670761,6.9123726538961066,23.051631240316866,39.826443313468985,111.53084770954938,32.573008537432244,12.956590344713108,0.55,1.0,0.001326288278207726,6.948292230971256,0.015045823613072605,1.3741242336596903e-09,1.4210854715202004e-14,Radau,55885266c44ecbbfe86be622c6ebd08b77151ee6ef7dfd5c8bbc8d4250b58e50
C8_213_SAT_PKA_COMMON_capacity_near_upper_boundary_F1_onset100,3,ae2_knockout,0.0,118.70901253899407,5.602698534420708,30.792794362421812,27.883302738830594,117.12743682432118,47.10014344983037,18.68749299935189,0.05,0.0,0.0005327538326400618,7.040062829846678,0.015346305853421924,0.0007063996468241288,2.842170943040401e-14,Radau,55885266c44ecbbfe86be622c6ebd08b77151ee6ef7dfd5c8bbc8d4250b58e50
C8_213_SAT_PKA_COMMON_capacity_near_upper_boundary_F1_onset100,3,ae2_knockout,50.0,118.6574425411804,5.587221933280089,31.933253760297365,26.736493914284278,118.21297431079567,46.42796381529139,22.127757873589022,0.05,0.0,0.000525091664474626,7.083127925129577,0.020038309610102747,1.5849635225903089e-09,1.4210854715202004e-14,Radau,55885266c44ecbbfe86be622c6ebd08b77151ee6ef7dfd5c8bbc8d4250b58e50
C8_213_SAT_PKA_COMMON_capacity_near_upper_boundary_F1_onset100,3,ae2_knockout,100.0,118.65744253838388,5.587221933198053,31.933253773134325,26.736493907111342,118.21297431504999,46.42796382995137,22.127757886791727,0.05,0.0,0.000525091664410549,7.0831275490559475,0.020038309618609303,1.5044120534595485e-09,2.862293735361732e-17,Radau,55885266c44ecbbfe86be622c6ebd08b77151ee6ef7dfd5c8bbc8d4250b58e50
C8_213_SAT_PKA_COMMON_capacity_near_upper_boundary_F1_onset100,3,ae2_knockout,100.0000001,118.65759188508756,5.587232739457789,31.933253773038363,26.736493907193065,118.21296929978644,46.42795881447254,22.127757886856678,0.55,1.0,0.0005252853880036622,7.083127562134814,0.02003831164820593,0.14933505599734395,1.4210854715202004e-14,Radau,55885266c44ecbbfe86be622c6ebd08b77151ee6ef7dfd5c8bbc8d4250b58e50
C8_213_SAT_PKA_COMMON_capacity_near_upper_boundary_F1_onset100,3,ae2_knockout,149.99999999999716,124.3330408038148,6.910528957487034,23.876896159757063,37.51293553849003,113.8335510467328,31.87782540081192,17.298714041041244,0.55,1.0,0.0013249351725568522,7.013937210322125,0.023195702725859264,2.332593037485264e-11,1.4210854715202004e-14,Radau,55885266c44ecbbfe86be622c6ebd08b77151ee6ef7dfd5c8bbc8d4250b58e50
C8_213_SAT_PKA_COMMON_capacity_near_upper_boundary_F1_onset100,3,ae2_knockout,199.99999999999432,124.33304080392766,6.910528957492195,23.876896159583012,37.51293553833813,113.8335510470064,31.877825400730135,17.29871404050053,0.55,1.0,0.0013249351725537263,7.013937207772938,0.02319570272502229,2.0990770353824878e-12,1.317522480004385e-15,Radau,55885266c44ecbbfe86be622c6ebd08b77151ee6ef7dfd5c8bbc8d4250b58e50
C8_213_SAT_PKA_COMMON_capacity_near_upper_boundary_F1.25_onset100,3,ae4_knockout,0.0,118.70901253899407,5.602698534420708,30.792794362421812,27.883302738830594,117.12743682432118,47.10014344983037,18.68749299935189,0.05,0.0,0.0005327538326400618,7.040062829846678,0.0,0.0014951198327328953,2.842170943040401e-14,Radau,55885266c44ecbbfe86be622c6ebd08b77151ee6ef7dfd5c8bbc8d4250b58e50
C8_213_SAT_PKA_COMMON_capacity_near_upper_boundary_F1.25_onset100,3,ae4_knockout,50.0,118.67613718109826,5.56376645203089,60.13347008231957,21.46823733009493,123.48910201858094,48.38691240734582,56.002322177256445,0.05,0.0,0.0005104362563077386,7.361354938760489,0.0,1.5439012949742365e-05,7.105427357601002e-15,Radau,55885266c44ecbbfe86be622c6ebd08b77151ee6ef7dfd5c8bbc8d4250b58e50
C8_213_SAT_PKA_COMMON_capacity_near_upper_boundary_F1.25_onset100,3,ae4_knockout,100.0,118.59226864267089,5.5604158769898575,64.18185592829117,21.21459184821568,123.65381985103595,48.68477449195435,58.17443999302198,0.05,0.0,0.0005111407503783783,7.374232335306346,0.0,3.7629250973398058e-06,2.842170943040401e-14,Radau,55885266c44ecbbfe86be622c6ebd08b77151ee6ef7dfd5c8bbc8d4250b58e50
C8_213_SAT_PKA_COMMON_capacity_near_upper_boundary_F1.25_onset100,3,ae4_knockout,100.0000001,118.59242805955026,5.560427411895829,64.18185593195336,21.214591848033198,123.65381718761881,48.68477182853406,58.17443999501144,0.55,1.0,0.0005113444198084231,7.374232335014155,0.0,0.1594046427553515,2.1316282072803006e-14,Radau,55885266c44ecbbfe86be622c6ebd08b77151ee6ef7dfd5c8bbc8d4250b58e50
C8_213_SAT_PKA_COMMON_capacity_near_upper_boundary_F1.25_onset100,3,ae4_knockout,149.99999999999716,124.57845524384255,6.95545366462303,28.77021543381094,33.32181271292278,118.2900768058313,32.39618970236646,34.42308800133894,0.55,1.0,0.0013581224193402119,7.19845268680723,0.0,2.012404144472091e-08,1.4210854715202004e-14,Radau,55885266c44ecbbfe86be622c6ebd08b77151ee6ef7dfd5c8bbc8d4250b58e50
C8_213_SAT_PKA_COMMON_capacity_near_upper_boundary_F1.25_onset100,3,ae4_knockout,199.99999999999432,124.57849346412756,6.95545394797962,28.769936901961106,33.32195023166729,118.28998046091188,32.39614037384904,34.42235759715478,0.55,1.0,0.0013581198877367746,7.19844513377219,0.0,1.3789857453596985e-08,1.4210854715202004e-14,Radau,55885266c44ecbbfe86be622c6ebd08b77151ee6ef7dfd5c8bbc8d4250b58e50
C8_213_SAT_PKA_COMMON_capacity_near_upper_boundary_F1.25_onset100,3,wt,0.0,118.70901253899407,5.602698534420708,30.792794362421812,27.883302738830594,117.12743682432118,47.10014344983037,18.68749299935189,0.05,0.0,0.0005327538326400618,7.040062829846678,0.015346305853421924,1.9772415409324933e-13,2.842170943040401e-14,Radau,55885266c44ecbbfe86be622c6ebd08b77151ee6ef7dfd5c8bbc8d4250b58e50
C8_213_SAT_PKA_COMMON_capacity_near_upper_boundary_F1.25_onset100,3,wt,50.0,118.70901253905929,5.60269853442472,30.79279436263283,27.883302739046055,117.12743682417496,47.10014344975509,18.687493000035186,0.05,0.0,0.000532753832645126,7.040062849541876,0.015346305854540446,1.5597142778329166e-10,3.599551212651875e-17,Radau,55885266c44ecbbfe86be622c6ebd08b77151ee6ef7dfd5c8bbc8d4250b58e50
C8_213_SAT_PKA_COMMON_capacity_near_upper_boundary_F1.25_onset100,3,wt,100.0,118.7090125389958,5.602698534420438,30.792794362521118,27.88330273879604,117.12743682435747,47.100143449817864,18.68749299962158,0.05,0.0,0.0005327538326398118,7.040062830117403,0.015346305853819278,1.9382664944434057e-12,1.4210854715202004e-14,Radau,55885266c44ecbbfe86be622c6ebd08b77151ee6ef7dfd5c8bbc8d4250b58e50
C8_213_SAT_PKA_COMMON_capacity_near_upper_boundary_F1.25_onset100,3,wt,100.0000001,118.70916139232446,5.602709304980524,30.792794362425276,27.88330276882993,117.12743148598395,47.100138514953564,18.687492625899697,0.55,1.0,0.0005329472751298067,7.040062829914359,0.019182884040481813,0.14884169265393007,1.4210854715202004e-14,Radau,55885266c44ecbbfe86be622c6ebd08b77151ee6ef7dfd5c8bbc8d4250b58e50
C8_213_SAT_PKA_COMMON_capacity_near_upper_boundary_F1.25_onset100,3,wt,149.99999999999716,124.28287708824561,6.901258693334522,22.831812603014004,41.03382539892042,110.25831558316534,32.51192105624379,11.93365041956333,0.55,1.0,0.0013181429842176416,6.9306278077028445,0.016248515393090333,7.991934030784163e-12,1.4210854715202004e-14,Radau,55885266c44ecbbfe86be622c6ebd08b77151ee6ef7dfd5c8bbc8d4250b58e50
C8_213_SAT_PKA_COMMON_capacity_near_upper_boundary_F1.25_onset100,3,wt,199.99999999999432,124.2828770882536,6.9012586933331175,22.83181260297568,41.033825399176585,110.2583155829407,32.511921056197444,11.933650419421715,0.55,1.0,0.0013181429842309684,6.9306279562612,0.016248515392772007,1.5059425528620878e-09,8.951173136040325e-16,Radau,55885266c44ecbbfe86be622c6ebd08b77151ee6ef7dfd5c8bbc8d4250b58e50
C8_213_SAT_PKA_COMMON_capacity_near_upper_boundary_F1.25_onset100,3,ae2_knockout,0.0,118.70901253899407,5.602698534420708,30.792794362421812,27.883302738830594,117.12743682432118,47.10014344983037,18.68749299935189,0.05,0.0,0.0005327538326400618,7.040062829846678,0.015346305853421924,0.0007063996468241288,2.842170943040401e-14,Radau,55885266c44ecbbfe86be622c6ebd08b77151ee6ef7dfd5c8bbc8d4250b58e50
C8_213_SAT_PKA_COMMON_capacity_near_upper_boundary_F1.25_onset100,3,ae2_knockout,50.0,118.6574425411804,5.587221933280089,31.933253760297365,26.736493914284278,118.21297431079567,46.42796381529139,22.127757873589022,0.05,0.0,0.000525091664474626,7.083127925129577,0.020038309610102747,1.5849635225903089e-09,1.4210854715202004e-14,Radau,55885266c44ecbbfe86be622c6ebd08b77151ee6ef7dfd5c8bbc8d4250b58e50
C8_213_SAT_PKA_COMMON_capacity_near_upper_boundary_F1.25_onset100,3,ae2_knockout,100.0,118.65744253838388,5.587221933198053,31.933253773134325,26.736493907111342,118.21297431504999,46.42796382995137,22.127757886791727,0.05,0.0,0.000525091664410549,7.0831275490559475,0.020038309618609303,1.5044120534595485e-09,2.862293735361732e-17,Radau,55885266c44ecbbfe86be622c6ebd08b77151ee6ef7dfd5c8bbc8d4250b58e50
C8_213_SAT_PKA_COMMON_capacity_near_upper_boundary_F1.25_onset100,3,ae2_knockout,100.0000001,118.65759188507703,5.587232739457301,31.93325377303826,26.73649390104172,118.21296914906169,46.42795912822563,22.127757416227304,0.55,1.0,0.0005252855697614293,7.08312756183587,0.02504788864351396,0.1493350349357347,1.4085954624931674e-15,Radau,55885266c44ecbbfe86be622c6ebd08b77151ee6ef7dfd5c8bbc8d4250b58e50
C8_213_SAT_PKA_COMMON_capacity_near_upper_boundary_F1.25_onset100,3,ae2_knockout,149.99999999999716,124.27207906689411,6.899259209075077,23.421783080508582,38.80819247707606,112.47226676047842,31.827657289764538,15.297576124253306,0.55,1.0,0.0013166804706630383,6.9849205494866276,0.025093971920338014,2.897412519036232e-08,2.842170943040401e-14,Radau,55885266c44ecbbfe86be622c6ebd08b77151ee6ef7dfd5c8bbc8d4250b58e50
C8_213_SAT_PKA_COMMON_capacity_near_upper_boundary_F1.25_onset100,3,ae2_knockout,199.99999999999432,124.27207907098746,6.89925920919759,23.421783119344834,38.808192570202486,112.4722666717293,31.827657309668396,15.297576282121895,0.55,1.0,0.0013166804698324054,6.984917644422881,0.025093972303448557,7.041292381043989e-10,1.4210854715202004e-14,Radau,55885266c44ecbbfe86be622c6ebd08b77151ee6ef7dfd5c8bbc8d4250b58e50
C8_213_SAT_PKA_COMMON_capacity_near_upper_boundary_F1.6_onset100,3,ae4_knockout,0.0,118.70901253899407,5.602698534420708,30.792794362421812,27.883302738830594,117.12743682432118,47.10014344983037,18.68749299935189,0.05,0.0,0.0005327538326400618,7.040062829846678,0.0,0.0014951198327328953,2.842170943040401e-14,Radau,55885266c44ecbbfe86be622c6ebd08b77151ee6ef7dfd5c8bbc8d4250b58e50
C8_213_SAT_PKA_COMMON_capacity_near_upper_boundary_F1.6_onset100,3,ae4_knockout,50.0,118.67613718109826,5.56376645203089,60.13347008231957,21.46823733009493,123.48910201858094,48.38691240734582,56.002322177256445,0.05,0.0,0.0005104362563077386,7.361354938760489,0.0,1.5439012949742365e-05,7.105427357601002e-15,Radau,55885266c44ecbbfe86be622c6ebd08b77151ee6ef7dfd5c8bbc8d4250b58e50
C8_213_SAT_PKA_COMMON_capacity_near_upper_boundary_F1.6_onset100,3,ae4_knockout,100.0,118.59226864267089,5.5604158769898575,64.18185592829117,21.21459184821568,123.65381985103595,48.68477449195435,58.17443999302198,0.05,0.0,0.0005111407503783783,7.374232335306346,0.0,3.7629250973398058e-06,2.842170943040401e-14,Radau,55885266c44ecbbfe86be622c6ebd08b77151ee6ef7dfd5c8bbc8d4250b58e50
C8_213_SAT_PKA_COMMON_capacity_near_upper_boundary_F1.6_onset100,3,ae4_knockout,100.0000001,118.59242805955026,5.560427411895829,64.18185593195336,21.214591848033198,123.65381718761881,48.68477182853406,58.17443999501144,0.55,1.0,0.0005113444198084231,7.374232335014155,0.0,0.1594046427553515,2.1316282072803006e-14,Radau,55885266c44ecbbfe86be622c6ebd08b77151ee6ef7dfd5c8bbc8d4250b58e50
C8_213_SAT_PKA_COMMON_capacity_near_upper_boundary_F1.6_onset100,3,ae4_knockout,149.99999999999716,124.57845524384255,6.95545366462303,28.77021543381094,33.32181271292278,118.2900768058313,32.39618970236646,34.42308800133894,0.55,1.0,0.0013581224193402119,7.19845268680723,0.0,2.012404144472091e-08,1.4210854715202004e-14,Radau,55885266c44ecbbfe86be622c6ebd08b77151ee6ef7dfd5c8bbc8d4250b58e50
C8_213_SAT_PKA_COMMON_capacity_near_upper_boundary_F1.6_onset100,3,ae4_knockout,199.99999999999432,124.57849346412756,6.95545394797962,28.769936901961106,33.32195023166729,118.28998046091188,32.39614037384904,34.42235759715478,0.55,1.0,0.0013581198877367746,7.19844513377219,0.0,1.3789857453596985e-08,1.4210854715202004e-14,Radau,55885266c44ecbbfe86be622c6ebd08b77151ee6ef7dfd5c8bbc8d4250b58e50
C8_213_SAT_PKA_COMMON_capacity_near_upper_boundary_F1.6_onset100,3,wt,0.0,118.70901253899407,5.602698534420708,30.792794362421812,27.883302738830594,117.12743682432118,47.10014344983037,18.68749299935189,0.05,0.0,0.0005327538326400618,7.040062829846678,0.015346305853421924,1.9772415409324933e-13,2.842170943040401e-14,Radau,55885266c44ecbbfe86be622c6ebd08b77151ee6ef7dfd5c8bbc8d4250b58e50
C8_213_SAT_PKA_COMMON_capacity_near_upper_boundary_F1.6_onset100,3,wt,50.0,118.70901253905929,5.60269853442472,30.79279436263283,27.883302739046055,117.12743682417496,47.10014344975509,18.687493000035186,0.05,0.0,0.000532753832645126,7.040062849541876,0.015346305854540446,1.5597142778329166e-10,3.599551212651875e-17,Radau,55885266c44ecbbfe86be622c6ebd08b77151ee6ef7dfd5c8bbc8d4250b58e50
C8_213_SAT_PKA_COMMON_capacity_near_upper_boundary_F1.6_onset100,3,wt,100.0,118.7090125389958,5.602698534420438,30.792794362521118,27.88330273879604,117.12743682435747,47.100143449817864,18.68749299962158,0.05,0.0,0.0005327538326398118,7.040062830117403,0.015346305853819278,1.9382664944434057e-12,1.4210854715202004e-14,Radau,55885266c44ecbbfe86be622c6ebd08b77151ee6ef7dfd5c8bbc8d4250b58e50
C8_213_SAT_PKA_COMMON_capacity_near_upper_boundary_F1.6_onset100,3,wt,100.0000001,118.70916139231272,5.602709304979975,30.79279436242516,27.883302810755485,117.12743126962825,47.10013886381491,18.687492102607955,0.55,1.0,0.0005329474772257626,7.0400628295759535,0.02455409011916966,0.148841669178103,4.145989107584569e-16,Radau,55885266c44ecbbfe86be622c6ebd08b77151ee6ef7dfd5c8bbc8d4250b58e50
C8_213_SAT_PKA_COMMON_capacity_near_upper_boundary_F1.6_onset100,3,wt,149.99999999999716,124.19787876012545,6.885480751785653,22.617792445756837,42.67057936254283,108.52944603264878,32.41484248720224,10.927585039821953,0.55,1.0,0.0013066261481234009,6.91219137173093,0.017495120970938426,1.1413203000366964e-10,1.4210854715202004e-14,Radau,55885266c44ecbbfe86be622c6ebd08b77151ee6ef7dfd5c8bbc8d4250b58e50
C8_213_SAT_PKA_COMMON_capacity_near_upper_boundary_F1.6_onset100,3,wt,199.99999999999432,124.197878760436,6.885480751800361,22.61779244549027,42.670579361832495,108.52944603369568,32.4148424869021,10.9275850391834,0.55,1.0,0.0013066261481193902,6.912191386201238,0.017495120968501827,3.654558184445762e-11,1.8856444183867893e-15,Radau,55885266c44ecbbfe86be622c6ebd08b77151ee6ef7dfd5c8bbc8d4250b58e50
C8_213_SAT_PKA_COMMON_capacity_near_upper_boundary_F1.6_onset100,3,ae2_knockout,0.0,118.70901253899407,5.602698534420708,30.792794362421812,27.883302738830594,117.12743682432118,47.10014344983037,18.68749299935189,0.05,0.0,0.0005327538326400618,7.040062829846678,0.015346305853421924,0.0007063996468241288,2.842170943040401e-14,Radau,55885266c44ecbbfe86be622c6ebd08b77151ee6ef7dfd5c8bbc8d4250b58e50
C8_213_SAT_PKA_COMMON_capacity_near_upper_boundary_F1.6_onset100,3,ae2_knockout,50.0,118.6574425411804,5.587221933280089,31.933253760297365,26.736493914284278,118.21297431079567,46.42796381529139,22.127757873589022,0.05,0.0,0.000525091664474626,7.083127925129577,0.020038309610102747,1.5849635225903089e-09,1.4210854715202004e-14,Radau,55885266c44ecbbfe86be622c6ebd08b77151ee6ef7dfd5c8bbc8d4250b58e50
C8_213_SAT_PKA_COMMON_capacity_near_upper_boundary_F1.6_onset100,3,ae2_knockout,100.0,118.65744253838388,5.587221933198053,31.933253773134325,26.736493907111342,118.21297431504999,46.42796382995137,22.127757886791727,0.05,0.0,0.000525091664410549,7.0831275490559475,0.020038309618609303,1.5044120534595485e-09,2.862293735361732e-17,Radau,55885266c44ecbbfe86be622c6ebd08b77151ee6ef7dfd5c8bbc8d4250b58e50
C8_213_SAT_PKA_COMMON_capacity_near_upper_boundary_F1.6_onset100,3,ae2_knockout,100.0000001,118.65759188506229,5.587232739456616,31.933253773038125,26.73649389242985,118.21296893804706,46.42795956747994,22.1277567573462,0.55,1.0,0.0005252858242223496,7.083127561761133,0.032061295820893634,0.14933500544947612,2.842170943040401e-14,Radau,55885266c44ecbbfe86be622c6ebd08b77151ee6ef7dfd5c8bbc8d4250b58e50
C8_213_SAT_PKA_COMMON_capacity_near_upper_boundary_F1.6_onset100,3,ae2_knockout,149.99999999999716,124.18577323725508,6.883226402830475,23.02318209754748,40.51926600818624,110.66764748094579,31.732735531321527,13.495715067279141,0.55,1.0,0.0013049850841768457,6.956483288797211,0.027004477506032853,3.766626633278156e-10,1.4210854715202004e-14,Radau,55885266c44ecbbfe86be622c6ebd08b77151ee6ef7dfd5c8bbc8d4250b58e50
C8_213_SAT_PKA_COMMON_capacity_near_upper_boundary_F1.6_onset100,3,ae2_knockout,199.99999999999432,124.18577323706839,6.8832264028535,23.023182080973626,40.51926595198344,110.66764753690632,31.73273551788078,13.495715003874208,0.55,1.0,0.0013049850846031993,6.956484570827108,0.027004477280671752,1.1965110748247298e-08,1.4210854715202004e-14,Radau,55885266c44ecbbfe86be622c6ebd08b77151ee6ef7dfd5c8bbc8d4250b58e50
C8_213_SAT_PKA_COMMON_capacity_near_upper_boundary_F3_onset100,3,ae4_knockout,0.0,118.70901253899407,5.602698534420708,30.792794362421812,27.883302738830594,117.12743682432118,47.10014344983037,18.68749299935189,0.05,0.0,0.0005327538326400618,7.040062829846678,0.0,0.0014951198327328953,2.842170943040401e-14,Radau,55885266c44ecbbfe86be622c6ebd08b77151ee6ef7dfd5c8bbc8d4250b58e50
C8_213_SAT_PKA_COMMON_capacity_near_upper_boundary_F3_onset100,3,ae4_knockout,50.0,118.67613718109826,5.56376645203089,60.13347008231957,21.46823733009493,123.48910201858094,48.38691240734582,56.002322177256445,0.05,0.0,0.0005104362563077386,7.361354938760489,0.0,1.5439012949742365e-05,7.105427357601002e-15,Radau,55885266c44ecbbfe86be622c6ebd08b77151ee6ef7dfd5c8bbc8d4250b58e50
C8_213_SAT_PKA_COMMON_capacity_near_upper_boundary_F3_onset100,3,ae4_knockout,100.0,118.59226864267089,5.5604158769898575,64.18185592829117,21.21459184821568,123.65381985103595,48.68477449195435,58.17443999302198,0.05,0.0,0.0005111407503783783,7.374232335306346,0.0,3.7629250973398058e-06,2.842170943040401e-14,Radau,55885266c44ecbbfe86be622c6ebd08b77151ee6ef7dfd5c8bbc8d4250b58e50
C8_213_SAT_PKA_COMMON_capacity_near_upper_boundary_F3_onset100,3,ae4_knockout,100.0000001,118.59242805955026,5.560427411895829,64.18185593195336,21.214591848033198,123.65381718761881,48.68477182853406,58.17443999501144,0.55,1.0,0.0005113444198084231,7.374232335014155,0.0,0.1594046427553515,2.1316282072803006e-14,Radau,55885266c44ecbbfe86be622c6ebd08b77151ee6ef7dfd5c8bbc8d4250b58e50
C8_213_SAT_PKA_COMMON_capacity_near_upper_boundary_F3_onset100,3,ae4_knockout,149.99999999999716,124.57845524384255,6.95545366462303,28.77021543381094,33.32181271292278,118.2900768058313,32.39618970236646,34.42308800133894,0.55,1.0,0.0013581224193402119,7.19845268680723,0.0,2.012404144472091e-08,1.4210854715202004e-14,Radau,55885266c44ecbbfe86be622c6ebd08b77151ee6ef7dfd5c8bbc8d4250b58e50
C8_213_SAT_PKA_COMMON_capacity_near_upper_boundary_F3_onset100,3,ae4_knockout,199.99999999999432,124.57849346412756,6.95545394797962,28.769936901961106,33.32195023166729,118.28998046091188,32.39614037384904,34.42235759715478,0.55,1.0,0.0013581198877367746,7.19844513377219,0.0,1.3789857453596985e-08,1.4210854715202004e-14,Radau,55885266c44ecbbfe86be622c6ebd08b77151ee6ef7dfd5c8bbc8d4250b58e50
C8_213_SAT_PKA_COMMON_capacity_near_upper_boundary_F3_onset100,3,wt,0.0,118.70901253899407,5.602698534420708,30.792794362421812,27.883302738830594,117.12743682432118,47.10014344983037,18.68749299935189,0.05,0.0,0.0005327538326400618,7.040062829846678,0.015346305853421924,1.9772415409324933e-13,2.842170943040401e-14,Radau,55885266c44ecbbfe86be622c6ebd08b77151ee6ef7dfd5c8bbc8d4250b58e50
C8_213_SAT_PKA_COMMON_capacity_near_upper_boundary_F3_onset100,3,wt,50.0,118.70901253905929,5.60269853442472,30.79279436263283,27.883302739046055,117.12743682417496,47.10014344975509,18.687493000035186,0.05,0.0,0.000532753832645126,7.040062849541876,0.015346305854540446,1.5597142778329166e-10,3.599551212651875e-17,Radau,55885266c44ecbbfe86be622c6ebd08b77151ee6ef7dfd5c8bbc8d4250b58e50
C8_213_SAT_PKA_COMMON_capacity_near_upper_boundary_F3_onset100,3,wt,100.0,118.7090125389958,5.602698534420438,30.792794362521118,27.88330273879604,117.12743682435747,47.100143449817864,18.68749299962158,0.05,0.0,0.0005327538326398118,7.040062830117403,0.015346305853819278,1.9382664944434057e-12,1.4210854715202004e-14,Radau,55885266c44ecbbfe86be622c6ebd08b77151ee6ef7dfd5c8bbc8d4250b58e50
C8_213_SAT_PKA_COMMON_capacity_near_upper_boundary_F3_onset100,3,wt,100.0000001,118.70916139226578,5.602709304977786,30.792794362424722,27.8833029784578,117.12743040420543,47.10014025926013,18.687490009441287,0.55,1.0,0.0005329482856095271,7.040062828831462,0.046038908078591505,0.14884157527480069,2.220446049250313e-15,Radau,55885266c44ecbbfe86be622c6ebd08b77151ee6ef7dfd5c8bbc8d4250b58e50
C8_213_SAT_PKA_COMMON_capacity_near_upper_boundary_F3_onset100,3,wt,149.99999999999716,123.84384188316302,6.8187864992397875,22.20472983533899,49.20136955930047,101.61409226132238,32.032452280061314,8.919004856891426,0.55,1.0,0.0012585444769176452,6.871029719638887,0.02014775666888592,4.2547603140353345e-10,3.8163916471489756e-16,Radau,55885266c44ecbbfe86be622c6ebd08b77151ee6ef7dfd5c8bbc8d4250b58e50
C8_213_SAT_PKA_COMMON_capacity_near_upper_boundary_F3_onset100,3,wt,199.99999999999432,123.84384188315457,6.8187864992459435,22.20472983317921,49.201369542962475,101.6140922776373,32.03245227600922,8.91900485021769,0.55,1.0,0.001258544476959584,6.871029773295113,0.020147756613025883,1.6898829152340073e-10,2.0573820425084932e-15,Radau,55885266c44ecbbfe86be622c6ebd08b77151ee6ef7dfd5c8bbc8d4250b58e50
C8_213_SAT_PKA_COMMON_capacity_near_upper_boundary_F3_onset100,3,ae2_knockout,0.0,118.70901253899407,5.602698534420708,30.792794362421812,27.883302738830594,117.12743682432118,47.10014344983037,18.68749299935189,0.05,0.0,0.0005327538326400618,7.040062829846678,0.015346305853421924,0.0007063996468241288,2.842170943040401e-14,Radau,55885266c44ecbbfe86be622c6ebd08b77151ee6ef7dfd5c8bbc8d4250b58e50
C8_213_SAT_PKA_COMMON_capacity_near_upper_boundary_F3_onset100,3,ae2_knockout,50.0,118.6574425411804,5.587221933280089,31.933253760297365,26.736493914284278,118.21297431079567,46.42796381529139,22.127757873589022,0.05,0.0,0.000525091664474626,7.083127925129577,0.020038309610102747,1.5849635225903089e-09,1.4210854715202004e-14,Radau,55885266c44ecbbfe86be622c6ebd08b77151ee6ef7dfd5c8bbc8d4250b58e50
C8_213_SAT_PKA_COMMON_capacity_near_upper_boundary_F3_onset100,3,ae2_knockout,100.0,118.65744253838388,5.587221933198053,31.933253773134325,26.736493907111342,118.21297431504999,46.42796382995137,22.127757886791727,0.05,0.0,0.000525091664410549,7.0831275490559475,0.020038309618609303,1.5044120534595485e-09,2.862293735361732e-17,Radau,55885266c44ecbbfe86be622c6ebd08b77151ee6ef7dfd5c8bbc8d4250b58e50
C8_213_SAT_PKA_COMMON_capacity_near_upper_boundary_F3_onset100,3,ae2_knockout,100.0000001,118.65759188500331,5.587232739453874,31.933253773037563,26.736493857982477,118.21296809398848,46.427961324496934,22.12775412182215,0.55,1.0,0.0005252868420657181,7.083127560415877,0.06011491734314463,0.1493348875044786,1.2247147740396258e-15,Radau,55885266c44ecbbfe86be622c6ebd08b77151ee6ef7dfd5c8bbc8d4250b58e50
C8_213_SAT_PKA_COMMON_capacity_near_upper_boundary_F3_onset100,3,ae2_knockout,149.99999999999716,123.82502674672408,6.815196927996641,22.3206616654605,47.19907528442673,103.59591689705276,31.31165432054815,10.189951578297125,0.55,1.0,0.001255984039363426,6.896401595136451,0.031121865585216568,2.919522709828923e-10,4.263256414560601e-14,Radau,55885266c44ecbbfe86be622c6ebd08b77151ee6ef7dfd5c8bbc8d4250b58e50
C8_213_SAT_PKA_COMMON_capacity_near_upper_boundary_F3_onset100,3,ae2_knockout,199.99999999999432,123.82502674652352,6.815196928046924,22.320661661755437,47.19907525378225,103.59591692747966,31.311654314102153,10.189951566405224,0.55,1.0,0.001255984039416215,6.896401521284182,0.031121865487535767,5.177843795758422e-10,3.122502256758253e-16,Radau,55885266c44ecbbfe86be622c6ebd08b77151ee6ef7dfd5c8bbc8d4250b58e50
C8_213_SAT_PKA_COMMON_capacity_near_upper_boundary_F10_onset100,3,ae4_knockout,0.0,118.70901253899407,5.602698534420708,30.792794362421812,27.883302738830594,117.12743682432118,47.10014344983037,18.68749299935189,0.05,0.0,0.0005327538326400618,7.040062829846678,0.0,0.0014951198327328953,2.842170943040401e-14,Radau,55885266c44ecbbfe86be622c6ebd08b77151ee6ef7dfd5c8bbc8d4250b58e50
C8_213_SAT_PKA_COMMON_capacity_near_upper_boundary_F10_onset100,3,ae4_knockout,50.0,118.67613718109826,5.56376645203089,60.13347008231957,21.46823733009493,123.48910201858094,48.38691240734582,56.002322177256445,0.05,0.0,0.0005104362563077386,7.361354938760489,0.0,1.5439012949742365e-05,7.105427357601002e-15,Radau,55885266c44ecbbfe86be622c6ebd08b77151ee6ef7dfd5c8bbc8d4250b58e50
C8_213_SAT_PKA_COMMON_capacity_near_upper_boundary_F10_onset100,3,ae4_knockout,100.0,118.59226864267089,5.5604158769898575,64.18185592829117,21.21459184821568,123.65381985103595,48.68477449195435,58.17443999302198,0.05,0.0,0.0005111407503783783,7.374232335306346,0.0,3.7629250973398058e-06,2.842170943040401e-14,Radau,55885266c44ecbbfe86be622c6ebd08b77151ee6ef7dfd5c8bbc8d4250b58e50
C8_213_SAT_PKA_COMMON_capacity_near_upper_boundary_F10_onset100,3,ae4_knockout,100.0000001,118.59242805955026,5.560427411895829,64.18185593195336,21.214591848033198,123.65381718761881,48.68477182853406,58.17443999501144,0.55,1.0,0.0005113444198084231,7.374232335014155,0.0,0.1594046427553515,2.1316282072803006e-14,Radau,55885266c44ecbbfe86be622c6ebd08b77151ee6ef7dfd5c8bbc8d4250b58e50
C8_213_SAT_PKA_COMMON_capacity_near_upper_boundary_F10_onset100,3,ae4_knockout,149.99999999999716,124.57845524384255,6.95545366462303,28.77021543381094,33.32181271292278,118.2900768058313,32.39618970236646,34.42308800133894,0.55,1.0,0.0013581224193402119,7.19845268680723,0.0,2.012404144472091e-08,1.4210854715202004e-14,Radau,55885266c44ecbbfe86be622c6ebd08b77151ee6ef7dfd5c8bbc8d4250b58e50
C8_213_SAT_PKA_COMMON_capacity_near_upper_boundary_F10_onset100,3,ae4_knockout,199.99999999999432,124.57849346412756,6.95545394797962,28.769936901961106,33.32195023166729,118.28998046091188,32.39614037384904,34.42235759715478,0.55,1.0,0.0013581198877367746,7.19844513377219,0.0,1.3789857453596985e-08,1.4210854715202004e-14,Radau,55885266c44ecbbfe86be622c6ebd08b77151ee6ef7dfd5c8bbc8d4250b58e50
C8_213_SAT_PKA_COMMON_capacity_near_upper_boundary_F10_onset100,3,wt,0.0,118.70901253899407,5.602698534420708,30.792794362421812,27.883302738830594,117.12743682432118,47.10014344983037,18.68749299935189,0.05,0.0,0.0005327538326400618,7.040062829846678,0.015346305853421924,1.9772415409324933e-13,2.842170943040401e-14,Radau,55885266c44ecbbfe86be622c6ebd08b77151ee6ef7dfd5c8bbc8d4250b58e50
C8_213_SAT_PKA_COMMON_capacity_near_upper_boundary_F10_onset100,3,wt,50.0,118.70901253905929,5.60269853442472,30.79279436263283,27.883302739046055,117.12743682417496,47.10014344975509,18.687493000035186,0.05,0.0,0.000532753832645126,7.040062849541876,0.015346305854540446,1.5597142778329166e-10,3.599551212651875e-17,Radau,55885266c44ecbbfe86be622c6ebd08b77151ee6ef7dfd5c8bbc8d4250b58e50
C8_213_SAT_PKA_COMMON_capacity_near_upper_boundary_F10_onset100,3,wt,100.0,118.7090125389958,5.602698534420438,30.792794362521118,27.88330273879604,117.12743682435747,47.100143449817864,18.68749299962158,0.05,0.0,0.0005327538326398118,7.040062830117403,0.015346305853819278,1.9382664944434057e-12,1.4210854715202004e-14,Radau,55885266c44ecbbfe86be622c6ebd08b77151ee6ef7dfd5c8bbc8d4250b58e50
C8_213_SAT_PKA_COMMON_capacity_near_upper_boundary_F10_onset100,3,wt,100.0000001,118.709161392031,5.602709304966836,30.79279436242251,27.8833038169717,117.12742607709149,47.10014723648125,18.687479543615385,0.55,1.0,0.0005329523275253347,7.040062824229148,0.15346284534789428,0.1488411057586373,1.4210854715202004e-14,Radau,55885266c44ecbbfe86be622c6ebd08b77151ee6ef7dfd5c8bbc8d4250b58e50
C8_213_SAT_PKA_COMMON_capacity_near_upper_boundary_F10_onset100,3,wt,149.99999999999716,121.46751610067504,6.323288595711153,23.172529488488966,92.62422207337663,55.56636674117231,35.14163559368953,7.773430913139489,0.55,1.0,0.0009303489325960828,6.835314752840456,0.022997962015783822,2.895328662650884e-12,2.0122792321330962e-15,Radau,55885266c44ecbbfe86be622c6ebd08b77151ee6ef7dfd5c8bbc8d4250b58e50
C8_213_SAT_PKA_COMMON_capacity_near_upper_boundary_F10_onset100,3,wt,199.99999999999432,121.46751610056064,6.323288595712046,23.17252948825997,92.62422207138923,55.56636674303628,35.14163559281082,7.77343091290843,0.55,1.0,0.0009303489325471722,6.835314592266844,0.022997962011616965,1.7968074208830548e-09,1.4210854715202004e-14,Radau,55885266c44ecbbfe86be622c6ebd08b77151ee6ef7dfd5c8bbc8d4250b58e50
